mass br_wb br_zt br_ht s_l
300 0.7652614087963335 0.09777499746483731 0.1369635937388291 0.1
301 0.745507788794405 0.09669939599139453 0.15779281521420055 0.1
302 0.7294957318326128 0.0960243115370737 0.1744799566303134 0.1
303 0.7159658273431091 0.0956046554403807 0.1884295172165103 0.1
304 0.7042294637128343 0.09536262444435807 0.2004079118428077 0.1
305 0.693861931272111 0.09525115712898757 0.21088691159890133 0.1
306 0.6845797432445088 0.09523944752150118 0.22018080923398992 0.1
307 0.6761827494007874 0.09530616645493165 0.228511084144281 0.1
308 0.6685235690949783 0.09543591210110895 0.23604051880391272 0.1
309 0.6614900697124791 0.09561719263869466 0.2428927376488262 0.1
310 0.6549946721126654 0.09584120557250982 0.2491641223148249 0.1
311 0.6489674902895038 0.09610106156640093 0.25493144814409535 0.1
312 0.643351749138032 0.09639127064642922 0.2602569802155388 0.1
313 0.6381006194992386 0.09670739054295246 0.26519198995780885 0.1
314 0.633174969420462 0.0970457791388854 0.26977925144065257 0.1
315 0.6285417272815687 0.09740341596348398 0.27405485675494734 0.1
316 0.6241726651007585 0.09777777076948713 0.27804956412975435 0.1
317 0.6200434774635607 0.09816670500118253 0.2817898175352569 0.1
318 0.6161330729082068 0.09856839672985174 0.2852985303619414 0.1
319 0.6124230208931533 0.0989812826486378 0.2885956964582088 0.1
320 0.6088971146200257 0.0994040126765104 0.2916988727034638 0.1
321 0.6055410214329903 0.09983541402181781 0.29462356454519173 0.1
322 0.6023420003195314 0.10027446243849819 0.2973835372419704 0.1
323 0.599288671458679 0.10072025901817927 0.29999106952314164 0.1
324 0.5963708265931698 0.10117201129043163 0.30245716211639867 0.1
325 0.593579271750763 0.10162901770981018 0.3047917105394267 0.1
326 0.5909056958405706 0.10209065483019933 0.30700364932922997 0.1
327 0.5883425601253751 0.10255636662974942 0.3091010732448754 0.1
328 0.5858830046716412 0.10302565557053645 0.31109133975782227 0.1
329 0.5835207687093831 0.10349807506777933 0.3129811562228376 0.1
330 0.5812501224670301 0.10397322311221982 0.3147766544207501 0.1
331 0.5790658085335114 0.10445073684191412 0.3164834546245744 0.1
332 0.5769629911779001 0.10493028790032997 0.31810672092176984 0.1
333 0.5749372123529318 0.10541157844929017 0.31965120919777795 0.1
334 0.5729843533422004 0.10589433773012895 0.32112130892767055 0.1
335 0.5711006011963334 0.10637831908604668 0.32252107971761984 0.1
336 0.5692824192518742 0.10686329737425347 0.3238542833738724 0.1
337 0.5675265211460896 0.10734906670898811 0.3251244121449223 0.1
338 0.5658298478377165 0.10783543848656313 0.3263347136757205 0.1
339 0.5641895472225262 0.10832223965173815 0.3274882131257355 0.1
340 0.5626029559971781 0.10880931117136385 0.32858773283145803 0.1
341 0.5610675834780182 0.10929650668666885 0.329635909835313 0.1
342 0.5595810971254834 0.10978369132003875 0.3306352115544779 0.1
343 0.558141309561342 0.11027074061581987 0.33158794982283823 0.1
344 0.5567461668965404 0.11075753959775266 0.332496293505707 0.1
345 0.5553937382130191 0.11124398192818923 0.33336227985879163 0.1
346 0.5540822060644165 0.11172996915638661 0.3341878247791969 0.1
347 0.5528098578787776 0.11221541004496259 0.33497473207625994 0.1
348 0.5515750781618344 0.11270021996511162 0.33572470187305414 0.1
349 0.5503763414125568 0.11318432035245896 0.3364393382349842 0.1
350 0.5492122056739007 0.1136676382165139 0.33712015610958546 0.1
351 0.5480813066512811 0.11415010569761051 0.3377685876511084 0.1
352 0.5469823523395734 0.11463165966600897 0.33838598799441766 0.1
353 0.5459141181065443 0.11511224135850817 0.3389736405349475 0.1
354 0.5448754421867813 0.11559179604850209 0.3395327617647167 0.1
355 0.5438652215455112 0.11607027274590694 0.34006450570858177 0.1
356 0.5428824080763366 0.11654762392382305 0.34056996799984035 0.1
357 0.5419260051009468 0.11702380526916427 0.3410501896298889 0.1
358 0.5409950641423952 0.1174987754548136 0.3415061604027913 0.1
359 0.5400886819466056 0.11797249593114593 0.34193882212224846 0.1
360 0.5392059977294901 0.11844493073500122 0.3423490715355088 0.1
361 0.5383461906294257 0.11891604631440963 0.3427377630561646 0.1
362 0.53750847734695 0.1193858113675551 0.3431057112854949 0.1
363 0.5366921099553684 0.11985419669462898 0.3434536933500025 0.1
364 0.5358963738676211 0.1203211750613713 0.3437824510710077 0.1
365 0.535120585946193 0.1207867210732221 0.34409269298058476 0.1
366 0.5343640927441542 0.12125081105912101 0.3443850961967248 0.1
367 0.5336262688665477 0.12171342296408857 0.3446603081693637 0.1
368 0.532906515442383 0.12217453624981393 0.34491894830780306 0.1
369 0.5322042586983866 0.12263413180255033 0.345161609499063 0.1
370 0.5315189486264902 0.12309219184768809 0.3453888595258218 0.1
371 0.5308500577377614 0.12354869987043857 0.3456012423918 0.1
372 0.5301970798961387 0.12400364054211445 0.3457992795617469 0.1
373 0.5295595292259198 0.12445699965154387 0.3459834711225363 0.1
374 0.5289369390874833 0.12490876404119736 0.34615429687131943 0.1
375 0.5283288611161996 0.1253589215476465 0.3463122173361539 0.1
376 0.5277348643199204 0.12580746094600884 0.3464576747340708 0.1
377 0.5271545342308183 0.12625437189806316 0.3465910938711187 0.1
378 0.5265874721077056 0.12669964490375127 0.346712882988543 0.1
379 0.5260332941852823 0.12714327125580252 0.3468234345589152 0.1
380 0.5254916309670393 0.1275852429972456 0.34692312603571507 0.1
381 0.5249621265588228 0.12802555288158937 0.3470123205595878 0.1
382 0.5244444380402888 0.12846419433547474 0.34709136762423637 0.1
383 0.5239382348717057 0.1289011614236145 0.3471606037046798 0.1
384 0.5234431983337492 0.12933644881585718 0.3472203528503936 0.1
385 0.5229590209981252 0.1297700517562203 0.34727092724565445 0.1
386 0.5224854062270139 0.13020196603375409 0.3473126277392321 0.1
387 0.5220220676994781 0.13063218795510692 0.34734574434541493 0.1
388 0.5215687289631263 0.13106071431867422 0.3473705567181995 0.1
389 0.5211251230094297 0.13148754239022206 0.3473873346003482 0.1
390 0.5206909918712297 0.13191266987988537 0.34739633824888505 0.1
391 0.5202660862410562 0.13233609492044807 0.3473978188384957 0.1
392 0.5198501651089946 0.13275781604682088 0.3473920188441845 0.1
393 0.5194429954189135 0.13317783217663648 0.34737917240445004 0.1
394 0.5190443517419567 0.13359614259189137 0.34735950566615187 0.1
395 0.5186540159662757 0.13401274692156506 0.3473332371121593 0.1
396 0.518271777002049 0.13442764512515584 0.34730057787279517 0.1
397 0.5178974305008998 0.13484083747707526 0.347261732022025 0.1
398 0.5175307785888827 0.13525232455184696 0.34721689685927026 0.1
399 0.5171716296122656 0.13566210721006117 0.3471662631776734 0.1
400 0.5168197978953829 0.13607018658503822 0.3471100155195788 0.1
401 0.5164751035098862 0.13647656407015918 0.3470483324199546 0.1
402 0.5161373720547553 0.1368812413068221 0.34698138663842254 0.1
403 0.5158064344464856 0.13728422017298908 0.3469093453805253 0.1
404 0.5154821267188879 0.1376855027722875 0.3468323705088246 0.1
405 0.5151642898319904 0.13808509142363448 0.3467506187443752 0.1
406 0.5148527694895485 0.13848298865135494 0.3466642418590966 0.1
407 0.5145474159647095 0.13887919717576414 0.3465733868595262 0.1
408 0.5142480839334032 0.13927371990418932 0.34647819616240755 0.1
409 0.5139546323150499 0.13966655992240612 0.34637880776254404 0.1
410 0.5136669241202171 0.14005772048646636 0.34627535539331655 0.1
411 0.5133848263048578 0.140447205014897 0.3461679686802453 0.1
412 0.513108209630803 0.14083501708124826 0.3460567732879488 0.1
413 0.5128369485321884 0.1412211604069754 0.345941891060836 0.1
414 0.5125709209875223 0.14160563885463273 0.345823440157845 0.1
415 0.5123100083971087 0.14198845642136673 0.3457015351815245 0.1
416 0.5120540954655691 0.14236961723269118 0.34557628730173967 0.1
417 0.5118030700892077 0.1427491255365297 0.34544780437426265 0.1
418 0.5115568232479875 0.14312698569751317 0.34531619105449923 0.1
419 0.511315248901897 0.1435032021915185 0.34518154890658453 0.1
420 0.5110782438914947 0.1438777796004364 0.345043976508069 0.1
421 0.5108457078424357 0.14425072260715763 0.3449035695504067 0.1
422 0.5106175430737929 0.14462203599076653 0.34476042093544057 0.1
423 0.5103936545099945 0.14499172462193208 0.3446146208680734 0.1
424 0.5101739495962117 0.1453597934584867 0.3444662569453017 0.1
425 0.5099583382170368 0.145726247541184 0.3443154142417792 0.1
426 0.5097467326183027 0.14609109198962747 0.3441621753920699 0.1
427 0.5095390473319003 0.14645433199836125 0.34400662066973847 0.1
428 0.5093351991034591 0.1468159728331164 0.3438488280634245 0.1
429 0.5091351068227642 0.1471760198272048 0.3436888733500309 0.1
430 0.5089386914567867 0.14753447837805478 0.3435268301651587 0.1
431 0.5087458759852131 0.14789135394388084 0.343362770070906 0.1
432 0.5085565853383656 0.14824665204048362 0.34319676262115084 0.1
433 0.5083707463374065 0.14860037823817132 0.34302887542442206 0.1
434 0.5081882876367322 0.1489525381588004 0.3428591742044674 0.1
435 0.5080091396684577 0.14930313747292842 0.3426877228586139 0.1
436 0.5078332345889087 0.1496521818970742 0.3425145835140171 0.1
437 0.5076605062270313 0.14999967719108237 0.34233981658188634 0.1
438 0.5074908900346419 0.15034562915558564 0.3421634808097724 0.1
439 0.5073243230384389 0.1506900436295625 0.34198563333199866 0.1
440 0.5071607437937032 0.15103292648798525 0.3418063297183114 0.1
441 0.507000092339621 0.1513742836395555 0.3416256240208237 0.1
442 0.506842310156155 0.15171412102452259 0.3414435688193223 0.1
443 0.506687340122412 0.1520524446125828 0.3412602152650052 0.1
444 0.5065351264764362 0.15238926040085457 0.34107561312270934 0.1
445 0.5063856147763757 0.1527245744119283 0.340889810811696 0.1
446 0.5062387518629698 0.1530583926919862 0.3407028554450439 0.1
447 0.5060944858232984 0.15339072130899123 0.3405147928677104 0.1
448 0.5059527659557487 0.15372156635094014 0.34032566769331135 0.1
449 0.50581354273615 0.1540509339241805 0.34013552333966945 0.1
450 0.5056767677850327 0.15437883015178785 0.33994440206317944 0.1
451 0.5055423938359623 0.1547052611720007 0.33975234499203694 0.1
452 0.505410374704916 0.15503023313671171 0.3395593921583722 0.1
453 0.5052806652606538 0.1553537522100129 0.33936558252933324 0.1
454 0.5051532213960522 0.1556758245667919 0.3391709540371558 0.1
455 0.5050280000003595 0.15599645639137943 0.33897554360826115 0.1
456 0.5049049589323411 0.15631565387624372 0.3387793871914151 0.1
457 0.504784056994283 0.15663342322073123 0.3385825197849859 0.1
458 0.5046652539068136 0.1569497706298532 0.3383849754633332 0.1
459 0.5045485102845265 0.1572647023131134 0.33818678740236013 0.1
460 0.5044337876123615 0.15757822448337908 0.33798798790425943 0.1
461 0.5043210482227266 0.15789034335579055 0.33778860842148284 0.1
462 0.5042102552733262 0.15820106514671048 0.3375886795799632 0.1
463 0.5041013727256777 0.15851039607270917 0.33738823120161304 0.1
464 0.5039943653242831 0.15881834234958717 0.3371872923261297 0.1
465 0.5038891985764412 0.1591249101914307 0.3369858912321281 0.1
466 0.5037858387326695 0.15943010580970285 0.3367840554576277 0.1
467 0.50368425276772 0.15973393541236497 0.33658181181991503 0.1
468 0.5035844083621662 0.1600364052030303 0.33637918643480336 0.1
469 0.5034862738845395 0.16033752138014795 0.33617620473531257 0.1
470 0.5033898183739989 0.16063729013621503 0.3359728914897862 0.1
471 0.5032950115235139 0.16093571765701778 0.33576927081946834 0.1
472 0.5032018236635426 0.16123281012090004 0.3355653662155573 0.1
473 0.5031102257461898 0.16152857369805662 0.33536120055575364 0.1
474 0.503020189329826 0.1618230145498542 0.33515679612032007 0.1
475 0.5029316865641542 0.1621161388281746 0.33495217460767107 0.1
476 0.5028446901757105 0.16240795267478367 0.3347473571495059 0.1
477 0.5027591734537766 0.16269846222072215 0.3345423643255012 0.1
478 0.502675110236702 0.1629876735857187 0.3343372161775795 0.1
479 0.5025924748986109 0.1632755928776253 0.33413193222376375 0.1
480 0.5025112423364908 0.16356222619187255 0.33392653147163665 0.1
481 0.5024313879576415 0.16384757961094595 0.3337210324314126 0.1
482 0.5023528876674801 0.16413165920388048 0.3335154531286393 0.1
483 0.5022757178576855 0.16441447102577603 0.33330981111653846 0.1
484 0.502199855394674 0.1646960211173289 0.333104123487997 0.1
485 0.5021252776083938 0.1649763155043827 0.33289840688722366 0.1
486 0.502051962281429 0.16525536019749554 0.3326926775210755 0.1
487 0.5019798876384038 0.16553316119152411 0.33248695117007204 0.1
488 0.5019090323356754 0.165809724465224 0.3322812431991006 0.1
489 0.5018393754513086 0.16608505598086512 0.33207556856782633 0.1
490 0.5017708964753211 0.16635916168386264 0.33186994184081603 0.1
491 0.5017035753001943 0.16663204750242294 0.33166437719738284 0.1
492 0.501637392211636 0.16690371934720225 0.3314588884411619 0.1
493 0.5015723278795936 0.1671741831109812 0.3312534890094252 0.1
494 0.5015083633495059 0.1674434446683507 0.3310481919821434 0.1
495 0.501445480033785 0.16771150987541214 0.33084301009080286 0.1
496 0.5013836597035259 0.16797838456948935 0.3306379557269846 0.1
497 0.501322884480434 0.1682440745688527 0.33043304095071324 0.1
498 0.5012631368289617 0.16850858567245566 0.33022827749858263 0.1
499 0.5012043995486539 0.16877192365968183 0.3300236767916643 0.1
500 0.5011466557666896 0.1690340942901036 0.32981924994320666 0.1
501 0.5010898889306182 0.16929510330325162 0.32961500776613 0.1
502 0.5010340828012817 0.16955495641839433 0.32941096078032384 0.1
503 0.5009792214459198 0.16981365933432754 0.32920711921975265 0.1
504 0.5009252892314507 0.17007121772917452 0.3290034930393749 0.1
505 0.5008722708179237 0.17032763726019415 0.3288000919218821 0.1
506 0.5008201511521372 0.17058292356360014 0.3285969252842626 0.1
507 0.5007689154614178 0.1708370822543874 0.32839400228419485 0.1
508 0.5007185492475567 0.17109011892616846 0.32819133182627486 0.1
509 0.5006690382808984 0.1713420391510171 0.3279889225680845 0.1
510 0.5006203685945754 0.17159284847932119 0.3277867829261034 0.1
511 0.5005725264788881 0.17184255243964272 0.3275849210814691 0.1
512 0.5005254984758233 0.1720911565385858 0.32738334498559074 0.1
513 0.5004792713737077 0.17233866626067207 0.32718206236562025 0.1
514 0.500433832201993 0.1725850870682231 0.3269810807297839 0.1
515 0.5003891682261697 0.17283042440125007 0.32678040737258013 0.1
516 0.500345266942804 0.17307468367735016 0.3265800493798458 0.1
517 0.5003021160746953 0.17331787029160953 0.326380013633695 0.1
518 0.5002597035661526 0.17355998961651248 0.326180306817335 0.1
519 0.5002180175783819 0.17380104700185728 0.3259809354197607 0.1
520 0.500177046484989 0.17404104777467735 0.3257819057403338 0.1
521 0.5001367788675849 0.1742799972391688 0.3255832238932464 0.1
522 0.5000972035115008 0.17451790067662365 0.32538489581187563 0.1
523 0.5000583094016021 0.17475476334536783 0.32518692725303 0.1
524 0.5000200857182027 0.17499059048070556 0.3249893238010919 0.1
525 0.4999825218330747 0.1752253872948681 0.3247920908720571 0.1
526 0.4999456073055554 0.17545915897696757 0.3245952337174771 0.1
527 0.4999093318787401 0.17569191069295637 0.32439875742830354 0.1
528 0.4998736854757696 0.1759236475855896 0.3242026669386409 0.1
529 0.4998386581961997 0.1761543747743948 0.32400696702940546 0.1
530 0.49980424031245785 0.17638409735564314 0.323811662331899 0.1
531 0.4997704222663806 0.17661282040232662 0.3236167573312928 0.1
532 0.4997371946658303 0.17684054896413956 0.32342225637003014 0.1
533 0.4997045482813908 0.17706728806746297 0.3232281636511461 0.1
534 0.4996724740431387 0.17729304271535387 0.32303448324150735 0.1
535 0.4996409630374864 0.17751781788753784 0.32284121907497565 0.1
536 0.49961000650409926 0.17774161854040563 0.32264837495549514 0.1
537 0.4995795958328815 0.17796444960701305 0.32245595456010545 0.1
538 0.49954972256103064 0.17818631599708418 0.32226396144188524 0.1
539 0.4995203783701578 0.17840722259701822 0.3220723990328241 0.1
540 0.49949155508347187 0.17862717426989985 0.3218812706466282 0.1
541 0.49946324466303005 0.1788461758555118 0.32169057948145807 0.1
542 0.4994354392070446 0.17906423217035136 0.321500328622604 0.1
543 0.4994081309472536 0.17928134800764947 0.3213105210450969 0.1
544 0.49938131224634813 0.1794975281373927 0.3211211596162593 0.1
545 0.4993549755954563 0.17971277730634758 0.3209322470981962 0.1
546 0.4993291136116836 0.1799271002380888 0.3207437861502276 0.1
547 0.49930371903570575 0.18014050163302836 0.3205557793312659 0.1
548 0.4992787847294156 0.18035298616844866 0.3203682291021357 0.1
549 0.4992543036736207 0.18056455849853692 0.32018113782784235 0.1
550 0.49923026896579037 0.1807752232544229 0.31999450777978683 0.1
551 0.499206673817853 0.18098498504421792 0.3198083411379291 0.1
552 0.49918351155403906 0.1811938484530571 0.3196226399929039 0.1
553 0.4991607756087732 0.18140181804314276 0.31943740634808415 0.1
554 0.4991384595246076 0.18160889835379046 0.319252642121602 0.1
555 0.49911655695020474 0.18181509390147677 0.3190683491483185 0.1
556 0.4990950616383582 0.1820204091798893 0.3188845291817525 0.1
557 0.4990739674440588 0.18222484865997787 0.3187011838959634 0.1
558 0.49905326832260044 0.18242841679000812 0.31851831488739135 0.1
559 0.4990329583277267 0.18263111799561696 0.31833592367665636 0.1
560 0.49901303160981525 0.18283295667986868 0.31815401171031604 0.1
561 0.4989934824141024 0.18303393722331388 0.3179725803625838 0.1
562 0.4989743050789427 0.18323406398404907 0.31779163093700824 0.1
563 0.49895549403410655 0.18343334129777827 0.3176111646681151 0.1
564 0.49893704379911324 0.18363177347787585 0.31743118272301085 0.1
565 0.4989189489815963 0.18382936481545076 0.31725168620295296 0.1
566 0.4989012042757062 0.18402611957941198 0.3170726761448817 0.1
567 0.498883804460544 0.18422204201653578 0.31689415352292033 0.1
568 0.4988667443986266 0.1844171363515331 0.31671611924984033 0.1
569 0.4988500190343861 0.18461140678711957 0.31653857417849435 0.1
570 0.4988336233926966 0.18480485750408593 0.3163615191032176 0.1
571 0.4988175525774344 0.18499749266136864 0.316184954761197 0.1
572 0.4988018017700647 0.18518931639612365 0.3160088818338116 0.1
573 0.49878636622825895 0.18538033282379945 0.3158333009479416 0.1
574 0.4987712412845391 0.18557054603821146 0.31565821267724925 0.1
575 0.4987564223449501 0.18575996011161813 0.3154836175434317 0.1
576 0.49874190488775777 0.18594857909479667 0.3153095160174455 0.1
577 0.4987276844621747 0.18613640701712103 0.31513590852070433 0.1
578 0.4987137566871096 0.18632344788663932 0.31496279542625116 0.1
579 0.4987001172499444 0.18650970569015307 0.3147901770599026 0.1
580 0.4986867619053319 0.18669518439329705 0.31461805370137114 0.1
581 0.49867368647402094 0.18687988794061905 0.31444642558536 0.1
582 0.4986608868417032 0.18706382025566132 0.31427529290263556 0.1
583 0.49864835895788207 0.18724698524104214 0.3141046558010757 0.1
584 0.4986360988347661 0.18742938677853813 0.3139345143866958 0.1
585 0.49862410254618106 0.18761102872916718 0.3137648687246517 0.1
586 0.4986123662265068 0.18779191493327177 0.31359571884022136 0.1
587 0.49860088606963177 0.1879720492106032 0.31342706471976517 0.1
588 0.49858965832793023 0.18815143536040554 0.3132589063116642 0.1
589 0.4985786793112586 0.18833007716150135 0.3130912435272402 0.1
590 0.49856794538596955 0.18850797837237662 0.31292407624165386 0.1
591 0.49855745297394904 0.18868514273126663 0.31275740429478427 0.1
592 0.4985471985516681 0.18886157395624223 0.3125912274920895 0.1
593 0.49853717864925523 0.18903727574529677 0.312425545605448 0.1
594 0.4985273898495851 0.18921225177643217 0.31226035837398264 0.1
595 0.4985178287873864 0.18938650570774745 0.3120956655048661 0.1
596 0.4985084921483649 0.18956004117752528 0.31193146667410976 0.1
597 0.49849937666834454 0.18973286180432059 0.3117677615273348 0.1
598 0.49849047913242495 0.18990497118704813 0.31160454968052703 0.1
599 0.4984817963741531 0.19007637290507123 0.31144183072077586 0.1
600 0.49847332527471294 0.19024707051829032 0.3112796042069968 0.1
601 0.49846506276212976 0.1904170675672319 0.3111178696706384 0.1
602 0.4984570058104877 0.190586367573137 0.3109566266163753 0.1
603 0.4984491514391647 0.19075497403805117 0.3107958745227841 0.1
604 0.49844149671207966 0.1909228904449131 0.3106356128430071 0.1
605 0.4984340387369552 0.19109012025764424 0.31047584100540054 0.1
606 0.4984267746645927 0.19125666692123866 0.3103165584141686 0.1
607 0.49841970168816185 0.19142253386185218 0.31015776444998605 0.1
608 0.49841281704250323 0.1915877244868927 0.309999458470604 0.1
609 0.498406118003444 0.19175224218510967 0.30984163981144647 0.1
610 0.49839960188712473 0.19191609032668352 0.30968430778619166 0.1
611 0.4983932660493414 0.19207927226331678 0.3095274616873418 0.1
612 0.4983871078848967 0.19224179132832253 0.30937110078678076 0.1
613 0.498381124826965 0.19240365083671532 0.30921522433631965 0.1
614 0.49837531434646803 0.19256485408530083 0.3090598315682312 0.1
615 0.4983696739514629 0.1927254043527655 0.30890492169577155 0.1
616 0.4983642011865399 0.19288530489976677 0.3087504939136933 0.1
617 0.4983588936322326 0.19304455896902267 0.30859654739874465 0.1
618 0.4983537489044378 0.1932031697854017 0.30844308131016046 0.1
619 0.49834876465384664 0.1933611405560125 0.3082900947901408 0.1
620 0.49834393856538467 0.19351847447029344 0.3081375869643219 0.1
621 0.4983392683576638 0.1936751747001021 0.3079855569422341 0.1
622 0.4983347517824428 0.1938312443998051 0.3078340038177521 0.1
623 0.4983303866240981 0.19398668670636673 0.3076829266695352 0.1
624 0.49832617069910345 0.19414150473943886 0.3075323245614577 0.1
625 0.49832210185551956 0.19429570160144974 0.30738219654303073 0.1
626 0.49831817797249245 0.19444928037769255 0.3072325416498149 0.1
627 0.498314396959761 0.19460224413641516 0.30708335890382393 0.1
628 0.4983107567571721 0.19475459592890776 0.30693464731392023 0.1
629 0.4983072553342066 0.19490633878959185 0.30678640587620154 0.1
630 0.49830389068951125 0.19505747573610882 0.30663863357438 0.1
631 0.4983006608504407 0.1952080097694072 0.306491329380152 0.1
632 0.49829756387260626 0.1953579438738316 0.30634449225356225 0.1
633 0.4982945978394331 0.19550728101720974 0.30619812114335715 0.1
634 0.4982917608617258 0.1956560241509403 0.3060522149873338 0.1
635 0.49828905107724025 0.19580417621008042 0.30590677271267935 0.1
636 0.49828646665026416 0.19595174011343222 0.3057617932363036 0.1
637 0.49828400577120363 0.19609871876363058 0.3056172754651658 0.1
638 0.49828166665617857 0.1962451150472289 0.30547321829659246 0.1
639 0.4982794475466238 0.19639093183478634 0.30532962061858987 0.1
640 0.4982773467088967 0.19653617198095333 0.30518648131015 0.1
641 0.49827536243389375 0.1966808383245578 0.3050437992415484 0.1
642 0.4982734930366706 0.1968249336886914 0.30490157327463785 0.1
643 0.4982717368560724 0.19696846088079398 0.3047598022631336 0.1
644 0.4982700922543665 0.19711142269273924 0.3046184850528941 0.1
645 0.49826855761688393 0.1972538219009202 0.30447762048219595 0.1
646 0.49826713135166667 0.19739566126633268 0.3043372073820007 0.1
647 0.49826581188912106 0.1975369435346605 0.3041972445762185 0.1
648 0.4982645976816751 0.19767767143635953 0.3040577308819653 0.1
649 0.49826348720344527 0.19781784768674127 0.3039186651098135 0.1
650 0.49826247894990466 0.1979574749860563 0.30378004606403897 0.1
651 0.49826157143756145 0.19809655601957765 0.30364187254286096 0.1
652 0.4982607632036379 0.19823509345768378 0.3035041433386784 0.1
653 0.49826005280575786 0.19837308995594125 0.30336685723830087 0.1
654 0.4982594388216402 0.19851054815518684 0.30323001302317293 0.1
655 0.4982589198487941 0.19864747068160948 0.30309360946959646 0.1
656 0.4982584945042219 0.19878386014683266 0.3029576453489454 0.1
657 0.49825816142412716 0.1989197191479948 0.30282211942787807 0.1
658 0.49825791926362534 0.19905505026783124 0.3026870304685435 0.1
659 0.4982577666964619 0.1991898560747544 0.3025523772287838 0.1
660 0.49825770241473305 0.19932413912293462 0.3024181584623324 0.1
661 0.4982577251286125 0.19945790195238022 0.3022843729190074 0.1
662 0.4982578335660819 0.19959114708901698 0.30215101934490113 0.1
663 0.4982580264726664 0.1997238770447679 0.3020180964825657 0.1
664 0.4982583026111733 0.19985609431763252 0.30188560307119416 0.1
665 0.49825866076143693 0.1999878013917653 0.30175353784679776 0.1
666 0.49825909972006577 0.20011900073755445 0.3016218995423798 0.1
667 0.4982596183001953 0.20024969481169969 0.30149068688810504 0.1
668 0.4982602153312437 0.20037988605729057 0.3013598986114658 0.1
669 0.49826088965867227 0.20050957690388352 0.3012295334374441 0.1
670 0.4982616401437496 0.20063876976757927 0.3010995900886711 0.1
671 0.4982624656633191 0.2007674670510993 0.3009700672855816 0.1
672 0.4982633651095707 0.20089567114386267 0.3008409637465666 0.1
673 0.4982643373898171 0.20102338442206186 0.3007122781881211 0.1
674 0.49826538142627164 0.20115060924873832 0.30058400932498996 0.1
675 0.49826649615583146 0.2012773479738587 0.3004561558703099 0.1
676 0.49826768052986325 0.20140360293438897 0.3003287165357478 0.1
677 0.4982689335139932 0.20152937645436966 0.30020169003163705 0.1
678 0.49827025408789993 0.20165467084498995 0.3000750750671101 0.1
679 0.49827164124511 0.2017794884046619 0.29994887035022805 0.1
680 0.49827309399279807 0.2019038314190942 0.29982307458810786 0.1
681 0.498274611351589 0.20202770216136487 0.29969768648704603 0.1
682 0.49827619235536463 0.20215110289199517 0.2995727047526402 0.1
683 0.4982778360510713 0.2022740358590214 0.29944812808990734 0.1
684 0.4982795414985332 0.2023965032980673 0.29932395520339944 0.1
685 0.49828130777026614 0.20251850743241656 0.29920018479731725 0.1
686 0.49828313395129614 0.20264005047308353 0.29907681557562044 0.1
687 0.49828501913898 0.20276113461888468 0.2989538462421355 0.1
688 0.498286962442828 0.20288176205650993 0.298831275500662 0.1
689 0.49828896298433206 0.2030019349605925 0.2987091020550754 0.1
690 0.49829101989679303 0.2031216554937793 0.29858732460942755 0.1
691 0.49829313232515327 0.2032409258068007 0.2984659418680461 0.1
692 0.4982952994258308 0.20335974803853976 0.2983449525356293 0.1
693 0.4982975203665563 0.20347812431610202 0.29822435531734165 0.1
694 0.4982997943262129 0.20359605675488293 0.29810414891890424 0.1
695 0.49830212049467737 0.20371354745863746 0.2979843320466851 0.1
696 0.4983044980726657 0.20383059851954746 0.2978649034077869 0.1
697 0.4983069262715792 0.20394721201828925 0.2977458617101317 0.1
698 0.4983094043133538 0.20406339002410134 0.29762720566254497 0.1
699 0.4983119314303117 0.20417913459485101 0.29750893397483724 0.1
700 0.4983145068650157 0.2042944477771013 0.29739104535788297 0.1
701 0.49831712987012494 0.20440933160617653 0.2972735385236986 0.1
702 0.49831979970825274 0.20452378810622895 0.29715641218551836 0.1
703 0.49832251565182817 0.20463781929030395 0.2970396650578678 0.1
704 0.498325276982958 0.20475142716040534 0.2969232958566367 0.1
705 0.49832808299329134 0.2048646137075599 0.29680730329914873 0.1
706 0.4983309329838875 0.20497738091188236 0.2966916861042302 0.1
707 0.4983338262650832 0.20508973074263898 0.2965764429922778 0.1
708 0.498336762156365 0.20520166515831206 0.296461572685323 0.1
709 0.4983397399862414 0.2053131861066625 0.2963470739070961 0.1
710 0.4983427590921175 0.20542429552479363 0.2962329453830888 0.1
711 0.4983458188201719 0.20553499533921393 0.29611918584061403 0.1
712 0.4983489185252357 0.2056452874658986 0.29600579400886573 0.1
713 0.49835205757067114 0.20575517381035294 0.2958927686189759 0.1
714 0.49835523532825615 0.205864656267673 0.2957801084040709 0.1
715 0.49835845117806654 0.2059737367226072 0.29566781209932624 0.1
716 0.4983617045083627 0.20608241704961788 0.2955558784420195 0.1
717 0.49836499471547613 0.2061906991129414 0.29544430617158246 0.1
718 0.4983683212036992 0.2062985847666489 0.2953330940296519 0.1
719 0.49837168338517585 0.20640607585470594 0.2952222407601181 0.1
720 0.4983750806797939 0.2065131742110326 0.2951117451091736 0.1
721 0.4983785125150786 0.20661988165956255 0.2950016058253588 0.1
722 0.4983819783260892 0.20672620001430217 0.2948918216596087 0.1
723 0.4983854775553151 0.2068321310793891 0.2947823913652958 0.1
724 0.4983890096525751 0.20693767664915086 0.2946733136982741 0.1
725 0.49839257407491727 0.20704283850816274 0.29456458741692 0.1
726 0.49839617028652106 0.20714761843130505 0.29445621128217375 0.1
727 0.49839979775859977 0.20725201818382144 0.2943481840575786 0.1
728 0.49840345596930585 0.2073560395213751 0.2942405045093191 0.1
729 0.49840714440363576 0.20745968419010527 0.29413317140625894 0.1
730 0.4984108625533383 0.207562953926685 0.2940261835199768 0.1
731 0.49841460991682285 0.20766585045837538 0.2939195396248018 0.1
732 0.49841838599906985 0.2077683755030826 0.2938132384978476 0.1
733 0.4984221903115414 0.20787053076941284 0.2937072789190459 0.1
734 0.4984260223720945 0.20797231795672705 0.29360165967117846 0.1
735 0.49842988170489444 0.20807373875519664 0.2934963795399088 0.1
736 0.4984337678403315 0.20817479484585688 0.2933914373138118 0.1
737 0.49843768031493435 0.20827548790066178 0.29328683178440396 0.1
738 0.4984416186712913 0.2083758195825373 0.2931825617461713 0.1
739 0.49844558245796644 0.20847579154543538 0.2930786259965981 0.1
740 0.4984495712294208 0.20857540543438682 0.2929750233361922 0.1
741 0.4984535845459338 0.20867466288555425 0.292871752568512 0.1
742 0.4984576219735243 0.20877356552628443 0.2927688125001915 0.1
743 0.49846168308387506 0.20887211497516087 0.29266620194096404 0.1
744 0.49846576745425764 0.20897031284205567 0.2925639197036866 0.1
745 0.49846987466745685 0.20906816072818105 0.292461964604362 0.1
746 0.49847400431169825 0.2091656602261405 0.2923603354621613 0.1
747 0.4984781559805755 0.20926281291998014 0.2922590310994443 0.1
748 0.49848232927297964 0.20935962038523964 0.29215805034178083 0.1
749 0.49848652379302844 0.2094560841890017 0.29205739201796993 0.1
750 0.49849073914999736 0.2095522058899431 0.29195705496005964 0.1
751 0.49849497495825124 0.2096479870383841 0.2918570380033645 0.1
752 0.4984992308371775 0.20974342917633837 0.2917573399864841 0.1
753 0.49850350641111957 0.20983853383756124 0.2916579597513192 0.1
754 0.49850780130931116 0.20993330254759981 0.29155889614308905 0.1
755 0.49851211516581273 0.21002773682384074 0.29146014801034664 0.1
756 0.4985164476194472 0.21012183817555902 0.29136171420499385 0.1
757 0.498520798313738 0.21021560810396603 0.2912635935822959 0.1
758 0.4985251668968468 0.21030904810225695 0.29116578500089624 0.1
759 0.49852955302151336 0.21040215965565856 0.29106828732282813 0.1
760 0.4985339563449946 0.2104949442414763 0.29097109941352894 0.1
761 0.4985383765290071 0.21058740332914122 0.2908742201418517 0.1
762 0.4985428132396665 0.21067953838025658 0.290777648380077 0.1
763 0.49854726614743206 0.21077135084864412 0.2906813830039237 0.1
764 0.49855173492704885 0.2108628421803907 0.29058542289256045 0.1
765 0.4985562192574929 0.21095401381389262 0.29048976692861456 0.1
766 0.49856071882191466 0.21104486717990292 0.29039441399818244 0.1
767 0.498565233307586 0.21113540370157519 0.2902993629908387 0.1
768 0.49856976240584616 0.21122562479450965 0.29020461279964405 0.1
769 0.49857430581204887 0.21131553186679686 0.2901101623211543 0.1
770 0.49857886322551 0.21140512631906255 0.29001601045542746 0.1
771 0.49858343434945673 0.21149440954451207 0.28992215610603117 0.1
772 0.49858801889097737 0.21158338292897336 0.28982859818004936 0.1
773 0.4985926165609696 0.21167204785094162 0.2897353355880887 0.1
774 0.4985972270740934 0.21176040568162197 0.2896423672442846 0.1
775 0.4986018501487209 0.21184845778497266 0.2895496920663063 0.1
776 0.4986064855068896 0.21193620551774786 0.2894573089753626 0.1
777 0.4986111328742539 0.21202365022954023 0.2893652168962059 0.1
778 0.49861579198003975 0.21211079326282334 0.28927341475713686 0.1
779 0.4986204625569983 0.21219763595299346 0.2891819014900083 0.1
780 0.49862514434136 0.21228417962841126 0.2890906760302288 0.1
781 0.49862983707279085 0.2123704256104437 0.2889997373167654 0.1
782 0.4986345404943478 0.21245637521350505 0.2889090842921473 0.1
783 0.4986392543524351 0.21254202974509778 0.2888187159024671 0.1
784 0.498643978396762 0.21262739050585336 0.28872863109738467 0.1
785 0.4986487123803 0.21271245878957304 0.288638828830127 0.1
786 0.49865345605924133 0.2127972358832677 0.288549308057491 0.1
787 0.49865820919295784 0.2128817230671979 0.28846006773984434 0.1
788 0.4986629715439601 0.212965921614914 0.28837110684112577 0.1
789 0.49866774287785803 0.2130498327932954 0.2882824243288466 0.1
790 0.4986725229633205 0.21313345786258966 0.2881940191740898 0.1
791 0.4986773115720374 0.2132167980764516 0.2881058903515111 0.1
792 0.4986821084786803 0.2132998546819823 0.28801803683933735 0.1
793 0.4986869134608651 0.21338262891976745 0.2879304576193673 0.1
794 0.49869172629911457 0.21346512202391577 0.28784315167696967 0.1
795 0.49869654677682107 0.21354733522209687 0.287756118001082 0.1
796 0.49870137468021103 0.21362926973557902 0.28766935558420986 0.1
797 0.4987062097983077 0.21371092677926737 0.2875828634224249 0.1
798 0.4987110519228973 0.21379230756174042 0.28749664051536233 0.1
799 0.4987159008484926 0.21387341328528783 0.2874106858662196 0.1
800 0.4987207563722996 0.21395424514594702 0.2873249984817534 0.1
801 0.49872561829418316 0.21403480433353964 0.2872395773722772 0.1
802 0.4987304864166328 0.21411509203170875 0.2871544215516584 0.1
803 0.4987353605447308 0.21419510941795408 0.28706953003731517 0.1
804 0.4987402404861183 0.21427485766366877 0.286984901850213 0.1
805 0.498745126050964 0.2143543379341746 0.2869005360148614 0.1
806 0.49875001705193206 0.21443355138875803 0.28681643155930986 0.1
807 0.49875491330415045 0.2145124991807052 0.28673258751514435 0.1
808 0.4987598146251802 0.21459118245733702 0.2866490029174828 0.1
809 0.49876472083498513 0.21466960236004407 0.28656567680497075 0.1
810 0.49876963175590133 0.21474776002432167 0.2864826082197769 0.1
811 0.49877454721260744 0.21482565657980374 0.2863997962075888 0.1
812 0.49877946703209564 0.21490329315029727 0.28631723981760715 0.1
813 0.4987843910436419 0.21498067085381656 0.2862349381025416 0.1
814 0.49878931907877877 0.21505779080261658 0.2861528901186047 0.1
815 0.4987942509712657 0.21513465410322713 0.28607109492550714 0.1
816 0.4987991865570621 0.21521126185648579 0.28598955158645206 0.1
817 0.49880412567429966 0.21528761515757128 0.28590825916812906 0.1
818 0.4988090681632552 0.21536371509603636 0.28582721674070843 0.1
819 0.49881401386632407 0.21543956275584067 0.28574642337783535 0.1
820 0.4988189626279934 0.21551515921538328 0.28566587815662337 0.1
821 0.4988239142948165 0.21559050554753528 0.28558558015764823 0.1
822 0.49882886871538695 0.21566560281967126 0.28550552846494187 0.1
823 0.498833825740313 0.21574045209370207 0.285425722165985 0.1
824 0.4988387852221928 0.21581505442610618 0.2853461603517011 0.1
825 0.49884374701558987 0.21588941086796132 0.28526684211644876 0.1
826 0.49884871097700834 0.2159635224649756 0.2851877665580161 0.1
827 0.49885367696486893 0.21603739025751922 0.28510893277761185 0.1
828 0.4988586448394853 0.21611101528065516 0.28503033987985965 0.1
829 0.4988636144630405 0.21618439856416946 0.28495198697278995 0.1
830 0.49886858569956416 0.216257541132603 0.28487387316783297 0.1
831 0.4988735584149088 0.2163304440052806 0.2847959975798105 0.1
832 0.4988785324767287 0.21640310819634215 0.2847183593269292 0.1
833 0.4988835077544559 0.21647553471477213 0.2846409575307719 0.1
834 0.4988884841192797 0.2165477245644299 0.2845637913162905 0.1
835 0.498893461444124 0.21661967874407856 0.28448685981179744 0.1
836 0.4988984396036265 0.2166913982474156 0.284410162148958 0.1
837 0.4989034184741172 0.2167628840631009 0.28433369746278186 0.1
838 0.49890839793359804 0.21683413717478678 0.28425746489161524 0.1
839 0.4989133778617213 0.21690515856114628 0.28418146357713236 0.1
840 0.49891835813977026 0.21697594919590268 0.2841056926643271 0.1
841 0.498923338650639 0.2170465100478569 0.28403015130150416 0.1
842 0.498928319278812 0.21711684208091697 0.28395483864027093 0.1
843 0.4989332999103452 0.21718694625412582 0.28387975383552905 0.1
844 0.49893828043284627 0.2172568235216888 0.2838048960454649 0.1
845 0.4989432607354559 0.2173264748330025 0.28373026443154165 0.1
846 0.49894824070882865 0.21739590113268176 0.2836558581584896 0.1
847 0.4989532202451146 0.21746510336058722 0.2835816763942982 0.1
848 0.49895819923794094 0.21753408245185285 0.28350771831020616 0.1
849 0.498963177582394 0.21760283933691305 0.28343398308069295 0.1
850 0.49896815517500104 0.21767137494152955 0.28336046988346936 0.1
851 0.49897313191371295 0.21773969018681824 0.28328717789946867 0.1
852 0.4989781076978867 0.21780778598927616 0.28321410631283717 0.1
853 0.4989830824282678 0.2178756632608072 0.2831412543109249 0.1
854 0.49898805600697405 0.21794332290874954 0.28306862108427633 0.1
855 0.4989930283374782 0.2180107658359007 0.28299620582662105 0.1
856 0.4989979993245916 0.21807799294054397 0.28292400773486437 0.1
857 0.49900296887444734 0.21814500511647494 0.28285202600907766 0.1
858 0.4990079368944854 0.21821180325302586 0.28278025985248867 0.1
859 0.4990129032934351 0.21827838823509202 0.2827087084714728 0.1
860 0.49901786798130066 0.21834476094315713 0.2826373710755422 0.1
861 0.4990228308693446 0.21841092225331807 0.2825662468773372 0.1
862 0.4990277918700736 0.2184768730373101 0.28249533509261626 0.1
863 0.49903275089722215 0.21854261416253182 0.282424634940246 0.1
864 0.49903770786573826 0.21860814649207008 0.2823541456421917 0.1
865 0.49904266269176834 0.21867347088472408 0.28228386642350745 0.1
866 0.49904761529264346 0.21873858819503006 0.28221379651232636 0.1
867 0.49905256558686373 0.21880349927328566 0.2821439351398506 0.1
868 0.4990575134940846 0.21886820496557388 0.2820742815403415 0.1
869 0.4990624589351033 0.21893270611378693 0.2820048349511097 0.1
870 0.4990674018318438 0.2189970035556507 0.2819355946125055 0.1
871 0.4990723421073446 0.21906109812474725 0.2818665597679081 0.1
872 0.499077279685744 0.21912499065053942 0.28179772966371647 0.1
873 0.49908221449226736 0.2191886819583938 0.2817291035493388 0.1
874 0.4990871464532134 0.21925217286960394 0.28166068067718264 0.1
875 0.4990920754959419 0.21931546420141326 0.28159246030264484 0.1
876 0.4990970015488599 0.21937855676703835 0.2815244416841016 0.1
877 0.4991019245414103 0.21944145137569157 0.2814566240828981 0.1
878 0.4991068444040575 0.2195041488326039 0.28138900676333867 0.1
879 0.4991117610682768 0.21956664993904684 0.28132158899267645 0.1
880 0.49911667446654107 0.21962895549235575 0.2812543700411033 0.1
881 0.4991215845323089 0.2196910662859511 0.28118734918174004 0.1
882 0.4991264912000129 0.21975298310936162 0.2811205256906255 0.1
883 0.4991313944050477 0.2198147067482451 0.28105389884670723 0.1
884 0.4991362940837583 0.21987623798441125 0.28098746793183055 0.1
885 0.49914119017342845 0.21993757759584262 0.280921232230729 0.1
886 0.4991460826122696 0.21999872635671675 0.2808551910310137 0.1
887 0.49915097133940955 0.22005968503742687 0.2807893436231635 0.1
888 0.49915585629488113 0.2201204544046044 0.28072368930051445 0.1
889 0.49916073741961164 0.2201810352211387 0.28065822735924967 0.1
890 0.49916561465541154 0.22024142824619883 0.28059295709838966 0.1
891 0.4991704879449644 0.22030163423525467 0.2805278778197809 0.1
892 0.49917535723181605 0.220361653940097 0.280462988828087 0.1
893 0.49918022246036375 0.22042148810885884 0.2803982894307774 0.1
894 0.4991850835758465 0.2204811374860354 0.2803337789381181 0.1
895 0.4991899405243346 0.22054060281250482 0.28026945666316055 0.1
896 0.49919479325271976 0.22059988482554807 0.2802053219217321 0.1
897 0.49919964170870484 0.22065898425886984 0.2801413740324253 0.1
898 0.4992044858407943 0.2207179018426175 0.2800776123165881 0.1
899 0.4992093255982848 0.22077663830340175 0.2800140360983133 0.1
900 0.4992141609312552 0.22083519436431598 0.2799506447044289 0.1
901 0.4992189917905569 0.22089357074495622 0.27988743746448685 0.1
902 0.4992238181278051 0.2209517681614406 0.2798244137107543 0.1
903 0.49922863989536936 0.22100978732642834 0.2797615727782023 0.1
904 0.4992334570463645 0.22106762894913964 0.279698914004496 0.1
905 0.4992382695346414 0.22112529373537418 0.27963643672998445 0.1
906 0.49924307731477835 0.22118278238753114 0.27957414029769057 0.1
907 0.4992478803420725 0.22124009560462665 0.2795120240533008 0.1
908 0.49925267857253014 0.2212972340823143 0.2794500873451554 0.1
909 0.4992574719628598 0.2213541985129024 0.2793883295242378 0.1
910 0.4992622604704621 0.2214109895853733 0.2793267499441646 0.1
911 0.49926704405342254 0.221467607985402 0.27926534796117547 0.1
912 0.49927182267050263 0.22152405439537365 0.27920412293412367 0.1
913 0.4992765962811323 0.22158032949440254 0.27914307422446516 0.1
914 0.49928136484540125 0.22163643395835014 0.2790822011962485 0.1
915 0.4992861283240511 0.22169236845984303 0.2790215032161059 0.1
916 0.4992908866784678 0.2217481336682903 0.27896097965324196 0.1
917 0.4992956398706737 0.22180373024990224 0.27890062987942393 0.1
918 0.49930038786331976 0.2218591588677075 0.2788404532689726 0.1
919 0.49930513061967824 0.2219144201815705 0.2787804491987511 0.1
920 0.49930986810363476 0.2219695148482094 0.2787206170481558 0.1
921 0.49931460027968116 0.22202444352121312 0.27866095619910564 0.1
922 0.49931932711290866 0.22207920685105828 0.27860146603603303 0.1
923 0.49932404856899937 0.2221338054851275 0.2785421459458732 0.1
924 0.4993287646142204 0.22218824006772492 0.27848299531805465 0.1
925 0.4993334752154165 0.2222425112400944 0.2784240135444892 0.1
926 0.49933818034000216 0.22229661964043548 0.27836520001956255 0.1
927 0.4993428799559563 0.22235056590392055 0.27830655414012323 0.1
928 0.4993475740318138 0.22240435066271172 0.2782480753054745 0.1
929 0.49935226253666043 0.22245797454597657 0.278189762917363 0.1
930 0.49935694544012477 0.22251143817990537 0.27813161637997 0.1
931 0.49936162271237217 0.22256474218772682 0.2780736350999012 0.1
932 0.49936629432409846 0.22261788718972472 0.27801581848617685 0.1
933 0.4993709602465239 0.22267087380325376 0.2779581659502225 0.1
934 0.4993756204513854 0.2227237026427557 0.2779006769058589 0.1
935 0.49938027491093173 0.22277637431977546 0.27784335076929284 0.1
936 0.4993849235979169 0.2228288894429764 0.27778618695910656 0.1
937 0.4993895664855938 0.22288124861815686 0.27772918489624937 0.1
938 0.4993942035477078 0.22293345244826515 0.2776723440040271 0.1
939 0.499398834758492 0.2229855015334154 0.27761566370809254 0.1
940 0.49940346009266023 0.22303739647090284 0.2775591434364369 0.1
941 0.4994080795254019 0.22308913785521928 0.2775027826193789 0.1
942 0.4994126930323751 0.22314072627806852 0.2774465806895563 0.1
943 0.49941730058970313 0.2231921623283811 0.2773905370819159 0.1
944 0.4994219021739657 0.22324344659232978 0.2773346512337045 0.1
945 0.499426497762197 0.22329457965334432 0.2772789225844587 0.1
946 0.49943108733187697 0.2233455620921264 0.2772233505759967 0.1
947 0.49943567086092794 0.22339639448666457 0.27716793465240747 0.1
948 0.4994402483277083 0.2234470774122487 0.2771126742600429 0.1
949 0.4994448197110076 0.22349761144148503 0.2770575688475072 0.1
950 0.4994493849900415 0.22354799714431006 0.27700261786564845 0.1
951 0.49945394414444566 0.2235982350880056 0.27694782076754876 0.1
952 0.4994584971542715 0.22364832583721292 0.2768931770085155 0.1
953 0.49946304399998126 0.2236982699539471 0.2768386860460717 0.1
954 0.499467584662442 0.2237480679976109 0.2767843473399471 0.1
955 0.4994721191229218 0.22379772052500924 0.2767301603520689 0.1
956 0.49947664736308417 0.2238472280903632 0.27667612454655266 0.1
957 0.4994811693649833 0.22389659124532366 0.276622239389693 0.1
958 0.49948568511106006 0.22394581053898535 0.27656850434995456 0.1
959 0.4994901945841356 0.22399488651790064 0.27651491889796365 0.1
960 0.4994946977674089 0.22404381972609325 0.2764614825064979 0.1
961 0.4994991946444501 0.22409261070507172 0.2764081946504781 0.1
962 0.49950368519919736 0.22414125999384285 0.27635505480695977 0.1
963 0.4995081694159518 0.22418976812892558 0.2763020624551227 0.1
964 0.49951264727937295 0.22423813564436376 0.27624921707626315 0.1
965 0.49951711877447474 0.22428636307173988 0.2761965181537853 0.1
966 0.4995215838866212 0.22433445094018806 0.27614396517319073 0.1
967 0.4995260426015215 0.22438239977640717 0.27609155762207144 0.1
968 0.4995304949052263 0.22443021010467396 0.2760392949900999 0.1
969 0.4995349407841232 0.22447788244685604 0.27598717676902085 0.1
970 0.4995393802249334 0.2245254173224244 0.27593520245264225 0.1
971 0.4995438132147068 0.22457281524846687 0.27588337153682635 0.1
972 0.4995482397408178 0.22462007673970028 0.27583168351948195 0.1
973 0.4995526597909621 0.22466720230848328 0.27578013790055456 0.1
974 0.49955707335315225 0.22471419246482924 0.2757287341820186 0.1
975 0.4995614804157138 0.22476104771641806 0.27567747186786823 0.1
976 0.4995658809672814 0.2248077685686093 0.2756263504641093 0.1
977 0.4995702749967951 0.22485435552445418 0.27557536947875066 0.1
978 0.4995746624934968 0.22490080908470775 0.2755245284217954 0.1
979 0.49957904344692594 0.22494712974784156 0.2754738268052325 0.1
980 0.4995834178469161 0.2249933180100552 0.2754232641430287 0.1
981 0.49958778568359186 0.22503937436528887 0.27537283995111933 0.1
982 0.4995921469473643 0.22508529930523502 0.2753225537474008 0.1
983 0.49959650162892794 0.22513109331935036 0.27527240505172174 0.1
984 0.4996008497192575 0.22517675689486796 0.2752223933858746 0.1
985 0.49960519120960384 0.2252222905168086 0.27517251827358763 0.1
986 0.49960952609149073 0.22526769466799287 0.2751227792405165 0.1
987 0.49961385435671163 0.2253129698290523 0.27507317581423607 0.1
988 0.4996181759973266 0.22535811647844156 0.2750237075242319 0.1
989 0.49962249100565753 0.2254031350924497 0.27497437390189283 0.1
990 0.4996267993742872 0.2254480261452112 0.27492517448050163 0.1
991 0.4996311010960543 0.2254927901087177 0.2748761087952281 0.1
992 0.4996353961640501 0.22553742745282968 0.27482717638312026 0.1
993 0.49963968457161684 0.22558193864528656 0.2747783767830965 0.1
994 0.49964396631234315 0.22562632415171932 0.27472970953593756 0.1
995 0.4996482413800613 0.22567058443566024 0.2746811741842784 0.1
996 0.49965250976884495 0.22571471995855477 0.2746327702726002 0.1
997 0.49965677147300486 0.22575873117977233 0.27458449734722284 0.1
998 0.4996610264870866 0.2258026185566167 0.2745363549562966 0.1
999 0.4996652748058681 0.2258463825443378 0.27448834264979405 0.1
1000 0.4996695164243551 0.22589002359614183 0.2744404599795031 0.1
1001 0.49967375133778064 0.2259335421632015 0.2743927064990178 0.1
1002 0.49967797954159954 0.22597693869466823 0.2743450817637323 0.1
1003 0.4996822010314879 0.22602021363768088 0.27429758533083115 0.1
1004 0.4996864158033389 0.2260633674373777 0.27425021675928335 0.1
1005 0.49969062385326063 0.226106400536906 0.2742029756098332 0.1
1006 0.4996948251775734 0.2261493133774328 0.27415586144499376 0.1
1007 0.49969901977280634 0.22619210639815523 0.2741088738290385 0.1
1008 0.4997032076356959 0.22623478003631042 0.2740620123279938 0.1
1009 0.499707388763182 0.22627733472718634 0.2740152765096317 0.1
1010 0.4997115631524063 0.2263197709041316 0.27396866594346214 0.1
1011 0.4997157308007095 0.22636208899856539 0.2739221802007251 0.1
1012 0.4997198917056285 0.2264042894399877 0.27387581885438383 0.1
1013 0.49972404586489405 0.22644637265598924 0.2738295814791167 0.1
1014 0.49972819327642815 0.22648833907226162 0.2737834676513101 0.1
1015 0.49973233393834204 0.2265301891126068 0.2737374769490511 0.1
1016 0.49973646784893283 0.2265719231989472 0.2736916089521199 0.1
1017 0.49974059500668244 0.22661354175133502 0.2736458632419825 0.1
1018 0.4997447154102539 0.22665504518796256 0.2736002394017836 0.1
1019 0.4997488290584899 0.22669643392517133 0.27355473701633876 0.1
1020 0.49975293595041015 0.22673770837746174 0.27350935567212803 0.1
1021 0.499757036085209 0.22677886895750304 0.27346409495728796 0.1
1022 0.49976112946225343 0.22681991607614194 0.2734189544616047 0.1
1023 0.49976521608108065 0.22686085014241264 0.2733739337765067 0.1
1024 0.4997692959413958 0.22690167156354643 0.27332903249505786 0.1
1025 0.49977336904306996 0.2269423807449799 0.2732842502119502 0.1
1026 0.49977743538613784 0.22698297809036555 0.27323958652349667 0.1
1027 0.4997814949707956 0.22702346400157997 0.2731950410276244 0.1
1028 0.4997855477973995 0.22706383887873305 0.2731506133238674 0.1
1029 0.4997895938664624 0.2271041031201779 0.2731063030133597 0.1
1030 0.4997936331786524 0.22714425712251907 0.27306210969882855 0.1
1031 0.4997976657347915 0.22718430128062148 0.27301803298458693 0.1
1032 0.4998016915358523 0.22722423598762007 0.2729740724765276 0.1
1033 0.49980571058295703 0.2272640616349279 0.2729302277821151 0.1
1034 0.49980972287737496 0.22730377861224552 0.2728864985103795 0.1
1035 0.49981372842052096 0.2273433873075692 0.27284288427190995 0.1
1036 0.4998177272139528 0.22738288810720036 0.2727993846788469 0.1
1037 0.4998217192593701 0.22742228139575366 0.27275599934487615 0.1
1038 0.499825704558612 0.2274615675561658 0.27271272788522216 0.1
1039 0.4998296831136553 0.2275007469697041 0.27266956991664054 0.1
1040 0.49983365492661275 0.22753982001597517 0.2726265250574121 0.1
1041 0.4998376199997311 0.22757878707293297 0.272583592927336 0.1
1042 0.49984157833538945 0.22761764851688746 0.27254077314772307 0.1
1043 0.4998455299360974 0.22765640472251344 0.27249806534138915 0.1
1044 0.499849474804493 0.227695056062858 0.272455469132649 0.1
1045 0.4998534129433418 0.22773360290934944 0.2724129841473087 0.1
1046 0.49985734435553425 0.22777204563180525 0.27237061001266055 0.1
1047 0.49986126904408423 0.22781038459844036 0.2723283463574754 0.1
1048 0.4998651870121283 0.2278486201758751 0.2722861928119966 0.1
1049 0.4998690982629222 0.2278867527291437 0.2722441490079341 0.1
1050 0.4998730027998411 0.22792478262170174 0.2722022145784573 0.1
1051 0.4998769006263765 0.22796271021543477 0.27216038915818863 0.1
1052 0.49988079174613587 0.22800053587066588 0.2721186723831982 0.1
1053 0.49988467616284 0.22803825994616367 0.2720770638909963 0.1
1054 0.49988855388032216 0.22807588279915003 0.27203556332052775 0.1
1055 0.49989242490252617 0.22811340478530812 0.27199417031216566 0.1
1056 0.49989628923350504 0.22815082625879016 0.2719528845077049 0.1
1057 0.4999001468774191 0.22818814757222503 0.27191170555035593 0.1
1058 0.4999039978385352 0.22822536907672583 0.271870633084739 0.1
1059 0.4999078421212246 0.2282624911218978 0.2718296667568776 0.1
1060 0.4999116797299619 0.22829951405584592 0.27178880621419216 0.1
1061 0.49991551066932327 0.22833643822518188 0.2717480511054949 0.1
1062 0.4999193349439852 0.22837326397503244 0.2717074010809823 0.1
1063 0.4999231525587231 0.22840999164904638 0.2716668557922304 0.1
1064 0.49992696351840976 0.22844662158940207 0.2716264148921882 0.1
1065 0.49993076782801416 0.22848315413681455 0.2715860780351713 0.1
1066 0.49993456549259996 0.22851958963054342 0.2715458448768566 0.1
1067 0.4999383565173243 0.22855592840839958 0.2715057150742761 0.1
1068 0.4999421409074364 0.22859217080675284 0.2714656882858108 0.1
1069 0.49994591866827587 0.22862831716053908 0.271425764171185 0.1
1070 0.49994968980527216 0.22866436780326735 0.2713859423914605 0.1
1071 0.4999534543239424 0.228700323067027 0.2713462226090305 0.1
1072 0.4999572122298912 0.22873618328249487 0.27130660448761407 0.1
1073 0.49996096352880787 0.22877194877894183 0.27126708769225016 0.1
1074 0.499964708226467 0.22880761988424095 0.271227671889292 0.1
1075 0.4999684463287255 0.22884319692487312 0.2711883567464012 0.1
1076 0.4999721778415232 0.2288786802259348 0.27114914193254197 0.1
1077 0.4999759027708793 0.2289140701111448 0.2711100271179758 0.1
1078 0.4999796211228935 0.228949366902851 0.2710710119742555 0.1
1079 0.49998333290374336 0.22898457092203703 0.2710320961742196 0.1
1080 0.49998703811968354 0.22901968248832968 0.2709932793919867 0.1
1081 0.49999073677704503 0.22905470192000454 0.2709545613029504 0.1
1082 0.4999944288822336 0.2290896295339938 0.2709159415837725 0.1
1083 0.4999981144417286 0.22912446564589228 0.270877419912379 0.1
1084 0.5000017934620821 0.22915921056996436 0.27083899596795347 0.1
1085 0.5000054659499178 0.2291938646191503 0.270800669430932 0.1
1086 0.5000091319119295 0.22922842810507266 0.27076243998299776 0.1
1087 0.500012791354881 0.22926290133804378 0.27072430730707525 0.1
1088 0.5000164442856035 0.2292972846270708 0.27068627108732546 0.1
1089 0.5000200907109966 0.22933157827986342 0.27064833100913993 0.1
1090 0.5000237306380252 0.22936578260283935 0.27061048675913546 0.1
1091 0.5000273640737194 0.22939989790113127 0.27057273802514925 0.1
1092 0.5000309910251743 0.2294339244785927 0.270535084496233 0.1
1093 0.5000346114995475 0.22946786263780486 0.2704975258626477 0.1
1094 0.5000382255040589 0.22950171268008246 0.2704600618158587 0.1
1095 0.5000418330459895 0.22953547490548018 0.27042269204853037 0.1
1096 0.5000454341326809 0.22956914961279856 0.27038541625452045 0.1
1097 0.5000490287715338 0.2296027370995906 0.27034823412887554 0.1
1098 0.5000526169700074 0.22963623766216745 0.2703111453678253 0.1
1099 0.5000561987356177 0.2296696515956049 0.2702741496687776 0.1
1100 0.5000597740759377 0.22970297919374902 0.2702372467303134 0.1
1101 0.500063342998596 0.22973622074922243 0.27020043625218165 0.1
1102 0.5000669055112756 0.22976937655343044 0.2701637179352939 0.1
1103 0.5000704616217135 0.22980244689656656 0.2701270914817199 0.1
1104 0.5000740113376995 0.22983543206761883 0.27009055659468173 0.1
1105 0.5000775546670754 0.22986833235437548 0.2700541129785492 0.1
1106 0.5000810916177338 0.2299011480434308 0.2700177603388354 0.1
1107 0.5000846221976182 0.22993387942019122 0.2699814983821907 0.1
1108 0.5000881464147211 0.2299665267688806 0.2699453268163983 0.1
1109 0.5000916642770838 0.22999909037254665 0.26990924535036953 0.1
1110 0.5000951757927957 0.23003157051306572 0.26987325369413867 0.1
1111 0.5000986809699924 0.23006396747114982 0.2698373515588579 0.1
1112 0.5001021798168561 0.2300962815263509 0.269801538656793 0.1
1113 0.5001056723416148 0.23012851295706727 0.269765814701318 0.1
1114 0.5001091585525403 0.2301606620405493 0.26973017940691035 0.1
1115 0.500112638457949 0.2301927290529043 0.2696946324891467 0.1
1116 0.5001161120661994 0.23022471426910296 0.26965917366469755 0.1
1117 0.5001195793856933 0.23025661796298394 0.2696238026513228 0.1
1118 0.5001230404248732 0.23028844040726 0.26958851916786664 0.1
1119 0.500126495192223 0.23032018187352335 0.2695533229342537 0.1
1120 0.5001299436962663 0.23035184263225061 0.2695182136714832 0.1
1121 0.500133385945566 0.2303834229528089 0.26948319110162516 0.1
1122 0.5001368219487239 0.2304149231034607 0.26944825494781544 0.1
1123 0.5001402517143795 0.23044634335136915 0.26941340493425137 0.1
1124 0.5001436752512094 0.230477683962604 0.26937864078618656 0.1
1125 0.5001470925679273 0.23050894520214565 0.26934396222992696 0.1
1126 0.5001505036732818 0.23054012733389198 0.2693093689928262 0.1
1127 0.5001539085760573 0.230571230620662 0.2692748608032806 0.1
1128 0.5001573072850727 0.23060225532420214 0.269240437390725 0.1
1129 0.5001606998091804 0.23063320170519105 0.26920609848562854 0.1
1130 0.500164086157266 0.2306640700232444 0.26917184381948955 0.1
1131 0.500167466338248 0.2306948605369205 0.26913767312483133 0.1
1132 0.5001708403610763 0.23072557350372538 0.2691035861351983 0.1
1133 0.5001742082347324 0.23075620918011688 0.2690695825851508 0.1
1134 0.5001775699682282 0.23078676782151109 0.26903566221026076 0.1
1135 0.5001809255706058 0.2308172496822862 0.269001824747108 0.1
1136 0.5001842750509368 0.2308476550157883 0.2689680699332751 0.1
1137 0.5001876184183208 0.2308779840743354 0.2689343975073437 0.1
1138 0.5001909556818869 0.23090823710922337 0.26890080720888965 0.1
1139 0.500194286850791 0.2309384143707299 0.2688672987784791 0.1
1140 0.5001976119342162 0.23096851610811966 0.26883387195766406 0.1
1141 0.5002009309413721 0.23099854256964994 0.2688005264889781 0.1
1142 0.5002042438814938 0.23102849400257391 0.2687672621159323 0.1
1143 0.5002075507638427 0.2310583706531465 0.26873407858301085 0.1
1144 0.500210851597704 0.23108817276662905 0.26870097563566697 0.1
1145 0.5002141463923874 0.23111790058729365 0.2686679530203189 0.1
1146 0.500217435157227 0.231147554358428 0.26863501048434507 0.1
1147 0.500220717901579 0.23117713432234022 0.26860214777608077 0.1
1148 0.5002239946348229 0.23120664072036343 0.26856936464481374 0.1
1149 0.5002272653663601 0.23123607379286024 0.2685366608407798 0.1
1150 0.5002305301056134 0.2312654337792274 0.2685040361151592 0.1
1151 0.5002337888620274 0.2312947209179004 0.2684714902200722 0.1
1152 0.5002370416450664 0.2313239354463583 0.2684390229085754 0.1
1153 0.5002402884642152 0.23135307760112778 0.2684066339346571 0.1
1154 0.5002435293289783 0.2313821476177877 0.268374323053234 0.1
1155 0.5002467642488789 0.23141114573097388 0.2683420900201472 0.1
1156 0.5002499932334594 0.23144007217438353 0.26830993459215713 0.1
1157 0.5002532162922797 0.23146892718077924 0.268277856526941 0.1
1158 0.500256433434918 0.23149771098199373 0.2682458555830884 0.1
1159 0.5002596446709691 0.2315264238089344 0.2682139315200965 0.1
1160 0.5002628500100451 0.23155506589158728 0.26818208409836763 0.1
1161 0.5002660494617739 0.23158363745902147 0.2681503130792046 0.1
1162 0.5002692430357998 0.2316121387393935 0.26811861822480665 0.1
1163 0.500272430741782 0.2316405699599521 0.2680869992982659 0.1
1164 0.5002756125893949 0.2316689313470412 0.26805545606356374 0.1
1165 0.5002787885883276 0.2316972231261056 0.2680239882855666 0.1
1166 0.5002819587482833 0.23172544552169425 0.26799259573002243 0.1
1167 0.5002851230789782 0.23175359875746493 0.26796127816355675 0.1
1168 0.5002882815901428 0.231781683056188 0.2679300353536692 0.1
1169 0.5002914342915198 0.231809698639751 0.26789886706872923 0.1
1170 0.5002945811928645 0.23183764572916235 0.2678677730779731 0.1
1171 0.5002977223039445 0.23186552454455586 0.2678367531514997 0.1
1172 0.5003008576345387 0.23189333530519435 0.26780580706026674 0.1
1173 0.5003039871944375 0.23192107822947455 0.26777493457608803 0.1
1174 0.5003071109934422 0.23194875353492977 0.267744135471628 0.1
1175 0.5003102290413644 0.23197636143823536 0.26771340952040035 0.1
1176 0.5003133413480256 0.23200390215521177 0.2676827564967625 0.1
1177 0.5003164479232581 0.23203137590082887 0.26765217617591297 0.1
1178 0.5003195487769024 0.23205878288920986 0.2676216683338877 0.1
1179 0.5003226439188087 0.23208612333363507 0.26759123274755625 0.1
1180 0.5003257333588355 0.23211339744654633 0.2675608691946182 0.1
1181 0.5003288171068495 0.23214060543955015 0.26753057745360026 0.1
1182 0.500331895172726 0.23216774752342215 0.2675003573038518 0.1
1183 0.5003349675663473 0.2321948239081108 0.26747020852554193 0.1
1184 0.5003380342976029 0.232221834802741 0.26744013089965596 0.1
1185 0.50034109537639 0.2322487804156181 0.2674101242079918 0.1
1186 0.5003441508126113 0.23227566095423205 0.2673801882331566 0.1
1187 0.5003472006161765 0.23230247662526 0.26735032275856346 0.1
1188 0.5003502447970012 0.23232922763457162 0.26732052756842734 0.1
1189 0.5003532833650061 0.23235591418723148 0.26729080244776254 0.1
1190 0.5003563163301176 0.2323825364875036 0.267261147182379 0.1
1191 0.5003593437022668 0.23240909473885493 0.26723156155887845 0.1
1192 0.5003623654913898 0.23243558914395845 0.2672020453646517 0.1
1193 0.5003653817074272 0.232462019904698 0.2671725983878748 0.1
1194 0.500368392360323 0.23248838722217088 0.2671432204175062 0.1
1195 0.500371397460025 0.23251469129669178 0.26711391124328326 0.1
1196 0.5003743970164852 0.2325409323277965 0.26708467065571817 0.1
1197 0.5003773910396584 0.23256711051424528 0.26705549844609633 0.1
1198 0.5003803795395018 0.23259322605402688 0.2670263944064714 0.1
1199 0.5003833625259758 0.2326192791443613 0.2669973583296629 0.1
1200 0.5003863400090428 0.232645269981704 0.2669683900092531 0.1
1201 0.5003893119986673 0.23267119876174935 0.2669394892395833 0.1
1202 0.5003922785048155 0.2326970656794335 0.266910655815751 0.1
1203 0.5003952395374555 0.23272287092893842 0.2668818895336062 0.1
1204 0.500398195106556 0.2327486147036952 0.26685319018974885 0.1
1205 0.5004011452220869 0.23277429719638756 0.2668245575815255 0.1
1206 0.5004040898940191 0.23279991859895502 0.266795991507026 0.1
1207 0.5004070291323233 0.23282547910259646 0.2667674917650803 0.1
1208 0.500409962946971 0.23285097889777348 0.2667390581552555 0.1
1209 0.5004128913479334 0.23287641817421378 0.26671069047785273 0.1
1210 0.5004158143451815 0.23290179712091455 0.266682388533904 0.1
1211 0.5004187319486854 0.23292711592614537 0.2666541521251693 0.1
1212 0.5004216441684146 0.23295237477745226 0.26662598105413315 0.1
1213 0.5004245510143377 0.23297757386166038 0.266597875124002 0.1
1214 0.5004274524964217 0.23300271336487746 0.2665698341387007 0.1
1215 0.5004303486246326 0.2330277934724972 0.26654185790287016 0.1
1216 0.5004332394089342 0.2330528143692021 0.2665139462218636 0.1
1217 0.5004361248592887 0.23307777623896725 0.266486098901744 0.1
1218 0.5004390049856556 0.23310267926506323 0.2664583157492812 0.1
1219 0.5004418797979924 0.23312752363005906 0.26643059657194845 0.1
1220 0.5004447493062543 0.23315230951582588 0.2664029411779199 0.1
1221 0.5004476135203928 0.23317703710353976 0.26637534937606755 0.1
1222 0.5004504724503567 0.233201706573685 0.26634782097595827 0.1
1223 0.5004533261060922 0.23322631810605696 0.266320355787851 0.1
1224 0.5004561744975409 0.23325087187976554 0.26629295362269373 0.1
1225 0.5004590176346416 0.23327536807323804 0.2662656142921204 0.1
1226 0.5004618555273288 0.23329980686422247 0.2662383376084486 0.1
1227 0.5004646881855335 0.23332418842979022 0.26621112338467634 0.1
1228 0.5004675156191816 0.23334851294633938 0.266183971434479 0.1
1229 0.500470337838195 0.2333727805895979 0.26615688157220724 0.1
1230 0.5004731548524907 0.233396991534626 0.26612985361288327 0.1
1231 0.5004759666719816 0.2334211459558199 0.26610288737219856 0.1
1232 0.5004787733065746 0.2334452440269145 0.2660759826665109 0.1
1233 0.5004815747661719 0.23346928592098593 0.266049139312842 0.1
1234 0.5004843710606707 0.23349327181045532 0.266022357128874 0.1
1235 0.5004871621999614 0.2335172018670912 0.26599563593294745 0.1
1236 0.50048994819393 0.23354107626201226 0.26596897554405774 0.1
1237 0.5004927290524556 0.2335648951656908 0.26594237578185353 0.1
1238 0.5004955047854123 0.23358865874795512 0.26591583646663275 0.1
1239 0.5004982754026666 0.23361236717799258 0.2658893574193409 0.1
1240 0.5005010409140794 0.2336360206243528 0.2658629384615678 0.1
1241 0.5005038013295052 0.23365961925494974 0.26583657941554495 0.1
1242 0.5005065566587912 0.23368316323706548 0.2658102801041435 0.1
1243 0.5005093069117778 0.23370665273735203 0.26578404035087017 0.1
1244 0.5005120520982986 0.23373008792183483 0.26575785997986656 0.1
1245 0.50051479222818 0.2337534689559154 0.2657317388159047 0.1
1246 0.5005175273112406 0.23377679600437393 0.2657056766843855 0.1
1247 0.5005202573572916 0.23380006923137245 0.265679673411336 0.1
1248 0.5005229823761369 0.23382328880045683 0.26565372882340627 0.1
1249 0.5005257023775723 0.23384645487456016 0.2656278427478675 0.1
1250 0.5005284173713855 0.2338695676160055 0.2656020150126089 0.1
1251 0.5005311273673564 0.23389262718650805 0.26557624544613556 0.1
1252 0.5005338323752564 0.23391563374717825 0.26555053387756533 0.1
1253 0.5005365324048486 0.23393858745852425 0.2655248801366272 0.1
1254 0.5005392274658877 0.2339614884804548 0.26549928405365747 0.1
1255 0.5005419175681194 0.23398433697228183 0.2654737454595988 0.1
1256 0.5005446027212811 0.23400713309272275 0.26544826418599626 0.1
1257 0.5005472829351006 0.23402987699990346 0.2654228400649958 0.1
1258 0.5005499582192973 0.23405256885136116 0.26539747292934146 0.1
1259 0.5005526285835812 0.23407520880404603 0.2653721626123728 0.1
1260 0.5005552940376526 0.23409779701432493 0.2653469089480224 0.1
1261 0.5005579545912031 0.23412033363798307 0.2653217117708138 0.1
1262 0.5005606102539139 0.2341428188302274 0.2652965709158588 0.1
1263 0.5005632610354573 0.23416525274568803 0.2652714862188546 0.1
1264 0.5005659069454954 0.234187635538422 0.2652464575160826 0.1
1265 0.5005685479936803 0.2342099673619151 0.2652214846444046 0.1
1266 0.5005711841896543 0.23423224836908435 0.2651965674412614 0.1
1267 0.5005738155430496 0.2342544787122805 0.26517170574466986 0.1
1268 0.5005764420634878 0.2342766585432912 0.2651468993932209 0.1
1269 0.5005790637605807 0.2342987880133424 0.26512214822607694 0.1
1270 0.5005816806439289 0.23432086727310156 0.2650974520829696 0.1
1271 0.5005842927231232 0.2343428964726796 0.2650728108041972 0.1
1272 0.500586900007743 0.23436487576163406 0.265048224230623 0.1
1273 0.5005895025073575 0.23438680528897052 0.265023692203672 0.1
1274 0.5005921002315246 0.23440868520314598 0.26499921456532954 0.1
1275 0.5005946931897912 0.23443051565207038 0.2649747911581384 0.1
1276 0.5005972813916938 0.23445229678310975 0.2649504218251965 0.1
1277 0.5005998648467566 0.23447402874308806 0.26492610641015535 0.1
1278 0.5006024435644936 0.23449571167828964 0.2649018447572168 0.1
1279 0.5006050175544066 0.23451734573446192 0.26487763671113146 0.1
1280 0.5006075868259865 0.2345389310568173 0.2648534821171962 0.1
1281 0.5006101513887121 0.2345604677900358 0.26482938082125207 0.1
1282 0.5006127112520512 0.2345819560782669 0.2648053326696819 0.1
1283 0.5006152664254594 0.23460339606513247 0.2647813375094081 0.1
1284 0.5006178169183805 0.23462478789372876 0.2647573951878907 0.1
1285 0.5006203627402466 0.2346461317066285 0.26473350555312486 0.1
1286 0.5006229039004776 0.23466742764588341 0.264709668453639 0.1
1287 0.5006254404084813 0.2346886758530264 0.2646858837384922 0.1
1288 0.5006279722736537 0.2347098764690737 0.26466215125727255 0.1
1289 0.5006304995053783 0.2347310296345275 0.26463847086009434 0.1
1290 0.500633022113026 0.23475213548937734 0.26461484239759675 0.1
1291 0.5006355401059556 0.23477319417310336 0.2645912657209411 0.1
1292 0.5006380534935138 0.2347942058246773 0.2645677406818088 0.1
1293 0.500640562285034 0.2348151705825664 0.26454426713239965 0.1
1294 0.5006430664898374 0.2348360885847335 0.2645208449254291 0.1
1295 0.5006455661172325 0.23485695996864075 0.26449747391412665 0.1
1296 0.5006480611765151 0.23487778487125135 0.2644741539522336 0.1
1297 0.5006505516769677 0.23489856342903132 0.2644508848940009 0.1
1298 0.5006530376278606 0.23491929577795206 0.26442766659418726 0.1
1299 0.5006555190384506 0.2349399820534923 0.2644044989080571 0.1
1300 0.5006579959179814 0.23496062239064044 0.26438138169137815 0.1
1301 0.5006604682756841 0.23498121692389615 0.2643583148004197 0.1
1302 0.5006629361207764 0.23500176578727294 0.26433529809195067 0.1
1303 0.5006653994624624 0.2350222691143001 0.2643123314232375 0.1
1304 0.5006678583099333 0.2350427270380247 0.26428941465204187 0.1
1305 0.5006703126723671 0.23506313969101375 0.26426654763661916 0.1
1306 0.5006727625589279 0.23508350720535615 0.26424373023571607 0.1
1307 0.5006752079787664 0.2351038297126647 0.26422096230856884 0.1
1308 0.5006776489410204 0.23512410734407832 0.26419824371490125 0.1
1309 0.5006800854548134 0.2351443402302642 0.2641755743149225 0.1
1310 0.5006825175292554 0.2351645285014191 0.2641529539693256 0.1
1311 0.5006849451734428 0.23518467228727222 0.26413038253928495 0.1
1312 0.5006873683964583 0.2352047717170866 0.26410785988645513 0.1
1313 0.5006897872073709 0.23522482691966123 0.2640853858729678 0.1
1314 0.5006922016152354 0.2352448380233335 0.264062960361431 0.1
1315 0.5006946116290929 0.23526480515598033 0.2640405832149267 0.1
1316 0.5006970172579708 0.23528472844502082 0.2640182542970085 0.1
1317 0.5006994185108815 0.2353046080174178 0.26399597347170073 0.1
1318 0.5007018153968248 0.2353244439996798 0.2639737406034955 0.1
1319 0.5007042079247853 0.2353442365178634 0.2639515555573514 0.1
1320 0.5007065961037338 0.23536398569757447 0.2639294181986917 0.1
1321 0.5007089799426273 0.23538369166397052 0.26390732839340214 0.1
1322 0.5007113594504079 0.23540335454176267 0.2638852860078294 0.1
1323 0.5007137346360038 0.23542297445521723 0.2638632909087791 0.1
1324 0.5007161055083286 0.2354425515281576 0.26384134296351375 0.1
1325 0.500718472076282 0.23546208588396647 0.26381944203975155 0.1
1326 0.500720834348749 0.23548157764558733 0.2637975880056636 0.1
1327 0.5007231923346003 0.2355010269355265 0.2637757807298732 0.1
1328 0.5007255460426918 0.23552043387585483 0.2637540200814533 0.1
1329 0.5007278954818656 0.23553979858820984 0.2637323059299247 0.1
1330 0.5007302406609481 0.2355591211937971 0.2637106381452548 0.1
1331 0.5007325815887521 0.23557840181339254 0.2636890165978553 0.1
1332 0.5007349182740758 0.23559764056734372 0.2636674411585805 0.1
1333 0.500737250725702 0.23561683757557214 0.2636459116987259 0.1
1334 0.5007395789523993 0.23563599295757448 0.2636244280900262 0.1
1335 0.5007419029629215 0.23565510683242524 0.2636029902046532 0.1
1336 0.5007442227660079 0.23567417931877735 0.2635815979152146 0.1
1337 0.5007465383703823 0.23569321053486503 0.26356025109475256 0.1
1338 0.5007488497847548 0.23571220059850467 0.2635389496167405 0.1
1339 0.5007511570178194 0.23573114962709746 0.26351769335508307 0.1
1340 0.5007534600782562 0.2357500577376302 0.26349648218411376 0.1
1341 0.5007557589747297 0.23576892504667754 0.2634753159785927 0.1
1342 0.5007580537158903 0.23578775167040397 0.26345419461370573 0.1
1343 0.5007603443103723 0.23580653772456478 0.2634331179650628 0.1
1344 0.5007626307667964 0.23582528332450842 0.26341208590869525 0.1
1345 0.500764913093767 0.23584398858517797 0.26339109832105506 0.1
1346 0.5007671912998742 0.23586265362111272 0.2633701550790131 0.1
1347 0.5007694653936929 0.2358812785464499 0.2633492560598572 0.1
1348 0.500771735383783 0.23589986347492653 0.2633284011412906 0.1
1349 0.500774001278689 0.235918408519881 0.2633075902014301 0.1
1350 0.5007762630869406 0.2359369137942545 0.2632868231188049 0.1
1351 0.5007785208170523 0.23595537941059289 0.2632660997723548 0.1
1352 0.5007807744775232 0.23597380548104846 0.2632454200414283 0.1
1353 0.5007830240768374 0.23599219211738146 0.2632247838057812 0.1
1354 0.5007852696234639 0.23601053943096117 0.2632041909455748 0.1
1355 0.5007875111258564 0.23602884753276857 0.26318364134137495 0.1
1356 0.5007897485924533 0.2360471165333973 0.2631631348741495 0.1
1357 0.5007919820316776 0.23606534654305497 0.2631426714252675 0.1
1358 0.5007942114519374 0.23608353767156576 0.26312225087649693 0.1
1359 0.500796436861625 0.23610169002837092 0.2631018731100042 0.1
1360 0.5007986582691182 0.2361198037225309 0.26308153800835105 0.1
1361 0.5008008756827784 0.236137878862727 0.26306124545449466 0.1
1362 0.5008030891109527 0.2361559155572625 0.26304099533178477 0.1
1363 0.5008052985619723 0.23617391391406506 0.26302078752396263 0.1
1364 0.5008075040441529 0.23619187404068706 0.26300062191516 0.1
1365 0.5008097055657954 0.2362097960443081 0.2629804983898965 0.1
1366 0.5008119031351846 0.23622768003173636 0.262960416833079 0.1
1367 0.5008140967605906 0.2362455261094095 0.2629403771299999 0.1
1368 0.5008162864502679 0.23626333438339708 0.26292037916633515 0.1
1369 0.5008184722124548 0.23628110495940163 0.26290042282814347 0.1
1370 0.5008206540553756 0.2362988379427602 0.26288050800186435 0.1
1371 0.5008228319872378 0.23631653343844558 0.26286063457431663 0.1
1372 0.5008250060162343 0.23633419155106836 0.2628408024326974 0.1
1373 0.5008271761505421 0.23635181238487807 0.2628210114645798 0.1
1374 0.5008293423983232 0.23636939604376442 0.26280126155791245 0.1
1375 0.5008315047677235 0.23638694263125937 0.26278155260101693 0.1
1376 0.5008336632668742 0.2364044522505383 0.2627618844825875 0.1
1377 0.5008358179038902 0.23642192500442114 0.26274225709168864 0.1
1378 0.5008379686868716 0.23643936099537435 0.2627226703177542 0.1
1379 0.5008401156239021 0.23645676032551213 0.26270312405058566 0.1
1380 0.5008422587230512 0.23647412309659782 0.2626836181803509 0.1
1381 0.5008443979923718 0.23649144941004543 0.2626641525975828 0.1
1382 0.5008465334399017 0.23650873936692085 0.26264472719317744 0.1
1383 0.5008486650736633 0.23652599306794347 0.2626253418583932 0.1
1384 0.5008507929016632 0.23654321061348785 0.26260599648484895 0.1
1385 0.5008529169318927 0.2365603921035843 0.2625866909645229 0.1
1386 0.5008550371723273 0.23657753763792122 0.26256742518975135 0.1
1387 0.5008571536309275 0.23659464731584592 0.2625481990532264 0.1
1388 0.5008592663156379 0.23661172123636603 0.26252901244799615 0.1
1389 0.5008613752343872 0.23662875949815113 0.2625098652674615 0.1
1390 0.5008634803950897 0.2366457621995339 0.2624907574053764 0.1
1391 0.5008655818056429 0.23666272943851177 0.2624716887558454 0.1
1392 0.5008676794739293 0.23667966131274776 0.2624526592133229 0.1
1393 0.5008697734078164 0.23669655791957236 0.26243366867261125 0.1
1394 0.5008718636151551 0.2367134193559846 0.2624147170288602 0.1
1395 0.5008739501037819 0.23673024571865356 0.2623958041775646 0.1
1396 0.5008760328815167 0.23674703710391945 0.2623769300145637 0.1
1397 0.500878111956165 0.23676379360779506 0.26235809443603997 0.1
1398 0.5008801873355156 0.23678051532596728 0.26233929733851713 0.1
1399 0.500882259027343 0.23679720235379792 0.2623205386188593 0.1
1400 0.5008843270394049 0.23681385478632583 0.2623018181742693 0.1
1401 0.5008863913794444 0.2368304727182672 0.2622831359022884 0.1
1402 0.500888452055189 0.2368470562440177 0.2622644917007932 0.1
1403 0.5008905090743505 0.23686360545765336 0.2622458854679962 0.1
1404 0.5008925624446251 0.2368801204529316 0.2622273171024432 0.1
1405 0.5008946121736939 0.23689660132329343 0.26220878650301277 0.1
1406 0.5008966582692218 0.23691304816186365 0.26219029356891443 0.1
1407 0.5008987007388591 0.23692946106145288 0.262171838199688 0.1
1408 0.5009007395902402 0.2369458401145582 0.2621534202952016 0.1
1409 0.5009027748309838 0.23696218541336506 0.2621350397556511 0.1
1410 0.5009048064686935 0.23697849704974822 0.2621166964815584 0.1
1411 0.5009068345109572 0.2369947751152726 0.2620983903737702 0.1
1412 0.5009088589653476 0.23701101970119523 0.26208012133345704 0.1
1413 0.5009108798394218 0.23702723089846625 0.26206188926211194 0.1
1414 0.5009128971407215 0.23704340879772953 0.26204369406154887 0.1
1415 0.500914910876773 0.23705955348932492 0.2620255356339021 0.1
1416 0.5009169210550869 0.2370756650632888 0.2620074138816243 0.1
1417 0.500918927683159 0.23709174360935514 0.26198932870748587 0.1
1418 0.500920930768469 0.2371077892169574 0.26197128001457354 0.1
1419 0.5009229303184818 0.23712380197522892 0.26195326770628924 0.1
1420 0.5009249263406466 0.23713978197300498 0.2619352916863485 0.1
1421 0.500926918842397 0.23715572929882306 0.2619173518587798 0.1
1422 0.5009289078311518 0.23717164404092494 0.26189944812792315 0.1
1423 0.5009308933143144 0.23718752628725692 0.26188158039842874 0.1
1424 0.5009328752992723 0.23720337612547168 0.261863748575256 0.1
1425 0.5009348537933981 0.23721919364292957 0.2618459525636723 0.1
1426 0.5009368288040488 0.23723497892669906 0.2618281922692521 0.1
1427 0.5009388003385666 0.23725073206355837 0.26181046759787496 0.1
1428 0.5009407684042779 0.23726645313999672 0.26179277845572535 0.1
1429 0.5009427330084941 0.23728214224221497 0.261775124749291 0.1
1430 0.5009446941585111 0.23729779945612742 0.26175750638536155 0.1
1431 0.5009466518616097 0.2373134248673622 0.2617399232710279 0.1
1432 0.5009486061250555 0.2373290185612635 0.2617223753136809 0.1
1433 0.5009505569560987 0.2373445806228913 0.26170486242100993 0.1
1434 0.5009525043619745 0.23736011113702343 0.26168738450100215 0.1
1435 0.5009544483499025 0.23737561018815645 0.26166994146194117 0.1
1436 0.5009563889270876 0.2373910778605067 0.26165253321240567 0.1
1437 0.5009583261007191 0.23740651423801165 0.26163515966126916 0.1
1438 0.5009602598779715 0.2374219194043305 0.26161782071769785 0.1
1439 0.5009621902660039 0.23743729344284595 0.2616005162911502 0.1
1440 0.5009641172719601 0.2374526364366644 0.2615832462913754 0.1
1441 0.5009660409029693 0.23746794846861796 0.2615660106284126 0.1
1442 0.5009679611661451 0.23748322962126509 0.26154880921258983 0.1
1443 0.5009698780685863 0.23749847997689136 0.26153164195452244 0.1
1444 0.5009717916173764 0.23751369961751115 0.26151450876511234 0.1
1445 0.500973701819584 0.23752888862486843 0.2614974095555474 0.1
1446 0.500975608682263 0.23754404708043758 0.2614803442372995 0.1
1447 0.500977512212451 0.23755917506542507 0.26146331272212403 0.1
1448 0.5009794124171721 0.23757427266076958 0.2614463149220584 0.1
1449 0.5009813093034345 0.23758933994714393 0.26142935074942136 0.1
1450 0.500983202878232 0.23760437700495582 0.26141242011681226 0.1
1451 0.5009850931485427 0.23761938391434842 0.2613955229371088 0.1
1452 0.5009869801213304 0.2376343607552024 0.2613786591234673 0.1
1453 0.5009888638035435 0.23764930760713585 0.2613618285893208 0.1
1454 0.5009907442021159 0.2376642245495057 0.2613450312483785 0.1
1455 0.5009926213239663 0.23767911166140945 0.2613282670146243 0.1
1456 0.5009944951759985 0.2376939690216851 0.26131153580231636 0.1
1457 0.5009963657651018 0.23770879670891273 0.2612948375259856 0.1
1458 0.5009982330981502 0.23772359480141522 0.26127817210043447 0.1
1459 0.5010000971820032 0.23773836337725984 0.26126153944073677 0.1
1460 0.5010019580235054 0.23775310251425866 0.261244939462236 0.1
1461 0.5010038156294865 0.2377678122899694 0.26122837208054417 0.1
1462 0.5010056700067613 0.23778249278169722 0.26121183721154145 0.1
1463 0.5010075211621305 0.23779714406649466 0.2611953347713747 0.1
1464 0.5010093691023791 0.23781176622116407 0.2611788646764569 0.1
1465 0.5010112138342783 0.23782635932225643 0.26116242684346525 0.1
1466 0.5010130553645838 0.2378409234460746 0.26114602118934155 0.1
1467 0.5010148937000374 0.23785545866867278 0.2611296476312899 0.1
1468 0.5010167288473656 0.237869965065858 0.2611133060867765 0.1
1469 0.5010185608132803 0.23788444271319117 0.26109699647352846 0.1
1470 0.5010203896044794 0.23789889168598757 0.26108071870953303 0.1
1471 0.5010222152276455 0.23791331205931857 0.261064472713036 0.1
1472 0.5010240376894469 0.23792770390801143 0.26104825840254164 0.1
1473 0.5010258569965373 0.23794206730665154 0.26103207569681103 0.1
1474 0.5010276731555562 0.23795640232958243 0.2610159245148614 0.1
1475 0.5010294861731279 0.2379707090509071 0.2609998047759651 0.1
1476 0.5010312960558626 0.2379849875444886 0.2609837163996488 0.1
1477 0.5010331028103561 0.23799923788395164 0.26096765930569227 0.1
1478 0.5010349064431896 0.2380134601426824 0.260951633414128 0.1
1479 0.5010367069609294 0.23802765439383106 0.2609356386452395 0.1
1480 0.5010385043701286 0.2380418207103107 0.26091967491956075 0.1
1481 0.5010402986773247 0.23805595916479996 0.26090374215787543 0.1
1482 0.5010420898890414 0.23807006982974288 0.2608878402812157 0.1
1483 0.5010438780117875 0.2380841527773505 0.26087196921086186 0.1
1484 0.5010456630520584 0.23809820807960105 0.26085612886834036 0.1
1485 0.5010474450163346 0.23811223580824142 0.26084031917542394 0.1
1486 0.5010492239110822 0.23812623603478777 0.2608245400541301 0.1
1487 0.501050999742753 0.23814020883052636 0.2608087914267206 0.1
1488 0.501052772517785 0.2381541542665147 0.2607930732157003 0.1
1489 0.5010545422426017 0.23816807241358215 0.2607773853438163 0.1
1490 0.5010563089236121 0.238181963342331 0.2607617277340569 0.1
1491 0.5010580725672116 0.23819582712313705 0.2607461003096514 0.1
1492 0.501059833179781 0.23820966382615075 0.26073050299406825 0.1
1493 0.5010615907676873 0.23822347352129808 0.2607149357110147 0.1
1494 0.5010633453372827 0.2382372562782811 0.2606993983844362 0.1
1495 0.5010650968949063 0.23825101216657923 0.2606838909385145 0.1
1496 0.5010668454468824 0.23826474125544944 0.26066841329766827 0.1
1497 0.5010685909995212 0.23827844361392797 0.2606529653865508 0.1
1498 0.5010703335591195 0.2382921193108304 0.26063754713005005 0.1
1499 0.5010720731319597 0.23830576841475284 0.2606221584532875 0.1
1500 0.5010738097243098 0.23831939099407293 0.26060679928161723 0.1
1501 0.5010755433424247 0.2383329871169503 0.2605914695406252 0.1
1502 0.5010772739925446 0.23834655685132727 0.26057616915612797 0.1
1503 0.5010790016808964 0.23836010026493076 0.260560898054173 0.1
1504 0.5010807264136926 0.2383736174252712 0.2605456561610362 0.1
1505 0.5010824481971319 0.23838710839964536 0.26053044340322257 0.1
1506 0.5010841670373997 0.23840057325513592 0.26051525970746436 0.1
1507 0.5010858829406669 0.2384140120586123 0.2605001050007207 0.1
1508 0.5010875959130908 0.23842742487673246 0.26048497921017677 0.1
1509 0.501089305960815 0.2384408117759423 0.2604698822632426 0.1
1510 0.5010910130899693 0.2384541728224777 0.26045481408755294 0.1
1511 0.50109271730667 0.23846750808236425 0.2604397746109656 0.1
1512 0.5010944186170194 0.23848081762141915 0.26042476376156143 0.1
1513 0.5010961170271059 0.2384941015052509 0.2604097814676431 0.1
1514 0.5010978125430048 0.238507359799261 0.2603948276577341 0.1
1515 0.5010995051707775 0.2385205925686441 0.26037990226057844 0.1
1516 0.5011011949164718 0.23853379987838894 0.2603650052051392 0.1
1517 0.5011028817861217 0.2385469817932795 0.2603501364205989 0.1
1518 0.5011045657857477 0.238560138377895 0.26033529583635723 0.1
1519 0.5011062469213573 0.2385732696966116 0.26032048338203106 0.1
1520 0.5011079251989438 0.23858637581360234 0.2603056989874539 0.1
1521 0.5011096006244875 0.2385994567928383 0.2602909425826743 0.1
1522 0.5011112732039543 0.23861251269808956 0.26027621409795604 0.1
1523 0.5011129429432982 0.23862554359292534 0.2602615134637764 0.1
1524 0.5011146098484586 0.23863854954071517 0.2602468406108263 0.1
1525 0.5011162739253614 0.2386515306046299 0.2602321954700086 0.1
1526 0.5011179351799202 0.23866448684764158 0.2602175779724383 0.1
1527 0.5011195936180344 0.23867741833252515 0.2602029880494406 0.1
1528 0.5011212492455897 0.2386903251218587 0.2601884256325516 0.1
1529 0.5011229020684598 0.23870320727802408 0.26017389065351615 0.1
1530 0.5011245520925042 0.23871606486320793 0.26015938304428804 0.1
1531 0.5011261993235688 0.23872889793940238 0.26014490273702884 0.1
1532 0.5011278437674876 0.23874170656840543 0.260130449664107 0.1
1533 0.5011294854300801 0.2387544908118221 0.2601160237580978 0.1
1534 0.5011311243171532 0.23876725073106503 0.26010162495178174 0.1
1535 0.5011327604345006 0.23877998638735504 0.2600872531781443 0.1
1536 0.5011343937879028 0.23879269784172202 0.2600729083703752 0.1
1537 0.5011360243831273 0.23880538515500538 0.26005859046186736 0.1
1538 0.5011376522259282 0.23881804838785506 0.2600442993862166 0.1
1539 0.5011392773220472 0.23883068760073226 0.26003003507722056 0.1
1540 0.5011408996772123 0.23884330285390956 0.2600157974688782 0.1
1541 0.5011425192971385 0.23885589420747258 0.2600015864953889 0.1
1542 0.5011441361875283 0.2388684617213198 0.25998740209115173 0.1
1543 0.5011457503540713 0.23888100545516353 0.2599732441907652 0.1
1544 0.5011473618024432 0.23889352546853096 0.2599591127290257 0.1
1545 0.5011489705383081 0.2389060218207643 0.2599450076409276 0.1
1546 0.5011505765673162 0.23891849457102177 0.259930928861662 0.1
1547 0.5011521798951052 0.23893094377827825 0.2599168763266165 0.1
1548 0.5011537805273002 0.23894336950132583 0.25990284997137386 0.1
1549 0.5011553784695131 0.2389557717987748 0.2598888497317123 0.1
1550 0.5011569737273429 0.2389681507290537 0.2598748755436033 0.1
1551 0.5011585663063769 0.23898050635041065 0.2598609273432125 0.1
1552 0.5011601562121881 0.2389928387209138 0.25984700506689806 0.1
1553 0.501161743450338 0.23900514789845168 0.2598331086512102 0.1
1554 0.501163328026375 0.23901743394073446 0.25981923803289064 0.1
1555 0.5011649099458346 0.23902969690529396 0.25980539314887147 0.1
1556 0.50116648921424 0.2390419368494847 0.2597915739362753 0.1
1557 0.5011680658371017 0.23905415383048456 0.2597777803324136 0.1
1558 0.5011696398199176 0.23906634790529518 0.25976401227478707 0.1
1559 0.5011712111681732 0.23907851913074282 0.259750269701084 0.1
1560 0.5011727798873411 0.239090667563479 0.25973655254917993 0.1
1561 0.5011743459828816 0.23910279325998088 0.2597228607571376 0.1
1562 0.5011759094602425 0.23911489627655227 0.2597091942632054 0.1
1563 0.5011774703248593 0.239126976669324 0.25969555300581687 0.1
1564 0.5011790285821547 0.23913903449425464 0.25968193692359076 0.1
1565 0.5011805842375393 0.23915106980713116 0.25966834595532956 0.1
1566 0.5011821372964113 0.2391630826635695 0.25965478004001924 0.1
1567 0.5011836877641564 0.2391750731190152 0.2596412391168283 0.1
1568 0.5011852356461481 0.23918704122874407 0.25962772312510773 0.1
1569 0.5011867809477476 0.23919898704786277 0.25961423200438966 0.1
1570 0.5011883236743034 0.23921091063130934 0.25960076569438717 0.1
1571 0.5011898638311523 0.2392228120338541 0.25958732413499364 0.1
1572 0.5011914014236187 0.2392346913100998 0.25957390726628154 0.1
1573 0.5011929364570147 0.2392465485144827 0.2595605150285027 0.1
1574 0.5011944689366401 0.23925838370127292 0.25954714736208695 0.1
1575 0.5011959988677829 0.23927019692457507 0.25953380420764216 0.1
1576 0.5011975262557183 0.23928198823832886 0.2595204855059527 0.1
1577 0.5011990511057106 0.23929375769630973 0.25950719119797966 0.1
1578 0.5012005734230107 0.23930550535212938 0.25949392122485987 0.1
1579 0.5012020932128582 0.23931723125923668 0.2594806755279052 0.1
1580 0.5012036104804806 0.23932893547091727 0.25946745404860216 0.1
1581 0.5012051252310928 0.2393406180402958 0.25945425672861133 0.1
1582 0.5012066374698988 0.2393522790203349 0.25944108350976625 0.1
1583 0.5012081472020896 0.23936391846383684 0.25942793433407363 0.1
1584 0.5012096544328449 0.2393755364234433 0.2594148091437117 0.1
1585 0.5012111591673322 0.23938713295163705 0.2594017078810309 0.1
1586 0.5012126614107071 0.23939870810074093 0.25938863048855193 0.1
1587 0.5012141611681136 0.23941026192292011 0.25937557690896623 0.1
1588 0.5012156584446837 0.23942179447018153 0.2593625470851347 0.1
1589 0.5012171532455378 0.23943330579437477 0.2593495409600875 0.1
1590 0.501218645575784 0.23944479594719292 0.25933655847702314 0.1
1591 0.501220135440519 0.23945626498017256 0.25932359957930834 0.1
1592 0.5012216228448279 0.2394677129446952 0.25931066421047694 0.1
1593 0.5012231077937838 0.23947913989198666 0.2592977523142296 0.1
1594 0.5012245902924483 0.23949054587311855 0.2592848638344331 0.1
1595 0.5012260703458714 0.23950193093900862 0.2592719987151201 0.1
1596 0.5012275479590912 0.23951329514042102 0.2592591569004878 0.1
1597 0.5012290231371342 0.2395246385279674 0.2592463383348983 0.1
1598 0.5012304958850159 0.23953596115210665 0.2592335429628774 0.1
1599 0.5012319662077396 0.2395472630631464 0.25922077072911404 0.1
1600 0.5012334341102973 0.2395585443112425 0.25920802157846023 0.1
1601 0.5012348995976693 0.23956980494640068 0.25919529545593006 0.1
1602 0.5012363626748246 0.23958104501847638 0.259182592306699 0.1
1603 0.5012378233467211 0.23959226457717528 0.2591699120761036 0.1
1604 0.5012392816183044 0.23960346367205423 0.2591572547096412 0.1
1605 0.5012407374945098 0.23961464235252125 0.2591446201529689 0.1
1606 0.50124219098026 0.23962580066783679 0.25913200835190325 0.1
1607 0.5012436420804673 0.23963693866711344 0.25911941925241916 0.1
1608 0.5012450908000321 0.23964805639931713 0.25910685280065077 0.1
1609 0.5012465371438439 0.23965915391326734 0.25909430894288876 0.1
1610 0.5012479811167807 0.23967023125763734 0.259081787625582 0.1
1611 0.501249422723709 0.23968128848095552 0.2590692887953354 0.1
1612 0.5012508619694848 0.239692325631605 0.25905681239891026 0.1
1613 0.501252298858952 0.23970334275782487 0.2590443583832232 0.1
1614 0.5012537333969439 0.2397143399077101 0.259031926695346 0.1
1615 0.5012551655882823 0.23972531712921244 0.2590195172825053 0.1
1616 0.5012565954377785 0.23973627447014093 0.2590071300920807 0.1
1617 0.5012580229502317 0.23974721197816218 0.25899476507160607 0.1
1618 0.5012594481304308 0.2397581297008013 0.25898242216876805 0.1
1619 0.5012608709831533 0.23976902768544145 0.2589701013314052 0.1
1620 0.5012622915131659 0.2397799059793256 0.2589578025075085 0.1
1621 0.5012637097252238 0.23979076462955626 0.25894552564521983 0.1
1622 0.501265125624072 0.23980160368309603 0.25893327069283206 0.1
1623 0.5012665392144435 0.23981242318676824 0.2589210375987882 0.1
1624 0.5012679505010614 0.2398232231872574 0.25890882631168105 0.1
1625 0.5012693594886374 0.2398340037311098 0.25889663678025293 0.1
1626 0.5012707661818719 0.23984476486473377 0.2588844689533943 0.1
1627 0.5012721705854555 0.23985550663440008 0.25887232278014444 0.1
1628 0.5012735727040666 0.2398662290862432 0.25886019820969025 0.1
1629 0.5012749725423741 0.23987693226626064 0.2588480951913653 0.1
1630 0.5012763701050352 0.23988761622031438 0.25883601367465053 0.1
1631 0.5012777653966967 0.23989828099413082 0.2588239536091726 0.1
1632 0.5012791584219947 0.23990892663330118 0.25881191494470424 0.1
1633 0.5012805491855542 0.23991955318328273 0.25879989763116323 0.1
1634 0.5012819376919899 0.23993016068939826 0.25878790161861176 0.1
1635 0.501283323945906 0.2399407491968372 0.25877592685725687 0.1
1636 0.5012847079518954 0.23995131875065595 0.25876397329744866 0.1
1637 0.5012860897145408 0.23996186939577815 0.2587520408896809 0.1
1638 0.5012874692384143 0.23997240117699564 0.25874012958459014 0.1
1639 0.5012888465280774 0.23998291413896816 0.25872823933295436 0.1
1640 0.5012902215880807 0.2399934083262246 0.25871637008569465 0.1
1641 0.501291594422965 0.24000388378316284 0.25870452179387216 0.1
1642 0.50129296503726 0.2400143405540504 0.2586926944086896 0.1
1643 0.5012943334354849 0.24002477868302546 0.2586808878814896 0.1
1644 0.501295699622149 0.24003519821409616 0.2586691021637548 0.1
1645 0.5012970636017504 0.2400455991911422 0.2586573372071074 0.1
1646 0.5012984253787776 0.24005598165791453 0.25864559296330797 0.1
1647 0.5012997849577079 0.24006634565803614 0.25863386938425603 0.1
1648 0.5013011423430089 0.24007669123500247 0.25862216642198876 0.1
1649 0.5013024975391376 0.24008701843218155 0.2586104840286808 0.1
1650 0.5013038505505406 0.24009732729281516 0.2585988221566442 0.1
1651 0.5013052013816544 0.24010761786001858 0.25858718075832704 0.1
1652 0.501306550036905 0.24011789017678117 0.2585755597863138 0.1
1653 0.5013078965207084 0.24012814428596702 0.2585639591933246 0.1
1654 0.5013092408374705 0.24013838023031506 0.2585523789322144 0.1
1655 0.5013105829915864 0.2401485980524402 0.2585408189559734 0.1
1656 0.5013119229874415 0.2401587977948327 0.25852927921772567 0.1
1657 0.5013132608294112 0.24016897949985958 0.2585177596707292 0.1
1658 0.5013145965218603 0.2401791432097644 0.25850626026837525 0.1
1659 0.5013159300691439 0.24018928896666794 0.25849478096418815 0.1
1660 0.5013172614756067 0.24019941681256868 0.25848332171182464 0.1
1661 0.5013185907455836 0.24020952678934313 0.25847188246507335 0.1
1662 0.5013199178833992 0.24021961893874616 0.2584604631778546 0.1
1663 0.5013212428933687 0.24022969330241178 0.2584490638042196 0.1
1664 0.5013225657797964 0.24023974992185307 0.25843768429835057 0.1
1665 0.5013238865469773 0.24024978883846293 0.25842632461455967 0.1
1666 0.5013252051991964 0.24025981009351435 0.25841498470728913 0.1
1667 0.5013265217407287 0.24026981372816095 0.2584036645311104 0.1
1668 0.5013278361758388 0.24027979978343747 0.25839236404072374 0.1
1669 0.5013291485087824 0.24028976830025953 0.25838108319095815 0.1
1670 0.5013304587438047 0.24029971931942484 0.25836982193677044 0.1
1671 0.5013317668851411 0.2403096528816136 0.2583585802332451 0.1
1672 0.5013330729370177 0.24031956902738813 0.25834735803559417 0.1
1673 0.5013343769036501 0.24032946779719389 0.258336155299156 0.1
1674 0.5013356787892446 0.24033934923135983 0.2583249719793956 0.1
1675 0.5013369785979976 0.24034921337009862 0.2583138080319036 0.1
1676 0.5013382763340961 0.2403590602535073 0.25830266341239655 0.1
1677 0.5013395720017172 0.2403688899215672 0.2582915380767157 0.1
1678 0.5013408656050278 0.2403787024141449 0.25828043198082734 0.1
1679 0.5013421571481864 0.24038849777099225 0.2582693450808214 0.1
1680 0.5013434466353406 0.24039827603174696 0.25825827733291257 0.1
1681 0.5013447340706289 0.24040803723593296 0.2582472286934382 0.1
1682 0.5013460194581808 0.24041778142296044 0.2582361991188588 0.1
1683 0.5013473028021155 0.2404275086321269 0.25822518856575766 0.1
1684 0.5013485841065427 0.24043721890261693 0.2582141969908404 0.1
1685 0.501349863375563 0.24044691227350315 0.25820322435093396 0.1
1686 0.5013511406132672 0.24045658878374576 0.25819227060298694 0.1
1687 0.5013524158237372 0.24046624847219394 0.2581813357040688 0.1
1688 0.5013536890110445 0.24047589137758565 0.25817041961136983 0.1
1689 0.501354960179252 0.24048551753854777 0.2581595222822003 0.1
1690 0.5013562293324125 0.24049512699359712 0.2581486436739902 0.1
1691 0.5013574964745706 0.24050471978114044 0.25813778374428886 0.1
1692 0.5013587616097601 0.2405142959394749 0.25812694245076495 0.1
1693 0.5013600247420066 0.24052385550678831 0.2581161197512052 0.1
1694 0.5013612858753257 0.24053339852115949 0.25810531560351474 0.1
1695 0.5013625450137242 0.2405429250205591 0.25809452996571663 0.1
1696 0.5013638021611991 0.24055243504284937 0.2580837627959514 0.1
1697 0.5013650573217391 0.24056192862578463 0.2580730140524763 0.1
1698 0.5013663104993223 0.24057140580701228 0.2580622836936653 0.1
1699 0.5013675616979189 0.24058086662407224 0.25805157167800874 0.1
1700 0.5013688109214892 0.24059031111439796 0.25804087796411274 0.1
1701 0.5013700581739848 0.2405997393153164 0.25803020251069875 0.1
1702 0.5013713034593478 0.24060915126404872 0.25801954527660365 0.1
1703 0.5013725467815111 0.24061854699771026 0.25800890622077866 0.1
1704 0.5013737881443988 0.24062792655331147 0.2579982853022896 0.1
1705 0.5013750275519261 0.24063728996775766 0.2579876824803163 0.1
1706 0.5013762650079988 0.24064663727784943 0.25797709771415184 0.1
1707 0.5013775005165138 0.24065596852028354 0.2579665309632027 0.1
1708 0.5013787340813589 0.2406652837316528 0.2579559821869883 0.1
1709 0.5013799657064133 0.24067458294844646 0.2579454513451402 0.1
1710 0.5013811953955469 0.2406838662070506 0.2579349383974025 0.1
1711 0.5013824231526205 0.2406931335437487 0.2579244433036308 0.1
1712 0.5013836489814868 0.24070238499472157 0.25791396602379163 0.1
1713 0.5013848728859882 0.24071162059604823 0.2579035065179635 0.1
1714 0.5013860948699598 0.24072084038370567 0.2578930647463346 0.1
1715 0.501387314937227 0.24073004439356943 0.2578826406692037 0.1
1716 0.501388533091606 0.2407392326614142 0.2578722342469797 0.1
1717 0.5013897493369053 0.24074840522291385 0.2578618454401808 0.1
1718 0.5013909636769237 0.2407575621136419 0.2578514742094345 0.1
1719 0.5013921761154516 0.24076670336907163 0.2578411205154768 0.1
1720 0.5013933866562705 0.2407758290245768 0.2578307843191527 0.1
1721 0.5013945953031536 0.2407849391154316 0.25782046558141475 0.1
1722 0.5013958020598647 0.24079403367681143 0.2578101642633238 0.1
1723 0.5013970069301594 0.2408031127437928 0.2577998803260477 0.1
1724 0.5013982099177848 0.24081217635135352 0.25778961373086146 0.1
1725 0.5013994110264789 0.24082122453437416 0.257779364439147 0.1
1726 0.5014006102599713 0.24083025732763663 0.2577691324123921 0.1
1727 0.5014018076219829 0.24083927476582598 0.2577589176121911 0.1
1728 0.5014030031162261 0.24084827688353005 0.2577487200002438 0.1
1729 0.5014041967464052 0.24085726371523997 0.25773853953835496 0.1
1730 0.501405388516215 0.24086623529535015 0.2577283761884349 0.1
1731 0.5014065784293424 0.24087519165815932 0.2577182299124982 0.1
1732 0.5014077664894661 0.24088413283787008 0.2577081006726639 0.1
1733 0.5014089527002555 0.2408930588685896 0.2576979884311549 0.1
1734 0.5014101370653722 0.24090196978433012 0.25768789315029766 0.1
1735 0.5014113195884692 0.2409108656190088 0.257677814792522 0.1
1736 0.501412500273191 0.24091974640644825 0.25766775332036074 0.1
1737 0.5014136791231739 0.240928612180377 0.2576577086964491 0.1
1738 0.5014148561420455 0.2409374629744297 0.25764768088352485 0.1
1739 0.5014160313334253 0.24094629882214721 0.2576376698444275 0.1
1740 0.5014172047009243 0.2409551197569774 0.2576276755420982 0.1
1741 0.5014183762481458 0.24096392581227485 0.25761769793957934 0.1
1742 0.5014195459786838 0.24097271702130174 0.2576077370000144 0.1
1743 0.5014207138961247 0.2409814934172278 0.2575977926866474 0.1
1744 0.5014218800040467 0.24099025503313062 0.25758786496282265 0.1
1745 0.5014230443060192 0.2409990019019961 0.25757795379198456 0.1
1746 0.5014242068056044 0.2410077340567189 0.2575680591376768 0.1
1747 0.501425367506355 0.24101645153010218 0.2575581809635428 0.1
1748 0.5014265264118166 0.24102515435485855 0.257548319233325 0.1
1749 0.501427683525526 0.24103384256360985 0.25753847391086415 0.1
1750 0.5014288388510124 0.24104251618888792 0.2575286449600997 0.1
1751 0.5014299923917966 0.24105117526313447 0.2575188323450689 0.1
1752 0.5014311441513911 0.24105981981870167 0.25750903602990716 0.1
1753 0.5014322941333009 0.24106844988785228 0.2574992559788468 0.1
1754 0.5014334423410224 0.24107706550276004 0.2574894921562176 0.1
1755 0.5014345887780441 0.24108566669550993 0.25747974452644584 0.1
1756 0.5014357334478469 0.24109425349809846 0.25747001305405476 0.1
1757 0.5014368763539033 0.24110282594243373 0.25746029770366297 0.1
1758 0.5014380174996776 0.2411113840603365 0.25745059843998597 0.1
1759 0.5014391568886267 0.24111992788353928 0.2574409152278341 0.1
1760 0.5014402945241995 0.24112845744368763 0.25743124803211287 0.1
1761 0.5014414304098365 0.2411369727723402 0.2574215968178233 0.1
1762 0.5014425645489708 0.24114547390096852 0.25741196155006063 0.1
1763 0.5014436969450274 0.24115396086095792 0.2574023421940146 0.1
1764 0.5014448276014236 0.24116243368360757 0.25739273871496887 0.1
1765 0.5014459565215688 0.24117089240013037 0.2573831510783008 0.1
1766 0.5014470837088643 0.24117933704165428 0.2573735792494814 0.1
1767 0.501448209166704 0.24118776763922142 0.2573640231940746 0.1
1768 0.5014493328984738 0.24119618422378888 0.25735448287773727 0.1
1769 0.501450454907552 0.2412045868262292 0.2573449582662188 0.1
1770 0.5014515751973091 0.24121297547733023 0.25733544932536073 0.1
1771 0.5014526937711077 0.2412213502077957 0.25732595602109665 0.1
1772 0.501453810632303 0.2412297110482453 0.2573164783194517 0.1
1773 0.5014549257842423 0.24123805802921508 0.25730701618654256 0.1
1774 0.5014560392302653 0.24124639118115793 0.25729756958857686 0.1
1775 0.501457150973704 0.24125471053444314 0.25728813849185284 0.1
1776 0.5014582610178829 0.24126301611935733 0.2572787228627596 0.1
1777 0.5014593693661188 0.24127130796610505 0.25726932266777625 0.1
1778 0.501460476021721 0.24127958610480763 0.2572599378734714 0.1
1779 0.5014615809879909 0.24128785056550484 0.25725056844650424 0.1
1780 0.5014626842682229 0.24129610137815474 0.25724121435362235 0.1
1781 0.5014637858657035 0.24130433857263345 0.25723187556166294 0.1
1782 0.5014648857837117 0.24131256217873656 0.2572225520375517 0.1
1783 0.5014659840255191 0.24132077222617793 0.25721324374830307 0.1
1784 0.5014670805943898 0.24132896874459087 0.2572039506610193 0.1
1785 0.5014681754935802 0.24133715176352855 0.25719467274289115 0.1
1786 0.5014692687263399 0.24134532131246364 0.25718540996119654 0.1
1787 0.5014703602959104 0.24135347742078875 0.2571761622833008 0.1
1788 0.5014714502055259 0.24136162011781734 0.2571669296766567 0.1
1789 0.5014725384584137 0.24136974943278272 0.2571577121088035 0.1
1790 0.5014736250577932 0.24137786539483963 0.25714850954736723 0.1
1791 0.5014747100068766 0.2413859680330634 0.25713932196005995 0.1
1792 0.501475793308869 0.24139405737645103 0.2571301493146799 0.1
1793 0.501476874966968 0.241402133453921 0.25712099157911106 0.1
1794 0.5014779549843636 0.2414101962943135 0.2571118487213227 0.1
1795 0.5014790333642392 0.24141824592639122 0.2571027207093695 0.1
1796 0.5014801101097706 0.24142628237883865 0.25709360751139076 0.1
1797 0.5014811852241257 0.2414343056802633 0.2570845090956109 0.1
1798 0.5014822587104667 0.24144231585919518 0.2570754254303382 0.1
1799 0.5014833305719469 0.24145031294408778 0.2570663564839653 0.1
1800 0.5014844008117137 0.24145829696331755 0.25705730222496875 0.1
1801 0.5014854694329065 0.2414662679451848 0.25704826262190855 0.1
1802 0.5014865364386583 0.2414742259179135 0.25703923764342823 0.1
1803 0.5014876018320943 0.2414821709096517 0.25703022725825414 0.1
1804 0.5014886656163327 0.24149010294847195 0.25702123143519545 0.1
1805 0.5014897277944848 0.24149802206237114 0.25701225014314416 0.1
1806 0.5014907883696549 0.241505928279271 0.25700328335107414 0.1
1807 0.5014918473449399 0.24151382162701845 0.25699433102804176 0.1
1808 0.5014929047234298 0.24152170213338556 0.2569853931431845 0.1
1809 0.501493960508208 0.24152956982606993 0.2569764696657221 0.1
1810 0.50149501470235 0.241537424732695 0.25696756056495496 0.1
1811 0.501496067308925 0.24154526688081007 0.25695866581026483 0.1
1812 0.5014971183309951 0.2415530962978909 0.25694978537111407 0.1
1813 0.501498167771615 0.2415609130113394 0.25694091921704537 0.1
1814 0.5014992156338334 0.2415687170484845 0.25693206731768214 0.1
1815 0.5015002619206911 0.24157650843658177 0.2569232296427271 0.1
1816 0.5015013066352223 0.2415842872028143 0.2569144061619634 0.1
1817 0.5015023497804545 0.24159205337429226 0.2569055968452533 0.1
1818 0.5015033913594081 0.24159980697805358 0.2568968016625383 0.1
1819 0.5015044313750969 0.2416075480410642 0.25688802058383886 0.1
1820 0.5015054698305278 0.2416152765902178 0.2568792535792544 0.1
1821 0.5015065067287005 0.2416229926523368 0.2568705006189627 0.1
1822 0.5015075420726083 0.24163069625417177 0.25686176167321995 0.1
1823 0.5015085758652374 0.24163838742240246 0.25685303671236004 0.1
1824 0.5015096081095679 0.24164606618363726 0.2568443257067949 0.1
1825 0.501510638808572 0.24165373256441408 0.2568356286270139 0.1
1826 0.5015116679652162 0.24166138659120007 0.2568269454435837 0.1
1827 0.5015126955824599 0.24166902829039202 0.2568182761271481 0.1
1828 0.5015137216632557 0.24167665768831692 0.2568096206484274 0.1
1829 0.5015147462105495 0.2416842748112317 0.25680097897821885 0.1
1830 0.5015157692272807 0.24169187968532344 0.25679235108739595 0.1
1831 0.5015167907163818 0.2416994723367102 0.2567837369469079 0.1
1832 0.5015178106807789 0.24170705279144056 0.25677513652778045 0.1
1833 0.5015188291233919 0.2417146210754941 0.25676654980111424 0.1
1834 0.5015198460471326 0.24172217721478167 0.2567579767380858 0.1
1835 0.5015208614549079 0.24172972123514547 0.25674941730994677 0.1
1836 0.501521875349617 0.24173725316235953 0.2567408714880234 0.1
1837 0.5015228877341533 0.24174477302212963 0.25673233924371697 0.1
1838 0.5015238986114033 0.24175228084009373 0.25672382054850307 0.1
1839 0.5015249079842466 0.2417597766418219 0.2567153153739314 0.1
1840 0.5015259158555572 0.24176726045281688 0.256706823691626 0.1
1841 0.5015269222282016 0.24177473229851412 0.25669834547328424 0.1
1842 0.5015279271050406 0.24178219220428204 0.25668988069067744 0.1
1843 0.5015289304889281 0.24178964019542198 0.25668142931564997 0.1
1844 0.5015299323827117 0.24179707629716896 0.2566729913201193 0.1
1845 0.5015309327892327 0.24180450053469138 0.25666456667607607 0.1
1846 0.5015319317113256 0.24181191293309132 0.25665615535558306 0.1
1847 0.501532929151819 0.2418193135174051 0.2566477573307759 0.1
1848 0.5015339251135346 0.24182670231260317 0.2566393725738622 0.1
1849 0.5015349195992883 0.24183407934359008 0.25663100105712167 0.1
1850 0.501535912611889 0.2418414446352054 0.2566226427529056 0.1
1851 0.50153690415414 0.24184879821222338 0.2566142976336367 0.1
1852 0.5015378942288378 0.24185614009935283 0.2566059656718095 0.1
1853 0.5015388828387722 0.2418634703212386 0.2565976468399892 0.1
1854 0.501539869986728 0.2418707889024603 0.25658934111081183 0.1
1855 0.5015408556754822 0.24187809586753334 0.2565810484569844 0.1
1856 0.501541839907807 0.24188539124090913 0.2565727688512839 0.1
1857 0.5015428226864669 0.24189267504697487 0.25656450226655814 0.1
1858 0.5015438040142214 0.24189994731005413 0.25655624867572446 0.1
1859 0.5015447838938231 0.24190720805440682 0.2565480080517702 0.1
1860 0.5015457623280186 0.2419144573042294 0.256539780367752 0.1
1861 0.5015467393195484 0.24192169508365524 0.25653156559679635 0.1
1862 0.5015477148711467 0.24192892141675498 0.25652336371209844 0.1
1863 0.5015486889855416 0.2419361363275358 0.25651517468692264 0.1
1864 0.501549661665455 0.24194333983994298 0.2565069984946019 0.1
1865 0.5015506329136029 0.24195053197785904 0.25649883510853805 0.1
1866 0.5015516027326952 0.24195771276510422 0.25649068450220064 0.1
1867 0.5015525711254353 0.24196488222543708 0.2564825466491277 0.1
1868 0.5015535380945206 0.24197204038255404 0.25647442152292543 0.1
1869 0.5015545036426431 0.2419791872600901 0.25646630909726686 0.1
1870 0.501555467772488 0.24198632288161853 0.2564582093458935 0.1
1871 0.5015564304867349 0.2419934472706518 0.2564501222426133 0.1
1872 0.5015573917880571 0.24200056045064103 0.2564420477613018 0.1
1873 0.5015583516791222 0.24200766244497646 0.25643398587590144 0.1
1874 0.5015593101625917 0.2420147532769876 0.25642593656042073 0.1
1875 0.5015602672411208 0.2420218329699439 0.25641789978893526 0.1
1876 0.5015612229173594 0.24202890154705384 0.2564098755355868 0.1
1877 0.5015621771939509 0.24203595903146635 0.25640186377458274 0.1
1878 0.501563130073533 0.2420430054462701 0.2563938644801968 0.1
1879 0.5015640815587376 0.2420500408144942 0.2563858776267683 0.1
1880 0.5015650316521904 0.24205706515910805 0.2563779031887016 0.1
1881 0.5015659803565117 0.24206407850302158 0.25636994114046685 0.1
1882 0.5015669276743152 0.24207108086908594 0.25636199145659894 0.1
1883 0.5015678736082095 0.24207807228009284 0.25635405411169776 0.1
1884 0.5015688181607969 0.24208505275877534 0.25634612908042775 0.1
1885 0.5015697613346741 0.24209202232780785 0.25633821633751797 0.1
1886 0.5015707031324319 0.24209898100980642 0.2563303158577616 0.1
1887 0.5015716435566554 0.24210592882732834 0.25632242761601626 0.1
1888 0.5015725826099237 0.2421128658028736 0.2563145515872027 0.1
1889 0.5015735202948104 0.2421197919588834 0.25630668774630627 0.1
1890 0.5015744566138831 0.2421267073177417 0.25629883606837517 0.1
1891 0.5015753915697041 0.24213361190177468 0.25629099652852133 0.1
1892 0.5015763251648294 0.2421405057332512 0.25628316910191945 0.1
1893 0.5015772574018095 0.24214738883438316 0.25627535376380745 0.1
1894 0.5015781882831895 0.24215426122732486 0.2562675504894858 0.1
1895 0.5015791178115083 0.24216112293417413 0.2562597592543176 0.1
1896 0.5015800459892997 0.24216797397697187 0.25625198003372845 0.1
1897 0.5015809728190916 0.24217481437770255 0.2562442128032057 0.1
1898 0.5015818983034063 0.24218164415829455 0.2562364575382993 0.1
1899 0.50158282244476 0.2421884633406196 0.2562287142146204 0.1
1900 0.5015837452456641 0.24219527194649368 0.2562209828078422 0.1
1901 0.5015846667086238 0.24220206999767685 0.25621326329369926 0.1
1902 0.5015855868361392 0.2422088575158737 0.25620555564798714 0.1
1903 0.5015865056307044 0.24221563452273306 0.25619785984656257 0.1
1904 0.501587423094808 0.24222240103984852 0.2561901758653435 0.1
1905 0.5015883392309334 0.24222915708875853 0.2561825036803081 0.1
1906 0.5015892540415581 0.24223590269094666 0.25617484326749523 0.1
1907 0.5015901675291544 0.24224263786784134 0.2561671946030042 0.1
1908 0.5015910796961887 0.242249362640817 0.2561595576629943 0.1
1909 0.5015919905451225 0.24225607703119256 0.256151932423685 0.1
1910 0.5015929000784111 0.24226278106023363 0.25614431886135536 0.1
1911 0.5015938082985049 0.242269474749151 0.25613671695234413 0.1
1912 0.5015947152078488 0.2422761581191017 0.25612912667304955 0.1
1913 0.5015956208088819 0.24228283119118896 0.25612154799992914 0.1
1914 0.5015965251040385 0.24228949398646224 0.2561139809094993 0.1
1915 0.5015974280957466 0.24229614652591777 0.25610642537833567 0.1
1916 0.5015983297864297 0.24230278883049808 0.25609888138307224 0.1
1917 0.5015992301785057 0.24230942092109253 0.25609134890040175 0.1
1918 0.5016001292743867 0.24231604281853783 0.2560838279070755 0.1
1919 0.5016010270764799 0.24232265454361734 0.2560763183799027 0.1
1920 0.5016019235871869 0.24232925611706227 0.2560688202957508 0.1
1921 0.5016028188089042 0.24233584755955082 0.25606133363154493 0.1
1922 0.5016037127440229 0.24234242889170907 0.256053858364268 0.1
1923 0.5016046053949287 0.2423490001341107 0.25604639447096056 0.1
1924 0.5016054967640021 0.24235556130727756 0.2560389419287203 0.1
1925 0.5016063868536185 0.24236211243167935 0.2560315007147022 0.1
1926 0.5016072756661476 0.24236865352773426 0.2560240708061181 0.1
1927 0.5016081632039542 0.24237518461580862 0.25601665218023717 0.1
1928 0.501609049469398 0.24238170571621753 0.2560092448143846 0.1
1929 0.5016099344648328 0.24238821684922482 0.25600184868594245 0.1
1930 0.5016108181926083 0.24239471803504292 0.2559944637723488 0.1
1931 0.5016117006550679 0.24240120929383369 0.2559870900510985 0.1
1932 0.5016125818545505 0.24240769064570764 0.2559797274997418 0.1
1933 0.5016134617933896 0.24241416211072525 0.2559723760958851 0.1
1934 0.5016143404739134 0.24242062370889622 0.25596503581719043 0.1
1935 0.5016152178984453 0.24242707546017958 0.2559577066413751 0.1
1936 0.5016160940693034 0.24243351738448438 0.25595038854621216 0.1
1937 0.5016169689888007 0.24243994950166997 0.2559430815095295 0.1
1938 0.501617842659245 0.24244637183154497 0.25593578550921 0.1
1939 0.501618715082939 0.24245278439386903 0.255928500523192 0.1
1940 0.5016195862621806 0.24245918720835183 0.25592122652946747 0.1
1941 0.5016204561992623 0.24246558029465357 0.2559139635060841 0.1
1942 0.5016213248964719 0.2424719636723853 0.2559067114311429 0.1
1943 0.5016221923560916 0.24247833736110863 0.2558994702827997 0.1
1944 0.5016230585803994 0.2424847013803364 0.2558922400392643 0.1
1945 0.5016239235716672 0.24249105574953256 0.2558850206788003 0.1
1946 0.5016247873321629 0.24249740048811214 0.25587781217972494 0.1
1947 0.501625649864149 0.24250373561544172 0.2558706145204093 0.1
1948 0.5016265111698829 0.2425100611508396 0.25586342767927744 0.1
1949 0.5016273712516173 0.24251637711357543 0.2558562516348072 0.1
1950 0.5016282301115997 0.24252268352287107 0.2558490863655293 0.1
1951 0.5016290877520726 0.24252898039790008 0.2558419318500272 0.1
1952 0.5016299441752742 0.24253526775778828 0.25583478806693755 0.1
1953 0.5016307993834369 0.24254154562161387 0.2558276549949492 0.1
1954 0.5016316533787888 0.24254781400840733 0.25582053261280385 0.1
1955 0.5016325061635528 0.24255407293715184 0.2558134208992954 0.1
1956 0.5016333577399471 0.2425603224267831 0.25580631983326974 0.1
1957 0.5016342081101851 0.2425665624961897 0.2557992293936252 0.1
1958 0.5016350572764751 0.24257279316421343 0.2557921495593115 0.1
1959 0.5016359052410206 0.24257901444964905 0.25578508030933034 0.1
1960 0.5016367520060202 0.2425852263712446 0.2557780216227353 0.1
1961 0.5016375975736682 0.24259142894770125 0.2557709734786305 0.1
1962 0.5016384419461534 0.2425976221976744 0.25576393585617224 0.1
1963 0.5016392851256603 0.24260380613977223 0.2557569087345675 0.1
1964 0.5016401271143681 0.24260998079255774 0.2557498920930741 0.1
1965 0.5016409679144519 0.242616146174547 0.255742885911001 0.1
1966 0.5016418075280817 0.24262230230421047 0.2557358901677078 0.1
1967 0.5016426459574224 0.24262844919997323 0.2557289048426044 0.1
1968 0.5016434832046347 0.2426345868802141 0.2557219299151512 0.1
1969 0.5016443192718744 0.24264071536326687 0.2557149653648588 0.1
1970 0.5016451541612922 0.24264683466741976 0.255708011171288 0.1
1971 0.5016459878750349 0.24265294481091568 0.25570106731404946 0.1
1972 0.501646820415244 0.24265904581195255 0.2556941337728034 0.1
1973 0.5016476517840565 0.24266513768868325 0.2556872105272601 0.1
1974 0.5016484819836046 0.2426712204592161 0.2556802975571792 0.1
1975 0.5016493110160161 0.24267729414161437 0.2556733948423696 0.1
1976 0.5016501388834138 0.24268335875389688 0.2556665023626894 0.1
1977 0.5016509655879162 0.242689414314038 0.2556596200980459 0.1
1978 0.501651791131637 0.24269546083996785 0.25565274802839516 0.1
1979 0.5016526155166856 0.24270149834957228 0.2556458861337423 0.1
1980 0.5016534387451659 0.2427075268606932 0.2556390343941408 0.1
1981 0.5016542608191784 0.2427135463911286 0.25563219278969296 0.1
1982 0.5016550817408184 0.2427195569586325 0.25562536130054914 0.1
1983 0.5016559015121763 0.24272555858091546 0.25561853990690814 0.1
1984 0.501656720135339 0.24273155127564444 0.25561172858901654 0.1
1985 0.5016575376123877 0.24273753506044293 0.25560492732716944 0.1
1986 0.5016583539453997 0.2427435099528912 0.2555981361017091 0.1
1987 0.5016591691364475 0.2427494759705264 0.255591354893026 0.1
1988 0.5016599831875996 0.2427554331308427 0.2555845836815576 0.1
1989 0.5016607961009193 0.2427613814512913 0.25557782244778937 0.1
1990 0.501661607878466 0.2427673209492804 0.25557107117225364 0.1
1991 0.5016624185222941 0.24277325164217603 0.25556432983552996 0.1
1992 0.5016632280344538 0.24277917354730127 0.25555759841824477 0.1
1993 0.5016640364169915 0.24278508668193696 0.25555087690107153 0.1
1994 0.5016648436719475 0.24279099106332191 0.2555441652647305 0.1
1995 0.5016656498013595 0.2427968867086524 0.2555374634899881 0.1
1996 0.5016664548072596 0.24280277363508268 0.25553077155765774 0.1
1997 0.5016672586916756 0.2428086518597256 0.2555240894485987 0.1
1998 0.5016680614566317 0.24281452139965146 0.2555174171437169 0.1
1999 0.5016688631041465 0.24282038227188976 0.2555107546239637 0.1
2000 0.5016696636362354 0.2428262344934275 0.25550410187033695 0.1
2001 0.5016704630549089 0.24283207808121116 0.2554974588638799 0.1
2002 0.5016712613621728 0.24283791305214547 0.2554908255856818 0.1
2003 0.5016720585600289 0.24284373942309398 0.25548420201687716 0.1
2004 0.501672854650475 0.24284955721087922 0.2554775881386458 0.1
2005 0.5016736496355041 0.2428553664322828 0.2554709839322132 0.1
2006 0.5016744435171049 0.24286116710404554 0.2554643893788496 0.1
2007 0.5016752362972617 0.24286695924286775 0.25545780445987054 0.1
2008 0.5016760279779553 0.2428727428654086 0.2554512291566361 0.1
2009 0.5016768185611614 0.24287851798828722 0.25544466345055133 0.1
2010 0.5016776080488514 0.2428842846280825 0.25543810732306604 0.1
2011 0.5016783964429928 0.24289004280133286 0.2554315607556743 0.1
2012 0.5016791837455492 0.24289579252453655 0.25542502372991427 0.1
2013 0.5016799699584791 0.24290153381415172 0.2554184962273692 0.1
2014 0.5016807550837371 0.24290726668659732 0.25541197822966566 0.1
2015 0.5016815391232738 0.24291299115825177 0.25540546971847444 0.1
2016 0.5016823220790354 0.24291870724545414 0.2553989706755103 0.1
2017 0.5016831039529641 0.24292441496450398 0.2553924810825318 0.1
2018 0.5016838847469978 0.2429301143316614 0.25538600092134084 0.1
2019 0.5016846644630698 0.24293580536314718 0.25537953017378295 0.1
2020 0.50168544310311 0.24294148807514293 0.2553730688217472 0.1
2021 0.5016862206690434 0.24294716248379095 0.2553666168471655 0.1
2022 0.5016869971627915 0.24295282860519513 0.25536017423201335 0.1
2023 0.5016877725862715 0.24295848645541976 0.2553537409583087 0.1
2024 0.5016885469413956 0.2429641360504911 0.2553473170081131 0.1
2025 0.5016893202300736 0.24296977740639633 0.25534090236353 0.1
2026 0.5016900924542095 0.2429754105390842 0.25533449700670624 0.1
2027 0.501690863615704 0.24298103546446506 0.2553281009198309 0.1
2028 0.5016916337164542 0.24298665219841084 0.255321714085135 0.1
2029 0.5016924027583518 0.24299226075675576 0.2553153364848925 0.1
2030 0.5016931707432855 0.2429978611552953 0.2553089681014192 0.1
2031 0.5016939376731396 0.2430034534097875 0.2553026089170729 0.1
2032 0.5016947035497943 0.2430090375359521 0.2552962589142536 0.1
2033 0.5016954683751259 0.2430146135494714 0.25528991807540263 0.1
2034 0.5016962321510067 0.2430201814659899 0.2552835863830034 0.1
2035 0.5016969948793047 0.24302574130111473 0.2552772638195805 0.1
2036 0.5016977565618844 0.24303129307041532 0.2552709503677003 0.1
2037 0.5016985172006055 0.2430368367894241 0.25526464600997045 0.1
2038 0.5016992767973245 0.24304237247363591 0.2552583507290396 0.1
2039 0.5017000353538935 0.24304790013850883 0.2552520645075977 0.1
2040 0.5017007928721607 0.2430534197994638 0.2552457873283755 0.1
2041 0.5017015493539707 0.24305893147188465 0.2552395191741447 0.1
2042 0.5017023048011635 0.24306443517111875 0.25523326002771785 0.1
2043 0.5017030592155755 0.2430699309124767 0.25522700987194785 0.1
2044 0.5017038125990391 0.24307541871123248 0.25522076868972843 0.1
2045 0.5017045649533832 0.2430808985826233 0.2552145364639935 0.1
2046 0.5017053162804319 0.24308637054185073 0.2552083131777173 0.1
2047 0.5017060665820064 0.24309183460407927 0.25520209881391426 0.1
2048 0.5017068158599233 0.24309729078443768 0.255195893355639 0.1
2049 0.5017075641159956 0.24310273909801863 0.25518969678598585 0.1
2050 0.5017083113520323 0.24310817955987857 0.25518350908808923 0.1
2051 0.5017090575698386 0.24311361218503846 0.2551773302451229 0.1
2052 0.5017098027712159 0.2431190369884834 0.25517116024030073 0.1
2053 0.5017105469579618 0.24312445398516258 0.2551649990568756 0.1
2054 0.5017112901318697 0.24312986318998986 0.2551588466781404 0.1
2055 0.5017120322947298 0.2431352646178436 0.25515270308742666 0.1
2056 0.5017127734483278 0.24314065828356693 0.25514656826810533 0.1
2057 0.501713513594446 0.2431460442019675 0.2551404422035864 0.1
2058 0.5017142527348629 0.2431514223878181 0.255134324877319 0.1
2059 0.5017149908713532 0.243156792855856 0.25512821627279086 0.1
2060 0.5017157280056874 0.24316215562078405 0.2551221163735286 0.1
2061 0.501716464139633 0.24316751069726972 0.2551160251630972 0.1
2062 0.501717199274953 0.2431728580999463 0.25510994262510084 0.1
2063 0.501717933413407 0.24317819784341194 0.255103868743181 0.1
2064 0.5017186665567511 0.24318352994223041 0.2550978035010184 0.1
2065 0.501719398706737 0.24318885441093122 0.2550917468823318 0.1
2066 0.5017201298651132 0.24319417126400913 0.2550856988708776 0.1
2067 0.5017208600336245 0.2431994805159248 0.2550796594504507 0.1
2068 0.5017215892140114 0.24320478218110494 0.2550736286048836 0.1
2069 0.5017223174080117 0.24321007627394176 0.2550676063180466 0.1
2070 0.5017230446173584 0.24321536280879388 0.2550615925738477 0.1
2071 0.501723770843782 0.24322064179998587 0.2550555873562323 0.1
2072 0.5017244960890078 0.24322591326180842 0.25504959064918387 0.1
2073 0.5017252203547591 0.24323117720851864 0.25504360243672225 0.1
2074 0.5017259436427544 0.2432364336543401 0.25503762270290553 0.1
2075 0.5017266659547089 0.2432416826134629 0.2550316514318282 0.1
2076 0.5017273872923346 0.2432469241000434 0.2550256886076221 0.1
2077 0.5017281076573388 0.24325215812820508 0.2550197342144561 0.1
2078 0.5017288270514264 0.24325738471203787 0.25501378823653564 0.1
2079 0.5017295454762979 0.24326260386559884 0.25500785065810333 0.1
2080 0.5017302629336504 0.24326781560291175 0.2550019214634379 0.1
2081 0.5017309794251776 0.2432730199379677 0.25499600063685474 0.1
2082 0.5017316949525693 0.24327821688472456 0.25499008816270613 0.1
2083 0.501732409517512 0.243283406457108 0.2549841840253802 0.1
2084 0.5017331231216883 0.24328858866901049 0.25497828820930124 0.1
2085 0.5017338357667777 0.2432937635342923 0.2549724006989301 0.1
2086 0.5017345474544558 0.243298931066781 0.2549665214787633 0.1
2087 0.5017352581863948 0.24330409128027175 0.25496065053333355 0.1
2088 0.5017359679642631 0.24330924418852762 0.25495478784720926 0.1
2089 0.5017366767897261 0.24331438980527922 0.2549489334049946 0.1
2090 0.5017373846644455 0.24331952814422536 0.25494308719132913 0.1
2091 0.501738091590079 0.24332465921903243 0.25493724919088856 0.1
2092 0.5017387975682815 0.24332978304333522 0.2549314193883833 0.1
2093 0.501739502600704 0.24333489963073646 0.25492559776855966 0.1
2094 0.501740206688994 0.24334000899480715 0.2549197843161989 0.1
2095 0.5017409098347957 0.24334511114908675 0.2549139790161176 0.1
2096 0.5017416120397498 0.2433502061070829 0.2549081818531673 0.1
2097 0.5017423133054938 0.243355293882272 0.25490239281223426 0.1
2098 0.5017430136336611 0.24336037448809883 0.25489661187824003 0.1
2099 0.5017437130258822 0.24336544793797704 0.2548908390361408 0.1
2100 0.5017444114837839 0.24337051424528883 0.25488507427092727 0.1
2101 0.5017451090089898 0.24337557342338537 0.2548793175676248 0.1
2102 0.50174580560312 0.24338062548558687 0.2548735689112932 0.1
2103 0.5017465012677911 0.2433856704451824 0.25486782828702653 0.1
2104 0.5017471960046165 0.24339070831543 0.2548620956799536 0.1
2105 0.5017478898152056 0.24339573910955745 0.254856371075237 0.1
2106 0.5017485827011654 0.2434007628407613 0.25485065445807337 0.1
2107 0.5017492746640989 0.24340577952220746 0.2548449458136936 0.1
2108 0.5017499657056058 0.24341078916703168 0.2548392451273625 0.1
2109 0.5017506558272825 0.24341579178833903 0.25483355238437844 0.1
2110 0.5017513450307222 0.24342078739920409 0.25482786757007375 0.1
2111 0.5017520333175143 0.24342577601267126 0.2548221906698144 0.1
2112 0.5017527206892456 0.2434307576417549 0.25481652166899965 0.1
2113 0.5017534071474986 0.2434357322994389 0.2548108605530625 0.1
2114 0.5017540926938534 0.24344069999867732 0.25480520730746925 0.1
2115 0.5017547773298866 0.2434456607523942 0.25479956191771924 0.1
2116 0.5017554610571708 0.24345061457348377 0.2547939243693454 0.1
2117 0.5017561438772764 0.24345556147481032 0.25478829464791336 0.1
2118 0.5017568257917694 0.24346050146920867 0.25478267273902194 0.1
2119 0.5017575068022133 0.24346543456948375 0.25477705862830285 0.1
2120 0.5017581869101684 0.24347036078841092 0.2547714523014206 0.1
2121 0.5017588661171911 0.24347528013873648 0.25476585374407246 0.1
2122 0.5017595444248348 0.24348019263317697 0.25476026294198817 0.1
2123 0.5017602218346501 0.24348509828441953 0.2547546798809305 0.1
2124 0.5017608983481836 0.24348999710512248 0.25474910454669397 0.1
2125 0.5017615739669793 0.24349488910791464 0.25474353692510604 0.1
2126 0.5017622486925777 0.24349977430539602 0.2547379770020263 0.1
2127 0.5017629225265161 0.24350465271013758 0.25473242476334634 0.1
2128 0.5017635954703288 0.2435095243346811 0.2547268801949902 0.1
2129 0.5017642675255464 0.2435143891915399 0.2547213432829137 0.1
2130 0.5017649386936969 0.24351924729319843 0.25471581401310467 0.1
2131 0.5017656089763048 0.24352409865211241 0.2547102923715829 0.1
2132 0.5017662783748913 0.2435289432807089 0.2547047783443997 0.1
2133 0.5017669468909749 0.24353378119138683 0.2546992719176383 0.1
2134 0.5017676145260704 0.24353861239651628 0.25469377307741337 0.1
2135 0.5017682812816898 0.2435434369084391 0.2546882818098712 0.1
2136 0.5017689471593418 0.24354825473946903 0.25468279810118927 0.1
2137 0.501769612160532 0.2435530659018912 0.25467732193757686 0.1
2138 0.501770276286763 0.2435578704079632 0.2546718533052739 0.1
2139 0.5017709395395338 0.2435626682699141 0.2546663921905521 0.1
2140 0.5017716019203409 0.24356745949994524 0.2546609385797138 0.1
2141 0.5017722634306775 0.24357224411023004 0.2546554924590925 0.1
2142 0.5017729240720334 0.24357702211291382 0.2546500538150526 0.1
2143 0.501773583845896 0.24358179352011466 0.25464462263398946 0.1
2144 0.5017742427537484 0.24358655834392262 0.2546391989023291 0.1
2145 0.5017749007970717 0.24359131659640026 0.25463378260652797 0.1
2146 0.5017755579773439 0.24359606828958255 0.2546283737330735 0.1
2147 0.5017762142960391 0.24360081343547735 0.25462297226848346 0.1
2148 0.5017768697546293 0.24360555204606466 0.25461757819930597 0.1
2149 0.5017775243545829 0.24361028413329763 0.2546121915121196 0.1
2150 0.501778178097365 0.24361500970910185 0.254606812193533 0.1
2151 0.5017788309844389 0.2436197287853759 0.2546014402301852 0.1
2152 0.5017794830172632 0.24362444137399153 0.25459607560874514 0.1
2153 0.5017801341972946 0.24362914748679315 0.25459071831591223 0.1
2154 0.5017807845259864 0.2436338471355984 0.2545853683384151 0.1
2155 0.5017814340047889 0.24363854033219806 0.25458002566301285 0.1
2156 0.5017820826351499 0.24364322708835617 0.2545746902764939 0.1
2157 0.5017827304185133 0.24364790741581002 0.25456936216567666 0.1
2158 0.5017833773563207 0.2436525813262701 0.254564041317409 0.1
2159 0.5017840234500106 0.24365724883142095 0.2545587277185684 0.1
2160 0.5017846687010183 0.24366190994291978 0.2545534213560618 0.1
2161 0.5017853131107765 0.24366656467239803 0.2545481222168256 0.1
2162 0.5017859566807142 0.24367121303146044 0.2545428302878253 0.1
2163 0.5017865994122586 0.2436758550316858 0.2545375455560556 0.1
2164 0.501787241306833 0.24368049068462636 0.2545322680085406 0.1
2165 0.5017878823658583 0.24368512000180836 0.25452699763233333 0.1
2166 0.501788522590752 0.24368974299473214 0.25452173441451587 0.1
2167 0.5017891619829291 0.2436943596748719 0.25451647834219887 0.1
2168 0.5017898005438016 0.24369897005367608 0.2545112294025224 0.1
2169 0.5017904382747784 0.24370357414256696 0.25450598758265464 0.1
2170 0.5017910751772658 0.24370817195294125 0.254500752869793 0.1
2171 0.5017917112526669 0.24371276349617008 0.2544955252511632 0.1
2172 0.5017923465023819 0.2437173487835985 0.2544903047140195 0.1
2173 0.5017929809278087 0.2437219278265466 0.2544850912456447 0.1
2174 0.5017936145303415 0.2437265006363085 0.25447988483335 0.1
2175 0.5017942473113721 0.24373106722415297 0.2544746854644748 0.1
2176 0.5017948792722895 0.24373562760132372 0.2544694931263867 0.1
2177 0.5017955104144797 0.24374018177903875 0.25446430780648155 0.1
2178 0.5017961407393258 0.24374472976849104 0.2544591294921833 0.1
2179 0.501796770248208 0.2437492715808484 0.2544539581709435 0.1
2180 0.5017973989425041 0.24375380722725354 0.2544487938302424 0.1
2181 0.5017980268235883 0.24375833671882416 0.25444363645758755 0.1
2182 0.501798653892833 0.24376286006665301 0.25443848604051406 0.1
2183 0.5017992801516069 0.24376737728180775 0.25443334256658534 0.1
2184 0.5017999056012762 0.24377188837533154 0.2544282060233922 0.1
2185 0.5018005302432047 0.24377639335824253 0.2544230763985528 0.1
2186 0.5018011540787527 0.24378089224153435 0.25441795367971304 0.1
2187 0.501801777109278 0.2437853850361759 0.2544128378545461 0.1
2188 0.5018023993361359 0.2437898717531116 0.2544077289107525 0.1
2189 0.5018030207606786 0.24379435240326122 0.25440262683606024 0.1
2190 0.5018036413842557 0.24379882699752028 0.254397531618224 0.1
2191 0.5018042612082139 0.24380329554675995 0.2543924432450262 0.1
2192 0.5018048802338972 0.24380775806182686 0.25438736170427595 0.1
2193 0.5018054984626468 0.24381221455354374 0.2543822869838094 0.1
2194 0.5018061158958016 0.2438166650327088 0.2543772190714897 0.1
2195 0.501806732534697 0.2438211095100964 0.2543721579552066 0.1
2196 0.5018073483806662 0.24382554799645695 0.2543671036228769 0.1
2197 0.5018079634350396 0.24382998050251645 0.254362056062444 0.1
2198 0.5018085776991449 0.2438344070389774 0.2543570152618778 0.1
2199 0.5018091911743067 0.24383882761651837 0.2543519812091749 0.1
2200 0.5018098038618477 0.24384324224579398 0.25434695389235823 0.1
2201 0.501810415763087 0.24384765093743535 0.2543419332994775 0.1
2202 0.5018110268793418 0.2438520537020497 0.2543369194186084 0.1
2203 0.501811637211926 0.24385645055022095 0.254331912237853 0.1
2204 0.5018122467621514 0.24386084149250914 0.2543269117453395 0.1
2205 0.5018128555313265 0.2438652265394512 0.2543219179292224 0.1
2206 0.5018134635207574 0.2438696057015605 0.2543169307776822 0.1
2207 0.5018140707317478 0.24387397898932675 0.2543119502789254 0.1
2208 0.5018146771655987 0.24387834641321698 0.25430697642118444 0.1
2209 0.5018152828236079 0.24388270798367478 0.2543020091927175 0.1
2210 0.501815887707071 0.24388706371112007 0.25429704858180896 0.1
2211 0.501816491817281 0.24389141360595049 0.2542920945767684 0.1
2212 0.5018170951555285 0.24389575767854016 0.2542871471659313 0.1
2213 0.5018176977231009 0.24390009593924003 0.25428220633765897 0.1
2214 0.5018182995212834 0.24390442839837884 0.2542772720803378 0.1
2215 0.5018189005513584 0.24390875506626175 0.25427234438238006 0.1
2216 0.5018195008146054 0.24391307595317158 0.25426742323222296 0.1
2217 0.5018201003123022 0.24391739106936827 0.2542625086183296 0.1
2218 0.5018206990457231 0.24392170042508898 0.2542576005291879 0.1
2219 0.5018212970161403 0.24392600403054843 0.25425269895331115 0.1
2220 0.5018218942248237 0.2439303018959387 0.2542478038792376 0.1
2221 0.5018224906730395 0.2439345940314294 0.254242915295531 0.1
2222 0.5018230863620525 0.24393888044716777 0.25423803319077964 0.1
2223 0.5018236812931246 0.2439431611532785 0.2542331575535968 0.1
2224 0.501824275467515 0.24394743615986406 0.25422828837262107 0.1
2225 0.50182486888648 0.24395170547700465 0.2542234256365152 0.1
2226 0.5018254615512744 0.24395596911475836 0.2542185693339672 0.1
2227 0.5018260534631495 0.24396022708316104 0.2542137194536894 0.1
2228 0.5018266446233544 0.24396447939222662 0.25420887598441916 0.1
2229 0.5018272350331356 0.2439687260519465 0.25420403891491783 0.1
2230 0.5018278246937373 0.2439729670722908 0.25419920823397185 0.1
2231 0.5018284136064012 0.24397720246320728 0.25419438393039145 0.1
2232 0.5018290017723662 0.2439814322346221 0.2541895659930118 0.1
2233 0.5018295891928688 0.24398565639643924 0.254184754410692 0.1
2234 0.5018301758691428 0.24398987495854155 0.2541799491723155 0.1
2235 0.5018307618024205 0.24399408793078958 0.25417515026679 0.1
2236 0.5018313469939303 0.2439982953230228 0.2541703576830469 0.1
2237 0.5018319314448991 0.24400249714505845 0.25416557141004237 0.1
2238 0.5018325151565509 0.24400669340669315 0.25416079143675585 0.1
2239 0.5018330981301077 0.2440108841177012 0.2541560177521911 0.1
2240 0.5018336803667881 0.24401506928783603 0.2541512503453758 0.1
2241 0.5018342618678096 0.24401924892682966 0.2541464892053609 0.1
2242 0.5018348426343857 0.24402342304439253 0.2541417343212217 0.1
2243 0.501835422667729 0.24402759165021407 0.2541369856820568 0.1
2244 0.5018360019690484 0.2440317547539628 0.25413224327698875 0.1
2245 0.5018365805395513 0.24403591236528563 0.25412750709516313 0.1
2246 0.5018371583804421 0.2440400644938085 0.2541227771257495 0.1
2247 0.5018377354929228 0.2440442111491367 0.25411805335794047 0.1
2248 0.5018383118781933 0.24404835234085434 0.25411333578095235 0.1
2249 0.501838887537451 0.24405248807852442 0.2541086243840246 0.1
2250 0.5018394624718905 0.24405661837168954 0.2541039191564199 0.1
2251 0.5018400366827048 0.24406074322987106 0.25409922008742414 0.1
2252 0.5018406101710837 0.24406486266256985 0.2540945271663464 0.1
2253 0.5018411829382153 0.244068976679266 0.25408984038251875 0.1
2254 0.5018417549852846 0.24407308528941918 0.2540851597252963 0.1
2255 0.5018423263134747 0.24407718850246823 0.254080485184057 0.1
2256 0.5018428969239662 0.2440812863278316 0.2540758167482021 0.1
2257 0.5018434668179378 0.24408537877490719 0.25407115440715516 0.1
2258 0.5018440359965647 0.24408946585307262 0.2540664981503627 0.1
2259 0.501844604461021 0.24409354757168494 0.25406184796729403 0.1
2260 0.5018451722124776 0.24409762394008108 0.2540572038474413 0.1
2261 0.5018457392521035 0.24410169496757775 0.2540525657803187 0.1
2262 0.5018463055810652 0.2441057606634712 0.2540479337554636 0.1
2263 0.501846871200527 0.2441098210370377 0.25404330776243533 0.1
2264 0.5018474361116505 0.24411387609753335 0.254038687790816 0.1
2265 0.5018480003155957 0.24411792585419448 0.25403407383020987 0.1
2266 0.5018485638135193 0.24412197031623706 0.2540294658702436 0.1
2267 0.5018491266065767 0.24412600949285718 0.2540248639005662 0.1
2268 0.5018496886959201 0.24413004339323127 0.2540202679108486 0.1
2269 0.5018502500827002 0.24413407202651558 0.25401567789078416 0.1
2270 0.5018508107680649 0.24413809540184678 0.2540110938300883 0.1
2271 0.5018513707531599 0.24414211352834195 0.2540065157184982 0.1
2272 0.5018519300391286 0.2441461264150982 0.25400194354577327 0.1
2273 0.5018524886271124 0.244150134071193 0.2539973773016946 0.1
2274 0.5018530465182501 0.24415413650568438 0.25399281697606546 0.1
2275 0.5018536037136783 0.24415813372761097 0.25398826255871065 0.1
2276 0.5018541602145312 0.24416212574599164 0.25398371403947706 0.1
2277 0.5018547160219413 0.24416611256982593 0.25397917140823273 0.1
2278 0.5018552711370384 0.24417009420809385 0.25397463465486764 0.1
2279 0.5018558255609501 0.2441740706697565 0.25397010376929346 0.1
2280 0.5018563792948013 0.24417804196375517 0.2539655787414435 0.1
2281 0.501856932339716 0.24418200809901233 0.2539610595612717 0.1
2282 0.5018574846968147 0.24418596908443085 0.2539565462187546 0.1
2283 0.5018580363672159 0.24418992492889496 0.25395203870388916 0.1
2284 0.5018585873520364 0.2441938756412695 0.2539475370066942 0.1
2285 0.50185913765239 0.2441978212304003 0.2539430411172098 0.1
2286 0.5018596872693895 0.24420176170511407 0.2539385510254966 0.1
2287 0.501860236204144 0.24420569707421885 0.2539340667216372 0.1
2288 0.5018607844577616 0.2442096273465037 0.25392958819573463 0.1
2289 0.5018613320313476 0.2442135525307388 0.2539251154379135 0.1
2290 0.5018618789260053 0.24421747263567556 0.2539206484383192 0.1
2291 0.5018624251428357 0.24422138767004636 0.2539161871871178 0.1
2292 0.5018629706829378 0.2442252976425656 0.2539117316744966 0.1
2293 0.5018635155474082 0.24422920256192823 0.25390728189066364 0.1
2294 0.5018640597373417 0.24423310243681096 0.2539028378258473 0.1
2295 0.5018646032538303 0.24423699727587206 0.25389839947029774 0.1
2296 0.5018651460979644 0.24424088708775105 0.2538939668142845 0.1
2297 0.5018656882708324 0.24424477188106908 0.2538895398480986 0.1
2298 0.5018662297735196 0.24424865166442902 0.25388511856205137 0.1
2299 0.5018667706071103 0.244252526446415 0.2538807029464747 0.1
2300 0.501867310772686 0.24425639623559342 0.2538762929917206 0.1
2301 0.5018678502713259 0.2442602610405118 0.2538718886881623 0.1
2302 0.5018683891041077 0.24426412086969976 0.25386749002619247 0.1
2303 0.5018689272721066 0.24426797573166875 0.2538630969962246 0.1
2304 0.5018694647763957 0.2442718256349119 0.2538587095886924 0.1
2305 0.5018700016180461 0.24427567058790448 0.25385432779404943 0.1
2306 0.5018705377981265 0.24427951059910352 0.25384995160276996 0.1
2307 0.5018710733177038 0.24428334567694807 0.25384558100534804 0.1
2308 0.5018716081778428 0.24428717582985943 0.25384121599229775 0.1
2309 0.5018721423796059 0.24429100106624088 0.2538368565541532 0.1
2310 0.5018726759240537 0.24429482139447775 0.2538325026814685 0.1
2311 0.5018732088122445 0.24429863682293768 0.2538281543648178 0.1
2312 0.5018737410452351 0.24430244735997036 0.2538238115947945 0.1
2313 0.501874272624079 0.2443062530139081 0.2538194743620128 0.1
2314 0.501874803549829 0.2443100537930652 0.2538151426571057 0.1
2315 0.501875333823535 0.24431384970573838 0.25381081647072645 0.1
2316 0.5018758634462452 0.24431764076020687 0.25380649579354786 0.1
2317 0.5018763924190054 0.24432142696473247 0.253802180616262 0.1
2318 0.5018769207428597 0.24432520832755922 0.25379787092958117 0.1
2319 0.5018774484188498 0.24432898485691376 0.2537935667242365 0.1
2320 0.5018779754480158 0.2443327565610054 0.2537892679909787 0.1
2321 0.5018785018313954 0.2443365234480262 0.25378497472057837 0.1
2322 0.5018790275700243 0.2443402855261507 0.253780686903825 0.1
2323 0.5018795526649366 0.24434404280353605 0.2537764045315274 0.1
2324 0.5018800771171638 0.2443477952883224 0.25377212759451395 0.1
2325 0.5018806009277351 0.24435154298863282 0.25376785608363206 0.1
2326 0.5018811240976792 0.24435528591257286 0.25376358998974813 0.1
2327 0.5018816466280207 0.24435902406823126 0.253759329303748 0.1
2328 0.5018821685197842 0.24436275746367955 0.25375507401653624 0.1
2329 0.5018826897739908 0.24436648610697234 0.25375082411903693 0.1
2330 0.5018832103916605 0.24437021000614703 0.2537465796021925 0.1
2331 0.5018837303738107 0.24437392916922446 0.25374234045696487 0.1
2332 0.5018842497214572 0.24437764360420836 0.2537381066743345 0.1
2333 0.5018847684356139 0.24438135331908548 0.25373387824530064 0.1
2334 0.5018852865172921 0.2443850583218261 0.2537296551608818 0.1
2335 0.5018858039675019 0.24438875862038342 0.2537254374121146 0.1
2336 0.5018863207872512 0.24439245422269423 0.25372122499005473 0.1
2337 0.5018868369775452 0.2443961451366782 0.2537170178857766 0.1
2338 0.5018873525393883 0.24439983137023877 0.2537128160903729 0.1
2339 0.5018878674737822 0.24440351293126272 0.25370861959495505 0.1
2340 0.501888381781727 0.24440718982762014 0.2537044283906528 0.1
2341 0.5018888954642204 0.24441086206716459 0.25370024246861494 0.1
2342 0.5018894085222588 0.24441452965773325 0.25369606182000787 0.1
2343 0.501889920956836 0.2444181926071468 0.25369188643601714 0.1
2344 0.5018904327689444 0.24442185092320975 0.2536877163078458 0.1
2345 0.5018909439595741 0.24442550461371007 0.2536835514267157 0.1
2346 0.5018914545297135 0.2444291536864194 0.2536793917838671 0.1
2347 0.5018919644803489 0.24443279814909305 0.253675237370558 0.1
2348 0.5018924738124649 0.24443643800947037 0.2536710881780648 0.1
2349 0.501892982527044 0.24444007327527426 0.2536669441976817 0.1
2350 0.5018934906250667 0.24444370395421183 0.2536628054207214 0.1
2351 0.5018939981075121 0.24444733005397348 0.25365867183851437 0.1
2352 0.5018945049753568 0.24445095158223412 0.253654543442409 0.1
2353 0.5018950112295758 0.2444545685466525 0.25365042022377154 0.1
2354 0.5018955168711422 0.2444581809548712 0.2536463021739866 0.1
2355 0.5018960219010272 0.24446178881451697 0.25364218928445575 0.1
2356 0.5018965263202002 0.24446539213320065 0.2536380815465991 0.1
2357 0.501897030129628 0.2444689909185174 0.2536339789518545 0.1
2358 0.5018975333302769 0.24447258517804618 0.2536298814916769 0.1
2359 0.5018980359231103 0.2444761749193504 0.2536257891575392 0.1
2360 0.50189853790909 0.2444797601499777 0.25362170194093225 0.1
2361 0.501899039289176 0.24448334087746001 0.25361761983336406 0.1
2362 0.5018995400643261 0.2444869171093137 0.2536135428263602 0.1
2363 0.5019000402354968 0.2444904888530392 0.253609470911464 0.1
2364 0.5019005398036425 0.24449405611612166 0.25360540408023585 0.1
2365 0.5019010387697155 0.24449761890603053 0.253601342324254 0.1
2366 0.5019015371346668 0.24450117723021977 0.25359728563511347 0.1
2367 0.501902034899445 0.244504731096128 0.25359323400442707 0.1
2368 0.5019025320649971 0.244508280511178 0.25358918742382464 0.1
2369 0.5019030286322687 0.24451182548277778 0.2535851458849534 0.1
2370 0.5019035246022028 0.24451536601831947 0.25358110937947764 0.1
2371 0.5019040199757412 0.24451890212518004 0.25357707789907874 0.1
2372 0.5019045147538232 0.24452243381072136 0.25357305143545533 0.1
2373 0.5019050089373872 0.24452596108228972 0.25356902998032305 0.1
2374 0.5019055025273691 0.24452948394721644 0.25356501352541444 0.1
2375 0.5019059955247033 0.24453300241281742 0.25356100206247917 0.1
2376 0.5019064879303221 0.24453651648639396 0.2535569955832839 0.1
2377 0.5019069797451565 0.24454002617523174 0.25355299407961174 0.1
2378 0.5019074709701354 0.24454353148660143 0.2535489975432632 0.1
2379 0.5019079616061856 0.24454703242775908 0.2535450059660554 0.1
2380 0.5019084516542327 0.24455052900594526 0.2535410193398219 0.1
2381 0.5019089411152005 0.24455402122838585 0.25353703765641367 0.1
2382 0.5019094299900102 0.24455750910229204 0.2535330609076978 0.1
2383 0.5019099182795823 0.24456099263485953 0.2535290890855581 0.1
2384 0.5019104059848353 0.24456447183326982 0.25352512218189505 0.1
2385 0.5019108931066849 0.24456794670468926 0.25352116018862597 0.1
2386 0.5019113796460465 0.24457141725626946 0.25351720309768416 0.1
2387 0.5019118656038326 0.2445748834951475 0.25351325090101995 0.1
2388 0.5019123509809548 0.2445783454284455 0.25350930359059975 0.1
2389 0.5019128357783226 0.24458180306327115 0.25350536115840633 0.1
2390 0.5019133199968433 0.24458525640671738 0.2535014235964393 0.1
2391 0.5019138036374233 0.2445887054658627 0.25349749089671403 0.1
2392 0.5019142867009668 0.24459215024777084 0.2534935630512624 0.1
2393 0.5019147691883762 0.2445955907594911 0.25348964005213265 0.1
2394 0.5019152511005525 0.2445990270080586 0.25348572189138896 0.1
2395 0.5019157324383944 0.24460245900049363 0.2534818085611119 0.1
2396 0.5019162132027997 0.2446058867438022 0.2534779000533982 0.1
2397 0.5019166933946636 0.24460931024497587 0.25347399636036044 0.1
2398 0.5019171730148804 0.2446127295109922 0.2534700974741274 0.1
2399 0.501917652064342 0.24461614454881414 0.2534662033868439 0.1
2400 0.5019181305439393 0.24461955536539035 0.25346231409067044 0.1
2401 0.5019186084545606 0.2446229619676556 0.2534584295777838 0.1
2402 0.5019190857970934 0.24462636436252996 0.2534545498403767 0.1
2403 0.5019195625724229 0.24462976255691984 0.2534506748706573 0.1
2404 0.501920038781433 0.24463315655771714 0.2534468046608499 0.1
2405 0.5019205144250055 0.24463654637179996 0.25344293920319455 0.1
2406 0.5019209895040209 0.2446399320060322 0.2534390784899469 0.1
2407 0.5019214640193579 0.24464331346726367 0.2534352225133784 0.1
2408 0.5019219379718936 0.24464669076233045 0.2534313712657759 0.1
2409 0.501922411362503 0.2446500638980544 0.25342752473944263 0.1
2410 0.50192288419206 0.24465343288124355 0.2534236829266965 0.1
2411 0.5019233564614366 0.24465679771869212 0.25341984581987126 0.1
2412 0.501923828171503 0.24466015841718036 0.25341601341131653 0.1
2413 0.501924299323128 0.2446635149834748 0.2534121856933971 0.1
2414 0.5019247699171786 0.24466686742432836 0.2534083626584931 0.1
2415 0.5019252399545201 0.24467021574647965 0.25340454429900017 0.1
2416 0.5019257094360163 0.24467355995665419 0.2534007306073295 0.1
2417 0.5019261783625292 0.24467690006156328 0.2533969215759073 0.1
2418 0.5019266467349197 0.24468023606790504 0.2533931171971753 0.1
2419 0.5019271145540459 0.24468356798236382 0.2533893174635903 0.1
2420 0.5019275818207655 0.24468689581161027 0.2533855223676244 0.1
2421 0.5019280485359338 0.24469021956230147 0.25338173190176483 0.1
2422 0.5019285147004047 0.24469353924108125 0.25337794605851416 0.1
2423 0.5019289803150309 0.2446968548545796 0.25337416483038966 0.1
2424 0.5019294453806624 0.2447001664094133 0.25337038820992425 0.1
2425 0.5019299098981489 0.2447034739121858 0.25336661618966533 0.1
2426 0.5019303738683378 0.24470677736948682 0.2533628487621753 0.1
2427 0.501930837292075 0.24471007678789292 0.25335908592003203 0.1
2428 0.5019313001702044 0.24471337217396757 0.253355327655828 0.1
2429 0.501931762503569 0.24471666353426066 0.2533515739621705 0.1
2430 0.5019322242930095 0.2447199508753086 0.2533478248316818 0.1
2431 0.5019326855393659 0.24472323420363526 0.2533440802569989 0.1
2432 0.5019331462434758 0.24472651352575048 0.2533403402307736 0.1
2433 0.5019336064061755 0.2447297888481519 0.25333660474567266 0.1
2434 0.5019340660282997 0.24473306017732316 0.2533328737943771 0.1
2435 0.5019345251106817 0.24473632751973518 0.2533291473695831 0.1
2436 0.501934983654153 0.24473959088184583 0.25332542546400116 0.1
2437 0.5019354416595435 0.24474285027009995 0.2533217080703565 0.1
2438 0.5019358991276819 0.24474610569092942 0.2533179951813888 0.1
2439 0.5019363560593948 0.24474935715075277 0.25331428678985246 0.1
2440 0.5019368124555075 0.24475260465597606 0.25331058288851627 0.1
2441 0.501937268316844 0.24475584821299246 0.25330688347016356 0.1
2442 0.5019377236442265 0.24475908782818173 0.2533031885275918 0.1
2443 0.5019381784384754 0.24476232350791133 0.2532994980536133 0.1
2444 0.50193863270041 0.24476555525853552 0.25329581204105456 0.1
2445 0.5019390864308475 0.24476878308639619 0.25329213048275634 0.1
2446 0.5019395396306044 0.24477200699782195 0.2532884533715736 0.1
2447 0.5019399923004952 0.24477522699912915 0.2532847807003757 0.1
2448 0.5019404444413325 0.24477844309662133 0.25328111246204615 0.1
2449 0.501940896053928 0.2447816552965892 0.2532774486494829 0.1
2450 0.5019413471390912 0.24478486360531093 0.25327378925559774 0.1
2451 0.5019417976976311 0.2447880680290522 0.25327013427331674 0.1
2452 0.5019422477303541 0.2447912685740659 0.25326648369558 0.1
2453 0.5019426972380655 0.2447944652465927 0.2532628375153418 0.1
2454 0.5019431462215695 0.2447976580528603 0.25325919572557015 0.1
2455 0.5019435946816682 0.2448008469990844 0.2532555583192474 0.1
2456 0.5019440426191623 0.244804032091468 0.2532519252893698 0.1
2457 0.5019444900348512 0.2448072133362016 0.25324829662894716 0.1
2458 0.5019449369295328 0.2448103907394635 0.25324467233100356 0.1
2459 0.5019453833040035 0.2448135643074195 0.253241052388577 0.1
2460 0.5019458291590577 0.24481673404622326 0.2532374367947191 0.1
2461 0.5019462744954893 0.24481989996201584 0.2532338255424949 0.1
2462 0.5019467193140896 0.24482306206092627 0.2532302186249841 0.1
2463 0.5019471636156494 0.2448262203490712 0.2532266160352794 0.1
2464 0.5019476074009571 0.2448293748325553 0.25322301776648753 0.1
2465 0.5019480506708007 0.24483252551747073 0.2532194238117287 0.1
2466 0.5019484934259658 0.2448356724098976 0.2532158341641367 0.1
2467 0.5019489356672366 0.244838815515904 0.2532122488168594 0.1
2468 0.5019493773953966 0.24484195484154597 0.25320866776305745 0.1
2469 0.5019498186112271 0.24484509039286714 0.25320509099590577 0.1
2470 0.5019502593155081 0.24484822217589947 0.25320151850859235 0.1
2471 0.5019506995090186 0.2448513501966627 0.25319795029431874 0.1
2472 0.5019511391925351 0.24485447446116468 0.25319438634630015 0.1
2473 0.5019515783668339 0.24485759497540135 0.2531908266577648 0.1
2474 0.5019520170326889 0.24486071174535645 0.25318727122195467 0.1
2475 0.5019524551908732 0.24486382477700233 0.25318372003212464 0.1
2476 0.5019528928421578 0.24486693407629873 0.25318017308154345 0.1
2477 0.5019533299873129 0.24487003964919443 0.25317663036349264 0.1
2478 0.501953766627107 0.24487314150162562 0.25317309187126724 0.1
2479 0.5019542027623072 0.24487623963951724 0.25316955759817567 0.1
2480 0.5019546383936789 0.24487933406878215 0.2531660275375389 0.1
2481 0.5019550735219868 0.24488242479532155 0.25316250168269167 0.1
2482 0.5019555081479931 0.24488551182502521 0.25315898002698173 0.1
2483 0.5019559422724595 0.24488859516377076 0.2531554625637697 0.1
2484 0.5019563758961461 0.24489167481742455 0.25315194928642953 0.1
2485 0.5019568090198108 0.24489475079184114 0.253148440188348 0.1
2486 0.5019572416442116 0.24489782309286348 0.2531449352629249 0.1
2487 0.5019576737701036 0.2449008917263232 0.25314143450357324 0.1
2488 0.5019581053982415 0.24490395669804008 0.2531379379037185 0.1
2489 0.5019585365293777 0.2449070180138225 0.25313444545679964 0.1
2490 0.5019589671642644 0.24491007567946751 0.253130957156268 0.1
2491 0.5019593973036512 0.2449131297007606 0.2531274729955881 0.1
2492 0.5019598269482873 0.24491618008347557 0.2531239929682372 0.1
2493 0.5019602560989196 0.24491922683337528 0.2531205170677051 0.1
2494 0.5019606847562944 0.24492226995621097 0.2531170452874948 0.1
2495 0.5019611129211559 0.24492530945772237 0.25311357762112163 0.1
2496 0.5019615405942475 0.24492834534363847 0.253110114062114 0.1
2497 0.5019619677763112 0.2449313776196762 0.2531066546040126 0.1
2498 0.5019623944680872 0.2449344062915419 0.2531031992403709 0.1
2499 0.5019628206703147 0.24493743136493007 0.2530997479647551 0.1
2500 0.5019632463837315 0.24494045284552454 0.2530963007707441 0.1
2501 0.5019636716090737 0.2449434707389976 0.25309285765192874 0.1
2502 0.5019640963470763 0.24494648505101058 0.2530894186019131 0.1
2503 0.5019645205984731 0.2449494957872135 0.2530859836143133 0.1
2504 0.5019649443639965 0.2449525029532454 0.2530825526827582 0.1
2505 0.5019653676443769 0.2449555065547342 0.25307912580088887 0.1
2506 0.5019657904403445 0.24495850659729662 0.25307570296235893 0.1
2507 0.501966212752627 0.24496150308653875 0.25307228416083427 0.1
2508 0.5019666345819515 0.2449644960280553 0.2530688693899933 0.1
2509 0.5019670559290434 0.24496748542743002 0.25306545864352653 0.1
2510 0.501967476794627 0.244970471290236 0.2530620519151369 0.1
2511 0.5019678971794252 0.24497345362203504 0.25305864919853965 0.1
2512 0.5019683170841596 0.24497643242837835 0.253055250487462 0.1
2513 0.50196873650955 0.24497940771480606 0.25305185577564393 0.1
2514 0.5019691554563157 0.24498237948684742 0.25304846505683687 0.1
2515 0.5019695739251742 0.244985347750021 0.25304507832480483 0.1
2516 0.5019699919168414 0.24498831250983466 0.253041695573324 0.1
2517 0.5019704094320324 0.2449912737717852 0.2530383167961824 0.1
2518 0.5019708264714609 0.2449942315413588 0.25303494198718035 0.1
2519 0.501971243035839 0.244997185824031 0.25303157114013 0.1
2520 0.5019716591258777 0.2450001366252666 0.25302820424885564 0.1
2521 0.5019720747422868 0.24500308395051962 0.2530248413071935 0.1
2522 0.5019724898857746 0.24500602780523353 0.25302148230899185 0.1
2523 0.501972904557048 0.2450089681948412 0.2530181272481108 0.1
2524 0.5019733187568128 0.24501190512476487 0.2530147761184223 0.1
2525 0.5019737324857736 0.24501483860041606 0.25301142891381023 0.1
2526 0.5019741457446335 0.24501776862719613 0.2530080856281704 0.1
2527 0.5019745585340945 0.24502069521049538 0.25300474625541025 0.1
2528 0.5019749708548568 0.2450236183556941 0.2530014107894492 0.1
2529 0.50197538270762 0.2450265380681618 0.2529980792242183 0.1
2530 0.5019757940930821 0.2450294543532575 0.2529947515536603 0.1
2531 0.5019762050119398 0.24503236721633018 0.25299142777172995 0.1
2532 0.5019766154648887 0.24503527666271807 0.2529881078723933 0.1
2533 0.5019770254526229 0.24503818269774888 0.2529847918496282 0.1
2534 0.5019774349758355 0.24504108532674052 0.2529814796974241 0.1
2535 0.5019778440352176 0.24504398455500015 0.25297817140978224 0.1
2536 0.5019782526314601 0.24504688038782477 0.25297486698071525 0.1
2537 0.5019786607652518 0.245049772830501 0.25297156640424723 0.1
2538 0.501979068437281 0.24505266188830507 0.252968269674414 0.1
2539 0.501979475648234 0.24505554756650338 0.25296497678526264 0.1
2540 0.5019798823987961 0.24505842987035187 0.25296168773085204 0.1
2541 0.5019802886896517 0.24506130880509625 0.2529584025052521 0.1
2542 0.5019806945214833 0.2450641843759721 0.2529551211025446 0.1
2543 0.5019810998949726 0.2450670565882051 0.2529518435168222 0.1
2544 0.5019815048108003 0.24506992544701034 0.25294856974218943 0.1
2545 0.5019819092696451 0.24507279095759318 0.25294529977276164 0.1
2546 0.5019823132721851 0.24507565312514887 0.252942033602666 0.1
2547 0.501982716819097 0.24507851195486247 0.2529387712260406 0.1
2548 0.5019831199110559 0.24508136745190923 0.2529355126370348 0.1
2549 0.5019835225487363 0.2450842196214541 0.25293225782980955 0.1
2550 0.5019839247328111 0.24508706846865236 0.2529290067985365 0.1
2551 0.501984326463952 0.2450899139986491 0.25292575953739893 0.1
2552 0.5019847277428294 0.24509275621657972 0.25292251604059096 0.1
2553 0.5019851285701126 0.2450955951275695 0.2529192763023179 0.1
2554 0.50198552894647 0.24509843073673376 0.25291604031679626 0.1
2555 0.501985928872568 0.24510126304917834 0.25291280807825367 0.1
2556 0.5019863283490726 0.24510409206999878 0.2529095795809285 0.1
2557 0.5019867273766481 0.24510691780428118 0.25290635481907076 0.1
2558 0.5019871259559575 0.24510974025710172 0.2529031337869406 0.1
2559 0.5019875240876632 0.24511255943352672 0.25289991647881005 0.1
2560 0.5019879217724259 0.24511537533861275 0.2528967028889613 0.1
2561 0.5019883190109051 0.24511818797740675 0.252893493011688 0.1
2562 0.5019887158037595 0.24512099735494605 0.2528902868412945 0.1
2563 0.501989112151646 0.24512380347625784 0.2528870843720961 0.1
2564 0.5019895080552207 0.24512660634636038 0.2528838855984189 0.1
2565 0.5019899035151387 0.2451294059702617 0.25288069051459966 0.1
2566 0.5019902985320533 0.24513220235296043 0.25287749911498636 0.1
2567 0.5019906931066174 0.24513499549944545 0.25287431139393723 0.1
2568 0.5019910872394819 0.24513778541469636 0.25287112734582173 0.1
2569 0.5019914809312971 0.24514057210368304 0.2528679469650198 0.1
2570 0.5019918741827121 0.24514335557136577 0.2528647702459223 0.1
2571 0.5019922669943744 0.2451461358226954 0.2528615971829302 0.1
2572 0.5019926593669307 0.24514891286261345 0.2528584277704559 0.1
2573 0.5019930513010262 0.24515168669605172 0.25285526200292197 0.1
2574 0.5019934427973056 0.2451544573279327 0.25285209987476154 0.1
2575 0.5019938338564119 0.2451572247631694 0.25284894138041875 0.1
2576 0.5019942244789867 0.24515998900666555 0.2528457865143478 0.1
2577 0.5019946146656712 0.2451627500633153 0.2528426352710135 0.1
2578 0.5019950044171048 0.24516550793800373 0.2528394876448915 0.1
2579 0.5019953937339258 0.24516826263560645 0.2528363436304678 0.1
2580 0.5019957826167718 0.24517101416098958 0.2528332032222386 0.1
2581 0.5019961710662789 0.24517376251901016 0.252830066414711 0.1
2582 0.5019965590830819 0.24517650771451602 0.2528269332024021 0.1
2583 0.5019969466678151 0.24517924975234545 0.2528238035798394 0.1
2584 0.5019973338211108 0.24518198863732785 0.25282067754156134 0.1
2585 0.5019977205436009 0.2451847243742832 0.25281755508211595 0.1
2586 0.5019981068359156 0.24518745696802235 0.25281443619606203 0.1
2587 0.5019984926986845 0.245190186423347 0.2528113208779685 0.1
2588 0.5019988781325355 0.24519291274504967 0.2528082091224148 0.1
2589 0.501999263138096 0.24519563593791385 0.2528051009239902 0.1
2590 0.5019996477159914 0.24519835600671377 0.2528019962772947 0.1
2591 0.502000031866847 0.2452010729562148 0.25279889517693804 0.1
2592 0.5020004155912864 0.24520378679117302 0.25279579761754045 0.1
2593 0.502000798889932 0.24520649751633566 0.25279270359373235 0.1
2594 0.5020011817634051 0.24520920513644082 0.25278961310015396 0.1
2595 0.5020015642123267 0.24521190965621753 0.2527865261314559 0.1
2596 0.5020019462373152 0.24521461108038606 0.25278344268229874 0.1
2597 0.5020023278389891 0.24521730941365752 0.2527803627473533 0.1
2598 0.5020027090179654 0.24522000466073426 0.2527772863213003 0.1
2599 0.5020030897748599 0.24522269682630954 0.25277421339883055 0.1
2600 0.5020034701102876 0.24522538591506784 0.2527711439746446 0.1
2601 0.5020038500248619 0.24522807193168458 0.2527680780434535 0.1
2602 0.5020042295191953 0.24523075488082668 0.25276501559997794 0.1
2603 0.5020046085938998 0.24523343476715193 0.2527619566389483 0.1
2604 0.5020049872495852 0.24523611159530953 0.2527589011551053 0.1
2605 0.5020053654868611 0.24523878536993945 0.25275584914319943 0.1
2606 0.5020057433063358 0.24524145609567335 0.2527528005979908 0.1
2607 0.5020061207086162 0.24524412377713398 0.25274975551424983 0.1
2608 0.5020064976943085 0.24524678841893524 0.2527467138867563 0.1
2609 0.5020068742640175 0.24524945002568244 0.25274367571030004 0.1
2610 0.5020072504183473 0.24525210860197214 0.2527406409796807 0.1
2611 0.5020076261579005 0.24525476415239228 0.2527376096897073 0.1
2612 0.5020080014832786 0.2452574166815221 0.25273458183519926 0.1
2613 0.5020083763950828 0.2452600661939322 0.252731557410985 0.1
2614 0.5020087508939124 0.24526271269418454 0.2527285364119032 0.1
2615 0.5020091249803657 0.24526535618683246 0.25272551883280187 0.1
2616 0.5020094986550403 0.24526799667642088 0.2527225046685388 0.1
2617 0.5020098719185327 0.24527063416748598 0.2527194939139814 0.1
2618 0.5020102447714381 0.24527326866455543 0.2527164865640065 0.1
2619 0.5020106172143506 0.2452759001721485 0.2527134826135009 0.1
2620 0.5020109892478636 0.24527852869477582 0.25271048205736074 0.1
2621 0.502011360872569 0.24528115423693955 0.2527074848904914 0.1
2622 0.5020117320890582 0.24528377680313343 0.2527044911078084 0.1
2623 0.5020121028979211 0.24528639639784275 0.25270150070423625 0.1
2624 0.5020124732997464 0.24528901302554446 0.25269851367470925 0.1
2625 0.5020128432951223 0.24529162669070684 0.25269553001417083 0.1
2626 0.5020132128846356 0.24529423739779008 0.2526925497175742 0.1
2627 0.5020135820688724 0.24529684515124586 0.25268957277988185 0.1
2628 0.502013950848417 0.24529944995551745 0.2526865991960655 0.1
2629 0.5020143192238536 0.24530205181503986 0.2526836289611065 0.1
2630 0.5020146871957647 0.2453046507342398 0.2526806620699955 0.1
2631 0.5020150547647318 0.2453072467175358 0.25267769851773225 0.1
2632 0.5020154219313362 0.2453098397693378 0.2526747382993261 0.1
2633 0.5020157886961567 0.2453124298940478 0.2526717814097955 0.1
2634 0.5020161550597726 0.2453150170960592 0.2526688278441681 0.1
2635 0.5020165210227611 0.2453176013797577 0.2526658775974812 0.1
2636 0.5020168865856988 0.24532018274952033 0.2526629306647809 0.1
2637 0.5020172517491612 0.24532276120971605 0.25265998704112264 0.1
2638 0.502017616513723 0.2453253367647059 0.252657046721571 0.1
2639 0.5020179808799575 0.2453279094188424 0.2526541097012001 0.1
2640 0.5020183448484373 0.24533047917647016 0.2526511759750925 0.1
2641 0.5020187084197336 0.24533304604192568 0.25264824553834053 0.1
2642 0.5020190715944173 0.24533561001953746 0.2526453183860453 0.1
2643 0.5020194343730576 0.24533817111362557 0.2526423945133168 0.1
2644 0.5020197967562229 0.2453407293285023 0.2526394739152748 0.1
2645 0.5020201587444806 0.24534328466847194 0.2526365565870475 0.1
2646 0.5020205203383972 0.24534583713783065 0.2526336425237722 0.1
2647 0.5020208815385381 0.24534838674086648 0.25263073172059547 0.1
2648 0.5020212423454679 0.24535093348185968 0.2526278241726725 0.1
2649 0.5020216027597496 0.24535347736508262 0.2526249198751678 0.1
2650 0.5020219627819461 0.2453560183947993 0.25262201882325447 0.1
2651 0.5020223224126187 0.2453585565752663 0.25261912101211503 0.1
2652 0.5020226816523279 0.2453610919107319 0.25261622643694015 0.1
2653 0.5020230405016329 0.24536362440543677 0.25261333509293027 0.1
2654 0.5020233989610928 0.24536615406361328 0.25261044697529406 0.1
2655 0.5020237570312643 0.2453686808894864 0.2526075620792491 0.1
2656 0.5020241147127045 0.2453712048872732 0.2526046804000223 0.1
2657 0.5020244720059689 0.2453737260611825 0.2526018019328486 0.1
2658 0.5020248289116116 0.24537624441541597 0.25259892667297246 0.1
2659 0.5020251854301868 0.2453787599541668 0.25259605461564644 0.1
2660 0.5020255415622467 0.2453812726816208 0.2525931857561326 0.1
2661 0.5020258973083428 0.24538378260195604 0.25259032008970106 0.1
2662 0.5020262526690265 0.24538628971934268 0.2525874576116309 0.1
2663 0.5020266076448467 0.2453887940379434 0.25258459831721 0.1
2664 0.5020269622363527 0.24539129556191272 0.2525817422017346 0.1
2665 0.5020273164440918 0.24539379429539804 0.25257888926051014 0.1
2666 0.5020276702686113 0.24539629024253856 0.25257603948885016 0.1
2667 0.5020280237104567 0.2453987834074663 0.25257319288207697 0.1
2668 0.502028376770173 0.24540127379430532 0.25257034943552165 0.1
2669 0.5020287294483043 0.24540376140717207 0.2525675091445236 0.1
2670 0.5020290817453934 0.24540624625017557 0.25256467200443106 0.1
2671 0.5020294336619823 0.24540872832741717 0.25256183801060045 0.1
2672 0.5020297851986121 0.24541120764299074 0.2525590071583972 0.1
2673 0.5020301363558232 0.24541368420098225 0.2525561794431945 0.1
2674 0.5020304871341545 0.24541615800547056 0.2525533548603749 0.1
2675 0.5020308375341442 0.24541862906052686 0.25255053340532885 0.1
2676 0.5020311875563298 0.2454210973702147 0.2525477150734554 0.1
2677 0.5020315372012477 0.24542356293859025 0.25254489986016204 0.1
2678 0.5020318864694332 0.2454260257697023 0.25254208776086445 0.1
2679 0.5020322353614209 0.2454284858675919 0.25253927877098714 0.1
2680 0.5020325838777443 0.24543094323629303 0.25253647288596265 0.1
2681 0.5020329320189358 0.24543339787983215 0.25253367010123196 0.1
2682 0.5020332797855276 0.24543584980222796 0.2525308704122445 0.1
2683 0.50203362717805 0.24543829900749226 0.2525280738144577 0.1
2684 0.502033974197033 0.24544074549962927 0.2525252803033377 0.1
2685 0.5020343208430055 0.24544318928263573 0.25252248987435877 0.1
2686 0.5020346671164955 0.24544563036050118 0.25251970252300326 0.1
2687 0.5020350130180303 0.24544806873720787 0.25251691824476186 0.1
2688 0.5020353585481357 0.2454505044167307 0.25251413703513365 0.1
2689 0.502035703707337 0.2454529374030373 0.2525113588896257 0.1
2690 0.5020360484961587 0.2454553677000878 0.25250858380375346 0.1
2691 0.502036392915124 0.2454577953118354 0.2525058117730406 0.1
2692 0.5020367369647557 0.24546022024222583 0.25250304279301844 0.1
2693 0.5020370806455751 0.24546264249519778 0.25250027685922716 0.1
2694 0.5020374239581028 0.24546506207468255 0.25249751396721465 0.1
2695 0.502037766902859 0.24546747898460436 0.25249475411253675 0.1
2696 0.5020381094803621 0.2454698932288802 0.25249199729075766 0.1
2697 0.5020384516911305 0.24547230481141974 0.25248924349744983 0.1
2698 0.5020387935356808 0.24547471373612584 0.2524864927281933 0.1
2699 0.5020391350145296 0.24547712000689406 0.2524837449785764 0.1
2700 0.5020394761281919 0.24547952362761274 0.25248100024419545 0.1
2701 0.5020398168771821 0.24548192460216325 0.25247825852065475 0.1
2702 0.5020401572620138 0.24548432293441977 0.2524755198035664 0.1
2703 0.5020404972831995 0.24548671862824947 0.25247278408855095 0.1
2704 0.5020408369412511 0.2454891116875125 0.25247005137123635 0.1
2705 0.5020411762366791 0.2454915021160619 0.2524673216472589 0.1
2706 0.5020415151699936 0.24549388991774365 0.25246459491226253 0.1
2707 0.5020418537417037 0.24549627509639704 0.25246187116189917 0.1
2708 0.5020421919523176 0.2454986576558539 0.2524591503918286 0.1
2709 0.5020425298023424 0.2455010375999391 0.25245643259771855 0.1
2710 0.5020428672922846 0.2455034149324712 0.2524537177752443 0.1
2711 0.5020432044226496 0.24550578965726086 0.2524510059200895 0.1
2712 0.5020435411939422 0.2455081617781126 0.2524482970279451 0.1
2713 0.5020438776066664 0.2455105312988237 0.2524455910945101 0.1
2714 0.5020442136613247 0.2455128982231844 0.25244288811549104 0.1
2715 0.5020445493584191 0.2455152625549782 0.2524401880866026 0.1
2716 0.5020448846984514 0.24551762429798177 0.2524374910035667 0.1
2717 0.5020452196819214 0.245519983455965 0.2524347968621137 0.1
2718 0.5020455543093285 0.24552234003269072 0.2524321056579808 0.1
2719 0.5020458885811715 0.24552469403191504 0.25242941738691355 0.1
2720 0.502046222497948 0.24552704545738713 0.25242673204466487 0.1
2721 0.5020465560601549 0.24552939431284945 0.2524240496269955 0.1
2722 0.5020468892682884 0.24553174060203795 0.25242137012967375 0.1
2723 0.5020472221228434 0.24553408432868123 0.2524186935484754 0.1
2724 0.5020475546243139 0.24553642549650168 0.2524160198791843 0.1
2725 0.5020478867731942 0.24553876410921463 0.2524133491175911 0.1
2726 0.5020482185699762 0.24554110017052877 0.25241068125949506 0.1
2727 0.5020485500151518 0.2455434336841463 0.252408016300702 0.1
2728 0.5020488811092121 0.24554576465376213 0.2524053542370258 0.1
2729 0.5020492118526468 0.2455480930830651 0.25240269506428803 0.1
2730 0.5020495422459454 0.24555041897573723 0.2524000387783174 0.1
2731 0.5020498722895963 0.24555274233545368 0.25239738537495016 0.1
2732 0.5020502019840867 0.24555506316588296 0.2523947348500302 0.1
2733 0.5020505313299035 0.24555738147068742 0.25239208719940903 0.1
2734 0.5020508603275327 0.24555969725352222 0.252389442418945 0.1
2735 0.5020511889774593 0.2455620105180363 0.2523868005045045 0.1
2736 0.5020515172801673 0.24556432126787178 0.2523841614519611 0.1
2737 0.5020518452361398 0.2455666295066644 0.25238152525719576 0.1
2738 0.5020521728458597 0.24556893523804332 0.25237889191609686 0.1
2739 0.5020525001098088 0.24557123846563117 0.25237626142455993 0.1
2740 0.502052827028468 0.2455735391930437 0.25237363377848826 0.1
2741 0.502053153602317 0.24557583742389066 0.2523710089737923 0.1
2742 0.5020534798318353 0.245578133161775 0.2523683870063897 0.1
2743 0.502053805717501 0.2455804264102935 0.2523657678722055 0.1
2744 0.5020541312597921 0.24558271717303595 0.252363151567172 0.1
2745 0.5020544564591849 0.24558500545358625 0.25236053808722897 0.1
2746 0.5020547813161556 0.2455872912555213 0.2523579274283231 0.1
2747 0.5020551058311795 0.24558957458241212 0.25235531958640844 0.1
2748 0.5020554300047306 0.2455918554378228 0.2523527145574465 0.1
2749 0.5020557538372826 0.24559413382531162 0.2523501123374058 0.1
2750 0.5020560773293082 0.2455964097484298 0.252347512922262 0.1
2751 0.5020564004812794 0.2455986832107227 0.252344916307998 0.1
2752 0.502056723293667 0.24560095421572906 0.2523423224906039 0.1
2753 0.5020570457669412 0.2456032227669816 0.2523397314660771 0.1
2754 0.5020573679015721 0.2456054888680062 0.2523371432304217 0.1
2755 0.5020576896980278 0.24560775252232273 0.25233455777964947 0.1
2756 0.5020580111567763 0.245610013733445 0.2523319751097788 0.1
2757 0.5020583322782848 0.24561227250487974 0.25232939521683545 0.1
2758 0.5020586530630193 0.2456145288401284 0.2523268180968521 0.1
2759 0.5020589735114458 0.24561678274268547 0.25232424374586865 0.1
2760 0.5020592936240285 0.24561903421603937 0.252321672159932 0.1
2761 0.5020596134012316 0.24562128326367244 0.252319103335096 0.1
2762 0.502059932843518 0.24562352988906055 0.2523165372674215 0.1
2763 0.5020602519513503 0.2456257740956733 0.25231397395297644 0.1
2764 0.5020605707251896 0.24562801588697455 0.2523114133878357 0.1
2765 0.5020608891654971 0.2456302552664217 0.2523088555680812 0.1
2766 0.5020612072727324 0.24563249223746594 0.2523063004898016 0.1
2767 0.502061525047355 0.24563472680355208 0.25230374814909295 0.1
2768 0.5020618424898231 0.24563695896811938 0.25230119854205757 0.1
2769 0.5020621596005943 0.2456391887346004 0.25229865166480525 0.1
2770 0.5020624763801256 0.2456414161064219 0.25229610751345255 0.1
2771 0.502062792828873 0.2456436410870044 0.2522935660841226 0.1
2772 0.5020631089472918 0.24564586367976252 0.2522910273729458 0.1
2773 0.5020634247358363 0.24564808388810447 0.25228849137605935 0.1
2774 0.5020637401949607 0.2456503017154326 0.2522859580896067 0.1
2775 0.5020640553251177 0.24565251716514322 0.25228342750973914 0.1
2776 0.5020643701267594 0.24565473024062667 0.252280899632614 0.1
2777 0.5020646846003374 0.24565694094526697 0.2522783744543956 0.1
2778 0.5020649987463024 0.24565914928244242 0.2522758519712551 0.1
2779 0.5020653125651043 0.24566135525552524 0.2522733321793706 0.1
2780 0.5020656260571922 0.24566355886788147 0.2522708150749263 0.1
2781 0.5020659392230145 0.2456657601228715 0.25226830065411393 0.1
2782 0.5020662520630188 0.2456679590238495 0.2522657889131316 0.1
2783 0.5020665645776521 0.24567015557416383 0.2522632798481841 0.1
2784 0.5020668767673605 0.2456723497771568 0.25226077345548276 0.1
2785 0.5020671886325891 0.245674541636165 0.25225826973124593 0.1
2786 0.5020675001737829 0.24567673115451868 0.25225576867169835 0.1
2787 0.5020678113913856 0.24567891833554276 0.2522532702730717 0.1
2788 0.5020681222858401 0.2456811031825557 0.25225077453160405 0.1
2789 0.5020684328575891 0.24568328569887066 0.2522482814435402 0.1
2790 0.5020687431070741 0.2456854658877945 0.2522457910051315 0.1
2791 0.5020690530347357 0.24568764375262836 0.25224330321263594 0.1
2792 0.5020693626410144 0.24568981929666764 0.2522408180623181 0.1
2793 0.5020696719263493 0.2456919925232015 0.2522383355504491 0.1
2794 0.5020699808911794 0.2456941634355141 0.2522358556733066 0.1
2795 0.5020702895359422 0.24569633203688296 0.25223337842717486 0.1
2796 0.502070597861075 0.24569849833058027 0.25223090380834456 0.1
2797 0.5020709058670143 0.2457006623198724 0.25222843181311333 0.1
2798 0.5020712135541956 0.24570282400801988 0.2522259624377845 0.1
2799 0.5020715209230543 0.24570498339827734 0.2522234956786685 0.1
2800 0.5020718279740238 0.245707140493894 0.25222103153208214 0.1
2801 0.5020721347075384 0.24570929529811314 0.2522185699943484 0.1
2802 0.5020724411240308 0.24571144781417217 0.2522161110617969 0.1
2803 0.5020727472239327 0.24571359804530332 0.25221365473076407 0.1
2804 0.5020730530076752 0.24571574599473262 0.25221120099759226 0.1
2805 0.5020733584756893 0.24571789166568053 0.2522087498586303 0.1
2806 0.5020736636284049 0.24572003506136195 0.25220630131023325 0.1
2807 0.5020739684662509 0.24572217618498615 0.252203855348763 0.1
2808 0.5020742729896556 0.2457243150397567 0.25220141197058765 0.1
2809 0.5020745771990471 0.24572645162887138 0.2521989711720815 0.1
2810 0.5020748810948522 0.24572858595552263 0.25219653294962524 0.1
2811 0.5020751846774969 0.24573071802289717 0.2521940972996059 0.1
2812 0.5020754879474072 0.2457328478341759 0.25219166421841693 0.1
2813 0.5020757909050076 0.24573497539253453 0.2521892337024579 0.1
2814 0.5020760935507224 0.24573710070114294 0.2521868057481347 0.1
2815 0.5020763958849749 0.24573922376316548 0.2521843803518597 0.1
2816 0.5020766979081879 0.24574134458176095 0.2521819575100513 0.1
2817 0.502076999620783 0.2457434631600828 0.2521795372191342 0.1
2818 0.5020773010231822 0.24574557950127857 0.25217711947553945 0.1
2819 0.5020776021158053 0.24574769360849064 0.252174704275704 0.1
2820 0.5020779028990728 0.2457498054848556 0.25217229161607146 0.1
2821 0.5020782033734038 0.24575191513350492 0.2521698814930913 0.1
2822 0.5020785035392165 0.24575402255756426 0.2521674739032193 0.1
2823 0.5020788033969288 0.2457561277601539 0.25216506884291734 0.1
2824 0.5020791029469575 0.24575823074438882 0.2521626663086537 0.1
2825 0.5020794021897194 0.2457603315133782 0.25216026629690236 0.1
2826 0.5020797011256302 0.24576243007022616 0.25215786880414376 0.1
2827 0.5020799997551043 0.2457645264180312 0.2521554738268644 0.1
2828 0.5020802980785566 0.24576662055988652 0.25215308136155684 0.1
2829 0.5020805960964007 0.24576871249887963 0.2521506914047198 0.1
2830 0.5020808938090491 0.2457708022380931 0.25214830395285803 0.1
2831 0.5020811912169142 0.24577288978060371 0.2521459190024822 0.1
2832 0.5020814883204076 0.24577497512948315 0.2521435365501094 0.1
2833 0.5020817851199401 0.2457770582877977 0.2521411565922623 0.1
2834 0.5020820816159218 0.24577913925860803 0.2521387791254701 0.1
2835 0.5020823778087624 0.24578121804496997 0.25213640414626765 0.1
2836 0.5020826736988706 0.24578329464993356 0.2521340316511958 0.1
2837 0.5020829692866543 0.24578536907654383 0.2521316616368018 0.1
2838 0.5020832645725213 0.24578744132784047 0.2521292940996382 0.1
2839 0.5020835595568781 0.24578951140685756 0.2521269290362642 0.1
2840 0.5020838542401309 0.24579157931662446 0.25212456644324466 0.1
2841 0.502084148622685 0.24579364506016468 0.2521222063171502 0.1
2842 0.5020844427049456 0.24579570864049696 0.25211984865455755 0.1
2843 0.5020847364873159 0.2457977700606345 0.2521174934520496 0.1
2844 0.5020850299702001 0.24579982932358535 0.2521151407062146 0.1
2845 0.5020853231540002 0.24580188643235237 0.2521127904136473 0.1
2846 0.502085616039119 0.24580394138993306 0.2521104425709477 0.1
2847 0.5020859086259576 0.24580599419932012 0.2521080971747223 0.1
2848 0.5020862009149164 0.24580804486350047 0.252105754221583 0.1
2849 0.5020864929063958 0.24581009338545629 0.25210341370814776 0.1
2850 0.5020867846007953 0.24581213976816443 0.25210107563104034 0.1
2851 0.5020870759985132 0.24581418401459665 0.2520987399868901 0.1
2852 0.502087367099948 0.24581622612771942 0.25209640677233264 0.1
2853 0.5020876579054967 0.2458182661104943 0.25209407598400896 0.1
2854 0.5020879484155565 0.24582030396587745 0.25209174761856606 0.1
2855 0.502088238630523 0.24582233969682019 0.25208942167265685 0.1
2856 0.5020885285507921 0.24582437330626852 0.2520870981429394 0.1
2857 0.5020888181767584 0.24582640479716342 0.25208477702607823 0.1
2858 0.5020891075088159 0.24582843417244088 0.25208245831874326 0.1
2859 0.5020893965473582 0.24583046143503165 0.25208014201761025 0.1
2860 0.5020896852927781 0.24583248658786155 0.25207782811936036 0.1
2861 0.5020899737454679 0.24583450963385117 0.2520755166206809 0.1
2862 0.5020902619058191 0.24583653057591634 0.2520732075182647 0.1
2863 0.5020905497742223 0.24583854941696762 0.2520709008088099 0.1
2864 0.5020908373510682 0.24584056615991068 0.25206859648902125 0.1
2865 0.502091124636746 0.24584258080764604 0.252066294555608 0.1
2866 0.502091411631645 0.24584459336306938 0.2520639950052858 0.1
2867 0.5020916983361531 0.2458466038290712 0.2520616978347757 0.1
2868 0.5020919847506582 0.24584861220853738 0.25205940304080443 0.1
2869 0.5020922708755474 0.24585061850434828 0.2520571106201043 0.1
2870 0.502092556711207 0.24585262271937983 0.25205482056941325 0.1
2871 0.5020928422580228 0.24585462485650272 0.25205253288547463 0.1
2872 0.5020931275163798 0.24585662491858265 0.25205024756503763 0.1
2873 0.5020934124866625 0.24585862290848062 0.25204796460485673 0.1
2874 0.5020936971692549 0.2458606188290527 0.25204568400169236 0.1
2875 0.5020939815645403 0.2458626126831497 0.25204340575230993 0.1
2876 0.5020942656729009 0.24586460447361808 0.2520411298534809 0.1
2877 0.5020945494947192 0.2458665942032988 0.2520388563019821 0.1
2878 0.5020948330303759 0.24586858187502847 0.2520365850945956 0.1
2879 0.5020951162802524 0.24587056749163858 0.25203431622810923 0.1
2880 0.5020953992447281 0.24587255105595562 0.25203204969931625 0.1
2881 0.5020956819241829 0.2458745325708016 0.2520297855050154 0.1
2882 0.5020959643189955 0.2458765120389936 0.252027523642011 0.1
2883 0.5020962464295441 0.2458784894633434 0.2520252641071124 0.1
2884 0.5020965282562063 0.2458804648466587 0.25202300689713486 0.1
2885 0.5020968097993592 0.24588243819174188 0.25202075200889895 0.1
2886 0.5020970910593789 0.24588440950139054 0.25201849943923055 0.1
2887 0.5020973720366414 0.24588637877839775 0.2520162491849609 0.1
2888 0.5020976527315216 0.24588834602555165 0.2520140012429267 0.1
2889 0.5020979331443941 0.24589031124563562 0.2520117556099702 0.1
2890 0.5020982132756328 0.2458922744414283 0.2520095122829389 0.1
2891 0.502098493125611 0.24589423561570356 0.2520072712586855 0.1
2892 0.5020987726947014 0.24589619477123045 0.25200503253406814 0.1
2893 0.5020990519832758 0.24589815191077355 0.25200279610595067 0.1
2894 0.502099330991706 0.2459001070370924 0.2520005619712017 0.1
2895 0.5020996097203625 0.245902060152942 0.2519983301266955 0.1
2896 0.5020998881696158 0.2459040112610727 0.25199610056931154 0.1
2897 0.5021001663398357 0.2459059603642298 0.2519938732959346 0.1
2898 0.5021004442313907 0.24590790746515453 0.2519916483034547 0.1
2899 0.5021007218446493 0.2459098525665831 0.2519894255887676 0.1
2900 0.5021009991799799 0.24591179567124688 0.2519872051487733 0.1
2901 0.5021012762377489 0.24591373678187292 0.25198498698037824 0.1
2902 0.5021015530183238 0.24591567590118316 0.2519827710804931 0.1
2903 0.5021018295220699 0.24591761303189563 0.25198055744603437 0.1
2904 0.5021021057493529 0.24591954817672318 0.2519783460739239 0.1
2905 0.5021023817005378 0.2459214813383742 0.251976136961088 0.1
2906 0.5021026573759884 0.24592341251955246 0.25197393010445907 0.1
2907 0.5021029327760689 0.24592534172295713 0.2519717255009741 0.1
2908 0.5021032079011417 0.2459272689512828 0.25196952314757537 0.1
2909 0.5021034827515698 0.24592919420721954 0.2519673230412106 0.1
2910 0.5021037573277148 0.2459311174934526 0.25196512517883246 0.1
2911 0.5021040316299382 0.24593303881266326 0.25196292955739863 0.1
2912 0.5021043056586003 0.24593495816752745 0.25196073617387216 0.1
2913 0.5021045794140615 0.24593687556071714 0.25195854502522136 0.1
2914 0.5021048528966813 0.24593879099489954 0.25195635610841915 0.1
2915 0.5021051261068185 0.2459407044727375 0.2519541694204441 0.1
2916 0.5021053990448315 0.24594261599688907 0.2519519849582793 0.1
2917 0.5021056717110781 0.24594452557000807 0.25194980271891376 0.1
2918 0.5021059441059156 0.24594643319474377 0.25194762269934073 0.1
2919 0.5021062162297003 0.24594833887374085 0.2519454448965589 0.1
2920 0.5021064880827885 0.24595024260963952 0.251943269307572 0.1
2921 0.5021067596655355 0.24595214440507562 0.2519410959293889 0.1
2922 0.5021070309782963 0.24595404426268044 0.2519389247590232 0.1
2923 0.5021073020214248 0.24595594218508107 0.2519367557934941 0.1
2924 0.5021075727952754 0.24595783817489952 0.25193458902982496 0.1
2925 0.5021078433002008 0.2459597322347543 0.25193242446504505 0.1
2926 0.5021081135365536 0.24596162436725852 0.2519302620961879 0.1
2927 0.5021083835046857 0.24596351457502177 0.25192810192029247 0.1
2928 0.5021086532049489 0.24596540286064852 0.2519259439344026 0.1
2929 0.5021089226376936 0.2459672892267393 0.25192378813556704 0.1
2930 0.5021091918032705 0.2459691736758901 0.2519216345208394 0.1
2931 0.5021094607020291 0.2459710562106924 0.2519194830872785 0.1
2932 0.5021097293343187 0.24597293683373342 0.2519173338319478 0.1
2933 0.5021099977004879 0.2459748155475962 0.25191518675191593 0.1
2934 0.5021102658008846 0.2459766923548591 0.25191304184425634 0.1
2935 0.5021105336358561 0.24597856725809644 0.2519108991060474 0.1
2936 0.5021108012057498 0.2459804402598779 0.2519087585343723 0.1
2937 0.5021110685109117 0.24598231136276924 0.2519066201263191 0.1
2938 0.5021113355516877 0.24598418056933133 0.25190448387898096 0.1
2939 0.502111602328423 0.24598604788212117 0.25190234978945575 0.1
2940 0.5021118688414623 0.24598791330369163 0.2519002178548462 0.1
2941 0.5021121350911496 0.24598977683659065 0.25189808807225966 0.1
2942 0.5021124010778287 0.2459916384833624 0.2518959604388089 0.1
2943 0.5021126668018424 0.24599349824654657 0.2518938349516109 0.1
2944 0.5021129322635334 0.24599535612867857 0.25189171160778795 0.1
2945 0.5021131974632432 0.24599721213228992 0.2518895904044668 0.1
2946 0.5021134624013137 0.24599906625990733 0.25188747133877903 0.1
2947 0.502113727078085 0.24600091851405367 0.25188535440786136 0.1
2948 0.5021139914938979 0.24600276889724723 0.2518832396088548 0.1
2949 0.5021142556490921 0.24600461741200239 0.2518811269389054 0.1
2950 0.5021145195440064 0.24600646406082943 0.2518790163951641 0.1
2951 0.5021147831789798 0.24600830884623384 0.2518769079747863 0.1
2952 0.5021150465543501 0.2460101517707176 0.25187480167493226 0.1
2953 0.502115309670455 0.2460119928367779 0.251872697492767 0.1
2954 0.5021155725276313 0.2460138320469084 0.25187059542546036 0.1
2955 0.5021158351262156 0.24601566940359784 0.25186849547018647 0.1
2956 0.502116097466544 0.24601750490933136 0.25186639762412466 0.1
2957 0.5021163595489513 0.24601933856658972 0.2518643018844589 0.1
2958 0.5021166213737727 0.24602117037784962 0.25186220824837763 0.1
2959 0.5021168829413424 0.24602300034558364 0.2518601167130739 0.1
2960 0.5021171442519943 0.24602482847225998 0.2518580272757458 0.1
2961 0.5021174053060615 0.24602665476034288 0.2518559399335955 0.1
2962 0.5021176661038765 0.2460284792122927 0.2518538546838306 0.1
2963 0.5021179266457719 0.24603030183056562 0.25185177152366267 0.1
2964 0.5021181869320789 0.246032122617613 0.2518496904503081 0.1
2965 0.5021184469631287 0.24603394157588318 0.2518476114609881 0.1
2966 0.5021187067392519 0.24603575870781985 0.25184553455292835 0.1
2967 0.5021189662607783 0.24603757401586265 0.25184345972335903 0.1
2968 0.5021192255280379 0.2460393875024471 0.25184138696951497 0.1
2969 0.5021194845413591 0.24604119917000497 0.2518393162886358 0.1
2970 0.5021197433010708 0.2460430090209638 0.2518372476779655 0.1
2971 0.5021200018075006 0.24604481705774692 0.2518351811347525 0.1
2972 0.5021202600609761 0.24604662328277396 0.2518331166562501 0.1
2973 0.5021205180618241 0.24604842769846008 0.25183105423971563 0.1
2974 0.5021207758103711 0.24605023030721715 0.25182899388241187 0.1
2975 0.5021210333069424 0.24605203111145216 0.2518269355816054 0.1
2976 0.5021212905518638 0.2460538301135687 0.2518248793345675 0.1
2977 0.5021215475454601 0.2460556273159661 0.25182282513857396 0.1
2978 0.5021218042880553 0.24605742272103984 0.25182077299090483 0.1
2979 0.5021220607799733 0.24605921633118144 0.2518187228888452 0.1
2980 0.5021223170215372 0.24606100814877832 0.25181667482968434 0.1
2981 0.5021225730130701 0.24606279817621396 0.251814628810716 0.1
2982 0.5021228287548937 0.246064586415868 0.25181258482923835 0.1
2983 0.5021230842473299 0.24606637287011607 0.25181054288255394 0.1
2984 0.5021233394907003 0.2460681575413297 0.25180850296797014 0.1
2985 0.5021235944853248 0.24606994043187685 0.2518064650827984 0.1
2986 0.5021238492315236 0.24607172154412146 0.2518044292243548 0.1
2987 0.5021241037296174 0.24607350088042299 0.25180239538995974 0.1
2988 0.5021243579799242 0.24607527844313778 0.2518003635769379 0.1
2989 0.5021246119827633 0.24607705423461804 0.25179833378261884 0.1
2990 0.5021248657384523 0.2460788282572118 0.2517963060043359 0.1
2991 0.5021251192473091 0.24608060051326341 0.2517942802394274 0.1
2992 0.502125372509651 0.24608237100511351 0.25179225648523557 0.1
2993 0.5021256255257943 0.2460841397350985 0.2517902347391073 0.1
2994 0.502125878296055 0.24608590670555133 0.25178821499839366 0.1
2995 0.5021261308207493 0.2460876719188006 0.25178619726045015 0.1
2996 0.5021263831001918 0.24608943537717157 0.2517841815226367 0.1
2997 0.5021266351346971 0.2460911970829854 0.25178216778231755 0.1
2998 0.5021268869245796 0.2460929570385594 0.25178015603686105 0.1
2999 0.5021271384701524 0.24609471524620738 0.25177814628364015 0.1
