mass br_wb br_zt br_ht s_r
300 0.41254109951796586 0.3656853928705261 0.2217735076115081 0.1
301 0.3932904647494598 0.3550134500596132 0.251696085190927 0.1
302 0.37780693235006796 0.3471554394394012 0.2750376282105309 0.1
303 0.36478373677387027 0.3410766752938779 0.29413958793225176 0.1
304 0.3535146549787436 0.3362280053420444 0.31025733967921204 0.1
305 0.3435687393947228 0.3322801826386553 0.324151077966622 0.1
306 0.33466116880815705 0.3290193296629081 0.33631950152893486 0.1
307 0.3265926959578059 0.32629834982392636 0.3471089542182677 0.1
308 0.31921786692218745 0.3240116440519487 0.35677048902586395 0.1
309 0.31242691034948766 0.32208082503864605 0.3654922646118663 0.1
310 0.30613474566515836 0.3204461204126646 0.37341913392217696 0.1
311 0.3002739706034022 0.3190609346423621 0.3806650947542357 0.1
312 0.29479020219374014 0.3178882666192175 0.38732153118704227 0.1
313 0.2896388753427524 0.3168982688806333 0.39346285577661416 0.1
314 0.2847829795731133 0.316066536726014 0.39915048370087264 0.1
315 0.2801914196037977 0.3153728794407655 0.4044357009554368 0.1
316 0.27583780254308843 0.31480041899981304 0.40936177845709854 0.1
317 0.27169952400333824 0.3143349166900915 0.41396555930657014 0.1
318 0.26775706818245587 0.3139642617774899 0.41827867004005426 0.1
319 0.263993464018964 0.31367807757552335 0.42232845840551275 0.1
320 0.26039385712168867 0.31346741401240524 0.42613872886590604 0.1
321 0.2569451688850214 0.3133245048947326 0.42973032622024604 0.1
322 0.2536358221592524 0.31324257422281576 0.4331216036179318 0.1
323 0.2504555183574464 0.3132156801567476 0.436328801485806 0.1
324 0.24739505476355983 0.3132385882081844 0.4393663570282556 0.1
325 0.24444617358506915 0.31330666735205753 0.44224715906287326 0.1
326 0.24160143630992909 0.31341580428319826 0.4449827594068728 0.1
327 0.23885411841037357 0.3135623321629873 0.4475835494266392 0.1
328 0.23619812053935715 0.31374297103066723 0.4500589084299756 0.1
329 0.23362789319555238 0.3139547776751031 0.4524173291293444 0.1
330 0.23113837246382987 0.3141951032326577 0.45466652430351223 0.1
331 0.22872492492240526 0.3144615571357206 0.45681351794187425 0.1
332 0.22638330018278546 0.31475197631294105 0.4588647235042736 0.1
333 0.22410958982137652 0.3150643987570466 0.460826011421577 0.1
334 0.22190019169193684 0.31539704074434 0.4627027675637232 0.1
335 0.2197517787905996 0.31574827712262477 0.4644999440867756 0.1
336 0.21766127199086416 0.31611662418966247 0.46622210381947327 0.1
337 0.21562581608294804 0.31650072476845476 0.46787345914859724 0.1
338 0.21364275864643376 0.3168993351533479 0.46945790620021827 0.1
339 0.21170963136198687 0.3173113136557069 0.4709790549823061 0.1
340 0.20982413343070025 0.31773561052242794 0.47244025604687184 0.1
341 0.2079841168212049 0.3181712590369377 0.47384462414185735 0.1
342 0.20618757310724806 0.31861736764222864 0.4751950592505232 0.1
343 0.20443262169375012 0.3190731129501201 0.4764942653561298 0.1
344 0.2027174992587521 0.3195377335213931 0.47774476721985487 0.1
345 0.20104055026326717 0.32001052431844584 0.478948925418287 0.1
346 0.19940021840170652 0.32049083174634074 0.48010894985195274 0.1
347 0.19779503888296698 0.3209780492100357 0.48122691190699723 0.1
348 0.19622363144701022 0.32147161312563644 0.4823047554273534 0.1
349 0.19468469403427308 0.32197099933199325 0.4833443066337336 0.1
350 0.19317699703592267 0.32247571985615353 0.4843472831079239 0.1
351 0.19169937806207454 0.3229853199923069 0.48531530194561856 0.1
352 0.19025073717292146 0.323499375659076 0.48624988716800255 0.1
353 0.1888300325244345 0.3240174910044707 0.48715247647109483 0.1
354 0.1874362763861005 0.32453929623166783 0.48802442738223173 0.1
355 0.1860685314931758 0.32506444562206377 0.48886702288476036 0.1
356 0.18472590770028482 0.3255926157349056 0.48968147656480954 0.1
357 0.1834075589069697 0.3261235037652634 0.4904689373277668 0.1
358 0.18211268022910101 0.326656826044243 0.49123049372665595 0.1
359 0.18084050539292848 0.32719231666719817 0.49196717793987327 0.1
360 0.1795903043310809 0.32772972623731284 0.49267996943160625 0.1
361 0.17836138096202872 0.3282688207133427 0.4933697983246286 0.1
362 0.17715307113647663 0.32880938035153784 0.49403754851198556 0.1
363 0.17596474073586016 0.3293511987328532 0.4946840605312868 0.1
364 0.17479578390963957 0.3298940818675073 0.4953101342228532 0.1
365 0.17364562143942475 0.33043784736978415 0.49591653119079115 0.1
366 0.17251369921914642 0.33098232369672076 0.49650397708413285 0.1
367 0.17139948684155074 0.3315273494449657 0.4970731637134834 0.1
368 0.17030247628222736 0.33207277270068414 0.49762475101708853 0.1
369 0.1692221806732201 0.33261845043788835 0.4981593688888915 0.1
370 0.16815813315901354 0.33316424796103405 0.49867761887995243 0.1
371 0.16710988582835767 0.33371003838812924 0.49918007578351314 0.1
372 0.16607700871598946 0.3342557021709561 0.4996672891130544 0.1
373 0.16505908886884663 0.33480112664934053 0.5001397844818128 0.1
374 0.16405572947184804 0.3353462056366811 0.5005980648914709 0.1
375 0.16306654902875176 0.33589083903421507 0.5010426119370331 0.1
376 0.16209118059398914 0.33643493247172734 0.5014738869342835 0.1
377 0.16112927105172392 0.33697839697261395 0.5018923319756621 0.1
378 0.16018048043870659 0.33752114864140464 0.5022983709198888 0.1
379 0.15924448130777843 0.33806310837200804 0.5026924103202136 0.1
380 0.15832095812914052 0.338604201575104 0.5030748402957554 0.1
381 0.1574096067267399 0.33914435792323616 0.503446035350024 0.1
382 0.15651013374733572 0.3396835111122871 0.5038063551403772 0.1
383 0.15562225616000935 0.34022159863812446 0.5041561452018661 0.1
384 0.15474570078405064 0.340758561587315 0.5044957376286344 0.1
385 0.15388020384332027 0.3412943444408862 0.5048254517157936 0.1
386 0.15302551054533317 0.3418288948902059 0.5051455945644608 0.1
387 0.15218137468344012 0.34236216366412237 0.5054564616524375 0.1
388 0.15134755826061097 0.3428941043665744 0.5057583373728146 0.1
389 0.15052383113343 0.343424673323948 0.5060514955426221 0.1
390 0.1497099706750228 0.3439538294415101 0.506336199883467 0.1
391 0.14890576145572096 0.3444815340683013 0.5066127044759776 0.1
392 0.14811099494036273 0.34500775086991997 0.5068812541897173 0.1
393 0.14732546920120548 0.3455324457086708 0.5071420850901237 0.1
394 0.14654898864549573 0.3460555865305913 0.5073954248239129 0.1
395 0.14578136375681378 0.3465771432589072 0.507641492984279 0.1
396 0.14502241084936854 0.34709708769349884 0.5078805014571326 0.1
397 0.14427195183447566 0.3476153934159947 0.5081126547495296 0.1
398 0.14352981399850492 0.3481320357001312 0.5083381503013639 0.1
399 0.14279582979163075 0.3486469914270487 0.5085571787813205 0.1
400 0.14206983662676428 0.349160239005215 0.5087699243680206 0.1
401 0.14135167668808643 0.3496717582946875 0.508976565017226 0.1
402 0.14064119674863956 0.35018153053545054 0.50917727271591 0.1
403 0.13993824799647206 0.35068953827957794 0.50937221372395 0.1
404 0.13924268586886038 0.35119576532698943 0.5095615488041502 0.1
405 0.13855436989416492 0.3517001966645862 0.5097454334412489 0.1
406 0.13787316354090423 0.35220281840856593 0.5099240180505299 0.1
407 0.13719893407365824 0.35270361774972814 0.5100974481766137 0.1
408 0.13653155241543408 0.3532025829015961 0.5102658646829697 0.1
409 0.1358708930161523 0.3536997030511922 0.5104294039326556 0.1
410 0.1352168337269319 0.35419496831231306 0.5105881979607549 0.1
411 0.13456925567987107 0.35468836968116413 0.5107423746389648 0.1
412 0.13392804317304013 0.3551798989942157 0.510892057832744 0.1
413 0.1332930835604184 0.355669548888162 0.5110373675514197 0.1
414 0.13266426714652496 0.3561573127618588 0.5111784200916162 0.1
415 0.13204148708550556 0.3566431847401368 0.5113153281743577 0.1
416 0.1314246392844531 0.35712715963938163 0.5114482010761653 0.1
417 0.13081362231075183 0.35760923293478913 0.511577144754459 0.1
418 0.13020833730324602 0.3580894007292021 0.5117022619675518 0.1
419 0.12960868788704863 0.3585676597234443 0.5118236523895069 0.1
420 0.1290145800918113 0.3590440071880731 0.5119414127201156 0.1
421 0.12842592227329025 0.3595184409364724 0.5120556367902375 0.1
422 0.1278426250380515 0.35999095929921787 0.5121664156627306 0.1
423 0.12726460117116523 0.3604615610996492 0.5122738377291856 0.1
424 0.12669176556675082 0.36093024563058174 0.5123779888026675 0.1
425 0.12612403516123774 0.36139701263210333 0.5124789522066588 0.1
426 0.12556132886921823 0.36186186227039907 0.5125768088603826 0.1
427 0.12500356752177152 0.3623247951175519 0.5126716373606766 0.1
428 0.12445067380714818 0.3627858121322678 0.5127635140605841 0.1
429 0.1239025722137061 0.36324491464148306 0.5128525131448107 0.1
430 0.12335918897499897 0.3637021043228054 0.5129387067021955 0.1
431 0.1228204520169198 0.3641573831877501 0.5130221647953302 0.1
432 0.12228629090680851 0.36461075356573075 0.5131029555274607 0.1
433 0.12175663680443857 0.36506221808876854 0.5131811451067929 0.1
434 0.12123142241479899 0.36551177967688364 0.5132567979083174 0.1
435 0.12071058194259499 0.3659594415241376 0.5133299765332675 0.1
436 0.12019405104839286 0.36640520708529245 0.5134007418663148 0.1
437 0.1196817668063389 0.3668490800630608 0.5134691531306004 0.1
438 0.11917366766338552 0.36729106439591525 0.5135352679406993 0.1
439 0.11866969339996117 0.3677311642464325 0.5135991423536063 0.1
440 0.1181697850920231 0.368169383990147 0.5136608309178299 0.1
441 0.11767388507443616 0.3686057282048882 0.5137203867206758 0.1
442 0.11718193690562213 0.3690402016605826 0.5137778614337952 0.1
443 0.11669388533342827 0.3694728093094957 0.5138333053570762 0.1
444 0.11620967626216425 0.3699035562768943 0.5138867674609414 0.1
445 0.11572925672076101 0.3703324478521117 0.5139382954271273 0.1
446 0.11525257483200652 0.3707594894799941 0.5139879356879994 0.1
447 0.11477957978281422 0.37118468675271543 0.5140357334644703 0.1
448 0.11431022179548449 0.3716080454019386 0.514081732802577 0.1
449 0.11384445209991911 0.37202957129131176 0.5141259766087691 0.1
450 0.11338222290675157 0.3724492704092836 0.5141685066839649 0.1
451 0.11292348738135735 0.3728671488622217 0.514209363756421 0.1
452 0.11246819961871043 0.3732832128678226 0.5142485875134669 0.1
453 0.11201631461905323 0.3736974687488001 0.5142862166321467 0.1
454 0.11156778826434882 0.37410992292683865 0.5143222888088125 0.1
455 0.11112257729548553 0.3745205819168017 0.5143568407877127 0.1
456 0.11068063929020573 0.37492945232118335 0.5143899083886109 0.1
457 0.11024193264173239 0.3753365408247911 0.5144215265334765 0.1
458 0.1098064165380646 0.3757418541896536 0.5144517292722819 0.1
459 0.10937405094192128 0.3761453992501391 0.5144805498079398 0.1
460 0.10894479657130526 0.37654718290827915 0.5145080205204156 0.1
461 0.10851861488066829 0.3769472121292872 0.5145341729900444 0.1
462 0.10809546804265131 0.37734549393726435 0.5145590380200843 0.1
463 0.10767531893038411 0.37774203541108275 0.5145826456585333 0.1
464 0.1072581311003186 0.3781368436804428 0.5146050252192387 0.1
465 0.1068438687755817 0.37852992592209234 0.5146262053023258 0.1
466 0.10643249682982527 0.3789212893562054 0.5146462138139694 0.1
467 0.10602398077155799 0.37931094124290926 0.5146650779855328 0.1
468 0.10561828672894157 0.37969888887895836 0.5146828243921 0.1
469 0.10521538143503431 0.38008513959454604 0.5146994789704196 0.1
470 0.10481523221346742 0.38046970075024855 0.5147150670362839 0.1
471 0.10441780696453845 0.3808525797340971 0.5147296133013644 0.1
472 0.1040230741517077 0.3812337839587729 0.5147431418895193 0.1
473 0.10363100278848383 0.38161332085891686 0.5147556763525992 0.1
474 0.10324156242568522 0.3819911978885555 0.5147672396857592 0.1
475 0.10285472313906467 0.38236742251863115 0.5147778543423042 0.1
476 0.10247045551728497 0.3827420022346379 0.5147875422480772 0.1
477 0.10208873065023316 0.3831149445343565 0.5147963248154104 0.1
478 0.10170952011766343 0.38348625692568383 0.5148042229566527 0.1
479 0.10133279597815614 0.3838559469245551 0.5148112570972888 0.1
480 0.10095853075838385 0.38422402205295275 0.5148174471886634 0.1
481 0.10058669744267341 0.3845904898370012 0.5148228127203254 0.1
482 0.10021726946285536 0.38495535780514056 0.5148273727320041 0.1
483 0.0998502206883899 0.3853186334863807 0.5148311458252294 0.1
484 0.09948552541676214 0.38568032440862776 0.51483415017461 0.1
485 0.09912315836413686 0.38604043809708377 0.5148364035387794 0.1
486 0.09876309465626432 0.38639898207271517 0.5148379232710204 0.1
487 0.09840530981963051 0.38675596385078675 0.5148387263295827 0.1
488 0.09804977977284236 0.3871113909394607 0.514838829287697 0.1
489 0.09769648081824202 0.3874652708384549 0.514838248343303 0.1
490 0.09734538963374148 0.38781761103776186 0.5148369993284967 0.1
491 0.0969964832648725 0.3881684190164233 0.5148350977187042 0.1
492 0.09664973911704332 0.38851770224135834 0.5148325586415983 0.1
493 0.09630513494799725 0.38886546816624595 0.5148293968857568 0.1
494 0.09596264886046595 0.38921172423045486 0.5148256269090791 0.1
495 0.09562225929501188 0.38955647785802455 0.5148212628469636 0.1
496 0.09528394502305389 0.38989973645668974 0.5148163185202562 0.1
497 0.09494768514007162 0.39024150741695196 0.5148108074429764 0.1
498 0.09461345905898014 0.3905817981111924 0.5148047428298272 0.1
499 0.09428124650367453 0.3909206158928269 0.5147981376034986 0.1
500 0.09395102750273455 0.39125796809549934 0.514791004401766 0.1
501 0.09362278238328797 0.3915938620323152 0.5147833555843968 0.1
502 0.09329649176502597 0.3919283049951098 0.5147752032398643 0.1
503 0.0929721365543672 0.3922613042537521 0.5147665591918805 0.1
504 0.0926496979387659 0.39259286705548446 0.5147574350057497 0.1
505 0.09232915738115917 0.3929230006242916 0.5147478419945493 0.1
506 0.09201049661455049 0.39325171216030397 0.5147377912251456 0.1
507 0.09169369763672472 0.39357900883922914 0.5147272935240462 0.1
508 0.09137874270509094 0.39390489781181426 0.5147163594830948 0.1
509 0.09106561433165006 0.39422938620333425 0.5147049994650157 0.1
510 0.09075429527808246 0.39455248111310826 0.5146932236088093 0.1
511 0.09044476855095374 0.3948741896140417 0.5146810418350045 0.1
512 0.09013701739703392 0.3951945187521928 0.5146684638507733 0.1
513 0.08983102529872754 0.3955134755463635 0.514655499154909 0.1
514 0.08952677596961152 0.3958310669877127 0.5146421570426758 0.1
515 0.08922425335007793 0.3961473000393923 0.5146284466105296 0.1
516 0.08892344160307822 0.39646218163620406 0.5146143767607178 0.1
517 0.08862432510996635 0.3967757186842774 0.5145999562057564 0.1
518 0.08832688846643869 0.39708791806076565 0.5145851934727957 0.1
519 0.08803111647856682 0.3973987866135636 0.5145700969078696 0.1
520 0.08773699415892225 0.39770833116104015 0.5145546746800376 0.1
521 0.0874445067227888 0.3980165584917914 0.5145389347854198 0.1
522 0.08715363958446178 0.3983234753644086 0.5145228850511296 0.1
523 0.08686437835363098 0.3986290885072628 0.5145065331391062 0.1
524 0.08657670883184485 0.3989334046183056 0.5144898865498494 0.1
525 0.08629061700905474 0.39923643036488515 0.5144729526260602 0.1
526 0.08600608906023614 0.39953817238357403 0.5144557385561899 0.1
527 0.08572311134208473 0.3998386372800153 0.5144382513779 0.1
528 0.08544167038978702 0.40013783162877653 0.5144204979814365 0.1
529 0.08516175291386074 0.400435761973223 0.5144024851129162 0.1
530 0.08488334579706595 0.4007324348253967 0.5143842193775373 0.1
531 0.08460643609138345 0.40102785666591145 0.5143657072427051 0.1
532 0.08433101101505867 0.40132203394385824 0.5143469550410832 0.1
533 0.08405705794971072 0.4016149730767209 0.5143279689735685 0.1
534 0.08378456443750316 0.4019066804503029 0.5143087551121939 0.1
535 0.08351351817837616 0.40219716241866427 0.5142893194029595 0.1
536 0.08324390702733793 0.4024864253040675 0.5142696676685946 0.1
537 0.08297571899181409 0.402774475396934 0.5142498056112519 0.1
538 0.0827089422290538 0.40306131895580766 0.5142297388151386 0.1
539 0.0824435650435903 0.40334696220732896 0.5142094727490807 0.1
540 0.08217957588475527 0.4036314113462161 0.5141890127690286 0.1
541 0.08191696334424596 0.40391467253525437 0.5141683641204996 0.1
542 0.08165571615374276 0.40419675190529303 0.5141475319409641 0.1
543 0.08139582318257661 0.4044776555552498 0.5141265212621736 0.1
544 0.08113727343544498 0.4047573895521216 0.5141053370124334 0.1
545 0.08088005605017519 0.40503595993100294 0.5140839840188219 0.1
546 0.08062416029553379 0.4053133726951104 0.5140624670093558 0.1
547 0.08036957556908081 0.40558963381581253 0.5140407906151068 0.1
548 0.0801162913950682 0.40586474923266663 0.514018959372265 0.1
549 0.07986429742238108 0.4061387248534614 0.5139969777241575 0.1
550 0.07961358342252028 0.40641156655426314 0.5139748500232165 0.1
551 0.07936413928762664 0.40668328017947 0.5139525805329033 0.1
552 0.07911595502854421 0.40695387154186835 0.5139301734295875 0.1
553 0.07886902077292271 0.40722334642269664 0.5139076328043806 0.1
554 0.07862332676335802 0.4074917105717108 0.5138849626649311 0.1
555 0.07837886335556982 0.4077589697072571 0.5138621669371731 0.1
556 0.07813562101661463 0.4080251295163472 0.5138392494670381 0.1
557 0.07789359032313542 0.40829019565473695 0.5138162140221276 0.1
558 0.07765276195964449 0.40855417374701103 0.5137930642933444 0.1
559 0.07741312671684082 0.40881706938666923 0.5137698038964899 0.1
560 0.07717467548996003 0.40907888813621696 0.513746436373823 0.1
561 0.07693739927715643 0.40933963552725905 0.5137229651955845 0.1
562 0.07670128917791662 0.409599317060597 0.5136993937614864 0.1
563 0.0764663363915036 0.4098579382063283 0.5136757254021682 0.1
564 0.07623253221543112 0.41011550440395034 0.5136519633806185 0.1
565 0.07599986804396675 0.41037202106246456 0.5136281108935687 0.1
566 0.07576833536666429 0.4106274935604859 0.5136041710728498 0.1
567 0.07553792576692353 0.41088192724635303 0.5135801469867235 0.1
568 0.07530863092057763 0.41113532743824066 0.5135560416411816 0.1
569 0.07508044259450737 0.4113876994242758 0.5135318579812168 0.1
570 0.07485335264528092 0.4116390484626546 0.5135075988920644 0.1
571 0.07462735301781988 0.4118893797817613 0.5134832672004189 0.1
572 0.07440243574408968 0.41213869858029023 0.51345886567562 0.1
573 0.07417859294181472 0.4123870100273686 0.5134343970308166 0.1
574 0.0739558168132174 0.4126343192626807 0.5134098639241019 0.1
575 0.07373409964378007 0.4128806313965949 0.513385268959625 0.1
576 0.07351343380103034 0.4131259515102911 0.5133606146886787 0.1
577 0.07329381173334834 0.4133702846558904 0.5133359036107613 0.1
578 0.07307522596879591 0.41361363585658467 0.5133111381746194 0.1
579 0.0728576691139674 0.4138560101067699 0.5132863207792626 0.1
580 0.0726411338528607 0.4140974123721781 0.5132614537749611 0.1
581 0.07242561294576962 0.4143378475900115 0.5132365394642188 0.1
582 0.07221109922819544 0.41457732066907815 0.5132115801027264 0.1
583 0.07199758560977858 0.4148158364899274 0.5131865779002939 0.1
584 0.07178506507324918 0.4150533999049876 0.5131615350217632 0.1
585 0.07157353067339642 0.415290015738703 0.5131364535879006 0.1
586 0.07136297553605628 0.41552568878767304 0.5131113356762707 0.1
587 0.0711533928571172 0.415760423820791 0.5130861833220918 0.1
588 0.07094477590154337 0.4159942255793839 0.5130609985190727 0.1
589 0.07073711800241514 0.41622709877735353 0.5130357832202314 0.1
590 0.07053041255998616 0.41645904810131656 0.5130105393386972 0.1
591 0.07032465304075744 0.4166900782107464 0.5129852687484961 0.1
592 0.07011983297656715 0.4169201937381146 0.5129599732853183 0.1
593 0.06991594596369637 0.41714939928903405 0.5129346547472696 0.1
594 0.0697129856619902 0.4173776994423996 0.5129093148956102 0.1
595 0.06951094579399443 0.4176050987505331 0.5128839554554725 0.1
596 0.06930982014410646 0.41783160173932454 0.5128585781165691 0.1
597 0.06910960255774133 0.4180572129083763 0.5128331845338825 0.1
598 0.06891028694051173 0.41828193673114605 0.5128077763283422 0.1
599 0.06871186725742177 0.41850577765509017 0.512782355087488 0.1
600 0.06851433753207492 0.4187287401018075 0.5127569223661175 0.1
601 0.06831769184589505 0.4189508284671831 0.5127314796869219 0.1
602 0.06812192433736046 0.4191720471215307 0.5127060285411089 0.1
603 0.06792702920125106 0.4193924004097378 0.5126805703890112 0.1
604 0.06773300068790802 0.4196118926514079 0.5126551066606841 0.1
605 0.06753983310250583 0.41983052814100436 0.5126296387564898 0.1
606 0.06734752080433637 0.4200483111479938 0.5126041680476698 0.1
607 0.06715605820610483 0.42026524591698844 0.5125786958769066 0.1
608 0.06696543977323749 0.42048133666789034 0.5125532235588721 0.1
609 0.06677566002320064 0.42069658759603284 0.5125277523807665 0.1
610 0.06658671352483078 0.42091100287232314 0.512502283602846 0.1
611 0.06639859489767577 0.4211245866433857 0.5124768184589384 0.1
612 0.0662112988113468 0.4213373430317029 0.5124513581569503 0.1
613 0.06602481998488073 0.42154927613575716 0.512425903879362 0.1
614 0.0658391531861128 0.4217603900301726 0.5124004567837146 0.1
615 0.06565429323105977 0.42197068876585536 0.5123750180030848 0.1
616 0.06547023498331232 0.4221801763701349 0.5123495886465528 0.1
617 0.065286973353438 0.4223888568469037 0.5123241697996583 0.1
618 0.065104503298393 0.4225967341767573 0.5122987625248497 0.1
619 0.06492281982094399 0.42280381231713454 0.5122733678619213 0.1
620 0.0647419179690984 0.42301009520245497 0.5122479868284466 0.1
621 0.06456179283554435 0.42321558674425863 0.512222620420197 0.1
622 0.06438243955709909 0.42342029083134447 0.5121972696115565 0.1
623 0.06420385331416618 0.42362421132990635 0.5121719353559275 0.1
624 0.06402602933020139 0.4238273520836722 0.5121466185861264 0.1
625 0.0638489628711863 0.42402971691403923 0.5121213202147745 0.1
626 0.06367264924511123 0.4242313096202108 0.512096041134678 0.1
627 0.0634970838014649 0.42443213397933177 0.5120707822192033 0.1
628 0.06332226193073308 0.424632193746624 0.5120455443226429 0.1
629 0.06314817906390427 0.4248314926555203 0.5120203282805755 0.1
630 0.06297483067198337 0.42503003441779896 0.5119951349102176 0.1
631 0.06280221226551275 0.42522782272371695 0.5119699650107703 0.1
632 0.06263031939410028 0.42542486124214285 0.5119448193637569 0.1
633 0.06245914764595521 0.42562115362068925 0.5119196987333555 0.1
634 0.062288692647430616 0.42581670348584416 0.5118946038667253 0.1
635 0.062118950062572724 0.4260115144431026 0.5118695354943247 0.1
636 0.06194991559267756 0.4262055900770966 0.5118444943302258 0.1
637 0.06178158497585358 0.42639893395172557 0.5118194810724208 0.1
638 0.06161395398659158 0.42659154961028534 0.5117944964031232 0.1
639 0.06144701843534029 0.4267834405755969 0.5117695409890628 0.1
640 0.06128077416808902 0.42697461035013423 0.5117446154817767 0.1
641 0.06111521706595602 0.4271650624161521 0.5117197205178919 0.1
642 0.060950343044783015 0.4273548002358125 0.5116948567194044 0.1
643 0.06078614805473605 0.42754382725131135 0.5116700246939525 0.1
644 0.06062262807991183 0.4277321468850031 0.5116452250350851 0.1
645 0.06045977913794987 0.42791976253952607 0.5116204583225241 0.1
646 0.06029759727965066 0.42810667759792703 0.5115957251224224 0.1
647 0.06013607858859912 0.428292895423784 0.511571025987617 0.1
648 0.059975219180793495 0.4284784193613294 0.5115463614578771 0.1
649 0.059815015204279925 0.42866325273557276 0.5115217320601474 0.1
650 0.059655462838791785 0.4288473988524215 0.5114971383087867 0.1
651 0.05949655829539509 0.4290308609988022 0.5114725807058028 0.1
652 0.059338297816137864 0.42921364244278076 0.5114480597410814 0.1
653 0.05918067767370543 0.4293957464336822 0.5114235758926123 0.1
654 0.05902369417108042 0.4295771762022093 0.5113991296267102 0.1
655 0.0588673436412073 0.4297579349605604 0.5113747213982323 0.1
656 0.05871162244666201 0.4299380259025481 0.5113503516507898 0.1
657 0.058556526979326166 0.430117452203715 0.5113260208169589 0.1
658 0.0584020536600658 0.43029621702145 0.5113017293184842 0.1
659 0.058248198938414736 0.43047432349510456 0.5112774775664807 0.1
660 0.05809495929226235 0.4306517747461071 0.5112532659616307 0.1
661 0.057942331227545524 0.43082857387807677 0.5112290948943777 0.1
662 0.05779031127794545 0.43100472397693756 0.5112049647451169 0.1
663 0.057638896004587936 0.43118022811103096 0.5111808758843811 0.1
664 0.05748808199574825 0.4313550893312278 0.5111568286730238 0.1
665 0.0573378658665602 0.4315293106710401 0.5111328234623996 0.1
666 0.05718824425872873 0.43170289514673144 0.5111088605945396 0.1
667 0.057039213840247044 0.43187584575742743 0.5110849404023254 0.1
668 0.05689077130511715 0.4320481654852251 0.5110610632096576 0.1
669 0.05674291337307436 0.43221985729530155 0.5110372293316241 0.1
670 0.05659563678931574 0.43239092413602215 0.5110134390746621 0.1
671 0.05644893832423194 0.4325613689390479 0.5109896927367203 0.1
672 0.05630281477314276 0.4327311946194421 0.5109659906074151 0.1
673 0.056157262956036576 0.432900404075777 0.5109423329681865 0.1
674 0.05601227971731277 0.4330690001902382 0.5109187200924492 0.1
675 0.05586786192552792 0.43323698582873055 0.5108951522457417 0.1
676 0.05572400647314539 0.43340436384098135 0.5108716296858732 0.1
677 0.05558071027628822 0.43357113706064493 0.5108481526630668 0.1
678 0.05543797027449524 0.4337373083054037 0.5108247214201012 0.1
679 0.0552957834304805 0.433902880377072 0.5108013361924476 0.1
680 0.055154146729895825 0.43406785606169673 0.5107779972084076 0.1
681 0.05501305718109662 0.4342322381296582 0.5107547046892452 0.1
682 0.05487251181491055 0.4343960293357709 0.5107314588493185 0.1
683 0.05473250768440941 0.4345592324193821 0.5107082598962086 0.1
684 0.054593041864684035 0.43472185010447134 0.5106851080308445 0.1
685 0.05445411145262195 0.4348838850997491 0.510662003447629 0.1
686 0.05431571356668791 0.43504534009875323 0.5106389463345588 0.1
687 0.05417784534670779 0.43520621777994717 0.510615936873345 0.1
688 0.05404050395365429 0.43536652080681537 0.5105929752395303 0.1
689 0.05390368656943654 0.43552625182795957 0.5105700616026039 0.1
690 0.05376739039669136 0.43568541347719386 0.5105471961261148 0.1
691 0.05363161265857808 0.43584400837363835 0.5105243789677836 0.1
692 0.053496350598575375 0.4360020391218142 0.5105016102796105 0.1
693 0.053361601480280886 0.43615950831173633 0.5104788902079828 0.1
694 0.05322736258721363 0.43631641851900543 0.5104562188937809 0.1
695 0.053093631222618336 0.436472772304901 0.5104335964724805 0.1
696 0.05296040470927289 0.43662857221647194 0.5104110230742551 0.1
697 0.052827680389297894 0.4367838207866274 0.5103884988240747 0.1
698 0.052695455623968476 0.4369385205342277 0.510366023841804 0.1
699 0.052563727793528775 0.4370926739641723 0.5103435982422989 0.1
700 0.05243249429700856 0.43724628356749096 0.5103212221355005 0.1
701 0.05230175255204221 0.43739935182142986 0.510298895626528 0.1
702 0.052171499994689875 0.437551881189541 0.5102766188157691 0.1
703 0.052041734079260785 0.4377038741217686 0.5102543917989706 0.1
704 0.05191245227813911 0.4378553330545358 0.5102322146673253 0.1
705 0.05178365208161135 0.4380062604108307 0.5102100875075579 0.1
706 0.051655330997696605 0.4381566586002922 0.5101880104020112 0.1
707 0.05152748655197806 0.43830653001929376 0.5101659834287282 0.1
708 0.051400116287437354 0.43845587705102895 0.5101440066615336 0.1
709 0.05127321776429049 0.43860470206559443 0.5101220801701151 0.1
710 0.05114678855982568 0.4387530074200731 0.5101002040201011 0.1
711 0.05102082626824364 0.4389007954586174 0.5100783782731388 0.1
712 0.05089532850049928 0.4390480685125296 0.5100566029869712 0.1
713 0.05077029288414541 0.4391948289003454 0.5100348782155092 0.1
714 0.050645717063178886 0.43934107892791335 0.5100132040089078 0.1
715 0.0505215986978876 0.4394868208884755 0.5099915804136369 0.1
716 0.050397935464700346 0.43963205706274794 0.5099700074725518 0.1
717 0.05027472505603763 0.43977678971899886 0.5099484852249636 0.1
718 0.050151965180164716 0.4399210211131281 0.5099270137067072 0.1
719 0.05002965356104642 0.4400647534887451 0.5099055929502084 0.1
720 0.04990778793820337 0.4402079890772463 0.5098842229845503 0.1
721 0.049786366066570095 0.4403507300978931 0.5098629038355368 0.1
722 0.04966538571635493 0.44049297875788695 0.5098416355257582 0.1
723 0.04954484467290124 0.44063473725244673 0.509820418074652 0.1
724 0.04942474073655055 0.44077600776488374 0.5097992514985658 0.1
725 0.049305071722507185 0.4409167924666769 0.509778135810816 0.1
726 0.04918583546070445 0.44105709351754663 0.5097570710217489 0.1
727 0.049067029795672325 0.44119691306552994 0.5097360571387977 0.1
728 0.04894865258640689 0.4413362532470531 0.5097150941665399 0.1
729 0.048830701706240966 0.4414751161870046 0.5096941821067545 0.1
730 0.04871317504271644 0.441613503998808 0.5096733209584755 0.1
731 0.04859607049745813 0.44175141878449353 0.5096525107180483 0.1
732 0.04847938598604885 0.4418888626347704 0.5096317513791808 0.1
733 0.04836311943790609 0.4420258376290962 0.5096110429329977 0.1
734 0.04824726879615999 0.4421623458357488 0.5095903853680911 0.1
735 0.048131832017532815 0.4422983893118961 0.5095697786705712 0.1
736 0.048016807072219767 0.4424339701036649 0.5095492228241153 0.1
737 0.0479021919437709 0.44256909024621094 0.5095287178100181 0.1
738 0.047787984628974906 0.44270375176378657 0.5095082636072386 0.1
739 0.04767418313774361 0.4428379566698091 0.5094878601924474 0.1
740 0.04756078549299813 0.44297170696692856 0.5094675075400733 0.1
741 0.047447789730556224 0.4431050046470954 0.5094472056223484 0.1
742 0.047335193899020855 0.44323785169162555 0.5094269544093535 0.1
743 0.04722299605967004 0.44337025007126885 0.5094067538690611 0.1
744 0.04711119428634788 0.443502201746273 0.5093866039673791 0.1
745 0.0469997866653568 0.4436337086664498 0.5093665046681933 0.1
746 0.046888771295351114 0.4437647727712395 0.5093464559334094 0.1
747 0.0467781462872314 0.4438953959897759 0.5093264577229927 0.1
748 0.04666790976404058 0.44402558024095024 0.5093065099950093 0.1
749 0.04655805986086067 0.44415532743347375 0.5092866127056656 0.1
750 0.04644859472471079 0.44428463946594193 0.5092667658093473 0.1
751 0.04633951251444645 0.4444135182268965 0.5092469692586571 0.1
752 0.046230811400659676 0.44454196559488834 0.509227223004452 0.1
753 0.046122489565580516 0.44466998343853825 0.5092075269958812 0.1
754 0.046014545202979235 0.44479757361659933 0.5091878811804214 0.1
755 0.04590697651806994 0.4449247379780174 0.5091682855039126 0.1
756 0.04579978172741501 0.44505147836199155 0.5091487399105934 0.1
757 0.045692959058830564 0.44517779659803475 0.5091292443431347 0.1
758 0.045586506751293054 0.4453036945060325 0.5091097987426744 0.1
759 0.045480423054846855 0.44542917389630354 0.5090904030488497 0.1
760 0.04537470623051266 0.44555423656965726 0.50907105719983 0.1
761 0.04526935455019707 0.44567888431745345 0.5090517611323494 0.1
762 0.04516436629660295 0.4458031189216595 0.5090325147817376 0.1
763 0.045059739763140864 0.4459269421549085 0.5090133180819506 0.1
764 0.0449554732538414 0.4460503557805566 0.508994170965602 0.1
765 0.04485156508326848 0.446173361552739 0.5089750733639925 0.1
766 0.04474801357643343 0.44629596121642806 0.5089560252071386 0.1
767 0.04464481706871009 0.4464181565074874 0.5089370264238026 0.1
768 0.04454197390575074 0.4465399491527299 0.5089180769415194 0.1
769 0.04443948244340294 0.4466613408699709 0.5088991766866262 0.1
770 0.04433734104762721 0.44678233336808426 0.5088803255842885 0.1
771 0.04423554809441553 0.4469029283470571 0.5088615235585274 0.1
772 0.04413410196971086 0.4470231274980429 0.5088427705322462 0.1
773 0.04403300106932712 0.4471429325034169 0.508824066427256 0.1
774 0.04393224379887049 0.44726234503682805 0.5088054111643014 0.1
775 0.04383182857366102 0.4473813667632532 0.5087868046630858 0.1
776 0.043731753818655475 0.447499999339049 0.5087682468422956 0.1
777 0.043632017968370566 0.4476182444120047 0.5087497376196247 0.1
778 0.04353261946680733 0.44773610362139454 0.5087312769117981 0.1
779 0.043433556767376064 0.44785357859802877 0.5087128646345953 0.1
780 0.04333482833282208 0.44797067096430426 0.5086945007028736 0.1
781 0.0432364326351522 0.44808738233425766 0.5086761850305902 0.1
782 0.04313836815556189 0.4482037143136136 0.5086579175308245 0.1
783 0.043040633384363466 0.44831966849983695 0.5086396981157996 0.1
784 0.0429432268209145 0.4484352464821804 0.5086215266969051 0.1
785 0.04284614697354748 0.44855044984173664 0.5086034031847159 0.1
786 0.04274939235949983 0.44866528015148566 0.5085853274890145 0.1
787 0.04265296150484464 0.44877973897634427 0.5085672995188111 0.1
788 0.04255685294442231 0.44889382787321486 0.5085493191823628 0.1
789 0.04246106522177258 0.44900754839103363 0.5085313863871939 0.1
790 0.04236559688906754 0.44912090207081784 0.5085135010401146 0.1
791 0.04227044650704502 0.4492338904457139 0.508495663047241 0.1
792 0.04217561264494286 0.4493465150410448 0.5084778723140123 0.1
793 0.04208109388043354 0.4494587773743564 0.5084601287452101 0.1
794 0.041986888799559904 0.4495706789554648 0.5084424322449752 0.1
795 0.04189299599667103 0.4496822212865019 0.508424782716827 0.1
796 0.041799414074359054 0.44979340586196165 0.5084071800636794 0.1
797 0.04170614164339637 0.44990423416874603 0.5083896241878576 0.1
798 0.041613177322673806 0.45001470768620966 0.5083721149911166 0.1
799 0.041520519739138874 0.45012482788620584 0.5083546523746553 0.1
800 0.04142816752773509 0.4502345962331302 0.5083372362391346 0.1
801 0.041336119331341695 0.450344014183966 0.5083198664846923 0.1
802 0.04124437380071376 0.4504530831883277 0.5083025430109585 0.1
803 0.041152929594423335 0.450561804688505 0.5082852657170716 0.1
804 0.041061785378800654 0.45067018011950677 0.5082680345016926 0.1
805 0.04097093982787629 0.4507782109091032 0.5082508492630206 0.1
806 0.04088039162332363 0.45088589847787003 0.5082337098988063 0.1
807 0.040790139454401936 0.4509932442392304 0.5082166163063678 0.1
808 0.04070018201790011 0.45110024959949724 0.5081995683826027 0.1
809 0.04061051801808073 0.4512069159579157 0.5081825660240036 0.1
810 0.040521146166624854 0.45131324470670514 0.5081656091266701 0.1
811 0.04043206518257712 0.4514192372310996 0.5081486975863232 0.1
812 0.040343273792291696 0.4515248949093904 0.5081318312983178 0.1
813 0.04025477072937823 0.4516302191129659 0.5081150101576558 0.1
814 0.0401665547346489 0.45173521120635296 0.5080982340589981 0.1
815 0.040078624556065416 0.45183987254725716 0.5080815028966775 0.1
816 0.039990978948686876 0.45194420448660255 0.5080648165647105 0.1
817 0.039903616674618 0.45204820836857257 0.5080481749568095 0.1
818 0.039816536502957786 0.45215188553064783 0.5080315779663942 0.1
819 0.03972973720974874 0.4522552373036476 0.5080150254866036 0.1
820 0.039643217577926514 0.45235826501176724 0.5079985174103063 0.1
821 0.03955697639726989 0.4524609699726179 0.5079820536301122 0.1
822 0.03947101246435161 0.4525633534972644 0.507965634038384 0.1
823 0.03938532458248915 0.45266541689026407 0.5079492585272468 0.1
824 0.03929991156169637 0.4527671614497047 0.5079329269885989 0.1
825 0.03921477221863527 0.45286858846724243 0.5079166393141223 0.1
826 0.039129905376568595 0.45296969922813807 0.5079003953952932 0.1
827 0.03904530986531234 0.4530704950112968 0.5078841951233909 0.1
828 0.03896098452118912 0.4531709770893029 0.5078680383895079 0.1
829 0.03887692818698182 0.45327114672845753 0.5078519250845607 0.1
830 0.038793139711887616 0.45337100518881523 0.5078358550992972 0.1
831 0.03870961795147246 0.45347055372422024 0.5078198283243073 0.1
832 0.03862636176762596 0.45356979358234234 0.5078038446500316 0.1
833 0.038543370028516676 0.4536687260047128 0.5077879039667704 0.1
834 0.03846064160854782 0.4537673522267601 0.5077720061646921 0.1
835 0.03837817538831333 0.45386567347784473 0.507756151133842 0.1
836 0.03829597025455432 0.45396369098129535 0.5077403387641504 0.1
837 0.03821402510011603 0.45406140595444217 0.5077245689454418 0.1
838 0.03813233882390505 0.4541588196086531 0.5077088415674419 0.1
839 0.03805091033084681 0.454255933149367 0.5076931565197862 0.1
840 0.037969738531843766 0.4543527477761288 0.5076775136920274 0.1
841 0.037888822343733745 0.4544492646826227 0.5076619129736435 0.1
842 0.03780816068924856 0.4545454850567064 0.5076463542540451 0.1
843 0.037727752496973264 0.4546414100804443 0.5076308374225824 0.1
844 0.03764759670130553 0.45473704093014083 0.5076153623685535 0.1
845 0.03756769224241547 0.45483237877637395 0.5075999289812104 0.1
846 0.03748803806620579 0.45492742478402776 0.5075845371497664 0.1
847 0.03740863312427244 0.45502218011232437 0.5075691867634031 0.1
848 0.037329476373865196 0.4551166459148577 0.507553877711277 0.1
849 0.03725056677784924 0.45521082333962487 0.507538609882526 0.1
850 0.037171903304666264 0.45530471352905805 0.5075233831662757 0.1
851 0.037093484928296734 0.4553983176200568 0.5075081974516465 0.1
852 0.03701531062822181 0.4554916367440193 0.5074930526277588 0.1
853 0.03693737938938597 0.45558467202687414 0.50747794858374 0.1
854 0.036859690202159866 0.45567742458911087 0.5074628852087293 0.1
855 0.0367822420623035 0.45576989554581127 0.5074478623918853 0.1
856 0.036705033970929626 0.4558620860066798 0.5074328800223905 0.1
857 0.03662806493446758 0.4559539970760755 0.507417937989457 0.1
858 0.03655133396462743 0.45604562985304037 0.5074030361823321 0.1
859 0.03647484007836427 0.45613698543133085 0.5073881744903049 0.1
860 0.036398582297843006 0.45622806489944767 0.5073733528027095 0.1
861 0.03632255965040337 0.456318869340665 0.5073585710089316 0.1
862 0.03624677116852515 0.4564093998330608 0.5073438289984141 0.1
863 0.036171215889793835 0.45649965744954535 0.5073291266606608 0.1
864 0.03609589285686649 0.4565896432578917 0.5073144638852418 0.1
865 0.03602080111743786 0.4566793583207632 0.5072998405617988 0.1
866 0.035945939724206996 0.4567688036957435 0.5072852565800494 0.1
867 0.035871307734843774 0.45685798043536463 0.5072707118297916 0.1
868 0.03579690421195605 0.4569468895871355 0.5072562062009086 0.1
869 0.03572272822305688 0.4570355321935699 0.507241739583373 0.1
870 0.035648778840532094 0.4571239092922158 0.5072273118672521 0.1
871 0.03557505514160816 0.45721202191568155 0.5072129229427105 0.1
872 0.03550155620832024 0.4572998710916644 0.5071985727000154 0.1
873 0.03542828112748053 0.4573874578429784 0.507184261029541 0.1
874 0.0353552289906469 0.4574747831875816 0.5071699878217715 0.1
875 0.03528239889409186 0.4575618481386027 0.5071557529673054 0.1
876 0.035209789938771455 0.45764865370436814 0.5071415563568603 0.1
877 0.035137401230294955 0.4577352008884298 0.5071273978812753 0.1
878 0.03506523187889426 0.457821490689591 0.5071132774315149 0.1
879 0.0349932809993939 0.4579075241019324 0.5070991948986736 0.1
880 0.03492154771118112 0.45799330211484013 0.5070851501739788 0.1
881 0.03485003113817628 0.4580788257130295 0.5070711431487942 0.1
882 0.03477873040880345 0.4581640958765738 0.5070571737146228 0.1
883 0.0347076446559613 0.4582491135809273 0.5070432417631114 0.1
884 0.034636773016994124 0.45833387979695317 0.5070293471860527 0.1
885 0.03456611463366324 0.45841839549094754 0.5070154898753892 0.1
886 0.034495668652118484 0.4585026616246657 0.5070016697232158 0.1
887 0.03442543422287007 0.4585866791553464 0.5069878866217836 0.1
888 0.03435541050076041 0.45867044903573784 0.5069741404635016 0.1
889 0.03428559664493667 0.4587539722141224 0.506960431140941 0.1
890 0.03421599181882285 0.4588372496343396 0.5069467585468376 0.1
891 0.03414659519009285 0.45892028223581394 0.5069331225740933 0.1
892 0.034077405930643026 0.45900307095357545 0.5069195231157815 0.1
893 0.03400842321656552 0.45908561671828774 0.5069059600651468 0.1
894 0.033939646228121435 0.4591679204562684 0.5068924333156101 0.1
895 0.033871074149714506 0.459249983089516 0.5068789427607694 0.1
896 0.03380270616986476 0.4593318055357316 0.5068654882944035 0.1
897 0.03373454148118251 0.4594133887083441 0.5068520698104733 0.1
898 0.033666579280342425 0.45949473351653236 0.5068386872031252 0.1
899 0.03359881876805806 0.45957584086524944 0.5068253403666924 0.1
900 0.033531259149056275 0.4596567116552451 0.5068120291956987 0.1
901 0.033463899632051985 0.4597373467830893 0.5067987535848587 0.1
902 0.03339673942972328 0.459817747141195 0.5067855134290816 0.1
903 0.03332977775868639 0.4598979136178407 0.5067723086234729 0.1
904 0.03326301383947119 0.4599778470971932 0.5067591390633356 0.1
905 0.033196446896496624 0.4600575484593297 0.5067460046441736 0.1
906 0.03313007615804648 0.4601370185802613 0.5067329052616923 0.1
907 0.03306390085624542 0.460216258331953 0.5067198408118015 0.1
908 0.032997920227034794 0.46029526858234815 0.5067068111906171 0.1
909 0.0329321335101493 0.46037405019538846 0.5066938162944622 0.1
910 0.032866539949093186 0.4604526040310369 0.50668085601987 0.1
911 0.032801138791116985 0.460530930945299 0.506667930263584 0.1
912 0.03273592928719441 0.46060903179024393 0.5066550389225617 0.1
913 0.03267091069199928 0.4606869074140263 0.5066421818939745 0.1
914 0.03260608226388279 0.46076455866090726 0.5066293590752099 0.1
915 0.032541443264850776 0.46084198637127577 0.5066165703638734 0.1
916 0.03247699296054134 0.460919191381669 0.5066038156577897 0.1
917 0.03241273062020249 0.46099617452479413 0.5065910948550033 0.1
918 0.03234865551667008 0.46107293662954774 0.5065784078537822 0.1
919 0.03228476692634579 0.46114947852103755 0.5065657545526168 0.1
920 0.032221064129175414 0.4612258010206019 0.5065531348502226 0.1
921 0.03215754640862715 0.4613019049458314 0.5065405486455415 0.1
922 0.03209421305167023 0.4613777911105871 0.5065279958377429 0.1
923 0.03203106334875347 0.46145346032502266 0.5065154763262238 0.1
924 0.031968096593784356 0.4615289133956028 0.5065029900106128 0.1
925 0.031905312084107934 0.4616041511251242 0.5064905367907678 0.1
926 0.03184270912048587 0.4616791743127338 0.5064781165667803 0.1
927 0.03178028700707605 0.4617539837539497 0.5064657292389741 0.1
928 0.03171804505141184 0.46182858024068035 0.5064533747079079 0.1
929 0.031655982564381895 0.46190296456124297 0.506441052874375 0.1
930 0.03159409886020982 0.4619771375003841 0.506428763639406 0.1
931 0.03153239325643418 0.46205109983929743 0.5064165069042683 0.1
932 0.03147086507388855 0.4621248523556437 0.5064042825704677 0.1
933 0.031409513636681874 0.4621983958235692 0.5063920905397491 0.1
934 0.031348338272178644 0.4622717310137242 0.5063799307140971 0.1
935 0.03128733831097966 0.4623448586932821 0.5063678029957381 0.1
936 0.03122651308690254 0.4624177796259581 0.5063557072871394 0.1
937 0.03116586193696261 0.4624904945720264 0.5063436434910109 0.1
938 0.031105384201353815 0.46256300428833996 0.5063316115103061 0.1
939 0.031045079223429927 0.4626353095283481 0.506319611248222 0.1
940 0.0309849463496856 0.4627074110421138 0.5063076426082007 0.1
941 0.030924984929737928 0.4627793095763328 0.5062957054939292 0.1
942 0.030865194316307833 0.46285100587435113 0.5062837998093409 0.1
943 0.0308055738652018 0.4629225006761825 0.5062719254586157 0.1
944 0.030746122935293524 0.46299379471852586 0.5062600823461806 0.1
945 0.030686840888506026 0.4630648887347834 0.5062482703767106 0.1
946 0.030627727089793416 0.4631357834550778 0.5062364894551289 0.1
947 0.030568780907123363 0.4632064796062694 0.5062247394866073 0.1
948 0.030510001711459213 0.46327697791197325 0.5062130203765675 0.1
949 0.030451388876742418 0.46334727909257706 0.5062013320306805 0.1
950 0.030392941779875234 0.4634173838652566 0.5061896743548682 0.1
951 0.03033465980070321 0.4634872929439941 0.5061780472553027 0.1
952 0.030276542321998123 0.4635570070395945 0.5061664506384073 0.1
953 0.030218588729440908 0.4636265268597022 0.506154884410857 0.1
954 0.030160798411604624 0.4636958531088169 0.5061433484795785 0.1
955 0.03010317075993771 0.46376498648831144 0.5061318427517508 0.1
956 0.030045705168747244 0.46383392769644705 0.5061203671348058 0.1
957 0.029988401035182338 0.46390267742839036 0.5061089215364273 0.1
958 0.029931257759217747 0.46397123637622917 0.506097505864553 0.1
959 0.029874274743637363 0.46403960522898846 0.5060861200273743 0.1
960 0.029817451394018174 0.4641077846726466 0.5060747639333352 0.1
961 0.029760787118714015 0.4641757753901519 0.5060634374911341 0.1
962 0.02970428132883951 0.4642435780614365 0.506052140609724 0.1
963 0.029647933438254382 0.4643111933634344 0.5060408731983111 0.1
964 0.029591742863547457 0.46437862197009566 0.506029635166357 0.1
965 0.029535709024021067 0.46444586455240167 0.5060184264235773 0.1
966 0.029479831341675648 0.46451292177838205 0.5060072468799424 0.1
967 0.029424109241193964 0.4645797943131284 0.5059960964456777 0.1
968 0.029368542149926017 0.4646464828188107 0.5059849750312633 0.1
969 0.02931312949787379 0.4647129879546916 0.5059738825474346 0.1
970 0.02925787071767598 0.4647793103771418 0.5059628189051821 0.1
971 0.02920276524459312 0.46484545073965566 0.5059517840157511 0.1
972 0.029147812516492573 0.46491140969286476 0.5059407777906426 0.1
973 0.029093011973833745 0.46497718788455383 0.5059298001416124 0.1
974 0.029038363059653384 0.4650427859596751 0.5059188509806716 0.1
975 0.028983865219550948 0.46510820456036256 0.5059079302200865 0.1
976 0.028929517901674088 0.46517344432594715 0.5058970377723788 0.1
977 0.02887532055670431 0.4652385058929705 0.5058861735503252 0.1
978 0.028821272637842538 0.4653033898951998 0.5058753374669576 0.1
979 0.028767373600795045 0.4653680969636421 0.5058645294355627 0.1
980 0.02871362290375921 0.4654326277265579 0.5058537493696829 0.1
981 0.0286600200074096 0.46549698280947605 0.5058429971831143 0.1
982 0.028606564374884045 0.46556116283520704 0.5058322727899088 0.1
983 0.028553255471769685 0.4656251684238574 0.5058215761043728 0.1
984 0.028500092766089457 0.4656890001928437 0.5058109070410669 0.1
985 0.028447075728288244 0.4657526587569056 0.5058002655148062 0.1
986 0.028394203831219482 0.4658161447281204 0.5057896514406601 0.1
987 0.028341476550131642 0.46587945871591563 0.5057790647339527 0.1
988 0.028288893362654898 0.465942601327084 0.5057685053102611 0.1
989 0.028236453748787776 0.46600557316579544 0.5057579730854168 0.1
990 0.028184157190884154 0.46606837483361163 0.5057474679755042 0.1
991 0.02813200317364 0.46613100692949794 0.505736989896862 0.1
992 0.02807999118408042 0.46619347004983847 0.5057265387660812 0.1
993 0.028028120711546815 0.46625576478844694 0.5057161145000062 0.1
994 0.027976391247683974 0.4663178917365823 0.5057057170157337 0.1
995 0.027924802286427325 0.4663798514829593 0.5056953462306133 0.1
996 0.02787335332399042 0.4664416446137634 0.5056850020622461 0.1
997 0.02782204385885214 0.466503271712662 0.505674684428486 0.1
998 0.027770873391744406 0.4665647333608179 0.5056643932474377 0.1
999 0.02771984142563972 0.4666260301369026 0.5056541284374576 0.1
1000 0.02766894746573879 0.46668716261710785 0.5056438899171534 0.1
1001 0.027618191019458397 0.4667481313751584 0.5056336776053832 0.1
1002 0.02756757159641911 0.46680893698232534 0.5056234914212556 0.1
1003 0.02751708870843335 0.4668695800074372 0.5056133312841294 0.1
1004 0.027466741869493282 0.4669300610168933 0.5056031971136135 0.1
1005 0.027416530595759034 0.46699038057467557 0.5055930888295654 0.1
1006 0.027366454405546674 0.4670505392423605 0.5055830063520929 0.1
1007 0.027316512819316664 0.4671105375791319 0.5055729496015514 0.1
1008 0.02726670535966204 0.46717037614179213 0.5055629184985458 0.1
1009 0.027217031551296834 0.4672300554847748 0.5055529129639283 0.1
1010 0.027167490921044576 0.4672895761601562 0.5055429329187993 0.1
1011 0.02711808299782687 0.46734893871766736 0.5055329782845058 0.1
1012 0.027068807312651953 0.46740814370470557 0.5055230489826426 0.1
1013 0.027019663398603476 0.46746719166634615 0.5055131449350504 0.1
1014 0.026970650790829158 0.46752608314535465 0.5055032660638162 0.1
1015 0.02692176902652982 0.4675848186821975 0.5054934122912728 0.1
1016 0.02687301764494808 0.46764339881505385 0.505483583539998 0.1
1017 0.0268243961873576 0.46770182407982724 0.5054737797328153 0.1
1018 0.0267759041970519 0.4677600950101566 0.5054640007927915 0.1
1019 0.026727541219333666 0.4678182121374279 0.5054542466432383 0.1
1020 0.02667930680150396 0.4678761759907852 0.5054445172077108 0.1
1021 0.026631200492851326 0.4679339870971415 0.5054348124100071 0.1
1022 0.026583221844641375 0.4679916459811906 0.5054251321741681 0.1
1023 0.02653537041010602 0.46804915316541706 0.5054154764244769 0.1
1024 0.026487645744433044 0.4681065091701085 0.5054058450854584 0.1
1025 0.026440047404755643 0.46816371451336514 0.5053962380818792 0.1
1026 0.026392574950142026 0.4682207697111119 0.5053866553387462 0.1
1027 0.02634522794158509 0.46827767527710823 0.5053770967813066 0.1
1028 0.026298005941992265 0.46833443172295913 0.5053675623350486 0.1
1029 0.02625090851617526 0.4683910395581263 0.5053580519256986 0.1
1030 0.026203935230839862 0.4684474992899378 0.5053485654792224 0.1
1031 0.02615708565457612 0.46850381142359954 0.5053391029218243 0.1
1032 0.02611035935784809 0.46855997646220526 0.5053296641799466 0.1
1033 0.026063755912984148 0.46861599490674677 0.5053202491802692 0.1
1034 0.026017274894166952 0.4686718672561248 0.5053108578497082 0.1
1035 0.025970915877423784 0.46872759400715897 0.5053014901154173 0.1
1036 0.02592467844061672 0.46878317565459837 0.505292145904785 0.1
1037 0.02587856216343298 0.46883861269113125 0.5052828251454357 0.1
1038 0.025832566627375365 0.4688939056073956 0.505273527765229 0.1
1039 0.025786691415752645 0.46894905489198874 0.5052642536922586 0.1
1040 0.02574093611367014 0.46900406103147835 0.5052550028548515 0.1
1041 0.02569530030802021 0.46905892451041076 0.505245775181569 0.1
1042 0.02564978358747297 0.4691136458113223 0.5052365706012046 0.1
1043 0.02560438554246692 0.46916822541474906 0.5052273890427841 0.1
1044 0.02555910576519968 0.4692226637992353 0.505218230435565 0.1
1045 0.025513943849618907 0.46927696144134523 0.5052090947090359 0.1
1046 0.025468899391413016 0.4693311188156707 0.5051999817929161 0.1
1047 0.0254239719880022 0.4693851363948426 0.5051908916171551 0.1
1048 0.02537916123852945 0.46943901464953897 0.5051818241119317 0.1
1049 0.025334466743851352 0.46949275404849533 0.5051727792076535 0.1
1050 0.025289888106529514 0.4695463550585135 0.505163756834957 0.1
1051 0.02524542493082147 0.4695998181444727 0.5051547569247058 0.1
1052 0.025201076822672017 0.46965314376933637 0.5051457794079917 0.1
1053 0.02515684338970434 0.46970633239416343 0.5051368242161323 0.1
1054 0.02511272424121148 0.4697593844781166 0.5051278912806718 0.1
1055 0.025068718988147578 0.4698123004784723 0.5051189805333802 0.1
1056 0.02502482724311938 0.4698650808506287 0.505110091906252 0.1
1057 0.024981048620377613 0.46991772604811627 0.5051012253315061 0.1
1058 0.024937382735808644 0.46997023652260556 0.5050923807415858 0.1
1059 0.024893829206925948 0.4700226127239168 0.5050835580691571 0.1
1060 0.02485038765286178 0.47007485510002933 0.505074757247109 0.1
1061 0.024807057694358828 0.4701269640970885 0.5050659782085528 0.1
1062 0.02476383895376201 0.47017894015941736 0.5050572208868206 0.1
1063 0.024720731055010214 0.4702307837295237 0.5050484852154661 0.1
1064 0.024677733623628104 0.47028249524810883 0.505039771128263 0.1
1065 0.024634846286718113 0.47033407515407666 0.5050310785592053 0.1
1066 0.024592068672952234 0.4703855238845425 0.5050224074425053 0.1
1067 0.024549400412564117 0.4704368418748414 0.5050137577125944 0.1
1068 0.02450684113734107 0.47048802955853647 0.5050051293041224 0.1
1069 0.024464390480616095 0.4705390873674283 0.5049965221519557 0.1
1070 0.02442204807726007 0.47059001573156223 0.5049879361911778 0.1
1071 0.02437981356367395 0.4706408150792376 0.5049793713570885 0.1
1072 0.02433768657778092 0.4706914858370161 0.504970827585203 0.1
1073 0.024295666759018723 0.4707420284297293 0.5049623048112519 0.1
1074 0.024253753748331962 0.4707924432804882 0.5049538029711799 0.1
1075 0.02421194718816446 0.47084273081069006 0.5049453220011456 0.1
1076 0.02417024672245174 0.4708928914400277 0.5049368618375206 0.1
1077 0.024128651996613352 0.4709429255864973 0.5049284224168895 0.1
1078 0.024087162657545506 0.47099283366640626 0.5049200036760482 0.1
1079 0.024045778353613514 0.4710426160943813 0.5049116055520051 0.1
1080 0.02400449873464453 0.4710922732833773 0.5049032279819782 0.1
1081 0.02396332345192001 0.4711418056446832 0.5048948709033967 0.1
1082 0.02392225215816857 0.471191213587933 0.5048865342538985 0.1
1083 0.0238812845075586 0.47124049752111014 0.5048782179713313 0.1
1084 0.023840420155691013 0.47128965785055876 0.5048699219937502 0.1
1085 0.02379965875959222 0.4713386949809886 0.504861646259419 0.1
1086 0.02375899997770684 0.4713876093154847 0.5048533907068086 0.1
1087 0.023718443469890608 0.4714364012555142 0.5048451552745951 0.1
1088 0.023677988897403406 0.47148507120093436 0.5048369399016622 0.1
1089 0.02363763592290221 0.4715336195499996 0.5048287445270984 0.1
1090 0.02359738421043404 0.47158204669936993 0.504820569090196 0.1
1091 0.023557233425429168 0.47163035304411793 0.5048124135304528 0.1
1092 0.023517183234694126 0.4716785389777366 0.5048042777875693 0.1
1093 0.02347723330640491 0.47172660489214613 0.5047961618014489 0.1
1094 0.02343738331010011 0.4717745511777024 0.5047880655121975 0.1
1095 0.02339763291667422 0.47182237822320344 0.5047799888601223 0.1
1096 0.023357981798370897 0.471870086415897 0.504771931785732 0.1
1097 0.02331842962877618 0.47191767614148833 0.5047638942297356 0.1
1098 0.023278976082811972 0.47196514778414655 0.5047558761330416 0.1
1099 0.023239620836729348 0.4720125017265127 0.5047478774367579 0.1
1100 0.023200363568102036 0.4720597383497065 0.5047398980821916 0.1
1101 0.02316120395581982 0.47210685803333347 0.5047319380108467 0.1
1102 0.023122141680082132 0.47215386115549235 0.5047239971644255 0.1
1103 0.023083176422391515 0.47220074809278173 0.5047160754848268 0.1
1104 0.02304430786554728 0.4722475192203077 0.504708172914145 0.1
1105 0.02300553569363908 0.47229417491168996 0.5047002893946709 0.1
1106 0.02296685959204057 0.4723407155390695 0.50469242486889 0.1
1107 0.022928279247403108 0.4723871414731151 0.5046845792794818 0.1
1108 0.022889794347649532 0.4724334530830306 0.5046767525693199 0.1
1109 0.022851404581967872 0.4724796507365617 0.5046689446814706 0.1
1110 0.02281310964080515 0.4725257348000015 0.5046611555591933 0.1
1111 0.022774909215861283 0.4725717056381998 0.5046533851459389 0.1
1112 0.0227368030000829 0.47261756361456725 0.5046456333853498 0.1
1113 0.02269879068765732 0.47266330909108384 0.5046379002212589 0.1
1114 0.022660871974006395 0.4727089424283045 0.5046301855976889 0.1
1115 0.022623046555780617 0.4727544639853663 0.504622489458853 0.1
1116 0.02258531413085306 0.4727998741199947 0.5046148117491522 0.1
1117 0.022547674398313435 0.4728451731885102 0.5046071524131763 0.1
1118 0.02251012705846222 0.4728903615458352 0.5045995113957026 0.1
1119 0.02247267181280474 0.4729354395454996 0.5045918886416956 0.1
1120 0.022435308364045357 0.4729804075396485 0.5045842840963062 0.1
1121 0.02239803641608164 0.47302526587904736 0.5045766977048711 0.1
1122 0.022360855673998564 0.47307001491308937 0.5045691294129121 0.1
1123 0.02232376584406282 0.47311465498980093 0.5045615791661362 0.1
1124 0.022286766633717064 0.47315918645584903 0.5045540469104338 0.1
1125 0.022249857751574297 0.47320360965654634 0.5045465325918793 0.1
1126 0.022213038907412073 0.4732479249358583 0.5045390361567297 0.1
1127 0.02217630981216709 0.4732921326364088 0.5045315575514242 0.1
1128 0.022139670177929453 0.47333623309948697 0.5045240967225837 0.1
1129 0.0221031197179372 0.4733802266650525 0.5045166536170103 0.1
1130 0.02206665814657075 0.47342411367174253 0.5045092281816866 0.1
1131 0.022030285179347464 0.4734678944568776 0.5045018203637749 0.1
1132 0.021994000532916096 0.4735115693564672 0.5044944301106167 0.1
1133 0.02195780392505149 0.4735551387052156 0.5044870573697328 0.1
1134 0.021921695074649115 0.47359860283652966 0.5044797020888212 0.1
1135 0.021885673701719698 0.473641962082522 0.5044723642157584 0.1
1136 0.021849739527383925 0.4736852167740195 0.5044650436985967 0.1
1137 0.02181389227386711 0.4737283672405671 0.5044577404855658 0.1
1138 0.021778131664493973 0.4737714138104355 0.5044504545250704 0.1
1139 0.021742457423683356 0.47381435681062567 0.504443185765691 0.1
1140 0.021706869276943014 0.4738571965668747 0.5044359341561824 0.1
1141 0.02167136695086443 0.4738999334036627 0.5044286996454728 0.1
1142 0.021635950173117674 0.47394256764421766 0.5044214821826647 0.1
1143 0.021600618672446323 0.4739850996105206 0.5044142817170332 0.1
1144 0.021565372178662254 0.4740275296233127 0.5044070981980251 0.1
1145 0.02153021042264067 0.4740698580020996 0.5043999315752598 0.1
1146 0.02149513313631509 0.474112085065158 0.504392781798527 0.1
1147 0.021460140052672192 0.47415421112954076 0.5043856488177871 0.1
1148 0.021425230905746977 0.4741962365110824 0.5043785325831707 0.1
1149 0.021390405430617772 0.47423816152440473 0.5043714330449774 0.1
1150 0.021355663363401268 0.4742799864829226 0.5043643501536761 0.1
1151 0.0213210044412477 0.4743217116988489 0.5043572838599033 0.1
1152 0.021286428402335834 0.47436333748320053 0.5043502341144636 0.1
1153 0.021251934985868307 0.4744048641458036 0.5043432008683282 0.1
1154 0.021217523932066676 0.4744462919952981 0.5043361840726353 0.1
1155 0.021183194982166663 0.47448762133914446 0.5043291836786888 0.1
1156 0.02114894787841343 0.4745288524836285 0.504322199637958 0.1
1157 0.02111478236405678 0.47456998573386633 0.5043152319020769 0.1
1158 0.021080698183346513 0.47461102139380945 0.504308280422844 0.1
1159 0.021046695081527667 0.4746519597662513 0.504301345152221 0.1
1160 0.021012772804835912 0.474692801152831 0.5042944260423331 0.1
1161 0.020978931100492922 0.4747335458540391 0.5042875230454681 0.1
1162 0.02094516971670174 0.47477419416922284 0.5042806361140754 0.1
1163 0.020911488402642203 0.47481474639659177 0.5042737652007659 0.1
1164 0.0208778869084664 0.47485520283322125 0.5042669102583123 0.1
1165 0.020844364985294135 0.4748955637750597 0.5042600712396462 0.1
1166 0.02081092238520838 0.4749358295169321 0.5042532480978595 0.1
1167 0.020777558861250867 0.4749760003525454 0.5042464407862037 0.1
1168 0.020744274167417618 0.4750160765744936 0.5042396492580888 0.1
1169 0.02071106805865443 0.47505605847426313 0.5042328734670825 0.1
1170 0.02067794029085257 0.47509594634223706 0.5042261133669104 0.1
1171 0.020644890620844333 0.47513574046770046 0.5042193689114552 0.1
1172 0.02061191880639872 0.47517544113884547 0.504212640054756 0.1
1173 0.020579024606217026 0.47521504864277564 0.5042059267510073 0.1
1174 0.020546207779928667 0.4752545632655115 0.5041992289545597 0.1
1175 0.02051346808808673 0.4752939852919946 0.5041925466199186 0.1
1176 0.020480805292163822 0.47533331500609305 0.5041858797017431 0.1
1177 0.020448219154547802 0.47537255269060563 0.5041792281548465 0.1
1178 0.020415709438537516 0.47541169862726723 0.5041725919341953 0.1
1179 0.020383275908338685 0.4754507530967527 0.5041659709949085 0.1
1180 0.02035091832905964 0.4754897163786831 0.5041593652922572 0.1
1181 0.020318636466707233 0.47552858875162796 0.5041527747816648 0.1
1182 0.0202864300881827 0.47556737049311243 0.5041461994187048 0.1
1183 0.020254298961277544 0.4756060618796206 0.5041396391591018 0.1
1184 0.020222242854669444 0.47564466318660026 0.5041330939587303 0.1
1185 0.020190261537918256 0.47568317468846744 0.5041265637736143 0.1
1186 0.020158354781461846 0.4757215966586114 0.5041200485599266 0.1
1187 0.020126522356612202 0.47575992936939854 0.5041135482739891 0.1
1188 0.020094764035551403 0.47579817309217787 0.5041070628722708 0.1
1189 0.020063079591327575 0.4758363280972841 0.5041005923113883 0.1
1190 0.02003146879785105 0.4758743946540435 0.5040941365481054 0.1
1191 0.019999931429890316 0.47591237303077766 0.504087695539332 0.1
1192 0.019968467263068248 0.4759502634948076 0.5040812692421242 0.1
1193 0.019937076073858088 0.47598806631245943 0.5040748576136825 0.1
1194 0.01990575763957963 0.47602578174906723 0.5040684606113531 0.1
1195 0.019874511738395374 0.47606341006897823 0.5040620781926265 0.1
1196 0.01984333814930672 0.47610095153555715 0.5040557103151361 0.1
1197 0.01981223665215012 0.4761384064111901 0.5040493569366599 0.1
1198 0.0197812070275933 0.47617577495728935 0.5040430180151173 0.1
1199 0.01975024905713155 0.47621305743429765 0.5040366935085708 0.1
1200 0.019719362523083876 0.4762502541016916 0.5040303833752247 0.1
1201 0.01968854720858934 0.47628736521798687 0.5040240875734238 0.1
1202 0.019657802897603372 0.4763243910407422 0.5040178060616545 0.1
1203 0.01962712937489408 0.4763613318265634 0.5040115387985427 0.1
1204 0.019596526426038503 0.47639818783110677 0.5040052857428546 0.1
1205 0.01956599383741904 0.4764349593090855 0.5039990468534954 0.1
1206 0.019535531396219816 0.47647164651427093 0.5039928220895092 0.1
1207 0.019505138890423063 0.47650824969949873 0.5039866114100782 0.1
1208 0.01947481610880551 0.4765447691166723 0.5039804147745223 0.1
1209 0.019444562840934865 0.4765812050167665 0.5039742321422985 0.1
1210 0.0194143788771662 0.47661755764983244 0.5039680634730013 0.1
1211 0.019384264008638467 0.4766538272650008 0.5039619087263607 0.1
1212 0.019354218027270966 0.47669001411048595 0.5039557678622429 0.1
1213 0.019324240725759823 0.4767261184335908 0.5039496408406494 0.1
1214 0.019294331897574582 0.47676214048070925 0.5039435276217161 0.1
1215 0.019264491336954678 0.47679808049733163 0.5039374281657137 0.1
1216 0.019234718838906022 0.47683393872804714 0.5039313424330467 0.1
1217 0.019205014199197616 0.47686971541654943 0.5039252703842529 0.1
1218 0.019175377214358042 0.47690541080563903 0.5039192119800029 0.1
1219 0.019145807681672216 0.47694102513722786 0.5039131671810999 0.1
1220 0.01911630539917793 0.4769765586523431 0.5039071359484788 0.1
1221 0.019086870165662476 0.47701201159113127 0.5039011182432062 0.1
1222 0.019057501780659406 0.477047384192861 0.5038951140264796 0.1
1223 0.019028200044445158 0.47708267669592785 0.5038891232596271 0.1
1224 0.018998964758035745 0.47711788933785754 0.5038831459041067 0.1
1225 0.01896979572318353 0.4771530223553102 0.5038771819215062 0.1
1226 0.018940692742373866 0.47718807598408386 0.5038712312735423 0.1
1227 0.01891165561882199 0.4772230504591175 0.5038652939220605 0.1
1228 0.01888268415646964 0.47725794601449617 0.5038593698290342 0.1
1229 0.018853778159981936 0.47729276288345285 0.5038534589565652 0.1
1230 0.018824937434744147 0.477327501298374 0.5038475612668819 0.1
1231 0.018796161786858577 0.47736216149080174 0.5038416767223397 0.1
1232 0.018767451023141275 0.47739674369143836 0.5038358052854204 0.1
1233 0.018738804951118994 0.47743124813014914 0.5038299469187318 0.1
1234 0.018710223379026034 0.477465675035967 0.503824101585007 0.1
1235 0.01868170611580107 0.47750002463709496 0.503818269247104 0.1
1236 0.018653252971084174 0.4775342971609105 0.5038124498680053 0.1
1237 0.01862486375521359 0.4775684928339684 0.5038066434108179 0.1
1238 0.018596538279222804 0.4776026118820051 0.503800849838772 0.1
1239 0.018568276354837345 0.4776366545299413 0.5037950691152213 0.1
1240 0.0185400777944719 0.4776706210018862 0.5037893012036418 0.1
1241 0.018511942411227205 0.47770451152114046 0.5037835460676323 0.1
1242 0.018483870018887027 0.47773832631019975 0.5037778036709131 0.1
1243 0.018455860431915258 0.47777206559075885 0.5037720739773259 0.1
1244 0.018427913465452854 0.4778057295837133 0.5037663569508337 0.1
1245 0.018400028935314946 0.4778393185091652 0.5037606525555197 0.1
1246 0.018372206657987823 0.47787283258642466 0.5037549607555876 0.1
1247 0.018344446450626092 0.477906272034014 0.5037492815153599 0.1
1248 0.0183167481310497 0.477939637069671 0.5037436147992792 0.1
1249 0.018289111517741055 0.47797292791035206 0.5037379605719069 0.1
1250 0.018261536429842132 0.47800614477223596 0.5037323187979218 0.1
1251 0.018234022687151658 0.4780392878707264 0.503726689442122 0.1
1252 0.018206570110122177 0.4780723574204561 0.5037210724694217 0.1
1253 0.018179178519857255 0.4781053536352894 0.5037154678448533 0.1
1254 0.01815184773810868 0.47813827672832604 0.5037098755335653 0.1
1255 0.018124577587273583 0.47817112691190405 0.5037042955008224 0.1
1256 0.01809736789039171 0.47820390439760296 0.5036987277120053 0.1
1257 0.018070218471142596 0.47823660939624735 0.50369317213261 0.1
1258 0.018043129153842815 0.47826924211790967 0.5036876287282475 0.1
1259 0.018016099763443254 0.4783018027719134 0.5036820974646433 0.1
1260 0.01798913012552628 0.4783342915668367 0.503676578307637 0.1
1261 0.017962220066303144 0.47836670871051473 0.5036710712231821 0.1
1262 0.017935369412611132 0.47839905441004377 0.5036655761773451 0.1
1263 0.01790857799191103 0.47843132887178336 0.5036600931363057 0.1
1264 0.017881845632284243 0.4784635323013601 0.5036546220663557 0.1
1265 0.017855172162430308 0.47849566490367046 0.5036491629338992 0.1
1266 0.017828557411664094 0.4785277268828838 0.5036437157054521 0.1
1267 0.0178020012099133 0.4785597184424453 0.5036382803476414 0.1
1268 0.017775503387715653 0.4785916397850797 0.5036328568272047 0.1
1269 0.017749063776216427 0.4786234911127931 0.5036274451109904 0.1
1270 0.01772268220716578 0.4786552726268773 0.5036220451659569 0.1
1271 0.017696358512916188 0.4786869845279117 0.5036166569591721 0.1
1272 0.017670092526419833 0.478718627015767 0.5036112804578132 0.1
1273 0.017643884081226077 0.47875020028960774 0.5036059156291661 0.1
1274 0.017617733011478866 0.4787817045478957 0.5036005624406255 0.1
1275 0.017591639151914248 0.4788131399883919 0.5035952208596938 0.1
1276 0.01756560233785777 0.47884450680816126 0.503589890853981 0.1
1277 0.017539622405222013 0.4788758052035731 0.5035845723912049 0.1
1278 0.01751369919050413 0.47890703537030627 0.5035792654391896 0.1
1279 0.017487832530783246 0.4789381975033507 0.503573969965866 0.1
1280 0.017462022263718093 0.47896929179701087 0.5035686859392711 0.1
1281 0.01743626822754442 0.47900031844490853 0.5035634133275471 0.1
1282 0.017410570261072726 0.479031277639985 0.5035581520989423 0.1
1283 0.017384928203685635 0.47906216957450504 0.5035529022218093 0.1
1284 0.017359341895335546 0.47909299444005865 0.5035476636646058 0.1
1285 0.01733381117654223 0.4791237524275648 0.503542436395893 0.1
1286 0.0173083358883904 0.4791544437272729 0.5035372203843367 0.1
1287 0.017282915872527355 0.4791850685287672 0.5035320155987054 0.1
1288 0.01725755097116053 0.47921562702096826 0.5035268220078712 0.1
1289 0.017232241027055204 0.4792461193921367 0.5035216395808082 0.1
1290 0.017206985883532106 0.47927654582987445 0.5035164682865934 0.1
1291 0.01718178538446506 0.4793069065211295 0.5035113080944055 0.1
1292 0.017156639374278672 0.47933720165219645 0.5035061589735248 0.1
1293 0.017131547697945993 0.47936743140872146 0.5035010208933325 0.1
1294 0.017106510200986233 0.4793975959757027 0.5034958938233111 0.1
1295 0.01708152672946246 0.47942769553749454 0.503490777733043 0.1
1296 0.01705659712997923 0.47945773027780975 0.503485672592211 0.1
1297 0.017031721249680453 0.47948770037972205 0.5034805783705976 0.1
1298 0.01700689893624702 0.4795176060256689 0.5034754950380841 0.1
1299 0.01698213003789458 0.47954744739745353 0.5034704225646519 0.1
1300 0.016957414403371313 0.47957722467624875 0.50346536092038 0.1
1301 0.016932751881955668 0.47960693804259846 0.5034603100754459 0.1
1302 0.016908142323454164 0.47963658767642076 0.5034552700001251 0.1
1303 0.016883585578199155 0.4796661737570099 0.5034502406647908 0.1
1304 0.016859081497046687 0.47969569646304 0.5034452220399133 0.1
1305 0.01683462993137425 0.4797251559725664 0.5034402140960593 0.1
1306 0.016810230733078604 0.47975455246302867 0.5034352168038927 0.1
1307 0.016785883754573638 0.4797838861112534 0.5034302301341729 0.1
1308 0.016761588848788245 0.4798131570934562 0.5034252540577555 0.1
1309 0.01673734586916406 0.4798423655852448 0.5034202885455912 0.1
1310 0.016713154669653445 0.47987151176162063 0.5034153335687259 0.1
1311 0.01668901510471731 0.47990059579698247 0.5034103890983003 0.1
1312 0.016664927029323 0.4799296178651275 0.5034054551055496 0.1
1313 0.016640890298942206 0.47995857813925524 0.5034005315618026 0.1
1314 0.016616904769548822 0.479987476791969 0.5033956184384821 0.1
1315 0.01659297029761696 0.48001631399527855 0.5033907157071046 0.1
1316 0.01656908674011876 0.48004508992060263 0.5033858233392786 0.1
1317 0.016545253954522388 0.4800738047387711 0.5033809413067064 0.1
1318 0.01652147179879 0.4801024586200278 0.5033760695811822 0.1
1319 0.016497740131375643 0.48013105173403253 0.5033712081345918 0.1
1320 0.01647405881122326 0.48015958424986355 0.5033663569389132 0.1
1321 0.01645042769776466 0.4801880563360198 0.5033615159662156 0.1
1322 0.016426846650917485 0.48021646816042346 0.5033566851886591 0.1
1323 0.016403315531083203 0.4802448198904225 0.5033518645784942 0.1
1324 0.01637983419914517 0.4802731116927922 0.5033470541080626 0.1
1325 0.016356402516466553 0.4803013437337381 0.5033422537497954 0.1
1326 0.016333020344888434 0.4803295161788988 0.5033374634762129 0.1
1327 0.01630968754672778 0.48035762919334657 0.5033326832599256 0.1
1328 0.01628640398477556 0.4803856829415914 0.5033279130736329 0.1
1329 0.016263169522294712 0.4804136775875828 0.5033231528901224 0.1
1330 0.016239984023018263 0.480441613294711 0.5033184026822708 0.1
1331 0.016216847351147375 0.4804694902258107 0.5033136624230419 0.1
1332 0.016193759371349453 0.48049730854316236 0.5033089320854881 0.1
1333 0.01617071994875618 0.4805250684084949 0.5033042116427489 0.1
1334 0.016147728948961687 0.4805527699829873 0.503299501068051 0.1
1335 0.016124786238020595 0.4805804134272718 0.5032948003347076 0.1
1336 0.01610189168244618 0.48060799890143524 0.5032901094161184 0.1
1337 0.016079045149208427 0.4806355265650217 0.5032854282857699 0.1
1338 0.016056246505732293 0.48066299657703404 0.5032807569172336 0.1
1339 0.016033495619895716 0.4806904090959375 0.503276095284167 0.1
1340 0.016010792360027844 0.4807177642796598 0.5032714433603124 0.1
1341 0.015988136594907155 0.48074506228559527 0.5032668011194976 0.1
1342 0.015965528193759702 0.4807723032706059 0.5032621685356344 0.1
1343 0.01594296702625714 0.48079948739102335 0.5032575455827196 0.1
1344 0.01592045296251513 0.48082661480265165 0.5032529322348331 0.1
1345 0.015897985873091304 0.48085368566076947 0.5032483284661391 0.1
1346 0.015875565628983655 0.48088070012013123 0.5032437342508851 0.1
1347 0.015853192101628638 0.48090765833496996 0.5032391495634014 0.1
1348 0.01583086516289944 0.4809345604589991 0.5032345743781015 0.1
1349 0.015808584685104196 0.48096140664541515 0.5032300086694806 0.1
1350 0.01578635054098422 0.4809881970468989 0.503225452412117 0.1
1351 0.015764162603712273 0.4810149318156174 0.5032209055806702 0.1
1352 0.01574202074689079 0.4810416111032273 0.5032163681498818 0.1
1353 0.01571992484455017 0.48106823506087565 0.5032118400945741 0.1
1354 0.01569787477114705 0.4810948038392022 0.5032073213896507 0.1
1355 0.015675870401562514 0.4811213175883414 0.5032028120100961 0.1
1356 0.01565391161110049 0.48114777645792517 0.5031983119309744 0.1
1357 0.015631998275485958 0.48117418059708295 0.5031938211274309 0.1
1358 0.015610130270863318 0.4812005301544469 0.5031893395746899 0.1
1359 0.015588307473794626 0.48122682527815 0.5031848672480553 0.1
1360 0.015566529761257995 0.48125306611583146 0.5031804041229107 0.1
1361 0.015544797010645863 0.4812792528146359 0.5031759501747182 0.1
1362 0.01552310909976336 0.4813053855212178 0.5031715053790189 0.1
1363 0.01550146590682663 0.48133146438174174 0.5031670697114315 0.1
1364 0.015479867310461188 0.4813574895418845 0.5031626431476542 0.1
1365 0.015458313189700297 0.48138346114683794 0.5031582256634617 0.1
1366 0.0154368034239833 0.48140937934131 0.5031538172347068 0.1
1367 0.015415337893154048 0.48143524426952655 0.5031494178373194 0.1
1368 0.015393916477459193 0.4814610560752344 0.5031450274473064 0.1
1369 0.015372539057546679 0.48148681490170175 0.5031406460407515 0.1
1370 0.01535120551446405 0.48151252089172136 0.5031362735938146 0.1
1371 0.015329915729656909 0.4815381741876112 0.5031319100827318 0.1
1372 0.015308669584967337 0.4815637749312173 0.5031275554838155 0.1
1373 0.015287466962632223 0.4815893232639153 0.5031232097734525 0.1
1374 0.01526630774528184 0.48161481932661165 0.5031188729281065 0.1
1375 0.015245191815938117 0.48164026325974696 0.503114544924315 0.1
1376 0.015224119058013193 0.4816656552032961 0.5031102257386907 0.1
1377 0.01520308935530783 0.48169099529677134 0.5031059153479208 0.1
1378 0.015182102592009849 0.4817162836792232 0.5031016137287669 0.1
1379 0.015161158652692594 0.4817415204892432 0.5030973208580644 0.1
1380 0.015140257422313466 0.4817667058649649 0.5030930367127217 0.1
1381 0.015119398786212303 0.48179183994406577 0.503088761269722 0.1
1382 0.015098582630109922 0.4818169228637694 0.5030844945061208 0.1
1383 0.01507780884010662 0.481841954760847 0.5030802363990463 0.1
1384 0.015057077302680596 0.4818669357716194 0.5030759869257 0.1
1385 0.01503638790468657 0.48189186603195805 0.5030717460633553 0.1
1386 0.015015740533354187 0.4819167456772877 0.5030675137893581 0.1
1387 0.014995135076286586 0.4819415748425881 0.5030632900811253 0.1
1388 0.014974571421458943 0.4819663536623945 0.5030590749161465 0.1
1389 0.014954049457216958 0.48199108227080106 0.5030548682719821 0.1
1390 0.014933569072275412 0.4820157608014613 0.5030506701262634 0.1
1391 0.014913130155716728 0.4820403893875907 0.5030464804566925 0.1
1392 0.014892732596989483 0.4820649681619677 0.5030422992410428 0.1
1393 0.01487237628590703 0.48208949725693584 0.5030381264571572 0.1
1394 0.014852061112645995 0.4821139768044051 0.5030339620829489 0.1
1395 0.014831786967744894 0.4821384069358542 0.503029806096401 0.1
1396 0.014811553742102692 0.4821627877823314 0.5030256584755659 0.1
1397 0.014791361326977403 0.48218711947445675 0.503021519198566 0.1
1398 0.014771209613984631 0.48221140214242386 0.5030173882435915 0.1
1399 0.014751098495096275 0.4822356359160008 0.503013265588903 0.1
1400 0.014731027862639008 0.48225982092453307 0.5030091512128281 0.1
1401 0.014710997609292939 0.48228395729694334 0.5030050450937638 0.1
1402 0.014691007628090298 0.48230804516173514 0.5030009472101744 0.1
1403 0.014671057812413945 0.48233208464699306 0.502996857540593 0.1
1404 0.014651148055996063 0.4823560758803846 0.5029927760636194 0.1
1405 0.014631278252916786 0.48238001898916233 0.5029887027579208 0.1
1406 0.014611448297602813 0.48240391410016514 0.502984637602232 0.1
1407 0.01459165808482611 0.4824277613398196 0.5029805805753542 0.1
1408 0.014571907509702544 0.48245156083414203 0.5029765316561555 0.1
1409 0.014552196467690475 0.48247531270873933 0.5029724908235702 0.1
1410 0.014532524854589538 0.4824990170888118 0.5029684580565986 0.1
1411 0.014512892566539213 0.4825226740991533 0.5029644333343075 0.1
1412 0.014493299500017591 0.4825462838641539 0.5029604166358285 0.1
1413 0.014473745551839981 0.4825698465078006 0.5029564079403593 0.1
1414 0.014454230619157647 0.4825933621536797 0.5029524072271627 0.1
1415 0.014434754599456494 0.4826168309249774 0.502948414475566 0.1
1416 0.014415317390555758 0.48264025294448243 0.5029444296649618 0.1
1417 0.014395918890606728 0.48266362833458654 0.5029404527748068 0.1
1418 0.014376558998091461 0.4826869572172866 0.502936483784622 0.1
1419 0.014357237611821488 0.48271023971418564 0.5029325226739929 0.1
1420 0.014337954630936544 0.4827334759464952 0.5029285694225683 0.1
1421 0.014318709954903324 0.48275666603503614 0.5029246240100606 0.1
1422 0.01429950348351416 0.4827798101002402 0.5029206864162458 0.1
1423 0.014280335116885852 0.4828029082621514 0.5029167566209627 0.1
1424 0.01426120475545832 0.4828259606404282 0.5029128346041135 0.1
1425 0.014242112299993417 0.4828489673543441 0.5029089203456626 0.1
1426 0.014223057651573688 0.48287192852278943 0.5029050138256368 0.1
1427 0.014204040711601112 0.482894844264273 0.5029011150241257 0.1
1428 0.01418506138179589 0.4829177146969235 0.5028972239212807 0.1
1429 0.014166119564195194 0.48294053993849034 0.5028933404973144 0.1
1430 0.01414721516115199 0.48296332010634646 0.5028894647325016 0.1
1431 0.014128348075333797 0.482986055317488 0.5028855966071782 0.1
1432 0.014109518209721478 0.48300874568853724 0.5028817361017413 0.1
1433 0.014090725467608034 0.48303139133574313 0.5028778831966487 0.1
1434 0.014071969752597453 0.48305399237498314 0.5028740378724195 0.1
1435 0.014053250968603458 0.483076548921764 0.5028702001096326 0.1
1436 0.014034569019848354 0.4830990610912245 0.5028663698889271 0.1
1437 0.014015923810861822 0.4831215289981354 0.5028625471910029 0.1
1438 0.013997315246479788 0.4831439527569012 0.502858731996619 0.1
1439 0.013978743231843197 0.4831663324815623 0.5028549242865944 0.1
1440 0.013960207672396913 0.4831886682857955 0.5028511240418075 0.1
1441 0.013941708473888486 0.4832109602829157 0.5028473312431957 0.1
1442 0.013923245542367034 0.48323320858587754 0.5028435458717553 0.1
1443 0.013904818784182127 0.48325541330727584 0.5028397679085421 0.1
1444 0.013886428105982567 0.4832775745593482 0.5028359973346693 0.1
1445 0.013868073414715307 0.4832996924539754 0.5028322341313093 0.1
1446 0.013849754617624312 0.4833217671026831 0.5028284782796926 0.1
1447 0.013831471622249368 0.48334379861664334 0.5028247297611073 0.1
1448 0.013813224336425062 0.4833657871066754 0.5028209885568995 0.1
1449 0.013795012668279585 0.4833877326832477 0.5028172546484728 0.1
1450 0.013776836526233604 0.4834096354564784 0.502813528017288 0.1
1451 0.013758695818999245 0.48343149553613746 0.5028098086448634 0.1
1452 0.013740590455578879 0.4834533130316477 0.5028060965127734 0.1
1453 0.01372252034526409 0.4834750880520859 0.50280239160265 0.1
1454 0.013704485397634582 0.4834968207061839 0.5027986938961815 0.1
1455 0.013686485522557038 0.4835185111023308 0.5027950033751122 0.1
1456 0.013668520630184065 0.4835401593485731 0.5027913200212428 0.1
1457 0.013650590630953141 0.48356176555261693 0.5027876438164299 0.1
1458 0.01363269543558551 0.4835833298218286 0.502783974742586 0.1
1459 0.01361483495508508 0.4836048522632364 0.5027803127816786 0.1
1460 0.013597009100737398 0.4836263329835316 0.5027766579157309 0.1
1461 0.013579217784108616 0.48364777208907 0.5027730101268214 0.1
1462 0.013561460917044346 0.4836691696858724 0.502769369397083 0.1
1463 0.013543738411668704 0.48369052587962685 0.5027657357087043 0.1
1464 0.013526050180383175 0.48371184077568935 0.5027621090439274 0.1
1465 0.01350839613586564 0.4837331144790852 0.5027584893850493 0.1
1466 0.013490776191069306 0.48375434709450954 0.5027548767144211 0.1
1467 0.01347319025922164 0.4837755387263304 0.5027512710144479 0.1
1468 0.01345563825382343 0.48379668947858784 0.5027476722675889 0.1
1469 0.013438120088647646 0.4838177994549966 0.5027440804563558 0.1
1470 0.013420635677738523 0.4838388687589463 0.5027404955633151 0.1
1471 0.013403184935410468 0.4838598974935038 0.5027369175710857 0.1
1472 0.013385767776247084 0.48388088576141275 0.5027333464623401 0.1
1473 0.013368384115100168 0.48390183366509676 0.502729782219803 0.1
1474 0.013351033867088682 0.4839227413066592 0.5027262248262522 0.1
1475 0.013333716947597777 0.4839436087878846 0.5027226742645176 0.1
1476 0.013316433272277777 0.48396443621024027 0.502719130517482 0.1
1477 0.013299182757043226 0.48398522367487723 0.5027155935680796 0.1
1478 0.013281965318071864 0.4840059712826305 0.5027120633992976 0.1
1479 0.013264780871803637 0.4840266791340229 0.5027085399941734 0.1
1480 0.013247629334939802 0.4840473473292628 0.5027050233357975 0.1
1481 0.013230510624441832 0.4840679759682476 0.5027015134073106 0.1
1482 0.013213424657530556 0.48408856515056403 0.5026980101919054 0.1
1483 0.0131963713516851 0.48410911497548936 0.5026945136728255 0.1
1484 0.01317935062464203 0.48412962554199307 0.5026910238333648 0.1
1485 0.013162362394394304 0.4841500969487372 0.5026875406568686 0.1
1486 0.013145406579190347 0.4841705292940777 0.5026840641267319 0.1
1487 0.013128483097533157 0.48419092267606595 0.502680594226401 0.1
1488 0.013111591868179277 0.48421127719244916 0.5026771309393715 0.1
1489 0.013094732810137908 0.48423159294067275 0.5026736742491893 0.1
1490 0.013077905842669942 0.48425187001787995 0.5026702241394501 0.1
1491 0.013061110885287093 0.48427210852091374 0.5026667805937992 0.1
1492 0.013044347857750863 0.4842923085463179 0.5026633435959313 0.1
1493 0.01302761668007173 0.48431247019033796 0.5026599131295904 0.1
1494 0.013010917272508148 0.48433259354892233 0.5026564891785695 0.1
1495 0.012994249555565673 0.48435267871772375 0.5026530717267107 0.1
1496 0.012977613449996017 0.48437272579209933 0.5026496607579046 0.1
1497 0.012961008876796194 0.48439273486711293 0.5026462562560908 0.1
1498 0.01294443575720757 0.4844127060375355 0.5026428582052569 0.1
1499 0.012927894012714962 0.4844326393978459 0.5026394665894391 0.1
1500 0.012911383565045752 0.4844525350422329 0.5026360813927212 0.1
1501 0.012894904336169037 0.4844723930645954 0.5026327025992355 0.1
1502 0.012878456248294675 0.4844922135585436 0.5026293301931617 0.1
1503 0.01286203922387238 0.4845119966174009 0.5026259641587266 0.1
1504 0.01284565318559099 0.48453174233420326 0.5026226044802057 0.1
1505 0.012829298056377383 0.4845514508017019 0.5026192511419207 0.1
1506 0.012812973759395779 0.4845711221123637 0.5026159041282405 0.1
1507 0.012796680218046759 0.4845907563583719 0.5026125634235813 0.1
1508 0.012780417355966443 0.48461035363162774 0.5026092290124058 0.1
1509 0.012764185097025624 0.4846299140237512 0.5026059008792232 0.1
1510 0.012747983365328905 0.48464943762608165 0.5026025790085895 0.1
1511 0.012731812085213874 0.48466892452967963 0.5025992633851065 0.1
1512 0.012715671181250169 0.4846883748253273 0.5025959539934225 0.1
1513 0.012699560578238728 0.4847077886035295 0.5025926508182319 0.1
1514 0.012683480201210871 0.4847271659545151 0.5025893538442741 0.1
1515 0.012667429975427517 0.4847465069682378 0.5025860630563348 0.1
1516 0.012651409826378319 0.4847658117343767 0.502582778439245 0.1
1517 0.012635419679780798 0.48478508034233797 0.5025794999778812 0.1
1518 0.012619459461579564 0.4848043128812556 0.5025762276571649 0.1
1519 0.012603529097945492 0.48482350943999225 0.5025729614620623 0.1
1520 0.01258762851527484 0.48484267010714016 0.502569701377585 0.1
1521 0.0125717576401885 0.4848617949710225 0.502566447388789 0.1
1522 0.012555916399531106 0.48488088411969416 0.5025631994807748 0.1
1523 0.012540104720370322 0.4848999376409424 0.5025599576386873 0.1
1524 0.012524322529995918 0.48491895562228804 0.502556721847716 0.1
1525 0.012508569755919047 0.4849379381509871 0.5025534920930939 0.1
1526 0.012492846325871424 0.4849568853140302 0.5025502683600984 0.1
1527 0.0124771521678045 0.4849757971981453 0.5025470506340501 0.1
1528 0.012461487209888688 0.48499467388979717 0.5025438389003141 0.1
1529 0.01244585138051258 0.4850135154751891 0.5025406331442983 0.1
1530 0.012430244608282131 0.48503232204026386 0.502537433351454 0.1
1531 0.012414666822019887 0.4850510936707045 0.5025342395072757 0.1
1532 0.012399117950764225 0.4850698304519345 0.5025310515973012 0.1
1533 0.012383597923768511 0.4850885324691205 0.502527869607111 0.1
1534 0.012368106670500407 0.48510719980717126 0.5025246935223283 0.1
1535 0.012352644120641026 0.4851258325507401 0.5025215233286189 0.1
1536 0.012337210204084197 0.48514443078422487 0.502518359011691 0.1
1537 0.012321804850935725 0.48516299459176937 0.502515200557295 0.1
1538 0.012306427991512537 0.48518152405726367 0.5025120479512238 0.1
1539 0.01229107955634205 0.485200019264346 0.5025089011793119 0.1
1540 0.01227575947616129 0.4852184802964026 0.5025057602274361 0.1
1541 0.012260467681916224 0.48523690723656915 0.5025026250815146 0.1
1542 0.012245204104760973 0.4852553001677322 0.5024994957275067 0.1
1543 0.01222996867605709 0.48527365917252835 0.5024963721514145 0.1
1544 0.012214761327372753 0.48529198433334714 0.5024932543392802 0.1
1545 0.012199581990482126 0.48531027573233076 0.502490142277187 0.1
1546 0.012184430597364515 0.48532853345137505 0.5024870359512603 0.1
1547 0.012169307080203706 0.4853467575721309 0.5024839353476654 0.1
1548 0.012154211371387214 0.48536494817600434 0.5024808404526084 0.1
1549 0.012139143403505533 0.4853831053441581 0.5024777512523364 0.1
1550 0.012124103109351435 0.485401229157512 0.5024746677331365 0.1
1551 0.01210909042191926 0.485419319696744 0.5024715898813368 0.1
1552 0.01209410527440412 0.48543737704229145 0.5024685176833045 0.1
1553 0.012079147600201292 0.485455401274351 0.5024654511254476 0.1
1554 0.012064217332905436 0.48547339247288035 0.5024623901942142 0.1
1555 0.012049314406309877 0.4854913507175989 0.5024593348760912 0.1
1556 0.01203443875440594 0.4855092760879879 0.5024562851576061 0.1
1557 0.012019590311382214 0.48552716866329243 0.5024532410253253 0.1
1558 0.012004769011623851 0.4855450285225213 0.5024502024658549 0.1
1559 0.011989974789711906 0.485562855744448 0.50244716946584 0.1
1560 0.011975207580422574 0.4855806504076128 0.5024441420119647 0.1
1561 0.011960467318726534 0.48559841259032094 0.5024411200909524 0.1
1562 0.011945753939788285 0.48561614237064643 0.5024381036895652 0.1
1563 0.011931067378965408 0.4856338398264307 0.5024350927946039 0.1
1564 0.011916407571807909 0.4856515050352847 0.5024320873929073 0.1
1565 0.011901774454057535 0.48566913807458884 0.5024290874713536 0.1
1566 0.011887167961647066 0.4856867390214943 0.5024260930168586 0.1
1567 0.011872588030699703 0.48570430795292385 0.5024231040163764 0.1
1568 0.011858034597528324 0.48572184494557225 0.5024201204568994 0.1
1569 0.01184350759863487 0.48573935007590757 0.5024171423254575 0.1
1570 0.011829006970709616 0.4857568234201715 0.5024141696091188 0.1
1571 0.011814532650630564 0.4857742650543806 0.5024112022949888 0.1
1572 0.011800084575462761 0.48579167505432674 0.5024082403702104 0.1
1573 0.011785662682457622 0.4858090534955781 0.5024052838219644 0.1
1574 0.011771266909052282 0.48582640045347975 0.502402332637468 0.1
1575 0.011756897192868954 0.4858437160031544 0.5023993868039767 0.1
1576 0.011742553471714266 0.4858610002195038 0.5023964463087819 0.1
1577 0.01172823568357861 0.4858782531772088 0.5023935111392126 0.1
1578 0.011713943766635516 0.4858954749507301 0.5023905812826345 0.1
1579 0.011699677659240957 0.48591266561430974 0.5023876567264492 0.1
1580 0.01168543729993279 0.485929825241971 0.5023847374580963 0.1
1581 0.011671222627430006 0.48594695390751974 0.5023818234650502 0.1
1582 0.011657033580632225 0.4859640516845451 0.5023789147348227 0.1
1583 0.011642870098618944 0.4859811186464199 0.5023760112549612 0.1
1584 0.011628732120648987 0.48599815486630193 0.502373113013049 0.1
1585 0.011614619586159813 0.48601516041713416 0.502370219996706 0.1
1586 0.011600532434766976 0.48603213537164575 0.5023673321935873 0.1
1587 0.011586470606263399 0.4860490798023528 0.5023644495913837 0.1
1588 0.01157243404061883 0.4860659937815594 0.5023615721778218 0.1
1589 0.011558422677979189 0.48608287738135725 0.5023586999406636 0.1
1590 0.011544436458665966 0.48609973067362805 0.5023558328677059 0.1
1591 0.011530475323175597 0.48611655373004276 0.5023529709467817 0.1
1592 0.01151653921217886 0.48613334662206337 0.5023501141657578 0.1
1593 0.011502628066520266 0.4861501094209427 0.502347262512537 0.1
1594 0.011488741827217465 0.486166842197726 0.5023444159750565 0.1
1595 0.011474880435460614 0.48618354502325095 0.5023415745412885 0.1
1596 0.011461043832611798 0.4862002179681492 0.502338738199239 0.1
1597 0.011447231960204427 0.4862168611028462 0.5023359069369494 0.1
1598 0.011433444759942644 0.4862334744975622 0.5023330807424952 0.1
1599 0.011419682173700721 0.4862500582223137 0.5023302596039856 0.1
1600 0.011405944143522476 0.4862666123469125 0.502327443509565 0.1
1601 0.011392230611620677 0.4862831369409682 0.5023246324474111 0.1
1602 0.011378541520376461 0.48629963207388804 0.5023218264057354 0.1
1603 0.011364876812338772 0.4863160978148777 0.5023190253727835 0.1
1604 0.011351236430223713 0.48633253423294154 0.5023162293368346 0.1
1605 0.011337620316914054 0.48634894139688406 0.5023134382862019 0.1
1606 0.011324028415458575 0.4863653193753102 0.5023106522092313 0.1
1607 0.011310460669071556 0.4863816682366262 0.5023078710943023 0.1
1608 0.011296917021132148 0.4863979880490397 0.5023050949298281 0.1
1609 0.011283397415183864 0.486414278880562 0.5023023237042542 0.1
1610 0.011269901794933942 0.48643054079900605 0.50229955740606 0.1
1611 0.011256430104252837 0.48644677387199003 0.5022967960237572 0.1
1612 0.011242982287173641 0.4864629781669359 0.5022940395458905 0.1
1613 0.0112295582878915 0.48647915375107154 0.5022912879610371 0.1
1614 0.011216158050763071 0.4864953006914299 0.502288541257807 0.1
1615 0.011202781520305984 0.4865114190548509 0.5022857994248431 0.1
1616 0.011189428641198262 0.48652750890798224 0.5022830624508194 0.1
1617 0.011176099358277763 0.48654357031727863 0.5022803303244435 0.1
1618 0.01116279361654167 0.4865596033490041 0.5022776030344542 0.1
1619 0.011149511361145894 0.48657560806923117 0.502274880569623 0.1
1620 0.011136252537404568 0.48659158454384266 0.5022721629187528 0.1
1621 0.011123017090789469 0.48660753283853203 0.5022694500706786 0.1
1622 0.011109804966929513 0.4866234530188035 0.502266742014267 0.1
1623 0.011096616111610195 0.48663934514997337 0.5022640387384165 0.1
1624 0.011083450470773042 0.4866552092971703 0.5022613402320567 0.1
1625 0.011070307990515105 0.486671045525336 0.5022586464841489 0.1
1626 0.011057188617088405 0.4866868538992262 0.5022559574836853 0.1
1627 0.011044092296899427 0.4867026344834103 0.5022532732196903 0.1
1628 0.011031018976508532 0.48671838734227324 0.5022505936812182 0.1
1629 0.011017968602629526 0.48673411254001575 0.5022479188573548 0.1
1630 0.01100494112212905 0.4867498101406542 0.5022452487372167 0.1
1631 0.010991936482026106 0.4867654802080225 0.5022425833099514 0.1
1632 0.010978954629491508 0.48678112280577124 0.5022399225647374 0.1
1633 0.010965995511847385 0.4867967379973698 0.5022372664907828 0.1
1634 0.010953059076566669 0.48681232584610606 0.5022346150773273 0.1
1635 0.01094014527127255 0.4868278864150872 0.5022319683136403 0.1
1636 0.010927254043738 0.48684341976724044 0.5022293261890216 0.1
1637 0.010914385341885236 0.4868589259653134 0.5022266886928014 0.1
1638 0.010901539113785214 0.48687440507187496 0.5022240558143398 0.1
1639 0.01088871530765718 0.48688985714931626 0.5022214275430266 0.1
1640 0.01087591387186804 0.48690528225984975 0.5022188038682821 0.1
1641 0.010863134754932014 0.48692068046551196 0.502216184779556 0.1
1642 0.01085037790551002 0.48693605182816213 0.5022135702663278 0.1
1643 0.010837643272409212 0.48695139640948437 0.5022109603181064 0.1
1644 0.010824930804582506 0.48696671427098703 0.5022083549244305 0.1
1645 0.010812240451128032 0.486982005474004 0.502205754074868 0.1
1646 0.01079957216128872 0.48699727007969534 0.5022031577590159 0.1
1647 0.010786925884451749 0.4870125081490473 0.502200565966501 0.1
1648 0.010774301570148062 0.4870277197428735 0.5021979786869784 0.1
1649 0.010761699168051914 0.48704290492181507 0.5021953959101331 0.1
1650 0.010749118627980357 0.4870580637463415 0.5021928176256782 0.1
1651 0.010736559899892766 0.4870731962767511 0.5021902438233561 0.1
1652 0.010724022933890366 0.48708830257317187 0.5021876744929378 0.1
1653 0.01071150768021575 0.48710338269556136 0.5021851096242229 0.1
1654 0.010699014089252406 0.4871184367037079 0.5021825492070396 0.1
1655 0.010686542111524198 0.48713346465723123 0.5021799932312446 0.1
1656 0.010674091697694987 0.48714846661558225 0.5021774416867227 0.1
1657 0.01066166279856806 0.48716344263804473 0.5021748945633873 0.1
1658 0.010649255365085725 0.487178392783735 0.5021723518511794 0.1
1659 0.01063686934832882 0.48719331711160235 0.5021698135400687 0.1
1660 0.010624504699516236 0.487208215680431 0.5021672796200528 0.1
1661 0.010612161370004482 0.4872230885488388 0.5021647500811568 0.1
1662 0.010599839311287199 0.4872379357752788 0.502162224913434 0.1
1663 0.010587538474994721 0.4872527574180403 0.502159704106965 0.1
1664 0.010575258812893585 0.4872675535352481 0.5021571876518583 0.1
1665 0.010563000276886107 0.48728232418486395 0.50215467553825 0.1
1666 0.0105507628190099 0.4872970694246867 0.5021521677563033 0.1
1667 0.01053854639143745 0.4873117893123531 0.5021496642962093 0.1
1668 0.01052635094647563 0.4873264839053387 0.5021471651481857 0.1
1669 0.01051417643656529 0.4873411532609568 0.5021446703024779 0.1
1670 0.010502022814280764 0.4873557974363611 0.5021421797493582 0.1
1671 0.01048989003232946 0.4873704164885453 0.5021396934791252 0.1
1672 0.010477778043551402 0.4873850104743425 0.5021372114821061 0.1
1673 0.01046568680091879 0.48739957945042806 0.5021347337486531 0.1
1674 0.010453616257535535 0.48741412347331803 0.5021322602691465 0.1
1675 0.010441566366636887 0.487428642599371 0.5021297910339922 0.1
1676 0.010429537081588903 0.4874431368847879 0.5021273260336231 0.1
1677 0.010417528355888094 0.4874576063856129 0.502124865258499 0.1
1678 0.010405540143160929 0.4874720511577336 0.5021224086991054 0.1
1679 0.010393572397163469 0.4874864712568822 0.5021199563459543 0.1
1680 0.010381625071780847 0.4875008667386349 0.5021175081895843 0.1
1681 0.010369698121026909 0.4875152376584136 0.5021150642205595 0.1
1682 0.010357791499043804 0.4875295840714857 0.5021126244294705 0.1
1683 0.01034590516010146 0.48754390603296494 0.5021101888069337 0.1
1684 0.01033403905859725 0.48755820359781127 0.5021077573435916 0.1
1685 0.010322193149055537 0.48757247682083266 0.5021053300301117 0.1
1686 0.01031036738612726 0.4875867257566841 0.5021029068571886 0.1
1687 0.010298561724589497 0.4876009504598692 0.5021004878155412 0.1
1688 0.010286776119345068 0.48761515098474034 0.5020980728959147 0.1
1689 0.010275010525422103 0.48762932738549836 0.5020956620890795 0.1
1690 0.01026326489797364 0.48764347971619487 0.5020932553858314 0.1
1691 0.010251539192277212 0.4876576080307314 0.5020908527769915 0.1
1692 0.010239833363734416 0.48767171238285945 0.5020884542534061 0.1
1693 0.010228147367870534 0.4876857928261828 0.5020860598059467 0.1
1694 0.010216481160334098 0.4876998494141562 0.5020836694255097 0.1
1695 0.010204834696896491 0.48771388220008677 0.5020812831030167 0.1
1696 0.010193207933451541 0.4877278912371343 0.5020789008294142 0.1
1697 0.010181600826015151 0.48774187657831153 0.5020765225956733 0.1
1698 0.010170013330724825 0.4877558382764853 0.5020741483927899 0.1
1699 0.010158445403839325 0.48776977638437613 0.5020717782117846 0.1
1700 0.010146897001738263 0.4877836909545593 0.5020694120437025 0.1
1701 0.010135368080921687 0.48779758203946505 0.5020670498796131 0.1
1702 0.010123858598009704 0.4878114496913793 0.502064691710611 0.1
1703 0.010112368509742066 0.4878252939624438 0.502062337527814 0.1
1704 0.010100897772977787 0.487839114904657 0.5020599873223651 0.1
1705 0.01008944634469475 0.4878529125698741 0.5020576410854312 0.1
1706 0.010078014181989337 0.48786668700980756 0.5020552988082032 0.1
1707 0.01006660124207599 0.48788043827602834 0.5020529604818958 0.1
1708 0.010055207482286882 0.48789416641996497 0.5020506260977481 0.1
1709 0.010043832860071496 0.48790787149290554 0.5020482956470229 0.1
1710 0.010032477332996254 0.48792155354599687 0.502045969121007 0.1
1711 0.010021140858744115 0.4879352126302455 0.5020436465110104 0.1
1712 0.010009823395114234 0.48794884879651856 0.5020413278083672 0.1
1713 0.009998524900021528 0.48796246209554345 0.5020390130044351 0.1
1714 0.00998724533149635 0.4879760525779089 0.5020367020905947 0.1
1715 0.009975984647684089 0.4879896202940652 0.5020343950582506 0.1
1716 0.00996474280684478 0.488003165294324 0.5020320918988311 0.1
1717 0.00995351976735275 0.4880166876288605 0.5020297926037868 0.1
1718 0.009942315487696253 0.4880301873477119 0.5020274971645917 0.1
1719 0.009931129926477067 0.4880436645007792 0.5020252055727438 0.1
1720 0.009919963042410154 0.48805711913782673 0.502022917819763 0.1
1721 0.009908814794323284 0.48807055130848376 0.502020633897193 0.1
1722 0.009897685141156649 0.4880839610622432 0.5020183537966001 0.1
1723 0.009886574041962533 0.48809734844846425 0.5020160775095731 0.1
1724 0.00987548145590492 0.48811071351637053 0.5020138050277246 0.1
1725 0.009864407342259122 0.4881240563150525 0.5020115363426882 0.1
1726 0.00985335166041147 0.4881373768934667 0.5020092714461218 0.1
1727 0.009842314369858881 0.4881506753004361 0.5020070103297052 0.1
1728 0.009831295430208564 0.4881639515846514 0.50200475298514 0.1
1729 0.009820294801177623 0.4881772057946714 0.502002499404151 0.1
1730 0.009809312442592708 0.488190437978922 0.5020002495784853 0.1
1731 0.009798348314389685 0.48820364818569845 0.501998003499912 0.1
1732 0.00978740237661324 0.48821683646316444 0.5019957611602224 0.1
1733 0.009776474589416554 0.4882300028593535 0.5019935225512301 0.1
1734 0.009765564913060966 0.4882431474221686 0.5019912876647703 0.1
1735 0.009754673307915594 0.4882562701993838 0.5019890564927008 0.1
1736 0.009743799734456987 0.48826937123864206 0.5019868290269008 0.1
1737 0.009732944153268806 0.48828245058745956 0.5019846052592717 0.1
1738 0.009722106525041454 0.48829550829322216 0.5019823851817364 0.1
1739 0.009711286810571736 0.4883085444031887 0.5019801687862395 0.1
1740 0.009700484970762528 0.48832155896449 0.5019779560647475 0.1
1741 0.009689700966622434 0.4883345520241294 0.5019757470092482 0.1
1742 0.00967893475926541 0.4883475236289838 0.5019735416117508 0.1
1743 0.009668186309910481 0.4883604738258031 0.5019713398642863 0.1
1744 0.009657455579881373 0.48837340266121165 0.501969141758907 0.1
1745 0.009646742530606158 0.48838631018170764 0.5019669472876861 0.1
1746 0.009636047123616967 0.48839919643366486 0.5019647564427181 0.1
1747 0.009625369320549604 0.48841206146333116 0.5019625692161194 0.1
1748 0.009614709083143253 0.48842490531683047 0.5019603856000262 0.1
1749 0.009604066373240124 0.48843772804016283 0.5019582055865969 0.1
1750 0.009593441152785136 0.48845052967920444 0.5019560291680105 0.1
1751 0.009582833383825581 0.4884633102797082 0.5019538563364663 0.1
1752 0.009572243028510778 0.48847606988730385 0.5019516870841855 0.1
1753 0.009561670049091794 0.48848880854749926 0.5019495214034089 0.1
1754 0.009551114407921068 0.48850152630568 0.501947359286399 0.1
1755 0.009540576067452103 0.4885142232071097 0.5019452007254381 0.1
1756 0.009530054990239178 0.4885268992969309 0.5019430457128301 0.1
1757 0.00951955113893698 0.4885395546201652 0.5019408942408979 0.1
1758 0.009509064476300271 0.48855218922171345 0.5019387463019863 0.1
1759 0.009498594965183639 0.48856480314635653 0.5019366018884598 0.1
1760 0.009488142568541115 0.48857739643875575 0.5019344609927031 0.1
1761 0.009477707249425885 0.4885899691434527 0.5019323236071216 0.1
1762 0.009467288970989963 0.48860252130486986 0.5019301897241402 0.1
1763 0.009456887696483882 0.48861505296731145 0.5019280593362048 0.1
1764 0.009446503389256372 0.4886275641749634 0.5019259324357802 0.1
1765 0.00943613601275407 0.4886400549718932 0.5019238090153527 0.1
1766 0.009425785530521185 0.48865252540205156 0.5019216890674273 0.1
1767 0.009415451906199187 0.48866497550927185 0.5019195725845288 0.1
1768 0.009405135103526514 0.48867740533727017 0.5019174595592033 0.1
1769 0.009394835086338257 0.4886898149296469 0.501915349984015 0.1
1770 0.00938455181856585 0.4887022043298858 0.5019132438515482 0.1
1771 0.009374285264236773 0.4887145735813557 0.5019111411544075 0.1
1772 0.009364035387474226 0.48872692272730933 0.5019090418852163 0.1
1773 0.009353802152496872 0.4887392518108851 0.5019069460366181 0.1
1774 0.009343585523618464 0.48875156087510635 0.5019048536012751 0.1
1775 0.009333385465247614 0.48876384996288275 0.5019027645718696 0.1
1776 0.009323201941887455 0.4887761191170095 0.5019006789411031 0.1
1777 0.009313034918135328 0.48878836838016904 0.5018985967016956 0.1
1778 0.009302884358682555 0.4888005977949304 0.5018965178463871 0.1
1779 0.009292750228314033 0.4888128074037491 0.5018944423679369 0.1
1780 0.009282632491908045 0.4888249972489695 0.5018923702591225 0.1
1781 0.009272531114435895 0.4888371673728227 0.5018903015127414 0.1
1782 0.00926244606096164 0.4888493178174293 0.5018882361216089 0.1
1783 0.009252377296641806 0.4888614486247975 0.5018861740785606 0.1
1784 0.009242324786725086 0.48887355983682507 0.5018841153764498 0.1
1785 0.00923228849655202 0.4888856514952988 0.5018820600081492 0.1
1786 0.009222268391554782 0.4888977236418953 0.5018800079665499 0.1
1787 0.009212264437256808 0.48890977631818133 0.5018779592445619 0.1
1788 0.009202276599272568 0.488921809565614 0.5018759138351135 0.1
1789 0.009192304843307249 0.48893382342554076 0.501873871731152 0.1
1790 0.009182349135156472 0.48894581793920067 0.5018718329256429 0.1
1791 0.009172409440706034 0.48895779314772386 0.5018697974115701 0.1
1792 0.009162485725931587 0.4889697490921321 0.5018677651819362 0.1
1793 0.009152577956898392 0.4889816858133398 0.5018657362297618 0.1
1794 0.009142686099761 0.48899360335215314 0.501863710548086 0.1
1795 0.009132810120763 0.4890055017492713 0.5018616881299657 0.1
1796 0.009122949986236757 0.48901738104528686 0.5018596689684763 0.1
1797 0.009113105662603076 0.48902924128068537 0.5018576530567116 0.1
1798 0.009103277116370979 0.4890410824958462 0.5018556403877827 0.1
1799 0.009093464314137396 0.4890529047310434 0.5018536309548193 0.1
1800 0.009083667222586928 0.48906470802644436 0.5018516247509688 0.1
1801 0.00907388580849151 0.4890764924221122 0.5018496217693962 0.1
1802 0.009064120038710217 0.48908825795800465 0.5018476220032851 0.1
1803 0.009054369880188927 0.48910000467397496 0.5018456254458362 0.1
1804 0.009044635299960085 0.4891117326097721 0.5018436320902678 0.1
1805 0.00903491626514241 0.4891234418050409 0.5018416419298166 0.1
1806 0.009025212742940655 0.48913513229932315 0.5018396549577362 0.1
1807 0.009015524700645322 0.48914680413205647 0.5018376711672982 0.1
1808 0.009005852105632381 0.4891584573425763 0.5018356905517912 0.1
1809 0.00899619492536303 0.489170091970115 0.501833713104522 0.1
1810 0.008986553127383416 0.4891817080538026 0.5018317388188139 0.1
1811 0.008976926679324381 0.4891933056326672 0.5018297676880084 0.1
1812 0.00896731554890117 0.4892048847456353 0.5018277997054635 0.1
1813 0.008957719703913224 0.4892164454315318 0.501825834864555 0.1
1814 0.00894813911224385 0.48922798772908055 0.5018238731586757 0.1
1815 0.008938573741860023 0.4892395116769046 0.5018219145812354 0.1
1816 0.008929023560812075 0.48925101731352677 0.501819959125661 0.1
1817 0.008919488537233483 0.4892625046773697 0.5018180067853969 0.1
1818 0.008909968639340573 0.4892739738067557 0.5018160575539038 0.1
1819 0.008900463835432281 0.4892854247399084 0.5018141114246594 0.1
1820 0.008890974093889918 0.4892968575149515 0.5018121683911587 0.1
1821 0.008881499383176854 0.48930827216991 0.501810228446913 0.1
1822 0.00887203967183833 0.48931966874271043 0.5018082915854511 0.1
1823 0.008862594928501175 0.48933104727118104 0.5018063578003177 0.1
1824 0.008853165121873558 0.48934240779305194 0.5018044270850747 0.1
1825 0.00884375022074471 0.4893537503459552 0.5018024994333001 0.1
1826 0.00883435019398474 0.48936507496742626 0.501800574838589 0.1
1827 0.008824965010544321 0.48937638169490266 0.5017986532945529 0.1
1828 0.008815594639454468 0.4893876705657261 0.5017967347948195 0.1
1829 0.008806239049826286 0.48939894161714087 0.5017948193330329 0.1
1830 0.008796898210850744 0.4894101948862952 0.501792906902854 0.1
1831 0.008787572091798378 0.48942143041024205 0.5017909974979595 0.1
1832 0.008778260662019104 0.4894326482259382 0.5017890911120427 0.1
1833 0.00876896389094195 0.4894438483702451 0.5017871877388129 0.1
1834 0.008759681748074786 0.48945503087992953 0.5017852873719957 0.1
1835 0.008750414203004132 0.489466195791663 0.5017833900053329 0.1
1836 0.008741161225394884 0.4894773431420231 0.501781495632582 0.1
1837 0.008731922784990067 0.4894884729674929 0.501779604247517 0.1
1838 0.008722698851610637 0.489499585304462 0.5017777158439273 0.1
1839 0.008713489395155191 0.48951068018922606 0.5017758304156188 0.1
1840 0.00870429438559976 0.48952175765798733 0.501773947956413 0.1
1841 0.008695113792997563 0.48953281774685553 0.5017720684601469 0.1
1842 0.008685947587478772 0.48954386049184717 0.501770191920674 0.1
1843 0.008676795739250278 0.4895548859288868 0.501768318331863 0.1
1844 0.00866765821859545 0.48956589409380646 0.501766447687598 0.1
1845 0.008658534995873912 0.48957688502234614 0.5017645799817799 0.1
1846 0.008649426041521293 0.4895878587501548 0.5017627152083239 0.1
1847 0.008640331326049014 0.4895988153127896 0.5017608533611614 0.1
1848 0.00863125082004404 0.48960975474571694 0.501758994434239 0.1
1849 0.008622184494168668 0.4896206770843122 0.5017571384215191 0.1
1850 0.00861313231916028 0.4896315823638604 0.5017552853169792 0.1
1851 0.008604094265831126 0.4896424706195567 0.5017534351146122 0.1
1852 0.00859507030506808 0.4896533418865054 0.5017515878084265 0.1
1853 0.008586060407832424 0.489664196199722 0.5017497433924456 0.1
1854 0.008577064545159633 0.48967503359413245 0.5017479018607078 0.1
1855 0.008568082688159128 0.48968585410457316 0.5017460632072678 0.1
1856 0.008559114808014067 0.48969665776579235 0.5017442274261936 0.1
1857 0.008550160875981101 0.4897074446124488 0.5017423945115701 0.1
1858 0.008541220863390167 0.4897182146791138 0.5017405644574962 0.1
1859 0.008532294741644271 0.48972896800027005 0.5017387372580857 0.1
1860 0.008523382482219252 0.48973970461031285 0.501736912907468 0.1
1861 0.008514484056663565 0.4897504245435495 0.5017350913997869 0.1
1862 0.008505599436598066 0.4897611278342007 0.5017332727292011 0.1
1863 0.008496728593715782 0.4897718145163997 0.5017314568898845 0.1
1864 0.008487871499781698 0.48978248462419305 0.5017296438760251 0.1
1865 0.008479028126632546 0.4897931381915411 0.5017278336818264 0.1
1866 0.008470198446176596 0.4898037752523176 0.5017260263015058 0.1
1867 0.008461382430393393 0.48981439584031106 0.5017242217292956 0.1
1868 0.008452580051333583 0.48982499998922313 0.5017224199594433 0.1
1869 0.008443791281118718 0.4898355877326715 0.5017206209862097 0.1
1870 0.008435016091940977 0.48984615910418733 0.5017188248038716 0.1
1871 0.008426254456063004 0.48985671413721804 0.501717031406719 0.1
1872 0.008417506345817687 0.48986725286512567 0.5017152407890566 0.1
1873 0.008408771733607915 0.4898777753211878 0.5017134529452042 0.1
1874 0.008400050591906422 0.4898882815385985 0.5017116678694952 0.1
1875 0.008391342893255528 0.48989877155046746 0.501709885556277 0.1
1876 0.008382648610266939 0.48990924538982056 0.5017081059999124 0.1
1877 0.008373967715621562 0.48991970308960103 0.5017063291947773 0.1
1878 0.008365300182069282 0.48993014468266843 0.5017045551352622 0.1
1879 0.008356645982428733 0.4899405702017992 0.501702783815772 0.1
1880 0.008348005089587135 0.48995097967968787 0.501701015230725 0.1
1881 0.008339377476500055 0.4899613731489458 0.5016992493745541 0.1
1882 0.008330763116191202 0.4899717506421029 0.501697486241706 0.1
1883 0.008322161981752247 0.48998211219160676 0.501695725826641 0.1
1884 0.008313574046342592 0.48999245782982337 0.501693968123834 0.1
1885 0.008304999283189196 0.4900027875890374 0.5016922131277735 0.1
1886 0.008296437665586328 0.49001310150145255 0.501690460832961 0.1
1887 0.008287889166895412 0.49002339959919083 0.5016887112339137 0.1
1888 0.008279353760544807 0.4900336819142951 0.5016869643251601 0.1
1889 0.008270831420029597 0.49004394847872584 0.5016852201012446 0.1
1890 0.008262322118911404 0.4900541993243647 0.5016834785567238 0.1
1891 0.008253825830818188 0.49006443448301296 0.5016817396861688 0.1
1892 0.008245342529444052 0.4900746539863922 0.5016800034841638 0.1
1893 0.008236872188549007 0.4900848578661447 0.5016782699453063 0.1
1894 0.008228414781958848 0.4900950461538331 0.5016765390642081 0.1
1895 0.008219970283564894 0.4901052188809413 0.5016748108354938 0.1
1896 0.008211538667323826 0.49011537607887407 0.501673085253802 0.1
1897 0.008203119907257467 0.4901255177789585 0.5016713623137841 0.1
1898 0.008194713977452603 0.49013564401244264 0.5016696420101048 0.1
1899 0.0081863208520608 0.4901457548104964 0.5016679243374428 0.1
1900 0.008177940505298206 0.4901558502042125 0.5016662092904893 0.1
1901 0.00816957291144532 0.49016593022460525 0.5016644968639493 0.1
1902 0.008161218044846869 0.4901759949026124 0.5016627870525409 0.1
1903 0.008152875879911555 0.49018604426909385 0.5016610798509946 0.1
1904 0.0081445463911119 0.49019607835483286 0.5016593752540552 0.1
1905 0.008136229552984056 0.49020609719053615 0.5016576732564798 0.1
1906 0.008127925340127589 0.4902161008068339 0.5016559738530385 0.1
1907 0.008119633727205327 0.49022608923427974 0.5016542770385148 0.1
1908 0.008111354688943133 0.49023606250335205 0.5016525828077047 0.1
1909 0.00810308820012977 0.4902460206444523 0.5016508911554179 0.1
1910 0.008094834235616648 0.49025596368790736 0.501649202076476 0.1
1911 0.008086592770317704 0.4902658916639684 0.501647515565714 0.1
1912 0.008078363779209171 0.4902758046028114 0.5016458316179794 0.1
1913 0.008070147237329416 0.4902857025345374 0.501644150228133 0.1
1914 0.008061943119778751 0.4902955854891733 0.5016424713910479 0.1
1915 0.008053751401719243 0.490305453496671 0.5016407951016097 0.1
1916 0.008045572058374544 0.49031530658690825 0.5016391213547172 0.1
1917 0.008037405065029708 0.49032514478968875 0.5016374501452815 0.1
1918 0.008029250397030977 0.4903349681347428 0.5016357814682261 0.1
1919 0.008021108029785673 0.49034477665172654 0.5016341153184878 0.1
1920 0.008012977938761916 0.49035457037022323 0.5016324516910149 0.1
1921 0.008004860099488559 0.4903643493197427 0.5016307905807688 0.1
1922 0.007996754487554917 0.4903741135297221 0.5016291319827231 0.1
1923 0.007988661078610624 0.49038386302952547 0.501627475891864 0.1
1924 0.007980579848365464 0.4903935978484449 0.5016258223031896 0.1
1925 0.007972510772589194 0.49040331801569964 0.5016241712117112 0.1
1926 0.007964453827111336 0.4904130235604372 0.5016225226124514 0.1
1927 0.007956408987821031 0.4904227145117331 0.5016208765004458 0.1
1928 0.007948376230666875 0.49043239089859125 0.5016192328707418 0.1
1929 0.007940355531656696 0.4904420527499442 0.5016175917183991 0.1
1930 0.007932346866857435 0.49045170009465316 0.5016159530384894 0.1
1931 0.007924350212394937 0.4904613329615082 0.5016143168260969 0.1
1932 0.007916365544453787 0.4904709513792286 0.5016126830763177 0.1
1933 0.00790839283927714 0.49048055537646335 0.5016110517842596 0.1
1934 0.007900432073166552 0.49049014498179083 0.5016094229450426 0.1
1935 0.0078924832224818 0.4904997202237192 0.5016077965537991 0.1
1936 0.00788454626364073 0.4905092811306863 0.501606172605673 0.1
1937 0.00787662117311907 0.49051882773106115 0.5016045510958199 0.1
1938 0.007868707927450255 0.490528360053142 0.5016029320194076 0.1
1939 0.007860806503225272 0.49053787812515826 0.5016013153716165 0.1
1940 0.0078529168770925 0.49054738197527065 0.5015997011476369 0.1
1941 0.007845039025757516 0.49055687163156997 0.5015980893426726 0.1
1942 0.007837172925982955 0.4905663471220789 0.501596479951938 0.1
1943 0.007829318554588323 0.49057580847475146 0.5015948729706602 0.1
1944 0.007821475888449845 0.490585255717473 0.5015932683940771 0.1
1945 0.007813644904500285 0.4905946888780609 0.5015916662174388 0.1
1946 0.007805825579728803 0.4906041079842646 0.5015900664360066 0.1
1947 0.007798017891180774 0.49061351306376566 0.5015884690450535 0.1
1948 0.007790221815957626 0.4906229041441782 0.5015868740398641 0.1
1949 0.007782437331216668 0.4906322812530489 0.5015852814157344 0.1
1950 0.007774664414170965 0.49064164441785696 0.5015836911679721 0.1
1951 0.007766903042089123 0.49065099366601506 0.5015821032918958 0.1
1952 0.00775915319229518 0.4906603290248685 0.5015805177828363 0.1
1953 0.007751414842168393 0.4906696505216968 0.5015789346361348 0.1
1954 0.007743687969143131 0.49067895818371215 0.5015773538471447 0.1
1955 0.00773597255070866 0.49068825203806127 0.5015757754112301 0.1
1956 0.007728268564409039 0.4906975321118244 0.5015741993237667 0.1
1957 0.007720575987842911 0.4907067984320158 0.5015726255801413 0.1
1958 0.0077128947986633885 0.49071605102558474 0.5015710541757519 0.1
1959 0.007705224974577858 0.4907252899194147 0.5015694851060075 0.1
1960 0.007697566493347837 0.4907345151403234 0.5015679183663289 0.1
1961 0.007689919332788856 0.49074372671506417 0.5015663539521471 0.1
1962 0.007682283470770221 0.49075292467032516 0.5015647918589047 0.1
1963 0.007674658885214938 0.4907621090327296 0.5015632320820554 0.1
1964 0.007667045554099497 0.4907712798288371 0.5015616746170635 0.1
1965 0.007659443455453766 0.4907804370851416 0.5015601194594046 0.1
1966 0.0076518525673608005 0.49078958082807367 0.5015585666045654 0.1
1967 0.007644272867956706 0.49079871108400025 0.501557016048043 0.1
1968 0.007636704335430506 0.49080782787922356 0.501555467785346 0.1
1969 0.007629146948023932 0.490816931239983 0.5015539218119931 0.1
1970 0.00762160068403132 0.4908260211924543 0.5015523781235143 0.1
1971 0.007614065521799462 0.4908350977627498 0.5015508367154509 0.1
1972 0.00760654143972742 0.4908441609769191 0.5015492975833536 0.1
1973 0.007599028416266397 0.4908532108609486 0.501547760722785 0.1
1974 0.007591526429919589 0.49086224744076234 0.5015462261293181 0.1
1975 0.007584035459242027 0.49087127074222164 0.5015446937985364 0.1
1976 0.007576555482840433 0.4908802807911256 0.5015431637260339 0.1
1977 0.007569086479373075 0.49088927761321116 0.5015416359074157 0.1
1978 0.0075616284275496016 0.49089826123415325 0.5015401103382972 0.1
1979 0.0075541813061309245 0.4909072316795649 0.5015385870143041 0.1
1980 0.00754674509392904 0.4909161889749978 0.5015370659310732 0.1
1981 0.007539319769806904 0.490925133145942 0.5015355470842511 0.1
1982 0.007531905312678277 0.4909340642178263 0.5015340304694954 0.1
1983 0.00752450170150757 0.49094298221601834 0.5015325160824741 0.1
1984 0.007517108915309736 0.4909518871658254 0.501531003918865 0.1
1985 0.007509726933150075 0.49096077909249297 0.501529493974357 0.1
1986 0.007502355734144124 0.4909696580212069 0.501527986244649 0.1
1987 0.007494995297457502 0.49097852397709246 0.5015264807254501 0.1
1988 0.007487645602305762 0.49098737698521433 0.5015249774124798 0.1
1989 0.007480306627954265 0.49099621707057767 0.5015234763014681 0.1
1990 0.007472978353718024 0.4910050442581271 0.501521977388155 0.1
1991 0.007465660758961568 0.4910138585727482 0.5015204806682904 0.1
1992 0.007458353823098791 0.49102266003926665 0.5015189861376346 0.1
1993 0.007451057525592829 0.49103144868244875 0.5015174937919585 0.1
1994 0.0074437718459558965 0.4910402245270018 0.5015160036270423 0.1
1995 0.00743649676374917 0.4910489875975741 0.5015145156386767 0.1
1996 0.007429232258582638 0.49105773791875457 0.5015130298226628 0.1
1997 0.007421978310114958 0.4910664755150744 0.5015115461748106 0.1
1998 0.0074147348980533245 0.49107520041100494 0.5015100646909416 0.1
1999 0.007407502002153328 0.4910839126309607 0.501508585366886 0.1
2000 0.007400279602218823 0.4910926121992965 0.5015071081984847 0.1
2001 0.007393067678101778 0.4911012991403103 0.5015056331815879 0.1
2002 0.007385866209702146 0.4911099734782417 0.5015041603120561 0.1
2003 0.00737867517696774 0.49111863523727256 0.5015026895857596 0.1
2004 0.007371494559894086 0.49112728444152726 0.5015012209985786 0.1
2005 0.007364324338524282 0.49113592111507287 0.5014997545464029 0.1
2006 0.007357164492948867 0.4911445452819191 0.501498290225132 0.1
2007 0.007350015003305679 0.4911531569660189 0.5014968280306754 0.1
2008 0.007342875849779772 0.491161756191268 0.5014953679589522 0.1
2009 0.0073357470126032 0.4911703429815057 0.501493910005891 0.1
2010 0.00732862847205494 0.4911789173605144 0.5014924541674307 0.1
2011 0.007321520208460741 0.4911874793520205 0.5014910004395188 0.1
2012 0.007314422202193012 0.49119602897969394 0.501489548818113 0.1
2013 0.007307334433670648 0.49120456626714815 0.5014880992991813 0.1
2014 0.0073002568833589404 0.4912130912379414 0.5014866518786997 0.1
2015 0.0072931895317694334 0.49122160391557573 0.5014852065526547 0.1
2016 0.007286132359459774 0.4912301043234979 0.5014837633170424 0.1
2017 0.007279085347033614 0.49123859248509855 0.5014823221678678 0.1
2018 0.0072720484751404545 0.4912470684237137 0.5014808831011459 0.1
2019 0.007265021724475535 0.491255532162624 0.5014794461129004 0.1
2020 0.007258005075779683 0.49126398372505503 0.5014780111991654 0.1
2021 0.007250998509839213 0.49127242313417735 0.5014765783559835 0.1
2022 0.007244002007485776 0.4912808504131073 0.5014751475794068 0.1
2023 0.007237015549596251 0.4912892655849066 0.5014737188654972 0.1
2024 0.007230039117092584 0.49129766867258196 0.5014722922103254 0.1
2025 0.007223072690941718 0.49130605969908697 0.5014708676099713 0.1
2026 0.007216116252155394 0.49131443868731994 0.5014694450605246 0.1
2027 0.007209169781790091 0.4913228056601262 0.5014680245580837 0.1
2028 0.007202233260946881 0.4913311606402968 0.5014666060987564 0.1
2029 0.0071953066707712695 0.49133950365056944 0.5014651896786593 0.1
2030 0.007188389992453116 0.4913478347136283 0.5014637752939185 0.1
2031 0.00718148320722649 0.49135615385210424 0.5014623629406694 0.1
2032 0.007174586296369535 0.4913644610885744 0.501460952615056 0.1
2033 0.00716769924120438 0.49137275644556405 0.5014595443132317 0.1
2034 0.007160822023096984 0.49138103994554444 0.5014581380313586 0.1
2035 0.0071539546234570305 0.4913893116109351 0.501456733765608 0.1
2036 0.007147097023737796 0.491397571464102 0.5014553315121603 0.1
2037 0.0071402492054360184 0.49140581952735934 0.5014539312672046 0.1
2038 0.007133411150091812 0.49141405582296904 0.5014525330269392 0.1
2039 0.007126582839288507 0.4914222803731403 0.5014511367875711 0.1
2040 0.007119764254652559 0.4914304932000311 0.5014497425453163 0.1
2041 0.007112955377853406 0.49143869432574705 0.5014483502963997 0.1
2042 0.007106156190603353 0.491446883772342 0.5014469600370546 0.1
2043 0.007099366674657458 0.4914550615618189 0.5014455717635238 0.1
2044 0.007092586811813416 0.4914632277161284 0.5014441854720582 0.1
2045 0.0070858165839114435 0.4914713822571706 0.501442801158918 0.1
2046 0.0070790559728341335 0.4914795252067941 0.5014414188203717 0.1
2047 0.007072304960506373 0.49148765658679655 0.501440038452697 0.1
2048 0.007065563528895197 0.49149577641892495 0.50143866005218 0.1
2049 0.0070588316600096995 0.4915038847248752 0.5014372836151151 0.1
2050 0.007052109335900882 0.4915119815262929 0.5014359091378062 0.1
2051 0.007045396538661562 0.49152006684477345 0.5014345366165649 0.1
2052 0.0070386932504262565 0.4915281407018616 0.5014331660477122 0.1
2053 0.007031999453371051 0.49153620311905216 0.5014317974275768 0.1
2054 0.007025315129713502 0.4915442541177894 0.501430430752497 0.1
2055 0.007018640261712509 0.4915522937194687 0.5014290660188189 0.1
2056 0.0070119748316681925 0.49156032194543514 0.5014277032228968 0.1
2057 0.007005318821921817 0.49156833881698414 0.5014263423610941 0.1
2058 0.00699867221485563 0.49157634435536185 0.5014249834297826 0.1
2059 0.006992034992892784 0.4915843385817649 0.5014236264253423 0.1
2060 0.006985407138497191 0.49159232151734106 0.5014222713441617 0.1
2061 0.0069787886341734625 0.4916002931831889 0.5014209181826377 0.1
2062 0.00697217946246671 0.49160825360035765 0.5014195669371757 0.1
2063 0.0069655796059625436 0.4916162027898488 0.5014182176041887 0.1
2064 0.006958989047286867 0.49162414077261407 0.5014168701800991 0.1
2065 0.0069524077691058 0.49163206756955746 0.5014155246613368 0.1
2066 0.00694583575412559 0.49163998320153424 0.5014141810443401 0.1
2067 0.006939272985092471 0.49164788768935147 0.501412839325556 0.1
2068 0.006932719444792549 0.4916557810537683 0.5014114995014393 0.1
2069 0.00692617511605173 0.4916636633154955 0.5014101615684528 0.1
2070 0.006919639981735573 0.49167153449519657 0.501408825523068 0.1
2071 0.006913114024749197 0.49167939461348703 0.5014074913617639 0.1
2072 0.00690659722803716 0.49168724369093436 0.5014061590810285 0.1
2073 0.006900089574583383 0.4916950817480594 0.5014048286773571 0.1
2074 0.00689359104741099 0.4917029088053352 0.5014035001472539 0.1
2075 0.0068871016295822445 0.49171072488318773 0.50140217348723 0.1
2076 0.006880621304198434 0.49171853000199595 0.5014008486938056 0.1
2077 0.006874150054399735 0.4917263241820916 0.5013995257635087 0.1
2078 0.006867687863365144 0.4917341074437602 0.5013982046928747 0.1
2079 0.006861234714312342 0.4917418798072399 0.5013968854784479 0.1
2080 0.006854790590497604 0.49174964129272275 0.5013955681167795 0.1
2081 0.0068483554752157 0.4917573919203548 0.5013942526044296 0.1
2082 0.006841929351799751 0.4917651317102345 0.5013929389379658 0.1
2083 0.006835512203621182 0.4917728606824154 0.5013916271139635 0.1
2084 0.00682910401408957 0.4917805788569046 0.5013903171290058 0.1
2085 0.0068227047666525485 0.49178828625366316 0.5013890089796843 0.1
2086 0.00681631444479574 0.49179598289260656 0.5013877026625977 0.1
2087 0.0068099330320425975 0.49180366879360427 0.5013863981743532 0.1
2088 0.006803560511954329 0.4918113439764806 0.5013850955115651 0.1
2089 0.006797196868129807 0.4918190084610143 0.5013837946708559 0.1
2090 0.006790842084205436 0.49182666226693894 0.5013824956488556 0.1
2091 0.006784496143855074 0.49183430541394263 0.5013811984422023 0.1
2092 0.006778159030789917 0.4918419379216688 0.5013799030475412 0.1
2093 0.006771830728758402 0.49184955980971595 0.5013786094615257 0.1
2094 0.00676551122154611 0.4918571710976374 0.5013773176808165 0.1
2095 0.006759200492975653 0.49186477180494215 0.5013760277020822 0.1
2096 0.006752898526906579 0.4918723619510944 0.5013747395219991 0.1
2097 0.006746605307235293 0.49187994155551445 0.5013734531372502 0.1
2098 0.006740320817894899 0.4918875106375776 0.5013721685445275 0.1
2099 0.006734045042855167 0.49189506921661535 0.5013708857405295 0.1
2100 0.006727777966122392 0.49190261731191504 0.5013696047219626 0.1
2101 0.006721519571739314 0.49191015494272006 0.5013683254855407 0.1
2102 0.006715269843785002 0.49191768212822995 0.501367048027985 0.1
2103 0.006709028766374772 0.4919251988876009 0.5013657723460244 0.1
2104 0.006702796323660079 0.49193270523994465 0.5013644984363953 0.1
2105 0.006696572499828407 0.4919402012043303 0.5013632262958413 0.1
2106 0.006690357279103227 0.4919476867997835 0.5013619559211133 0.1
2107 0.006684150645743812 0.491955162045286 0.5013606873089702 0.1
2108 0.006677952584045209 0.491962626959777 0.5013594204561778 0.1
2109 0.0066717630783381145 0.49197008156215305 0.5013581553595089 0.1
2110 0.006665582112988786 0.49197752587126675 0.5013568920157445 0.1
2111 0.006659409672398942 0.4919849599059286 0.5013556304216725 0.1
2112 0.006653245741005665 0.4919923836849068 0.5013543705740875 0.1
2113 0.006647090303281301 0.49199979722692627 0.5013531124697924 0.1
2114 0.006640943343733385 0.49200720055066977 0.501351856105597 0.1
2115 0.0066348048469045285 0.49201459367477784 0.5013506014783177 0.1
2116 0.006628674797372313 0.4920219766178488 0.5013493485847789 0.1
2117 0.006622553179749233 0.49202934939843884 0.5013480974218119 0.1
2118 0.00661643997868256 0.49203671203506216 0.5013468479862552 0.1
2119 0.006610335178854278 0.4920440645461913 0.5013456002749545 0.1
2120 0.006604238764980988 0.49205140695025656 0.5013443542847624 0.1
2121 0.00659815072181379 0.4920587392656473 0.5013431100125388 0.1
2122 0.006592071034138215 0.4920660615107109 0.5013418674551509 0.1
2123 0.0065859996867741275 0.4920733737037532 0.5013406266094728 0.1
2124 0.006579936664575627 0.4920806758630394 0.5013393874723852 0.1
2125 0.006573881952430958 0.49208796800679255 0.5013381500407765 0.1
2126 0.006567835535262426 0.4920952501531955 0.501336914311542 0.1
2127 0.006561797398026286 0.49210252232039 0.5013356802815837 0.1
2128 0.006555767525712676 0.4921097845264763 0.501334447947811 0.1
2129 0.006549745903345513 0.49211703678951463 0.5013332173071399 0.1
2130 0.006543732515982399 0.49212427912752416 0.5013319883564933 0.1
2131 0.006537727348714542 0.49213151155848395 0.5013307610928015 0.1
2132 0.006531730386666651 0.49213873410033193 0.5013295355130014 0.1
2133 0.006525741614996862 0.49214594677096646 0.5013283116140367 0.1
2134 0.0065197610188966375 0.4921531495882454 0.501327089392858 0.1
2135 0.006513788583590684 0.49216034256998625 0.501325868846423 0.1
2136 0.00650782429433686 0.4921675257339672 0.5013246499716959 0.1
2137 0.006501868136426081 0.49217469909792566 0.5013234327656482 0.1
2138 0.006495920095182248 0.4921818626795603 0.5013222172252575 0.1
2139 0.0064899801559621315 0.492189016496529 0.5013210033475087 0.1
2140 0.0064840483041553225 0.49219616056645116 0.5013197911293936 0.1
2141 0.006478124525184107 0.49220329490690595 0.50131858056791 0.1
2142 0.006472208804503403 0.4922104195354334 0.5013173716600633 0.1
2143 0.0064663011276006625 0.49221753446953453 0.501316164402865 0.1
2144 0.0064604014799957855 0.49222463972667063 0.5013149587933335 0.1
2145 0.006454509847241033 0.49223173532426484 0.5013137548284942 0.1
2146 0.0064486262149209645 0.49223882127970053 0.5013125525053784 0.1
2147 0.006442750568652297 0.492245897610323 0.5013113518210246 0.1
2148 0.006436882894083876 0.49225296433343824 0.5013101527724779 0.1
2149 0.0064310231768965635 0.4922600214663135 0.5013089553567899 0.1
2150 0.006425171402803159 0.49226706902617823 0.5013077595710185 0.1
2151 0.006419327557548297 0.49227410703022284 0.5013065654122288 0.1
2152 0.006413491626908399 0.49228113549559976 0.5013053728774918 0.1
2153 0.006407663596691547 0.4922881544394228 0.5013041819638856 0.1
2154 0.006401843452737433 0.4922951638787682 0.5013029926684944 0.1
2155 0.006396031180917254 0.49230216383067366 0.5013018049884091 0.1
2156 0.006390226767133648 0.49230915431213945 0.5013006189207267 0.1
2157 0.006384430197320585 0.4923161353401278 0.5012994344625517 0.1
2158 0.006378641457443308 0.49232310693156295 0.5012982516109937 0.1
2159 0.0063728605334982275 0.4923300691033323 0.5012970703631694 0.1
2160 0.006367087411512878 0.49233702187228495 0.5012958907162022 0.1
2161 0.006361322077545772 0.492343965255233 0.5012947126672214 0.1
2162 0.006355564517686377 0.49235089926895076 0.5012935362133628 0.1
2163 0.006349814718055014 0.49235782393017635 0.5012923613517688 0.1
2164 0.0063440726648027685 0.49236473925560964 0.5012911880795876 0.1
2165 0.006338338344111409 0.4923716452619141 0.5012900163939745 0.1
2166 0.006332611742193314 0.49237854196571607 0.5012888462920906 0.1
2167 0.006326892845291394 0.4923854293836055 0.5012876777711031 0.1
2168 0.006321181639678996 0.49239230753213487 0.5012865108281862 0.1
2169 0.006315478111659844 0.4923991764278206 0.5012853454605194 0.1
2170 0.006309782247567933 0.4924060360871424 0.5012841816652897 0.1
2171 0.006304094033767473 0.49241288652654364 0.5012830194396889 0.1
2172 0.006298413456652799 0.49241972776243087 0.5012818587809162 0.1
2173 0.006292740502648289 0.4924265598111755 0.5012806996861763 0.1
2174 0.0062870751582082855 0.49243338268911135 0.5012795421526803 0.1
2175 0.006281417409817025 0.4924401964125372 0.5012783861776456 0.1
2176 0.006275767243988554 0.4924470009977157 0.5012772317582956 0.1
2177 0.006270124647266649 0.49245379646087367 0.5012760788918597 0.1
2178 0.006264489606224734 0.4924605828182016 0.5012749275755737 0.1
2179 0.006258862107465818 0.49246736008585507 0.5012737778066793 0.1
2180 0.006253242137622398 0.49247412827995357 0.501272629582424 0.1
2181 0.006247629683356388 0.4924808874165813 0.5012714829000624 0.1
2182 0.006242024731359071 0.4924876375117871 0.5012703377568538 0.1
2183 0.006236427268350965 0.4924943785815844 0.5012691941500647 0.1
2184 0.006230837281081786 0.49250111064195135 0.5012680520769669 0.1
2185 0.006225254756330375 0.49250783370883117 0.5012669115348384 0.1
2186 0.006219679680904592 0.49251454779813214 0.5012657725209632 0.1
2187 0.006214112041641263 0.4925212529257274 0.5012646350326314 0.1
2188 0.006208551825406106 0.4925279491074551 0.5012634990671386 0.1
2189 0.0062029990190936414 0.49253463635911904 0.5012623646217874 0.1
2190 0.0061974536096271165 0.49254131469648804 0.5012612316938848 0.1
2191 0.006191915583958454 0.4925479841352965 0.501260100280745 0.1
2192 0.006186384929068146 0.49255464469124455 0.5012589703796875 0.1
2193 0.006180861631965193 0.4925612963799971 0.5012578419880377 0.1
2194 0.006175345679687039 0.4925679392171859 0.5012567151031271 0.1
2195 0.006169837059299478 0.4925745732184078 0.5012555897222927 0.1
2196 0.006164335757896605 0.49258119839922576 0.5012544658428777 0.1
2197 0.006158841762600704 0.4925878147751683 0.5012533434622309 0.1
2198 0.006153355060562226 0.4925944223617306 0.5012522225777073 0.1
2199 0.006147875638959657 0.49260102117437365 0.5012511031866667 0.1
2200 0.006142403484999502 0.4926076112285248 0.5012499852864757 0.1
2201 0.006136938585916172 0.49261419253957756 0.5012488688745063 0.1
2202 0.006131480928971924 0.4926207651228917 0.5012477539481363 0.1
2203 0.006126030501456792 0.4926273289937942 0.501246640504749 0.1
2204 0.006120587290688516 0.4926338841675779 0.5012455285417337 0.1
2205 0.006115151284012462 0.4926404306595027 0.5012444180564849 0.1
2206 0.006109722468801549 0.49264696848479506 0.5012433090464035 0.1
2207 0.006104300832456191 0.492653497658648 0.5012422015088958 0.1
2208 0.00609888636240422 0.49266001819622224 0.5012410954413734 0.1
2209 0.006093479046100802 0.4926665301126454 0.5012399908412539 0.1
2210 0.006088078871028378 0.492673033423011 0.5012388877059606 0.1
2211 0.006082685824696599 0.49267952814238136 0.501237786032922 0.1
2212 0.006077299894642237 0.4926860142857851 0.5012366858195726 0.1
2213 0.006071921068429146 0.4926924918682184 0.5012355870633526 0.1
2214 0.006066549333648145 0.49269896090464504 0.5012344897617068 0.1
2215 0.0060611846779169915 0.49270542140999607 0.501233393912087 0.1
2216 0.006055827088880287 0.49271187339917055 0.5012322995119491 0.1
2217 0.006050476554209427 0.4927183168870348 0.5012312065587559 0.1
2218 0.006045133061602513 0.4927247518884232 0.5012301150499744 0.1
2219 0.006039796598784283 0.4927311784181374 0.5012290249830783 0.1
2220 0.006034467153506066 0.4927375964909482 0.5012279363555456 0.1
2221 0.006029144713545685 0.4927440061215934 0.5012268491648609 0.1
2222 0.006023829266707413 0.49275040732477915 0.5012257634085134 0.1
2223 0.006018520800821881 0.4927568001151799 0.5012246790839983 0.1
2224 0.006013219303746033 0.4927631845074383 0.5012235961888155 0.1
2225 0.006007924763363043 0.49276956051616544 0.5012225147204714 0.1
2226 0.006002637167582248 0.49277592815594073 0.5012214346764771 0.1
2227 0.005997356504339091 0.4927822874413122 0.5012203560543488 0.1
2228 0.005992082761595043 0.49278863838679626 0.5012192788516087 0.1
2229 0.005986815927337546 0.4927949810068784 0.501218203065784 0.1
2230 0.005981555989579924 0.49280131531601246 0.5012171286944075 0.1
2231 0.005976302936361362 0.49280764132862154 0.5012160557350172 0.1
2232 0.005971056755746782 0.4928139590590971 0.5012149841851561 0.1
2233 0.005965817435826823 0.49282026852180005 0.5012139140423733 0.1
2234 0.005960584964717743 0.4928265697310603 0.5012128453042219 0.1
2235 0.005955359330561382 0.4928328627011768 0.5012117779682619 0.1
2236 0.0059501405215250745 0.4928391474464179 0.501210712032057 0.1
2237 0.005944928525801591 0.49284542398102094 0.5012096474931775 0.1
2238 0.005939723331609075 0.49285169231919335 0.5012085843491976 0.1
2239 0.0059345249271909786 0.49285795247511094 0.501207522597698 0.1
2240 0.005929333300815982 0.4928642044629202 0.5012064622362639 0.1
2241 0.0059241484407779625 0.49287044829673665 0.5012054032624854 0.1
2242 0.0059189703353958924 0.4928766839906454 0.5012043456739588 0.1
2243 0.005913798973013805 0.4928829115587018 0.5012032894682845 0.1
2244 0.005908634342000703 0.49288913101493054 0.5012022346430687 0.1
2245 0.005903476430750527 0.492895342373327 0.5012011811959225 0.1
2246 0.005898325227682059 0.49290154564785543 0.5012001291244624 0.1
2247 0.005893180721238882 0.49290774085245165 0.5011990784263095 0.1
2248 0.005888042899889303 0.4929139280010203 0.5011980290990903 0.1
2249 0.005882911752126302 0.49292010710743706 0.5011969811404366 0.1
2250 0.005877787266467453 0.4929262781855476 0.5011959345479851 0.1
2251 0.00587266943145488 0.49293244124916824 0.5011948893193771 0.1
2252 0.005867558235655179 0.49293859631208503 0.5011938454522596 0.1
2253 0.005862453667659369 0.4929447433880559 0.5011928029442847 0.1
2254 0.005857355716082814 0.4929508824908083 0.501191761793109 0.1
2255 0.0058522643695651765 0.4929570136340407 0.5011907219963941 0.1
2256 0.005847179616770338 0.4929631368314224 0.5011896835518073 0.1
2257 0.005842101446386363 0.4929692520965936 0.5011886464570199 0.1
2258 0.005837029847125414 0.4929753594431653 0.5011876107097092 0.1
2259 0.005831964807723705 0.49298145888471967 0.5011865763075566 0.1
2260 0.005826906316941416 0.49298755043480935 0.5011855432482493 0.1
2261 0.005821854363562672 0.4929936341069592 0.5011845115294782 0.1
2262 0.005816808936395453 0.4929997099146641 0.5011834811489404 0.1
2263 0.00581177002427154 0.4930057778713912 0.5011824521043373 0.1
2264 0.005806737616046453 0.4930118379905782 0.5011814243933753 0.1
2265 0.005801711700599402 0.4930178902856352 0.5011803980137653 0.1
2266 0.0057966922668332005 0.493023934769943 0.5011793729632239 0.1
2267 0.00579167930367425 0.493029971456854 0.5011783492394717 0.1
2268 0.005786672800072428 0.4930360003596929 0.5011773268402346 0.1
2269 0.005781672745001076 0.4930420214917553 0.5011763057632438 0.1
2270 0.005776679127456897 0.4930480348663089 0.5011752860062341 0.1
2271 0.005771691936459942 0.49305404049659385 0.5011742675669462 0.1
2272 0.005766711161053504 0.4930600383958216 0.501173250443125 0.1
2273 0.0057617367903041 0.4930660285771754 0.5011722346325205 0.1
2274 0.005756768813301382 0.4930720110538112 0.5011712201328875 0.1
2275 0.005751807219158092 0.4930779858388569 0.501170206941985 0.1
2276 0.005746851997010011 0.4930839529454123 0.5011691950575777 0.1
2277 0.00574190313601589 0.49308991238655 0.5011681844774343 0.1
2278 0.005736960625357392 0.4930958641753142 0.5011671751993284 0.1
2279 0.005732024454239032 0.49310180832472267 0.5011661672210382 0.1
2280 0.00572709461188813 0.4931077448477645 0.5011651605403473 0.1
2281 0.005722171087554756 0.4931136737574024 0.5011641551550428 0.1
2282 0.005717253870511652 0.49311959506657055 0.5011631510629179 0.1
2283 0.005712342950054183 0.49312550878817685 0.501162148261769 0.1
2284 0.0057074383155003025 0.4931314149351017 0.501161146749398 0.1
2285 0.005702539956190462 0.49313731352019785 0.5011601465236117 0.1
2286 0.005697647861487582 0.4931432045562917 0.5011591475822208 0.1
2287 0.0056927620207769735 0.49314908805618196 0.5011581499230411 0.1
2288 0.0056878824234663 0.4931549640326411 0.5011571535438928 0.1
2289 0.0056830090589855 0.4931608324984139 0.5011561584426005 0.1
2290 0.005678141916786762 0.4931666934662191 0.501155164616994 0.1
2291 0.0056732809863444455 0.49317254694874807 0.5011541720649075 0.1
2292 0.005668426257155018 0.4931783929586659 0.5011531807841791 0.1
2293 0.005663577718737027 0.4931842315086105 0.5011521907726524 0.1
2294 0.005658735360631032 0.4931900626111943 0.5011512020281746 0.1
2295 0.005653899172399526 0.49319588627900207 0.5011502145485983 0.1
2296 0.005649069143626928 0.49320170252459283 0.5011492283317802 0.1
2297 0.005644245263919493 0.4932075113604992 0.5011482433755813 0.1
2298 0.005639427522905259 0.49321331279922725 0.5011472596778674 0.1
2299 0.005634615910234004 0.49321910685325704 0.5011462772365091 0.1
2300 0.005629810415577197 0.49322489353504256 0.5011452960493803 0.1
2301 0.005625011028627918 0.4932306728570112 0.5011443161143609 0.1
2302 0.005620217739100836 0.49323644483156504 0.5011433374293343 0.1
2303 0.005615430536732128 0.4932422094710798 0.5011423599921881 0.1
2304 0.005610649411279444 0.4932479667879051 0.5011413838008154 0.1
2305 0.005605874352521847 0.4932537167943656 0.5011404088531126 0.1
2306 0.0056011053502597495 0.49325945950275907 0.5011394351469813 0.1
2307 0.0055963423943148774 0.493265194925358 0.5011384626803271 0.1
2308 0.005591585474530212 0.4932709230744097 0.50113749145106 0.1
2309 0.005586834580769922 0.49327664396213555 0.5011365214570945 0.1
2310 0.005582089702919339 0.49328235760073136 0.5011355526963494 0.1
2311 0.005577350830884874 0.4932880640023673 0.5011345851667477 0.1
2312 0.005572617954593995 0.49329376317918894 0.5011336188662172 0.1
2313 0.005567891063995135 0.49329945514331547 0.5011326537926893 0.1
2314 0.005563170149057689 0.49330513990684177 0.5011316899441004 0.1
2315 0.005558455199771933 0.4933108174818368 0.5011307273183913 0.1
2316 0.005553746206148963 0.4933164878803448 0.5011297659135062 0.1
2317 0.005549043158220667 0.4933221511143851 0.5011288057273943 0.1
2318 0.005544346046039657 0.4933278071959514 0.501127846758009 0.1
2319 0.005539654859679229 0.4933334561370129 0.5011268890033078 0.1
2320 0.005534969589233306 0.4933390979495142 0.5011259324612526 0.1
2321 0.005530290224816381 0.49334473264537426 0.5011249771298094 0.1
2322 0.005525616756563479 0.4933503602364881 0.5011240230069485 0.1
2323 0.005520949174630095 0.4933559807347254 0.5011230700906444 0.1
2324 0.0055162874691921495 0.4933615941519317 0.5011221183788761 0.1
2325 0.00551163163044593 0.49336720049992766 0.5011211678696265 0.1
2326 0.005506981648608059 0.49337279979050963 0.5011202185608823 0.1
2327 0.00550233751391542 0.49337839203544914 0.5011192704506354 0.1
2328 0.005497699216625121 0.49338397724649397 0.501118323536881 0.1
2329 0.005493066747014444 0.4933895554353669 0.5011173778176188 0.1
2330 0.005488440095380799 0.49339512661376683 0.5011164332908524 0.1
2331 0.005483819252041654 0.49340069079336807 0.5011154899545902 0.1
2332 0.00547920420733451 0.4934062479858216 0.501114547806844 0.1
2333 0.0054745949516168445 0.4934117982027533 0.5011136068456299 0.1
2334 0.005469991475266052 0.49341734145576543 0.5011126670689685 0.1
2335 0.00546539376867941 0.4934228777564366 0.501111728474884 0.1
2336 0.005460801822274014 0.49342840711632124 0.5011107910614048 0.1
2337 0.005456215626486737 0.4934339295469493 0.501109854826564 0.1
2338 0.005451635171774193 0.4934394450598281 0.5011089197683977 0.1
2339 0.005447060448612662 0.4934449536664406 0.5011079858849468 0.1
2340 0.005442491447498064 0.49345045537824606 0.501107053174256 0.1
2341 0.0054379281589458945 0.49345595020668004 0.5011061216343741 0.1
2342 0.005433370573491195 0.49346143816315485 0.5011051912633541 0.1
2343 0.005428818681688488 0.4934669192590588 0.5011042620592527 0.1
2344 0.005424272474111735 0.49347239350575745 0.501103334020131 0.1
2345 0.005419731941354295 0.4934778609145926 0.5011024071440531 0.1
2346 0.0054151970740288595 0.49348332149688245 0.5011014814290886 0.1
2347 0.005410667862767433 0.49348877526392215 0.5011005568733103 0.1
2348 0.0054061442982212505 0.493494222226984 0.5010996334747947 0.1
2349 0.005401626371060768 0.49349966239731646 0.5010987112316228 0.1
2350 0.005397114071975576 0.4935050957861456 0.5010977901418788 0.1
2351 0.005392607391674393 0.49351052240467336 0.5010968702036521 0.1
2352 0.005388106320884993 0.4935159422640801 0.5010959514150349 0.1
2353 0.005383610850354153 0.4935213553755223 0.5010950337741236 0.1
2354 0.005379120970847628 0.49352676175013355 0.5010941172790189 0.1
2355 0.005374636673150101 0.4935321613990251 0.5010932019278247 0.1
2356 0.00537015794806512 0.49353755433328533 0.5010922877186496 0.1
2357 0.005365684786415056 0.4935429405639793 0.5010913746496057 0.1
2358 0.005361217179041081 0.49354832010215016 0.5010904627188087 0.1
2359 0.005356755116803102 0.4935536929588182 0.5010895519243787 0.1
2360 0.005352298590579702 0.49355905914498105 0.5010886422644393 0.1
2361 0.0053478475912681215 0.49356441867161394 0.5010877337371179 0.1
2362 0.005343402109784201 0.4935697715496698 0.501086826340546 0.1
2363 0.0053389621370623416 0.4935751177900787 0.501085920072859 0.1
2364 0.005334527664055435 0.4935804574037491 0.5010850149321955 0.1
2365 0.005330098681734859 0.49358579040156625 0.5010841109166988 0.1
2366 0.005325675181090406 0.49359111679439444 0.5010832080245151 0.1
2367 0.005321257153130231 0.49359643659307467 0.5010823062537951 0.1
2368 0.005316844588880836 0.49360174980842597 0.5010814056026931 0.1
2369 0.005312437479387003 0.4936070564512463 0.5010805060693667 0.1
2370 0.0053080358157117456 0.49361235653231034 0.5010796076519779 0.1
2371 0.005303639588936292 0.49361765006237157 0.5010787103486922 0.1
2372 0.0052992487901600055 0.4936229370521614 0.5010778141576785 0.1
2373 0.005294863410500374 0.49362821751238944 0.5010769190771102 0.1
2374 0.0052904834410929386 0.4936334914537432 0.5010760251051639 0.1
2375 0.005286108873091269 0.49363875888688874 0.50107513224002 0.1
2376 0.0052817396976669005 0.49364401982247064 0.5010742404798625 0.1
2377 0.0052773759060093135 0.49364927427111155 0.5010733498228791 0.1
2378 0.005273017489325879 0.4936545222434124 0.5010724602672617 0.1
2379 0.0052686644388418025 0.4936597637499529 0.5010715718112052 0.1
2380 0.0052643167458001055 0.4936649988012913 0.5010706844529086 0.1
2381 0.0052599744014615694 0.493670227407964 0.5010697981905745 0.1
2382 0.005255637397104674 0.49367544958048665 0.5010689130224087 0.1
2383 0.0052513057240256 0.4936806653293529 0.5010680289466216 0.1
2384 0.005246979373538152 0.49368587466503583 0.5010671459614261 0.1
2385 0.005242658336973709 0.49369107759798675 0.5010662640650395 0.1
2386 0.005238342605681215 0.49369627413863604 0.5010653832556827 0.1
2387 0.0052340321710271035 0.4937014642973929 0.5010645035315798 0.1
2388 0.005229727024395282 0.49370664808464565 0.501063624890959 0.1
2389 0.005225427157187078 0.4937118255107615 0.5010627473320515 0.1
2390 0.005221132560821181 0.49371699658608625 0.5010618708530926 0.1
2391 0.005216843226733636 0.4937221613209456 0.5010609954523209 0.1
2392 0.005212559146377764 0.4937273197256437 0.5010601211279784 0.1
2393 0.005208280311224161 0.49373247181046426 0.5010592478783117 0.1
2394 0.00520400671276061 0.4937376175856703 0.5010583757015691 0.1
2395 0.005199738342492076 0.4937427570615039 0.5010575045960041 0.1
2396 0.005195475191940654 0.4937478902481864 0.501056634559873 0.1
2397 0.005191217252645517 0.49375301715591846 0.501055765591436 0.1
2398 0.005186964516162887 0.49375813779488087 0.5010548976889563 0.1
2399 0.005182716974066 0.4937632521752332 0.5010540308507008 0.1
2400 0.0051784746179450464 0.49376836030711485 0.5010531650749402 0.1
2401 0.005174237439407132 0.4937734622006449 0.501052300359948 0.1
2402 0.0051700054300762655 0.4937785578659213 0.5010514367040023 0.1
2403 0.005165778581593279 0.4937836473130229 0.5010505741053838 0.1
2404 0.005161556885615823 0.4937887305520076 0.5010497125623766 0.1
2405 0.005157340333818292 0.4937938075929128 0.5010488520732688 0.1
2406 0.005153128917891812 0.4937988784457564 0.5010479926363518 0.1
2407 0.00514892262954419 0.4938039431205357 0.5010471342499201 0.1
2408 0.00514472146049987 0.4938090016272284 0.5010462769122718 0.1
2409 0.0051405254024998945 0.4938140539757913 0.5010454206217088 0.1
2410 0.005136334447301879 0.4938191001761624 0.5010445653765359 0.1
2411 0.005132148586679949 0.49382414023825877 0.5010437111750613 0.1
2412 0.005127967812424712 0.493829174171978 0.5010428580155973 0.1
2413 0.005123792116343233 0.493834201987198 0.5010420058964588 0.1
2414 0.005119621490258964 0.49383922369377675 0.5010411548159642 0.1
2415 0.005115455926011727 0.4938442393015524 0.5010403047724359 0.1
2416 0.005111295415457675 0.4938492488203434 0.501039455764199 0.1
2417 0.0051071399504692356 0.49385425225994856 0.5010386077895821 0.1
2418 0.0051029895229351 0.4938592496301474 0.5010377608469175 0.1
2419 0.005098844124760143 0.49386424094069953 0.5010369149345404 0.1
2420 0.005094703747865437 0.4938692262013451 0.5010360700507894 0.1
2421 0.005090568384188171 0.4938742054218051 0.5010352261940068 0.1
2422 0.005086438025681622 0.4938791786117806 0.5010343833625378 0.1
2423 0.005082312664315143 0.49388414578095385 0.5010335415547311 0.1
2424 0.0050781922920740755 0.4938891069389872 0.5010327007689387 0.1
2425 0.005074076900959759 0.49389406209552433 0.501031861003516 0.1
2426 0.005069966482989467 0.49389901126018937 0.5010310222568212 0.1
2427 0.005065861030196378 0.4939039544425872 0.5010301845272164 0.1
2428 0.005061760534629527 0.4939088916523037 0.5010293478130667 0.1
2429 0.005057664988353784 0.49391382289890595 0.5010285121127404 0.1
2430 0.005053574383449805 0.49391874819194104 0.5010276774246092 0.1
2431 0.005049488712013996 0.4939236675409382 0.5010268437470479 0.1
2432 0.0050454079661584866 0.4939285809554068 0.5010260110784347 0.1
2433 0.005041332138011066 0.4939334884448382 0.5010251794171507 0.1
2434 0.005037261219715185 0.4939383900187039 0.501024348761581 0.1
2435 0.005033195203429874 0.4939432856864573 0.501023519110113 0.1
2436 0.005029134081329747 0.4939481754575325 0.5010226904611378 0.1
2437 0.005025077845604941 0.4939530593413455 0.5010218628130496 0.1
2438 0.00502102648846108 0.49395793734729326 0.5010210361642456 0.1
2439 0.005016980002119254 0.4939628094847538 0.501020210513127 0.1
2440 0.005012938378815963 0.49396767576308714 0.501019385858097 0.1
2441 0.005008901610803087 0.4939725361916343 0.5010185621975626 0.1
2442 0.005004869690347866 0.49397739077971803 0.5010177395299341 0.1
2443 0.0050008426097328355 0.4939822395366426 0.5010169178536246 0.1
2444 0.004996820361255811 0.49398708247169354 0.5010160971670508 0.1
2445 0.004992802937229834 0.49399191959413835 0.5010152774686318 0.1
2446 0.004988790329983175 0.493996750913226 0.5010144587567908 0.1
2447 0.004984782531859244 0.4940015764381873 0.5010136410299534 0.1
2448 0.0049807795352165875 0.49400639617823505 0.5010128242865484 0.1
2449 0.004976781332428853 0.4940112101425633 0.5010120085250079 0.1
2450 0.004972787915884733 0.494016018340348 0.5010111937437673 0.1
2451 0.004968799277987959 0.4940208207807475 0.5010103799412645 0.1
2452 0.004964815411157238 0.4940256174729015 0.5010095671159412 0.1
2453 0.004960836307826233 0.49403040842593227 0.5010087552662416 0.1
2454 0.004956861960443529 0.49403519364894327 0.5010079443906132 0.1
2455 0.004952892361472583 0.4940399731510208 0.5010071344875067 0.1
2456 0.0049489275033917125 0.49404474694123257 0.5010063255553757 0.1
2457 0.004944967378694029 0.4940495150286291 0.5010055175926769 0.1
2458 0.004941011979887442 0.49405427742224267 0.5010047105978699 0.1
2459 0.004937061299494583 0.4940590341310876 0.5010039045694178 0.1
2460 0.004933115330052806 0.49406378516416105 0.5010030995057861 0.1
2461 0.004929174064114141 0.4940685305304422 0.5010022954054436 0.1
2462 0.004925237494245233 0.49407327023889214 0.5010014922668626 0.1
2463 0.004921305613027362 0.4940780042984551 0.5010006900885176 0.1
2464 0.004917378413056354 0.4940827327180572 0.5009998888688865 0.1
2465 0.004913455886942592 0.49408745550660726 0.5009990886064501 0.1
2466 0.004909538027310947 0.4940921726729965 0.5009982892996926 0.1
2467 0.0049056248268007545 0.4940968842260986 0.5009974909471006 0.1
2468 0.004901716278065801 0.49410159017477046 0.5009966935471637 0.1
2469 0.004897812373774261 0.49410629052785054 0.5009958970983752 0.1
2470 0.004893913106608675 0.4941109852941607 0.5009951015992307 0.1
2471 0.004890018469265927 0.49411567448250565 0.5009943070482286 0.1
2472 0.004886128454457185 0.49412035810167204 0.5009935134438707 0.1
2473 0.0048822430549079 0.49412503616043035 0.5009927207846616 0.1
2474 0.004878362263357745 0.49412970866753303 0.5009919290691093 0.1
2475 0.004874486072560595 0.4941343756317159 0.5009911382957235 0.1
2476 0.004870614475284494 0.4941390370616972 0.5009903484630183 0.1
2477 0.004866747464311613 0.494143692966179 0.5009895595695094 0.1
2478 0.0048628850324382335 0.4941483433538454 0.5009887716137164 0.1
2479 0.004859027172474695 0.494152988233364 0.5009879845941613 0.1
2480 0.004855173877245377 0.4941576276133857 0.5009871985093689 0.1
2481 0.004851325139588663 0.4941622615025441 0.5009864133578672 0.1
2482 0.004847480952356893 0.49416688990945595 0.5009856291381872 0.1
2483 0.004843641308416366 0.49417151284272137 0.5009848458488623 0.1
2484 0.004839806200647261 0.49417613031092367 0.500984063488429 0.1
2485 0.004835975621943647 0.49418074232262943 0.500983282055427 0.1
2486 0.004832149565213431 0.49418534888638854 0.5009825015483981 0.1
2487 0.004828328023378315 0.4941899500107341 0.5009817219658875 0.1
2488 0.004824510989373793 0.494194545704183 0.5009809433064433 0.1
2489 0.004820698456149084 0.4941991359752349 0.500980165568616 0.1
2490 0.004816890416667144 0.4942037208323735 0.5009793887509594 0.1
2491 0.004813086863904583 0.49420830028406587 0.5009786128520296 0.1
2492 0.0048092877908516695 0.4942128743387622 0.5009778378703861 0.1
2493 0.0048054931905123005 0.49421744300489695 0.5009770638045907 0.1
2494 0.004801703055903934 0.4942220062908877 0.5009762906532083 0.1
2495 0.0047979173800576005 0.4942265642051357 0.5009755184148067 0.1
2496 0.004794136156017844 0.49423111675602616 0.500974747087956 0.1
2497 0.004790359376842696 0.4942356639519278 0.5009739766712296 0.1
2498 0.00478658703560366 0.49424020580119327 0.5009732071632031 0.1
2499 0.0047828191253856565 0.4942447423121587 0.5009724385624557 0.1
2500 0.004779055639287003 0.4942492734931443 0.5009716708675687 0.1
2501 0.004775296570419392 0.4942537993524544 0.5009709040771262 0.1
2502 0.004771541911907844 0.4942583198983769 0.5009701381897153 0.1
2503 0.004767791656890685 0.49426283513918357 0.5009693732039258 0.1
2504 0.004764045798519514 0.4942673450831304 0.5009686091183501 0.1
2505 0.004760304329959177 0.4942718497384574 0.5009678459315834 0.1
2506 0.0047565672443877285 0.4942763491133886 0.5009670836422236 0.1
2507 0.004752834534996405 0.494280843216132 0.5009663222488715 0.1
2508 0.004749106194989597 0.4942853320548802 0.5009655617501302 0.1
2509 0.0047453822175848185 0.49428981563780905 0.5009648021446061 0.1
2510 0.004741662596012664 0.49429429397307967 0.5009640434309076 0.1
2511 0.004737947323516805 0.4942987670688368 0.5009632856076464 0.1
2512 0.004734236393353926 0.4943032349332096 0.5009625286734364 0.1
2513 0.004730529798793722 0.4943076975743116 0.5009617726268948 0.1
2514 0.004726827533118863 0.49431215500024034 0.5009610174666408 0.1
2515 0.004723129589624954 0.49431660721907833 0.5009602631912966 0.1
2516 0.004719435961620504 0.4943210542388924 0.5009595097994872 0.1
2517 0.004715746642426921 0.4943254960677334 0.5009587572898397 0.1
2518 0.004712061625378445 0.4943299327136369 0.5009580056609847 0.1
2519 0.0047083809038221585 0.4943343641846231 0.5009572549115546 0.1
2520 0.004704704471117918 0.494338790488697 0.5009565050401851 0.1
2521 0.0047010323206383604 0.49434321163384765 0.500955756045514 0.1
2522 0.0046973644457688445 0.49434762762804907 0.5009550079261821 0.1
2523 0.0046937008399074364 0.4943520384792599 0.5009542606808327 0.1
2524 0.0046900414964648855 0.4943564441954235 0.5009535143081116 0.1
2525 0.004686386408864578 0.494360844784468 0.5009527688066674 0.1
2526 0.004682735570542527 0.49436524025430634 0.5009520241751512 0.1
2527 0.004679088974947326 0.4943696306128361 0.5009512804122165 0.1
2528 0.004675446615540134 0.4943740158679399 0.5009505375165199 0.1
2529 0.004671808485794643 0.4943783960274851 0.5009497954867201 0.1
2530 0.004668174579197043 0.49438277109932416 0.5009490543214788 0.1
2531 0.004664544889245999 0.4943871410912942 0.5009483140194598 0.1
2532 0.004660919409452626 0.49439150601121773 0.5009475745793297 0.1
2533 0.0046572981333404505 0.4943958658669018 0.5009468359997576 0.1
2534 0.0046536810544453916 0.49440022066613915 0.5009460982794155 0.1
2535 0.004650068166315724 0.494404570416707 0.5009453614169772 0.1
2536 0.004646459462512057 0.49440891512636803 0.50094462541112 0.1
2537 0.004642854936607308 0.49441325480287013 0.5009438902605227 0.1
2538 0.004639254582186671 0.4944175894539458 0.5009431559638676 0.1
2539 0.004635658392847579 0.49442191908731353 0.5009424225198389 0.1
2540 0.004632066362199695 0.49442624371067684 0.5009416899271235 0.1
2541 0.004628478483864863 0.49443056333172425 0.5009409581844109 0.1
2542 0.004624894751477101 0.4944348779581298 0.500940227290393 0.1
2543 0.004621315158682565 0.4944391875975533 0.5009394972437642 0.1
2544 0.004617739699139514 0.4944434922576389 0.5009387680432216 0.1
2545 0.004614168366518291 0.4944477919460175 0.5009380396874642 0.1
2546 0.004610601154501288 0.49445208667030427 0.5009373121751944 0.1
2547 0.00460703805678294 0.49445637643810075 0.5009365855051163 0.1
2548 0.004603479067069659 0.49446066125699356 0.5009358596759368 0.1
2549 0.004599924179079846 0.4944649411345549 0.5009351346863653 0.1
2550 0.004596373386543836 0.49446921607834265 0.5009344105351135 0.1
2551 0.004592826683203895 0.49447348609590047 0.5009336872208957 0.1
2552 0.004589284062814164 0.4944777511947574 0.5009329647424284 0.1
2553 0.004585745519140655 0.4944820113824283 0.500932243098431 0.1
2554 0.004582211045961226 0.4944862666664137 0.500931522287625 0.1
2555 0.004578680637065531 0.49449051705420005 0.5009308023087344 0.1
2556 0.0045751542862550116 0.49449476255325925 0.5009300831604857 0.1
2557 0.0045716319873428685 0.4944990031710494 0.5009293648416078 0.1
2558 0.004568113734154028 0.49450323891501435 0.5009286473508316 0.1
2559 0.004564599520525123 0.49450746979258353 0.5009279306868913 0.1
2560 0.004561089340304466 0.49451169581117266 0.5009272148485228 0.1
2561 0.0045575831873520154 0.4945159169781835 0.5009264998344646 0.1
2562 0.0045540810555393515 0.4945201333010032 0.5009257856434575 0.1
2563 0.004550582938749663 0.49452434478700524 0.500925072274245 0.1
2564 0.004547088830877696 0.49452855144354957 0.5009243597255728 0.1
2565 0.004543598725829755 0.4945327532779817 0.5009236479961885 0.1
2566 0.004540112617523654 0.49453695029763317 0.5009229370848431 0.1
2567 0.004536630499888708 0.49454114250982206 0.5009222269902892 0.1
2568 0.004533152366865696 0.4945453299218525 0.5009215177112819 0.1
2569 0.004529678212406835 0.4945495125410146 0.5009208092465786 0.1
2570 0.004526208030475764 0.4945536903745847 0.5009201015949395 0.1
2571 0.004522741815047511 0.49455786342982583 0.5009193947551266 0.1
2572 0.004519279560108467 0.49456203171398694 0.5009186887259046 0.1
2573 0.004515821259656361 0.49456619523430334 0.5009179835060402 0.1
2574 0.0045123669077002364 0.494570353997997 0.5009172790943028 0.1
2575 0.0045089164982604225 0.49457450801227554 0.500916575489464 0.1
2576 0.004505470025368516 0.4945786572843338 0.5009158726902977 0.1
2577 0.00450202748306735 0.4945828018213527 0.5009151706955799 0.1
2578 0.00449858886541096 0.49458694163049993 0.5009144695040892 0.1
2579 0.004495154166464578 0.49459107671892905 0.5009137691146064 0.1
2580 0.004491723380304598 0.4945952070937808 0.5009130695259147 0.1
2581 0.004488296501018542 0.49459933276218193 0.5009123707367995 0.1
2582 0.004484873522705052 0.4946034537312465 0.5009116727460484 0.1
2583 0.0044814544394738524 0.4946075700080747 0.5009109755524515 0.1
2584 0.004478039245445732 0.49461168159975316 0.500910279154801 0.1
2585 0.004474627934752509 0.49461578851335597 0.5009095835518915 0.1
2586 0.004471220501537022 0.4946198907559432 0.5009088887425198 0.1
2587 0.004467816939953098 0.49462398833456206 0.5009081947254849 0.1
2588 0.004464417244165517 0.4946280812562461 0.5009075014995883 0.1
2589 0.0044610214083500065 0.49463216952801664 0.5009068090636334 0.1
2590 0.004457629426693201 0.49463625315688053 0.5009061174164262 0.1
2591 0.004454241293392633 0.49464033214983283 0.5009054265567745 0.1
2592 0.004450857002656691 0.4946444065138543 0.500904736483489 0.1
2593 0.0044474765487046075 0.49464847625591324 0.5009040471953821 0.1
2594 0.004444099925766432 0.494652541382965 0.5009033586912686 0.1
2595 0.004440727128083012 0.4946566019019516 0.5009026709699653 0.1
2596 0.004437358149905948 0.49466065781980234 0.5009019840302917 0.1
2597 0.004433992985497603 0.49466470914343325 0.5009012978710692 0.1
2598 0.004430631629131042 0.4946687558797476 0.5009006124911214 0.1
2599 0.004427274075090042 0.4946727980356358 0.5008999278892742 0.1
2600 0.004423920317669044 0.49467683561797554 0.5008992440643555 0.1
2601 0.004420570351173143 0.494680868633631 0.5008985610151959 0.1
2602 0.0044172241699180475 0.4946848970894544 0.5008978787406276 0.1
2603 0.004413881768230077 0.4946889209922849 0.500897197239485 0.1
2604 0.004410543140446129 0.4946929403489487 0.5008965165106052 0.1
2605 0.004407208280913651 0.49469695516625906 0.5008958365528273 0.1
2606 0.004403877183990627 0.4947009654510172 0.5008951573649921 0.1
2607 0.004400549844045533 0.4947049712100111 0.5008944789459433 0.1
2608 0.004397226255457351 0.49470897245001655 0.5008938012945261 0.1
2609 0.004393906412615505 0.4947129691777962 0.5008931244095883 0.1
2610 0.004390590309919865 0.4947169614001006 0.5008924482899796 0.1
2611 0.004387277941780713 0.49472094912366754 0.5008917729345518 0.1
2612 0.004383969302618719 0.49472493235522214 0.5008910983421592 0.1
2613 0.004380664386864923 0.4947289111014773 0.5008904245116578 0.1
2614 0.004377363188960717 0.49473288536913307 0.5008897514419061 0.1
2615 0.004374065703357805 0.4947368551648776 0.5008890791317646 0.1
2616 0.004370771924518189 0.49474082049538604 0.5008884075800959 0.1
2617 0.004367481846914152 0.4947447813673215 0.5008877367857644 0.1
2618 0.004364195465028236 0.4947487377873346 0.5008870667476373 0.1
2619 0.004360912773353198 0.4947526897620636 0.5008863974645832 0.1
2620 0.004357633766392018 0.4947566372981345 0.5008857289354735 0.1
2621 0.004354358438657856 0.49476058040216137 0.5008850611591809 0.1
2622 0.004351086784674031 0.49476451908074504 0.500884394134581 0.1
2623 0.004347818798974009 0.4947684533404751 0.5008837278605509 0.1
2624 0.0043445544761013645 0.4947723831879285 0.5008830623359701 0.1
2625 0.004341293810609779 0.4947763086296701 0.5008823975597201 0.1
2626 0.004338036797063004 0.49478022967225266 0.5008817335306843 0.1
2627 0.0043347834300348324 0.4947841463222167 0.5008810702477485 0.1
2628 0.004331533704109096 0.49478805858609065 0.5008804077098002 0.1
2629 0.004328287613879637 0.494791966470391 0.5008797459157294 0.1
2630 0.00432504515395027 0.49479586998162184 0.5008790848644279 0.1
2631 0.004321806318934773 0.49479976912627593 0.5008784245547893 0.1
2632 0.004318571103456881 0.49480366391083347 0.5008777649857097 0.1
2633 0.004315339502150226 0.49480755434176277 0.5008771061560869 0.1
2634 0.004312111509658354 0.49481144042552044 0.5008764480648211 0.1
2635 0.004308887120634676 0.4948153221685509 0.5008757907108145 0.1
2636 0.0043056663297424596 0.49481919957728693 0.5008751340929707 0.1
2637 0.0043024491316548084 0.4948230726581492 0.500874478210196 0.1
2638 0.004299235521054623 0.4948269414175469 0.5008738230613985 0.1
2639 0.004296025492634604 0.49483080586187694 0.5008731686454885 0.1
2640 0.00429281904109722 0.494834665997525 0.5008725149613777 0.1
2641 0.004289616161154674 0.4948385218308644 0.500871862007981 0.1
2642 0.004286416847528904 0.4948423733682574 0.5008712097842136 0.1
2643 0.004283221094951549 0.4948462206160542 0.5008705582889943 0.1
2644 0.004280028898163918 0.494850063580593 0.5008699075212432 0.1
2645 0.004276840251916996 0.49485390226820086 0.5008692574798821 0.1
2646 0.004273655150971393 0.4948577366851933 0.5008686081638353 0.1
2647 0.00427047359009735 0.49486156683787347 0.5008679595720291 0.1
2648 0.004267295564074696 0.49486539273253394 0.5008673117033914 0.1
2649 0.004264121067692832 0.49486921437545495 0.5008666645568522 0.1
2650 0.004260950095750729 0.49487303177290576 0.5008660181313436 0.1
2651 0.004257782643056869 0.49487684493114353 0.5008653724257995 0.1
2652 0.004254618704429277 0.4948806538564147 0.500864727439156 0.1
2653 0.004251458274695435 0.4948844585549538 0.5008640831703508 0.1
2654 0.00424830134869233 0.4948882590329836 0.500863439618324 0.1
2655 0.004245147921266372 0.49489205529671637 0.5008627967820173 0.1
2656 0.004241997987273414 0.49489584735235226 0.5008621546603743 0.1
2657 0.004238851541578726 0.49489963520608043 0.5008615132523409 0.1
2658 0.004235708579056943 0.4949034188640787 0.5008608725568644 0.1
2659 0.004232569094592093 0.4949071983325134 0.5008602325728946 0.1
2660 0.004229433083077538 0.4949109736175394 0.500859593299383 0.1
2661 0.004226300539415972 0.4949147447253011 0.500858954735283 0.1
2662 0.004223171458519394 0.4949185116619309 0.5008583168795497 0.1
2663 0.004220045835309088 0.4949222744335506 0.5008576797311404 0.1
2664 0.0042169236647156124 0.49492603304627003 0.5008570432890143 0.1
2665 0.004213804941678764 0.49492978750618877 0.5008564075521325 0.1
2666 0.004210689661147567 0.4949335378193946 0.5008557725194578 0.1
2667 0.004207577818080253 0.4949372839919646 0.5008551381899551 0.1
2668 0.004204469407444241 0.4949410260299647 0.5008545045625911 0.1
2669 0.004201364424216115 0.49494476393944953 0.5008538716363344 0.1
2670 0.004198262863381602 0.49494849772646266 0.5008532394101557 0.1
2671 0.004195164719935558 0.49495222739703737 0.5008526078830271 0.1
2672 0.004192069988881944 0.4949559529571951 0.500851977053923 0.1
2673 0.004188978665233814 0.49495967441294686 0.5008513469218193 0.1
2674 0.004185890744013277 0.4949633917702922 0.5008507174856945 0.1
2675 0.004182806220251495 0.49496710503522057 0.5008500887445281 0.1
2676 0.0041797250889886615 0.49497081421370964 0.5008494606973016 0.1
2677 0.0041766473452739756 0.49497451931172676 0.5008488333429992 0.1
2678 0.00417357298416562 0.49497822033522865 0.5008482066806057 0.1
2679 0.004170502000730754 0.4949819172901604 0.500847580709109 0.1
2680 0.004167434390045476 0.4949856101824569 0.5008469554274975 0.1
2681 0.004164370147194824 0.49498929901804256 0.5008463308347627 0.1
2682 0.004161309267272742 0.49499298380283 0.5008457069298972 0.1
2683 0.004158251745382066 0.4949966645427224 0.5008450837118956 0.1
2684 0.004155197576634503 0.49500034124361114 0.5008444611797543 0.1
2685 0.0041521467561506185 0.4950040139113775 0.500843839332472 0.1
2686 0.004149099279059804 0.4950076825518919 0.5008432181690482 0.1
2687 0.004146055140500274 0.4950113471710145 0.5008425976884853 0.1
2688 0.004143014335619031 0.4950150077745945 0.5008419778897865 0.1
2689 0.004139976859571856 0.4950186643684705 0.5008413587719578 0.1
2690 0.004136942707523287 0.4950223169584704 0.5008407403340063 0.1
2691 0.004133911874646603 0.4950259655504121 0.5008401225749411 0.1
2692 0.0041308843561238115 0.49502961015010266 0.5008395054937734 0.1
2693 0.004127860147145605 0.49503325076333854 0.5008388890895159 0.1
2694 0.0041248392429113585 0.49503688739590573 0.500838273361183 0.1
2695 0.004121821638629128 0.4950405200535802 0.5008376583077908 0.1
2696 0.0041188073295155975 0.49504414874212704 0.5008370439283574 0.1
2697 0.004115796310796085 0.49504777346730094 0.500836430221903 0.1
2698 0.004112788577704513 0.4950513942348465 0.5008358171874491 0.1
2699 0.0041097841254833945 0.4950550110504978 0.5008352048240189 0.1
2700 0.004106782949383816 0.4950586239199785 0.5008345931306377 0.1
2701 0.004103785044665412 0.4950622328490022 0.5008339821063325 0.1
2702 0.004100790406596351 0.49506583784327196 0.5008333717501318 0.1
2703 0.0040977990304533205 0.4950694389084806 0.500832762061066 0.1
2704 0.004094810911521501 0.495073036050311 0.5008321530381675 0.1
2705 0.004091826045094552 0.49507662927443513 0.5008315446804703 0.1
2706 0.004088844426474597 0.4950802185865154 0.5008309369870099 0.1
2707 0.004085866050972205 0.49508380399220425 0.5008303299568235 0.1
2708 0.0040828909139063565 0.49508738549714293 0.5008297235889507 0.1
2709 0.004079919010604449 0.4950909631069632 0.5008291178824323 0.1
2710 0.004076950336402268 0.4950945368272872 0.5008285128363105 0.1
2711 0.004073984886643964 0.4950981066637259 0.5008279084496301 0.1
2712 0.004071022656682048 0.49510167262188093 0.5008273047214369 0.1
2713 0.00406806364187735 0.495105234707344 0.5008267016507786 0.1
2714 0.004065107837599038 0.495108792925696 0.500826099236705 0.1
2715 0.004062155239224561 0.49511234728250825 0.5008254974782671 0.1
2716 0.00405920584213966 0.49511589778334275 0.5008248963745177 0.1
2717 0.004056259641738329 0.49511944443375017 0.5008242959245116 0.1
2718 0.004053316633422815 0.4951229872392724 0.5008236961273047 0.1
2719 0.004050376812603594 0.49512652620544084 0.5008230969819555 0.1
2720 0.004047440174699347 0.49513006133777726 0.5008224984875235 0.1
2721 0.004044506715136956 0.4951335926417931 0.50082190064307 0.1
2722 0.004041576429351465 0.4951371201229905 0.5008213034476582 0.1
2723 0.004038649312786089 0.4951406437868614 0.5008207069003525 0.1
2724 0.004035725360892172 0.4951441636388881 0.5008201110002196 0.1
2725 0.004032804569129196 0.49514767968454326 0.5008195157463275 0.1
2726 0.004029886932964732 0.4951511919292889 0.5008189211377462 0.1
2727 0.004026972447874452 0.4951547003785789 0.5008183271735467 0.1
2728 0.004024061109342094 0.4951582050378556 0.5008177338528024 0.1
2729 0.004021152912859448 0.4951617059125529 0.5008171411745879 0.1
2730 0.004018247853926343 0.49516520300809425 0.5008165491379793 0.1
2731 0.004015345928050635 0.4951686963298942 0.5008159577420552 0.1
2732 0.004012447130748169 0.4951721858833568 0.500815366985895 0.1
2733 0.004009551457542784 0.495175671673877 0.5008147768685801 0.1
2734 0.004006658903966287 0.49517915370684024 0.5008141873891935 0.1
2735 0.0040037694655584355 0.49518263198762197 0.5008135985468197 0.1
2736 0.004000883137866922 0.49518610652158807 0.500813010340545 0.1
2737 0.003997999916447356 0.4951895773140952 0.5008124227694575 0.1
2738 0.003995119796863251 0.4951930443704904 0.5008118358326464 0.1
2739 0.003992242774685999 0.4951965076961113 0.5008112495292029 0.1
2740 0.00398936884549487 0.4951999672962853 0.5008106638582198 0.1
2741 0.0039864980048769745 0.4952034231763316 0.5008100788187916 0.1
2742 0.00398363024842726 0.49520687534155866 0.5008094944100141 0.1
2743 0.0039807655717484895 0.4952103237972667 0.5008089106309848 0.1
2744 0.003977903970451242 0.4952137685487455 0.5008083274808033 0.1
2745 0.003975045440153854 0.49521720960127613 0.5008077449585701 0.1
2746 0.003972189976482453 0.49522064696013 0.5008071630633876 0.1
2747 0.003969337575070917 0.49522408063056933 0.5008065817943598 0.1
2748 0.0039664882315608415 0.4952275106178467 0.5008060011505925 0.1
2749 0.003963641941601555 0.49523093692720593 0.5008054211311925 0.1
2750 0.003960798700850084 0.4952343595638809 0.5008048417352688 0.1
2751 0.0039579585049711475 0.49523777853309675 0.500804262961932 0.1
2752 0.003955121349637124 0.49524119384006915 0.5008036848102937 0.1
2753 0.0039522872305280485 0.4952446054900045 0.5008031072794674 0.1
2754 0.003949456143331605 0.4952480134881001 0.5008025303685683 0.1
2755 0.003946628083743082 0.4952514178395438 0.5008019540767131 0.1
2756 0.003943803047465381 0.4952548185495148 0.5008013784030196 0.1
2757 0.0039409810302089955 0.49525821562318273 0.5008008033466083 0.1
2758 0.003938162027691988 0.4952616090657081 0.5008002289065998 0.1
2759 0.003935346035639982 0.4952649988822426 0.5007996550821173 0.1
2760 0.0039325330497861355 0.49526838507792836 0.5007990818722854 0.1
2761 0.003929723065871142 0.4952717676578989 0.5007985092762299 0.1
2762 0.003926916079643192 0.4952751466272785 0.5007979372930784 0.1
2763 0.003924112086857982 0.4952785219911819 0.5007973659219601 0.1
2764 0.003921311083278682 0.4952818937547159 0.5007967951620055 0.1
2765 0.0039185130646759185 0.49528526192297745 0.5007962250123466 0.1
2766 0.003915718026827774 0.49528862650105504 0.5007956554721172 0.1
2767 0.003912925965519751 0.4952919874940275 0.5007950865404528 0.1
2768 0.0039101368765447776 0.4952953449069656 0.5007945182164897 0.1
2769 0.003907350755703178 0.4952986987449304 0.5007939504993665 0.1
2770 0.003904567598802657 0.49530204901297437 0.5007933833882229 0.1
2771 0.0039017874016582946 0.4953053957161416 0.5007928168822 0.1
2772 0.0038990101600925174 0.4953087388594666 0.500792250980441 0.1
2773 0.003896235869935089 0.4953120784479749 0.50079168568209 0.1
2774 0.003893464527023108 0.49531541448668404 0.5007911209862929 0.1
2775 0.0038906961272009606 0.49531874698060196 0.5007905568921971 0.1
2776 0.0038879306663203417 0.4953220759347284 0.5007899933989512 0.1
2777 0.003885168140240209 0.4953254013540538 0.5007894305057059 0.1
2778 0.0038824085448267917 0.49532872324356025 0.500788868211613 0.1
2779 0.003879651875953561 0.495332041608221 0.5007883065158254 0.1
2780 0.003876898129501215 0.4953353564530003 0.5007877454174986 0.1
2781 0.003874147301357671 0.49533866778285407 0.5007871849157882 0.1
2782 0.0038713993874180514 0.4953419756027294 0.5007866250098526 0.1
2783 0.003868654383584652 0.49534527991756466 0.5007860656988506 0.1
2784 0.0038659122857669526 0.4953485807322898 0.5007855069819434 0.1
2785 0.003863173089881575 0.49535187805182584 0.5007849488582926 0.1
2786 0.003860436791852291 0.4953551718810853 0.5007843913270624 0.1
2787 0.0038577033876099967 0.49535846222497215 0.5007838343874179 0.1
2788 0.0038549728730926966 0.4953617490883818 0.5007832780385255 0.1
2789 0.0038522452442454874 0.49536503247620095 0.5007827222795534 0.1
2790 0.003849520497020553 0.49536831239330825 0.5007821671096713 0.1
2791 0.0038467986273771427 0.4953715888445731 0.5007816125280499 0.1
2792 0.0038440796312815525 0.4953748618348567 0.5007810585338617 0.1
2793 0.0038413635047071216 0.495378131369012 0.5007805051262809 0.1
2794 0.0038386502436342017 0.49538139745188337 0.5007799523044824 0.1
2795 0.003835939844050163 0.49538466008830656 0.5007794000676432 0.1
2796 0.003833232301949365 0.49538791928310916 0.5007788484149416 0.1
2797 0.003830527613333139 0.49539117504110963 0.5007782973455572 0.1
2798 0.0038278257742097835 0.4953944273671192 0.5007777468586709 0.1
2799 0.0038251267805945576 0.4953976762659399 0.5007771969534657 0.1
2800 0.0038224306285096327 0.49540092174236544 0.5007766476291249 0.1
2801 0.0038197373139841223 0.4954041638011817 0.5007760988848343 0.1
2802 0.0038170468330540365 0.49540740244716547 0.5007755507197805 0.1
2803 0.003814359181762272 0.4954106376850858 0.5007750031331519 0.1
2804 0.0038116743561586075 0.49541386951970334 0.5007744561241382 0.1
2805 0.0038089923522996866 0.4954170979557701 0.5007739096919301 0.1
2806 0.003806313166249007 0.4954203229980307 0.5007733638357204 0.1
2807 0.003803636794076888 0.49542354465122057 0.5007728185547026 0.1
2808 0.003800963231860472 0.49542676292006727 0.5007722738480721 0.1
2809 0.0037982924756837194 0.4954299778092903 0.5007717297150259 0.1
2810 0.0037956245216373675 0.4954331893236009 0.5007711861547616 0.1
2811 0.003792959365818941 0.4954363974677022 0.5007706431664788 0.1
2812 0.0037902970043327306 0.4954396022462887 0.5007701007493786 0.1
2813 0.0037876374332897695 0.4954428036640474 0.500769558902663 0.1
2814 0.0037849806488078246 0.4954460017256568 0.5007690176255353 0.1
2815 0.0037823266470113966 0.4954491964357875 0.500768476917201 0.1
2816 0.0037796754240316884 0.49545238779910167 0.5007679367768666 0.1
2817 0.003777026976006592 0.4954555758202539 0.5007673972037395 0.1
2818 0.00377438129908069 0.4954587605038904 0.500766858197029 0.1
2819 0.0037717383894052222 0.49546194185464937 0.5007663197559454 0.1
2820 0.0037690982431380915 0.4954651198771608 0.500765781879701 0.1
2821 0.0037664608564438296 0.49546829457604746 0.5007652445675087 0.1
2822 0.0037638262254935956 0.4954714659559232 0.5007647078185833 0.1
2823 0.0037611943464651667 0.4954746340213942 0.5007641716321406 0.1
2824 0.0037585652155429122 0.495477798777059 0.5007636360073981 0.1
2825 0.0037559388289177885 0.4954809602275076 0.5007631009435745 0.1
2826 0.0037533151827873236 0.49548411837732287 0.5007625664398897 0.1
2827 0.0037506942733555974 0.4954872732310792 0.5007620324955652 0.1
2828 0.0037480760968332423 0.49549042479334315 0.5007614991098236 0.1
2829 0.0037454606494374174 0.49549357306867337 0.5007609662818892 0.1
2830 0.003742847927391795 0.49549671806162093 0.5007604340109874 0.1
2831 0.0037402379269265533 0.49549985977672883 0.5007599022963447 0.1
2832 0.0037376306442783616 0.49550299821853216 0.5007593711371895 0.1
2833 0.0037350260756903657 0.49550613339155875 0.5007588405327508 0.1
2834 0.0037324242174121788 0.4955092653003277 0.5007583104822602 0.1
2835 0.003729825065699857 0.49551239394935126 0.5007577809849488 0.1
2836 0.0037272286168158974 0.4955155193431334 0.5007572520400506 0.1
2837 0.0037246348670292124 0.49551864148617036 0.5007567236468005 0.1
2838 0.0037220438126151453 0.49552176038295104 0.5007561958044339 0.1
2839 0.0037194554498554138 0.4955248760379559 0.5007556685121887 0.1
2840 0.003716869775038134 0.4955279884556585 0.5007551417693034 0.1
2841 0.0037142867844577906 0.4955310976405242 0.500754615575018 0.1
2842 0.003711706474415224 0.49553420359701106 0.5007540899285738 0.1
2843 0.0037091288412176167 0.495537306329569 0.5007535648292135 0.1
2844 0.003706553881178491 0.4955404058426407 0.5007530402761808 0.1
2845 0.003703981590617677 0.49554350214066106 0.5007525162687211 0.1
2846 0.003701411965861333 0.49554659522805766 0.5007519928060812 0.1
2847 0.0036988450032418778 0.49554968510924996 0.5007514698875081 0.1
2848 0.003696280699098038 0.49555277178865037 0.5007509475122517 0.1
2849 0.0036937190497747974 0.4955558552706631 0.5007504256795621 0.1
2850 0.0036911600516233885 0.4955589355596858 0.5007499043886908 0.1
2851 0.0036886037010013008 0.49556201266010774 0.500749383638891 0.1
2852 0.003686049994272237 0.4955650865763109 0.5007488634294167 0.1
2853 0.0036834989278061252 0.4955681573126701 0.5007483437595237 0.1
2854 0.0036809504979790977 0.49557122487355215 0.5007478246284689 0.1
2855 0.0036784047011734684 0.4955742892633165 0.50074730603551 0.1
2856 0.003675861533777744 0.49557735048631574 0.5007467879799065 0.1
2857 0.0036733209921865854 0.4955804085468945 0.500746270460919 0.1
2858 0.0036707830728008066 0.49558346344938975 0.5007457534778094 0.1
2859 0.0036682477720273716 0.4955865151981317 0.500745237029841 0.1
2860 0.003665715086279364 0.49558956379744284 0.5007447211162778 0.1
2861 0.003663185011975988 0.49559260925163817 0.5007442057363859 0.1
2862 0.0036606575455425477 0.4955956515650255 0.500743690889432 0.1
2863 0.0036581326834104373 0.4955986907419053 0.5007431765746841 0.1
2864 0.0036556104220171323 0.49560172678657066 0.5007426627914122 0.1
2865 0.003653090757806171 0.49560475970330736 0.5007421495388864 0.1
2866 0.0036505736872271483 0.495607789496394 0.500741636816379 0.1
2867 0.003648059206735702 0.49561081617010155 0.5007411246231629 0.1
2868 0.00364554731279349 0.49561383972869405 0.5007406129585124 0.1
2869 0.003643038001868195 0.49561686017642836 0.5007401018217034 0.1
2870 0.003640531270433503 0.4956198775175536 0.500739591212013 0.1
2871 0.003638027114969092 0.49562289175631236 0.5007390811287187 0.1
2872 0.0036355255319606163 0.4956259028969391 0.5007385715711002 0.1
2873 0.0036330265178997016 0.4956289109436621 0.5007380625384381 0.1
2874 0.0036305300692839318 0.49563191590070194 0.5007375540300143 0.1
2875 0.0036280361826168317 0.4956349177722719 0.5007370460451114 0.1
2876 0.003625544854407853 0.49563791656257844 0.5007365385830137 0.1
2877 0.0036230560811723804 0.49564091227582047 0.5007360316430071 0.1
2878 0.00362056985943169 0.4956439049161904 0.5007355252243779 0.1
2879 0.003618086185712968 0.495646894487873 0.500735019326414 0.1
2880 0.003615605056549273 0.49564988099504614 0.5007345139484047 0.1
2881 0.0036131264684795424 0.4956528644418804 0.5007340090896402 0.1
2882 0.0036106504180485736 0.4956558448325396 0.5007335047494117 0.1
2883 0.0036081769018070087 0.4956588221711806 0.5007330009270125 0.1
2884 0.003605705916311327 0.4956617964619528 0.5007324976217359 0.1
2885 0.003603237458123833 0.49566476770899864 0.5007319948328774 0.1
2886 0.0036007715238126447 0.4956677359164539 0.5007314925597335 0.1
2887 0.0035983081099516794 0.49567070108844713 0.5007309908016011 0.1
2888 0.0035958472131206467 0.49567366322909995 0.5007304895577794 0.1
2889 0.00359338882990503 0.495676622342527 0.500729988827568 0.1
2890 0.0035909329568960787 0.49567957843283583 0.5007294886102681 0.1
2891 0.003588479590690803 0.4956825315041274 0.5007289889051818 0.1
2892 0.0035860287278919496 0.4956854815604954 0.5007284897116127 0.1
2893 0.0035835803651079897 0.49568842860602663 0.5007279910288653 0.1
2894 0.0035811344989531316 0.4956913726448013 0.5007274928562455 0.1
2895 0.0035786911260472756 0.4956943136808926 0.5007269951930602 0.1
2896 0.0035762502430160296 0.4956972517183666 0.5007264980386175 0.1
2897 0.0035738118464906767 0.49570018676128264 0.5007260013922267 0.1
2898 0.0035713759331081813 0.4957031188136936 0.5007255052531981 0.1
2899 0.0035689424995111654 0.4957060478796449 0.5007250096208439 0.1
2900 0.0035665115423479093 0.49570897396317576 0.5007245144944763 0.1
2901 0.003564083058272317 0.49571189706831814 0.5007240198734095 0.1
2902 0.003561657043943942 0.4957148171990972 0.5007235257569589 0.1
2903 0.0035592334960279346 0.4957177343595319 0.5007230321444401 0.1
2904 0.0035568124111950592 0.4957206485536337 0.5007225390351713 0.1
2905 0.003554393786121682 0.49572355978540805 0.5007220464284703 0.1
2906 0.0035519776174897347 0.49572646805885284 0.5007215543236574 0.1
2907 0.0035495639019867352 0.49572937337796 0.5007210627200532 0.1
2908 0.003547152636305759 0.4957322757467145 0.5007205716169798 0.1
2909 0.0035447438171454272 0.4957351751690942 0.5007200810137604 0.1
2910 0.003542337441209898 0.49573807164907085 0.5007195909097193 0.1
2911 0.0035399335052088638 0.4957409651906094 0.5007191013041816 0.1
2912 0.003537532005857531 0.4957438557976681 0.5007186121964744 0.1
2913 0.0035351329398766035 0.4957467434741983 0.500718123585925 0.1
2914 0.003532736303992292 0.49574962822414503 0.5007176354718627 0.1
2915 0.003530342094936279 0.4957525100514469 0.5007171478536168 0.1
2916 0.0035279503094457275 0.4957553889600356 0.5007166607305188 0.1
2917 0.0035255609442632475 0.49575826495383596 0.5007161741019008 0.1
2918 0.003523173996136919 0.4957611380367668 0.5007156879670962 0.1
2919 0.0035207894618202494 0.4957640082127404 0.5007152023254394 0.1
2920 0.0035184073380721743 0.49576687548566195 0.5007147171762659 0.1
2921 0.0035160276216570506 0.49576973985943057 0.5007142325189124 0.1
2922 0.00351365030934464 0.4957726013379386 0.5007137483527169 0.1
2923 0.0035112753979100976 0.4957754599250719 0.5007132646770179 0.1
2924 0.0035089028841339747 0.4957783156247102 0.500712781491156 0.1
2925 0.0035065327648021783 0.4957811684407262 0.5007122987944715 0.1
2926 0.0035041650367059994 0.49578401837698655 0.5007118165863076 0.1
2927 0.003501799696642065 0.4957868654373514 0.5007113348660066 0.1
2928 0.0034994367414123563 0.495789709625674 0.5007108536329138 0.1
2929 0.0034970761678241786 0.49579255094580166 0.5007103728863741 0.1
2930 0.003494717972690161 0.49579538940157564 0.5007098926257342 0.1
2931 0.0034923621528282454 0.4957982249968296 0.5007094128503421 0.1
2932 0.0034900087050616724 0.4958010577353918 0.5007089335595465 0.1
2933 0.0034876576262189685 0.4958038876210839 0.5007084547526971 0.1
2934 0.0034853089131339416 0.49580671465772097 0.500707976429145 0.1
2935 0.003482962562645666 0.495809538849112 0.5007074985882423 0.1
2936 0.0034806185715984803 0.49581236019905955 0.500707021229342 0.1
2937 0.0034782769368419623 0.4958151787113599 0.5007065443517982 0.1
2938 0.003475937655230932 0.4958179943898026 0.5007060679549664 0.1
2939 0.0034736007236254316 0.4958208072381715 0.5007055920382031 0.1
2940 0.00347126613889072 0.495823617260244 0.5007051166008654 0.1
2941 0.003468933897897269 0.49582642445979097 0.5007046416423118 0.1
2942 0.0034666039975207396 0.495829228840577 0.5007041671619021 0.1
2943 0.003464276434641975 0.49583203040636104 0.500703693158997 0.1
2944 0.003461951206146999 0.495834829160895 0.500703219632958 0.1
2945 0.0034596283089270022 0.495837625107925 0.500702746583148 0.1
2946 0.0034573077398783207 0.4958404182511912 0.5007022740089305 0.1
2947 0.003454989495902438 0.4958432085944268 0.5007018019096708 0.1
2948 0.0034526735739059803 0.49584599614135927 0.5007013302847348 0.1
2949 0.003450359970800685 0.4958487808957101 0.5007008591334893 0.1
2950 0.0034480486835034097 0.49585156286119436 0.5007003884553023 0.1
2951 0.0034457397089361136 0.4958543420415208 0.5006999182495431 0.1
2952 0.0034434330440258495 0.4958571184403924 0.5006994485155818 0.1
2953 0.0034411286857047594 0.4958598920615056 0.5006989792527896 0.1
2954 0.0034388266309100446 0.4958626629085513 0.5006985104605386 0.1
2955 0.0034365268765839856 0.4958654309852138 0.5006980421382022 0.1
2956 0.0034342294196739085 0.4958681962951715 0.5006975742851546 0.1
2957 0.0034319342571321795 0.4958709588420966 0.5006971069007713 0.1
2958 0.003429641385916202 0.49587371862965507 0.5006966399844286 0.1
2959 0.003427350802988403 0.4958764756615078 0.5006961735355039 0.1
2960 0.0034250625053162263 0.495879229941308 0.5006957075533758 0.1
2961 0.0034227764898721127 0.4958819814727044 0.5006952420374235 0.1
2962 0.0034204927536334974 0.4958847302593387 0.5006947769870278 0.1
2963 0.003418211293582804 0.49588747630484736 0.5006943124015698 0.1
2964 0.0034159321067074285 0.49589021961286 0.5006938482804325 0.1
2965 0.0034136551899997263 0.4958929601870008 0.5006933846229994 0.1
2966 0.003411380540457015 0.495895698030888 0.5006929214286551 0.1
2967 0.00340910815508155 0.4958984331481335 0.500692458696785 0.1
2968 0.003406838030880531 0.4959011655423436 0.5006919964267759 0.1
2969 0.003404570164866069 0.49590389521711853 0.5006915346180154 0.1
2970 0.0034023045540552037 0.49590662217605264 0.5006910732698922 0.1
2971 0.0034000411954698724 0.4959093464227343 0.5006906123817958 0.1
2972 0.0033977800861369157 0.4959120679607461 0.5006901519531171 0.1
2973 0.003395521223088057 0.4959147867936646 0.5006896919832473 0.1
2974 0.0033932646033598903 0.4959175029250606 0.5006892324715796 0.1
2975 0.003391010223993886 0.4959202163584986 0.5006887734175075 0.1
2976 0.003388758082036372 0.49592292709753794 0.5006883148204258 0.1
2977 0.0033865081745385207 0.4959256351457315 0.5006878566797298 0.1
2978 0.0033842604985563443 0.49592834050662715 0.5006873989948165 0.1
2979 0.0033820150511506882 0.4959310431837659 0.5006869417650834 0.1
2980 0.0033797718293872092 0.49593374318068356 0.5006864849899292 0.1
2981 0.003377530830336386 0.49593644050090996 0.5006860286687536 0.1
2982 0.003375292051073488 0.4959391351479694 0.5006855728009572 0.1
2983 0.003373055488678581 0.49594182712538015 0.5006851173859413 0.1
2984 0.003370821140236516 0.4959445164366544 0.500684662423109 0.1
2985 0.003368589002836908 0.4959472030852995 0.5006842079118636 0.1
2986 0.003366359073574139 0.49594988707481624 0.5006837538516097 0.1
2987 0.003364131349547356 0.4959525684086998 0.5006833002417529 0.1
2988 0.0033619058278604374 0.49595524709044003 0.5006828470816996 0.1
2989 0.003359682505622 0.49595792312352077 0.5006823943708572 0.1
2990 0.003357461379945391 0.4959605965114204 0.5006819421086343 0.1
2991 0.00335524244794867 0.4959632672576108 0.5006814902944404 0.1
2992 0.0033530257067546096 0.4959659353655597 0.5006810389276857 0.1
2993 0.0033508111534906785 0.4959686008387276 0.5006805880077817 0.1
2994 0.0033485987852890317 0.4959712636805703 0.5006801375341406 0.1
2995 0.003346388599286514 0.4959739238945376 0.5006796875061759 0.1
2996 0.003344180592624628 0.49597658148407375 0.5006792379233015 0.1
2997 0.003341974762449552 0.49597923645261743 0.5006787887849331 0.1
2998 0.0033397711059121116 0.4959818888036016 0.5006783400904864 0.1
2999 0.0033375696201677673 0.49598453854045377 0.5006778918393786 0.1
