mass br_wb br_zt br_ht s_u_r s_d_r
300 0.1446333999447789 0.2986560961109249 0.5567105039442962 0.4 0.4
301 0.13087648518693662 0.27435822683201105 0.5947652879810522 0.4 0.4
302 0.12114831180012037 0.2577274053422976 0.621124282857582 0.4 0.4
303 0.11375971401159601 0.2455048217280568 0.6407354642603472 0.4 0.4
304 0.10788700744700695 0.2361119338953845 0.6560010586576086 0.4 0.4
305 0.10306894086058235 0.22867032077921504 0.6682607383602026 0.4 0.4
306 0.09902245205649791 0.22264414959554962 0.6783333983479525 0.4 0.4
307 0.09556205647365652 0.21768434091032915 0.6867536026160144 0.4 0.4
308 0.09256004403735209 0.21355190307916944 0.6938880528834785 0.4 0.4
309 0.08992500803406951 0.21007672235691538 0.6999982696090151 0.4 0.4
310 0.08758944935161457 0.20713385348235439 0.705276697166031 0.4 0.4
311 0.08550222371999804 0.2046291222886258 0.7098686539913762 0.4 0.4
312 0.08362373305670423 0.20248998970418225 0.7138862772391136 0.4 0.4
313 0.08192274990803855 0.2006595382598942 0.7174177118320673 0.4 0.4
314 0.08037425449207822 0.1990923894060029 0.7205333561019188 0.4 0.4
315 0.07895792185633385 0.19775185710406867 0.7232902210395973 0.4 0.4
316 0.07765703911894334 0.1966079170894687 0.7257350437915879 0.4 0.4
317 0.07645771474516008 0.19563572852303304 0.7279065567318068 0.4 0.4
318 0.07534829071386717 0.19481453840383725 0.7298371708822956 0.4 0.4
319 0.07431889852830142 0.19412685664277501 0.7315542448289236 0.4 0.4
320 0.0733611190706267 0.19355782602498858 0.7330810549043847 0.4 0.4
321 0.07246771865105678 0.19309473480205952 0.7344375465468838 0.4 0.4
322 0.07163244179027321 0.19272663521210454 0.7356409229976223 0.4 0.4
323 0.07084984681085958 0.19244404172576 0.7367061114633804 0.4 0.4
324 0.07011517412561925 0.19223869003113184 0.7376461358432489 0.4 0.4
325 0.06942423977855634 0.19210334281056785 0.7384724174108758 0.4 0.4
326 0.0687733486895631 0.19203163193550948 0.7391950193749274 0.4 0.4
327 0.06815922341885101 0.1920179292744035 0.7398228473067456 0.4 0.4
328 0.0675789452627668 0.1920572401786996 0.7403638145585336 0.4 0.4
329 0.06702990522735423 0.192145115089395 0.7408249796832507 0.4 0.4
330 0.06650976297412933 0.19227757573222648 0.741212661293644 0.4 0.4
331 0.06601641224557575 0.19245105314107402 0.7415325346133502 0.4 0.4
332 0.06554795159206134 0.19266233533487925 0.7417897130730594 0.4 0.4
333 0.06510265946299013 0.19290852292205124 0.7419888176149586 0.4 0.4
334 0.06467897291156767 0.19318699125284713 0.7421340358355852 0.4 0.4
335 0.06427546930802697 0.19349535800990528 0.7422291726820678 0.4 0.4
336 0.06389085057042414 0.19383145533855126 0.7422776940910246 0.4 0.4
337 0.06352392951247307 0.19419330578540017 0.7422827647021268 0.4 0.4
338 0.06317361797981211 0.19457910144638704 0.7422472805738008 0.4 0.4
339 0.06283891650369962 0.19498718583136604 0.7421738976649342 0.4 0.4
340 0.06251890524753073 0.1954160380376479 0.7420650567148214 0.4 0.4
341 0.06221273605914931 0.1958642588937491 0.7419230050471016 0.4 0.4
342 0.061919625472525726 0.19633055879063724 0.741749815736837 0.4 0.4
343 0.06163884852740529 0.19681374696348092 0.7415474045091138 0.4 0.4
344 0.06136973329611557 0.19731272202445702 0.7413175446794273 0.4 0.4
345 0.06111165602371558 0.19782646357810235 0.7410618803981821 0.4 0.4
346 0.060864036801768086 0.19835402477631 0.740781938421922 0.4 0.4
347 0.06062633570775485 0.19889452569136695 0.7404791386008781 0.4 0.4
348 0.06039804935197037 0.19944714740319536 0.7401548032448343 0.4 0.4
349 0.06017870778196574 0.20001112671184967 0.7398101655061846 0.4 0.4
350 0.0599678717015536 0.20058575139883228 0.7394463768996141 0.4 0.4
351 0.059765129967246255 0.20117035597135627 0.7390645140613975 0.4 0.4
352 0.05957009732997376 0.2017643178326131 0.7386655848374133 0.4 0.4
353 0.05938241239415626 0.20236705382869663 0.7382505337771471 0.4 0.4
354 0.059201735769815744 0.20297801712930277 0.7378202471008815 0.4 0.4
355 0.05902774839650014 0.20359669440483788 0.7373755571986619 0.4 0.4
356 0.058860150020444674 0.20422260326730934 0.7369172467122461 0.4 0.4
357 0.05869865780867588 0.2048552899464308 0.7364460522448932 0.4 0.4
358 0.058543005085733936 0.20549432717587848 0.7359626677383876 0.4 0.4
359 0.0583929401803898 0.20613931226765797 0.7354677475519523 0.4 0.4
360 0.05824822537121385 0.20678986535515706 0.734961909273629 0.4 0.4
361 0.05810863592113303 0.2074456277877344 0.7344457362911326 0.4 0.4
362 0.057973959192235594 0.2081062606616658 0.7339197801460986 0.4 0.4
363 0.057843993833056676 0.20877144347399468 0.7333845626929487 0.4 0.4
364 0.057718549031434786 0.20944087288733781 0.7328405780812275 0.4 0.4
365 0.057597443826777964 0.21011426159501004 0.732288294578212 0.4 0.4
366 0.05748050647623716 0.21079133727699517 0.7317281562467678 0.4 0.4
367 0.057367573869864824 0.21147184163829547 0.7311605844918396 0.4 0.4
368 0.05725849099034814 0.21215552952209538 0.7305859794875564 0.4 0.4
369 0.05715311041335808 0.21284216809095768 0.7300047214956843 0.4 0.4
370 0.05705129184495621 0.21353153606996972 0.7294171720850741 0.4 0.4
371 0.05695290169285629 0.21422342304637726 0.7288236752607664 0.4 0.4
372 0.05685781266865226 0.21491762882078194 0.7282245585105657 0.4 0.4
373 0.056765903418405934 0.21561396280547812 0.7276201337761159 0.4 0.4
374 0.05667705817923665 0.21631224346592323 0.7270106983548401 0.4 0.4
375 0.05659116645977936 0.21701229780173192 0.7263965357384887 0.4 0.4
376 0.0565081227425769 0.2177139608639233 0.7257779163934999 0.4 0.4
377 0.056427826206650065 0.21841707530545718 0.7251550984878928 0.4 0.4
378 0.0563501804686505 0.21912149096237515 0.7245283285689743 0.4 0.4
379 0.056275093341144895 0.2198270644631035 0.7238978421957517 0.4 0.4
380 0.056202476606707207 0.2205336588636996 0.7232638645295933 0.4 0.4
381 0.056132245806613745 0.2212411433070222 0.722626610886364 0.4 0.4
382 0.05606432004303949 0.22194939270398475 0.7219862872529759 0.4 0.4
383 0.055998621793749453 0.22265828743520877 0.7213430907710418 0.4 0.4
384 0.05593507673836422 0.22336771307154835 0.7206972101900874 0.4 0.4
385 0.05587361359535567 0.22407756011207705 0.7200488262925672 0.4 0.4
386 0.055814163969000706 0.22478772373825834 0.7193981122927411 0.4 0.4
387 0.0557566622055816 0.22549810358311878 0.7187452342112995 0.4 0.4
388 0.05570104525818278 0.22620860351434907 0.7180903512274682 0.4 0.4
389 0.055647252559482545 0.22691913143033823 0.7174336160101792 0.4 0.4
390 0.055595225901989696 0.22762959906823574 0.7167751750297746 0.4 0.4
391 0.05554490932521492 0.22833992182319934 0.7161151688515857 0.4 0.4
392 0.05549624900930982 0.22905001857806345 0.7154537324126267 0.4 0.4
393 0.05544919317473966 0.22975981154271388 0.7147909952825466 0.4 0.4
394 0.055403691987590965 0.23046922610251705 0.7141270819098919 0.4 0.4
395 0.05535969747014443 0.23117819067519832 0.7134621118546572 0.4 0.4
396 0.05531716341637151 0.2318866365756117 0.7127962000080168 0.4 0.4
397 0.05527604531203781 0.23259449788788547 0.7121294568000767 0.4 0.4
398 0.055236300259120935 0.23330171134446648 0.7114619883964125 0.4 0.4
399 0.05519788690427003 0.23400821621161988 0.7107938968841102 0.4 0.4
400 0.05516076537105537 0.234713954180977 0.7101252804479675 0.4 0.4
401 0.05512489719577319 0.2354188692667504 0.7094562335374763 0.4 0.4
402 0.05509024526658802 0.23612290770826286 0.7087868470251492 0.4 0.4
403 0.05505677376581078 0.2368260178774665 0.7081172083567226 0.4 0.4
404 0.05502444811512251 0.23752815019114334 0.7074474016937341 0.4 0.4
405 0.05499323492356992 0.23822925702750783 0.7067775080489223 0.4 0.4
406 0.05496310193816791 0.23892929264694754 0.7061076054148846 0.4 0.4
407 0.05493401799695703 0.23962821311665614 0.7054377688863869 0.4 0.4
408 0.05490595298437352 0.2403259762389305 0.704768070776696 0.4 0.4
409 0.054878877788798505 0.24102254148291993 0.7040985807282816 0.4 0.4
410 0.054852764262162915 0.24171786991962746 0.7034293658182097 0.4 0.4
411 0.0548275851814913 0.24241192415997895 0.7027604906585299 0.4 0.4
412 0.05480331421227627 0.2431046682957852 0.7020920174919385 0.4 0.4
413 0.054779925873581735 0.24379606784343713 0.7014240062829812 0.4 0.4
414 0.05475739550477983 0.24448608969018018 0.70075651480504 0.4 0.4
415 0.05473569923383234 0.24517470204282807 0.7000895987233395 0.4 0.4
416 0.054714813947032766 0.2458618743787817 0.6994233116741856 0.4 0.4
417 0.05469471726013069 0.24654757739922928 0.6987577053406401 0.4 0.4
418 0.0546753874907648 0.24723178298441148 0.6980928295248238 0.4 0.4
419 0.054656803632135355 0.24791446415084115 0.6974287322170235 0.4 0.4
420 0.05463894532785106 0.2485955950103761 0.6967654596617728 0.4 0.4
421 0.05462179284788929 0.24927515073104675 0.696103056421064 0.4 0.4
422 0.054605327065612226 0.24995310749954952 0.6954415654348383 0.4 0.4
423 0.05458952943578485 0.2506294424853213 0.6947810280788939 0.4 0.4
424 0.05457438197354359 0.25130413380611183 0.6941214842203447 0.4 0.4
425 0.05455986723426832 0.25197716049498203 0.6934629722707497 0.4 0.4
426 0.05454596829431161 0.2526485024686555 0.6928055292370329 0.4 0.4
427 0.05453266873254365 0.2533181404971568 0.6921491907702996 0.4 0.4
428 0.05451995261267169 0.25398605617467224 0.691493991212656 0.4 0.4
429 0.054507804466296744 0.25465223189157665 0.6908399636421266 0.4 0.4
430 0.05449620927667152 0.2553166508075661 0.6901871399157623 0.4 0.4
431 0.05448515246312589 0.25597929682584786 0.6895355507110261 0.4 0.4
432 0.054474619866127366 0.25664015456833394 0.6888852255655387 0.4 0.4
433 0.05446459773294759 0.2572992093517931 0.6882361929152594 0.4 0.4
434 0.05445507270390497 0.2579564471649171 0.6875884801311778 0.4 0.4
435 0.05444603179915723 0.25861185464625686 0.6869421135545859 0.4 0.4
436 0.0544374624060182 0.2592654190629903 0.6862971185309914 0.4 0.4
437 0.0544293522667742 0.25991712829048463 0.6856535194427412 0.4 0.4
438 0.05442168946697782 0.26056697079261515 0.6850113397404071 0.4 0.4
439 0.05441446242419677 0.26121493560280945 0.6843706019729939 0.4 0.4
440 0.054407659877197215 0.26186101230578146 0.6837313278170213 0.4 0.4
441 0.054401270875542605 0.2625051910199296 0.6830935381045278 0.4 0.4
442 0.054395284769588756 0.26314746238036496 0.6824572528500462 0.4 0.4
443 0.05438969120085818 0.2637878175225469 0.681822491276595 0.4 0.4
444 0.05438448009277663 0.2644262480664964 0.6811892718407271 0.4 0.4
445 0.05437964164175606 0.26506274610156516 0.680557612256679 0.4 0.4
446 0.05437516630860915 0.2656973041717352 0.6799275295196557 0.4 0.4
447 0.054371044810280766 0.2663299152614283 0.679299039928291 0.4 0.4
448 0.05436726811188298 0.2669605727818018 0.6786721591063153 0.4 0.4
449 0.05436382741902056 0.2675892705575138 0.6780469020234656 0.4 0.4
450 0.05436071417039502 0.2682160028139363 0.6774232830156688 0.4 0.4
451 0.05435792003067455 0.268840764164798 0.6768013158045274 0.4 0.4
452 0.054355436883620045 0.2694635496002414 0.6761810135161386 0.4 0.4
453 0.054353256825455415 0.27008435447527557 0.6755623886992691 0.4 0.4
454 0.05435137215847277 0.27070317449860964 0.6749454533429177 0.4 0.4
455 0.054349775384862534 0.27132000572185305 0.6743302188932845 0.4 0.4
456 0.05434845920075931 0.2719348445290667 0.6737166962701739 0.4 0.4
457 0.054347416490495244 0.2725476876266509 0.6731048958828538 0.4 0.4
458 0.0543466403210514 0.2731585320335612 0.6724948276453875 0.4 0.4
459 0.05434612393670056 0.2737673750718328 0.6718865009914666 0.4 0.4
460 0.054345860753832916 0.27437421435740905 0.6712799248887579 0.4 0.4
461 0.054345844355957754 0.27497904779125726 0.6706751078527851 0.4 0.4
462 0.05434606848887377 0.27558187355076336 0.670072057960363 0.4 0.4
463 0.05434652705600252 0.2761826900813951 0.6694707828626024 0.4 0.4
464 0.05434721411387704 0.2767814960886239 0.668871289797499 0.4 0.4
465 0.0543481238677813 0.2773782905300941 0.6682735856021247 0.4 0.4
466 0.05434925066753317 0.27797307260803356 0.6676776767244332 0.4 0.4
467 0.05435058900340667 0.2785658417618949 0.6670835692346984 0.4 0.4
468 0.05435213350218738 0.2791565976612192 0.6664912688365935 0.4 0.4
469 0.05435387892335636 0.27974534019871544 0.6659007808779283 0.4 0.4
470 0.0543558201553976 0.2803320694835466 0.6653121103610558 0.4 0.4
471 0.05435795221222452 0.2809167858348166 0.6647252619529588 0.4 0.4
472 0.05436027022972071 0.28149948977525013 0.6641402399950291 0.4 0.4
473 0.05436276946239143 0.28208018202505797 0.6635570485125507 0.4 0.4
474 0.05436544528012079 0.28265886349598485 0.6629756912238943 0.4 0.4
475 0.054368293165031854 0.2832355352855282 0.66239617154944 0.4 0.4
476 0.05437130870844484 0.28381019867132756 0.6618184926202276 0.4 0.4
477 0.054374487607930656 0.2843828551057147 0.6612426572863547 0.4 0.4
478 0.05437782566445603 0.2849535062104212 0.6606686681251228 0.4 0.4
479 0.05438131877961683 0.28552215377143836 0.6600965274489448 0.4 0.4
480 0.05438496295295687 0.2860887997340227 0.6595262373130204 0.4 0.4
481 0.054388754279368456 0.2866534461978448 0.6589577995227867 0.4 0.4
482 0.05439268894657271 0.2872160954122736 0.6583912156411535 0.4 0.4
483 0.054396763232675865 0.28777674977179596 0.6578264869955283 0.4 0.4
484 0.0544009735037998 0.2883354118115622 0.657263614684638 0.4 0.4
485 0.054405316211783586 0.2888920842030579 0.6567025995851584 0.4 0.4
486 0.054409787891954 0.2894467697498967 0.6561434423581494 0.4 0.4
487 0.054414385160962093 0.2899994713837264 0.6555861434553115 0.4 0.4
488 0.05441910471468448 0.2905501921602529 0.6550307031250627 0.4 0.4
489 0.05442394332618615 0.2910989352553702 0.6544771214184436 0.4 0.4
490 0.05442889784374324 0.2916457039613974 0.6539253981948593 0.4 0.4
491 0.05443396518892376 0.2921905016834195 0.6533755331276568 0.4 0.4
492 0.054439142354724065 0.29273333193572587 0.65282752570955 0.4 0.4
493 0.05444442640375958 0.2932741983383483 0.6522813752578921 0.4 0.4
494 0.054449814466507616 0.2938131046136895 0.6517370809198028 0.4 0.4
495 0.05445530373960065 0.29435005458324537 0.6511946416771541 0.4 0.4
496 0.054460891484168474 0.29488505216441335 0.6506540563514182 0.4 0.4
497 0.05446657502422794 0.2954181013673873 0.6501153236083848 0.4 0.4
498 0.054472351745117734 0.29594920629213556 0.6495784419627467 0.4 0.4
499 0.05447821909197797 0.29647837112545894 0.6490434097825631 0.4 0.4
500 0.05448417456827239 0.2970056001381273 0.6485102252936004 0.4 0.4
501 0.05449021573435185 0.2975308976820918 0.6479788865835563 0.4 0.4
502 0.05449634020605807 0.29805426818777153 0.6474493916061704 0.4 0.4
503 0.05450254565336599 0.29857571616141043 0.6469217381852236 0.4 0.4
504 0.05450882979906404 0.29909524618250527 0.6463959240184307 0.4 0.4
505 0.054515190417470466 0.2996128629013001 0.6458719466812294 0.4 0.4
506 0.054521625333185046 0.3001285710363468 0.6453498036304681 0.4 0.4
507 0.054528132419874954 0.30064237537212873 0.6448294922079963 0.4 0.4
508 0.05453470959909369 0.30115428075674777 0.6443110096441585 0.4 0.4
509 0.054541354839132125 0.30166429209967 0.6437943530611979 0.4 0.4
510 0.05454806615390037 0.30217241436953085 0.6432795194765687 0.4 0.4
511 0.054554841601840064 0.30267865259199717 0.6427665058061628 0.4 0.4
512 0.05456167928486565 0.30318301184768404 0.6422553088674503 0.4 0.4
513 0.05456857734733397 0.3036854972701263 0.6417459253825397 0.4 0.4
514 0.05457553397504131 0.3041861140438015 0.6412383519811571 0.4 0.4
515 0.05458254739424706 0.30468486740220463 0.6407325852035483 0.4 0.4
516 0.05458961587072319 0.3051817626259715 0.6402286215033053 0.4 0.4
517 0.05459673770882855 0.30567680504105177 0.6397264572501196 0.4 0.4
518 0.05460391125060789 0.30617000001692696 0.6392260887324652 0.4 0.4
519 0.054611134874913855 0.30666135296487596 0.6387275121602102 0.4 0.4
520 0.054618406996552335 0.3071508693362834 0.6382307236671643 0.4 0.4
521 0.05462572606544968 0.3076385546209927 0.6377357193135578 0.4 0.4
522 0.05463309056584167 0.3081244143457003 0.637242495088458 0.4 0.4
523 0.05464049901548316 0.30860845407239107 0.6367510469121258 0.4 0.4
524 0.05464794996487819 0.30909067939681373 0.6362613706383081 0.4 0.4
525 0.05465544199652958 0.3095710959469956 0.6357734620564749 0.4 0.4
526 0.054662973724208114 0.3100497093817942 0.6352873168939978 0.4 0.4
527 0.05467054379223954 0.3105265253894869 0.6348029308182735 0.4 0.4
528 0.05467815087481046 0.3110015496863947 0.6343202994387949 0.4 0.4
529 0.054685793675291104 0.3114747880155449 0.6338394183091639 0.4 0.4
530 0.05469347092557535 0.3119462461453619 0.6333602829290628 0.4 0.4
531 0.05470118138543753 0.3124159298683969 0.6328828887461657 0.4 0.4
532 0.05470892384190477 0.3128838450000869 0.6324072311580083 0.4 0.4
533 0.054716697108645504 0.3133499973775461 0.6319333055138083 0.4 0.4
534 0.054724500025372894 0.31381439285838775 0.6314611071162394 0.4 0.4
535 0.05473233145726292 0.3142770373195767 0.6309906312231603 0.4 0.4
536 0.05474019029438699 0.31473793665630995 0.6305218730493031 0.4 0.4
537 0.05474807545115857 0.3151970967809281 0.6300548277679133 0.4 0.4
538 0.05475598586579316 0.3156545236218507 0.6295894905123561 0.4 0.4
539 0.05476392049978158 0.3161102231225428 0.6291258563776756 0.4 0.4
540 0.05477187833737592 0.31656420124050505 0.628663920422119 0.4 0.4
541 0.05477985838508842 0.3170164639462911 0.6282036776686204 0.4 0.4
542 0.054787859671201866 0.3174670172225497 0.6277451231062485 0.4 0.4
543 0.05479588124529224 0.3179158670630908 0.6272882516916168 0.4 0.4
544 0.05480392217776271 0.3183630194719766 0.6268330583502608 0.4 0.4
545 0.054811981559388726 0.31880848046263444 0.6263795379779769 0.4 0.4
546 0.05482005850087413 0.31925225605699475 0.6259276854421311 0.4 0.4
547 0.05482815213241775 0.31969435228464843 0.6254774955829339 0.4 0.4
548 0.05483626160329035 0.3201347751820279 0.6250289632146816 0.4 0.4
549 0.054844386081421594 0.32057353079160883 0.6245820831269697 0.4 0.4
550 0.054852524752996644 0.32101062516113177 0.6241368500858717 0.4 0.4
551 0.05486067682206259 0.3214460643428448 0.6236932588350925 0.4 0.4
552 0.0548688415101437 0.3218798543927654 0.6232513040970908 0.4 0.4
553 0.05487701805586613 0.3223120013699622 0.6228109805741718 0.4 0.4
554 0.054885205714590796 0.3227425113358529 0.6223722829495563 0.4 0.4
555 0.05489340375805574 0.3231713903535248 0.6219352058884193 0.4 0.4
556 0.05490161147402571 0.32359864448706943 0.621499744038905 0.4 0.4
557 0.05490982816595068 0.32402427980093534 0.6210658920331141 0.4 0.4
558 0.054918053152631915 0.32444830235929967 0.6206336444880685 0.4 0.4
559 0.05492628576789579 0.3248707182254545 0.6202029960066499 0.4 0.4
560 0.054934525360275016 0.32529153346120954 0.6197739411785155 0.4 0.4
561 0.05494277129269745 0.32571075412631173 0.6193464745809907 0.4 0.4
562 0.05495102294218165 0.32612838627787927 0.618920590779939 0.4 0.4
563 0.0549592796995396 0.32654443596985067 0.6184962843306097 0.4 0.4
564 0.05496754096908632 0.32695890925244997 0.6180735497784637 0.4 0.4
565 0.0549758061683555 0.3273718121716637 0.6176523816599808 0.4 0.4
566 0.05498407472782241 0.32778315076873493 0.6172327745034426 0.4 0.4
567 0.0549923460906323 0.32819293107966874 0.6168147228296988 0.4 0.4
568 0.055000619712335316 0.3286011591347518 0.616398221152913 0.4 0.4
569 0.05500889506062736 0.32900784095808555 0.615983263981287 0.4 0.4
570 0.05501717161509647 0.32941298256713164 0.6155698458177719 0.4 0.4
571 0.055025448866975316 0.3298165899722693 0.6151579611607554 0.4 0.4
572 0.05503372631889876 0.33021866917636616 0.6147476045047351 0.4 0.4
573 0.05504200348466708 0.33061922617436046 0.6143387703409726 0.4 0.4
574 0.05505027988901444 0.3310182669528538 0.6139314531581318 0.4 0.4
575 0.05505855506738229 0.3314157974897174 0.6135256474429004 0.4 0.4
576 0.055066828565697966 0.33181182375370705 0.613121347680595 0.4 0.4
577 0.05507509994015813 0.33220635170409146 0.6127185483557506 0.4 0.4
578 0.05508336875701679 0.3325993872902884 0.6123172439526948 0.4 0.4
579 0.055091634592378355 0.33299093645151345 0.6119174289561083 0.4 0.4
580 0.055099897031994666 0.33338100511643814 0.6115190978515671 0.4 0.4
581 0.055108155671066965 0.3337695992028576 0.6111222451260756 0.4 0.4
582 0.05511641011405192 0.3341567246173676 0.6107268652685804 0.4 0.4
583 0.05512465997447187 0.33454238725505264 0.6103329527704754 0.4 0.4
584 0.05513290487472931 0.33492659299918115 0.6099405021260895 0.4 0.4
585 0.05514114444592513 0.3353093477209113 0.6095495078331635 0.4 0.4
586 0.055149378327681145 0.3356906572790044 0.6091599643933144 0.4 0.4
587 0.05515760616796609 0.3360705275195481 0.6087718663124858 0.4 0.4
588 0.055165827622925614 0.3364489642756867 0.6083852081013877 0.4 0.4
589 0.055174042356715795 0.33682597336736086 0.6079999842759233 0.4 0.4
590 0.05518225004134006 0.3372015606010546 0.6076161893576053 0.4 0.4
591 0.055190450356490076 0.33757573176955014 0.6072338178739598 0.4 0.4
592 0.05519864298938941 0.3379484926516901 0.6068528643589204 0.4 0.4
593 0.05520682763464104 0.33831984901214923 0.6064733233532097 0.4 0.4
594 0.05521500399407771 0.3386898066012097 0.6060951894047126 0.4 0.4
595 0.055223171776615725 0.33905837115454734 0.6057184570688369 0.4 0.4
596 0.055231330698111675 0.3394255483930224 0.605343120908866 0.4 0.4
597 0.055239480481222215 0.33979134402247796 0.6049691754962999 0.4 0.4
598 0.05524762085526696 0.34015576373354517 0.6045966154111879 0.4 0.4
599 0.05525575155609381 0.3405188132014541 0.604225435242452 0.4 0.4
600 0.055263872325947754 0.340880498085853 0.6038556295881993 0.4 0.4
601 0.05527198291334181 0.3412408240306311 0.603487193056027 0.4 0.4
602 0.055280083072930954 0.34159979666374857 0.6031201202633204 0.4 0.4
603 0.05528817256538878 0.3419574215970743 0.6027544058375369 0.4 0.4
604 0.05529625115728638 0.34231370442622583 0.6023900444164877 0.4 0.4
605 0.05530431862097412 0.3426686507304181 0.6020270306486077 0.4 0.4
606 0.05531237473446554 0.3430222660723161 0.6016653591932184 0.4 0.4
607 0.05532041928132385 0.3433745559978932 0.601305024720783 0.4 0.4
608 0.05532845205055071 0.34372552603629547 0.6009460219131537 0.4 0.4
609 0.055336472836477406 0.3440751816997102 0.6005883454638123 0.4 0.4
610 0.05534448143865801 0.34442352848323926 0.6002319900781027 0.4 0.4
611 0.055352477661764925 0.3447705718647798 0.5998769504734552 0.4 0.4
612 0.0553604613154867 0.3451163173049056 0.5995232213796077 0.4 0.4
613 0.05536843221442755 0.3454607702467574 0.599170797538815 0.4 0.4
614 0.055376390178009265 0.34580393611593474 0.5988196737060559 0.4 0.4
615 0.05538433503037509 0.3461458203203942 0.5984698446492308 0.4 0.4
616 0.05539226660029521 0.34648642825035053 0.5981213051493542 0.4 0.4
617 0.05540018472107468 0.34682576527818343 0.5977740500007419 0.4 0.4
618 0.055408089230462906 0.34716383675834755 0.5974280740111896 0.4 0.4
619 0.055415979970565 0.34750064802728703 0.597083372002148 0.4 0.4
620 0.05542385678775485 0.3478362044033536 0.5967399388088915 0.4 0.4
621 0.05543171953259017 0.3481705111867294 0.5963977692806803 0.4 0.4
622 0.055439568059729126 0.34850357365935314 0.5960568582809178 0.4 0.4
623 0.055447402227848525 0.34883539708484884 0.5957172006873026 0.4 0.4
624 0.05545522189956396 0.34916598670846083 0.5953787913919752 0.4 0.4
625 0.05546302694135117 0.34949534775698965 0.5950416253016592 0.4 0.4
626 0.055470817223469304 0.3498234854387329 0.5947056973377978 0.4 0.4
627 0.05547859261988558 0.35015040494342936 0.5943710024366852 0.4 0.4
628 0.0554863530082013 0.35047611144220564 0.594037535549593 0.4 0.4
629 0.05549409826957979 0.35080061008752705 0.5937052916428931 0.4 0.4
630 0.055501828288675115 0.3511239060131508 0.593374265698174 0.4 0.4
631 0.05550954295356296 0.3514460043340829 0.5930444527123543 0.4 0.4
632 0.0555172421556721 0.35176691014653727 0.5927158476977906 0.4 0.4
633 0.055524925789718016 0.3520866285278991 0.5923884456823829 0.4 0.4
634 0.05553259375363713 0.35240516453668963 0.5920622417096734 0.4 0.4
635 0.05554024594852279 0.3527225232125345 0.5917372308389428 0.4 0.4
636 0.05554788227856245 0.35303870957613476 0.5914134081453029 0.4 0.4
637 0.05555550265097572 0.35335372862924064 0.5910907687197835 0.4 0.4
638 0.05556310697595432 0.35366758535462733 0.5907693076694184 0.4 0.4
639 0.05557069516660251 0.3539802847160742 0.5904490201173233 0.4 0.4
640 0.0555782671388791 0.35429183165834516 0.5901299012027758 0.4 0.4
641 0.05558582281154063 0.3546022311071736 0.5898119460812858 0.4 0.4
642 0.05559336210608524 0.3549114879692468 0.5894951499246679 0.4 0.4
643 0.05560088494669827 0.3552196071321963 0.5891795079211055 0.4 0.4
644 0.05560839126019837 0.3555265934645857 0.588865015275216 0.4 0.4
645 0.055615880975984765 0.3558324518159058 0.5885516672081095 0.4 0.4
646 0.055623354025986005 0.356137187016568 0.5882394589574461 0.4 0.4
647 0.055630810344609136 0.3564408038779019 0.5879283857774891 0.4 0.4
648 0.055638249868689926 0.35674330719215375 0.5876184429391563 0.4 0.4
649 0.055645672537444624 0.357044701732488 0.5873096257300673 0.4 0.4
650 0.05565307829242183 0.35734499225298966 0.5870019294545885 0.4 0.4
651 0.055660467077456054 0.357644183488669 0.586695349433875 0.4 0.4
652 0.05566783883862162 0.35794228015546853 0.5863898810059097 0.4 0.4
653 0.05567519352418763 0.35823928695027124 0.5860855195255412 0.4 0.4
654 0.05568253108457411 0.3585352085509105 0.5857822603645155 0.4 0.4
655 0.05568985147230845 0.3588300496161815 0.5854800989115101 0.4 0.4
656 0.055697154641983077 0.35912381478585625 0.5851790305721608 0.4 0.4
657 0.05570444055021388 0.35941650868069663 0.5848790507690894 0.4 0.4
658 0.05571170915559927 0.3597081359024726 0.5845801549419282 0.4 0.4
659 0.05571896041868022 0.35999870103397935 0.5842823385473404 0.4 0.4
660 0.05572619430190097 0.36028820863905775 0.5839855970590413 0.4 0.4
661 0.05573341076957045 0.3605766632626152 0.5836899259678143 0.4 0.4
662 0.05574060978782458 0.36086406943064764 0.5833953207815278 0.4 0.4
663 0.0557477913245892 0.3611504316502642 0.5831017770251467 0.4 0.4
664 0.05575495534954362 0.3614357544097124 0.5828092902407439 0.4 0.4
665 0.05576210183408506 0.3617200421784042 0.5825178559875107 0.4 0.4
666 0.055769230751293586 0.36200329940694426 0.5822274698417621 0.4 0.4
667 0.055776342075897926 0.3622855305271587 0.5819381273969435 0.4 0.4
668 0.055783435784241574 0.3625667399521256 0.5816498242636328 0.4 0.4
669 0.055790511854250074 0.36284693207620666 0.5813625560695433 0.4 0.4
670 0.055797570265398326 0.3631261112750793 0.5810763184595223 0.4 0.4
671 0.05580461099867904 0.3634042819057705 0.5807911070955504 0.4 0.4
672 0.055811634036571356 0.36368144830669175 0.5805069176567368 0.4 0.4
673 0.05581863936301048 0.3639576147976747 0.5802237458393148 0.4 0.4
674 0.055825626963357494 0.3642327856800078 0.5799415873566348 0.4 0.4
675 0.05583259682436994 0.3645069652364745 0.5796604379391557 0.4 0.4
676 0.05583954893417299 0.36478015773139205 0.5793802933344349 0.4 0.4
677 0.05584648328223113 0.3650523674106508 0.5791011493071181 0.4 0.4
678 0.05585339985932031 0.3653235985017548 0.5788230016389249 0.4 0.4
679 0.055860298657500626 0.36559385521386367 0.5785458461286357 0.4 0.4
680 0.05586717967008964 0.3658631417378352 0.5782696785920752 0.4 0.4
681 0.05587404289163602 0.36613146224626725 0.5779944948620968 0.4 0.4
682 0.0558808883178939 0.36639882089354314 0.5777202907885628 0.4 0.4
683 0.05588771594579749 0.3666652218158759 0.5774470622383266 0.4 0.4
684 0.055894525773436315 0.36693066913135314 0.5771748050952106 0.4 0.4
685 0.05590131780003085 0.36719516693998433 0.5769035152599848 0.4 0.4
686 0.0559080920259086 0.367458719323747 0.5766331886503444 0.4 0.4
687 0.055914848452480875 0.3677213303466347 0.5763638212008844 0.4 0.4
688 0.05592158708221945 0.3679830040547054 0.5760954088630751 0.4 0.4
689 0.055928307918634304 0.3682437444761302 0.5758279476052356 0.4 0.4
690 0.055935010966251274 0.3685035556212426 0.5755614334125061 0.4 0.4
691 0.055941696230590435 0.3687624414825894 0.5752958622868203 0.4 0.4
692 0.05594836371814477 0.3690204060349808 0.5750312302468744 0.4 0.4
693 0.055955013436359134 0.36927745323554256 0.5747675333280983 0.4 0.4
694 0.055961645393609996 0.3695335870237666 0.5745047675826234 0.4 0.4
695 0.055968259599184875 0.36978881132156444 0.5742429290792507 0.4 0.4
696 0.055974856063262975 0.3700431300333197 0.5739820139034173 0.4 0.4
697 0.055981434796895505 0.37029654704594117 0.5737220181571634 0.4 0.4
698 0.055987995811986775 0.37054906622891765 0.5734629379590956 0.4 0.4
699 0.055994539121275465 0.370800691434371 0.5732047694443536 0.4 0.4
700 0.056001064738316245 0.371051426497112 0.5729475087645719 0.4 0.4
701 0.05600757267746194 0.3713012752346946 0.5726911520878435 0.4 0.4
702 0.056014062953845624 0.3715502414474721 0.5724356955986822 0.4 0.4
703 0.056020535583363514 0.3717983289186531 0.5721811354979833 0.4 0.4
704 0.05602699058265781 0.3720455414143575 0.5719274680029848 0.4 0.4
705 0.05603342796910003 0.3722918826836732 0.5716746893472266 0.4 0.4
706 0.056039847760774794 0.3725373564587139 0.5714227957805113 0.4 0.4
707 0.05604624997646343 0.37278196645467515 0.5711717835688614 0.4 0.4
708 0.056052634635628436 0.3730257163698934 0.5709216489944782 0.4 0.4
709 0.056059001758398015 0.3732686098859032 0.5706723883556987 0.4 0.4
710 0.05606535136555071 0.3735106506674956 0.5704239979669536 0.4 0.4
711 0.056071683478500535 0.3737518423627773 0.5701764741587222 0.4 0.4
712 0.056077998119282525 0.373992188603228 0.5699298132774893 0.4 0.4
713 0.05608429531053804 0.3742316930037619 0.5696840116857 0.4 0.4
714 0.056090575075500936 0.3744703591627843 0.5694390657617147 0.4 0.4
715 0.05609683743798369 0.37470819066225314 0.5691949718997633 0.4 0.4
716 0.05610308242236369 0.3749451910677379 0.5689517265098984 0.4 0.4
717 0.056109310053570026 0.3751813639284799 0.56870932601795 0.4 0.4
718 0.05611552035707036 0.3754167127774522 0.5684677668654774 0.4 0.4
719 0.05612171335885813 0.3756512411314203 0.5682270455097215 0.4 0.4
720 0.05612788908543988 0.375884952491002 0.5679871584235581 0.4 0.4
721 0.05613404756382295 0.37611785034072903 0.5677481020954479 0.4 0.4
722 0.05614018882150339 0.37634993814910717 0.5675098730293896 0.4 0.4
723 0.056146312886453914 0.3765812193686772 0.5672724677448688 0.4 0.4
724 0.05615241978711234 0.3768116974360768 0.5670358827768109 0.4 0.4
725 0.05615850955237 0.3770413757721006 0.5668001146755293 0.4 0.4
726 0.056164582211560704 0.37727025778176265 0.5665651600066768 0.4 0.4
727 0.05617063779444937 0.377498346854357 0.5663310153511937 0.4 0.4
728 0.05617667633122146 0.37772564636352013 0.5660976773052584 0.4 0.4
729 0.05618269785247223 0.3779521596672911 0.5658651424802367 0.4 0.4
730 0.05618870238919618 0.37817789010817543 0.5656334075026284 0.4 0.4
731 0.056194689972777025 0.37840284101320437 0.5654024690140185 0.4 0.4
732 0.056200660634977515 0.3786270156939993 0.5651723236710231 0.4 0.4
733 0.056206614407929505 0.37885041744683134 0.5649429681452391 0.4 0.4
734 0.056212551324124435 0.37907304955268456 0.5647143991231909 0.4 0.4
735 0.056218471416403626 0.37929491527731796 0.5644866133062785 0.4 0.4
736 0.056224374717949145 0.37951601787132677 0.564259607410724 0.4 0.4
737 0.056230261262274435 0.3797363605702055 0.5640333781675201 0.4 0.4
738 0.056236131083215596 0.37995594659440884 0.5638079223223755 0.4 0.4
739 0.05624198421492228 0.38017477914941417 0.5635832366356636 0.4 0.4
740 0.056247820691849276 0.38039286142578427 0.5633593178823664 0.4 0.4
741 0.05625364054874791 0.3806101965992285 0.5631361628520235 0.4 0.4
742 0.05625944382065765 0.380826787830665 0.5629137683486773 0.4 0.4
743 0.056265230542898115 0.3810426382662832 0.5626921311908186 0.4 0.4
744 0.056271000751060875 0.3812577510376054 0.5624712482113339 0.4 0.4
745 0.05627675448100159 0.38147212926154883 0.5622511162574496 0.4 0.4
746 0.056282491768832474 0.3816857760404873 0.5620317321906801 0.4 0.4
747 0.05628821265091446 0.3818986944623142 0.5618130928867713 0.4 0.4
748 0.05629391716384993 0.3821108876005034 0.5615951952356468 0.4 0.4
749 0.05629960534447535 0.38232235851417046 0.5613780361413542 0.4 0.4
750 0.05630527722985411 0.38253311024813624 0.5611616125220097 0.4 0.4
751 0.05631093285726951 0.38274314583298685 0.5609459213097436 0.4 0.4
752 0.056316572264217844 0.38295246828513674 0.5607309594506454 0.4 0.4
753 0.056322195488401706 0.38316108060688875 0.5605167239047096 0.4 0.4
754 0.056327802567723226 0.38336898578649664 0.5603032116457801 0.4 0.4
755 0.056333393540277665 0.3835761867982266 0.5600904196614959 0.4 0.4
756 0.05633896844434696 0.38378268660241766 0.5598783449532353 0.4 0.4
757 0.05634452731839351 0.38398848814554404 0.5596669845360623 0.4 0.4
758 0.056350070201053946 0.38419359436027534 0.5594563354386707 0.4 0.4
759 0.05635559713113318 0.3843980081655382 0.5592463947033286 0.4 0.4
760 0.056361108147598434 0.3846017324665769 0.5590371593858247 0.4 0.4
761 0.056366603289573464 0.3848047701550146 0.558828626555412 0.4 0.4
762 0.05637208259633282 0.3850071241089136 0.5586207932947537 0.4 0.4
763 0.056377546107296284 0.38520879719283646 0.5584136566998673 0.4 0.4
764 0.05638299386202333 0.38540979225790634 0.5582072138800703 0.4 0.4
765 0.0563884259002079 0.3856101121418668 0.5580014619579252 0.4 0.4
766 0.05639384226167298 0.38580975966914344 0.5577963980691835 0.4 0.4
767 0.05639924298636541 0.3860087376509022 0.5575920193627323 0.4 0.4
768 0.05640462811435096 0.38620704888511154 0.5573883230005376 0.4 0.4
769 0.05640999768580917 0.3864046961566004 0.5571853061575905 0.4 0.4
770 0.0564153517410286 0.38660168223711877 0.5569829660218527 0.4 0.4
771 0.056420690320401944 0.3867980098853978 0.5567812997942002 0.4 0.4
772 0.056426013464421484 0.38699368184720834 0.5565803046883702 0.4 0.4
773 0.05643132121367421 0.38718870085542084 0.556379977930905 0.4 0.4
774 0.05643661360883764 0.38738306963006436 0.5561803167610979 0.4 0.4
775 0.05644189069067509 0.3875767908783858 0.555981318430939 0.4 0.4
776 0.056447152500031524 0.38776986729490853 0.55578298020506 0.4 0.4
777 0.05645239907782916 0.3879623015614909 0.5555852993606799 0.4 0.4
778 0.056457630465063385 0.38815409634738596 0.5553882731875507 0.4 0.4
779 0.05646284670279866 0.38834525430929845 0.555191898987903 0.4 0.4
780 0.05646804783216435 0.3885357780914436 0.554996174076392 0.4 0.4
781 0.056473233894351084 0.38872567032560595 0.554801095780043 0.4 0.4
782 0.056478404930606546 0.3889149336311962 0.5546066614381973 0.4 0.4
783 0.0564835609822319 0.38910357061530987 0.5544128684024583 0.4 0.4
784 0.05648870209057803 0.3892915838727834 0.5542197140366385 0.4 0.4
785 0.05649382829704193 0.38947897598625403 0.5540271957167041 0.4 0.4
786 0.05649893964306301 0.38966574952621497 0.5538353108307219 0.4 0.4
787 0.05650403617011981 0.3898519070510732 0.5536440567788069 0.4 0.4
788 0.05650911791972637 0.39003745110720633 0.5534534309730672 0.4 0.4
789 0.05651418493342893 0.3902223842290199 0.5532634308375511 0.4 0.4
790 0.05651923725280273 0.39040670893900276 0.5530740538081946 0.4 0.4
791 0.05652427491944866 0.39059042774778424 0.552885297332767 0.4 0.4
792 0.056529297974990185 0.3907735431541906 0.5526971588708192 0.4 0.4
793 0.056534306461070154 0.3909560576453 0.5525096358936298 0.4 0.4
794 0.0565393004193478 0.3911379736964996 0.5523227258841527 0.4 0.4
795 0.056544279891495824 0.3913192937715401 0.552136426336964 0.4 0.4
796 0.05654924491919745 0.3915000203225915 0.551950734758211 0.4 0.4
797 0.05655419554414339 0.3916801557902991 0.5517656486655576 0.4 0.4
798 0.05655913180802939 0.3918597026038372 0.5515811655881333 0.4 0.4
799 0.05656405375255316 0.3920386631809656 0.5513972830664813 0.4 0.4
800 0.05656896141941183 0.3922170399280825 0.5512139986525056 0.4 0.4
801 0.05657385485029939 0.39239483524028046 0.5510313099094202 0.4 0.4
802 0.0565787340869039 0.3925720515014002 0.5508492144116959 0.4 0.4
803 0.05658359917090515 0.39274869108408433 0.5506677097450104 0.4 0.4
804 0.05658845014397215 0.392924756349832 0.5504867935061959 0.4 0.4
805 0.056593287047760635 0.39310024964905166 0.5503064633031877 0.4 0.4
806 0.05659810992391075 0.3932751733211156 0.5501267167549737 0.4 0.4
807 0.05660291881404468 0.3934495296944126 0.5499475514915427 0.4 0.4
808 0.056607713759764464 0.39362332108640113 0.5497689651538344 0.4 0.4
809 0.05661249480264968 0.39379654980366235 0.549590955393688 0.4 0.4
810 0.0566172619842553 0.3939692181419532 0.5494135198737915 0.4 0.4
811 0.05662201534610951 0.39414132838625804 0.5492366562676324 0.4 0.4
812 0.05662675492971172 0.3943128828108418 0.5490603622594464 0.4 0.4
813 0.05663148077653041 0.394483883679302 0.5488846355441677 0.4 0.4
814 0.0566361929280012 0.3946543332446195 0.5487094738273792 0.4 0.4
815 0.056640891425524864 0.39482423374921216 0.548534874825263 0.4 0.4
816 0.056645576310465406 0.39499358742498486 0.5483608362645498 0.4 0.4
817 0.05665024762414812 0.39516239649338125 0.5481873558824706 0.4 0.4
818 0.05665490540785799 0.39533066316543475 0.5480144314267072 0.4 0.4
819 0.05665954970283762 0.3954983896418199 0.5478420606553426 0.4 0.4
820 0.056664180550285576 0.3956655781129022 0.5476702413368122 0.4 0.4
821 0.05666879799135473 0.3958322307587898 0.5474989712498555 0.4 0.4
822 0.05667340206715051 0.39599834974938203 0.5473282481834675 0.4 0.4
823 0.056677992818729275 0.3961639372444212 0.5471580699368495 0.4 0.4
824 0.05668257028709671 0.39632899539354144 0.5469884343193617 0.4 0.4
825 0.056687134513206235 0.3964935263363191 0.5468193391504746 0.4 0.4
826 0.05669168553795754 0.3966575322023208 0.5466507822597217 0.4 0.4
827 0.05669622340219498 0.3968210151111544 0.5464827614866504 0.4 0.4
828 0.05670074814670621 0.3969839771725175 0.5463152746807762 0.4 0.4
829 0.05670525981222068 0.3971464204862449 0.5461483197015344 0.4 0.4
830 0.05670975843940821 0.39730834714235935 0.5459818944182324 0.4 0.4
831 0.056714244068877755 0.39746975922111855 0.5458159967100038 0.4 0.4
832 0.05671871674117591 0.3976306587930636 0.5456506244657605 0.4 0.4
833 0.056723176496785724 0.39779104791906744 0.5454857755841468 0.4 0.4
834 0.056727623376125316 0.39795092865038234 0.5453214479734922 0.4 0.4
835 0.05673205741954677 0.3981103030286873 0.5451576395517659 0.4 0.4
836 0.05673647866733471 0.39826917308613585 0.5449943482465294 0.4 0.4
837 0.056740887159705385 0.39842754084540283 0.5448315719948919 0.4 0.4
838 0.05674528293680527 0.3985854083197315 0.5446693087434633 0.4 0.4
839 0.056749666038710074 0.3987427775129803 0.5445075564483097 0.4 0.4
840 0.05675403650542349 0.39889965041966957 0.5443463130749069 0.4 0.4
841 0.05675839437687639 0.3990560290250278 0.544185576598096 0.4 0.4
842 0.056762739692925474 0.39921191530503736 0.5440253450020371 0.4 0.4
843 0.0567670724933524 0.3993673112264814 0.5438656162801663 0.4 0.4
844 0.05677139281786282 0.3995222187469881 0.5437063884351492 0.4 0.4
845 0.05677570070608526 0.3996766398150776 0.5435476594788371 0.4 0.4
846 0.05677999619757029 0.399830576370207 0.5433894274322227 0.4 0.4
847 0.05678427933178963 0.3999840303428148 0.5432316903253955 0.4 0.4
848 0.056788550148135074 0.40013700365436633 0.5430744461974986 0.4 0.4
849 0.05679280868591782 0.4002894982173985 0.5429176930966837 0.4 0.4
850 0.056797054984367434 0.400441515935564 0.5427614290800685 0.4 0.4
851 0.056801289082631205 0.4005930587036759 0.542605652213693 0.4 0.4
852 0.05680551101977314 0.40074412840775164 0.5424503605724752 0.4 0.4
853 0.056809720834773286 0.4008947269250567 0.5422955522401701 0.4 0.4
854 0.056813918566526955 0.40104485612414886 0.5421412253093242 0.4 0.4
855 0.05681810425384399 0.4011945178649207 0.5419873778812352 0.4 0.4
856 0.05682227793544801 0.401343713998644 0.541834008065908 0.4 0.4
857 0.05682643964997563 0.40149244636801207 0.5416811139820122 0.4 0.4
858 0.056830589435975985 0.40164071680718305 0.5415286937568411 0.4 0.4
859 0.05683472733190981 0.40178852714182167 0.5413767455262685 0.4 0.4
860 0.05683885337614897 0.4019358791891437 0.5412252674347073 0.4 0.4
861 0.05684296760697579 0.40208277475795595 0.5410742576350682 0.4 0.4
862 0.05684707006258243 0.40222921564869984 0.5409237142887177 0.4 0.4
863 0.056851160781070276 0.40237520365349255 0.5407736355654372 0.4 0.4
864 0.05685523980044935 0.4025207405561692 0.5406240196433815 0.4 0.4
865 0.05685930715863783 0.4026658281323241 0.540474864709038 0.4 0.4
866 0.05686336289346149 0.4028104681493518 0.5403261689571868 0.4 0.4
867 0.05686740704265313 0.4029546623664886 0.5401779305908583 0.4 0.4
868 0.05687143964385208 0.40309841253485335 0.5400301478212947 0.4 0.4
869 0.05687546073460375 0.4032417203974878 0.5398828188679086 0.4 0.4
870 0.056879470352359046 0.40338458768939756 0.5397359419582434 0.4 0.4
871 0.05688346853447412 0.4035270161375921 0.5395895153279338 0.4 0.4
872 0.056887455318209774 0.40366900746112505 0.5394435372206653 0.4 0.4
873 0.05689143074073097 0.4038105633711337 0.5392980058881351 0.4 0.4
874 0.056895394839106585 0.40395168557087985 0.5391529195900135 0.4 0.4
875 0.056899347650308955 0.40409237575578766 0.5390082765939034 0.4 0.4
876 0.0569032892112134 0.4042326356134844 0.5388640751753023 0.4 0.4
877 0.05690721955859795 0.40437246682383854 0.5387203136175635 0.4 0.4
878 0.05691113872914295 0.4045118710590002 0.5385769902118568 0.4 0.4
879 0.056915046759430765 0.4046508499834379 0.5384341032571311 0.4 0.4
880 0.056918943685945404 0.4047894052539791 0.5382916510600756 0.4 0.4
881 0.05692282954507216 0.4049275385198468 0.5381496319350811 0.4 0.4
882 0.05692670437309741 0.40506525142269945 0.5380080442042032 0.4 0.4
883 0.056930568206208246 0.4052025455966674 0.5378668861971243 0.4 0.4
884 0.05693442108049225 0.40533942266839224 0.5377261562511154 0.4 0.4
885 0.05693826303193715 0.405475884257063 0.5375858527109998 0.4 0.4
886 0.056942094096430626 0.4056119319744545 0.5374459739291149 0.4 0.4
887 0.056945914309760114 0.4057475674249644 0.5373065182652756 0.4 0.4
888 0.05694972370761238 0.4058827922056502 0.5371674840867373 0.4 0.4
889 0.05695352232557353 0.4060176079062664 0.5370288697681601 0.4 0.4
890 0.05695731019912868 0.4061520161093004 0.5368906736915711 0.4 0.4
891 0.05696108736366172 0.40628601839001044 0.5367528942463278 0.4 0.4
892 0.056964853854455294 0.40641961631646045 0.5366155298290842 0.4 0.4
893 0.05696860970669041 0.40655281144955757 0.5364785788437519 0.4 0.4
894 0.05697235495544638 0.40668560534308684 0.5363420397014668 0.4 0.4
895 0.05697608963570063 0.406817999543748 0.5362059108205514 0.4 0.4
896 0.05697981378232866 0.40694999559119044 0.5360701906264809 0.4 0.4
897 0.05698352743010372 0.40708159501804947 0.5359348775518468 0.4 0.4
898 0.05698723061369683 0.4072127993499808 0.5357999700363225 0.4 0.4
899 0.056990923367676576 0.4073436101056958 0.5356654665266276 0.4 0.4
900 0.056994605726509086 0.4074740287969965 0.5355313654764945 0.4 0.4
901 0.05699827772455775 0.4076040569288107 0.5353976653466317 0.4 0.4
902 0.057001939396083334 0.40773369599922576 0.5352643646046908 0.4 0.4
903 0.05700559077524383 0.4078629474995238 0.5351314617252323 0.4 0.4
904 0.05700923189609425 0.4079918129142153 0.5349989551896903 0.4 0.4
905 0.05701286279258677 0.4081202937210733 0.53486684348634 0.4 0.4
906 0.05701648349857049 0.4082483913911676 0.5347351251102619 0.4 0.4
907 0.05702009404779154 0.40837610738889785 0.5346037985633106 0.4 0.4
908 0.05702369447389278 0.40850344317202764 0.5344728623540795 0.4 0.4
909 0.057027284810414115 0.40863040019171754 0.5343423149978684 0.4 0.4
910 0.057030865090792186 0.4087569798925582 0.5342121550166496 0.4 0.4
911 0.05703443534836039 0.4088831837126042 0.5340823809390355 0.4 0.4
912 0.05703799561634906 0.4090090130834053 0.5339529913002455 0.4 0.4
913 0.057041545927885205 0.4091344694300405 0.5338239846420743 0.4 0.4
914 0.057045086315992685 0.4092595541711502 0.5336953595128572 0.4 0.4
915 0.05704861681359205 0.40938426871896827 0.5335671144674398 0.4 0.4
916 0.057052137453500726 0.409508614479354 0.5334392480671452 0.4 0.4
917 0.05705564826843297 0.40963259285182546 0.5333117588797415 0.4 0.4
918 0.057059149290999825 0.4097562052295895 0.5331846454794107 0.4 0.4
919 0.05706264055370924 0.4098794529995747 0.533057906446716 0.4 0.4
920 0.05706612208896606 0.41000233754246235 0.5329315403685716 0.4 0.4
921 0.057069593929072085 0.4101248602327184 0.5328055458382096 0.4 0.4
922 0.05707305610622613 0.4102470224386231 0.5326799214551509 0.4 0.4
923 0.05707650865252401 0.41036882552230475 0.5325546658251712 0.4 0.4
924 0.05707995159995877 0.4104902708397677 0.5324297775602734 0.4 0.4
925 0.05708338498042057 0.4106113597409252 0.5323052552786542 0.4 0.4
926 0.05708680882569679 0.41073209356962836 0.5321810976046748 0.4 0.4
927 0.0570902231674722 0.41085247366369787 0.53205730316883 0.4 0.4
928 0.0570936280373289 0.4109725013549533 0.5319338706077179 0.4 0.4
929 0.057097023466746596 0.41109217796924385 0.5318107985640096 0.4 0.4
930 0.057100409487102544 0.41121150482647784 0.5316880856864197 0.4 0.4
931 0.0571037861296716 0.4113304832406526 0.5315657306296759 0.4 0.4
932 0.05710715342562652 0.41144911451988403 0.5314437320544894 0.4 0.4
933 0.05711051140603792 0.4115673999664365 0.5313220886275256 0.4 0.4
934 0.057113860101874386 0.41168534087675135 0.5312007990213742 0.4 0.4
935 0.05711719954400261 0.41180293854147687 0.5310798619145204 0.4 0.4
936 0.057120529763187614 0.41192019424549675 0.5309592759913156 0.4 0.4
937 0.057123850790092696 0.4120371092679592 0.530839039941948 0.4 0.4
938 0.057127162655279604 0.4121536848823055 0.530719152462415 0.4 0.4
939 0.05713046538920886 0.4122699223562991 0.530599612254492 0.4 0.4
940 0.05713375902223955 0.4123858229520529 0.5304804180257077 0.4 0.4
941 0.05713704358462981 0.4125013879260583 0.5303615684893119 0.4 0.4
942 0.05714031910653667 0.4126166185292137 0.5302430623642496 0.4 0.4
943 0.05714358561801651 0.4127315160068518 0.5301248983751317 0.4 0.4
944 0.057146843149024844 0.4128460815987671 0.5300070752522079 0.4 0.4
945 0.05715009172941693 0.4129603165392446 0.5298895917313384 0.4 0.4
946 0.0571533313889474 0.4130742220570864 0.5297724465539663 0.4 0.4
947 0.05715656215727085 0.41318779937563965 0.5296556384670895 0.4 0.4
948 0.05715978406394181 0.4133010497128238 0.5295391662232344 0.4 0.4
949 0.057162997138414946 0.41341397428115706 0.529423028580428 0.4 0.4
950 0.05716620141004528 0.4135265742877842 0.5293072243021706 0.4 0.4
951 0.05716939690808828 0.41363885093450253 0.5291917521574092 0.4 0.4
952 0.05717258366169999 0.41375080541778964 0.5290766109205104 0.4 0.4
953 0.05717576169993747 0.4138624389288287 0.5289617993712339 0.4 0.4
954 0.05717893105175865 0.41397375265353564 0.5288473162947057 0.4 0.4
955 0.05718209174602273 0.4140847477725856 0.5287331604813917 0.4 0.4
956 0.05718524381149031 0.414195425461438 0.5286193307270718 0.4 0.4
957 0.057188387276823544 0.41430578689036374 0.5285058258328128 0.4 0.4
958 0.057191522170586456 0.41441583322447023 0.5283926446049433 0.4 0.4
959 0.0571946485212449 0.41452556562372733 0.5282797858550278 0.4 0.4
960 0.05719776635716707 0.414634985242993 0.5281672483998399 0.4 0.4
961 0.05720087570662339 0.4147440932320392 0.5280550310613373 0.4 0.4
962 0.05720397659778697 0.4148528907355756 0.5279431326666374 0.4 0.4
963 0.05720706905873366 0.4149613788932769 0.5278315520479894 0.4 0.4
964 0.057210153117442285 0.4150695588398062 0.5277202880427514 0.4 0.4
965 0.057213228801794885 0.4151774317048406 0.5276093394933645 0.4 0.4
966 0.057216296139577 0.415284998613096 0.527498705247327 0.4 0.4
967 0.05721935515847767 0.41539226068435153 0.5273883841571708 0.4 0.4
968 0.05722240588608984 0.41549921903347453 0.5272783750804356 0.4 0.4
969 0.05722544834991053 0.415605874770444 0.5271686768796455 0.4 0.4
970 0.05722848257734104 0.4157122290003755 0.5270592884222836 0.4 0.4
971 0.05723150859568719 0.4158182828235458 0.5269502085807671 0.4 0.4
972 0.05723452643215945 0.41592403733541544 0.526841436232425 0.4 0.4
973 0.057237536113873375 0.41602949362665415 0.5267329702594725 0.4 0.4
974 0.05724053766784961 0.4161346527831635 0.526624809548987 0.4 0.4
975 0.05724353112101427 0.4162395158861009 0.5265169529928848 0.4 0.4
976 0.057246516500199046 0.41634408401190354 0.5264093994878973 0.4 0.4
977 0.05724949383214156 0.41644835823231074 0.5263021479355476 0.4 0.4
978 0.05725246314348557 0.4165523396143881 0.5261951972421264 0.4 0.4
979 0.05725542446078108 0.4166560292205504 0.5260885463186684 0.4 0.4
980 0.05725837781048473 0.4167594281085842 0.5259821940809309 0.4 0.4
981 0.05726132321896005 0.41686253733167167 0.5258761394493684 0.4 0.4
982 0.05726426071247749 0.4169653579384118 0.5257703813491107 0.4 0.4
983 0.05726719031721489 0.4170678909728447 0.5256649187099404 0.4 0.4
984 0.05727011205925763 0.41717013747447323 0.525559750466269 0.4 0.4
985 0.05727302596459885 0.41727209847828556 0.5254548755571156 0.4 0.4
986 0.05727593205913971 0.4173737750147772 0.525350292926083 0.4 0.4
987 0.057278830368689644 0.4174751681099736 0.5252460015213368 0.4 0.4
988 0.05728172091896669 0.417576278785452 0.5251420002955813 0.4 0.4
989 0.05728460373559747 0.4176771080583635 0.525038288206039 0.4 0.4
990 0.0572874788441178 0.4177776569414547 0.5249348642144275 0.4 0.4
991 0.05729034626997276 0.4178779264430891 0.5248317272869383 0.4 0.4
992 0.05729320603851675 0.4179779175672695 0.5247288763942137 0.4 0.4
993 0.05729605817501418 0.41807763131365877 0.524626310511327 0.4 0.4
994 0.05729890270463933 0.4181770686776015 0.524524028617759 0.4 0.4
995 0.05730173965247678 0.41827623065014524 0.5244220296973781 0.4 0.4
996 0.05730456904352169 0.4183751182180615 0.5243203127384167 0.4 0.4
997 0.05730739090267997 0.41847373236386676 0.5242188767334532 0.4 0.4
998 0.05731020525476853 0.41857207406584346 0.524117720679388 0.4 0.4
999 0.05731301212451565 0.41867014429806115 0.5240168435774233 0.4 0.4
1000 0.057315811536561005 0.4187679440303962 0.5239162444330427 0.4 0.4
1001 0.057318603515456375 0.41886547422855336 0.5238159222559902 0.4 0.4
1002 0.057321388085665274 0.41896273585408605 0.5237158760602486 0.4 0.4
1003 0.05732416527156376 0.4190597298644163 0.5236161048640199 0.4 0.4
1004 0.057326935097440364 0.419156457212855 0.5235166076897045 0.4 0.4
1005 0.05732969758749658 0.41925291884862276 0.5234173835638807 0.4 0.4
1006 0.05733245276584685 0.4193491157168691 0.523318431517284 0.4 0.4
1007 0.05733520065651909 0.41944504875869315 0.5232197505847879 0.4 0.4
1008 0.057337941283454846 0.4195407189111621 0.5231213398053829 0.4 0.4
1009 0.05734067467050951 0.4196361271073333 0.5230231982221571 0.4 0.4
1010 0.05734340084145259 0.4197312742762714 0.522925324882276 0.4 0.4
1011 0.05734611981996811 0.4198261613430691 0.5228277188369628 0.4 0.4
1012 0.05734883162965472 0.41992078922886683 0.5227303791414785 0.4 0.4
1013 0.05735153629402597 0.42001515885087104 0.522633304855103 0.4 0.4
1014 0.057354233836510685 0.42010927112237434 0.522536495041115 0.4 0.4
1015 0.057356924280453137 0.42020312695277423 0.5224399487667727 0.4 0.4
1016 0.057359607649113235 0.4202967272475918 0.522343665103295 0.4 0.4
1017 0.05736228396566707 0.4203900729084913 0.5222476431258416 0.4 0.4
1018 0.05736495325320681 0.42048316483329806 0.5221518819134952 0.4 0.4
1019 0.05736761553474127 0.42057600391601835 0.5220563805492403 0.4 0.4
1020 0.05737027083319601 0.4206685910468568 0.5219611381199473 0.4 0.4
1021 0.05737291917141362 0.42076092711223567 0.5218661537163507 0.4 0.4
1022 0.057375560572154066 0.42085301299481287 0.521771426433033 0.4 0.4
1023 0.057378195058094855 0.42094484957350053 0.5216769553684046 0.4 0.4
1024 0.05738082265183136 0.42103643772348315 0.5215827396246854 0.4 0.4
1025 0.0573834433758771 0.4211277783162353 0.5214887783078876 0.4 0.4
1026 0.0573860572526639 0.42121887221954035 0.5213950705277958 0.4 0.4
1027 0.05738866430454225 0.4213097202975079 0.5213016153979497 0.4 0.4
1028 0.05739126455378172 0.4214003234105916 0.5212084120356267 0.4 0.4
1029 0.05739385802257086 0.42149068241560733 0.5211154595618218 0.4 0.4
1030 0.05739644473301764 0.42158079816575006 0.5210227571012324 0.4 0.4
1031 0.05739902470714994 0.4216706715106123 0.5209303037822377 0.4 0.4
1032 0.05740159796691541 0.42176030329620084 0.5208380987368837 0.4 0.4
1033 0.05740416453418211 0.4218496943649544 0.5207461411008636 0.4 0.4
1034 0.057406724430738486 0.42193884555576117 0.5206544300135003 0.4 0.4
1035 0.05740927767829382 0.422027757703975 0.5205629646177312 0.4 0.4
1036 0.05741182429847838 0.422116431641434 0.5204717440600877 0.4 0.4
1037 0.0574143643128438 0.4222048681964762 0.52038076749068 0.4 0.4
1038 0.05741689774286323 0.4222930681939572 0.5202900340631796 0.4 0.4
1039 0.05741942460993164 0.42238103245526637 0.5201995429348021 0.4 0.4
1040 0.05742194493536615 0.4224687617983446 0.5201092932662892 0.4 0.4
1041 0.0574244587404062 0.4225562570376996 0.5200192842218941 0.4 0.4
1042 0.057426966046213855 0.42264351898442354 0.5199295149693625 0.4 0.4
1043 0.057429466873874124 0.4227305484462094 0.5198399846799165 0.4 0.4
1044 0.05743196124439502 0.42281734622736605 0.5197506925282389 0.4 0.4
1045 0.05743444917870815 0.4229039131288369 0.5196616376924549 0.4 0.4
1046 0.057436930697668684 0.42299024994821355 0.5195728193541177 0.4 0.4
1047 0.057439405822055756 0.42307635747975403 0.5194842366981902 0.4 0.4
1048 0.057441874572572785 0.4231622365143974 0.5193958889130299 0.4 0.4
1049 0.05744433696984747 0.42324788783978035 0.5193077751903723 0.4 0.4
1050 0.057446793034432425 0.4233333122402526 0.5192198947253148 0.4 0.4
1051 0.05744924278680517 0.423418510496894 0.5191322467163008 0.4 0.4
1052 0.057451686247368454 0.42350348338752813 0.5190448303651034 0.4 0.4
1053 0.0574541234364506 0.42358823168673965 0.5189576448768097 0.4 0.4
1054 0.057456554374305635 0.4236727561658889 0.5188706894598054 0.4 0.4
1055 0.05745897908111368 0.42375705759312776 0.5187839633257585 0.4 0.4
1056 0.05746139757698111 0.42384113673341506 0.5186974656896038 0.4 0.4
1057 0.057463809881940865 0.42392499434853176 0.5186111957695275 0.4 0.4
1058 0.057466216015952656 0.4240086311970956 0.5185251527869518 0.4 0.4
1059 0.057468615998903336 0.4240920480345772 0.5184393359665195 0.4 0.4
1060 0.05747100985060704 0.4241752456133148 0.5183537445360782 0.4 0.4
1061 0.05747339759080548 0.42425822468252844 0.518268377726666 0.4 0.4
1062 0.05747577923916829 0.4243409859883362 0.5181832347724955 0.4 0.4
1063 0.057478154815293066 0.4244235302737678 0.5180983149109392 0.4 0.4
1064 0.05748052433870585 0.4245058582787801 0.5180136173825142 0.4 0.4
1065 0.05748288782886131 0.4245879707402713 0.5179291414308673 0.4 0.4
1066 0.057485245305142936 0.42466986839209614 0.517844886302761 0.4 0.4
1067 0.057487596786863354 0.42475155196507924 0.5177608512480574 0.4 0.4
1068 0.05748994229326461 0.4248330221870307 0.5176770355197047 0.4 0.4
1069 0.05749228184351833 0.42491427978276003 0.5175934383737216 0.4 0.4
1070 0.05749461545672603 0.4249953254740904 0.5175100590691836 0.4 0.4
1071 0.05749694315191936 0.4250761599798727 0.517426896868208 0.4 0.4
1072 0.057499264948060444 0.4251567840159999 0.5173439510359397 0.4 0.4
1073 0.05750158086404193 0.4252371982954207 0.5172612208405373 0.4 0.4
1074 0.05750389091868746 0.42531740352815445 0.5171787055531579 0.4 0.4
1075 0.057506195130751746 0.4253974004213038 0.5170964044479445 0.4 0.4
1076 0.05750849351892099 0.4254771896790694 0.5170143168020097 0.4 0.4
1077 0.05751078610181294 0.4255567720027632 0.5169324418954239 0.4 0.4
1078 0.05751307289797733 0.4256361480908229 0.5168507790111998 0.4 0.4
1079 0.05751535392589596 0.42571531863882417 0.5167693274352798 0.4 0.4
1080 0.05751762920398309 0.4257942843394959 0.5166880864565211 0.4 0.4
1081 0.05751989875058557 0.4258730458827319 0.5166070553666825 0.4 0.4
1082 0.05752216258398322 0.425951603955606 0.5165262334604107 0.4 0.4
1083 0.05752442072238892 0.4260299592423839 0.5164456200352271 0.4 0.4
1084 0.05752667318394894 0.4261081124245378 0.5163652143915132 0.4 0.4
1085 0.057528919986743254 0.4261860641807583 0.5162850158324984 0.4 0.4
1086 0.05753116114878563 0.4262638151869682 0.5162050236642463 0.4 0.4
1087 0.05753339668802396 0.42634136611633594 0.5161252371956402 0.4 0.4
1088 0.05753562662234054 0.42641871763928746 0.516045655738372 0.4 0.4
1089 0.057537850969552246 0.42649587042352044 0.5159662786069272 0.4 0.4
1090 0.05754006974741082 0.42657282513401606 0.515887105118573 0.4 0.4
1091 0.05754228297360305 0.4266495824330523 0.5158081345933447 0.4 0.4
1092 0.057544490665751125 0.4267261429802165 0.5157293663540323 0.4 0.4
1093 0.05754669284141274 0.4268025074324183 0.515650799726169 0.4 0.4
1094 0.05754888951808145 0.42687867644390187 0.5155724340380167 0.4 0.4
1095 0.05755108071318682 0.42695465066625854 0.5154942686205546 0.4 0.4
1096 0.05755326644409476 0.4270304307484394 0.5154163028074659 0.4 0.4
1097 0.05755544672810765 0.42710601733676734 0.5153385359351251 0.4 0.4
1098 0.05755762158246467 0.4271814110749496 0.5152609673425856 0.4 0.4
1099 0.05755979102434203 0.4272566126040906 0.5151835963715674 0.4 0.4
1100 0.05756195507085309 0.42733162256270274 0.5151064223664441 0.4 0.4
1101 0.05756411373904879 0.4274064415867199 0.5150294446742313 0.4 0.4
1102 0.057566267045917704 0.42748107030950866 0.5149526626445736 0.4 0.4
1103 0.05756841500838641 0.4275555093618808 0.5148760756297328 0.4 0.4
1104 0.05757055764331962 0.42762975937210507 0.5147996829845752 0.4 0.4
1105 0.0575726949675205 0.427703820965919 0.5147234840665603 0.4 0.4
1106 0.057574826997730824 0.42777769476654065 0.5146474782357284 0.4 0.4
1107 0.05757695375063122 0.4278513813946807 0.514571664854688 0.4 0.4
1108 0.05757907524284151 0.42792488146855384 0.5144960432886048 0.4 0.4
1109 0.057581191490920766 0.4279981956038907 0.5144206129051887 0.4 0.4
1110 0.057583302511367694 0.4280713244139485 0.5143453730746839 0.4 0.4
1111 0.05758540832062071 0.4281442685095243 0.5142703231698549 0.4 0.4
1112 0.05758750893505834 0.428217028498965 0.5141954625659768 0.4 0.4
1113 0.05758960437099936 0.4282896049881789 0.5141207906408217 0.4 0.4
1114 0.057591694644702957 0.4283619985806481 0.514046306774649 0.4 0.4
1115 0.0575937797723691 0.4284342098774379 0.5139720103501929 0.4 0.4
1116 0.05759585977013864 0.42850623947721056 0.5138979007526508 0.4 0.4
1117 0.05759793465409358 0.4285780879762336 0.5138239773696729 0.4 0.4
1118 0.05760000444025734 0.4286497559683932 0.5137502395913495 0.4 0.4
1119 0.05760206914459492 0.42872124404520423 0.5136766868102008 0.4 0.4
1120 0.05760412878301317 0.4287925527958212 0.5136033184211656 0.4 0.4
1121 0.05760618337136098 0.4288636828070497 0.5135301338215894 0.4 0.4
1122 0.05760823292542949 0.4289346346633566 0.5134571324112139 0.4 0.4
1123 0.05761027746095234 0.42900540894688133 0.5133843135921663 0.4 0.4
1124 0.05761231699360588 0.429076006237447 0.513311676768947 0.4 0.4
1125 0.057614351539009526 0.4291464271125702 0.5132392213484205 0.4 0.4
1126 0.05761638111272551 0.4292166721474719 0.5131669467398025 0.4 0.4
1127 0.05761840573025981 0.4292867419150888 0.5130948523546514 0.4 0.4
1128 0.05762042540706177 0.4293566369860832 0.5130229376068551 0.4 0.4
1129 0.057622440158524586 0.42942635792885336 0.5129512019126221 0.4 0.4
1130 0.05762444999998548 0.4294959053095444 0.5128796446904702 0.4 0.4
1131 0.057626454946725934 0.42956527969205854 0.5128082653612156 0.4 0.4
1132 0.057628455013971784 0.4296344816380654 0.5127370633479629 0.4 0.4
1133 0.057630450216893656 0.4297035117070117 0.5126660380760947 0.4 0.4
1134 0.05763244057060699 0.4297723704561329 0.5125951889732601 0.4 0.4
1135 0.057634426090172296 0.4298410584404619 0.5125245154693658 0.4 0.4
1136 0.05763640679059539 0.42990957621283993 0.5124540169965647 0.4 0.4
1137 0.05763838268682761 0.42997792432392645 0.512383692989246 0.4 0.4
1138 0.05764035379376604 0.4300461033222092 0.5123135428840248 0.4 0.4
1139 0.057642320126253664 0.430114113754014 0.5122435661197324 0.4 0.4
1140 0.05764428169907964 0.43018195616351457 0.5121737621374057 0.4 0.4
1141 0.05764623852697942 0.4302496310927433 0.5121041303802774 0.4 0.4
1142 0.057648190624635 0.4303171390815998 0.5120346702937651 0.4 0.4
1143 0.05765013800667529 0.43038448066786117 0.5119653813254635 0.4 0.4
1144 0.05765208068767594 0.43045165638719207 0.5118962629251319 0.4 0.4
1145 0.05765401868215994 0.43051866677315404 0.511827314544686 0.4 0.4
1146 0.05765595200459766 0.4305855123572146 0.5117585356381877 0.4 0.4
1147 0.05765788066940695 0.43065219366875807 0.5116899256618349 0.4 0.4
1148 0.0576598046909535 0.4307187112350943 0.5116214840739522 0.4 0.4
1149 0.05766172408355102 0.4307850655814676 0.5115532103349814 0.4 0.4
1150 0.057663638861461315 0.4308512572310672 0.5114851039074714 0.4 0.4
1151 0.05766554903889477 0.43091728670503604 0.5114171642560692 0.4 0.4
1152 0.05766745463001015 0.43098315452248026 0.5113493908475096 0.4 0.4
1153 0.057669355648915094 0.43104886120047864 0.5112817831506064 0.4 0.4
1154 0.05767125210966633 0.43111440725409106 0.5112143406362426 0.4 0.4
1155 0.05767314402626959 0.43117979319636857 0.5111470627773618 0.4 0.4
1156 0.05767503141268018 0.43124501953836253 0.5110799490489574 0.4 0.4
1157 0.057676914282802826 0.4313100867891325 0.5110129989280646 0.4 0.4
1158 0.05767879265049219 0.43137499545575675 0.510946211893751 0.4 0.4
1159 0.057680666529552796 0.43143974604334057 0.5108795874271066 0.4 0.4
1160 0.05768253593373937 0.43150433905502505 0.5108131250112354 0.4 0.4
1161 0.057684400876757046 0.4315687749919964 0.5107468241312465 0.4 0.4
1162 0.05768626137226145 0.4316330543534943 0.5106806842742442 0.4 0.4
1163 0.05768811743385905 0.4316971776368214 0.5106147049293195 0.4 0.4
1164 0.05768996907510714 0.4317611453373513 0.5105488855875415 0.4 0.4
1165 0.05769181630951425 0.431824957948538 0.5104832257419477 0.4 0.4
1166 0.057693659150540234 0.431888615961924 0.5104177248875358 0.4 0.4
1167 0.057695497611596334 0.43195211986714954 0.510352382521254 0.4 0.4
1168 0.057697331706045685 0.43201547015196 0.5102871981419942 0.4 0.4
1169 0.05769916144720324 0.4320786673022165 0.5102221712505803 0.4 0.4
1170 0.05770098684833597 0.432141711801902 0.510157301349762 0.4 0.4
1171 0.057702807922663184 0.4322046041331315 0.5100925879442053 0.4 0.4
1172 0.05770462468335668 0.43226734477615975 0.5100280305404836 0.4 0.4
1173 0.057706437143540734 0.43232993420938987 0.5099636286470693 0.4 0.4
1174 0.05770824531629275 0.43239237290938154 0.5098993817743258 0.4 0.4
1175 0.05771004921464284 0.432454661350859 0.5098352894344982 0.4 0.4
1176 0.05771184885157442 0.4325168000067201 0.5097713511417054 0.4 0.4
1177 0.057713644240024405 0.43257878934804367 0.5097075664119319 0.4 0.4
1178 0.05771543539288312 0.43264062984409807 0.5096439347630188 0.4 0.4
1179 0.05771722232299469 0.4327023219623493 0.509580455714656 0.4 0.4
1180 0.05771900504315716 0.43276386616846924 0.5095171287883737 0.4 0.4
1181 0.05772078356612269 0.43282526292634294 0.5094539535075343 0.4 0.4
1182 0.05772255790459773 0.432886512698078 0.5093909293973243 0.4 0.4
1183 0.05772432807124317 0.43294761594401066 0.5093280559847461 0.4 0.4
1184 0.05772609407867459 0.433008573122716 0.5092653327986094 0.4 0.4
1185 0.05772785593946238 0.4330693846910135 0.5092027593695242 0.4 0.4
1186 0.05772961366613181 0.43313005110397673 0.5091403352298913 0.4 0.4
1187 0.05773136727116352 0.4331905728149395 0.5090780599138969 0.4 0.4
1188 0.05773311676699342 0.4332509502755058 0.5090159329575008 0.4 0.4
1189 0.05773486216601288 0.43331118393555484 0.5089539538984322 0.4 0.4
1190 0.05773660348056903 0.433371274243251 0.50889212227618 0.4 0.4
1191 0.05773834072296488 0.43343122164505044 0.5088304376319847 0.4 0.4
1192 0.0577400739054595 0.4334910265857085 0.5087688995088321 0.4 0.4
1193 0.05774180304026816 0.43355068950828807 0.5087075074514438 0.4 0.4
1194 0.057743528139562496 0.4336102108541666 0.5086462610062709 0.4 0.4
1195 0.05774524921547068 0.43366959106304326 0.508585159721486 0.4 0.4
1196 0.05774696628007778 0.43372883057294737 0.5085242031469749 0.4 0.4
1197 0.057748679345425595 0.43378792982024467 0.5084633908343296 0.4 0.4
1198 0.057750388423513065 0.43384688923964587 0.508402722336841 0.4 0.4
1199 0.057752093526296386 0.433905709264213 0.5083421972094906 0.4 0.4
1200 0.05775379466568916 0.4339643903253671 0.5082818150089436 0.4 0.4
1201 0.057755491853562484 0.4340229328528959 0.5082215752935416 0.4 0.4
1202 0.057757185101745274 0.4340813372749603 0.5081614776232944 0.4 0.4
1203 0.05775887442202441 0.4341396040181019 0.5081015215598736 0.4 0.4
1204 0.057760559826144746 0.4341977335072503 0.5080417066666048 0.4 0.4
1205 0.05776224132580943 0.4342557261657306 0.50798203250846 0.4 0.4
1206 0.057763918932679945 0.43431358241526896 0.507922498652051 0.4 0.4
1207 0.05776559265837643 0.4343713026760014 0.5078631046656221 0.4 0.4
1208 0.05776726251447771 0.4344288873664801 0.507803850119042 0.4 0.4
1209 0.057768928512521536 0.4344863369036804 0.5077447345837982 0.4 0.4
1210 0.05777059066400461 0.43454365170300735 0.507685757632988 0.4 0.4
1211 0.057772248980383 0.43460083217830353 0.5076269188413134 0.4 0.4
1212 0.057773903473072076 0.4346578787418551 0.5075682177850728 0.4 0.4
1213 0.05777555415344663 0.4347147918043991 0.5075096540421542 0.4 0.4
1214 0.057777201032841376 0.43477157177513026 0.5074512271920283 0.4 0.4
1215 0.05777884412255069 0.43482821906170743 0.5073929368157418 0.4 0.4
1216 0.05778048343382906 0.4348847340702607 0.5073347824959102 0.4 0.4
1217 0.057782118977891095 0.43494111720539785 0.507276763816711 0.4 0.4
1218 0.05778375076591174 0.4349973688702111 0.5072188803638772 0.4 0.4
1219 0.057785378809026386 0.435053489466284 0.5071611317246896 0.4 0.4
1220 0.05778700311833117 0.4351094793936977 0.507103517487971 0.4 0.4
1221 0.05778862370488289 0.4351653390510379 0.5070460372440793 0.4 0.4
1222 0.057790240579699295 0.4352210688354006 0.5069886905848999 0.4 0.4
1223 0.05779185375375937 0.43527666914239993 0.5069314771038407 0.4 0.4
1224 0.057793463238003155 0.435332140366173 0.5068743963958237 0.4 0.4
1225 0.05779506904333225 0.43538748289938817 0.5068174480572797 0.4 0.4
1226 0.0577966711806097 0.4354426971332498 0.5067606316861405 0.4 0.4
1227 0.057798269660660366 0.4354977834575056 0.5067039468818341 0.4 0.4
1228 0.05779986449427089 0.43555274226045304 0.5066473932452761 0.4 0.4
1229 0.05780145569218984 0.43560757392894484 0.5065909703788652 0.4 0.4
1230 0.05780304326512809 0.43566227884839626 0.5065346778864755 0.4 0.4
1231 0.05780462722375879 0.4357168574027906 0.5064785153734505 0.4 0.4
1232 0.05780620757871747 0.4357713099746862 0.5064224824465964 0.4 0.4
1233 0.057807784340602235 0.43582563694522125 0.5063665787141766 0.4 0.4
1234 0.057809357519974104 0.435879838694122 0.5063108037859039 0.4 0.4
1235 0.05781092712735676 0.43593391559970707 0.5062551572729361 0.4 0.4
1236 0.057812493173237126 0.4359878680388945 0.5061996387878683 0.4 0.4
1237 0.057814055668065155 0.43604169638720747 0.5061442479447272 0.4 0.4
1238 0.05781561462225428 0.43609540101878097 0.5060889843589648 0.4 0.4
1239 0.057817170046181234 0.4361489823063663 0.5060338476474525 0.4 0.4
1240 0.057818721950186454 0.436202440621339 0.5059788374284745 0.4 0.4
1241 0.05782027034457416 0.43625577633370377 0.505923953321722 0.4 0.4
1242 0.057821815239612405 0.43630898981210026 0.5058691949482873 0.4 0.4
1243 0.05782335664553335 0.43636208142380944 0.5058145619306571 0.4 0.4
1244 0.057824894572533286 0.43641505153475907 0.5057600538927076 0.4 0.4
1245 0.057826429030772855 0.43646790050952994 0.5057056704596972 0.4 0.4
1246 0.057827960030377164 0.4365206287113615 0.5056514112582614 0.4 0.4
1247 0.05782948758143585 0.43657323650215735 0.5055972759164067 0.4 0.4
1248 0.05783101169400339 0.4366257242424918 0.5055432640635048 0.4 0.4
1249 0.05783253237809911 0.43667809229161453 0.5054893753302863 0.4 0.4
1250 0.05783404964370732 0.4367303410074574 0.5054356093488352 0.4 0.4
1251 0.05783556350077747 0.43678247074663895 0.5053819657525834 0.4 0.4
1252 0.05783707395922444 0.4368344818644714 0.5053284441763042 0.4 0.4
1253 0.05783858102892832 0.4368863747149648 0.5052750442561069 0.4 0.4
1254 0.057840084719734966 0.436938149650834 0.505221765629431 0.4 0.4
1255 0.05784158504145576 0.4369898070235032 0.5051686079350411 0.4 0.4
1256 0.05784308200386805 0.437041347183112 0.50511557081302 0.4 0.4
1257 0.05784457561671506 0.4370927704785207 0.5050626539047642 0.4 0.4
1258 0.057846065889706165 0.4371440772573161 0.5050098568529778 0.4 0.4
1259 0.05784755283251695 0.43719526786581625 0.5049571793016668 0.4 0.4
1260 0.057849036454789365 0.4372463426490771 0.5049046208961336 0.4 0.4
1261 0.057850516766131836 0.4372973019508961 0.504852181282972 0.4 0.4
1262 0.05785199377611943 0.4373481461138198 0.5047998601100608 0.4 0.4
1263 0.05785346749429404 0.4373988754791471 0.5047476570265589 0.4 0.4
1264 0.05785493793016431 0.43744949038693604 0.5046955716828997 0.4 0.4
1265 0.057856405093206 0.43749999117600835 0.5046436037307858 0.4 0.4
1266 0.05785786899286194 0.43755037818395515 0.5045917528231829 0.4 0.4
1267 0.05785932963854239 0.4376006517471416 0.5045400186143161 0.4 0.4
1268 0.05786078703962479 0.4376508122007129 0.5044884007596623 0.4 0.4
1269 0.0578622412054543 0.43770085987859914 0.5044368989159466 0.4 0.4
1270 0.0578636921453436 0.4377507951135201 0.5043855127411363 0.4 0.4
1271 0.057865139868573265 0.4378006182369909 0.5043342418944358 0.4 0.4
1272 0.05786658438439166 0.4378503295793271 0.5042830860362811 0.4 0.4
1273 0.05786802570201533 0.43789992946964956 0.5042320448283351 0.4 0.4
1274 0.05786946383062884 0.43794941823588956 0.5041811179334816 0.4 0.4
1275 0.05787089877938508 0.43799879620479376 0.5041303050158212 0.4 0.4
1276 0.05787233055740541 0.43804806370192995 0.5040796057406647 0.4 0.4
1277 0.05787375917377963 0.4380972210516907 0.5040290197745297 0.4 0.4
1278 0.057875184637566295 0.4381462685772995 0.5039785467851342 0.4 0.4
1279 0.05787660695779259 0.43819520660081546 0.5039281864413919 0.4 0.4
1280 0.05787802614345479 0.43824403544313795 0.5038779384134073 0.4 0.4
1281 0.05787944220351796 0.4382927554240115 0.5038278023724705 0.4 0.4
1282 0.05788085514691652 0.438341366862031 0.5037777779910525 0.4 0.4
1283 0.057882264982554055 0.43838987007464647 0.5037278649427995 0.4 0.4
1284 0.05788367171930346 0.43843826537816755 0.503678062902529 0.4 0.4
1285 0.05788507536600727 0.438486553087769 0.5036283715462238 0.4 0.4
1286 0.05788647593147751 0.43853473351749456 0.503578790551028 0.4 0.4
1287 0.057887873424496 0.4385828069802625 0.5035293195952415 0.4 0.4
1288 0.05788926785381446 0.4386307737878701 0.5034799583583155 0.4 0.4
1289 0.05789065922815451 0.4386786342509984 0.503430706520847 0.4 0.4
1290 0.057892047556207894 0.4387263886792169 0.5033815637645752 0.4 0.4
1291 0.05789343284663649 0.43877403738098786 0.5033325297723756 0.4 0.4
1292 0.05789481510807265 0.43882158066367116 0.5032836042282561 0.4 0.4
1293 0.05789619434911897 0.43886901883353 0.5032347868173509 0.4 0.4
1294 0.05789757057834873 0.43891635219573355 0.5031860772259177 0.4 0.4
1295 0.05789894380430587 0.43896358105436295 0.5031374751413311 0.4 0.4
1296 0.05790031403550502 0.43901070571241557 0.5030889802520794 0.4 0.4
1297 0.05790168128043182 0.4390577264718094 0.5030405922477589 0.4 0.4
1298 0.05790304554754281 0.43910464363338736 0.5029923108190698 0.4 0.4
1299 0.05790440684526571 0.43915145749692225 0.502944135657812 0.4 0.4
1300 0.05790576518199945 0.43919816836112124 0.5028960664568792 0.4 0.4
1301 0.05790712056611432 0.43924477652363 0.5028481029102557 0.4 0.4
1302 0.05790847300595206 0.43929128228103687 0.5028002447130111 0.4 0.4
1303 0.05790982250982594 0.4393376859288782 0.5027524915612959 0.4 0.4
1304 0.05791116908602095 0.43938398776164206 0.5027048431523371 0.4 0.4
1305 0.057912512742793826 0.43943018807277257 0.5026572991844336 0.4 0.4
1306 0.057913853488373246 0.4394762871546747 0.5026098593569521 0.4 0.4
1307 0.05791519133095984 0.4395222852987182 0.502562523370322 0.4 0.4
1308 0.05791652627872642 0.43956818279524196 0.5025152909260316 0.4 0.4
1309 0.0579178583398179 0.43961397993355883 0.5024681617266233 0.4 0.4
1310 0.05791918752235163 0.4396596770019589 0.5024211354756895 0.4 0.4
1311 0.05792051383441737 0.43970527428771466 0.502374211877868 0.4 0.4
1312 0.057921837284077356 0.43975077207708463 0.502327390638838 0.4 0.4
1313 0.05792315787936659 0.43979617065531806 0.5022806714653154 0.4 0.4
1314 0.0579244756282927 0.43984147030665877 0.5022340540650485 0.4 0.4
1315 0.057925790538836265 0.4398866713143494 0.5021875381468143 0.4 0.4
1316 0.0579271026189508 0.4399317739606357 0.5021411234204135 0.4 0.4
1317 0.05792841187656282 0.4399767785267702 0.502094809596667 0.4 0.4
1318 0.057929718319572145 0.440021685293017 0.5020485963874108 0.4 0.4
1319 0.05793102195585178 0.4400664945386557 0.5020024835054926 0.4 0.4
1320 0.057932322793248114 0.4401112065419847 0.5019564706647672 0.4 0.4
1321 0.05793362083958106 0.4401558215803261 0.5019105575800928 0.4 0.4
1322 0.057934916102644056 0.4402003399300298 0.501864743967326 0.4 0.4
1323 0.05793620859020427 0.44024476186647704 0.5018190295433186 0.4 0.4
1324 0.057937498310002666 0.4402890876640842 0.5017734140259131 0.4 0.4
1325 0.05793878526975403 0.44033331759630745 0.5017278971339385 0.4 0.4
1326 0.05794006947714723 0.4403774519356466 0.5016824785872062 0.4 0.4
1327 0.05794135093984514 0.4404214909536482 0.5016371581065067 0.4 0.4
1328 0.057942629665484885 0.44046543492091056 0.5015919354136045 0.4 0.4
1329 0.057943905661677876 0.4405092841070874 0.5015468102312347 0.4 0.4
1330 0.057945178936009804 0.4405530387808907 0.5015017822830995 0.4 0.4
1331 0.057946449496041 0.44059669921009625 0.5014568512938627 0.4 0.4
1332 0.0579477173493063 0.44064026566154624 0.5014120169891474 0.4 0.4
1333 0.05794898250331525 0.4406837384011534 0.5013672790955314 0.4 0.4
1334 0.05795024496555213 0.4407271176939048 0.501322637340543 0.4 0.4
1335 0.0579515047434761 0.44077040380386645 0.5012780914526574 0.4 0.4
1336 0.057952761844521444 0.4408135969941856 0.501233641161293 0.4 0.4
1337 0.0579540162760972 0.44085669752709533 0.5011892861968075 0.4 0.4
1338 0.05795526804558796 0.4408997056639187 0.5011450262904934 0.4 0.4
1339 0.05795651716035322 0.44094262166507175 0.5011008611745751 0.4 0.4
1340 0.05795776362772809 0.44098544579006715 0.5010567905822048 0.4 0.4
1341 0.057959007455022984 0.4410281782975187 0.5010128142474582 0.4 0.4
1342 0.05796024864952396 0.4410708194451444 0.5009689319053316 0.4 0.4
1343 0.05796148721849258 0.44111336948976987 0.5009251432917375 0.4 0.4
1344 0.05796272316916627 0.4411558286873325 0.5008814481435013 0.4 0.4
1345 0.05796395650875823 0.441198197292885 0.5008378461983568 0.4 0.4
1346 0.05796518724445755 0.441240475560599 0.5007943371949434 0.4 0.4
1347 0.057966415383429386 0.44128266374376823 0.5007509208728025 0.4 0.4
1348 0.05796764093281495 0.4413247620948124 0.5007075969723727 0.4 0.4
1349 0.05796886389973169 0.4413667708652811 0.5006643652349873 0.4 0.4
1350 0.05797008429127326 0.44140869030585667 0.5006212254028701 0.4 0.4
1351 0.057971302114509786 0.441450520666358 0.5005781772191322 0.4 0.4
1352 0.05797251737648778 0.4414922621957445 0.5005352204277677 0.4 0.4
1353 0.057973730084230325 0.4415339151421188 0.5004923547736508 0.4 0.4
1354 0.05797494024473723 0.4415754797527306 0.5004495800025323 0.4 0.4
1355 0.05797614786498492 0.44161695627397995 0.500406895861035 0.4 0.4
1356 0.057977352951926714 0.4416583449514216 0.5003643020966517 0.4 0.4
1357 0.05797855551249281 0.4416996460297667 0.5003217984577405 0.4 0.4
1358 0.057979755553590445 0.44174085975288796 0.5002793846935215 0.4 0.4
1359 0.057980953082103846 0.44178198636382177 0.5002370605540744 0.4 0.4
1360 0.057982148104894576 0.4418230261047724 0.500194825790333 0.4 0.4
1361 0.05798334062880132 0.4418639792171147 0.5001526801540839 0.4 0.4
1362 0.05798453066064018 0.4419048459413981 0.5001106233979618 0.4 0.4
1363 0.05798571820720464 0.4419456265173496 0.5000686552754458 0.4 0.4
1364 0.05798690327526573 0.4419863211838768 0.5000267755408575 0.4 0.4
1365 0.057988085871572136 0.44202693017907196 0.4999849839493558 0.4 0.4
1366 0.057989266002850134 0.44206745374021467 0.4999432802569352 0.4 0.4
1367 0.057990443675803895 0.4421078921037749 0.49990166422042126 0.4 0.4
1368 0.05799161889711534 0.4421482455054171 0.4998601355974676 0.4 0.4
1369 0.05799279167344437 0.44218851418000293 0.4998186941465526 0.4 0.4
1370 0.057993962011429 0.4422286983615946 0.49977733962697646 0.4 0.4
1371 0.05799512991768522 0.4422687982834576 0.49973607179885715 0.4 0.4
1372 0.05799629539880728 0.4423088141780646 0.4996948904231281 0.4 0.4
1373 0.05799745846136771 0.44234874627709875 0.49965379526153364 0.4 0.4
1374 0.05799861911191742 0.44238859481145537 0.4996127860766271 0.4 0.4
1375 0.05799977735698573 0.44242836001124736 0.49957186263176695 0.4 0.4
1376 0.05800093320308045 0.4424680421058062 0.4995310246911133 0.4 0.4
1377 0.0580020866566881 0.4425076413236868 0.4994902720196251 0.4 0.4
1378 0.05800323772427379 0.442547157892669 0.4994496043830571 0.4 0.4
1379 0.05800438641228144 0.4425865920397625 0.499409021547956 0.4 0.4
1380 0.05800553272713381 0.44262594399120814 0.49936852328165804 0.4 0.4
1381 0.05800667667523258 0.442665213972482 0.49932810935228544 0.4 0.4
1382 0.05800781826295844 0.44270440220829815 0.4992877795287435 0.4 0.4
1383 0.058008957496671204 0.4427435089226119 0.4992475335807169 0.4 0.4
1384 0.058010094382709744 0.4427825343386226 0.4992073712786676 0.4 0.4
1385 0.05801122892739235 0.4428214786787767 0.4991672923938309 0.4 0.4
1386 0.05801236113701646 0.4428603421647708 0.4991272966982127 0.4 0.4
1387 0.05801349101785902 0.4428991250175548 0.4990873839645862 0.4 0.4
1388 0.05801461857617644 0.44293782745733423 0.49904755396648925 0.4 0.4
1389 0.058015743818204624 0.4429764497035741 0.4990078064782213 0.4 0.4
1390 0.05801686675015923 0.44301499197500094 0.49896814127483985 0.4 0.4
1391 0.058017987378235485 0.4430534544896067 0.4989285581321578 0.4 0.4
1392 0.05801910570860848 0.44309183746465075 0.49888905682674073 0.4 0.4
1393 0.05802022174743321 0.44313014111666343 0.49884963713590336 0.4 0.4
1394 0.0580213355008445 0.44316836566144857 0.4988102988377069 0.4 0.4
1395 0.05802244697495728 0.44320651131408656 0.4987710417109561 0.4 0.4
1396 0.058023556175866534 0.4432445782889372 0.4987318655351963 0.4 0.4
1397 0.05802466310964743 0.4432825667996421 0.49869277009071045 0.4 0.4
1398 0.05802576778235529 0.4433204770591284 0.49865375515851623 0.4 0.4
1399 0.058026870200025914 0.4433583092796109 0.49861482052036327 0.4 0.4
1400 0.058027970368675345 0.44339606367259515 0.49857596595872955 0.4 0.4
1401 0.058029068294300094 0.4434337404488799 0.49853719125682 0.4 0.4
1402 0.058030163982877345 0.4434713398185607 0.49849849619856185 0.4 0.4
1403 0.058031257440364706 0.4435088619910317 0.49845988056860346 0.4 0.4
1404 0.05803234867270065 0.443546307174989 0.49842134415231043 0.4 0.4
1405 0.05803343768580422 0.44358367557843315 0.49838288673576264 0.4 0.4
1406 0.058034524485575376 0.44362096740867213 0.4983445081057524 0.4 0.4
1407 0.058035609077894984 0.44365818287232395 0.498306208049781 0.4 0.4
1408 0.05803669146862489 0.44369532217531926 0.4982679863560559 0.4 0.4
1409 0.058037771663607914 0.4437323855229039 0.49822984281348814 0.4 0.4
1410 0.05803884966866804 0.4437693731196425 0.49819177721168956 0.4 0.4
1411 0.05803992548961039 0.44380628516941956 0.4981537893409701 0.4 0.4
1412 0.05804099913222142 0.4438431218754439 0.4981158789923346 0.4 0.4
1413 0.058042070602268805 0.44387988344024987 0.49807804595748145 0.4 0.4
1414 0.05804313990550171 0.4439165700657008 0.49804029002879746 0.4 0.4
1415 0.05804420704765069 0.4439531819529913 0.4980026109993581 0.4 0.4
1416 0.05804527203442779 0.44398971930265 0.49796500866292215 0.4 0.4
1417 0.05804633487152683 0.44402618231454233 0.4979274828139309 0.4 0.4
1418 0.05804739556462308 0.4440625711878725 0.49789003324750436 0.4 0.4
1419 0.05804845411937371 0.4440988861211867 0.49785265975943954 0.4 0.4
1420 0.058049510541417625 0.44413512731237553 0.49781536214620675 0.4 0.4
1421 0.05805056483637561 0.4441712949586763 0.49777814020494804 0.4 0.4
1422 0.058051617009850356 0.4442073892566761 0.49774099373347347 0.4 0.4
1423 0.05805266706742667 0.4442434104023135 0.49770392253025975 0.4 0.4
1424 0.058053715014671325 0.44427935859088186 0.4976669263944468 0.4 0.4
1425 0.05805476085713324 0.44431523401703166 0.497630005125835 0.4 0.4
1426 0.058055804600343604 0.4443510368747728 0.4975931585248835 0.4 0.4
1427 0.058056846249815865 0.444386767357477 0.49755638639270716 0.4 0.4
1428 0.058057885811045776 0.4444224256578807 0.49751968853107364 0.4 0.4
1429 0.05805892328951147 0.44445801196808704 0.4974830647424015 0.4 0.4
1430 0.05805995869067362 0.4444935264795689 0.49744651482975744 0.4 0.4
1431 0.05806099201997545 0.4445289693831706 0.49741003859685384 0.4 0.4
1432 0.05806202328284269 0.4445643408691115 0.49737363584804567 0.4 0.4
1433 0.0580630524846838 0.4445996411269868 0.4973373063883293 0.4 0.4
1434 0.05806407963088993 0.4446348703457714 0.4973010500233388 0.4 0.4
1435 0.05806510472683507 0.4446700287138212 0.4972648665593437 0.4 0.4
1436 0.05806612777787608 0.4447051164188767 0.4972287558032472 0.4 0.4
1437 0.05806714878935261 0.4447401336480645 0.49719271756258304 0.4 0.4
1438 0.058068167766587485 0.4447750805878992 0.49715675164551326 0.4 0.4
1439 0.05806918471488643 0.4448099574242876 0.49712085786082605 0.4 0.4
1440 0.05807019963953833 0.44484476434252895 0.4970850360179328 0.4 0.4
1441 0.05807121254581522 0.4448795015273186 0.4970492859268661 0.4 0.4
1442 0.05807222343897242 0.44491416916275023 0.4970136073982773 0.4 0.4
1443 0.058073232324248505 0.44494876743231715 0.49697800024343425 0.4 0.4
1444 0.05807423920686543 0.4449832965189162 0.49694246427421834 0.4 0.4
1445 0.058075244092028536 0.4450177566048488 0.4969069993031227 0.4 0.4
1446 0.0580762469849267 0.44505214787182334 0.49687160514325 0.4 0.4
1447 0.05807724789073219 0.44508647050095834 0.49683628160830945 0.4 0.4
1448 0.058078246814601116 0.4451207246727838 0.49680102851261493 0.4 0.4
1449 0.05807924376167309 0.44515491056724416 0.49676584567108273 0.4 0.4
1450 0.05808023873707143 0.4451890283636997 0.4967307328992288 0.4 0.4
1451 0.058081231745903364 0.4452230782409295 0.4966956900131672 0.4 0.4
1452 0.05808222279325979 0.44525706037713353 0.4966607168296066 0.4 0.4
1453 0.05808321188421564 0.44529097494993486 0.4966258131658494 0.4 0.4
1454 0.05808419902382979 0.44532482213638125 0.49659097883978887 0.4 0.4
1455 0.05808518421714512 0.4453586021129486 0.49655621366990615 0.4 0.4
1456 0.058086167469188515 0.44539231505554205 0.49652151747526946 0.4 0.4
1457 0.05808714878497108 0.44542596113949845 0.4964868900755305 0.4 0.4
1458 0.05808812816948817 0.4454595405395887 0.49645233129092314 0.4 0.4
1459 0.05808910562771925 0.44549305343002016 0.4964178409422607 0.4 0.4
1460 0.058090081164628125 0.44552649998443794 0.49638341885093396 0.4 0.4
1461 0.058091054785163104 0.44555988037592786 0.49634906483890906 0.4 0.4
1462 0.058092026494256745 0.44559319477701853 0.4963147787287247 0.4 0.4
1463 0.05809299629682629 0.4456264433596826 0.49628056034349116 0.4 0.4
1464 0.05809396419777319 0.44565962629534034 0.49624640950688653 0.4 0.4
1465 0.05809493020198387 0.44569274375486 0.496212326043156 0.4 0.4
1466 0.05809589431432922 0.4457257959085617 0.49617830977710914 0.4 0.4
1467 0.058096856539664794 0.4457587829262182 0.4961443605341172 0.4 0.4
1468 0.05809781688283102 0.4457917049770572 0.4961104781401119 0.4 0.4
1469 0.05809877534865304 0.44582456222976424 0.4960766624215827 0.4 0.4
1470 0.058099731941940985 0.44585735485248357 0.4960429132055754 0.4 0.4
1471 0.05810068666748987 0.44589008301282146 0.49600923031968874 0.4 0.4
1472 0.058101639530079636 0.4459227468778465 0.49597561359207387 0.4 0.4
1473 0.05810259053447532 0.4459553466140938 0.4959420628514309 0.4 0.4
1474 0.05810353968542708 0.4459878823875653 0.4959085779270076 0.4 0.4
1475 0.05810448698767016 0.44602035436373255 0.49587515864859727 0.4 0.4
1476 0.05810543244592508 0.4460527627075387 0.49584180484653634 0.4 0.4
1477 0.05810637606489753 0.4460851075834002 0.49580851635170214 0.4 0.4
1478 0.05810731784927861 0.4461173891552085 0.495775292995513 0.4 0.4
1479 0.05810825780374464 0.4461496075863336 0.4957421346099218 0.4 0.4
1480 0.05810919593295753 0.44618176303962387 0.49570904102741864 0.4 0.4
1481 0.058110132241564555 0.44621385567740957 0.4956760120810258 0.4 0.4
1482 0.058111066734198545 0.4462458856615041 0.49564304760429734 0.4 0.4
1483 0.05811199941547782 0.44627785315320606 0.4956101474313161 0.4 0.4
1484 0.058112930290006526 0.44630975831330155 0.495577311396692 0.4 0.4
1485 0.058113859362374315 0.44634160130206546 0.49554453933556025 0.4 0.4
1486 0.05811478663715659 0.4463733822792641 0.4955118310835793 0.4 0.4
1487 0.05811571211891465 0.4464051014041563 0.4954791864769292 0.4 0.4
1488 0.05811663581219548 0.446436758835496 0.4954466053523086 0.4 0.4
1489 0.05811755772153204 0.44646835473153407 0.49541408754693383 0.4 0.4
1490 0.05811847785144322 0.44649988925002004 0.49538163289853676 0.4 0.4
1491 0.058119396206433936 0.4465313625482035 0.49534924124536267 0.4 0.4
1492 0.058120312790995 0.44656277478283685 0.4953169124261682 0.4 0.4
1493 0.05812122760960351 0.44659412611017674 0.49528464628021973 0.4 0.4
1494 0.05812214066672253 0.4466254166859859 0.4952524426472916 0.4 0.4
1495 0.058123051966801446 0.4466566466655352 0.4952203013676634 0.4 0.4
1496 0.058123961514275825 0.44668781620360487 0.4951882222821193 0.4 0.4
1497 0.05812486931356745 0.44671892545448727 0.49515620523194526 0.4 0.4
1498 0.05812577536908463 0.4467499745719881 0.4951242500589272 0.4 0.4
1499 0.05812667968522192 0.4467809637094282 0.49509235660534995 0.4 0.4
1500 0.05812758226636029 0.44681189301964575 0.49506052471399403 0.4 0.4
1501 0.0581284831168673 0.4468427626549975 0.4950287542281351 0.4 0.4
1502 0.058129382241097025 0.4468735727673613 0.49499704499154157 0.4 0.4
1503 0.05813027964339001 0.4469043235081374 0.4949653968484725 0.4 0.4
1504 0.05813117532807362 0.4469350150282499 0.4949338096436765 0.4 0.4
1505 0.05813206929946172 0.4469656474781494 0.494902283222389 0.4 0.4
1506 0.05813296156185501 0.44699622100781394 0.49487081743033107 0.4 0.4
1507 0.05813385211954095 0.44702673576675145 0.49483941211370763 0.4 0.4
1508 0.05813474097679379 0.447057191904001 0.4948080671192051 0.4 0.4
1509 0.05813562813787468 0.4470875895681347 0.4947767822939906 0.4 0.4
1510 0.05813651360703164 0.4471179289072594 0.49474555748570903 0.4 0.4
1511 0.05813739738849978 0.44714821006901834 0.494714392542482 0.4 0.4
1512 0.058138279486501056 0.44717843320059325 0.4946832873129057 0.4 0.4
1513 0.0581391599052446 0.44720859844870536 0.4946522416460501 0.4 0.4
1514 0.05814003864892657 0.4472387059596182 0.4946212553914553 0.4 0.4
1515 0.05814091572173031 0.4472687558791378 0.4945903283991318 0.4 0.4
1516 0.05814179112782643 0.447298748352616 0.49455946051955757 0.4 0.4
1517 0.058142664871372644 0.4473286835249506 0.49452865160367676 0.4 0.4
1518 0.05814353695651404 0.44735856154058834 0.4944979015028977 0.4 0.4
1519 0.058144407387383044 0.4473883825435257 0.4944672100690913 0.4 0.4
1520 0.05814527616809938 0.4474181466773109 0.49443657715458966 0.4 0.4
1521 0.05814614330277038 0.4474478540850457 0.4944060026121839 0.4 0.4
1522 0.05814700879549057 0.44747750490938654 0.49437548629512296 0.4 0.4
1523 0.058147872650342235 0.4475070992925467 0.49434502805711106 0.4 0.4
1524 0.05814873487139512 0.4475366373762976 0.49431462775230733 0.4 0.4
1525 0.05814959546270649 0.447566119301971 0.49428428523532264 0.4 0.4
1526 0.05815045442832139 0.44759554521045897 0.4942540003612195 0.4 0.4
1527 0.05815131177227256 0.4476249152422185 0.49422377298550896 0.4 0.4
1528 0.058152167498580314 0.4476542295372698 0.49419360296415 0.4 0.4
1529 0.058153021611252916 0.4476834882352001 0.4941634901535469 0.4 0.4
1530 0.05815387411428638 0.44771269147516446 0.49413343441054913 0.4 0.4
1531 0.05815472501166452 0.44774183939588746 0.49410343559244807 0.4 0.4
1532 0.05815557430735923 0.4477709321356645 0.49407349355697633 0.4 0.4
1533 0.058156422005330194 0.4477999698323638 0.494043608162306 0.4 0.4
1534 0.05815726810952511 0.44782895262342803 0.49401377926704687 0.4 0.4
1535 0.0581581126238798 0.44785788064587534 0.4939840067302449 0.4 0.4
1536 0.058158955552318085 0.4478867540363014 0.49395429041138056 0.4 0.4
1537 0.05815979689875194 0.4479155729308806 0.49392463017036753 0.4 0.4
1538 0.05816063666708147 0.4479443374653677 0.49389502586755096 0.4 0.4
1539 0.058161474861195064 0.44797304777509983 0.4938654773637052 0.4 0.4
1540 0.05816231148496926 0.4480017039949967 0.49383598452003397 0.4 0.4
1541 0.05816314654226893 0.4480303062595642 0.49380654719816697 0.4 0.4
1542 0.05816398003694728 0.4480588547028938 0.4937771652601589 0.4 0.4
1543 0.05816481197284589 0.44808734945866513 0.493747838568489 0.4 0.4
1544 0.058165642353794705 0.44811579066014784 0.4937185669860575 0.4 0.4
1545 0.0581664711836122 0.4481441784402021 0.49368935037618566 0.4 0.4
1546 0.058167298466105306 0.4481725129312806 0.4936601886026142 0.4 0.4
1547 0.058168124205069394 0.4482007942654302 0.49363108152950036 0.4 0.4
1548 0.05816894840428863 0.44822902257429326 0.49360202902141814 0.4 0.4
1549 0.05816977106753554 0.44825719798910857 0.4935730309433559 0.4 0.4
1550 0.058170592198571514 0.44828532064071397 0.49354408716071463 0.4 0.4
1551 0.05817141180114656 0.44831339065954656 0.49351519753930695 0.4 0.4
1552 0.058172229878999324 0.4483414081756453 0.4934863619453554 0.4 0.4
1553 0.058173046435857405 0.4483693733186512 0.4934575802454914 0.4 0.4
1554 0.05817386147543708 0.44839728621781 0.493428852306753 0.4 0.4
1555 0.058174675001443556 0.4484251470019731 0.4934001779965834 0.4 0.4
1556 0.05817548701757087 0.4484529557995982 0.49337155718283093 0.4 0.4
1557 0.05817629752750203 0.44848071273875234 0.4933429897337455 0.4 0.4
1558 0.05817710653490899 0.44850841794711205 0.493314475517979 0.4 0.4
1559 0.05817791404345278 0.4485360715519648 0.49328601440458236 0.4 0.4
1560 0.058178720056783415 0.4485636736802115 0.4932576062630051 0.4 0.4
1561 0.05817952457853998 0.4485912244583663 0.4932292509630938 0.4 0.4
1562 0.05818032761235068 0.44861872401255937 0.4932009483750898 0.4 0.4
1563 0.05818112916183302 0.4486461724685378 0.4931726983696293 0.4 0.4
1564 0.058181929230593496 0.4486735699516664 0.4931445008177401 0.4 0.4
1565 0.05818272782222802 0.44870091658693007 0.4931163555908419 0.4 0.4
1566 0.05818352494032165 0.44872821249893463 0.4930882625607438 0.4 0.4
1567 0.05818432058844884 0.4487554578119079 0.49306022159964324 0.4 0.4
1568 0.05818511477017341 0.4487826526497018 0.49303223258012485 0.4 0.4
1569 0.058185907489048456 0.448809797135793 0.49300429537515855 0.4 0.4
1570 0.058186698748616594 0.4488368913932848 0.4929764098580985 0.4 0.4
1571 0.05818748855240988 0.44886393554490817 0.49294857590268193 0.4 0.4
1572 0.05818827690394987 0.44889092971302313 0.4929207933830269 0.4 0.4
1573 0.05818906380674766 0.44891787401962 0.49289306217363227 0.4 0.4
1574 0.05818984926430391 0.44894476858632126 0.4928653821493749 0.4 0.4
1575 0.05819063328010885 0.4489716135343815 0.4928377531855096 0.4 0.4
1576 0.0581914158576424 0.44899840898469073 0.49281017515766684 0.4 0.4
1577 0.0581921970003742 0.4490251550577742 0.49278264794185156 0.4 0.4
1578 0.058192976711763496 0.44905185187379365 0.49275517141444275 0.4 0.4
1579 0.05819375499525939 0.4490784995525504 0.4927277454521903 0.4 0.4
1580 0.05819453185430072 0.44910509821348354 0.49270036993221583 0.4 0.4
1581 0.05819530729231612 0.4491316479756744 0.49267304473200946 0.4 0.4
1582 0.058196081312724204 0.4491581489578459 0.4926457697294299 0.4 0.4
1583 0.058196853918933304 0.44918460127836435 0.49261854480270234 0.4 0.4
1584 0.058197625114341824 0.4492110050552409 0.4925913698304173 0.4 0.4
1585 0.05819839490233803 0.4492373604061326 0.49256424469152926 0.4 0.4
1586 0.0581991632863003 0.44926366744834356 0.4925371692653562 0.4 0.4
1587 0.05819993026959696 0.44928992629882636 0.4925101434315767 0.4 0.4
1588 0.058200695855586404 0.4493161370741835 0.49248316707023004 0.4 0.4
1589 0.05820146004761719 0.4493422998906682 0.4924562400617146 0.4 0.4
1590 0.05820222284902793 0.44936841486418605 0.49242936228678613 0.4 0.4
1591 0.05820298426314746 0.44939448211029565 0.49240253362655695 0.4 0.4
1592 0.05820374429329479 0.44942050174421105 0.4923757539624942 0.4 0.4
1593 0.0582045029427792 0.4494464738808012 0.49234902317641954 0.4 0.4
1594 0.05820526021490026 0.44947239863459304 0.49232234115050666 0.4 0.4
1595 0.05820601611294779 0.449498276119771 0.4922957077672812 0.4 0.4
1596 0.05820677064020197 0.44952410645017987 0.4922691229096183 0.4 0.4
1597 0.05820752379993333 0.4495498897393243 0.49224258646074226 0.4 0.4
1598 0.05820827559540289 0.4495756261003716 0.4922160983042255 0.4 0.4
1599 0.058209026029862 0.449601315646152 0.49218965832398587 0.4 0.4
1600 0.0582097751065526 0.44962695848915957 0.4921632664042879 0.4 0.4
1601 0.05821052282870696 0.4496525547415544 0.49213692242973867 0.4 0.4
1602 0.058211269199548055 0.44967810451516316 0.4921106262852888 0.4 0.4
1603 0.05821201422228938 0.44970360792148034 0.4920843778562302 0.4 0.4
1604 0.05821275790013499 0.4497290650716694 0.49205817702819565 0.4 0.4
1605 0.058213500236279636 0.44975447607656377 0.4920320236871566 0.4 0.4
1606 0.05821424123390866 0.4497798410466686 0.49200591771942265 0.4 0.4
1607 0.05821498089619821 0.4498051600921616 0.49197985901164026 0.4 0.4
1608 0.058215719226314994 0.44983043332289346 0.4919538474507915 0.4 0.4
1609 0.058216456227416724 0.4498556608483909 0.4919278829241925 0.4 0.4
1610 0.05821719190265168 0.4498808427778551 0.4919019653194933 0.4 0.4
1611 0.05821792625515905 0.44990597922016534 0.49187609452467557 0.4 0.4
1612 0.058218659288068964 0.4499310702838789 0.491850270428052 0.4 0.4
1613 0.0582193910045023 0.4499561160772325 0.4918244929182652 0.4 0.4
1614 0.05822012140757094 0.44998111670814306 0.4917987618842859 0.4 0.4
1615 0.05822085050037769 0.4500060722842088 0.4917730772154135 0.4 0.4
1616 0.05822157828601633 0.45003098291271154 0.49174743880127214 0.4 0.4
1617 0.058222304767571724 0.45005584870061627 0.491721846531812 0.4 0.4
1618 0.058223029948119634 0.4500806697545733 0.4916963002973072 0.4 0.4
1619 0.05822375383072707 0.45010544618091824 0.4916707999883547 0.4 0.4
1620 0.058224476418452 0.45013017808567457 0.4916453454958734 0.4 0.4
1621 0.058225197714343584 0.4501548655745537 0.4916199367111026 0.4 0.4
1622 0.058225917721442186 0.45017950875295654 0.49159457352560126 0.4 0.4
1623 0.0582266364427793 0.4502041077259739 0.49156925583124683 0.4 0.4
1624 0.05822735388137767 0.4502286625983886 0.4915439835202337 0.4 0.4
1625 0.05822807004025128 0.4502531734746756 0.4915187564850731 0.4 0.4
1626 0.058228784922405456 0.4502776404590039 0.4914935746185907 0.4 0.4
1627 0.058229498530836796 0.4503020636552365 0.4914684378139267 0.4 0.4
1628 0.05823021086853315 0.45032644316693277 0.491443345964534 0.4 0.4
1629 0.05823092193847397 0.4503507790973489 0.4914182989641772 0.4 0.4
1630 0.05823163174362986 0.45037507154943823 0.49139329670693194 0.4 0.4
1631 0.05823234028696302 0.45039932062585397 0.49136833908718297 0.4 0.4
1632 0.05823304757142706 0.4504235264289484 0.49134342599962455 0.4 0.4
1633 0.058233753599967054 0.45044768906077526 0.49131855733925767 0.4 0.4
1634 0.05823445837551964 0.45047180862309044 0.49129373300138995 0.4 0.4
1635 0.05823516190101298 0.45049588521735234 0.49126895288163464 0.4 0.4
1636 0.05823586417936681 0.45051991894472415 0.4912442168759091 0.4 0.4
1637 0.05823656521349248 0.4505439099060735 0.491219524880434 0.4 0.4
1638 0.05823726500629292 0.45056785820197454 0.4911948767917326 0.4 0.4
1639 0.05823796356066284 0.4505917639327087 0.4911702725066285 0.4 0.4
1640 0.05823866087948849 0.45061562719826526 0.4911457119222464 0.4 0.4
1641 0.058239356965647956 0.4506394480983428 0.4911211949360093 0.4 0.4
1642 0.05824005182201108 0.4506632267323498 0.4910967214456391 0.4 0.4
1643 0.058240745451439334 0.45068696319940665 0.49107229134915403 0.4 0.4
1644 0.05824143785678615 0.45071065759834505 0.4910479045448689 0.4 0.4
1645 0.05824212904089663 0.45073431002771047 0.49102356093139293 0.4 0.4
1646 0.058242819006607924 0.45075792058576225 0.4909992604076298 0.4 0.4
1647 0.05824350775674889 0.450781489370475 0.49097500287277607 0.4 0.4
1648 0.058244195294140426 0.45080501647953947 0.49095078822632016 0.4 0.4
1649 0.058244881621595294 0.4508285020103631 0.4909266163680416 0.4 0.4
1650 0.05824556674191822 0.4508519460600721 0.49090248719800966 0.4 0.4
1651 0.058246250657905944 0.4508753487255113 0.4908784006165828 0.4 0.4
1652 0.05824693337234725 0.4508987101032454 0.49085435652440734 0.4 0.4
1653 0.058247614888022894 0.45092203028956046 0.4908303548224166 0.4 0.4
1654 0.05824829520770586 0.4509453093804641 0.4908063954118301 0.4 0.4
1655 0.058248974334160965 0.450968547471687 0.49078247819415194 0.4 0.4
1656 0.05824965227014543 0.45099174465868364 0.49075860307117086 0.4 0.4
1657 0.058250329018408493 0.4510149010366335 0.49073476994495807 0.4 0.4
1658 0.05825100458169156 0.45103801670044136 0.49071097871786706 0.4 0.4
1659 0.05825167896272827 0.45106109174473885 0.4906872292925329 0.4 0.4
1660 0.0582523521642445 0.4510841262638853 0.4906635215718703 0.4 0.4
1661 0.05825302418895838 0.45110712035196826 0.49063985545907335 0.4 0.4
1662 0.0582536950395803 0.451130074102805 0.4906162308576147 0.4 0.4
1663 0.058254364718813005 0.45115298760994327 0.4905926476712437 0.4 0.4
1664 0.05825503322935153 0.4511758609666618 0.49056910580398677 0.4 0.4
1665 0.05825570057388329 0.45119869426597176 0.490545605160145 0.4 0.4
1666 0.05825636675508807 0.4512214876006171 0.4905221456442949 0.4 0.4
1667 0.05825703177563812 0.4512442410630762 0.4904987271612857 0.4 0.4
1668 0.058257695638198 0.4512669547455626 0.4904753496162394 0.4 0.4
1669 0.058258358345424914 0.45128962874002476 0.49045201291455043 0.4 0.4
1670 0.05825901989996842 0.45131226313814854 0.4904287169618831 0.4 0.4
1671 0.0582596803044706 0.4513348580313578 0.4904054616641716 0.4 0.4
1672 0.05826033956156613 0.45135741351081404 0.4903822469276199 0.4 0.4
1673 0.058260997673882174 0.4513799296674187 0.49035907265869916 0.4 0.4
1674 0.05826165464403854 0.45140240659181347 0.4903359387641481 0.4 0.4
1675 0.058262310474647645 0.45142484437438113 0.4903128451509713 0.4 0.4
1676 0.058262965168314494 0.4514472431052468 0.49028979172643866 0.4 0.4
1677 0.05826361872763684 0.4514696028742781 0.4902667783980851 0.4 0.4
1678 0.05826427115520497 0.4514919237710867 0.4902438050737084 0.4 0.4
1679 0.05826492245360212 0.4515142058850291 0.49022087166136885 0.4 0.4
1680 0.058265572625403945 0.45153644930520687 0.4901979780693892 0.4 0.4
1681 0.058266221673179096 0.45155865412046853 0.4901751242063524 0.4 0.4
1682 0.058266869599488964 0.4515808204194095 0.4901523099811016 0.4 0.4
1683 0.058267516406887675 0.45160294829037356 0.4901295353027387 0.4 0.4
1684 0.058268162097922245 0.4516250378214531 0.4901068000806247 0.4 0.4
1685 0.05826880667513248 0.4516470891004907 0.4900841042243768 0.4 0.4
1686 0.05826945014105116 0.4516691022150794 0.49006144764386944 0.4 0.4
1687 0.05827009249820388 0.45169107725256374 0.4900388302492324 0.4 0.4
1688 0.05827073374910916 0.4517130143000408 0.49001625195085 0.4 0.4
1689 0.058271373896278546 0.4517349134443603 0.4899937126593612 0.4 0.4
1690 0.05827201294221644 0.4517567747721266 0.489971212285657 0.4 0.4
1691 0.05827265088942037 0.4517785983696985 0.48994875074088107 0.4 0.4
1692 0.058273287740380736 0.4518003843231907 0.48992632793642854 0.4 0.4
1693 0.05827392349758107 0.4518221327184742 0.4899039437839447 0.4 0.4
1694 0.05827455816349798 0.45184384364117736 0.4898815981953246 0.4 0.4
1695 0.05827519174060109 0.45186551717668655 0.48985929108271237 0.4 0.4
1696 0.058275824231353135 0.45188715341014724 0.4898370223584997 0.4 0.4
1697 0.05827645563821011 0.45190875242646417 0.4898147919353256 0.4 0.4
1698 0.05827708596362098 0.45193031431030367 0.4897925997260754 0.4 0.4
1699 0.05827771521002799 0.4519518391460921 0.48977044564387995 0.4 0.4
1700 0.058278343379866544 0.45197332701801873 0.48974832960211473 0.4 0.4
1701 0.05827897047556535 0.4519947780100358 0.4897262515143988 0.4 0.4
1702 0.05827959649954625 0.452016192205859 0.48970421129459485 0.4 0.4
1703 0.058280221454224394 0.45203756968896847 0.4896822088568072 0.4 0.4
1704 0.05828084534200821 0.4520589105426101 0.48966024411538167 0.4 0.4
1705 0.058281468165299465 0.45208021484979544 0.4896383169849052 0.4 0.4
1706 0.05828208992649324 0.45210148269330297 0.48961642738020367 0.4 0.4
1707 0.05828271062797797 0.45212271415567906 0.489594575216343 0.4 0.4
1708 0.05828333027213543 0.4521439093192383 0.48957276040862624 0.4 0.4
1709 0.05828394886134089 0.4521650682660647 0.48955098287259446 0.4 0.4
1710 0.0582845663979629 0.4521861910780117 0.48952924252402535 0.4 0.4
1711 0.05828518288436354 0.4522072778367041 0.4895075392789323 0.4 0.4
1712 0.05828579832289838 0.45222832862353807 0.48948587305356356 0.4 0.4
1713 0.05828641271591632 0.45224934351968166 0.48946424376440206 0.4 0.4
1714 0.05828702606575996 0.45227032260607636 0.4894426513281637 0.4 0.4
1715 0.058287638374765326 0.45229126596343716 0.48942109566179753 0.4 0.4
1716 0.05828824964526193 0.4523121736722536 0.48939957668248446 0.4 0.4
1717 0.05828885987957297 0.45233304581279077 0.48937809430763624 0.4 0.4
1718 0.05828946908001516 0.4523538824650894 0.4893566484548953 0.4 0.4
1719 0.05829007724889886 0.4523746837089672 0.48933523904213383 0.4 0.4
1720 0.05829068438852802 0.45239544962401945 0.4893138659874526 0.4 0.4
1721 0.058291290501200264 0.45241618028961944 0.4892925292091804 0.4 0.4
1722 0.05829189558920688 0.4524368757849193 0.48927122862587386 0.4 0.4
1723 0.058292499654832866 0.4524575361888515 0.4892499641563156 0.4 0.4
1724 0.05829310270035696 0.4524781615801281 0.489228735719515 0.4 0.4
1725 0.05829370472805149 0.45249875203724327 0.4892075432347053 0.4 0.4
1726 0.058294305740182725 0.4525193076384722 0.489186386621345 0.4 0.4
1727 0.058294905739010576 0.452539828461873 0.48916526579911634 0.4 0.4
1728 0.0582955047267888 0.45256031458528734 0.48914418068792387 0.4 0.4
1729 0.058296102705764984 0.4525807660863408 0.48912313120789425 0.4 0.4
1730 0.058296699678180505 0.4526011830424433 0.4891021172793762 0.4 0.4
1731 0.0582972956462706 0.45262156553079075 0.48908113882293863 0.4 0.4
1732 0.05829789061226441 0.45264191362836503 0.4890601957593706 0.4 0.4
1733 0.05829848457838495 0.45266222741193474 0.48903928800968033 0.4 0.4
1734 0.05829907754684914 0.45268250695805634 0.48901841549509456 0.4 0.4
1735 0.05829966951986785 0.4527027523430744 0.4889975781370578 0.4 0.4
1736 0.058300260499645894 0.45272296364312226 0.48897677585723176 0.4 0.4
1737 0.058300850488382086 0.4527431409341235 0.4889560085774945 0.4 0.4
1738 0.05830143948826916 0.45276328429179125 0.4889352762199396 0.4 0.4
1739 0.05830202750149391 0.4527833937916304 0.4889145787068757 0.4 0.4
1740 0.058302614530237155 0.4528034695089372 0.48889391596082565 0.4 0.4
1741 0.05830320057667383 0.4528235115188005 0.4888732879045257 0.4 0.4
1742 0.05830378564297278 0.4528435198961019 0.48885269446092533 0.4 0.4
1743 0.058304369731297094 0.4528634947155171 0.48883213555318583 0.4 0.4
1744 0.05830495284380388 0.45288343605151615 0.48881161110468 0.4 0.4
1745 0.058305534982644396 0.452903343978364 0.4887911210389916 0.4 0.4
1746 0.05830611614996404 0.452923218570122 0.4887706652799139 0.4 0.4
1747 0.05830669634790239 0.45294305990064726 0.4887502437514504 0.4 0.4
1748 0.0583072755785932 0.4529628680435944 0.48872985637781247 0.4 0.4
1749 0.05830785384416442 0.45298264307241554 0.48870950308342015 0.4 0.4
1750 0.05830843114673817 0.45300238506036145 0.4886891837929004 0.4 0.4
1751 0.058309007488430944 0.4530220940804822 0.48866889843108685 0.4 0.4
1752 0.05830958287135332 0.4530417702056271 0.48864864692301957 0.4 0.4
1753 0.0583101572976103 0.4530614135084462 0.4886284291939435 0.4 0.4
1754 0.0583107307693011 0.4530810240613906 0.4886082451693083 0.4 0.4
1755 0.058311303288519224 0.4531006019367132 0.48858809477476756 0.4 0.4
1756 0.05831187485735258 0.45312014720646887 0.48856797793617857 0.4 0.4
1757 0.05831244547788346 0.45313965994251604 0.4885478945796005 0.4 0.4
1758 0.05831301515218833 0.4531591402165161 0.4885278446312955 0.4 0.4
1759 0.05831358388233819 0.4531785880999352 0.4885078280177265 0.4 0.4
1760 0.058314151670398474 0.4531980036640444 0.4884878446655571 0.4 0.4
1761 0.05831471851842895 0.45321738697992014 0.48846789450165096 0.4 0.4
1762 0.05831528442848384 0.45323673811844495 0.4884479774530712 0.4 0.4
1763 0.05831584940261182 0.45325605715030826 0.4884280934470798 0.4 0.4
1764 0.05831641344285607 0.45327534414600734 0.4884082424111366 0.4 0.4
1765 0.05831697655125427 0.4532945991758466 0.48838842427289925 0.4 0.4
1766 0.05831753872983852 0.4533138223099399 0.48836863896022153 0.4 0.4
1767 0.058318099980635564 0.4533330136182104 0.48834888640115404 0.4 0.4
1768 0.058318660305666604 0.4533521731703905 0.488329166523943 0.4 0.4
1769 0.05831921970694741 0.4533713010360237 0.4883094792570288 0.4 0.4
1770 0.05831977818648843 0.4533903972844648 0.48828982452904685 0.4 0.4
1771 0.05832033574629454 0.4534094619848796 0.488270202268826 0.4 0.4
1772 0.05832089238836537 0.4534284952062469 0.48825061240538775 0.4 0.4
1773 0.05832144811469514 0.45344749701735826 0.4882310548679467 0.4 0.4
1774 0.05832200292727262 0.45346646748681874 0.4882115295859086 0.4 0.4
1775 0.05832255682808141 0.4534854066830477 0.4881920364888708 0.4 0.4
1776 0.05832310981909972 0.4535043146742792 0.4881725755066211 0.4 0.4
1777 0.058323661902300365 0.45352319152856285 0.4881531465691367 0.4 0.4
1778 0.058324213079651036 0.45354203731376397 0.488133749606585 0.4 0.4
1779 0.05832476335311401 0.4535608520975641 0.488114384549322 0.4 0.4
1780 0.058325312724646444 0.4535796359474628 0.4880950513278908 0.4 0.4
1781 0.058325861196200146 0.4535983889307765 0.48807574987302343 0.4 0.4
1782 0.058326408769721755 0.45361711111464076 0.4880564801156375 0.4 0.4
1783 0.058326955447152704 0.45363580256600927 0.4880372419868381 0.4 0.4
1784 0.05832750123042927 0.45365446335165555 0.48801803541791516 0.4 0.4
1785 0.05832804612148248 0.45367309353817326 0.4879988603403443 0.4 0.4
1786 0.05832859012223829 0.45369169319197655 0.48797971668578527 0.4 0.4
1787 0.05832913323461749 0.45371026237930073 0.48796060438608174 0.4 0.4
1788 0.058329675460535725 0.4537288011662033 0.487941523373261 0.4 0.4
1789 0.05833021680190358 0.45374730961856335 0.48792247357953294 0.4 0.4
1790 0.0583307572606265 0.45376578780208376 0.48790345493728976 0.4 0.4
1791 0.05833129683860492 0.4537842357822902 0.4878844673791049 0.4 0.4
1792 0.05833183553773416 0.4538026536245326 0.4878655108377332 0.4 0.4
1793 0.058332373359904544 0.4538210413939858 0.4878465852461097 0.4 0.4
1794 0.05833291030700131 0.4538393991556495 0.4878276905373493 0.4 0.4
1795 0.05833344638090475 0.4538577269743491 0.487808826644746 0.4 0.4
1796 0.05833398158349017 0.45387602491473655 0.48778999350177316 0.4 0.4
1797 0.058334515916627826 0.4538942930412906 0.4877711910420816 0.4 0.4
1798 0.058335049382183084 0.45391253141831683 0.48775241919950013 0.4 0.4
1799 0.0583355819820163 0.4539307401099499 0.48773367790803385 0.4 0.4
1800 0.058336113717982994 0.4539489191801517 0.48771496710186535 0.4 0.4
1801 0.05833664459193363 0.4539670686927141 0.4876962867153523 0.4 0.4
1802 0.058337174605713894 0.45398518871125787 0.48767763668302816 0.4 0.4
1803 0.05833770376116458 0.4540032792992346 0.48765901693960073 0.4 0.4
1804 0.058338232060121516 0.454021340519926 0.4876404274199524 0.4 0.4
1805 0.058338759504415805 0.45403937243644527 0.487621868059139 0.4 0.4
1806 0.058339286095873584 0.454057375111737 0.48760333879238943 0.4 0.4
1807 0.058339811836316244 0.4540753486085784 0.48758483955510534 0.4 0.4
1808 0.05834033672756038 0.4540932929895794 0.48756637028286015 0.4 0.4
1809 0.05834086077141771 0.45411120831718327 0.487547930911399 0.4 0.4
1810 0.05834138396969531 0.454129094653667 0.4875295213766377 0.4 0.4
1811 0.05834190632419533 0.45414695206114214 0.4875111416146626 0.4 0.4
1812 0.05834242783671529 0.454164780601555 0.48749279156172964 0.4 0.4
1813 0.05834294850904792 0.45418258033668757 0.4874744711542644 0.4 0.4
1814 0.05834346834298128 0.45420035132815745 0.48745618032886123 0.4 0.4
1815 0.0583439873402987 0.454218093637419 0.4874379190222823 0.4 0.4
1816 0.05834450550277874 0.45423580732576346 0.48741968717145784 0.4 0.4
1817 0.05834502283219543 0.4542534924543194 0.48740148471348527 0.4 0.4
1818 0.058345539330318025 0.45427114908405375 0.4873833115856282 0.4 0.4
1819 0.058346054998911226 0.4542887772757718 0.4873651677253169 0.4 0.4
1820 0.05834656983973503 0.45430637709011784 0.4873470530701471 0.4 0.4
1821 0.058347083854544825 0.4543239485875758 0.48732896755787936 0.4 0.4
1822 0.058347597045091425 0.4543414918284695 0.48731091112643915 0.4 0.4
1823 0.058348109413121026 0.4543590068729634 0.48729288371391566 0.4 0.4
1824 0.05834862096037531 0.45437649378106315 0.4872748852585615 0.4 0.4
1825 0.05834913168859128 0.45439395261261567 0.487256915698793 0.4 0.4
1826 0.05834964159950152 0.4544113834273103 0.4872389749731882 0.4 0.4
1827 0.058350150694834034 0.45442878628467853 0.48722106302048757 0.4 0.4
1828 0.05835065897631227 0.4544461612440951 0.48720317977959265 0.4 0.4
1829 0.05835116644565521 0.4544635083647784 0.4871853251895663 0.4 0.4
1830 0.05835167310457739 0.45448082770579046 0.4871674991896322 0.4 0.4
1831 0.05835217895478874 0.45449811932603834 0.48714970171917293 0.4 0.4
1832 0.05835268399799488 0.4545153832842739 0.4871319327177313 0.4 0.4
1833 0.05835318823589687 0.4545326196390943 0.48711419212500884 0.4 0.4
1834 0.05835369167019139 0.4545498284489428 0.4870964798808657 0.4 0.4
1835 0.058354194302570675 0.454567009772109 0.4870787959253203 0.4 0.4
1836 0.058354696134722564 0.45458416366673 0.48706114019854757 0.4 0.4
1837 0.0583551971683305 0.4546012901907892 0.4870435126408804 0.4 0.4
1838 0.05835569740507355 0.454618389402119 0.48702591319280747 0.4 0.4
1839 0.0583561968466264 0.4546354613583997 0.4870083417949739 0.4 0.4
1840 0.05835669549465941 0.45465250611716035 0.48699079838818016 0.4 0.4
1841 0.05835719335083858 0.45466952373577946 0.48697328291338193 0.4 0.4
1842 0.05835769041682556 0.4546865142714852 0.48695579531168914 0.4 0.4
1843 0.05835818669427777 0.45470347778135645 0.48693833552436594 0.4 0.4
1844 0.05835868218484821 0.454720414322322 0.4869209034928298 0.4 0.4
1845 0.05835917689018568 0.45473732395116223 0.48690349915865205 0.4 0.4
1846 0.05835967081193469 0.4547542067245095 0.48688612246355584 0.4 0.4
1847 0.058360163951735496 0.45477106269884765 0.48686877334941686 0.4 0.4
1848 0.05836065631122403 0.45478789193051367 0.48685145175826217 0.4 0.4
1849 0.058361147892032124 0.454804694475697 0.4868341576322709 0.4 0.4
1850 0.058361638695787275 0.4548214703904412 0.48681689091377167 0.4 0.4
1851 0.05836212872411284 0.4548382197306431 0.4867996515452441 0.4 0.4
1852 0.05836261797862795 0.4548549425520541 0.4867824394693178 0.4 0.4
1853 0.05836310646094755 0.4548716389102812 0.4867652546287714 0.4 0.4
1854 0.0583635941726824 0.45488830886078546 0.4867480969665322 0.4 0.4
1855 0.05836408111543918 0.45490495245888435 0.48673096642567654 0.4 0.4
1856 0.05836456729082032 0.4549215697597518 0.4867138629494278 0.4 0.4
1857 0.058365052700424205 0.45493816081841776 0.486696786481158 0.4 0.4
1858 0.058365537345845056 0.45495472568976947 0.48667973696438543 0.4 0.4
1859 0.05836602122867296 0.45497126442855185 0.48666271434277525 0.4 0.4
1860 0.05836650435049403 0.45498777708936766 0.4866457185601384 0.4 0.4
1861 0.05836698671289015 0.45500426372667796 0.486628749560432 0.4 0.4
1862 0.05836746831743921 0.45502072439480296 0.486611807287758 0.4 0.4
1863 0.05836794916571503 0.45503715914792137 0.4865948916863635 0.4 0.4
1864 0.058368429259287403 0.45505356804007274 0.4865780027006397 0.4 0.4
1865 0.05836890859972204 0.455069951125156 0.4865611402751219 0.4 0.4
1866 0.05836938718858078 0.4550863084569307 0.4865443043544886 0.4 0.4
1867 0.058369865027421225 0.4551026400890176 0.4865274948835611 0.4 0.4
1868 0.0583703421177971 0.4551189460748985 0.4865107118073044 0.4 0.4
1869 0.058370818461258224 0.45513522646791776 0.486493955070824 0.4 0.4
1870 0.05837129405935032 0.455151481321281 0.48647722461936854 0.4 0.4
1871 0.058371768913615216 0.4551677106880578 0.48646052039832705 0.4 0.4
1872 0.058372243025590784 0.45518391462117996 0.4864438423532294 0.4 0.4
1873 0.05837271639681091 0.4552000931734425 0.4864271904297465 0.4 0.4
1874 0.05837318902880566 0.4552162463975055 0.4864105645736888 0.4 0.4
1875 0.058373660923101096 0.45523237434589287 0.48639396473100605 0.4 0.4
1876 0.05837413208121941 0.455248477070993 0.4863773908477875 0.4 0.4
1877 0.05837460250467893 0.45526455462506005 0.4863608428702611 0.4 0.4
1878 0.05837507219499412 0.4552806070602134 0.48634432074479245 0.4 0.4
1879 0.058375541153675437 0.4552966344284386 0.4863278244178859 0.4 0.4
1880 0.05837600938222973 0.4553126367815879 0.4863113538361824 0.4 0.4
1881 0.05837647688215983 0.4553286141713795 0.48629490894646055 0.4 0.4
1882 0.058376943654964784 0.4553445666494002 0.4862784896956349 0.4 0.4
1883 0.05837740970213979 0.45536049426710357 0.4862620960307567 0.4 0.4
1884 0.05837787502517632 0.45537639707581123 0.4862457278990125 0.4 0.4
1885 0.058378339625561985 0.4553922751267138 0.4862293852477243 0.4 0.4
1886 0.05837880350478064 0.45540812847087037 0.4862130680243491 0.4 0.4
1887 0.05837926666431235 0.4554239571592089 0.48619677617647866 0.4 0.4
1888 0.058379729105633424 0.45543976124252855 0.48618050965183807 0.4 0.4
1889 0.058380190830216463 0.4554555407714967 0.4861642683982868 0.4 0.4
1890 0.058380651839530284 0.4554712957966524 0.4861480523638174 0.4 0.4
1891 0.058381112135040006 0.45548702636840477 0.4861318614965553 0.4 0.4
1892 0.058381571718206994 0.45550273253703494 0.4861156957447581 0.4 0.4
1893 0.05838203059048892 0.45551841435269547 0.4860995550568156 0.4 0.4
1894 0.05838248875333981 0.45553407186541045 0.4860834393812496 0.4 0.4
1895 0.058382946208209933 0.4555497051250771 0.48606734866671303 0.4 0.4
1896 0.058383402956545975 0.4555653141814648 0.4860512828619893 0.4 0.4
1897 0.05838385899979092 0.4555808990842166 0.48603524191599257 0.4 0.4
1898 0.05838431433938403 0.45559645988284897 0.48601922577776685 0.4 0.4
1899 0.05838476897676108 0.4556119966267524 0.48600323439648646 0.4 0.4
1900 0.0583852229133541 0.45562750936519164 0.48598726772145423 0.4 0.4
1901 0.05838567615059156 0.45564299814730613 0.4859713257021023 0.4 0.4
1902 0.05838612868989827 0.4556584630221107 0.48595540828799094 0.4 0.4
1903 0.05838658053269554 0.4556739040384953 0.48593951542880914 0.4 0.4
1904 0.058387031680400985 0.45568932124522604 0.48592364707437297 0.4 0.4
1905 0.05838748213442875 0.45570471469094487 0.48590780317462634 0.4 0.4
1906 0.05838793189618933 0.4557200844241709 0.4858919836796397 0.4 0.4
1907 0.05838838096708974 0.45573543049329984 0.48587618853961045 0.4 0.4
1908 0.058388829348533365 0.45575075294660505 0.48586041770486155 0.4 0.4
1909 0.0583892770419202 0.4557660518322371 0.4858446711258427 0.4 0.4
1910 0.058389724048646584 0.4557813271982254 0.48582894875312815 0.4 0.4
1911 0.0583901703701054 0.45579657909247706 0.48581325053741764 0.4 0.4
1912 0.058390616007686066 0.45581180756277845 0.48579757642953547 0.4 0.4
1913 0.05839106096277441 0.4558270126567952 0.4857819263804303 0.4 0.4
1914 0.05839150523675299 0.4558421944220723 0.48576630034117474 0.4 0.4
1915 0.05839194883100055 0.4558573529060347 0.48575069826296463 0.4 0.4
1916 0.05839239174689273 0.4558724881559878 0.48573512009711933 0.4 0.4
1917 0.0583928339858016 0.4558876002191174 0.48571956579508097 0.4 0.4
1918 0.05839327554909568 0.45590268914249044 0.48570403530841394 0.4 0.4
1919 0.058393716438140196 0.45591775497305503 0.48568852858880485 0.4 0.4
1920 0.0583941566542969 0.45593279775764134 0.48567304558806185 0.4 0.4
1921 0.05839459619892414 0.4559478175429613 0.4856575862581145 0.4 0.4
1922 0.05839503507337694 0.45596281437560965 0.4856421505510134 0.4 0.4
1923 0.058395473279006814 0.45597778830206337 0.4856267384189297 0.4 0.4
1924 0.058395910817162014 0.455992739368683 0.4856113498141549 0.4 0.4
1925 0.058396347689187354 0.4560076676217124 0.4855959846891002 0.4 0.4
1926 0.058396783896424324 0.4560225731072795 0.48558064299629616 0.4 0.4
1927 0.05839721944021102 0.4560374558713957 0.48556532468839325 0.4 0.4
1928 0.0583976543218823 0.45605231595995765 0.4855500297181601 0.4 0.4
1929 0.05839808854276957 0.4560671534187467 0.48553475803848384 0.4 0.4
1930 0.05839852210420109 0.45608196829342934 0.48551950960236956 0.4 0.4
1931 0.05839895500750159 0.45609676062955745 0.48550428436294085 0.4 0.4
1932 0.058399387253992734 0.45611153047256897 0.48548908227343823 0.4 0.4
1933 0.058399818844992714 0.45612627786778837 0.48547390328721896 0.4 0.4
1934 0.05840024978181652 0.45614100286042614 0.4854587473577574 0.4 0.4
1935 0.05840068006577592 0.4561557054955801 0.48544361443864403 0.4 0.4
1936 0.05840110969817934 0.4561703858182349 0.48542850448358577 0.4 0.4
1937 0.05840153868033198 0.4561850438732635 0.4854134174464044 0.4 0.4
1938 0.05840196701353591 0.45619967970542613 0.485398353281038 0.4 0.4
1939 0.05840239469908975 0.4562142933593711 0.48538331194153916 0.4 0.4
1940 0.05840282173828911 0.4562288848796364 0.48536829338207443 0.4 0.4
1941 0.058403248132426255 0.4562434543106476 0.4853532975569262 0.4 0.4
1942 0.05840367388279036 0.4562580016967207 0.4853383244204889 0.4 0.4
1943 0.05840409899066729 0.4562725270820604 0.4853233739272722 0.4 0.4
1944 0.05840452345733984 0.45628703051076164 0.4853084460318985 0.4 0.4
1945 0.05840494728408753 0.45630151202680985 0.4852935406891027 0.4 0.4
1946 0.058405370472186795 0.4563159716740804 0.4852786578537327 0.4 0.4
1947 0.058405793022910886 0.4563304094963402 0.48526379748074894 0.4 0.4
1948 0.0584062149375299 0.45634482553724703 0.48524895952522307 0.4 0.4
1949 0.05840663621731085 0.4563592198403504 0.48523414394233877 0.4 0.4
1950 0.0584070568635175 0.45637359244909126 0.48521935068739125 0.4 0.4
1951 0.05840747687741061 0.456387943406803 0.4852045797157863 0.4 0.4
1952 0.05840789626024785 0.4564022727567115 0.48518983098304064 0.4 0.4
1953 0.058408315013283675 0.456416580541936 0.4851751044447804 0.4 0.4
1954 0.05840873313776956 0.45643086680548745 0.485160400056743 0.4 0.4
1955 0.05840915063495382 0.4564451315902717 0.4851457177747745 0.4 0.4
1956 0.05840956750608176 0.45645937493908767 0.4851310575548306 0.4 0.4
1957 0.05840998375239558 0.4564735968946283 0.4851164193529763 0.4 0.4
1958 0.05841039937513443 0.4564877974994809 0.48510180312538465 0.4 0.4
1959 0.05841081437553446 0.45650197679612825 0.4850872088283373 0.4 0.4
1960 0.058411228754828695 0.4565161348269469 0.48507263641822446 0.4 0.4
1961 0.058411642514247256 0.4565302716342096 0.48505808585154325 0.4 0.4
1962 0.0584120556550171 0.45654438726008434 0.4850435570848986 0.4 0.4
1963 0.05841246817836231 0.45655848174663505 0.48502905007500263 0.4 0.4
1964 0.058412880085503875 0.45657255513582246 0.48501456477867366 0.4 0.4
1965 0.05841329137765984 0.45658660746950297 0.4850001011528372 0.4 0.4
1966 0.05841370205604527 0.4566006387894301 0.4849856591545245 0.4 0.4
1967 0.058414112121872176 0.456614649137255 0.4849712387408729 0.4 0.4
1968 0.05841452157634974 0.45662863855452573 0.4849568398691246 0.4 0.4
1969 0.05841493042068405 0.45664260708268833 0.48494246249662754 0.4 0.4
1970 0.05841533865607833 0.4566565547630869 0.4849281065808348 0.4 0.4
1971 0.05841574628373282 0.45667048163696367 0.4849137720793034 0.4 0.4
1972 0.05841615330484489 0.4566843877454599 0.4848994589496953 0.4 0.4
1973 0.058416559720608933 0.4566982731296153 0.4848851671497758 0.4 0.4
1974 0.05841696553221637 0.4567121378303692 0.4848708966374144 0.4 0.4
1975 0.05841737074085587 0.45672598188856045 0.48485664737058365 0.4 0.4
1976 0.058417775347713065 0.4567398053449276 0.48484241930735944 0.4 0.4
1977 0.05841817935397077 0.45675360824010935 0.48482821240591983 0.4 0.4
1978 0.05841858276080889 0.45676739061464483 0.48481402662454637 0.4 0.4
1979 0.05841898556940449 0.4567811525089737 0.4847998619216217 0.4 0.4
1980 0.05841938778093169 0.45679489396343703 0.48478571825563127 0.4 0.4
1981 0.058419789396561866 0.4568086150182769 0.48477159558516125 0.4 0.4
1982 0.05842019041746345 0.4568223157136368 0.4847574938688998 0.4 0.4
1983 0.05842059084480208 0.45683599608956227 0.4847434130656356 0.4 0.4
1984 0.058420990679740596 0.4568496561860013 0.48472935313425813 0.4 0.4
1985 0.05842138992343891 0.4568632960428035 0.48471531403375756 0.4 0.4
1986 0.05842178857705423 0.4568769156997221 0.48470129572322357 0.4 0.4
1987 0.0584221866417409 0.45689051519641266 0.48468729816184636 0.4 0.4
1988 0.05842258411865048 0.4569040945724346 0.48467332130891494 0.4 0.4
1989 0.05842298100893167 0.4569176538672503 0.484659365123818 0.4 0.4
1990 0.058423377313730554 0.4569311931202263 0.4846454295660432 0.4 0.4
1991 0.05842377303419027 0.4569447123706332 0.4846315145951765 0.4 0.4
1992 0.05842416817145126 0.45695821165764616 0.48461762017090254 0.4 0.4
1993 0.05842456272665126 0.4569716910203446 0.4846037462530041 0.4 0.4
1994 0.058424956700925096 0.45698515049771343 0.4845898928013614 0.4 0.4
1995 0.058425350095405074 0.4569985901286425 0.48457605977595253 0.4 0.4
1996 0.05842574291122056 0.4570120099519269 0.48456224713685253 0.4 0.4
1997 0.05842613514949827 0.45702541000626823 0.4845484548442335 0.4 0.4
1998 0.058426526811362275 0.4570387903302732 0.4845346828583646 0.4 0.4
1999 0.05842691789793377 0.45705215096245577 0.4845209311396105 0.4 0.4
2000 0.05842730841033144 0.45706549194123564 0.484507199648433 0.4 0.4
2001 0.05842769834967113 0.45707881330494 0.48449348834538897 0.4 0.4
2002 0.05842808771706603 0.457092115091803 0.48447979719113105 0.4 0.4
2003 0.058428476513626655 0.4571053973399661 0.4844661261464074 0.4 0.4
2004 0.058428864740460905 0.45711866008747837 0.48445247517206075 0.4 0.4
2005 0.05842925239867393 0.4571319033722969 0.4844388442290291 0.4 0.4
2006 0.05842963948936826 0.45714512723228723 0.4844252332783445 0.4 0.4
2007 0.05843002601364371 0.457158331705223 0.4844116422811333 0.4 0.4
2008 0.05843041197259759 0.45717151682878665 0.48439807119861583 0.4 0.4
2009 0.05843079736732449 0.4571846826405696 0.4843845199921058 0.4 0.4
2010 0.05843118219891632 0.45719782917807283 0.48437098862301087 0.4 0.4
2011 0.05843156646846247 0.4572109564787064 0.48435747705283105 0.4 0.4
2012 0.05843195017704969 0.4572240645797906 0.4843439852431597 0.4 0.4
2013 0.058432333325762115 0.457237153518555 0.48433051315568293 0.4 0.4
2014 0.05843271591568118 0.45725022333214027 0.48431706075217856 0.4 0.4
2015 0.05843309794788593 0.4572632740575974 0.4843036279945167 0.4 0.4
2016 0.058433479423452665 0.457276305731888 0.48429021484465934 0.4 0.4
2017 0.05843386034345521 0.4572893183918847 0.4842768212646601 0.4 0.4
2018 0.05843424070896476 0.45730231207437166 0.4842634472166635 0.4 0.4
2019 0.05843462052104998 0.45731528681604494 0.48425009266290514 0.4 0.4
2020 0.05843499978077693 0.45732824265351146 0.4842367575657116 0.4 0.4
2021 0.0584353784892092 0.457341179623291 0.48422344188749983 0.4 0.4
2022 0.05843575664740778 0.4573540977618156 0.4842101455907767 0.4 0.4
2023 0.058436134256431196 0.45736699710542966 0.4841968686381391 0.4 0.4
2024 0.05843651131733531 0.4573798776903903 0.4841836109922743 0.4 0.4
2025 0.05843688783117369 0.45739273955286835 0.4841703726159579 0.4 0.4
2026 0.058437263798997156 0.4574055827289472 0.4841571534720556 0.4 0.4
2027 0.05843763922185414 0.4574184072546242 0.4841439535235218 0.4 0.4
2028 0.058438014100790664 0.4574312131658103 0.48413077273339905 0.4 0.4
2029 0.05843838843685007 0.45744400049833117 0.4841176110648188 0.4 0.4
2030 0.05843876223107333 0.457456769287926 0.48410446848100064 0.4 0.4
2031 0.058439135484498965 0.45746951957024906 0.4840913449452521 0.4 0.4
2032 0.05843950819816292 0.45748225138086884 0.48407824042096825 0.4 0.4
2033 0.05843988037309881 0.45749496475526963 0.4840651548716315 0.4 0.4
2034 0.05844025201033772 0.45750765972885044 0.4840520882608119 0.4 0.4
2035 0.05844062311090826 0.4575203363369262 0.48403904055216546 0.4 0.4
2036 0.0584409936758367 0.45753299461472735 0.484026011709436 0.4 0.4
2037 0.05844136370614675 0.45754563459740033 0.4840130016964529 0.4 0.4
2038 0.05844173320285977 0.4575582563200079 0.48400001047713226 0.4 0.4
2039 0.058442102166994726 0.45757085981752943 0.4839870380154758 0.4 0.4
2040 0.058442470599568114 0.45758344512486093 0.483974084275571 0.4 0.4
2041 0.058442838501594055 0.4575960122768151 0.48396114922159084 0.4 0.4
2042 0.05844320587408422 0.45760856130812205 0.48394823281779364 0.4 0.4
2043 0.05844357271804796 0.4576210922534298 0.4839353350285223 0.4 0.4
2044 0.05844393903449217 0.4576336051473031 0.4839224558182047 0.4 0.4
2045 0.058444304824421436 0.45764610002422534 0.48390959515135323 0.4 0.4
2046 0.058444670088837886 0.4576585769185978 0.48389675299256424 0.4 0.4
2047 0.0584450348287414 0.4576710358647399 0.4838839293065187 0.4 0.4
2048 0.05844539904512938 0.45768347689689 0.48387112405798066 0.4 0.4
2049 0.058445762738996966 0.45769590004920513 0.4838583372117979 0.4 0.4
2050 0.05844612591133687 0.4577083053557611 0.483845568732902 0.4 0.4
2051 0.05844648856313952 0.4577206928505538 0.4838328185863067 0.4 0.4
2052 0.058446850695393 0.4577330625674977 0.4838200867371093 0.4 0.4
2053 0.05844721230908306 0.4577454145404277 0.4838073731504892 0.4 0.4
2054 0.05844757340519313 0.45775774880309794 0.4837946777917089 0.4 0.4
2055 0.058447933984704374 0.4577700653891835 0.48378200062611215 0.4 0.4
2056 0.058448294048595535 0.4577823643322797 0.4837693416191247 0.4 0.4
2057 0.05844865359784317 0.4577946456659023 0.48375670073625454 0.4 0.4
2058 0.05844901263342146 0.4578069094234879 0.48374407794309066 0.4 0.4
2059 0.058449371156302395 0.4578191556383942 0.48373147320530335 0.4 0.4
2060 0.05844972916745557 0.4578313843439005 0.4837188864886439 0.4 0.4
2061 0.05845008666784843 0.4578435955732072 0.48370631775894435 0.4 0.4
2062 0.058450443658445955 0.45785578935943666 0.48369376698211747 0.4 0.4
2063 0.05845080014021112 0.4578679657356335 0.4836812341241554 0.4 0.4
2064 0.05845115611410448 0.45788012473476386 0.4836687191511317 0.4 0.4
2065 0.0584515115810843 0.4578922663897171 0.4836562220291987 0.4 0.4
2066 0.05845186654210674 0.45790439073330436 0.483643742724589 0.4 0.4
2067 0.058452220998125685 0.45791649779826027 0.4836312812036141 0.4 0.4
2068 0.05845257495009266 0.4579285876172422 0.48361883743266515 0.4 0.4
2069 0.058452928398957146 0.45794066022283086 0.483606411378212 0.4 0.4
2070 0.058453281345666325 0.45795271564753065 0.483594003006803 0.4 0.4
2071 0.05845363379116516 0.45796475392376956 0.4835816122850653 0.4 0.4
2072 0.058453985736396374 0.45797677508389906 0.48356923917970457 0.4 0.4
2073 0.0584543371823006 0.45798877916019537 0.483556883657504 0.4 0.4
2074 0.05845468812981614 0.4580007661848587 0.48354454568532507 0.4 0.4
2075 0.05845503857987921 0.4580127361900142 0.48353222523010647 0.4 0.4
2076 0.058455388533423865 0.45802468920771133 0.48351992225886486 0.4 0.4
2077 0.0584557379913818 0.4580366252699246 0.4835076367386937 0.4 0.4
2078 0.05845608695468281 0.45804854440855397 0.48349536863676323 0.4 0.4
2079 0.058456435424254265 0.4580604466554245 0.4834831179203212 0.4 0.4
2080 0.05845678340102155 0.4580723320422871 0.4834708845566914 0.4 0.4
2081 0.058457130885907885 0.45808420060081856 0.4834586685132735 0.4 0.4
2082 0.058457477879834276 0.45809605236262113 0.48344646975754463 0.4 0.4
2083 0.05845782438371958 0.45810788735922375 0.4834342882570567 0.4 0.4
2084 0.05845817039848061 0.45811970562208193 0.4834221239794374 0.4 0.4
2085 0.05845851592503198 0.4581315071825774 0.48340997689239057 0.4 0.4
2086 0.05845886096428622 0.4581432920720191 0.48339784696369476 0.4 0.4
2087 0.05845920551715371 0.45815506032164255 0.48338573416120384 0.4 0.4
2088 0.05845954958454271 0.45816681196261083 0.4833736384528465 0.4 0.4
2089 0.05845989316735944 0.4581785470260145 0.483361559806626 0.4 0.4
2090 0.05846023626650798 0.4581902655428719 0.4833494981906202 0.4 0.4
2091 0.05846057888289027 0.4582019675441285 0.48333745357298125 0.4 0.4
2092 0.05846092101740626 0.45821365306065875 0.483325425921935 0.4 0.4
2093 0.05846126267095376 0.4582253221232647 0.48331341520578147 0.4 0.4
2094 0.05846160384442851 0.45823697476267733 0.4833014213928941 0.4 0.4
2095 0.058461944538724143 0.45824861100955566 0.4832894444517201 0.4 0.4
2096 0.05846228475473232 0.4582602308944881 0.4832774843507796 0.4 0.4
2097 0.0584626244933426 0.45827183444799197 0.48326554105866537 0.4 0.4
2098 0.05846296375544246 0.45828342170051356 0.48325361454404403 0.4 0.4
2099 0.05846330254191732 0.4582949926824289 0.48324170477565376 0.4 0.4
2100 0.05846364085365061 0.4583065474240436 0.48322981172230584 0.4 0.4
2101 0.0584639786915237 0.4583180859555927 0.48321793535288354 0.4 0.4
2102 0.05846431605641593 0.45832960830724206 0.483206075636342 0.4 0.4
2103 0.058464652949204624 0.458341114509087 0.48319423254170835 0.4 0.4
2104 0.0584649893707651 0.4583526045911534 0.48318240603808155 0.4 0.4
2105 0.05846532532197055 0.4583640785833981 0.48317059609463137 0.4 0.4
2106 0.05846566080369234 0.45837553651570845 0.48315880268059924 0.4 0.4
2107 0.0584659958167997 0.45838697841790255 0.4831470257652977 0.4 0.4
2108 0.05846633036215992 0.4583984043197301 0.4831352653181101 0.4 0.4
2109 0.05846666444063825 0.458409814250872 0.4831235213084897 0.4 0.4
2110 0.05846699805309802 0.45842120824094057 0.4831117937059614 0.4 0.4
2111 0.058467331200400534 0.4584325863194799 0.48310008248011965 0.4 0.4
2112 0.058467663883405116 0.4584439485159663 0.48308838760062855 0.4 0.4
2113 0.05846799610296911 0.4584552948598078 0.4830767090372231 0.4 0.4
2114 0.05846832785994797 0.45846662538034477 0.4830650467597073 0.4 0.4
2115 0.05846865915519512 0.4584779401068504 0.4830534007379545 0.4 0.4
2116 0.058468989989562015 0.4584892390685301 0.4830417709419079 0.4 0.4
2117 0.05846932036389824 0.4585005222945224 0.4830301573415794 0.4 0.4
2118 0.058469650279051356 0.4585117898138989 0.4830185599070498 0.4 0.4
2119 0.05846997973586702 0.45852304165566427 0.4830069786084687 0.4 0.4
2120 0.058470308735189006 0.4585342778487565 0.4829954134160545 0.4 0.4
2121 0.05847063727785903 0.4585454984220474 0.48298386430009355 0.4 0.4
2122 0.05847096536471703 0.45855670340434274 0.4829723312309403 0.4 0.4
2123 0.05847129299660093 0.45856789282438126 0.48296081417901787 0.4 0.4
2124 0.05847162017434676 0.45857906671083715 0.48294931311481604 0.4 0.4
2125 0.05847194689878871 0.4585902250923181 0.4829378280088933 0.4 0.4
2126 0.05847227317075896 0.4586013679973662 0.4829263588318749 0.4 0.4
2127 0.05847259899108784 0.45861249545445887 0.4829149055544532 0.4 0.4
2128 0.05847292436060386 0.45862360749200776 0.4829034681473884 0.4 0.4
2129 0.05847324928013354 0.4586347041383597 0.4828920465815068 0.4 0.4
2130 0.05847357375050155 0.4586457854217968 0.4828806408277016 0.4 0.4
2131 0.05847389777253074 0.4586568513705367 0.48286925085693255 0.4 0.4
2132 0.05847422134704198 0.45866790201273216 0.48285787664022584 0.4 0.4
2133 0.05847454447485436 0.45867893737647214 0.4828465181486736 0.4 0.4
2134 0.05847486715678509 0.45868995748978125 0.48283517535343373 0.4 0.4
2135 0.058475189393649506 0.45870096238061997 0.4828238482257305 0.4 0.4
2136 0.05847551118626113 0.45871195207688586 0.48281253673685304 0.4 0.4
2137 0.05847583253543161 0.4587229266064116 0.4828012408581568 0.4 0.4
2138 0.05847615344197074 0.45873388599696774 0.4827899605610616 0.4 0.4
2139 0.0584764739066865 0.4587448302762608 0.48277869581705274 0.4 0.4
2140 0.058476793930385025 0.4587557594719348 0.48276744659768017 0.4 0.4
2141 0.05847711351387064 0.4587666736115703 0.4827562128745591 0.4 0.4
2142 0.05847743265794585 0.4587775727226855 0.4827449946193686 0.4 0.4
2143 0.058477751363411365 0.458788456832736 0.4827337918038526 0.4 0.4
2144 0.05847806963106597 0.4587993259691149 0.4827226043998192 0.4 0.4
2145 0.058478387461706784 0.4588101801591534 0.4827114323791398 0.4 0.4
2146 0.058478704856129084 0.4588210194301202 0.4827002757137507 0.4 0.4
2147 0.0584790218151263 0.4588318438092227 0.48268913437565103 0.4 0.4
2148 0.05847933833949013 0.45884265332360624 0.4826780083369036 0.4 0.4
2149 0.05847965443001042 0.45885344800035455 0.48266689756963504 0.4 0.4
2150 0.05847997008747532 0.4588642278664901 0.48265580204603453 0.4 0.4
2151 0.05848028531267116 0.45887499294897427 0.48264472173835465 0.4 0.4
2152 0.05848060010638246 0.4588857432747073 0.4826336566189101 0.4 0.4
2153 0.05848091446939199 0.4588964788705287 0.4826226066600794 0.4 0.4
2154 0.05848122840248081 0.4589071997632169 0.4826115718343023 0.4 0.4
2155 0.058481541906428146 0.45891790597949017 0.4826005521140817 0.4 0.4
2156 0.05848185498201157 0.4589285975460063 0.4825895474719821 0.4 0.4
2157 0.05848216763000676 0.45893927448936284 0.4825785578806305 0.4 0.4
2158 0.05848247985118783 0.45894993683609697 0.48256758331271515 0.4 0.4
2159 0.05848279164632696 0.4589605846126868 0.4825566237409863 0.4 0.4
2160 0.05848310301619477 0.4589712178455498 0.48254567913825547 0.4 0.4
2161 0.05848341396156 0.45898183656104435 0.4825347494773956 0.4 0.4
2162 0.05848372448318979 0.45899244078546925 0.4825238347313409 0.4 0.4
2163 0.05848403458184948 0.4590030305450645 0.48251293487308605 0.4 0.4
2164 0.05848434425830274 0.45901360586601025 0.48250204987568707 0.4 0.4
2165 0.058484653513311495 0.4590241667744281 0.4824911797122604 0.4 0.4
2166 0.05848496234763592 0.4590347132963808 0.48248032435598315 0.4 0.4
2167 0.05848527076203463 0.4590452454578731 0.48246948378009225 0.4 0.4
2168 0.05848557875726438 0.45905576328485037 0.4824586579578852 0.4 0.4
2169 0.05848588633408035 0.4590662668032001 0.4824478468627195 0.4 0.4
2170 0.05848619349323596 0.45907675603875153 0.48243705046801255 0.4 0.4
2171 0.05848650023548298 0.4590872310172762 0.48242626874724087 0.4 0.4
2172 0.05848680656157148 0.4590976917644871 0.4824155016739413 0.4 0.4
2173 0.05848711247224988 0.45910813830604075 0.4824047492217094 0.4 0.4
2174 0.058487417968264906 0.459118570667535 0.48239401136420024 0.4 0.4
2175 0.058487723050361595 0.4591289888745105 0.4823832880751279 0.4 0.4
2176 0.05848802771928338 0.4591393929524516 0.48237257932826505 0.4 0.4
2177 0.058488331975771995 0.45914978292678443 0.4823618850974436 0.4 0.4
2178 0.058488635820567535 0.45916015882287886 0.48235120535655357 0.4 0.4
2179 0.05848893925440844 0.45917052066604797 0.4823405400795436 0.4 0.4
2180 0.05848924227803152 0.4591808684815479 0.4823298892404206 0.4 0.4
2181 0.05848954489217186 0.4591912022945786 0.48231925281324955 0.4 0.4
2182 0.05848984709756307 0.4592015221302839 0.48230863077215297 0.4 0.4
2183 0.05849014889493703 0.4592118280137508 0.48229802309131214 0.4 0.4
2184 0.058490450285023934 0.459222119970011 0.4822874297449651 0.4 0.4
2185 0.058490751268552486 0.45923239802403987 0.48227685070740767 0.4 0.4
2186 0.0584910518462497 0.4592426622007576 0.48226628595299276 0.4 0.4
2187 0.058491352018840904 0.45925291252502803 0.482255735456131 0.4 0.4
2188 0.05849165178704997 0.4592631490216606 0.4822451991912895 0.4 0.4
2189 0.05849195115159907 0.45927337171540833 0.48223467713299256 0.4 0.4
2190 0.05849225011320878 0.45928358063097013 0.4822241692558211 0.4 0.4
2191 0.05849254867259808 0.4592937757929894 0.4822136755344125 0.4 0.4
2192 0.05849284683048437 0.45930395722605477 0.48220319594346084 0.4 0.4
2193 0.058493144587583465 0.4593141249547005 0.4821927304577161 0.4 0.4
2194 0.058493441944609585 0.45932427900340583 0.4821822790519847 0.4 0.4
2195 0.05849373890227534 0.45933441939659586 0.48217184170112876 0.4 0.4
2196 0.05849403546129184 0.4593445461586418 0.48216141838006643 0.4 0.4
2197 0.05849433162236853 0.4593546593138598 0.4821510090637715 0.4 0.4
2198 0.058494627386213374 0.4593647588865133 0.48214061372727335 0.4 0.4
2199 0.05849492275353269 0.4593748449008108 0.48213023234565644 0.4 0.4
2200 0.058495217725031315 0.45938491738090786 0.4821198648940607 0.4 0.4
2201 0.058495512301412485 0.45939497635090626 0.4821095113476813 0.4 0.4
2202 0.05849580648337785 0.45940502183485404 0.48209917168176813 0.4 0.4
2203 0.05849610027162759 0.4594150538567468 0.4820888458716257 0.4 0.4
2204 0.05849639366686029 0.4594250724405262 0.4820785338926135 0.4 0.4
2205 0.05849668666977301 0.4594350776100815 0.4820682357201454 0.4 0.4
2206 0.05849697928106126 0.45944506938924906 0.48205795132968976 0.4 0.4
2207 0.058497271501419076 0.4594550478018121 0.4820476806967688 0.4 0.4
2208 0.058497563331538875 0.4594650128715018 0.48203742379695924 0.4 0.4
2209 0.05849785477211163 0.459474964621997 0.48202718060589134 0.4 0.4
2210 0.058498145823826724 0.45948490307692347 0.48201695109924986 0.4 0.4
2211 0.058498436487372095 0.4594948282598557 0.48200673525277216 0.4 0.4
2212 0.0584987267634341 0.4595047401943162 0.4819965330422497 0.4 0.4
2213 0.05849901665269768 0.45951463890377453 0.4819863444435278 0.4 0.4
2214 0.058499306155846205 0.45952452441165 0.4819761694325038 0.4 0.4
2215 0.0584995952735615 0.4595343967413091 0.4819660079851294 0.4 0.4
2216 0.058499884006524 0.4595442559160679 0.4819558600774082 0.4 0.4
2217 0.05850017235541257 0.45955410195919016 0.4819457256853972 0.4 0.4
2218 0.05850046032090468 0.45956393489388947 0.481935604785206 0.4 0.4
2219 0.05850074790367616 0.45957375474332723 0.48192549735299656 0.4 0.4
2220 0.05850103510440154 0.4595835615306152 0.48191540336498334 0.4 0.4
2221 0.058501321923753735 0.45959335527881323 0.48190532279743303 0.4 0.4
2222 0.05850160836240421 0.45960313601093117 0.4818952556266646 0.4 0.4
2223 0.05850189442102307 0.4596129037499282 0.48188520182904865 0.4 0.4
2224 0.05850218010027882 0.4596226585187132 0.48187516138100805 0.4 0.4
2225 0.058502465400838574 0.4596324003401445 0.481865134259017 0.4 0.4
2226 0.05850275032336794 0.4596421292370306 0.48185512043960144 0.4 0.4
2227 0.05850303486853115 0.45965184523213 0.4818451198993388 0.4 0.4
2228 0.0585033190369909 0.4596615483481513 0.4818351326148577 0.4 0.4
2229 0.058503602829408544 0.4596712386077533 0.48182515856283803 0.4 0.4
2230 0.058503886246443856 0.4596809160335453 0.481815197720011 0.4 0.4
2231 0.058504169288755306 0.45969058064808693 0.4818052500631578 0.4 0.4
2232 0.058504451956999826 0.45970023247388886 0.4817953155691115 0.4 0.4
2233 0.058504734251833 0.4597098715334121 0.4817853942147548 0.4 0.4
2234 0.05850501617390889 0.4597194978490692 0.4817754859770219 0.4 0.4
2235 0.05850529772388028 0.4597291114432232 0.48176559083289666 0.4 0.4
2236 0.05850557890239833 0.4597387123381884 0.4817557087594133 0.4 0.4
2237 0.05850585971011301 0.4597483005562305 0.4817458397336565 0.4 0.4
2238 0.05850614014767267 0.45975787611956687 0.48173598373276033 0.4 0.4
2239 0.05850642021572445 0.459767439050366 0.48172614073390957 0.4 0.4
2240 0.05850669991491387 0.45977698937074835 0.48171631071433785 0.4 0.4
2241 0.05850697924588523 0.4597865271027861 0.4817064936513287 0.4 0.4
2242 0.05850725820928129 0.4597960522685033 0.4816966895222153 0.4 0.4
2243 0.05850753680574363 0.4598055648898763 0.48168689830438016 0.4 0.4
2244 0.05850781503591213 0.4598150649888332 0.48167711997525475 0.4 0.4
2245 0.05850809290042556 0.4598245525872549 0.48166735451231946 0.4 0.4
2246 0.05850837039992116 0.4598340277069743 0.48165760189310447 0.4 0.4
2247 0.05850864753503484 0.45984349036977745 0.4816478620951878 0.4 0.4
2248 0.05850892430640108 0.4598529405974023 0.4816381350961966 0.4 0.4
2249 0.05850920071465308 0.45986237841154015 0.48162842087380675 0.4 0.4
2250 0.058509476760422556 0.4598718038338351 0.48161871940574236 0.4 0.4
2251 0.05850975244433997 0.4598812168858843 0.48160903066977573 0.4 0.4
2252 0.05851002776703435 0.4598906175892377 0.48159935464372783 0.4 0.4
2253 0.058510302729133434 0.45990000596539937 0.4815896913054672 0.4 0.4
2254 0.05851057733126346 0.4599093820358259 0.48158004063291066 0.4 0.4
2255 0.05851085157404951 0.45991874582192804 0.4815704026040223 0.4 0.4
2256 0.05851112545811513 0.45992809734506984 0.481560777196815 0.4 0.4
2257 0.0585113989840827 0.4599374366265694 0.4815511643893479 0.4 0.4
2258 0.058511672152573094 0.4599467636876982 0.4815415641597287 0.4 0.4
2259 0.05851194496420598 0.4599560785496825 0.48153197648611146 0.4 0.4
2260 0.05851221741959959 0.45996538123370184 0.4815224013466985 0.4 0.4
2261 0.05851248951937088 0.45997467176089074 0.4815128387197383 0.4 0.4
2262 0.058512761264135474 0.4599839501523376 0.48150328858352687 0.4 0.4
2263 0.05851303265450766 0.4599932164290856 0.48149375091640667 0.4 0.4
2264 0.05851330369110044 0.46000247061213223 0.4814842256967674 0.4 0.4
2265 0.058513574374525444 0.4600117127224301 0.4814747129030445 0.4 0.4
2266 0.05851384470539297 0.4600209427808862 0.48146521251372076 0.4 0.4
2267 0.05851411468431211 0.46003016080836273 0.4814557245073251 0.4 0.4
2268 0.058514384311890565 0.46003936682567714 0.4814462488624322 0.4 0.4
2269 0.05851465358873478 0.46004856085360146 0.4814367855576639 0.4 0.4
2270 0.05851492251544981 0.4600577429128635 0.4814273345716867 0.4 0.4
2271 0.05851519109263956 0.46006691302414643 0.48141789588321404 0.4 0.4
2272 0.05851545932090647 0.46007607120808897 0.4814084694710047 0.4 0.4
2273 0.05851572720085183 0.46008521748528525 0.481399055313863 0.4 0.4
2274 0.058515994733075595 0.4600943518762851 0.4813896533906393 0.4 0.4
2275 0.05851626191817637 0.460103474401595 0.48138026368022857 0.4 0.4
2276 0.058516528756751576 0.46011258508167624 0.48137088616157225 0.4 0.4
2277 0.05851679524939733 0.4601216839369471 0.4813615208136555 0.4 0.4
2278 0.058517061396708474 0.4601307709877815 0.48135216761551014 0.4 0.4
2279 0.058517327199278525 0.46013984625451015 0.48134282654621124 0.4 0.4
2280 0.05851759265769977 0.4601489097574199 0.4813334975848803 0.4 0.4
2281 0.058517857772563325 0.4601579615167545 0.4813241807106823 0.4 0.4
2282 0.05851812254445886 0.4601670015527133 0.4813148759028279 0.4 0.4
2283 0.05851838697397491 0.4601760298854538 0.4813055831405713 0.4 0.4
2284 0.058518651061698734 0.4601850465350896 0.48129630240321164 0.4 0.4
2285 0.05851891480821629 0.4601940515216914 0.4812870336700923 0.4 0.4
2286 0.05851917821411245 0.460203044865287 0.48127777692060053 0.4 0.4
2287 0.05851944127997058 0.46021202658586147 0.4812685321341679 0.4 0.4
2288 0.058519704006373054 0.46022099670335725 0.4812592992902696 0.4 0.4
2289 0.05851996639390082 0.46022995523767407 0.48125007836842515 0.4 0.4
2290 0.05852022844313369 0.4602389022086689 0.48124086934819726 0.4 0.4
2291 0.05852049015465026 0.460247837636157 0.4812316722091927 0.4 0.4
2292 0.058520751529027776 0.460256761539911 0.4812224869310611 0.4 0.4
2293 0.058521012566842424 0.46026567393966145 0.4812133134934961 0.4 0.4
2294 0.05852127326866905 0.4602745748550967 0.48120415187623417 0.4 0.4
2295 0.05852153363508125 0.46028346430586353 0.4811950020590552 0.4 0.4
2296 0.05852179366665153 0.46029234231156646 0.481185864021782 0.4 0.4
2297 0.058522053363951144 0.46030120889176857 0.4811767377442802 0.4 0.4
2298 0.058522312727550006 0.4603100640659914 0.48116762320645856 0.4 0.4
2299 0.05852257175801701 0.4603189078537147 0.48115852038826845 0.4 0.4
2300 0.058522830455919723 0.46032774027437695 0.4811494292697032 0.4 0.4
2301 0.058523088821824505 0.4603365613473754 0.48114034983080023 0.4 0.4
2302 0.05852334685629662 0.46034537109206614 0.4811312820516373 0.4 0.4
2303 0.0585236045599 0.4603541695277638 0.48112222591233617 0.4 0.4
2304 0.05852386193319754 0.46036295667374266 0.4811131813930598 0.4 0.4
2305 0.0585241189767508 0.4603717325492357 0.48110414847401356 0.4 0.4
2306 0.05852437569112024 0.46038049717343515 0.4810951271354447 0.4 0.4
2307 0.05852463207686506 0.46038925056549224 0.4810861173576427 0.4 0.4
2308 0.058524888134543394 0.46039799274451865 0.481077119120938 0.4 0.4
2309 0.05852514386471207 0.4604067237295846 0.48106813240570323 0.4 0.4
2310 0.058525399267926874 0.46041544353972047 0.4810591571923526 0.4 0.4
2311 0.05852565434474229 0.460424152193916 0.4810501934613416 0.4 0.4
2312 0.05852590909571175 0.4604328497111212 0.4810412411931671 0.4 0.4
2313 0.05852616352138736 0.4604415361102457 0.48103230036836714 0.4 0.4
2314 0.05852641762232025 0.4604502114101591 0.4810233709675206 0.4 0.4
2315 0.05852667139906027 0.46045887562969146 0.4810144529712482 0.4 0.4
2316 0.058526924852156194 0.46046752878763303 0.4810055463602109 0.4 0.4
2317 0.05852717798215553 0.4604761709027342 0.4809966511151103 0.4 0.4
2318 0.058527430789604706 0.4604848019937057 0.4809877672166896 0.4 0.4
2319 0.05852768327504904 0.4604934220792194 0.4809788946457317 0.4 0.4
2320 0.05852793543903263 0.4605020311779073 0.4809700333830602 0.4 0.4
2321 0.058528187282098444 0.460510629308362 0.4809611834095395 0.4 0.4
2322 0.058528438804788356 0.4605192164891377 0.480952344706074 0.4 0.4
2323 0.05852869000764306 0.46052779273874866 0.48094351725360823 0.4 0.4
2324 0.05852894089120214 0.46053635807567056 0.4809347010331273 0.4 0.4
2325 0.058529191456003965 0.4605449125183405 0.4809258960256555 0.4 0.4
2326 0.05852944170258592 0.46055345608515635 0.4809171022122576 0.4 0.4
2327 0.05852969163148417 0.4605619887944775 0.48090831957403835 0.4 0.4
2328 0.05852994124323376 0.4605705106646248 0.4808995480921414 0.4 0.4
2329 0.058530190538368644 0.4605790217138805 0.48089078774775074 0.4 0.4
2330 0.05853043951742169 0.4605875219604888 0.48088203852208955 0.4 0.4
2331 0.058530688180924516 0.460596011422655 0.48087330039642046 0.4 0.4
2332 0.05853093652940778 0.4606044901185469 0.4808645733520454 0.4 0.4
2333 0.058531184563400944 0.46061295806629377 0.4808558573703052 0.4 0.4
2334 0.05853143228343242 0.46062141528398703 0.4808471524325806 0.4 0.4
2335 0.05853167969002944 0.4606298617896801 0.48083845852029056 0.4 0.4
2336 0.058531926783718234 0.4606382976013889 0.4808297756148929 0.4 0.4
2337 0.05853217356502385 0.4606467227370909 0.4808211036978852 0.4 0.4
2338 0.05853242003447026 0.460655137214727 0.4808124427508027 0.4 0.4
2339 0.05853266619258036 0.46066354105219987 0.4808037927552196 0.4 0.4
2340 0.058532912039876005 0.46067193426737507 0.4807951536927489 0.4 0.4
2341 0.05853315757687782 0.46068031687808036 0.4807865255450419 0.4 0.4
2342 0.058533402804105496 0.4606886889021066 0.48077790829378786 0.4 0.4
2343 0.05853364772207757 0.46069705035720754 0.480769301920715 0.4 0.4
2344 0.05853389233131146 0.4607054012611 0.4807607064075885 0.4 0.4
2345 0.05853413663232366 0.46071374163146356 0.48075212173621285 0.4 0.4
2346 0.058534380625629365 0.46072207148594096 0.48074354788842966 0.4 0.4
2347 0.05853462431174291 0.46073039084213796 0.4807349848461192 0.4 0.4
2348 0.05853486769117744 0.46073869971762427 0.48072643259119835 0.4 0.4
2349 0.05853511076444505 0.46074699812993236 0.48071789110562246 0.4 0.4
2350 0.058535353532056834 0.4607552860965588 0.48070936037138434 0.4 0.4
2351 0.05853559599452273 0.46076356363496285 0.4807008403705144 0.4 0.4
2352 0.05853583815235172 0.46077183076256834 0.4806923310850801 0.4 0.4
2353 0.058536080006051636 0.46078008749676236 0.4806838324971859 0.4 0.4
2354 0.05853632155612929 0.46078833385489604 0.48067534458897465 0.4 0.4
2355 0.05853656280309051 0.46079656985428463 0.48066686734262476 0.4 0.4
2356 0.058536803747440046 0.460804795512207 0.480658400740353 0.4 0.4
2357 0.058537044389681395 0.4608130108459063 0.48064994476441236 0.4 0.4
2358 0.05853728473031733 0.46082121587258995 0.4806414993970926 0.4 0.4
2359 0.058537524769849525 0.46082941060942983 0.48063306462072064 0.4 0.4
2360 0.05853776450877842 0.4608375950735619 0.4806246404176596 0.4 0.4
2361 0.05853800394760355 0.4608457692820868 0.48061622677030963 0.4 0.4
2362 0.05853824308682343 0.4608539332520696 0.48060782366110694 0.4 0.4
2363 0.05853848192693552 0.46086208700054015 0.4805994310725244 0.4 0.4
2364 0.058538720468436264 0.46087023054449305 0.48059104898707067 0.4 0.4
2365 0.058538958711821056 0.4608783639008875 0.48058267738729155 0.4 0.4
2366 0.05853919665758432 0.46088648708664787 0.4805743162557678 0.4 0.4
2367 0.058539434306219384 0.4608946001186635 0.4805659655751171 0.4 0.4
2368 0.058539671658218634 0.4609027030137886 0.4805576253279928 0.4 0.4
2369 0.0585399087140734 0.4609107957888429 0.48054929549708364 0.4 0.4
2370 0.05854014547427398 0.46091887846061125 0.48054097606511476 0.4 0.4
2371 0.05854038193930975 0.46092695104584364 0.4805326670148466 0.4 0.4
2372 0.05854061810966897 0.4609350135612558 0.48052436832907525 0.4 0.4
2373 0.05854085398583895 0.4609430660235287 0.48051607999063234 0.4 0.4
2374 0.05854108956830601 0.4609511084493092 0.4805078019823848 0.4 0.4
2375 0.0585413248575555 0.4609591408552094 0.48049953428723524 0.4 0.4
2376 0.05854155985407162 0.46096716325780773 0.48049127688812066 0.4 0.4
2377 0.05854179455833774 0.46097517567364826 0.4804830297680139 0.4 0.4
2378 0.05854202897083621 0.4609831781192408 0.48047479290992307 0.4 0.4
2379 0.058542263092048304 0.46099117061106126 0.48046656629689044 0.4 0.4
2380 0.05854249692245439 0.46099915316555207 0.4804583499119936 0.4 0.4
2381 0.05854273046253386 0.46100712579912095 0.4804501437383452 0.4 0.4
2382 0.058542963712764996 0.46101508852814316 0.480441947759092 0.4 0.4
2383 0.05854319667362527 0.46102304136895894 0.4804337619574158 0.4 0.4
2384 0.05854342934559115 0.4610309843378762 0.4804255863165327 0.4 0.4
2385 0.058543661729137914 0.4610389174511685 0.48041742081969363 0.4 0.4
2386 0.058543893824740206 0.4610468407250763 0.48040926545018353 0.4 0.4
2387 0.05854412563287137 0.4610547541758069 0.48040112019132164 0.4 0.4
2388 0.05854435715400403 0.4610626578195341 0.48039298502646177 0.4 0.4
2389 0.05854458838860977 0.4610705516723989 0.48038485993899144 0.4 0.4
2390 0.0585448193371591 0.46107843575050855 0.4803767449123322 0.4 0.4
2391 0.05854505000012172 0.46108631006993833 0.4803686399299399 0.4 0.4
2392 0.05854528037796631 0.4610941746467297 0.480360544975304 0.4 0.4
2393 0.05854551047116058 0.46110202949689166 0.48035246003194776 0.4 0.4
2394 0.05854574028017131 0.4611098746364006 0.48034438508342814 0.4 0.4
2395 0.05854596980546429 0.46111771008120006 0.4803363201133357 0.4 0.4
2396 0.05854619904750441 0.4611255358472008 0.4803282651052948 0.4 0.4
2397 0.05854642800675559 0.4611333519502811 0.48032022004296315 0.4 0.4
2398 0.05854665668368081 0.46114115840628783 0.48031218491003136 0.4 0.4
2399 0.05854688507874207 0.4611489552310341 0.48030415969022383 0.4 0.4
2400 0.05854711319240052 0.46115674244030114 0.4802961443672983 0.4 0.4
2401 0.05854734102511626 0.46116452004983877 0.4802881389250449 0.4 0.4
2402 0.05854756857734855 0.46117228807536353 0.480280143347288 0.4 0.4
2403 0.058547795849555634 0.46118004653256073 0.4802721576178836 0.4 0.4
2404 0.05854802284219492 0.46118779543708366 0.4802641817207215 0.4 0.4
2405 0.05854824955572277 0.46119553480455316 0.48025621563972404 0.4 0.4
2406 0.05854847599059471 0.461203264650559 0.4802482593588463 0.4 0.4
2407 0.05854870214726534 0.46121098499065855 0.480240312862076 0.4 0.4
2408 0.05854892802618831 0.46121869584037845 0.48023237613343317 0.4 0.4
2409 0.058549153627816285 0.4612263972152126 0.4802244491569711 0.4 0.4
2410 0.05854937895260113 0.46123408913062425 0.48021653191677455 0.4 0.4
2411 0.05854960400099377 0.46124177160204505 0.48020862439696116 0.4 0.4
2412 0.05854982877344414 0.46124944464487505 0.4802007265816808 0.4 0.4
2413 0.05855005327040132 0.46125710827448324 0.48019283845511546 0.4 0.4
2414 0.05855027749231347 0.46126476250620774 0.4801849600014788 0.4 0.4
2415 0.058550501439627894 0.4612724073553548 0.48017709120501734 0.4 0.4
2416 0.05855072511279089 0.46128004283720025 0.48016923205000883 0.4 0.4
2417 0.058550948512247944 0.4612876689669886 0.48016138252076346 0.4 0.4
2418 0.05855117163844361 0.4612952857599337 0.4801535426016226 0.4 0.4
2419 0.058551394491821486 0.4613028932312188 0.48014571227695974 0.4 0.4
2420 0.05855161707282438 0.46131049139599567 0.4801378915311799 0.4 0.4
2421 0.05855183938189417 0.46131808026938625 0.4801300803487196 0.4 0.4
2422 0.05855206141947176 0.46132565986648133 0.4801222787140469 0.4 0.4
2423 0.0585522831859973 0.4613332302023413 0.4801144866116614 0.4 0.4
2424 0.058552504681909895 0.4613407912919962 0.480106704026094 0.4 0.4
2425 0.058552725907647936 0.4613483431504458 0.48009893094190637 0.4 0.4
2426 0.05855294686364887 0.46135588579265946 0.4800911673436918 0.4 0.4
2427 0.05855316755034919 0.46136341923357604 0.48008341321607484 0.4 0.4
2428 0.05855338796818454 0.46137094348810465 0.4800756685437107 0.4 0.4
2429 0.05855360811758974 0.46137845857112464 0.4800679333112856 0.4 0.4
2430 0.058553827998998734 0.4613859644974842 0.48006020750351697 0.4 0.4
2431 0.058554047612844495 0.4613934612820028 0.48005249110515275 0.4 0.4
2432 0.058554266959559294 0.46140094893946915 0.4800447841009717 0.4 0.4
2433 0.05855448603957433 0.4614084274846429 0.4800370864757828 0.4 0.4
2434 0.058554704853320094 0.4614158969322533 0.4800293982144265 0.4 0.4
2435 0.05855492340122617 0.4614233572970006 0.4800217193017732 0.4 0.4
2436 0.05855514168372126 0.461430808593555 0.48001404972272377 0.4 0.4
2437 0.058555359701233205 0.4614382508365576 0.48000638946220925 0.4 0.4
2438 0.05855557745418898 0.4614456840406197 0.4799987385051914 0.4 0.4
2439 0.05855579494301478 0.4614531082203233 0.47999109683666197 0.4 0.4
2440 0.05855601216813585 0.46146052339022126 0.47998346444164297 0.4 0.4
2441 0.0585562291299766 0.4614679295648373 0.47997584130518617 0.4 0.4
2442 0.05855644582896067 0.46147532675866565 0.4799682274123737 0.4 0.4
2443 0.058556662265510755 0.4614827149861718 0.47996062274831736 0.4 0.4
2444 0.058556878440048775 0.46149009426179194 0.47995302729815936 0.4 0.4
2445 0.05855709435299567 0.4614974645999335 0.47994544104707076 0.4 0.4
2446 0.05855731000477181 0.461504826014975 0.4799378639802532 0.4 0.4
2447 0.058557525395796464 0.4615121785212662 0.47993029608293747 0.4 0.4
2448 0.05855774052648815 0.4615195221331281 0.47992273734038365 0.4 0.4
2449 0.05855795539726461 0.4615268568648531 0.47991518773788233 0.4 0.4
2450 0.058558170008542625 0.46153418273070457 0.4799076472607528 0.4 0.4
2451 0.058558384360738305 0.4615414997449181 0.4799001158943436 0.4 0.4
2452 0.0585585984542668 0.4615488079217003 0.4798925936240329 0.4 0.4
2453 0.05855881228954244 0.4615561072752296 0.47988508043522793 0.4 0.4
2454 0.058559025866978885 0.46156339781965566 0.4798775763133654 0.4 0.4
2455 0.05855923918698872 0.46157067956910064 0.4798700812439106 0.4 0.4
2456 0.058559452249983907 0.4615779525376581 0.479862595212358 0.4 0.4
2457 0.05855966505637554 0.4615852167393932 0.4798551182042312 0.4 0.4
2458 0.058559877606573864 0.46159247218834376 0.47984765020508235 0.4 0.4
2459 0.058560089900988266 0.4615997188985186 0.4798401912004931 0.4 0.4
2460 0.05856030194002744 0.4616069568838998 0.4798327411760729 0.4 0.4
2461 0.05856051372409923 0.46161418615844074 0.47982530011745994 0.4 0.4
2462 0.05856072525361052 0.46162140673606716 0.4798178680103222 0.4 0.4
2463 0.058560936528967635 0.46162861863067745 0.4798104448403548 0.4 0.4
2464 0.05856114755057588 0.4616358218561421 0.4798030305932821 0.4 0.4
2465 0.05856135831883988 0.4616430164263037 0.47979562525485636 0.4 0.4
2466 0.058561568834163455 0.4616502023549778 0.47978822881085875 0.4 0.4
2467 0.058561779096949484 0.46165737965595216 0.47978084124709824 0.4 0.4
2468 0.05856198910760028 0.4616645483429878 0.47977346254941194 0.4 0.4
2469 0.05856219886651713 0.4616717084298171 0.4797660927036657 0.4 0.4
2470 0.058562408374100684 0.46167885993014646 0.4797587316957528 0.4 0.4
2471 0.05856261763075075 0.4616860028576547 0.47975137951159463 0.4 0.4
2472 0.058562826636866266 0.46169313722599303 0.4797440361371408 0.4 0.4
2473 0.05856303539284552 0.4617002630487862 0.4797367015583683 0.4 0.4
2474 0.05856324389908591 0.4617073803396316 0.47972937576128255 0.4 0.4
2475 0.0585634521559841 0.4617144891120999 0.479722058731916 0.4 0.4
2476 0.05856366016393598 0.4617215893797346 0.4797147504563295 0.4 0.4
2477 0.05856386792333654 0.46172868115605287 0.4797074509206106 0.4 0.4
2478 0.05856407543458018 0.4617357644545446 0.47970016011087524 0.4 0.4
2479 0.05856428269806037 0.4617428392886732 0.4796928780132665 0.4 0.4
2480 0.05856448971416985 0.46174990567187574 0.47968560461395454 0.4 0.4
2481 0.05856469648330064 0.4617569636175621 0.4796783398991372 0.4 0.4
2482 0.0585649030058439 0.4617640131391163 0.4796710838550398 0.4 0.4
2483 0.058565109282190074 0.46177105424989556 0.47966383646791444 0.4 0.4
2484 0.05856531531272879 0.46177808696323075 0.4796565977240405 0.4 0.4
2485 0.05856552109784896 0.4617851112924265 0.47964936760972454 0.4 0.4
2486 0.05856572663793875 0.4617921272507612 0.47964214611130007 0.4 0.4
2487 0.05856593193338542 0.46179913485148716 0.47963493321512735 0.4 0.4
2488 0.058566136984575703 0.4618061341078302 0.47962772890759403 0.4 0.4
2489 0.05856634179189533 0.46181312503299066 0.47962053317511405 0.4 0.4
2490 0.058566546355729436 0.46182010764014214 0.47961334600412847 0.4 0.4
2491 0.05856675067646231 0.461827081942433 0.4796061673811047 0.4 0.4
2492 0.058566954754477596 0.4618340479529852 0.4795989972925372 0.4 0.4
2493 0.05856715859015802 0.46184100568489506 0.47959183572494696 0.4 0.4
2494 0.058567362183885696 0.46184795515123345 0.47958468266488086 0.4 0.4
2495 0.05856756553604196 0.4618548963650449 0.4795775380989132 0.4 0.4
2496 0.058567768647007294 0.461861829339349 0.47957040201364376 0.4 0.4
2497 0.05856797151716164 0.46186875408713907 0.4795632743956994 0.4 0.4
2498 0.058568174146884 0.4618756706213836 0.47955615523173245 0.4 0.4
2499 0.05856837653655273 0.461882578955025 0.47954904450842223 0.4 0.4
2500 0.05856857868654542 0.46188947910098077 0.47954194221247376 0.4 0.4
2501 0.05856878059723896 0.4618963710721428 0.4795348483306183 0.4 0.4
2502 0.05856898226900939 0.4619032548813777 0.47952776284961285 0.4 0.4
2503 0.05856918370223216 0.4619101305415272 0.4795206857562406 0.4 0.4
2504 0.05856938489728194 0.4619169980654072 0.479513617037311 0.4 0.4
2505 0.05856958585453256 0.4619238574658091 0.4795065566796583 0.4 0.4
2506 0.058569786574357297 0.4619307087554989 0.47949950467014374 0.4 0.4
2507 0.058569987057128556 0.46193755194721814 0.4794924609956533 0.4 0.4
2508 0.05857018730321807 0.4619443870536828 0.4794854256430992 0.4 0.4
2509 0.058570387312996866 0.4619512140875841 0.479478398599419 0.4 0.4
2510 0.05857058708683521 0.46195803306158895 0.4794713798515758 0.4 0.4
2511 0.05857078662510267 0.4619648439883389 0.4794643693865584 0.4 0.4
2512 0.05857098592816811 0.4619716468804513 0.4794573671913806 0.4 0.4
2513 0.05857118499639958 0.4619784417505184 0.479450373253082 0.4 0.4
2514 0.058571383830164546 0.4619852286111082 0.47944338755872734 0.4 0.4
2515 0.058571582429829704 0.4619920074747639 0.47943641009540633 0.4 0.4
2516 0.058571780795760996 0.46199877835400477 0.47942944085023426 0.4 0.4
2517 0.0585719789283237 0.46200554126132515 0.4794224798103512 0.4 0.4
2518 0.05857217682788236 0.46201229620919504 0.4794155269629226 0.4 0.4
2519 0.05857237449480082 0.46201904321006054 0.4794085822951386 0.4 0.4
2520 0.05857257192944223 0.46202578227634317 0.4794016457942147 0.4 0.4
2521 0.05857276913216902 0.4620325134204404 0.4793947174473906 0.4 0.4
2522 0.05857296610334292 0.4620392366547255 0.4793877972419316 0.4 0.4
2523 0.058573162843324963 0.46204595199154774 0.47938088516512745 0.4 0.4
2524 0.05857335935247541 0.4620526594432324 0.4793739812042922 0.4 0.4
2525 0.05857355563115399 0.4620593590220807 0.4793670853467652 0.4 0.4
2526 0.05857375167971955 0.4620660507403702 0.4793601975799102 0.4 0.4
2527 0.0585739474985304 0.46207273461035425 0.47935331789111535 0.4 0.4
2528 0.058574143087943994 0.46207941064426267 0.4793464462677933 0.4 0.4
2529 0.05857433844831722 0.4620860788543014 0.4793395826973813 0.4 0.4
2530 0.05857453358000629 0.46209273925265293 0.4793327271673408 0.4 0.4
2531 0.05857472848336657 0.4620993918514757 0.4793258796651578 0.4 0.4
2532 0.0585749231587529 0.4621060366629051 0.4793190401783419 0.4 0.4
2533 0.05857511760651941 0.4621126736990526 0.479312208694428 0.4 0.4
2534 0.05857531182701943 0.46211930297200643 0.47930538520097404 0.4 0.4
2535 0.05857550582060573 0.4621259244938315 0.4792985696855627 0.4 0.4
2536 0.058575699587630335 0.46213253827656897 0.4792917621358007 0.4 0.4
2537 0.0585758931284446 0.46213914433223713 0.47928496253931824 0.4 0.4
2538 0.05857608644339927 0.46214574267283054 0.4792781708837701 0.4 0.4
2539 0.05857627953284432 0.4621523333103213 0.4792713871568345 0.4 0.4
2540 0.05857647239712906 0.46215891625665756 0.47926461134621334 0.4 0.4
2541 0.05857666503660221 0.46216549152376496 0.4792578434396328 0.4 0.4
2542 0.05857685745161172 0.4621720591235458 0.4792510834248425 0.4 0.4
2543 0.05857704964250489 0.4621786190678799 0.47924433128961524 0.4 0.4
2544 0.058577241609628426 0.46218517136862314 0.47923758702174846 0.4 0.4
2545 0.05857743335332831 0.46219171603760967 0.47923085060906206 0.4 0.4
2546 0.05857762487394982 0.46219825308665 0.4792241220394002 0.4 0.4
2547 0.05857781617183763 0.4622047825275325 0.47921740130063 0.4 0.4
2548 0.05857800724733572 0.4622113043720224 0.4792106883806419 0.4 0.4
2549 0.05857819810078743 0.4622178186318621 0.4792039832673504 0.4 0.4
2550 0.05857838873253543 0.46222432531877217 0.4791972859486924 0.4 0.4
2551 0.058578579142921756 0.4622308244444497 0.47919059641262857 0.4 0.4
2552 0.05857876933228771 0.4622373160205701 0.4791839146471422 0.4 0.4
2553 0.058578959300974016 0.46224380005878557 0.4791772406402403 0.4 0.4
2554 0.05857914904932078 0.4622502765707264 0.4791705743799528 0.4 0.4
2555 0.058579338577667305 0.4622567455680005 0.47916391585433216 0.4 0.4
2556 0.05857952788635241 0.46226320706219326 0.4791572650514543 0.4 0.4
2557 0.05857971697571414 0.46226966106486794 0.4791506219594179 0.4 0.4
2558 0.058579905846089936 0.4622761075875658 0.47914398656634427 0.4 0.4
2559 0.05858009449781663 0.4622825466418055 0.4791373588603778 0.4 0.4
2560 0.058580282931230375 0.46228897823908394 0.47913073882968565 0.4 0.4
2561 0.058580471146666695 0.4622954023908761 0.47912412646245733 0.4 0.4
2562 0.05858065914446042 0.4623018191086346 0.47911752174690503 0.4 0.4
2563 0.05858084692494583 0.46230822840379 0.47911092467126415 0.4 0.4
2564 0.05858103448845648 0.4623146302877518 0.47910433522379176 0.4 0.4
2565 0.058581221835325374 0.46232102477190684 0.47909775339276783 0.4 0.4
2566 0.05858140896588473 0.4623274118676204 0.47909117916649485 0.4 0.4
2567 0.05858159588046635 0.46233379158623616 0.4790846125332975 0.4 0.4
2568 0.05858178257940123 0.462340163939076 0.4790780534815228 0.4 0.4
2569 0.058581969063019775 0.46234652893744016 0.47907150199954013 0.4 0.4
2570 0.058582155331651814 0.46235288659260704 0.47906495807574123 0.4 0.4
2571 0.05858234138562648 0.462359236915834 0.4790584216985394 0.4 0.4
2572 0.058582527225272324 0.4623655799183566 0.479051892856371 0.4 0.4
2573 0.058582712850917235 0.46237191561138913 0.47904537153769355 0.4 0.4
2574 0.05858289826288852 0.46237824400612415 0.47903885773098737 0.4 0.4
2575 0.05858308346151282 0.4623845651137328 0.4790323514247543 0.4 0.4
2576 0.05858326844711616 0.4623908789453658 0.479025852607518 0.4 0.4
2577 0.05858345322002402 0.4623971855121516 0.47901936126782435 0.4 0.4
2578 0.05858363778056116 0.46240348482519816 0.47901287739424075 0.4 0.4
2579 0.05858382212905172 0.46240977689559165 0.4790064009753567 0.4 0.4
2580 0.05858400626581934 0.46241606173439764 0.47899993199978297 0.4 0.4
2581 0.05858419019118694 0.4624223393526603 0.4789934704561527 0.4 0.4
2582 0.058584373905476834 0.4624286097614033 0.4789870163331198 0.4 0.4
2583 0.058584557409010835 0.4624348729716288 0.4789805696193605 0.4 0.4
2584 0.05858474070210995 0.46244112899431805 0.4789741303035719 0.4 0.4
2585 0.05858492378509478 0.462447377840432 0.4789676983744732 0.4 0.4
2586 0.05858510665828513 0.4624536195209102 0.4789612738208048 0.4 0.4
2587 0.058585289322000404 0.4624598540466716 0.478954856631328 0.4 0.4
2588 0.0585854717765592 0.46246608142861456 0.47894844679482634 0.4 0.4
2589 0.05858565402227964 0.4624723016776167 0.4789420443001036 0.4 0.4
2590 0.0585858360594792 0.46247851480453467 0.47893564913598613 0.4 0.4
2591 0.0585860178884748 0.4624847208202054 0.47892926129131985 0.4 0.4
2592 0.058586199509582666 0.46249091973544415 0.4789228807549732 0.4 0.4
2593 0.0585863809231185 0.46249711156104656 0.478916507515835 0.4 0.4
2594 0.05858656212939738 0.46250329630778747 0.47891014156281514 0.4 0.4
2595 0.05858674312873388 0.46250947398642134 0.47890378288484475 0.4 0.4
2596 0.058586923921441804 0.4625156446076824 0.4788974314708757 0.4 0.4
2597 0.058587104507834484 0.4625218081822843 0.4788910873098813 0.4 0.4
2598 0.05858728488822467 0.46252796472092084 0.4788847503908545 0.4 0.4
2599 0.05858746506292441 0.46253411423426505 0.4788784207028105 0.4 0.4
2600 0.05858764503224535 0.4625402567329706 0.4788720982347841 0.4 0.4
2601 0.05858782479649834 0.4625463922276699 0.47886578297583166 0.4 0.4
2602 0.0585880043559938 0.46255252072897646 0.4788594749150298 0.4 0.4
2603 0.05858818371104151 0.4625586422474832 0.4788531740414753 0.4 0.4
2604 0.058588362861950585 0.462564756793763 0.47884688034428646 0.4 0.4
2605 0.05858854180902971 0.4625708643783686 0.4788405938126017 0.4 0.4
2606 0.05858872055258696 0.46257696501183365 0.4788343144355795 0.4 0.4
2607 0.058588899092929664 0.46258305870467087 0.4788280422023995 0.4 0.4
2608 0.0585890774303648 0.4625891454673741 0.4788217771022611 0.4 0.4
2609 0.058589255565198624 0.46259522531041686 0.4788155191243846 0.4 0.4
2610 0.05858943349773687 0.4626012982442532 0.47880926825800996 0.4 0.4
2611 0.058589611228284696 0.4626073642793175 0.47880302449239787 0.4 0.4
2612 0.0585897887571466 0.4626134234260242 0.4787967878168292 0.4 0.4
2613 0.05858996608462667 0.4626194756947687 0.4787905582206047 0.4 0.4
2614 0.05859014321102833 0.46262552109592625 0.4787843356930454 0.4 0.4
2615 0.05859032013665442 0.46263155963985303 0.4787781202234926 0.4 0.4
2616 0.05859049686180722 0.4626375913368857 0.4787719118013071 0.4 0.4
2617 0.0585906733867885 0.4626436161973413 0.47876571041587024 0.4 0.4
2618 0.0585908497118994 0.4626496342315177 0.4787595160565828 0.4 0.4
2619 0.0585910258374405 0.46265564544969356 0.478753328712866 0.4 0.4
2620 0.05859120176371187 0.4626616498621277 0.4787471483741603 0.4 0.4
2621 0.058591377491013 0.46266764747906064 0.47874097502992635 0.4 0.4
2622 0.05859155301964276 0.4626736383107127 0.47873480866964463 0.4 0.4
2623 0.05859172834989953 0.4626796223672855 0.4787286492828149 0.4 0.4
2624 0.058591903482081084 0.46268559965896205 0.4787224968589569 0.4 0.4
2625 0.05859207841648468 0.4626915701959053 0.47871635138761004 0.4 0.4
2626 0.05859225315340703 0.4626975339882599 0.47871021285833315 0.4 0.4
2627 0.05859242769314422 0.4627034910461512 0.4787040812607045 0.4 0.4
2628 0.05859260203599185 0.46270944137968595 0.4786979565843222 0.4 0.4
2629 0.05859277618224497 0.46271538499895154 0.47869183881880345 0.4 0.4
2630 0.058592950132198014 0.4627213219140167 0.47868572795378533 0.4 0.4
2631 0.05859312388614492 0.4627272521349316 0.47867962397892344 0.4 0.4
2632 0.058593297444379105 0.4627331756717275 0.47867352688389353 0.4 0.4
2633 0.05859347080719332 0.46273909253441636 0.47866743665839023 0.4 0.4
2634 0.05859364397487998 0.4627450027329925 0.4786613532921275 0.4 0.4
2635 0.05859381694773071 0.4627509062774308 0.4786552767748385 0.4 0.4
2636 0.058593989726036765 0.46275680317768786 0.47864920709627534 0.4 0.4
2637 0.05859416231008882 0.4627626934437016 0.4786431442462096 0.4 0.4
2638 0.05859433470017694 0.4627685770853916 0.4786370882144315 0.4 0.4
2639 0.05859450689659073 0.46277445411265855 0.47863103899075066 0.4 0.4
2640 0.05859467889961925 0.4627803245353852 0.47862499656499546 0.4 0.4
2641 0.05859485070955097 0.46278618836343577 0.4786189609270132 0.4 0.4
2642 0.05859502232667388 0.462792045606656 0.4786129320666702 0.4 0.4
2643 0.058595193751275435 0.4627978962748733 0.4786069099738512 0.4 0.4
2644 0.0585953649836425 0.46280374037789684 0.47860089463846067 0.4 0.4
2645 0.05859553602406142 0.4628095779255177 0.4785948860504209 0.4 0.4
2646 0.05859570687281807 0.4628154089275086 0.4785888841996733 0.4 0.4
2647 0.058595877530197724 0.4628212333936241 0.47858288907617813 0.4 0.4
2648 0.058596047996485226 0.46282705133360086 0.4785769006699139 0.4 0.4
2649 0.05859621827196471 0.46283286275715724 0.47857091897087795 0.4 0.4
2650 0.05859638835692002 0.46283866767399373 0.4785649439690862 0.4 0.4
2651 0.058596558251634276 0.46284446609379276 0.478558975654573 0.4 0.4
2652 0.05859672795639022 0.4628502580262187 0.4785530140173911 0.4 0.4
2653 0.058596897471469914 0.4628560434809183 0.47854705904761186 0.4 0.4
2654 0.05859706679715509 0.4628618224675198 0.4785411107353252 0.4 0.4
2655 0.058597235933726746 0.46286759499563446 0.4785351690706387 0.4 0.4
2656 0.058597404881465524 0.4628733610748555 0.478529234043679 0.4 0.4
2657 0.05859757364065155 0.46287912071475773 0.47852330564459067 0.4 0.4
2658 0.058597742211564254 0.46288487392489924 0.4785173838635364 0.4 0.4
2659 0.0585979105944828 0.46289062071481984 0.4785114686906974 0.4 0.4
2660 0.058598078789685606 0.4628963610940416 0.4785055601162729 0.4 0.4
2661 0.05859824679745074 0.4629020950720693 0.47849965813048007 0.4 0.4
2662 0.058598414618055705 0.46290782265839014 0.4784937627235541 0.4 0.4
2663 0.05859858225177745 0.4629135438624739 0.47848787388574865 0.4 0.4
2664 0.05859874969889247 0.46291925869377243 0.47848199160733507 0.4 0.4
2665 0.058598916959676714 0.4629249671617207 0.4784761158786026 0.4 0.4
2666 0.058599084034405655 0.46293066927573573 0.4784702466898586 0.4 0.4
2667 0.058599250923354246 0.4629363650452176 0.47846438403142805 0.4 0.4
2668 0.0585994176267969 0.4629420544795491 0.478458527893654 0.4 0.4
2669 0.058599584145007606 0.46294773758809526 0.4784526782668971 0.4 0.4
2670 0.058599750478259764 0.4629534143802041 0.47844683514153613 0.4 0.4
2671 0.058599916626826315 0.46295908486520687 0.47844099850796684 0.4 0.4
2672 0.05860008259097966 0.4629647490524169 0.47843516835660355 0.4 0.4
2673 0.05860024837099181 0.462970406951131 0.4784293446778772 0.4 0.4
2674 0.05860041396713412 0.4629760585706284 0.47842352746223754 0.4 0.4
2675 0.05860057937967753 0.4629817039201715 0.47841771670015093 0.4 0.4
2676 0.05860074460889249 0.4629873430090059 0.4784119123821016 0.4 0.4
2677 0.058600909655048945 0.4629929758463597 0.47840611449859133 0.4 0.4
2678 0.05860107451841637 0.46299860244144453 0.47840032304013913 0.4 0.4
2679 0.058601239199263695 0.46300422280345477 0.4783945379972816 0.4 0.4
2680 0.05860140369785936 0.4630098369415681 0.47838875936057257 0.4 0.4
2681 0.05860156801447132 0.4630154448649455 0.47838298712058314 0.4 0.4
2682 0.058601732149367085 0.4630210465827308 0.47837722126790216 0.4 0.4
2683 0.05860189610281365 0.4630266421040513 0.47837146179313494 0.4 0.4
2684 0.05860205987507745 0.4630322314380175 0.47836570868690503 0.4 0.4
2685 0.05860222346642458 0.4630378145937232 0.47835996193985225 0.4 0.4
2686 0.05860238687712051 0.46304339158024566 0.47835422154263385 0.4 0.4
2687 0.058602550107430304 0.4630489624066454 0.4783484874859243 0.4 0.4
2688 0.0586027131576185 0.4630545270819664 0.4783427597604151 0.4 0.4
2689 0.058602876027949155 0.4630600856152363 0.4783370383568145 0.4 0.4
2690 0.05860303871868593 0.46306563801546563 0.47833132326584843 0.4 0.4
2691 0.058603201230091835 0.46307118429164906 0.4783256144782591 0.4 0.4
2692 0.058603363562429615 0.4630767244527646 0.47831991198480583 0.4 0.4
2693 0.058603525715961315 0.4630822585077739 0.4783142157762649 0.4 0.4
2694 0.05860368769094863 0.46308778646562204 0.47830852584342937 0.4 0.4
2695 0.05860384948765281 0.46309330833523826 0.478302842177109 0.4 0.4
2696 0.05860401110633453 0.463098824125535 0.4782971647681305 0.4 0.4
2697 0.05860417254725405 0.4631043338454086 0.4782914936073374 0.4 0.4
2698 0.05860433381067111 0.4631098375037393 0.47828582868558966 0.4 0.4
2699 0.05860449489684504 0.4631153351093911 0.47828016999376394 0.4 0.4
2700 0.058604655806034654 0.4631208266712117 0.4782745175227537 0.4 0.4
2701 0.05860481653849832 0.4631263121980329 0.4782688712634688 0.4 0.4
2702 0.05860497709449392 0.4631317916986703 0.4782632312068357 0.4 0.4
2703 0.05860513747427887 0.4631372651819235 0.4782575973437977 0.4 0.4
2704 0.05860529767811013 0.463142732656576 0.47825196966531386 0.4 0.4
2705 0.05860545770624414 0.4631481941313955 0.4782463481623604 0.4 0.4
2706 0.05860561755893697 0.46315364961513344 0.47824073282592966 0.4 0.4
2707 0.058605777236444154 0.46315909911652575 0.47823512364703 0.4 0.4
2708 0.05860593673902079 0.46316454264429247 0.4782295206166868 0.4 0.4
2709 0.05860609606692149 0.463169980207137 0.4782239237259415 0.4 0.4
2710 0.05860625522040043 0.46317541181374844 0.4782183329658512 0.4 0.4
2711 0.058606414199711285 0.4631808374727985 0.4782127483274902 0.4 0.4
2712 0.05860657300510738 0.4631862571929442 0.4782071698019484 0.4 0.4
2713 0.05860673163684139 0.4631916709828267 0.47820159738033186 0.4 0.4
2714 0.05860689009516575 0.4631970788510712 0.47819603105376307 0.4 0.4
2715 0.05860704838033228 0.46320248080628734 0.4781904708133804 0.4 0.4
2716 0.05860720649259242 0.46320787685706954 0.478184916650338 0.4 0.4
2717 0.058607364432197086 0.4632132670119961 0.47817936855580684 0.4 0.4
2718 0.05860752219939682 0.46321865127963024 0.4781738265209729 0.4 0.4
2719 0.058607679794441675 0.46322402966851944 0.47816829053703885 0.4 0.4
2720 0.05860783721758128 0.4632294021871957 0.478162760595223 0.4 0.4
2721 0.0586079944690648 0.46323476884417564 0.4781572366867596 0.4 0.4
2722 0.058608151549140834 0.4632401296479606 0.4781517188028985 0.4 0.4
2723 0.05860830845805776 0.46324548460703646 0.4781462069349058 0.4 0.4
2724 0.058608465196063296 0.4632508337298737 0.47814070107406303 0.4 0.4
2725 0.0586086217634049 0.46325617702492766 0.47813520121166747 0.4 0.4
2726 0.058608778160329375 0.4632615145006381 0.4781297073390325 0.4 0.4
2727 0.05860893438708328 0.4632668461654303 0.47812421944748634 0.4 0.4
2728 0.05860909044391261 0.46327217202771337 0.47811873752837414 0.4 0.4
2729 0.05860924633106293 0.46327749209588187 0.4781132615730553 0.4 0.4
2730 0.05860940204877938 0.46328280637831487 0.4781077915729057 0.4 0.4
2731 0.058609557597306745 0.4632881148833769 0.4781023275193164 0.4 0.4
2732 0.05860971297688917 0.4632934176194167 0.47809686940369417 0.4 0.4
2733 0.05860986818777053 0.4632987145947685 0.47809141721746107 0.4 0.4
2734 0.05861002323019419 0.46330400581775133 0.47808597095205446 0.4 0.4
2735 0.05861017810440315 0.4633092912966693 0.4780805305989275 0.4 0.4
2736 0.058610332810639876 0.4633145710398116 0.47807509614954863 0.4 0.4
2737 0.05861048734914639 0.46331984505545226 0.47806966759540137 0.4 0.4
2738 0.058610641720164426 0.46332511335185095 0.47806424492798466 0.4 0.4
2739 0.05861079592393514 0.4633303759372521 0.4780588281388128 0.4 0.4
2740 0.05861094996069932 0.4633356328198852 0.4780534172194155 0.4 0.4
2741 0.0586111038306973 0.4633408840079654 0.47804801216133724 0.4 0.4
2742 0.058611257534169015 0.4633461295096928 0.47804261295613815 0.4 0.4
2743 0.058611411071353876 0.46335136933325316 0.47803721959539297 0.4 0.4
2744 0.05861156444249104 0.46335660348681684 0.47803183207069216 0.4 0.4
2745 0.058611717647818994 0.46336183197854025 0.4780264503736408 0.4 0.4
2746 0.05861187068757605 0.4633670548165648 0.4780210744958591 0.4 0.4
2747 0.05861202356199995 0.46337227200901754 0.47801570442898245 0.4 0.4
2748 0.05861217627132806 0.4633774835640107 0.47801034016466126 0.4 0.4
2749 0.05861232881579723 0.4633826894896423 0.4780049816945604 0.4 0.4
2750 0.058612481195644016 0.4633878897939955 0.4779996290103606 0.4 0.4
2751 0.05861263341110448 0.4633930844851393 0.4779942821037563 0.4 0.4
2752 0.058612785462414274 0.463398273571128 0.47798894096645766 0.4 0.4
2753 0.058612937349808616 0.463403457060002 0.47798360559018943 0.4 0.4
2754 0.05861308907352235 0.4634086349597866 0.477978275966691 0.4 0.4
2755 0.058613240633789844 0.4634138072784933 0.4779729520877168 0.4 0.4
2756 0.05861339203084508 0.4634189740241193 0.4779676339450356 0.4 0.4
2757 0.05861354326492163 0.4634241352046469 0.4779623215304314 0.4 0.4
2758 0.05861369433625261 0.46342929082804524 0.47795701483570224 0.4 0.4
2759 0.058613845245070774 0.46343444090226804 0.4779517138526613 0.4 0.4
2760 0.05861399599160841 0.46343958543525554 0.477946418573136 0.4 0.4
2761 0.058614146576097426 0.46344472443493373 0.47794112898896884 0.4 0.4
2762 0.05861429699876933 0.4634498579092145 0.4779358450920162 0.4 0.4
2763 0.058614447259855186 0.46345498586599526 0.4779305668741495 0.4 0.4
2764 0.058614597359585616 0.46346010831316 0.47792529432725434 0.4 0.4
2765 0.058614747298190946 0.4634652252585782 0.47792002744323087 0.4 0.4
2766 0.05861489707590094 0.4634703367101054 0.47791476621399365 0.4 0.4
2767 0.05861504669294508 0.4634754426755832 0.47790951063147163 0.4 0.4
2768 0.0586151961495524 0.4634805431628395 0.47790426068760816 0.4 0.4
2769 0.05861534544595151 0.4634856381796877 0.47789901637436083 0.4 0.4
2770 0.058615494582370586 0.4634907277339277 0.47789377768370167 0.4 0.4
2771 0.058615643559037534 0.4634958118333457 0.47788854460761676 0.4 0.4
2772 0.0586157923761797 0.46350089048571386 0.47788331713810644 0.4 0.4
2773 0.05861594103402403 0.4635059636987905 0.4778780952671855 0.4 0.4
2774 0.05861608953279727 0.4635110314803201 0.4778728789868826 0.4 0.4
2775 0.0586162378727255 0.46351609383803366 0.4778676682892409 0.4 0.4
2776 0.05861638605403453 0.4635211507796483 0.47786246316631725 0.4 0.4
2777 0.05861653407694982 0.4635262023128673 0.4778572636101829 0.4 0.4
2778 0.05861668194169632 0.46353124844538063 0.477852069612923 0.4 0.4
2779 0.05861682964849864 0.46353628918486445 0.47784688116663687 0.4 0.4
2780 0.058616977197581 0.4635413245389813 0.47784169826343764 0.4 0.4
2781 0.05861712458916721 0.4635463545153804 0.47783652089545237 0.4 0.4
2782 0.058617271823480664 0.4635513791216969 0.4778313490548225 0.4 0.4
2783 0.058617418900744366 0.4635563983655528 0.4778261827337028 0.4 0.4
2784 0.058617565821181 0.4635614122545568 0.47782102192426207 0.4 0.4
2785 0.05861771258501273 0.4635664207963039 0.4778158666186833 0.4 0.4
2786 0.05861785919246146 0.46357142399837553 0.47781071680916304 0.4 0.4
2787 0.058618005643748576 0.46357642186834 0.4778055724879113 0.4 0.4
2788 0.05861815193909518 0.4635814144137521 0.47780043364715274 0.4 0.4
2789 0.0586182980787219 0.46358640164215337 0.47779530027912476 0.4 0.4
2790 0.058618444062849065 0.46359138356107193 0.4777901723760791 0.4 0.4
2791 0.058618589891696486 0.4635963601780227 0.47778504993028076 0.4 0.4
2792 0.058618735565483755 0.4636013315005074 0.4777799329340088 0.4 0.4
2793 0.05861888108442995 0.4636062975360142 0.4777748213795558 0.4 0.4
2794 0.05861902644875376 0.46361125829201866 0.4777697152592275 0.4 0.4
2795 0.058619171658673606 0.46361621377598256 0.47776461456534375 0.4 0.4
2796 0.05861931671440743 0.4636211639953551 0.47775951929023763 0.4 0.4
2797 0.05861946161617275 0.46362610895757156 0.4777544294262558 0.4 0.4
2798 0.05861960636418682 0.4636310486700551 0.47774934496575816 0.4 0.4
2799 0.058619750958666436 0.46363598314021504 0.47774426590111857 0.4 0.4
2800 0.05861989539982801 0.46364091237544813 0.4777391922247238 0.4 0.4
2801 0.058620039687887655 0.46364583638313805 0.47773412392897424 0.4 0.4
2802 0.05862018382306103 0.4636507551706553 0.4777290610062836 0.4 0.4
2803 0.0586203278055634 0.46365566874535746 0.47772400344907906 0.4 0.4
2804 0.05862047163560966 0.46366057711458936 0.47771895124980096 0.4 0.4
2805 0.05862061531341437 0.46366548028568266 0.47771390440090294 0.4 0.4
2806 0.05862075883919178 0.4636703782659567 0.47770886289485165 0.4 0.4
2807 0.05862090221315558 0.4636752710627173 0.4777038267241272 0.4 0.4
2808 0.05862104543551918 0.4636801586832578 0.47769879588122305 0.4 0.4
2809 0.0586211885064957 0.4636850411348587 0.4776937703586457 0.4 0.4
2810 0.058621331426297746 0.46368991842478785 0.4776887501489144 0.4 0.4
2811 0.058621474195137614 0.4636947905603004 0.47768373524456204 0.4 0.4
2812 0.058621616813227265 0.4636996575486382 0.4776787256381345 0.4 0.4
2813 0.05862175928077825 0.46370451939703133 0.4776737213221904 0.4 0.4
2814 0.05862190159800173 0.4637093761126966 0.47766872228930174 0.4 0.4
2815 0.05862204376510851 0.46371422770283827 0.47766372853205313 0.4 0.4
2816 0.0586221857823091 0.4637190741746482 0.47765874004304276 0.4 0.4
2817 0.05862232764981348 0.46372391553530534 0.47765375681488115 0.4 0.4
2818 0.058622469367831456 0.4637287517919766 0.477648778840192 0.4 0.4
2819 0.058622610936572325 0.46373358295181594 0.4776438061116119 0.4 0.4
2820 0.058622752356245096 0.46373840902196467 0.4776388386217902 0.4 0.4
2821 0.058622893627058394 0.46374323000955237 0.4776338763633894 0.4 0.4
2822 0.058623034749220426 0.46374804592169544 0.47762891932908413 0.4 0.4
2823 0.058623175722939104 0.46375285676549804 0.4776239675115628 0.4 0.4
2824 0.05862331654842194 0.46375766254805223 0.4776190209035257 0.4 0.4
2825 0.05862345722587617 0.46376246327643755 0.4776140794976863 0.4 0.4
2826 0.05862359775550853 0.463767258957721 0.4776091432867706 0.4 0.4
2827 0.058623738137525465 0.4637720495989572 0.4776042122635173 0.4 0.4
2828 0.058623878372133106 0.4637768352071891 0.47759928642067767 0.4 0.4
2829 0.05862401845953719 0.4637816157894469 0.47759436575101594 0.4 0.4
2830 0.05862415839994302 0.4637863913527483 0.4775894502473086 0.4 0.4
2831 0.05862429819355567 0.4637911619040994 0.4775845399023449 0.4 0.4
2832 0.05862443784057975 0.46379592745049364 0.4775796347089265 0.4 0.4
2833 0.058624577341219626 0.46380068799891294 0.4775747346598675 0.4 0.4
2834 0.05862471669567922 0.46380544355632597 0.47756983974799494 0.4 0.4
2835 0.05862485590416208 0.4638101941296903 0.47756494996614746 0.4 0.4
2836 0.0586249949668715 0.4638149397259512 0.47756006530717726 0.4 0.4
2837 0.05862513388401032 0.46381968035204135 0.47755518576394823 0.4 0.4
2838 0.058625272655781144 0.46382441601488233 0.4775503113293365 0.4 0.4
2839 0.05862541128238613 0.4638291467213825 0.4775454419962314 0.4 0.4
2840 0.05862554976402705 0.46383387247843916 0.4775405777575337 0.4 0.4
2841 0.05862568810090548 0.46383859329293764 0.47753571860615684 0.4 0.4
2842 0.05862582629322255 0.46384330917175076 0.47753086453502674 0.4 0.4
2843 0.058625964341178956 0.4638480201217398 0.47752601553708135 0.4 0.4
2844 0.05862610224497524 0.4638527261497541 0.4775211716052707 0.4 0.4
2845 0.05862624000481143 0.46385742726263113 0.47751633273255756 0.4 0.4
2846 0.05862637762088732 0.4638621234671964 0.4775114989119162 0.4 0.4
2847 0.05862651509340229 0.463866814770264 0.47750667013633374 0.4 0.4
2848 0.05862665242255541 0.46387150117863574 0.47750184639880894 0.4 0.4
2849 0.058626789608545386 0.46387618269910186 0.4774970276923529 0.4 0.4
2850 0.058626926651570564 0.46388085933844075 0.4774922140099886 0.4 0.4
2851 0.05862706355182901 0.4638855311034196 0.47748740534475137 0.4 0.4
2852 0.05862720030951843 0.4638901980007933 0.4774826016896882 0.4 0.4
2853 0.0586273369248361 0.46389486003730523 0.47747780303785875 0.4 0.4
2854 0.05862747339797908 0.4638995172196872 0.4774730093823339 0.4 0.4
2855 0.058627609729144 0.46390416955465924 0.4774682207161967 0.4 0.4
2856 0.05862774591852724 0.46390881704893017 0.47746343703254246 0.4 0.4
2857 0.05862788196632476 0.463913459709197 0.47745865832447826 0.4 0.4
2858 0.05862801787273221 0.463918097542145 0.4774538845851228 0.4 0.4
2859 0.058628153637944866 0.46392273055444816 0.47744911580760696 0.4 0.4
2860 0.058628289262157754 0.4639273587527688 0.47744435198507335 0.4 0.4
2861 0.05862842474556554 0.46393198214375825 0.4774395931106763 0.4 0.4
2862 0.05862856008836247 0.46393660073405557 0.47743483917758195 0.4 0.4
2863 0.058628695290742563 0.4639412145302891 0.47743009017896837 0.4 0.4
2864 0.05862883035289944 0.46394582353907504 0.47742534610802534 0.4 0.4
2865 0.05862896527502642 0.4639504277670194 0.4774206069579542 0.4 0.4
2866 0.05862910005731646 0.46395502722071563 0.47741587272196784 0.4 0.4
2867 0.058629234699962264 0.4639596219067462 0.4774111433932916 0.4 0.4
2868 0.058629369203156034 0.4639642118316828 0.47740641896516123 0.4 0.4
2869 0.058629503567089875 0.46396879700208504 0.4774016994308251 0.4 0.4
2870 0.05862963779195533 0.4639733774245018 0.4773969847835429 0.4 0.4
2871 0.058629771877943826 0.4639779531054705 0.47739227501658577 0.4 0.4
2872 0.05862990582524629 0.46398252405151724 0.4773875701232365 0.4 0.4
2873 0.05863003963405342 0.4639870902691573 0.47738287009678915 0.4 0.4
2874 0.05863017330455558 0.4639916517648945 0.4773781749305499 0.4 0.4
2875 0.05863030683694279 0.46399620854522156 0.4773734846178357 0.4 0.4
2876 0.05863044023140467 0.46400076061662004 0.47736879915197533 0.4 0.4
2877 0.05863057348813067 0.46400530798556033 0.4773641185263089 0.4 0.4
2878 0.058630706607309804 0.46400985065850203 0.477359442734188 0.4 0.4
2879 0.058630839589130804 0.4640143886418937 0.4773547717689755 0.4 0.4
2880 0.058630972433782055 0.4640189219421719 0.47735010562404606 0.4 0.4
2881 0.05863110514145164 0.4640234505657636 0.4773454442927848 0.4 0.4
2882 0.0586312377123273 0.4640279745190839 0.4773407877685889 0.4 0.4
2883 0.058631370146596494 0.46403249380853706 0.4773361360448664 0.4 0.4
2884 0.058631502444446336 0.46403700844051665 0.47733148911503703 0.4 0.4
2885 0.05863163460606359 0.46404151842140484 0.4773268469725317 0.4 0.4
2886 0.058631766631634746 0.46404602375757337 0.4773222096107919 0.4 0.4
2887 0.058631898521345996 0.4640505244553829 0.4773175770232711 0.4 0.4
2888 0.05863203027538315 0.46405502052118325 0.47731294920343365 0.4 0.4
2889 0.058632161893931764 0.4640595119613134 0.4773083261447548 0.4 0.4
2890 0.058632293377176965 0.4640639987821017 0.47730370784072146 0.4 0.4
2891 0.05863242472530376 0.46406848098986514 0.4772990942848312 0.4 0.4
2892 0.05863255593849667 0.46407295859091063 0.4772944854705928 0.4 0.4
2893 0.05863268701693992 0.46407743159153403 0.47728988139152606 0.4 0.4
2894 0.058632817960817527 0.46408189999802024 0.47728528204116216 0.4 0.4
2895 0.058632948770313074 0.4640863638166439 0.4772806874130428 0.4 0.4
2896 0.05863307944560995 0.46409082305366883 0.47727609750072114 0.4 0.4
2897 0.058633209986891144 0.4640952777153479 0.477271512297761 0.4 0.4
2898 0.058633340394339345 0.46409972780792375 0.4772669317977369 0.4 0.4
2899 0.05863347066813689 0.464104173337628 0.4772623559942351 0.4 0.4
2900 0.058633600808465976 0.4641086143106821 0.47725778488085185 0.4 0.4
2901 0.058633730815508295 0.4641130507332966 0.4772532184511951 0.4 0.4
2902 0.05863386068944539 0.46411748261167163 0.47724865669888306 0.4 0.4
2903 0.058633990430458346 0.4641219099519968 0.47724409961754494 0.4 0.4
2904 0.058634120038728005 0.4641263327604512 0.4772395472008209 0.4 0.4
2905 0.05863424951443499 0.4641307510432033 0.47723499944236175 0.4 0.4
2906 0.05863437885775943 0.46413516480641115 0.4772304563358293 0.4 0.4
2907 0.05863450806888139 0.46413957405622286 0.47722591787489577 0.4 0.4
2908 0.05863463714798037 0.4641439787987753 0.4772213840532442 0.4 0.4
2909 0.05863476609523579 0.4641483790401955 0.4772168548645687 0.4 0.4
2910 0.0586348949108266 0.46415277478659955 0.4772123303025737 0.4 0.4
2911 0.05863502359493155 0.4641571660440942 0.47720781036097426 0.4 0.4
2912 0.05863515214772908 0.46416155281877486 0.4772032950334962 0.4 0.4
2913 0.05863528056939723 0.4641659351167266 0.47719878431387613 0.4 0.4
2914 0.0586354088601139 0.464170312944025 0.47719427819586113 0.4 0.4
2915 0.05863553702005652 0.46417468630673503 0.4771897766732084 0.4 0.4
2916 0.058635665049402395 0.4641790552109111 0.47718527973968655 0.4 0.4
2917 0.05863579294832831 0.46418341966259746 0.47718078738907416 0.4 0.4
2918 0.058635920717011014 0.4641877796678284 0.47717629961516045 0.4 0.4
2919 0.05863604835562674 0.46419213523262814 0.47717181641174516 0.4 0.4
2920 0.05863617586435155 0.4641964863630102 0.4771673377726383 0.4 0.4
2921 0.05863630324336111 0.46420083306497817 0.4771628636916607 0.4 0.4
2922 0.05863643049283094 0.4642051753445257 0.47715839416264344 0.4 0.4
2923 0.05863655761293602 0.46420951320763604 0.47715392917942795 0.4 0.4
2924 0.058636684603851366 0.4642138466602826 0.477149468735866 0.4 0.4
2925 0.05863681146575137 0.46421817570842877 0.4771450128258199 0.4 0.4
2926 0.058636938198810364 0.4642225003580272 0.4771405614431623 0.4 0.4
2927 0.05863706480320228 0.46422682061502185 0.477136114581776 0.4 0.4
2928 0.058637191279100755 0.464231136485345 0.47713167223555425 0.4 0.4
2929 0.05863731762667915 0.4642354479749204 0.4771272343984006 0.4 0.4
2930 0.05863744384611062 0.4642397550896611 0.47712280106422833 0.4 0.4
2931 0.05863756993756787 0.46424405783547007 0.4771183722269621 0.4 0.4
2932 0.05863769590122344 0.4642483562182409 0.4771139478805357 0.4 0.4
2933 0.05863782173724952 0.46425265024385687 0.4771095280188935 0.4 0.4
2934 0.05863794744581803 0.4642569399181915 0.4771051126359905 0.4 0.4
2935 0.058638073027100585 0.4642612252471084 0.47710070172579105 0.4 0.4
2936 0.05863819848126857 0.4642655062364613 0.4770962952822702 0.4 0.4
2937 0.05863832380849298 0.46426978289209425 0.47709189329941276 0.4 0.4
2938 0.058638449008944625 0.46427405521984133 0.477087495771214 0.4 0.4
2939 0.05863857408279397 0.4642783232255268 0.47708310269167925 0.4 0.4
2940 0.05863869903021116 0.4642825869149653 0.4770787140548234 0.4 0.4
2941 0.058638823851366234 0.46428684629396194 0.47707432985467196 0.4 0.4
2942 0.05863894854642868 0.46429110136831137 0.47706995008526 0.4 0.4
2943 0.05863907311556793 0.4642953521437989 0.47706557474063316 0.4 0.4
2944 0.058639197558953 0.4642995986262006 0.4770612038148464 0.4 0.4
2945 0.058639321876752644 0.46430384082128234 0.477056837301965 0.4 0.4
2946 0.058639446069135404 0.4643080787348004 0.4770524751960641 0.4 0.4
2947 0.05863957013626945 0.46431231237250176 0.4770481174912289 0.4 0.4
2948 0.05863969407832276 0.4643165417401232 0.4770437641815541 0.4 0.4
2949 0.05863981789546296 0.46432076684339224 0.4770394152611448 0.4 0.4
2950 0.05863994158785736 0.46432498768802705 0.4770350707241157 0.4 0.4
2951 0.05864006515567313 0.4643292042797356 0.47703073056459117 0.4 0.4
2952 0.05864018859907705 0.46433341662421723 0.4770263947767057 0.4 0.4
2953 0.058640311918235655 0.4643376247271608 0.47702206335460345 0.4 0.4
2954 0.058640435113315174 0.4643418285942464 0.47701773629243827 0.4 0.4
2955 0.05864055818448164 0.4643460282311443 0.47701341358437394 0.4 0.4
2956 0.05864068113190076 0.4643502236435154 0.4770090952245838 0.4 0.4
2957 0.05864080395573787 0.464354414837011 0.47700478120725115 0.4 0.4
2958 0.05864092665615818 0.4643586018172731 0.4770004715265688 0.4 0.4
2959 0.05864104923332654 0.4643627845899345 0.47699616617673896 0.4 0.4
2960 0.058641171687407595 0.4643669631606181 0.47699186515197434 0.4 0.4
2961 0.058641294018565625 0.46437113753493786 0.4769875684464964 0.4 0.4
2962 0.0586414162269647 0.4643753077184983 0.4769832760545369 0.4 0.4
2963 0.05864153831276857 0.46437947371689475 0.47697898797033667 0.4 0.4
2964 0.05864166027614083 0.46438363553571277 0.4769747041881465 0.4 0.4
2965 0.05864178211724461 0.464387793180529 0.4769704247022265 0.4 0.4
2966 0.05864190383624291 0.4643919466569104 0.47696614950684674 0.4 0.4
2967 0.05864202543329842 0.4643960959704155 0.4769618785962861 0.4 0.4
2968 0.05864214690857361 0.4644002411265927 0.47695761196483366 0.4 0.4
2969 0.05864226826223056 0.4644043821309817 0.47695334960678776 0.4 0.4
2970 0.05864238949443121 0.46440851898911295 0.476949091516456 0.4 0.4
2971 0.05864251060533716 0.4644126517065073 0.47694483768815554 0.4 0.4
2972 0.058642631595109754 0.46441678028867706 0.4769405881162132 0.4 0.4
2973 0.0586427524639101 0.464420904741125 0.4769363427949649 0.4 0.4
2974 0.05864287321189894 0.4644250250693448 0.4769321017187563 0.4 0.4
2975 0.058642993839236886 0.464429141278821 0.4769278648819422 0.4 0.4
2976 0.05864311434608417 0.46443325337502905 0.4769236322788866 0.4 0.4
2977 0.058643234732600885 0.4644373613634357 0.47691940390396353 0.4 0.4
2978 0.05864335499894672 0.4644414652494981 0.4769151797515552 0.4 0.4
2979 0.05864347514528118 0.46444556503866463 0.47691095981605425 0.4 0.4
2980 0.05864359517176345 0.46444966073637467 0.476906744091862 0.4 0.4
2981 0.05864371507855255 0.46445375234805825 0.47690253257338916 0.4 0.4
2982 0.05864383486580714 0.464457839879137 0.4768983252550557 0.4 0.4
2983 0.05864395453368568 0.4644619233350234 0.4768941221312909 0.4 0.4
2984 0.058644074082346356 0.4644660027211205 0.4768899231965331 0.4 0.4
2985 0.05864419351194704 0.46447007804282314 0.47688572844522986 0.4 0.4
2986 0.058644312822645324 0.46447414930551667 0.476881537871838 0.4 0.4
2987 0.058644432014598756 0.4644782165145777 0.47687735147082355 0.4 0.4
2988 0.058644551087964354 0.4644822796753742 0.47687316923666156 0.4 0.4
2989 0.058644670042899014 0.464486338793265 0.47686899116383596 0.4 0.4
2990 0.058644788879559366 0.46449039387360036 0.4768648172468404 0.4 0.4
2991 0.05864490759810174 0.464494444921721 0.47686064748017715 0.4 0.4
2992 0.05864502619868223 0.46449849194296006 0.47685648185835766 0.4 0.4
2993 0.05864514468145673 0.46450253494264077 0.4768523203759024 0.4 0.4
2994 0.05864526304658076 0.46450657392607825 0.476848163027341 0.4 0.4
2995 0.058645381294209695 0.4645106088985783 0.4768440098072121 0.4 0.4
2996 0.05864549942449859 0.46451463986543867 0.47683986071006285 0.4 0.4
2997 0.058645617437602264 0.4645186668319477 0.4768357157304501 0.4 0.4
2998 0.058645735333675265 0.46452268980338546 0.47683157486293926 0.4 0.4
2999 0.05864585311287189 0.46452670878502345 0.4768274381021047 0.4 0.4
