mass sin_l res ratio channel width
2364.7294589178355 0.3046092184368737 -1 -1.0 -1 0.16940819596327011
2028.056112224449 0.8076152304609218 -1 -1.0 -1 0.874194630087236
1123.246492985972 0.018036072144288574 1 0.06600660066006597 1 0.00013152062182029064
1742.4849699398796 0.1903807615230461 -1 -1.0 -1 0.03576736351571197
1294.5891783567135 0.8496993987975952 0 1.968613095178461 2 0.3900859304142595
1907.8156312625251 0.9859719438877754 -1 -1.0 -1 1.15192627641831
1063.12625250501 0.2865731462925851 0 1.237559498052791 1 0.029659935920986567
1363.7274549098197 0.7735470941883766 0 1.6516219621754011 2 0.35939863472212147
1408.8176352705411 0.09218436873747494 1 0.18119267203701098 2 0.005452812493446848
2070.1402805611224 0.9799599198396792 -1 -1.0 -1 1.3414800503382478
2394.789579158317 0.7955911823647294 -1 -1.0 -1 1.1853830663846048
1619.2384769539078 0.7454909819639278 -1 -1.0 -1 0.47284864363180384
1306.6132264529058 0.9679358717434869 0 2.2118609632297748 2 0.5158198357520523
1495.991983967936 0.9038076152304608 1 1.3159045140772458 2 0.5920541796564415
1508.0160320641282 0.002004008016032064 1 0.002816182488625265 4 2.9583912838836787e-06
1802.6052104208416 0.8096192384769538 -1 -1.0 -1 0.6927085456744249
2283.5671342685373 0.24849699398797592 -1 -1.0 -1 0.10509573414957456
2253.507014028056 0.5350701402805611 -1 -1.0 -1 0.4744459558448825
2484.9699398797593 0.561122244488978 -1 -1.0 -1 0.6351330440640303
1523.0460921843687 0.8977955911823646 0 1.2755746803827381 4 0.6058149893094468
1363.7274549098197 0.44088176352705405 1 0.9413389421725085 2 0.11674738865842493
1985.9719438877755 0.8557114228456913 -1 -1.0 -1 0.9408121770951963
1432.8657314629259 0.5511022044088176 1 0.9897372579793532 2 0.20169436711179328
1318.6372745490983 0.7394789579158316 0 1.6664732423264428 2 0.306728527416068
1763.5270541082164 0.9218436873747494 -1 -1.0 -1 0.8591809029184457
2271.5430861723444 0.38276553106212424 -1 -1.0 -1 0.24671528977196824
1045.0901803607214 0.3226452905811623 0 1.4497973885637099 1 0.036297442192377335
2394.789579158317 0.6673346693386772 -1 -1.0 -1 0.8340002337958015
1634.2685370741483 0.1442885771543086 -1 -1.0 -1 0.01804756820810679
2391.783567134268 0.4288577154308617 -1 -1.0 -1 0.34356468871235923
1832.6653306613225 0.2444889779559118 -1 -1.0 -1 0.06531374463184453
1036.0721442885772 0.8537074148296593 0 3.9154411764705874 1 0.2496329105938633
1210.4208416833667 0.24649298597194386 1 0.6193962780363315 2 0.02862246242133212
1258.5170340681361 0.6292585170340681 0 1.5185532708973448 2 0.20196751079850092
2271.5430861723444 0.14829659318637273 -1 -1.0 -1 0.0370333304128532
1829.6593186372745 0.5991983967935871 -1 -1.0 -1 0.3910105952929215
1919.8396793587174 0.7034068136272544 -1 -1.0 -1 0.5937601407284836
1877.7555110220442 0.9779559118236472 -1 -1.0 -1 1.0975455527042906
1895.7915831663327 0.7635270541082164 -1 -1.0 -1 0.6820351139406162
2421.8436873747496 0.3727454909819639 -1 -1.0 -1 0.26614115191954657
2199.3987975951904 0.23246492985971942 -1 -1.0 -1 0.08527884219185959
2280.5611222444886 0.6092184368737474 -1 -1.0 -1 0.6299964405882327
1763.5270541082164 0.26452905811623245 -1 -1.0 -1 0.07074843124976843
1814.629258517034 0.17434869739478956 -1 -1.0 -1 0.03255775829657126
2469.939879759519 0.2725450901803607 -1 -1.0 -1 0.14802359864724193
1901.8036072144287 0.35270541082164325 -1 -1.0 -1 0.14647227149509026
1898.797595190381 0.2064128256513026 -1 -1.0 -1 0.05000564086803566
1640.2805611222443 0.4428857715430861 -1 -1.0 -1 0.1713025627359837
1892.7855711422844 0.18637274549098196 -1 -1.0 -1 0.040507242124943166
1796.5931863727455 0.3246492985971944 -1 -1.0 -1 0.11063407019661464
1682.3647294589177 0.06212424849699398 -1 -1.0 -1 0.003547718525795273
1631.2625250501 0.5050100200400801 -1 -1.0 -1 0.22026090536551568
1264.5290581162326 0.19839679358717432 1 0.4756825502948747 2 0.020272699223349837
1544.0881763527054 0.08016032064128256 1 0.11567804291464026 4 0.004965652722993618
1327.6553106212425 0.533066132264529 0 1.1889923258667168 2 0.1616173417924414
1964.9298597194388 0.2344689378757515 -1 -1.0 -1 0.06913450812696481
2151.3026052104206 0.6212424849699398 -1 -1.0 -1 0.58253328012141
1297.5951903807616 0.22044088176352702 1 0.509009789976477 2 0.0263794111589934
2448.8977955911823 0.627254509018036 -1 -1.0 -1 0.7706783839346568
1231.4629258517034 0.7955911823647294 0 1.9637337084246227 2 0.3088553352481558
2490.9819639278558 0.2865731462925851 -1 -1.0 -1 0.16646765880705444
2097.194388777555 0.8256513026052104 -1 -1.0 -1 0.9775016588384811
1934.8697394789579 0.20440881763527052 -1 -1.0 -1 0.05093613770345628
1814.629258517034 0.31462925851703405 -1 -1.0 -1 0.10602671214852494
1703.4068136272545 0.11022044088176351 -1 -1.0 -1 0.011451492504657412
1198.3967935871742 0.8877755511022043 0 2.5481737129709527 1 0.3637890707594156
2142.2845691382763 0.06613226452905811 -1 -1.0 -1 0.00654564659682358
1333.6673346693387 0.48697394789579157 0 1.0788127103359364 2 0.13612229554483643
1381.7635270541082 0.7555110220440882 0 1.5749613993886005 2 0.35211262090559914
1532.064128256513 0.531062124248497 1 0.7595551628517678 4 0.21452130474921913
1910.8216432865731 0.595190380761523 -1 -1.0 -1 0.4211009856969347
1985.9719438877755 0.7034068136272544 -1 -1.0 -1 0.6357134686764325
2043.0861723446894 0.24649298597194386 -1 -1.0 -1 0.08265490526254783
2280.5611222444886 0.5450901803607214 -1 -1.0 -1 0.5043461809695272
1820.6412825651303 0.8897795591182364 -1 -1.0 -1 0.8536528307618371
2361.7234468937877 0.12625250501002003 -1 -1.0 -1 0.029028026387076522
1444.8897795591183 0.26452905811623245 1 0.45520567985870597 2 0.0472652054502845
2493.9879759519035 0.2224448897795591 -1 -1.0 -1 0.10054405650896593
2103.2064128256516 0.969939879759519 -1 -1.0 -1 1.356804582578528
2055.1102204408817 0.18637274549098196 -1 -1.0 -1 0.04781431959920811
1994.9899799599198 0.34068136272545085 -1 -1.0 -1 0.15049094367952598
2055.1102204408817 0.4228456913827655 -1 -1.0 -1 0.24612571660034038
2019.0380761523047 0.15430861723446893 -1 -1.0 -1 0.03162859583047176
1225.4509018036072 0.6833667334669338 0 1.6953240035304176 2 0.22560348033665467
1628.256513026052 0.4509018036072144 -1 -1.0 -1 0.17493671339552574
2403.807615230461 0.6853707414829658 -1 -1.0 -1 0.8863633353400118
2487.9759519038075 0.4108216432865731 -1 -1.0 -1 0.34128058820713353
2457.9158316633266 0.6633266533066132 -1 -1.0 -1 0.8682588956412159
1138.2765531062123 0.344689378757515 0 1.1956899548140427 1 0.04936149474037471
2433.8677354709416 0.6472945891783567 -1 -1.0 -1 0.8106157029602533
2319.6392785571143 0.4629258517034068 -1 -1.0 -1 0.3764062798776192
1589.1783567134269 0.5130260521042084 1 0.7661042440659034 4 0.2155993519031439
2094.188376753507 0.38476953907815625 -1 -1.0 -1 0.21167571970905252
2097.194388777555 0.1503006012024048 -1 -1.0 -1 0.032392584309115235
1739.4789579158316 0.6753507014028055 -1 -1.0 -1 0.4485230499756109
1192.3847695390782 0.9178356713426853 0 2.6807140766754456 1 0.3848673546127124
1853.7074148296592 0.9939879759519037 -1 -1.0 -1 1.1047218022405103
1850.7014028056112 0.2985971943887775 -1 -1.0 -1 0.09936649497163445
1817.6352705410823 0.657314629258517 -1 -1.0 -1 0.46431698975875335
2043.0861723446894 0.4749498997995992 -1 -1.0 -1 0.30687047218534264
2334.669338677355 0.6352705410821643 -1 -1.0 -1 0.7181127675516763
1544.0881763527054 0.3046092184368737 1 0.439576563075633 4 0.07170402532002783
1258.5170340681361 0.37074148296593185 1 0.8946890290318751 2 0.07010769257453342
1580.1603206412824 0.5991983967935871 1 0.8886009244605096 4 0.29074150432465634
1219.438877755511 0.9599198396793587 0 2.3935987778151535 2 0.4407058439477125
1658.316633266533 0.1623246492985972 -1 -1.0 -1 0.023526328460135918
1625.250501002004 0.531062124248497 -1 -1.0 -1 0.24175986259058668
1306.6132264529058 0.22645290581162322 1 0.5174747181055166 2 0.028233236383704126
2121.24248496994 0.45290581162324645 -1 -1.0 -1 0.3009613213532518
2340.6813627254505 0.3547094188376753 -1 -1.0 -1 0.22504370580616073
1772.5450901803606 0.19639278557114226 -1 -1.0 -1 0.039399841852951666
1727.4549098196394 0.11422845691382764 -1 -1.0 -1 0.012652864121222697
1913.8276553106211 0.11623246492985971 -1 -1.0 -1 0.016110388851941205
1129.258517034068 0.8557114228456913 0 3.064226767133119 1 0.2993045996925787
2355.7114228456912 0.7274549098196392 -1 -1.0 -1 0.9587904582302968
2235.4709418837674 0.9979959919839678 -1 -1.0 -1 1.6240566281079154
1958.9178356713428 0.655310621242485 -1 -1.0 -1 0.5367054684099075
1505.0100200400802 0.15430861723446893 1 0.21637363917391855 4 0.017469508109200487
1144.2885771543085 0.5350701402805611 0 1.8181818181818186 1 0.12023675538186039
1231.4629258517034 0.9939879759519037 1 2.4534305274020474 2 0.48210035059171935
1450.9018036072143 0.5851703406813626 1 0.9863450282071586 2 0.23324826550462296
2142.2845691382763 0.48296593186372744 -1 -1.0 -1 0.3491071625253539
1465.9318637274548 0.7795591182364728 0 1.249193064586543 2 0.4226994617996836
2088.176352705411 0.533066132264529 -1 -1.0 -1 0.40394050890458943
2166.3326653306613 0.9058116232464929 -1 -1.0 -1 1.2559167024359248
1267.5350701402806 0.657314629258517 0 1.5705217014054684 2 0.22360965865142826
2301.603206412826 0.4629258517034068 -1 -1.0 -1 0.3705428159859006
1351.7034068136272 0.12424849699398796 1 0.26964087853392005 2 0.009106793307289383
1949.8997995991983 0.32064128256513025 -1 -1.0 -1 0.12730363374796616
1129.258517034068 0.8717434869739479 0 3.121636167922498 1 0.3106248203896704
1108.2164328657313 0.3887775551102204 0 1.5056266977105164 1 0.05944600704962263
1186.372745490982 0.09619238476953906 1 0.28596961572832885 1 0.00418385854486173
2172.3446893787577 0.5851703406813626 -1 -1.0 -1 0.5270749134068832
1928.8577154308618 0.014028056112224447 -1 -1.0 -1 0.00023839475404649027
2118.236472945892 0.5070140280561122 -1 -1.0 -1 0.3760926016834053
1051.1022044088177 0.6873747494989979 0 3.047534429142603 1 0.16669957750160594
1568.1362725450902 0.8396793587174348 0 1.2338585741792418 4 0.5621814758121699
1483.9679358717435 0.6332665330661322 1 0.9570003083929358 2 0.28594128611249015
2415.831663326653 0.8496993987975952 -1 -1.0 -1 1.376093061763462
2289.5791583166333 0.6613226452905812 -1 -1.0 -1 0.7482842195274952
1577.1543086172344 0.9358717434869739 0 1.3846913144206086 4 0.7065197320828224
1946.8937875751503 0.5370741482965932 -1 -1.0 -1 0.35605709497212146
2475.951903807615 0.5150300601202404 -1 -1.0 -1 0.5311797186780662
2493.9879759519035 0.8937875751503005 -1 -1.0 -1 1.6232303826424375
2367.7354709418837 0.5791583166332664 -1 -1.0 -1 0.6139773249617184
1748.4969939879759 0.6432865731462926 -1 -1.0 -1 0.41121723594541143
1405.811623246493 0.4128256513026052 1 0.8211070354130113 2 0.10888184611468835
1360.7214428857715 0.785571142284569 0 1.6840939802378594 2 0.3689994472120347
2175.3507014028055 0.40280561122244485 -1 -1.0 -1 0.2504422235346924
2469.939879759519 0.7735470941883766 -1 -1.0 -1 1.1924158793276627
1033.066132264529 0.7014028056112224 0 3.2392410920869974 1 0.16750290869777057
1246.4929859719439 0.1342685370741483 1 0.32726519738461257 2 0.009017179675151163
1447.8957915831663 0.3607214428857715 1 0.6143121855518768 2 0.08826126916636923
2457.9158316633266 0.7374749498997996 -1 -1.0 -1 1.07322033098745
1808.6172344689378 0.18837675350701402 -1 -1.0 -1 0.03775396271231143
2343.687374749499 0.04208416833667334 -1 -1.0 -1 0.003175995278765422
2247.49498997996 0.9899799599198396 -1 -1.0 -1 1.6154141471310186
1309.6192384769538 0.1342685370741483 1 0.3057510288894718 2 0.009972062893051196
1177.3547094188377 0.6372745490981964 0 1.9467401285583101 1 0.1807905354910729
1342.685370741483 0.6633266533066132 0 1.4546842968930422 2 0.2560507142964672
1063.12625250501 0.8957915831663326 0 3.8684552141929904 1 0.28980987512525824
1228.4569138276554 0.8116232464929859 0 2.0083936169312055 2 0.3198293919725664
1036.0721442885772 0.5711422845691382 0 2.6194852941176463 1 0.11173065949760042
2277.555110220441 0.7394789579158316 -1 -1.0 -1 0.9257449164091865
1051.1022044088177 0.07014028056112225 1 0.3109729009329187 1 0.0017357307111787376
2022.0440881763527 0.8757515030060119 -1 -1.0 -1 1.0217935478260118
1150.3006012024048 0.374749498997996 0 1.2479145812479147 1 0.05961500341639605
1673.3466933867735 0.8677354709418837 -1 -1.0 -1 0.6846722202119817
1811.6232464929858 0.8717434869739479 -1 -1.0 -1 0.8112246810941752
1255.5110220440881 0.3046092184368737 1 0.7369212840455212 2 0.04709687077160886
1255.5110220440881 0.8496993987975952 0 2.0556225291796117 2 0.36646844874639695
2346.693386773547 0.06412825651302605 -1 -1.0 -1 0.007393680563838876
2022.0440881763527 0.21643286573146292 -1 -1.0 -1 0.06240908179779233
1429.8597194388776 0.01603206412825651 1 0.029109801121887387 2 0.00016996405618286664
1838.677354709419 0.6372745490981964 -1 -1.0 -1 0.4466933797520138
2091.1823647294586 0.43286573146292584 -1 -1.0 -1 0.26712822585002216
1628.256513026052 0.8857715430861722 -1 -1.0 -1 0.6750881200158713
2322.645290581162 0.7775551102204408 -1 -1.0 -1 1.0647007197874434
1288.577154308617 0.3306613226452906 1 0.7712859360591309 2 0.05851662987206876
2031.062124248497 0.31462925851703405 -1 -1.0 -1 0.13307402661053155
1105.2104208416833 0.8296593186372745 0 3.250883392226149 1 0.26921640405045033
1928.8577154308618 0.48697394789579157 -1 -1.0 -1 0.2872851394222695
1544.0881763527054 0.41482965931863724 1 0.5986338720832634 4 0.132983283454721
1871.7434869739477 0.40280561122244485 -1 -1.0 -1 0.18499736566592156
1210.4208416833667 0.24248496993987975 1 0.6093247938406189 2 0.02769921821076896
1991.9839679358718 0.4288577154308617 -1 -1.0 -1 0.23774988420635412
1414.8296593186374 0.002004008016032064 1 0.0038482469912504377 2 2.5993229141166065e-06
1733.4669338677354 0.2925851703406813 -1 -1.0 -1 0.08359747182531935
2271.5430861723444 0.813627254509018 -1 -1.0 -1 1.1147600533113713
1345.691382765531 0.6332665330661322 0 1.3841123528720454 2 0.23443336228521044
1805.6112224448898 0.6713426853707414 -1 -1.0 -1 0.47790126138701744
1643.2865731462925 0.4929859719438877 -1 -1.0 -1 0.21303835663786128
2112.224448897796 0.15230460921843686 -1 -1.0 -1 0.033743913991995785
1799.5991983967936 0.3386773547094188 -1 -1.0 -1 0.12080863946884456
1192.3847695390782 0.07615230460921843 1 0.22241732513901077 1 0.002649398657828591
2478.9579158316633 0.4949899799599198 -1 -1.0 -1 0.4918449788109743
1114.2284569138276 0.5871743486973947 0 2.2222222222222228 1 0.13711048407828477
1012.0240480961924 0.8016032064128256 0 3.8910505836575875 1 0.20970302669848528
2289.5791583166333 0.7094188376753506 -1 -1.0 -1 0.8610834274959371
1261.5230460921844 0.3486973947895791 1 0.8389739638228267 2 0.06232076966837093
1399.7995991983967 0.8957915831663326 0 1.824249767325066 2 0.5082248099315292
1943.887775551102 0.9038076152304608 -1 -1.0 -1 1.0051948164952675
2196.392785571142 0.5591182364729459 -1 -1.0 -1 0.49196966284716176
2097.194388777555 0.8597194388777555 -1 -1.0 -1 1.059833530459356
1739.4789579158316 0.2945891783567134 -1 -1.0 -1 0.08534137473186325
1736.4729458917836 0.34669338677354705 -1 -1.0 -1 0.11778764689382262
1096.192384769539 0.3286573146292585 0 1.3247172859450727 1 0.04154241066894798
1553.1062124248497 0.6212424849699398 1 0.9025757179622158 4 0.30178806557347654
1556.112224448898 0.32665330661322645 1 0.47565380136282776 4 0.08376344804858343
1168.3366733466933 0.5531062124248497 0 1.73748819641171 1 0.13406399883056172
2094.188376753507 0.5891783567134268 -1 -1.0 -1 0.4963216826381205
1640.2805611222443 0.9979959919839678 -1 -1.0 -1 0.8698372426603656
1126.25250501002 0.12625250501002003 1 0.45701849836779096 1 0.00647989036497949
1754.5090180360721 0.3727454909819639 -1 -1.0 -1 0.13902665811067488
1282.565130260521 0.12024048096192384 1 0.28238372982253473 2 0.007664375981888525
2067.134268537074 0.09819639278557113 -1 -1.0 -1 0.013430356474855116
1231.4629258517034 0.03406813627254509 1 0.08408935275369922 2 0.0005663330893966527
1408.8176352705411 0.3046092184368737 1 0.5987236119483841 2 0.0595377031420586
2040.0801603206412 0.8997995991983967 -1 -1.0 -1 1.09815308031075
1802.6052104208416 0.35871743486973945 -1 -1.0 -1 0.13598589912725623
1760.5210420841684 0.7474949899799599 -1 -1.0 -1 0.5629765518898031
1988.9779559118238 0.37074148296593185 -1 -1.0 -1 0.177139104696581
1886.7735470941884 0.17034068136272543 -1 -1.0 -1 0.033621561082603064
1447.8957915831663 0.9679358717434869 1 1.6484043645642028 2 0.6355056550170715
1255.5110220440881 0.18637274549098196 1 0.45087946984364125 2 0.017630749450469406
2067.134268537074 0.7615230460921844 -1 -1.0 -1 0.8077232298913279
1333.6673346693387 0.022044088176352703 1 0.048835143266235795 2 0.00027893440635616535
2223.4468937875754 0.81563126252505 -1 -1.0 -1 1.0730456840225504
1928.8577154308618 0.04609218436873747 -1 -1.0 -1 0.00257369030388966
2397.7955911823647 0.907815631262525 -1 -1.0 -1 1.5472819175738075
1273.5470941883768 0.5771543086172344 0 1.3694760148611134 2 0.17406671736563115
2115.2304609218436 0.6693386773547093 -1 -1.0 -1 0.6535891560088593
1742.4849699398796 0.8597194388777555 -1 -1.0 -1 0.7293807588692685
1069.1382765531062 0.24849699398797592 0 1.0593763348996157 1 0.02256171650452809
1976.9539078156313 0.22444889779559116 -1 -1.0 -1 0.0641356584258218
1327.6553106212425 0.7334669338677354 0 1.6359819220572118 2 0.3059756435800254
2064.128256513026 0.2625250501002004 -1 -1.0 -1 0.09571168787541239
2322.645290581162 0.6152304609218436 -1 -1.0 -1 0.6665624544269235
1234.4689378757514 0.11022044088176351 1 0.27136625716059115 2 0.005957440995210381
1610.2204408817634 0.028056112224448895 -1 -1.0 -1 0.000662193320849522
1309.6192384769538 0.3807615230460922 1 0.8670551565522335 2 0.08019413464895256
2004.008016032064 0.4749498997995992 -1 -1.0 -1 0.29515925265405
1718.436873747495 0.5511022044088176 -1 -1.0 -1 0.2914148746282201
1276.5531062124248 0.8016032064128256 0 1.895508052862283 2 0.3373937294567565
1649.2985971943888 0.5751503006012023 -1 -1.0 -1 0.29211841190515
1096.192384769539 0.044088176352705406 1 0.17770597738287558 1 0.0007475656887184274
1273.5470941883768 0.5290581162324649 0 1.2553530136226874 2 0.14626439445306508
1183.366733466934 0.5931863727454909 0 1.7793808235647723 1 0.15828007185635248
1580.1603206412824 0.2865731462925851 1 0.42498305082893933 4 0.06650231006291761
1279.5591182364728 0.8957915831663326 0 2.1109697166390973 2 0.4233633324188406
1556.112224448898 0.8537074148296593 0 1.24311975080101 4 0.5721350257090868
1865.7314629258517 0.6613226452905812 -1 -1.0 -1 0.4954303787336197
1417.8356713426854 0.8917835671342684 0 1.6929732535610944 2 0.5169538373102841
1336.6733466933867 0.8036072144288576 0 1.7742420003566246 2 0.37238699375161904
1520.0400801603205 0.5290581162324649 1 0.7500223258233273 4 0.20953339955785302
1883.7675350701402 0.7995991983967935 -1 -1.0 -1 0.7384635231695944
1949.8997995991983 0.7474949899799599 -1 -1.0 -1 0.6918604398328432
2109.218436873747 0.18036072144288576 -1 -1.0 -1 0.047185423912851986
1532.064128256513 0.3887775551102204 1 0.5560517041254451 4 0.11496936739824291
2379.759519038076 0.24248496993987975 -1 -1.0 -1 0.10873035770112147
1024.0480961923847 0.4228456913827655 0 1.994328922495274 1 0.05978797330543705
1910.8216432865731 0.3567134268537074 -1 -1.0 -1 0.1512562621821093
2031.062124248497 0.7755511022044087 -1 -1.0 -1 0.8085668340067628
2247.49498997996 0.01603206412825651 -1 -1.0 -1 0.0004236526799996116
1949.8997995991983 0.7394789579158316 -1 -1.0 -1 0.677101174795188
1231.4629258517034 0.374749498997996 1 0.9249828802906913 2 0.06852630381699498
2427.8557114228456 0.8657314629258517 -1 -1.0 -1 1.4428402652829964
1772.5450901803606 0.4128256513026052 -1 -1.0 -1 0.1740911795993187
2298.5971943887776 0.8276553106212424 -1 -1.0 -1 1.181334477454733
1312.625250501002 0.39078156312625245 1 0.8867791054122904 2 0.08486554987016388
2064.128256513026 0.21843687374749496 -1 -1.0 -1 0.06626365384580002
1661.322645290581 0.18637274549098196 -1 -1.0 -1 0.031127226738646
1745.4909819639279 0.11422845691382764 -1 -1.0 -1 0.012921160452460743
2379.759519038076 0.5350701402805611 -1 -1.0 -1 0.5294227491397614
1063.12625250501 0.9959919839679358 0 4.30116832540026 1 0.3582703854421719
1589.1783567134269 0.7134268537074148 0 1.065363714404147 4 0.41693419590449277
2286.573146292585 0.250501002004008 -1 -1.0 -1 0.10708065080999116
1279.5591182364728 0.8336673346693386 0 1.9645713694001443 2 0.3666780017670619
1559.118236472946 0.3426853707414829 1 0.5001302422505867 4 0.09254838788632822
1162.3246492985973 0.6152304609218436 0 1.9698427975617574 1 0.16413018997916115
1207.4148296593187 0.35270541082164325 1 0.8885825622846946 2 0.05830651482420033
1541.0821643286572 0.09418837675350701 1 0.13561763761267778 4 0.006828696640103546
2040.0801603206412 0.16432865731462926 -1 -1.0 -1 0.03662670974851059
2049.098196392785 0.939879759519038 -1 -1.0 -1 1.2088565041348267
1811.6232464929858 0.7294589178356713 -1 -1.0 -1 0.5680223297463542
2451.90380761523 0.2284569138276553 -1 -1.0 -1 0.10248613460894558
2172.3446893787577 0.35871743486973945 -1 -1.0 -1 0.1980672652053616
1622.2444889779558 0.06012024048096192 -1 -1.0 -1 0.003086799439144933
2049.098196392785 0.40881763527054105 -1 -1.0 -1 0.22871223660592077
1225.4509018036072 0.2985971943887775 1 0.7407720719238482 2 0.04307344163667384
2001.002004008016 0.5771543086172344 -1 -1.0 -1 0.4345412040656816
1556.112224448898 0.2945891783567134 1 0.428963857670771 4 0.068126175199738
1955.9118236472946 0.6232464929859719 -1 -1.0 -1 0.4839682104192483
1279.5591182364728 0.35270541082164325 1 0.8311648101308302 2 0.06563319262398593
2361.7234468937877 0.5490981963927856 -1 -1.0 -1 0.549082415982907
1033.066132264529 0.6052104208416833 0 2.7950023137436375 1 0.12470967579486911
1126.25250501002 0.7675350701402806 0 2.7783822996010152 1 0.23948819293234483
1378.7575150300602 0.9739478957915831 1 2.0383563507211644 2 0.5825718197103491
1384.7695390781564 0.7434869739478958 0 1.543810334993133 2 0.3425029830469846
2019.0380761523047 0.7474949899799599 -1 -1.0 -1 0.7421917539716153
2457.9158316633266 0.8577154308617234 -1 -1.0 -1 1.451713087130827
2022.0440881763527 0.565130260521042 -1 -1.0 -1 0.4254989558374174
1087.1743486973949 0.8296593186372745 0 3.4060057589469346 1 0.26028220998783447
2409.819639278557 0.597194388777555 -1 -1.0 -1 0.6763525084260951
1144.2885771543085 0.8076152304609218 0 2.7442969016002725 1 0.27392067787193763
1985.9719438877755 0.8537074148296593 -1 -1.0 -1 0.9364107226526107
1201.4028056112224 0.9018036072144288 0 2.283755664175312 2 0.3773023563056545
1060.120240480962 0.08016032064128256 1 0.34843205574912894 1 0.0023072334671584123
2190.380761523046 0.4509018036072144 -1 -1.0 -1 0.31819926620821515
1934.8697394789579 0.08416833667334668 -1 -1.0 -1 0.008636230960101582
1126.25250501002 0.6232464929859719 0 2.25607544432354 1 0.15790916502675262
2472.9458917835673 0.4989979959919839 -1 -1.0 -1 0.49740888106123515
1976.9539078156313 0.6352705410821643 -1 -1.0 -1 0.5137857285995223
1670.3406813627253 0.9879759519038075 -1 -1.0 -1 0.8843456147352563
1955.9118236472946 0.05611222444889779 -1 -1.0 -1 0.003922944106953927
2268.5370741482966 0.05611222444889779 -1 -1.0 -1 0.005287963354517559
1273.5470941883768 0.37074148296593185 1 0.8796981345462015 2 0.07182476612942139
2004.008016032064 0.4849699398797595 -1 -1.0 -1 0.3077446006236854
2175.3507014028055 0.7735470941883766 -1 -1.0 -1 0.9236130179395318
2406.813627254509 0.9879759519038075 -1 -1.0 -1 1.846479968501903
1126.25250501002 0.4008016032064128 0 1.450852375770765 1 0.06530501753569652
1054.1082164328657 0.5090180360721442 0 2.241835834068844 1 0.09195240715299473
1462.9258517034068 0.37675350701402804 1 0.6098587098388326 2 0.0983195584300382
1093.186372745491 0.595190380761523 0 2.413652986590816 1 0.13547856686493
1120.2404809619238 0.3607214428857715 0 1.3348164627363737 1 0.05232020534067428
1066.1322645290581 0.4609218436873747 0 1.977644024075666 1 0.07717432852363701
1709.4188376753507 0.15430861723446893 -1 -1.0 -1 0.02260530184888013
1153.306613226453 0.6513026052104208 0 2.1473406012553675 1 0.18103325412350788
2235.4709418837674 0.843687374749499 -1 -1.0 -1 1.1606644280837206
2154.308617234469 0.7174348697394789 -1 -1.0 -1 0.7790837908068312
1474.9498997995993 0.8837675350701402 1 1.3746894468016226 2 0.5500620684054093
1255.5110220440881 0.6993987975951903 0 1.692010053499256 2 0.24828800021003863
1378.7575150300602 0.7915831663326652 0 1.6566888035696703 2 0.38483195384471874
1297.5951903807616 0.6412825651302605 0 1.4807557526588422 2 0.22324394237032438
2340.6813627254505 0.044088176352705406 -1 -1.0 -1 0.0034766878486444447
2133.266533066132 0.08216432865731463 -1 -1.0 -1 0.010018530160594506
1574.1482965931864 0.21442885771543085 1 0.31653568313368635 4 0.03694712891376754
1982.9659318637273 0.0501002004008016 -1 -1.0 -1 0.003215150837657199
1264.5290581162326 0.8737474949899798 0 2.0949251709956096 2 0.3932005949966239
1306.6132264529058 0.1222444889779559 1 0.2793447593312966 2 0.008227415818291414
1931.8637274549096 0.18236472945891782 -1 -1.0 -1 0.04041541129004239
1414.8296593186374 0.8016032064128256 0 1.539298796500175 2 0.41589166625865687
1015.0300601202405 0.9338677354709418 0 4.500241429261226 1 0.28635845923537717
1961.9238476953908 0.5070140280561122 -1 -1.0 -1 0.3222729989390626
1366.7334669338677 0.16833667334669336 1 0.3579750822249792 2 0.017096381019082015
1423.8476953907816 0.17034068136272543 1 0.3161774830360053 2 0.01902393587525451
1213.426853707415 0.07414829659318636 1 0.18584310579289987 2 0.0026031521119768
1739.4789579158316 0.8957915831663326 -1 -1.0 -1 0.7891144774769246
2268.5370741482966 0.7474949899799599 -1 -1.0 -1 0.9384044050391246
1799.5991983967936 0.8476953907815631 -1 -1.0 -1 0.7568421641931615
1832.6653306613225 0.18236472945891782 -1 -1.0 -1 0.03633855947973023
2025.0501002004007 0.08617234468937875 -1 -1.0 -1 0.009922864284060504
1066.1322645290581 0.9238476953907815 0 3.963886500429922 1 0.31004093520173653
2325.6513026052103 0.9959919839679358 -1 -1.0 -1 1.75148567741571
2283.5671342685373 0.23046092184368736 -1 -1.0 -1 0.09039354085120473
2277.555110220441 0.565130260521042 -1 -1.0 -1 0.540675661404691
1739.4789579158316 0.7595190380761523 -1 -1.0 -1 0.5672877230718483
1393.7875751503007 0.9619238476953907 1 1.9741295301985153 2 0.5809333314278504
1766.5330661322646 0.5531062124248497 -1 -1.0 -1 0.31037077956653175
2313.627254509018 0.2064128256513026 -1 -1.0 -1 0.07444585199550019
1556.112224448898 0.19238476953907813 1 0.28013966215234026 4 0.029055061809467597
1012.0240480961924 0.9839679358717434 0 4.776264591439689 1 0.3159713461218595
1051.1022044088177 0.9478957915831663 0 4.202576632607729 1 0.3170067724745369
2091.1823647294586 0.9899799599198396 -1 -1.0 -1 1.397224445377572
2307.615230460922 0.44088176352705405 -1 -1.0 -1 0.3378614226290237
1303.6072144288578 0.23647294589178355 1 0.5422700149774717 2 0.030643002702323695
2262.5250501002 0.6352705410821643 -1 -1.0 -1 0.6741745055503684
2409.819639278557 0.6973947895791582 -1 -1.0 -1 0.9223570354987818
1628.256513026052 0.7715430861723446 -1 -1.0 -1 0.5121974191220109
1423.8476953907816 0.3486973947895791 1 0.6472339064501755 2 0.07971884879712186
2100.200400801603 0.7895791583166332 -1 -1.0 -1 0.8965369151952403
1751.503006012024 0.7895791583166332 -1 -1.0 -1 0.6216708171412565
2367.7354709418837 0.29058116232464926 -1 -1.0 -1 0.15455841354054828
1604.2084168336673 0.11222444889779558 -1 -1.0 -1 0.01051519744941881
1847.6953907815632 0.595190380761523 -1 -1.0 -1 0.393510062239783
1111.2224448897796 0.07615230460921843 1 0.29152282316839273 1 0.0022934957390571757
1408.8176352705411 0.9739478957915831 1 1.9143399697823333 2 0.6086637522221986
1279.5591182364728 0.4729458917835671 0 1.1145164499481588 2 0.11801092124178464
1922.8456913827654 0.4849699398797595 -1 -1.0 -1 0.28313766598506596
1871.7434869739477 0.038076152304609215 -1 -1.0 -1 0.001653029603361245
1727.4549098196394 0.4929859719438877 -1 -1.0 -1 0.2356727378146854
1420.8416833667334 0.374749498997996 1 0.7034206883245174 2 0.09168164085540183
1480.9619238476953 0.625250501002004 1 0.9539372747136924 2 0.27760432552384623
1099.198396793587 0.24649298597194386 1 0.9875551987153753 1 0.02349922206495772
1988.9779559118238 0.2344689378757515 -1 -1.0 -1 0.07085046615607003
1718.436873747495 0.9118236472945891 -1 -1.0 -1 0.7977542402632364
1309.6192384769538 0.8617234468937875 0 1.962282722723476 2 0.4107450276064081
1015.0300601202405 0.6292585170340681 0 3.0323515210043452 1 0.1300162033136144
1402.805611222445 0.14228456913827653 1 0.28641941585321057 2 0.012878038245388438
1514.0280561122245 0.9038076152304608 0 1.275668683036806 4 0.6066116074425172
1075.1503006012024 0.16633266533066132 1 0.7001265288907634 1 0.010225531045852613
2064.128256513026 0.7895791583166332 -1 -1.0 -1 0.8657945095872915
1853.7074148296592 0.15230460921843686 -1 -1.0 -1 0.025936821709731026
1505.0100200400802 0.8216432865731462 0 1.1521193774195662 4 0.49529841679146586
1820.6412825651303 0.719438877755511 -1 -1.0 -1 0.5580900012246184
1742.4849699398796 0.6312625250501002 -1 -1.0 -1 0.39324284153424055
2103.2064128256516 0.17434869739478956 -1 -1.0 -1 0.043839448661024155
2175.3507014028055 0.15430861723446893 -1 -1.0 -1 0.036753346286903577
2256.513026052104 0.5430861723446894 -1 -1.0 -1 0.49008066322637267
1108.2164328657313 0.6613226452905812 0 2.561117578579745 1 0.1720073910007415
1748.4969939879759 0.022044088176352703 -1 -1.0 -1 0.00048288822458433795
2166.3326653306613 0.19238476953907813 -1 -1.0 -1 0.05665345920613146
1144.2885771543085 0.18236472945891782 1 0.6196799455226423 1 0.013966819163085271
1144.2885771543085 0.08416833667334668 1 0.28600612870275793 1 0.002975180413438282
1429.8597194388776 0.15831663326653306 1 0.28745928607863797 2 0.016574151166207352
2313.627254509018 0.028056112224448895 -1 -1.0 -1 0.0013753781686415348
1889.7795591182364 0.038076152304609215 -1 -1.0 -1 0.0016853174972337396
1985.9719438877755 0.16032064128256512 -1 -1.0 -1 0.03302380824448802
1604.2084168336673 0.18637274549098196 -1 -1.0 -1 0.029000619496180893
1228.4569138276554 0.2885771543086172 1 0.7140955082422064 2 0.04043275276295161
2442.885771543086 0.9018036072144288 -1 -1.0 -1 1.5851257664881722
1441.88376753507 0.1943887775551102 1 0.33804153766530165 2 0.025415681561293355
1231.4629258517034 0.4048096192384769 1 0.9991793680145435 2 0.07996074525861943
1162.3246492985973 0.9559118236472945 0 3.0606352261790173 1 0.3962310262789903
1165.3306613226453 0.024048096192384766 1 0.07626310772163965 1 0.00025209744438221577
2070.1402805611224 0.11823647294589178 -1 -1.0 -1 0.01952857363103801
1075.1503006012024 0.9779559118236472 0 4.1164065795023195 1 0.3534836500774458
1039.0781563126252 0.14829659318637273 1 0.6754906435417617 1 0.007577649421799719
1970.941883767535 0.7374749498997996 -1 -1.0 -1 0.6881658329052165
1495.991983967936 0.4048096192384769 1 0.5893851703849304 2 0.11877118965345031
1369.7394789579157 0.9178356713426853 0 1.943999632164478 2 0.5105237670817968
1718.436873747495 0.9258517034068136 -1 -1.0 -1 0.8224893421506884
1453.9078156312626 0.3887775551102204 1 0.6486682981824459 2 0.10339031309175
2070.1402805611224 0.16032064128256512 -1 -1.0 -1 0.03590430084419514
1721.442885771543 0.30861723446893785 -1 -1.0 -1 0.09171100059188403
2172.3446893787577 0.7655310621242485 -1 -1.0 -1 0.9020557288420208
1826.6533066132265 0.3386773547094188 -1 -1.0 -1 0.1245025871920928
1198.3967935871742 0.09418837675350701 1 0.2703480011504171 1 0.004094849182964241
1363.7274549098197 0.5851703406813626 0 1.2494135050653294 2 0.2056683749291724
1508.0160320641282 0.7254509018036072 0 1.0194580608823458 4 0.3876794274052528
1447.8957915831663 0.08617234468937875 1 0.1467523554373928 2 0.0050368853916239725
1213.426853707415 0.374749498997996 1 0.9392611022506021 2 0.0664935180450816
2151.3026052104206 0.37074148296593185 -1 -1.0 -1 0.2074630750484419
2076.1523046092184 0.7114228456913827 -1 -1.0 -1 0.7111477511476708
1916.8336673346694 0.46492985971943884 -1 -1.0 -1 0.25858330731700496
2256.513026052104 0.19238476953907813 -1 -1.0 -1 0.06149948111128999
1063.12625250501 0.42685370741482964 0 1.8433578537429687 1 0.06580476467305198
1511.0220440881762 0.937875751503006 0 1.3208572560325675 4 0.6505791152361213
2433.8677354709416 0.7454909819639278 -1 -1.0 -1 1.0752163198962097
1709.4188376753507 0.9438877755511021 -1 -1.0 -1 0.8458058302340054
1063.12625250501 1.0 0 4.318476849848551 1 0.3611596510470721
1508.0160320641282 0.8897795591182364 0 1.2503850249496173 4 0.5832054241396928
1480.9619238476953 0.8196392785571142 0 1.2505139274291672 2 0.47704973267951295
1075.1503006012024 0.14228456913827653 1 0.5989034162800505 1 0.00748249412137364
2451.90380761523 0.5250501002004008 -1 -1.0 -1 0.5413248864340152
1168.3366733466933 0.7414829659318637 0 2.329241422725843 1 0.24093364629153408
2211.4228456913825 0.34669338677354705 -1 -1.0 -1 0.1917708708342861
1979.9599198396793 0.8476953907815631 -1 -1.0 -1 0.9176439017738202
2202.404809619238 0.35270541082164325 -1 -1.0 -1 0.19685407077554665
1267.5350701402806 0.7615230460921844 0 1.819506849189262 2 0.3001304534992772
1387.7755511022044 0.3687374749498998 1 0.7626688748919386 2 0.08461854294292533
1432.8657314629259 0.27054108216432865 1 0.48587101755350065 2 0.04860667557834622
1916.8336673346694 0.6833667334669338 -1 -1.0 -1 0.5586416014812843
1261.5230460921844 0.5230460921843687 0 1.2584609457342402 2 0.14022173175383462
1991.9839679358718 0.2224448897795591 -1 -1.0 -1 0.06396445810346947
1691.382765531062 0.9859719438877754 -1 -1.0 -1 0.9033354661208717
2052.104208416834 0.7915831663326652 -1 -1.0 -1 0.8600143897024223
2088.176352705411 0.07615230460921843 -1 -1.0 -1 0.0082436838551957
2271.5430861723444 0.1723446893787575 -1 -1.0 -1 0.050017989724883534
1069.1382765531062 0.721442885771543 0 3.0756087142246904 1 0.1901663930142326
1811.6232464929858 0.8216432865731462 -1 -1.0 -1 0.7206598963769633
2271.5430861723444 0.47695390781563124 -1 -1.0 -1 0.3830745010784618
1697.3947895791584 0.280561122244489 -1 -1.0 -1 0.07366979782815399
2031.062124248497 0.438877755511022 -1 -1.0 -1 0.25892991156913886
1420.8416833667334 0.0060120240480961915 1 0.011284823876863914 2 2.3596178549532902e-05
2382.765531062124 0.595190380761523 -1 -1.0 -1 0.6567427733298861
2205.4108216432865 0.8617234468937875 -1 -1.0 -1 1.178278829266124
1264.5290581162326 0.4849699398797595 0 1.1627795673874717 2 0.12113563486544845
2133.266533066132 0.7154308617234468 -1 -1.0 -1 0.7595786141806122
1048.0961923847694 0.5851703406813626 0 2.6118067978533097 1 0.12010327355559619
2223.4468937875754 0.9438877755511021 -1 -1.0 -1 1.4370477792757372
2157.314629258517 0.06813627254509018 -1 -1.0 -1 0.0070468493428551245
2325.6513026052103 0.23647294589178355 -1 -1.0 -1 0.09873197564597386
1030.060120240481 0.657314629258517 0 3.0568499534016773 1 0.14622767432667944
2202.404809619238 0.1903807615230461 -1 -1.0 -1 0.05735433847976847
1547.0941883767534 0.37675350701402804 1 0.5449085190174795 4 0.1101242332069695
1132.2645290581163 0.08016032064128256 1 0.28399006034788776 1 0.0026408400699566457
1096.192384769539 0.8476953907815631 0 3.416801292407108 1 0.27636607668739566
1841.6833667334668 0.6032064128256512 -1 -1.0 -1 0.4015317239557512
2424.8496993987974 0.8216432865731462 -1 -1.0 -1 1.2963934948275075
1979.9599198396793 0.6332665330661322 -1 -1.0 -1 0.5121151375994198
1138.2765531062123 0.9659318637274549 0 3.350712547792841 1 0.38763723310109577
1889.7795591182364 0.8376753507014028 -1 -1.0 -1 0.8156936686611302
1063.12625250501 0.4108216432865731 0 1.7741237559498055 1 0.060954511569243516
1574.1482965931864 0.45891783567134264 1 0.6774455274543381 4 0.16923263056746296
1033.066132264529 0.04809619238476953 1 0.2221193891716798 1 0.0007876055135503333
2406.813627254509 0.04008016032064128 -1 -1.0 -1 0.0030388604248557344
1246.4929859719439 0.4569138276553106 0 1.1136785821446518 2 0.10442171268279302
2190.380761523046 0.014028056112224447 -1 -1.0 -1 0.0003079854626015318
1324.6492985971945 0.44088176352705405 1 0.9867485581159176 2 0.11004416368355416
2025.0501002004007 0.14629258517034066 -1 -1.0 -1 0.02859867158991802
1787.5751503006013 0.9458917835671342 -1 -1.0 -1 0.9296739278825955
2355.7114228456912 0.34669338677354705 -1 -1.0 -1 0.2177723108194989
1826.6533066132265 0.6993987975951903 -1 -1.0 -1 0.5309526845202933
1913.8276553106211 0.4889779559118236 -1 -1.0 -1 0.2851213170895278
1219.438877755511 0.9238476953907815 0 2.303651433346108 2 0.40820623455098176
2331.6633266533063 0.81563126252505 -1 -1.0 -1 1.1806947742567404
2397.7955911823647 0.3667334669338677 -1 -1.0 -1 0.25250804856331466
2241.482965931864 0.4428857715430861 -1 -1.0 -1 0.32156884206256336
1958.9178356713428 0.9278557114228456 -1 -1.0 -1 1.075975783534527
1670.3406813627253 0.12625250501002003 -1 -1.0 -1 0.014441399655560126
1273.5470941883768 0.9559118236472945 0 2.2681946496137195 2 0.4774935635547441
2223.4468937875754 0.45290581162324645 -1 -1.0 -1 0.3308615286366702
1318.6372745490983 0.9478957915831663 0 2.136156757778882 2 0.5039920881182532
1351.7034068136272 0.24248496993987975 1 0.5262346177839408 2 0.03468588990947551
1252.5050100200401 0.9038076152304608 0 2.191966239654036 2 0.4126058188945428
2055.1102204408817 0.3066132264529058 -1 -1.0 -1 0.1294121178746517
1553.1062124248497 0.5190380761523046 1 0.754087454684561 4 0.21065811890462416
1045.0901803607214 0.6813627254509017 0 3.0616839261593873 1 0.16187586580142818
1547.0941883767534 0.44689378757515025 1 0.6463542539409464 4 0.15494477119594233
2118.236472945892 0.8997995991983967 -1 -1.0 -1 1.1845309970781641
2217.434869739479 0.2745490981963928 -1 -1.0 -1 0.1209217155027352
2190.380761523046 0.9779559118236472 -1 -1.0 -1 1.4968344899138604
1640.2805611222443 0.42685370741482964 -1 -1.0 -1 0.15912503775043205
2412.8256513026054 0.37074148296593185 -1 -1.0 -1 0.2613198955129753
1204.4088176352705 0.719438877755511 0 1.817205782003019 2 0.24136255485513708
1162.3246492985973 0.969939879759519 0 3.105550208533846 1 0.4079457796237454
1336.6733466933867 0.9819639278557113 1 2.168026384475676 2 0.55602960926713
1979.9599198396793 0.6092184368737474 -1 -1.0 -1 0.47395882627371394
2145.2905811623245 0.9639278557114228 -1 -1.0 -1 1.3945715173885143
2247.49498997996 0.5691382765531061 -1 -1.0 -1 0.5339082899695103
1342.685370741483 0.5811623246492985 0 1.2744968160090098 2 0.19654681020009757
1438.877755511022 0.8857715430861722 0 1.5568030806424158 2 0.5254888344753499
1754.5090180360721 0.23246492985971942 -1 -1.0 -1 0.054073959750758495
1237.4749498997996 0.6072144288577154 0 1.4912128047530113 2 0.18170816398295414
1619.2384769539078 0.8857715430861722 -1 -1.0 -1 0.6675453984166067
1676.3527054108217 0.7675350701402806 -1 -1.0 -1 0.5376260381423438
2334.669338677355 0.3426853707414829 -1 -1.0 -1 0.2089615324660267
2304.6092184368736 0.625250501002004 -1 -1.0 -1 0.6777410340061734
2274.549098196393 0.014028056112224447 -1 -1.0 -1 0.0003322621101991413
1492.9859719438878 0.9298597194388777 1 1.3663248413511675 2 0.6241276559415848
1523.0460921843687 0.3006012024048096 1 0.4270897367352918 4 0.06791512505711171
2262.5250501002 0.7675350701402806 -1 -1.0 -1 0.9841274571811641
1847.6953907815632 0.5390781563126252 -1 -1.0 -1 0.322810389118264
1946.8937875751503 0.7334669338677354 -1 -1.0 -1 0.664067501309945
1312.625250501002 0.09819639278557113 1 0.22283167264206272 2 0.0053586373501186965
1171.3426853707415 0.08617234468937875 1 0.26816339257873395 1 0.0032712431690107026
2262.5250501002 0.7715430861723446 -1 -1.0 -1 0.9944323864821354
2076.1523046092184 0.7815631262525049 -1 -1.0 -1 0.8582866332042116
1673.3466933867735 0.07014028056112225 -1 -1.0 -1 0.004473454281369456
1060.120240480962 0.627254509018036 0 2.726480836236934 1 0.14127334721502655
2500.0 0.8036072144288576 -1 -1.0 -1 1.3185622884462482
1084.1683366733466 0.655310621242485 0 2.7069536423841063 1 0.16146248620868844
1321.6432865731463 0.6853707414829658 0 1.539222613593123 2 0.2647074245131608
1123.246492985972 0.37675350701402804 0 1.3788045471213783 1 0.05738845503230067
2421.8436873747496 0.4008016032064128 -1 -1.0 -1 0.30771320605797947
1895.7915831663327 0.2625250501002004 -1 -1.0 -1 0.0806305039944263
2052.104208416834 0.81563126252505 -1 -1.0 -1 0.913062160806387
1661.322645290581 0.6713426853707414 -1 -1.0 -1 0.40389097245283223
1790.5811623246493 0.06613226452905811 -1 -1.0 -1 0.004559820898179025
1625.250501002004 0.9739478957915831 -1 -1.0 -1 0.8131393735058203
1111.2224448897796 0.11823647294589178 1 0.4526275412351361 1 0.005528849492837972
1892.7855711422844 0.6793587174348696 -1 -1.0 -1 0.5382278612834539
2046.0921843687374 0.8517034068136272 -1 -1.0 -1 0.9897432663411778
2187.374749498998 0.4488977955911823 -1 -1.0 -1 0.3145066166657361
2169.3386773547095 0.4889779559118236 -1 -1.0 -1 0.3670082336863375
1853.7074148296592 0.1062124248496994 -1 -1.0 -1 0.012613665544084912
2148.296593186373 0.8897795591182364 -1 -1.0 -1 1.191628285476602
1673.3466933867735 0.3046092184368737 -1 -1.0 -1 0.08437117364633456
1414.8296593186374 0.4048096192384769 1 0.7773458922325884 2 0.10606277218761401
1724.4488977955912 0.052104208416833664 -1 -1.0 -1 0.00262335834134572
1309.6192384769538 0.2284569138276553 1 0.5202330939313401 2 0.028869888473622915
1078.1563126252504 0.6132264529058116 0 2.5649622799664713 1 0.1397854498237471
2310.62124248497 0.9819639278557113 -1 -1.0 -1 1.6804382470526729
1913.8276553106211 0.3226452905811623 -1 -1.0 -1 0.12413715500331987
1730.4609218436874 0.09218436873747494 -1 -1.0 -1 0.008269519895448649
1847.6953907815632 0.4749498997995992 -1 -1.0 -1 0.2505760941167724
2466.933867735471 0.9138276553106212 -1 -1.0 -1 1.6600448499276776
1330.6613226452905 0.2685370741482966 1 0.5969265263016648 2 0.04120335976871806
1622.2444889779558 0.7535070140280561 -1 -1.0 -1 0.4848881750095045
1180.3607214428857 0.16032064128256512 1 0.48528965726417955 1 0.011501781486019994
1967.935871743487 0.7094188376753506 -1 -1.0 -1 0.6348452473172026
1751.503006012024 0.5571142284569138 -1 -1.0 -1 0.309497844777918
2400.8016032064124 0.9539078156312625 -1 -1.0 -1 1.712698453517845
1138.2765531062123 0.02004008016032064 1 0.06951685783802575 1 0.00016685199682387342
2226.452905811623 0.1342685370741483 -1 -1.0 -1 0.029158131184380667
1871.7434869739477 0.8917835671342684 -1 -1.0 -1 0.9067622914282842
2037.0741482965932 0.21042084168336672 -1 -1.0 -1 0.05987681148872269
1333.6673346693387 0.9158316633266532 0 2.02887822478816 2 0.48144770109982465
1880.7615230460922 0.42685370741482964 -1 -1.0 -1 0.2097700242535716
1432.8657314629259 0.3667334669338677 1 0.6586251571280787 2 0.08931626658124751
2061.122244488978 0.33266533066132264 -1 -1.0 -1 0.15323701447439636
1150.3006012024048 0.250501002004008 1 0.8341675008341676 1 0.02663743396669016
1502.004008016032 0.42685370741482964 1 0.5972389450592954 4 0.1331368996926992
1384.7695390781564 0.4669338677354709 1 0.9695628249417789 2 0.13509161112341336
2292.5851703406815 0.44689378757515025 -1 -1.0 -1 0.3426057443704894
1763.5270541082164 0.6933867735470941 -1 -1.0 -1 0.4860949951502109
1417.8356713426854 0.19639278557114226 1 0.37283455921120734 2 0.025071706368024083
1565.1302605210421 0.9058116232464929 0 1.328004134890544 4 0.6516855141975171
1216.432865731463 0.7615230460921844 0 1.903761117712395 2 0.2759668726799708
1505.0100200400802 0.16032064128256512 1 0.22480378095991538 4 0.01885728654054362
1637.2745490981965 0.08817635270541081 -1 -1.0 -1 0.006765086794894517
1360.7214428857715 0.4569138276553106 1 0.9795240497301836 2 0.12483123740023952
2439.879759519038 0.05611222444889779 -1 -1.0 -1 0.006121810148806787
1084.1683366733466 0.044088176352705406 1 0.18211920529801326 1 0.0007308386249287397
1925.8517034068136 0.7875751503006011 -1 -1.0 -1 0.7490657671267388
2322.645290581162 0.5070140280561122 -1 -1.0 -1 0.4526944173987303
1706.4128256513027 0.8537074148296593 -1 -1.0 -1 0.6894509518391336
2142.2845691382763 0.20440881763527052 -1 -1.0 -1 0.06253526831345502
1357.7154308617235 0.21042084168336672 1 0.4529326245092265 2 0.026355999902731693
1811.6232464929858 0.01603206412825651 -1 -1.0 -1 0.0002743737856521455
2244.4889779559117 0.5230460921843687 -1 -1.0 -1 0.44971928033577185
1465.9318637274548 0.6292585170340681 0 1.0083460726996774 2 0.275417662687939
2073.14629258517 0.7014028056112224 -1 -1.0 -1 0.6892421662653149
1577.1543086172344 0.5891783567134268 1 0.8717328617551583 4 0.28001751377791106
1694.3887775551102 0.3567134268537074 -1 -1.0 -1 0.11866360730001559
1691.382765531062 0.45891783567134264 -1 -1.0 -1 0.19569954713978382
1087.1743486973949 0.2625250501002004 0 1.0777457836281363 1 0.026060719069296995
2376.753507014028 0.11222444889779558 -1 -1.0 -1 0.023230170329179185
1471.943887775551 0.4488977955911823 1 0.7051413031232393 2 0.1413297730637208
1730.4609218436874 0.5250501002004008 -1 -1.0 -1 0.26826697717541453
1375.751503006012 0.9859719438877754 1 2.0717198315417953 2 0.5944028100187849
1276.5531062124248 0.12625250501002003 1 0.2985425183258096 2 0.008369473201336668
1219.438877755511 0.7935871743486973 0 1.9788415783189994 2 0.3012091458131043
1943.887775551102 1.0 -1 -1.0 -1 1.230547118756241
2415.831663326653 0.11022044088176351 -1 -1.0 -1 0.02315482329028609
2013.0260521042082 0.8937875751503005 -1 -1.0 -1 1.0547720807558587
1880.7615230460922 0.280561122244489 -1 -1.0 -1 0.09062338767374208
1751.503006012024 0.6312625250501002 -1 -1.0 -1 0.3973645728493467
1060.120240480962 0.7775551102204408 0 3.3797909407665503 1 0.21708759692493493
2145.2905811623245 0.5250501002004008 -1 -1.0 -1 0.4137644946193057
1784.569138276553 0.27054108216432865 -1 -1.0 -1 0.07579462598066347
1550.1002004008014 0.6492985971943888 1 0.941212657157139 4 0.32837089173633927
1841.6833667334668 0.20841683366733466 -1 -1.0 -1 0.047935090410761536
1009.0180360721442 0.008016032064128256 1 0.039196472317491425 1 2.0842166674520463e-05
1120.2404809619238 0.4789579158316633 0 1.7723396366332964 1 0.09224019905137827
1769.5390781563126 0.5551102204408818 -1 -1.0 -1 0.31369913640370317
1772.5450901803606 0.8236472945891783 -1 -1.0 -1 0.6929884095837617
1973.947895791583 0.8236472945891783 -1 -1.0 -1 0.8610238177603167
1718.436873747495 0.9238476953907815 -1 -1.0 -1 0.8189326356477878
2247.49498997996 0.8076152304609218 -1 -1.0 -1 1.075078251657139
1138.2765531062123 0.5130260521042084 0 1.779631560653459 1 0.1093481246384937
1811.6232464929858 0.5551102204408818 -1 -1.0 -1 0.32894415936411675
1808.6172344689378 0.04008016032064128 -1 -1.0 -1 0.0017090974518927764
1297.5951903807616 0.8737474949899798 0 2.017529712997672 2 0.41443144989090996
1189.37875751503 0.6993987975951903 0 2.0608207853557725 1 0.2223264475330629
1480.9619238476953 0.501002004008016 1 0.764372816276997 2 0.17823666939144056
1565.1302605210421 0.04609218436873747 1 0.06757543164266043 4 0.0016873954352850972
1255.5110220440881 0.4288577154308617 0 1.0375075972746155 2 0.09335389083520602
1514.0280561122245 0.749498997995992 0 1.0578715908110101 4 0.4171582499723677
1541.0821643286572 0.22444889779559116 1 0.3231739449493598 4 0.03877735203868668
1000.0 0.6813627254509017 0 3.4068136272545084 1 0.14782383579830968
1303.6072144288578 0.09418837675350701 1 0.2159889042706879 2 0.004861418627508836
1021.0420841683367 0.9058116232464929 0 4.302712993812469 1 0.27270751304748275
1688.376753507014 0.3486973947895791 -1 -1.0 -1 0.11257859784609665
2070.1402805611224 0.655310621242485 -1 -1.0 -1 0.5998767164013972
2469.939879759519 0.280561122244489 -1 -1.0 -1 0.15685891725161885
1721.442885771543 0.7595190380761523 -1 -1.0 -1 0.5554671882281504
1156.312625250501 0.024048096192384766 1 0.07850834151128556 1 0.00024812303824930807
1769.5390781563126 0.2785571142284569 -1 -1.0 -1 0.07899205013040637
2214.428857715431 0.7875751503006011 -1 -1.0 -1 0.992345068376827
1817.6352705410823 0.7555110220440882 -1 -1.0 -1 0.6134082153240431
1477.9559118236473 0.2925851703406813 1 0.45071100318805785 2 0.06053873802603708
1366.7334669338677 0.4348697394789579 1 0.9247689624145297 2 0.11409459832873484
2481.9639278557115 0.6492985971943888 -1 -1.0 -1 0.8483638561970478
2391.783567134268 1.0 -1 -1.0 -1 1.8680223393760624
2352.7054108216435 0.29058116232464926 -1 -1.0 -1 0.15259184521903257
1261.5230460921844 0.7995991983967935 0 1.9238540894557923 2 0.3277027629797306
1946.8937875751503 0.4348697394789579 -1 -1.0 -1 0.2334369089042969
2319.6392785571143 0.4108216432865731 -1 -1.0 -1 0.296442606245328
1922.8456913827654 0.024048096192384766 -1 -1.0 -1 0.0006961926081184599
1411.8236472945891 0.052104208416833664 1 0.10122009495960055 2 0.0017495700017822323
2133.266533066132 0.3567134268537074 -1 -1.0 -1 0.18883230791688058
1814.629258517034 0.29659318637274545 -1 -1.0 -1 0.09421920170803239
1345.691382765531 0.25250501002004005 1 0.5518929001958156 2 0.0372723127267265
1985.9719438877755 0.8016032064128256 -1 -1.0 -1 0.8255952061122002
1078.1563126252504 0.012024048096192383 1 0.05029337803855826 1 5.3742964176757804e-05
1426.8537074148296 0.7294589178356713 0 1.3390774467730258 2 0.3503681334775675
2445.8917835671346 0.9118236472945891 -1 -1.0 -1 1.6245573962496558
2319.6392785571143 0.09819639278557113 -1 -1.0 -1 0.01693655437465872
1123.246492985972 0.12024048096192384 1 0.4400440044004399 1 0.0058453609697906965
2430.861723446894 0.49699398797595185 -1 -1.0 -1 0.47668819829510894
1006.0120240480962 0.9358717434869739 0 4.6100691016781825 1 0.2823490871029401
1456.9138276553106 0.08016032064128256 1 0.1324038163447291 2 0.00441383576301221
1901.8036072144287 0.8717434869739479 -1 -1.0 -1 0.8947641907818458
1691.382765531062 0.7094188376753506 -1 -1.0 -1 0.467654782505466
2382.765531062124 0.15230460921843686 -1 -1.0 -1 0.04300407281290369
1565.1302605210421 0.68937875751503 0 1.0106934123945734 4 0.37746621215481535
1150.3006012024048 0.6933867735470941 0 2.3089756423089756 1 0.20409133086440184
2376.753507014028 0.15430861723446893 -1 -1.0 -1 0.043919540778604396
1051.1022044088177 0.2625250501002004 0 1.1639271434917813 1 0.024315816109827196
1177.3547094188377 0.6172344689378757 0 1.8855218855218852 1 0.16959884259745597
1156.312625250501 0.45891783567134264 0 1.4982008505070328 1 0.09035986283911089
2448.8977955911823 0.3426853707414829 -1 -1.0 -1 0.23002589211519253
1658.316633266533 0.9619238476953907 -1 -1.0 -1 0.8261646208223313
1324.6492985971945 0.9979959919839678 1 2.233639917916941 2 0.5638717514499207
1736.4729458917836 0.8837675350701402 -1 -1.0 -1 0.7653934095879419
2013.0260521042082 0.2945891783567134 -1 -1.0 -1 0.11458389417167725
1745.4909819639279 0.627254509018036 -1 -1.0 -1 0.38961931928812776
2493.9879759519035 0.8356713426853707 -1 -1.0 -1 1.4190005228705125
2022.0440881763527 0.8517034068136272 -1 -1.0 -1 0.9664472221987518
1054.1082164328657 0.028056112224448895 1 0.12356575463371579 1 0.00027935197163474125
2208.4168336673347 0.8977955911823646 -1 -1.0 -1 1.2825008051941422
2178.3567134268537 0.19238476953907813 -1 -1.0 -1 0.05728817727822938
1486.9739478957915 0.5511022044088176 1 0.8250049539857208 2 0.21744530544507665
1093.186372745491 0.3687374749498998 0 1.4953271028037378 1 0.051998802387274216
1598.196392785571 0.5551102204408818 1 0.8347588700885474 4 0.2553294650234209
2013.0260521042082 0.7535070140280561 -1 -1.0 -1 0.7496604480732587
2166.3326653306613 0.30260521042084165 -1 -1.0 -1 0.1401644448089197
1030.060120240481 0.3867735470941883 0 1.7986952469711088 1 0.0506286682126941
2109.218436873747 0.3567134268537074 -1 -1.0 -1 0.18457073719195088
2394.789579158317 0.44689378757515025 -1 -1.0 -1 0.3740136318880269
2103.2064128256516 0.06212424849699398 -1 -1.0 -1 0.005566086690876498
1393.7875751503007 0.7434869739478958 0 1.525837616049269 2 0.347049673051479
1568.1362725450902 0.004008016032064128 1 0.005889539733552467 4 1.280880094809599e-05
1832.6653306613225 0.9799599198396792 -1 -1.0 -1 1.0493071707949004
1592.1843687374749 0.7234468937875751 0 1.0828389675138403 4 0.43037108705474686
2319.6392785571143 0.10420841683366733 -1 -1.0 -1 0.019073903802197905
1802.6052104208416 0.1903807615230461 -1 -1.0 -1 0.038303197141895916
1667.3346693386775 0.4248496993987976 -1 -1.0 -1 0.16293646053004704
1529.058116232465 0.1723446893787575 1 0.24595061273424246 4 0.022503367515818065
1991.9839679358718 0.8757515030060119 -1 -1.0 -1 0.9914153558608442
2259.5190380761524 0.8116232464929859 -1 -1.0 -1 1.0974941701505616
2313.627254509018 0.3486973947895791 -1 -1.0 -1 0.2124538236417913
2067.134268537074 0.751503006012024 -1 -1.0 -1 0.786607196699917
1174.3486973947895 0.282565130260521 1 0.871177015755329 1 0.03535818364573762
1363.7274549098197 0.9158316633266532 0 1.9554177116947107 2 0.5037722184694916
1874.749498997996 0.3787575150300601 -1 -1.0 -1 0.16409786238000812
2361.7234468937877 0.8657314629258517 -1 -1.0 -1 1.364909648894374
2088.176352705411 0.5090180360721442 -1 -1.0 -1 0.36831683351925615
1330.6613226452905 0.8917835671342684 0 1.9823306283898567 2 0.4544049520049227
2223.4468937875754 0.7775551102204408 -1 -1.0 -1 0.9751980963090074
1213.426853707415 0.24649298597194386 1 0.6178027570953157 2 0.028767778160772098
1859.7194388777555 0.9238476953907815 -1 -1.0 -1 0.9605692332597455
2280.5611222444886 0.8176352705410821 -1 -1.0 -1 1.134778907181436
2364.7294589178355 0.6953907815631262 -1 -1.0 -1 0.8828891736383913
1132.2645290581163 0.374749498997996 0 1.3276535321263754 1 0.05771721025394621
2286.573146292585 0.9959919839679358 -1 -1.0 -1 1.6927926064592065
2319.6392785571143 0.8817635270541081 -1 -1.0 -1 1.3656463669029268
1844.689378757515 0.9458917835671342 -1 -1.0 -1 0.9906040273061277
2091.1823647294586 0.3667334669338677 -1 -1.0 -1 0.19174076550693137
2241.482965931864 0.5190380761523046 -1 -1.0 -1 0.44166088930199665
2298.5971943887776 0.03206412825651302 -1 -1.0 -1 0.0017730163524931938
1829.6593186372745 0.877755511022044 -1 -1.0 -1 0.8390626127602065
1892.7855711422844 0.8396793587174348 -1 -1.0 -1 0.8222328517397557
1198.3967935871742 0.12024048096192384 1 0.34512510785159634 1 0.00667336218138129
1697.3947895791584 0.5571142284569138 -1 -1.0 -1 0.2904845232321965
1036.0721442885772 0.7154308617234468 0 3.281249999999999 1 0.17531499935130412
2118.236472945892 0.8096192384769538 -1 -1.0 -1 0.9589952987292208
1637.2745490981965 0.08617234468937875 -1 -1.0 -1 0.006461077212685931
1222.4448897795592 0.05410821643286573 1 0.13457656389560388 2 0.0014073033689721804
1697.3947895791584 0.5070140280561122 -1 -1.0 -1 0.2405882698562401
1063.12625250501 0.7154308617234468 0 3.089571614019905 1 0.18485643176653221
2277.555110220441 0.5090180360721442 -1 -1.0 -1 0.4386377819423702
2358.7174348697395 0.8276553106212424 -1 -1.0 -1 1.2442975671681977
2079.1583166332666 0.9659318637274549 -1 -1.0 -1 1.3148092077821154
1550.1002004008014 0.8036072144288576 0 1.1648959120988047 4 0.5029946631810611
1640.2805611222443 0.7695390781563125 -1 -1.0 -1 0.5171800473126517
2370.741482965932 0.7635270541082164 -1 -1.0 -1 1.0698295278675665
1105.2104208416833 0.7094188376753506 0 2.7797408716136633 1 0.19683728260861527
1207.4148296593187 0.5991983967935871 0 1.5095806029722936 2 0.1682806279635309
1060.120240480962 0.5711422845691382 0 2.4825783972125435 1 0.11712814898121372
1649.2985971943888 0.7454909819639278 -1 -1.0 -1 0.4907734015598379
1688.376753507014 0.38476953907815625 -1 -1.0 -1 0.13707548655695953
2232.4649298597196 0.06813627254509018 -1 -1.0 -1 0.007549608906314845
1354.7094188376755 0.3366733466933867 1 0.7276538463317617 2 0.06716798335222314
1366.7334669338677 0.3927855711422845 1 0.8352751918582848 2 0.0930802966594465
1871.7434869739477 0.785571142284569 -1 -1.0 -1 0.703631969448483
1982.9659318637273 0.845691382765531 -1 -1.0 -1 0.9161070748373517
2286.573146292585 0.9178356713426853 -1 -1.0 -1 1.437546600736447
1141.2825651302605 0.12625250501002003 1 0.4334365325077399 1 0.006658208552035372
2244.4889779559117 0.2625250501002004 -1 -1.0 -1 0.11329300171521535
1078.1563126252504 0.280561122244489 0 1.1735121542330262 1 0.029260058274012596
2004.008016032064 0.4669338677354709 -1 -1.0 -1 0.28528014861107936
1745.4909819639279 0.8056112224448897 -1 -1.0 -1 0.6426935099290448
2466.933867735471 0.7895791583166332 -1 -1.0 -1 1.2393174934757474
2310.62124248497 0.10420841683366733 -1 -1.0 -1 0.018925052145066335
1721.442885771543 0.02004008016032064 -1 -1.0 -1 0.00038670518043466037
1763.5270541082164 0.05410821643286573 -1 -1.0 -1 0.002960032505801261
1495.991983967936 0.5551102204408818 1 0.8082162980030978 2 0.22334071686402285
1850.7014028056112 0.03406813627254509 -1 -1.0 -1 0.0012934965563173892
1733.4669338677354 0.7154308617234468 -1 -1.0 -1 0.4998317783198127
1027.054108216433 0.8196392785571142 0 3.8385734396996702 1 0.2260039714503717
1366.7334669338677 0.16833667334669336 1 0.3579750822249792 2 0.017096381019082015
1411.8236472945891 0.9198396793587174 0 1.7869239840944866 2 0.5452679845347373
2304.6092184368736 0.27655310621242485 -1 -1.0 -1 0.13259060909366338
1550.1002004008014 0.7675350701402806 0 1.1126063200345193 4 0.45885152547164954
1090.1803607214429 0.5150300601202404 0 2.1013900245298447 1 0.10087198276821667
1685.370741482966 0.35270541082164325 -1 -1.0 -1 0.11476733979728242
2244.4889779559117 0.5290581162324649 -1 -1.0 -1 0.4601170705403908
1450.9018036072143 0.6693386773547093 0 1.1282165733602432 2 0.30517268139699905
2031.062124248497 0.4048096192384769 -1 -1.0 -1 0.22029098875476208
2454.909819639279 0.9839679358717434 -1 -1.0 -1 1.9058467576895624
1859.7194388777555 0.9939879759519037 -1 -1.0 -1 1.1119625848251682
1685.370741482966 0.1503006012024048 -1 -1.0 -1 0.020840853769360592
1351.7034068136272 0.28456913827655306 1 0.6175645927712362 2 0.04777039028308614
2472.9458917835673 0.6613226452905812 -1 -1.0 -1 0.8736605401133614
1793.5871743486973 0.6773547094188376 -1 -1.0 -1 0.47998099113108705
2061.122244488978 0.1222444889779559 -1 -1.0 -1 0.020692224229177988
1862.7254509018035 0.4348697394789579 -1 -1.0 -1 0.21353123696311074
2472.9458917835673 0.29058116232464926 -1 -1.0 -1 0.16867504918166595
2424.8496993987974 0.8476953907815631 -1 -1.0 -1 1.3799071483402208
1423.8476953907816 0.4569138276553106 1 0.8480996015554025 2 0.13687754775629488
1928.8577154308618 0.5791583166332664 -1 -1.0 -1 0.4063462908717737
1330.6613226452905 0.6593186372745491 0 1.4655882623376697 2 0.2483789744222439
1841.6833667334668 0.08216432865731463 -1 -1.0 -1 0.007449971059586736
2049.098196392785 0.8056112224448897 -1 -1.0 -1 0.8881394724255869
1231.4629258517034 0.5531062124248497 0 1.3652153741188815 2 0.14927677999266234
1934.8697394789579 0.9278557114228456 -1 -1.0 -1 1.0495125820215512
2238.4769539078156 0.8957915831663326 -1 -1.0 -1 1.3119938288555801
1835.6713426853707 0.14829659318637273 -1 -1.0 -1 0.024109307433087087
1492.9859719438878 0.1442885771543086 1 0.21201592365793975 2 0.01502804403426527
1592.1843687374749 0.4428857715430861 1 0.6629014177854812 4 0.16129214986718096
2151.3026052104206 0.6753507014028055 -1 -1.0 -1 0.6884258282009199
1841.6833667334668 0.843687374749499 -1 -1.0 -1 0.7855088165212447
2073.14629258517 0.4248496993987976 -1 -1.0 -1 0.2528759177194147
1523.0460921843687 0.4428857715430861 1 0.6292455454566632 4 0.147424116573973
1096.192384769539 0.8937875751503005 0 3.6025848142164776 1 0.30723714160560894
2475.951903807615 0.24248496993987975 -1 -1.0 -1 0.11774595014558238
1387.7755511022044 0.6232464929859719 0 1.2890761961488744 2 0.24174120073200261
1444.8897795591183 0.5270541082164328 1 0.9069628318396944 2 0.18763125549763135
1946.8937875751503 0.16833667334669336 -1 -1.0 -1 0.034979099773380595
2325.6513026052103 0.7795591182364728 -1 -1.0 -1 1.0729834305317727
1664.3286573146293 0.3987975951903807 -1 -1.0 -1 0.14304351072733643
1679.3587174348697 0.24048096192384769 -1 -1.0 -1 0.052968562390806155
2379.759519038076 0.9058116232464929 -1 -1.0 -1 1.517249299895493
2082.1643286573144 0.7675350701402806 -1 -1.0 -1 0.8325874875233956
1646.2925851703408 0.9498997995991983 -1 -1.0 -1 0.7938702799046188
1084.1683366733466 0.7254509018036072 0 2.9966887417218544 1 0.19787606769661523
1420.8416833667334 0.1442885771543086 1 0.27083577304473394 2 0.013591398844530957
2442.885771543086 0.565130260521042 -1 -1.0 -1 0.6224965010084217
1709.4188376753507 0.1843687374749499 -1 -1.0 -1 0.03227041235434667
1958.9178356713428 0.8837675350701402 -1 -1.0 -1 0.9761525517102676
2436.87374749499 0.14829659318637273 -1 -1.0 -1 0.04265313836374321
1327.6553106212425 0.21843687374749496 1 0.4872186598476395 2 0.027137990245858952
1685.370741482966 0.9779559118236472 -1 -1.0 -1 0.8823332053423303
1553.1062124248497 0.6032064128256512 1 0.8763719067955709 4 0.28451925628535435
2280.5611222444886 0.20841683366733466 -1 -1.0 -1 0.0737322704012544
2361.7234468937877 0.6232464929859719 -1 -1.0 -1 0.7073871857355576
2280.5611222444886 0.879759519038076 -1 -1.0 -1 1.31377190125741
2127.254509018036 0.7755511022044087 -1 -1.0 -1 0.8875452834160075
1174.3486973947895 0.6593186372745491 0 2.032746370095768 1 0.19250566651568268
2337.6753507014027 0.4428857715430861 -1 -1.0 -1 0.3499310729486544
1796.5931863727455 0.3927855711422845 -1 -1.0 -1 0.16194629022531423
1141.2825651302605 0.2865731462925851 1 0.9838321293429652 1 0.03430428487794692
1766.5330661322646 0.5731462925851702 -1 -1.0 -1 0.33326885482860774
1012.0240480961924 0.23847695390781562 0 1.1575875486381324 1 0.018560028506732815
2481.9639278557115 0.28456913827655306 -1 -1.0 -1 0.1629554259674332
1417.8356713426854 0.2444889779559118 1 0.46414098187517644 2 0.03885540166406397
1168.3366733466933 0.4348697394789579 0 1.3660686181932646 1 0.0828730786721844
1420.8416833667334 0.1002004008016032 1 0.18808039794773193 2 0.006554494041536918
1414.8296593186374 0.8717434869739479 0 1.6739874411939406 2 0.4918568784237147
1703.4068136272545 0.7274549098196392 -1 -1.0 -1 0.498827013502877
1871.7434869739477 0.7234468937875751 -1 -1.0 -1 0.5967436868134095
1814.629258517034 0.45290581162324645 -1 -1.0 -1 0.2197014219521303
1363.7274549098197 0.5531062124248497 0 1.1809524910891471 2 0.18374688178603676
1030.060120240481 0.3607214428857715 0 1.6775396085740912 1 0.04403792987976292
1826.6533066132265 0.7114228456913827 -1 -1.0 -1 0.5493658678226776
1144.2885771543085 0.7314629258517034 0 2.485529451821587 1 0.2246986454536934
2280.5611222444886 0.39679358717434865 -1 -1.0 -1 0.2672522123530674
1423.8476953907816 0.8677354709418837 0 1.6106452959363566 2 0.4936717942305319
1598.196392785571 0.937875751503006 0 1.4103507263589896 4 0.7288415168618088
1778.5571142284568 0.68937875751503 -1 -1.0 -1 0.48879706932391753
1429.8597194388776 0.6613226452905812 0 1.2007792962778547 2 0.2892044643486591
2151.3026052104206 0.19839679358717432 -1 -1.0 -1 0.05941112048355816
2106.2124248496993 0.2545090180360721 -1 -1.0 -1 0.09368780306418585
1664.3286573146293 0.7615230460921844 -1 -1.0 -1 0.5215899333104563
2412.8256513026054 0.9218436873747494 -1 -1.0 -1 1.6156403182043988
1574.1482965931864 0.6132264529058116 1 0.9052328882140936 4 0.30217323460298157
1886.7735470941884 0.3627254509018036 -1 -1.0 -1 0.15245342043282478
2406.813627254509 0.03406813627254509 -1 -1.0 -1 0.002195576656958268
1949.8997995991983 0.3426853707414829 -1 -1.0 -1 0.14540959196969833
1517.0340681362725 0.33466933867735466 1 0.4734032450070754 4 0.0835095675241472
1003.0060120240481 0.4348697394789579 0 2.158130283441074 1 0.060588941224162675
1655.310621242485 0.17434869739478956 -1 -1.0 -1 0.02704140549436976
1057.114228456914 0.3166332665330661 0 1.3853572994300742 1 0.035789167376859804
1000.0 0.7374749498997996 0 3.6873747494989977 1 0.17317383338365305
2469.939879759519 0.11222444889779558 -1 -1.0 -1 0.025097426760259008
1712.4248496993987 0.4929859719438877 -1 -1.0 -1 0.23154797495681315
2388.7775551102204 0.41482965931863724 -1 -1.0 -1 0.320644312097653
2214.428857715431 0.2605210420841683 -1 -1.0 -1 0.10858362084292143
1246.4929859719439 0.8977955911823646 0 2.1882807228105436 2 0.4031597303456312
1123.246492985972 0.3066132264529058 0 1.1221122112211217 1 0.038009459706064
2301.603206412826 0.8877755511022043 -1 -1.0 -1 1.362767884680141
1084.1683366733466 0.43286573146292584 0 1.7880794701986757 1 0.07045042744767621
2004.008016032064 0.052104208416833664 -1 -1.0 -1 0.0035522735814085666
1532.064128256513 1.0 0 1.4302567028793667 4 0.760641073746676
1874.749498997996 0.6012024048096192 -1 -1.0 -1 0.4134488848072767
2055.1102204408817 0.03006012024048096 -1 -1.0 -1 0.0012438688761500548
1886.7735470941884 0.044088176352705406 -1 -1.0 -1 0.002252295579789603
2304.6092184368736 0.6813627254509017 -1 -1.0 -1 0.8048453272016112
2478.9579158316633 0.7074148296593186 -1 -1.0 -1 1.0045781928019912
1937.875751503006 0.561122244488978 -1 -1.0 -1 0.3850357294055396
1940.881763527054 0.4549098196392785 -1 -1.0 -1 0.253859747800898
1829.6593186372745 0.2004008016032064 -1 -1.0 -1 0.043736713827912596
1174.3486973947895 0.32665330661322645 0 1.0071053444547422 1 0.04725273282448584
1348.6973947895792 0.02004008016032064 1 0.043654863582833034 2 0.00023583917276855947
2370.741482965932 0.5230460921843687 -1 -1.0 -1 0.5020484652755662
1090.1803607214429 0.27054108216432865 0 1.1038430089942763 1 0.027833758057665504
1108.2164328657313 0.8957915831663326 0 3.469150174621654 1 0.3155980237692117
2247.49498997996 0.3366733466933867 -1 -1.0 -1 0.18683083187982866
2475.951903807615 0.6793587174348696 -1 -1.0 -1 0.9242184506987546
1904.809619238477 0.5831663326653306 -1 -1.0 -1 0.4016977203127205
1628.256513026052 0.5991983967935871 -1 -1.0 -1 0.30892873312144975
1153.306613226453 0.002004008016032064 1 0.006607201850016515 1 1.713924299394157e-06
1637.2745490981965 0.9799599198396792 -1 -1.0 -1 0.8355755782448203
1703.4068136272545 0.9519038076152304 -1 -1.0 -1 0.8541299161531666
1700.4008016032062 0.6112224448897795 -1 -1.0 -1 0.350902239047946
1426.8537074148296 0.13627254509018036 1 0.2501573252213345 2 0.012227555920180776
1877.7555110220442 0.1843687374749499 -1 -1.0 -1 0.03900843841578674
1354.7094188376755 0.9619238476953907 1 2.079010989519319 2 0.5483100681814136
1871.7434869739477 0.5250501002004008 -1 -1.0 -1 0.31432289222473503
1192.3847695390782 0.6392785571142284 0 1.867134913666959 1 0.18670738006876408
1736.4729458917836 0.5130260521042084 -1 -1.0 -1 0.25792145500462965
2358.7174348697395 0.9258517034068136 -1 -1.0 -1 1.5570698657238347
2385.771543086172 0.5911823647294588 -1 -1.0 -1 0.6495720941058406
1408.8176352705411 0.6492985971943888 0 1.2762266465215557 2 0.27051722320986604
1177.3547094188377 0.6072144288577154 0 1.8549127640036727 1 0.16413708192812693
1234.4689378757514 0.5230460921843687 0 1.2877562385257144 2 0.134157632408174
2412.8256513026054 0.13827655310621242 -1 -1.0 -1 0.036351907159598976
2343.687374749499 0.24649298597194386 -1 -1.0 -1 0.10895608293070766
2079.1583166332666 0.5270541082164328 -1 -1.0 -1 0.3914534791630703
1658.316633266533 0.9318637274549098 -1 -1.0 -1 0.7753361334084572
2484.9699398797593 0.9038076152304608 -1 -1.0 -1 1.6477894935671913
2292.5851703406815 0.9799599198396792 -1 -1.0 -1 1.6474135454084298
1435.8717434869739 0.721442885771543 0 1.2816708859724861 2 0.3471208158469313
1853.7074148296592 0.6673346693386772 -1 -1.0 -1 0.49794117426772233
1883.7675350701402 0.3106212424849699 -1 -1.0 -1 0.11144142401209481
1282.565130260521 0.565130260521042 0 1.327203530165913 2 0.1693060654399175
1529.058116232465 0.024048096192384766 1 0.03431869014896406 4 0.0004381402004161439
1820.6412825651303 0.9599198396793587 -1 -1.0 -1 0.993542321761762
2295.5911823647293 0.5390781563126252 -1 -1.0 -1 0.4998436308913589
1574.1482965931864 0.8917835671342684 0 1.3164334485466394 4 0.6390475328106223
1321.6432865731463 0.40280561122244485 1 0.9046308343047302 2 0.09143364332406735
2334.669338677355 0.32064128256513025 -1 -1.0 -1 0.18294228074040847
1138.2765531062123 0.24048096192384769 1 0.834202294056309 1 0.024026687542637776
2091.1823647294586 0.8817635270541081 -1 -1.0 -1 1.1084538864147009
1766.5330661322646 0.8637274549098196 -1 -1.0 -1 0.7568628752239354
1453.9078156312626 0.4428857715430861 1 0.7389468757645389 2 0.13417170479631632
2238.4769539078156 0.7094188376753506 -1 -1.0 -1 0.8228549197326739
2001.002004008016 0.7775551102204408 -1 -1.0 -1 0.7886956383206014
2346.693386773547 0.7915831663326652 -1 -1.0 -1 1.126561533176719
1640.2805611222443 0.1943887775551102 -1 -1.0 -1 0.033000671828645425
2106.2124248496993 0.04809619238476953 -1 -1.0 -1 0.003345785514599234
1012.0240480961924 0.23246492985971942 0 1.1284046692607004 1 0.01763602454534261
2187.374749498998 0.5090180360721442 -1 -1.0 -1 0.404390722273729
1727.4549098196394 0.5791583166332664 -1 -1.0 -1 0.32526311611838754
2154.308617234469 0.044088176352705406 -1 -1.0 -1 0.002942140965875801
2016.0320641282565 0.7935871743486973 -1 -1.0 -1 0.8340364745419585
1943.887775551102 0.20440881763527052 -1 -1.0 -1 0.05141590685796413
2403.807615230461 0.30260521042084165 -1 -1.0 -1 0.17278795534598348
1027.054108216433 0.5511022044088176 0 2.580947911778507 1 0.10217269349737487
2010.0200400801602 0.7154308617234468 -1 -1.0 -1 0.6737791944898032
2367.7354709418837 0.13026052104208416 -1 -1.0 -1 0.03105870616926594
1405.811623246493 0.6533066132264529 0 1.2994218133235036 2 0.27268185214639984
1312.625250501002 0.8637274549098196 0 1.96000920221896 2 0.414588018656976
1030.060120240481 0.7114228456913827 0 3.308480894687791 1 0.17129259608324446
1577.1543086172344 0.3286573146292585 1 0.4862727528158026 4 0.08713210989137275
2478.9579158316633 0.625250501002004 -1 -1.0 -1 0.7847720437537984
1601.202404809619 0.34669338677354705 -1 -1.0 -1 0.09997356505066506
1916.8336673346694 0.9899799599198396 -1 -1.0 -1 1.172407030031447
1231.4629258517034 0.4128256513026052 0 1.0189650980742375 2 0.08315886152815344
2208.4168336673347 0.1222444889779559 -1 -1.0 -1 0.023777231625315896
1096.192384769539 0.48096192384769537 0 1.9386106623586428 1 0.08896649518632528
1147.2945891783568 0.8236472945891783 0 2.770475227502527 1 0.28643783258012406
1592.1843687374749 0.5450901803607214 1 0.8158786680436693 4 0.24432420334910263
1465.9318637274548 0.7795591182364728 0 1.249193064586543 2 0.4226994617996836
2418.8376753507014 0.2945891783567134 -1 -1.0 -1 0.16581983114800025
2181.362725450902 0.9018036072144288 -1 -1.0 -1 1.2622720989494023
1426.8537074148296 0.47695390781563124 1 0.8755506382746706 2 0.14978756002221452
1447.8957915831663 0.8316633266533066 0 1.4163308722446049 2 0.46916040377092416
1724.4488977955912 0.9559118236472945 -1 -1.0 -1 0.8829735207811393
2250.501002004008 0.2224448897795591 -1 -1.0 -1 0.08177938713370662
1784.569138276553 0.5571142284569138 -1 -1.0 -1 0.3214108024301562
1141.2825651302605 0.8116232464929859 0 2.786377708978328 1 0.27516065954840063
2322.645290581162 0.5290581162324649 -1 -1.0 -1 0.4929149043887879
2100.200400801603 0.5470941883767535 -1 -1.0 -1 0.4304285072572475
1369.7394789579157 0.344689378757515 1 0.7300609972320746 2 0.07200155949232412
1126.25250501002 0.9879759519038075 0 3.576351106274936 1 0.3968079801758377
2190.380761523046 0.41482965931863724 -1 -1.0 -1 0.2693238589186334
1051.1022044088177 0.9118236472945891 0 4.042647712127943 1 0.2933384901892066
2382.765531062124 0.19238476953907813 -1 -1.0 -1 0.06861591673194606
1252.5050100200401 0.9478957915831663 0 2.298891422076184 2 0.4538418555240986
1402.805611222445 0.625250501002004 0 1.2586317992422775 2 0.24868076868857217
1063.12625250501 0.14228456913827653 1 0.6144526179143228 1 0.007311640519227997
1426.8537074148296 0.438877755511022 1 0.8056537385804742 2 0.1268265158926882
2049.098196392785 0.1623246492985972 -1 -1.0 -1 0.03605778989742999
1138.2765531062123 0.04609218436873747 1 0.1598887730274592 1 0.0008826470631982902
2268.5370741482966 0.038076152304609215 -1 -1.0 -1 0.002434891289516376
1622.2444889779558 0.11623246492985971 -1 -1.0 -1 0.011537770348092837
2085.1703406813626 0.1843687374749499 -1 -1.0 -1 0.04818033437051604
1778.5571142284568 0.39078156312625245 -1 -1.0 -1 0.15706554692605773
1763.5270541082164 0.4008016032064128 -1 -1.0 -1 0.1624160497010294
1826.6533066132265 0.13226452905811623 -1 -1.0 -1 0.01898859528058389
1817.6352705410823 0.3787575150300601 -1 -1.0 -1 0.1541666715419805
2256.513026052104 0.5551102204408818 -1 -1.0 -1 0.512021884352015
1396.7935871743487 0.5210420841683366 0 1.0651866018727565 2 0.1711950174231913
2157.314629258517 0.4629258517034068 -1 -1.0 -1 0.32528280950180993
1712.4248496993987 0.06012024048096192 -1 -1.0 -1 0.003443604624580803
1321.6432865731463 0.18036072144288576 1 0.4050585825245061 2 0.018331539093709204
1282.565130260521 0.597194388777555 0 1.4025058581185892 2 0.18906312352656346
1327.6553106212425 0.018036072144288574 1 0.04022906365714455 2 0.00018501617792396054
2052.104208416834 0.5831663326653306 -1 -1.0 -1 0.4667641630148426
1270.5410821643286 0.3306613226452906 1 0.787312886827439 2 0.05686005512132986
2082.1643286573144 0.5050100200400801 -1 -1.0 -1 0.36044035890684173
2271.5430861723444 0.11422845691382764 -1 -1.0 -1 0.021972478179576337
1006.0120240480962 0.7755511022044087 0 3.820335636722605 1 0.19389854796124625
1793.5871743486973 0.3687374749498998 -1 -1.0 -1 0.14224148695541197
2082.1643286573144 0.7114228456913827 -1 -1.0 -1 0.7153013389902166
1691.382765531062 0.9919839679358716 -1 -1.0 -1 0.9143853385314071
2025.0501002004007 0.0781563126252505 -1 -1.0 -1 0.008162615779370486
1099.198396793587 0.9438877755511021 0 3.781613809714974 1 0.3445760408561231
1916.8336673346694 0.8116232464929859 -1 -1.0 -1 0.7880151416221711
2079.1583166332666 0.9458917835671342 -1 -1.0 -1 1.2608187468644254
1297.5951903807616 0.04809619238476953 1 0.11105668144941315 2 0.0012557471758330742
1949.8997995991983 0.2885771543086172 -1 -1.0 -1 0.10311594333585257
2031.062124248497 0.24849699398797592 -1 -1.0 -1 0.08301132837695376
1805.6112224448898 0.6813627254509017 -1 -1.0 -1 0.4922734311992802
1459.9198396793586 0.18637274549098196 1 0.30478021441512415 2 0.023959514942304947
1042.0841683366734 0.7975951903807614 0 3.608340888485946 1 0.2205046436490015
2337.6753507014027 0.4949899799599198 -1 -1.0 -1 0.437111132645205
1865.7314629258517 0.05611222444889779 -1 -1.0 -1 0.003566734774354066
2001.002004008016 0.44088176352705405 -1 -1.0 -1 0.25356619257304913
1243.4869739478959 0.5831663326653306 0 1.4249706890696874 2 0.1692655228787675
1961.9238476953908 0.6172344689378757 -1 -1.0 -1 0.47762198708549164
1730.4609218436874 0.044088176352705406 -1 -1.0 -1 0.0018915158929098041
1408.8176352705411 0.14228456913827653 1 0.27966695031799516 2 0.012990372296533822
1024.0480961923847 0.8356713426853707 0 3.9413988657844987 1 0.23351835965295353
1366.7334669338677 0.2925851703406813 1 0.6221947857719876 2 0.05164774061830387
2085.1703406813626 0.719438877755511 -1 -1.0 -1 0.7336400843580434
2397.7955911823647 0.9238476953907815 -1 -1.0 -1 1.6024146134170683
1517.0340681362725 0.16833667334669336 1 0.23811899748858883 4 0.02112816911507701
1270.5410821643286 0.37074148296593185 1 0.8827447518974316 2 0.07147972034995463
1117.2344689378758 0.561122244488978 0 2.0997375328083985 1 0.1259068527450164
1622.2444889779558 0.23246492985971942 -1 -1.0 -1 0.04615108139237135
1571.1422845691382 0.8416833667334669 0 1.2396334378749592 4 0.5670626493927333
2340.6813627254505 0.7755511022044087 -1 -1.0 -1 1.0758265752141107
1517.0340681362725 0.6372745490981964 1 0.9014504904925149 4 0.30280115838903743
1192.3847695390782 0.5350701402805611 0 1.5627743634767337 1 0.13079846323957234
1054.1082164328657 0.8677354709418837 0 3.82171226831421 1 0.267221539846051
2466.933867735471 0.8016032064128256 -1 -1.0 -1 1.2773506078236976
1991.9839679358718 0.5991983967935871 -1 -1.0 -1 0.46412519429496585
1625.250501002004 0.1783567134268537 -1 -1.0 -1 0.02726920429448255
1946.8937875751503 0.5190380761523046 -1 -1.0 -1 0.3325443582622086
2469.939879759519 0.6192384769539078 -1 -1.0 -1 0.764135014188868
2073.14629258517 0.8076152304609218 -1 -1.0 -1 0.9137888243345593
2442.885771543086 0.27054108216432865 -1 -1.0 -1 0.14266131898393555
1721.442885771543 0.002004008016032064 -1 -1.0 -1 3.867051804346604e-06
1009.0180360721442 0.7454909819639278 0 3.6452719255267025 1 0.18026389956792746
1565.1302605210421 0.7815631262525049 0 1.145844275679894 4 0.48516605993735984
2202.404809619238 0.08216432865731463 -1 -1.0 -1 0.010682841327921421
1423.8476953907816 0.9278557114228456 1 1.7222373487725937 2 0.5644487348986068
2172.3446893787577 0.2565130260521042 -1 -1.0 -1 0.10128067392168298
1649.2985971943888 0.3627254509018036 -1 -1.0 -1 0.11618559521694596
1018.0360721442886 0.9218436873747494 0 4.410354745925215 1 0.28073657784775524
1970.941883767535 0.4749498997995992 -1 -1.0 -1 0.2854264138443193
2193.386773547094 0.49098196392785565 -1 -1.0 -1 0.3783249879287723
1826.6533066132265 0.7174348697394789 -1 -1.0 -1 0.5586901573785017
1303.6072144288578 0.47695390781563124 0 1.0937310471579513 2 0.12465830544889565
1583.1663326653306 0.7234468937875751 0 1.0753369394370083 4 0.4254513671063734
1679.3587174348697 0.36472945891783565 -1 -1.0 -1 0.1218424069884071
2220.4408817635267 0.438877755511022 -1 -1.0 -1 0.3098384560982488
1042.0841683366734 0.7414829659318637 0 3.354487760652764 1 0.19057022370362062
1931.8637274549096 0.09018036072144288 -1 -1.0 -1 0.009883010247836718
1850.7014028056112 0.18236472945891782 -1 -1.0 -1 0.03706382347011868
2439.879759519038 0.16032064128256512 -1 -1.0 -1 0.04997396039842275
1033.066132264529 0.2785571142284569 0 1.286441462285979 1 0.026418968971017354
1141.2825651302605 0.10821643286573146 1 0.3715170278637771 1 0.004891745058638233
1114.2284569138276 0.2985971943887775 0 1.1300720515737583 1 0.03545748764717121
2025.0501002004007 0.4448897795591182 -1 -1.0 -1 0.2644880710522649
1697.3947895791584 0.9939879759519037 -1 -1.0 -1 0.9246912746168939
2235.4709418837674 0.14829659318637273 -1 -1.0 -1 0.0358596397458063
2229.4589178356714 0.7875751503006011 -1 -1.0 -1 1.0059450431732975
1099.198396793587 0.14228456913827653 1 0.5700521878763548 1 0.0078299675080608
2322.645290581162 0.3366733466933867 -1 -1.0 -1 0.1996101678929801
1258.5170340681361 0.6392785571142284 0 1.5427340554657738 2 0.2084508080080962
1216.432865731463 0.08817635270541081 1 0.22043549784038255 2 0.0036999436669558406
1847.6953907815632 0.37074148296593185 -1 -1.0 -1 0.15268149372690518
1667.3346693386775 0.3787575150300601 -1 -1.0 -1 0.12950011807124
1511.0220440881762 0.8997995991983967 0 1.2672327093132967 4 0.598826613570738
1622.2444889779558 0.30260521042084165 -1 -1.0 -1 0.07820234890215957
1207.4148296593187 0.3366733466933867 1 0.8481924458172083 2 0.05312639057328995
1895.7915831663327 0.6773547094188376 -1 -1.0 -1 0.5367724082710352
1189.37875751503 0.17434869739478956 1 0.5137289636846768 1 0.01381588723719635
2046.0921843687374 0.6132264529058116 -1 -1.0 -1 0.5130829092712665
1961.9238476953908 0.6432865731462926 -1 -1.0 -1 0.5187916087375206
1177.3547094188377 0.2885771543086172 1 0.8815426997245177 1 0.03707203575751441
1348.6973947895792 0.5771543086172344 0 1.2572600711855912 2 0.19561444346115392
1514.0280561122245 0.3386773547094188 1 0.4780221894306435 4 0.0851787066935056
1168.3366733466933 0.21843687374749496 1 0.6861819326408564 1 0.020909661443314208
1703.4068136272545 0.044088176352705406 -1 -1.0 -1 0.0018322388007451862
1832.6653306613225 0.8416833667334669 -1 -1.0 -1 0.774075823236857
2100.200400801603 0.04208416833667334 -1 -1.0 -1 0.002546914244125724
1553.1062124248497 0.5711422845691382 1 0.8297873536104241 4 0.2550752926764373
2451.90380761523 0.8096192384769538 -1 -1.0 -1 1.2871173396686417
2058.11623246493 0.25250501002004005 -1 -1.0 -1 0.08802617505024796
2304.6092184368736 0.1342685370741483 -1 -1.0 -1 0.031253898562353236
1547.0941883767534 0.33266533066132264 1 0.4811426284941574 4 0.08585851545527534
2025.0501002004007 0.2565130260521042 -1 -1.0 -1 0.08792655945378439
2184.3687374749497 0.1623246492985972 -1 -1.0 -1 0.041011129315039516
1042.0841683366734 0.07014028056112225 1 0.3173164097914777 1 0.001705248532044816
2274.549098196393 0.20240480961923846 -1 -1.0 -1 0.06917154665594778
2121.24248496994 0.969939879759519 -1 -1.0 -1 1.3803350946614337
1210.4208416833667 0.06212424849699398 1 0.15610800503354696 2 0.0018181100130147503
1877.7555110220442 0.7695390781563125 -1 -1.0 -1 0.6795874639695474
1039.0781563126252 0.24649298597194386 0 1.1227749885896852 1 0.02093540140657559
2016.0320641282565 0.9498997995991983 -1 -1.0 -1 1.1949544622627095
1754.5090180360721 0.41482965931863724 -1 -1.0 -1 0.1721919665101257
2382.765531062124 0.17434869739478956 -1 -1.0 -1 0.05635350192535805
1973.947895791583 0.503006012024048 -1 -1.0 -1 0.3211285840287337
2232.4649298597196 0.6813627254509017 -1 -1.0 -1 0.7549608906314844
1333.6673346693387 0.4308617234468938 1 0.9545050729309724 2 0.10655985895713839
1084.1683366733466 0.10420841683366733 1 0.43046357615894043 1 0.004083032317783704
1889.7795591182364 0.08016032064128256 -1 -1.0 -1 0.007469551234276964
1027.054108216433 0.5711422845691382 0 2.674800563115907 1 0.10973853923073416
1664.3286573146293 0.6813627254509017 -1 -1.0 -1 0.41756091614050383
1414.8296593186374 0.6673346693386772 0 1.2814662480863956 2 0.2882363186234763
2265.5310621242484 0.5390781563126252 -1 -1.0 -1 0.4867639713028404
1709.4188376753507 0.2545090180360721 -1 -1.0 -1 0.061494503882710015
1363.7274549098197 0.5691382765531061 0 1.2151829980772382 2 0.19455325164532894
2097.194388777555 0.4188376753507014 -1 -1.0 -1 0.2515449733700378
2085.1703406813626 0.7955911823647294 -1 -1.0 -1 0.8971708789936983
1673.3466933867735 0.813627254509018 -1 -1.0 -1 0.6019480081010737
1691.382765531062 0.38476953907815625 -1 -1.0 -1 0.1375692321992523
2064.128256513026 0.33466933867735466 -1 -1.0 -1 0.1555447388355792
1676.3527054108217 0.022044088176352703 -1 -1.0 -1 0.00044347395247921497
1018.0360721442886 0.3186372745490982 0 1.524448705656759 1 0.033541122044277415
1159.318637274549 0.7174348697394789 0 2.319403952057014 1 0.22201245288117663
2049.098196392785 0.9438877755511021 -1 -1.0 -1 1.2191885640353248
1180.3607214428857 0.3486973947895791 0 1.0555050045495904 1 0.05441061504230334
1036.0721442885772 0.3226452905811623 0 1.4797794117647056 1 0.03565614558125332
1456.9138276553106 0.374749498997996 1 0.6189878414116086 2 0.09646713924798375
1934.8697394789579 0.6973947895791582 -1 -1.0 -1 0.5929036928526883
1405.811623246493 0.6012024048096192 0 1.1957869447762302 2 0.2309210611349315
2364.7294589178355 0.23246492985971942 -1 -1.0 -1 0.09866502271822035
1580.1603206412824 0.37675350701402804 1 0.5587189759149693 4 0.11494242490409118
1859.7194388777555 0.6753507014028055 -1 -1.0 -1 0.5133181532746224
1264.5290581162326 0.8496993987975952 0 2.037266680050777 2 0.37185437971400265
1168.3366733466933 0.9639278557114228 0 3.028013849543596 1 0.40717786223269253
1646.2925851703408 0.7935871743486973 -1 -1.0 -1 0.5540937252466781
1742.4849699398796 0.8116232464929859 -1 -1.0 -1 0.6500544931484383
1216.432865731463 0.5090180360721442 0 1.2725140102603902 2 0.12329832934779082
1054.1082164328657 0.5110220440881763 0 2.2506619593998236 1 0.09267786712014821
1973.947895791583 0.15430861723446893 -1 -1.0 -1 0.030221288149495432
1769.5390781563126 0.48096192384769537 -1 -1.0 -1 0.23549205980598348
1093.186372745491 0.09418837675350701 1 0.3819585534335635 1 0.0033927621240987943
2223.4468937875754 0.22444889779559116 -1 -1.0 -1 0.08125787092212372
2271.5430861723444 0.9759519038076151 -1 -1.0 -1 1.603936804361939
1084.1683366733466 0.39078156312625245 0 1.6142384105960266 1 0.05741764196883333
2346.693386773547 0.018036072144288574 -1 -1.0 -1 0.000584851685225536
2259.5190380761524 0.8877755511022043 -1 -1.0 -1 1.3131055229256365
2079.1583166332666 0.38276553106212424 -1 -1.0 -1 0.20645974892434427
2235.4709418837674 0.20240480961923846 -1 -1.0 -1 0.0668013486207031
1234.4689378757514 0.21843687374749496 1 0.5377985823728079 2 0.023398464946808112
1973.947895791583 0.5290581162324649 -1 -1.0 -1 0.355254326002232
2313.627254509018 0.46492985971943884 -1 -1.0 -1 0.3776956864742957
2322.645290581162 0.3687374749498998 -1 -1.0 -1 0.23944167531833668
1979.9599198396793 0.24048096192384769 -1 -1.0 -1 0.07385092514652748
2463.927855711423 0.22645290581162322 -1 -1.0 -1 0.10169104473647149
1162.3246492985973 0.7975951903807614 0 2.553737568174526 1 0.27585309778840134
2208.4168336673347 0.6653306613226453 -1 -1.0 -1 0.704332593031126
1943.887775551102 0.3887775551102204 -1 -1.0 -1 0.18599472034855227
2022.0440881763527 0.4348697394789579 -1 -1.0 -1 0.2519531252380181
1129.258517034068 0.3106212424849699 0 1.1123071402942233 1 0.03943855891061873
1850.7014028056112 0.2344689378757515 -1 -1.0 -1 0.06126876940978802
1483.9679358717435 0.40280561122244485 1 0.6087248797056332 2 0.11568973221669919
1772.5450901803606 0.3667334669338677 -1 -1.0 -1 0.13738664137999773
2277.555110220441 0.3306613226452906 -1 -1.0 -1 0.18510003120746837
1300.6012024048096 0.9138276553106212 0 2.102938999100476 2 0.45546566958983115
1360.7214428857715 0.21843687374749496 1 0.46828123430083335 2 0.028530315703913626
1396.7935871743487 0.3787575150300601 1 0.7743087221305807 2 0.09046238487239375
1922.8456913827654 0.813627254509018 -1 -1.0 -1 0.7969278107764896
1754.5090180360721 0.627254509018036 -1 -1.0 -1 0.3936958801146002
1745.4909819639279 0.08617234468937875 -1 -1.0 -1 0.007353408949399791
1129.258517034068 0.9418837675350701 0 3.3728022963760322 1 0.36262133874529356
1474.9498997995993 0.9118236472945891 1 1.4183303816207218 2 0.5855410025227651
1736.4729458917836 0.13226452905811623 -1 -1.0 -1 0.017143338897707625
2025.0501002004007 0.6693386773547093 -1 -1.0 -1 0.5986776896012188
1754.5090180360721 0.08216432865731463 -1 -1.0 -1 0.006755226392763454
1505.0100200400802 0.8076152304609218 0 1.1324490465855737 4 0.478530164025492
1288.577154308617 0.531062124248497 0 1.2387319579131495 2 0.15093958981693395
2121.24248496994 0.8977955911823646 -1 -1.0 -1 1.1826325679552643
1243.4869739478959 0.38276553106212424 1 0.9352900399048464 2 0.07292043717174242
1847.6953907815632 0.5691382765531061 -1 -1.0 -1 0.35981529753213326
1240.4809619238476 0.11823647294589178 1 0.2896380451760966 2 0.00692376921437822
1958.9178356713428 0.5791583166332664 -1 -1.0 -1 0.41921440794418613
1862.7254509018035 0.018036072144288574 -1 -1.0 -1 0.0003673051072227477
2421.8436873747496 0.6673346693386772 -1 -1.0 -1 0.8530502426640822
1087.1743486973949 0.3166332665330661 0 1.299876593994241 1 0.03791036599533419
1072.1442885771544 0.9519038076152304 0 4.032258064516128 1 0.33298152526923797
1342.685370741483 0.6172344689378757 0 1.353603514933707 2 0.22170293225709936
1850.7014028056112 1.0 -1 -1.0 -1 1.1144703668497795
2172.3446893787577 0.36472945891783565 -1 -1.0 -1 0.20476202654918374
1498.997995991984 0.5871743486973947 1 0.8471564009042872 2 0.25090589134222635
2415.831663326653 0.40881763527054105 -1 -1.0 -1 0.31854913257803175
1721.442885771543 0.8296593186372745 -1 -1.0 -1 0.6627972110577904
1066.1322645290581 0.14829659318637273 1 0.636285468615649 1 0.00798878304339199
1036.0721442885772 0.7094188376753506 0 3.2536764705882346 1 0.17238090890244745
1865.7314629258517 0.9358717434869739 -1 -1.0 -1 0.9921755359746222
2061.122244488978 0.5771543086172344 -1 -1.0 -1 0.4612458603775703
2127.254509018036 0.24048096192384769 -1 -1.0 -1 0.08533576428493556
2016.0320641282565 0.2885771543086172 -1 -1.0 -1 0.1102858148154656
2160.320641282565 0.2284569138276553 -1 -1.0 -1 0.07944456161359188
1294.5891783567135 0.3246492985971944 1 0.7521587769313932 2 0.05694539403364092
1808.6172344689378 0.6052104208416833 -1 -1.0 -1 0.38969131000607193
1580.1603206412824 0.1903807615230461 1 0.2823313974038409 4 0.02935025420890173
2040.0801603206412 0.6533066132264529 -1 -1.0 -1 0.5789024695468042
1036.0721442885772 0.7615230460921844 0 3.492647058823529 1 0.19863228355128967
2460.921843687375 0.1402805611222445 -1 -1.0 -1 0.038927478707959234
1456.9138276553106 0.9418837675350701 1 1.5557448420505668 2 0.6093852000308734
1228.4569138276554 0.3046092184368737 1 0.7537674809223289 2 0.04505007329452323
2166.3326653306613 0.24849699398797592 -1 -1.0 -1 0.09452078871022977
1658.316633266533 0.8597194388777555 -1 -1.0 -1 0.659931262937338
1562.124248496994 0.24649298597194386 1 0.36056036875100406 4 0.04807074016546313
1303.6072144288578 0.40881763527054105 1 0.9374837547068154 2 0.09158569379918863
1763.5270541082164 0.16833667334669336 -1 -1.0 -1 0.02865019116726158
1928.8577154308618 0.18236472945891782 -1 -1.0 -1 0.04028871343385686
1619.2384769539078 0.8577154308617234 -1 -1.0 -1 0.625927173192337
1459.9198396793586 0.17434869739478956 1 0.2851169747754387 2 0.020967692056689337
2112.224448897796 0.7875751503006011 -1 -1.0 -1 0.9023050159539054
1213.426853707415 0.21042084168336672 1 0.5273925975203915 2 0.02096402632180001
2247.49498997996 0.14228456913827653 -1 -1.0 -1 0.033369268123094396
1613.2264529058116 0.1442885771543086 -1 -1.0 -1 0.017580559136006604
2205.4108216432865 0.6633266533066132 -1 -1.0 -1 0.6981795933652017
2046.0921843687374 0.21442885771543085 -1 -1.0 -1 0.06273533927385547
2025.0501002004007 0.3426853707414829 -1 -1.0 -1 0.15692508087085622
1315.63126252505 0.49699398797595185 0 1.1238943411463975 2 0.1379074004155682
1871.7434869739477 0.344689378757515 -1 -1.0 -1 0.13546600494692265
2229.4589178356714 0.8917835671342684 -1 -1.0 -1 1.28976080890386
1198.3967935871742 0.16633266533066132 1 0.47742306586137495 1 0.012770220018759918
1799.5991983967936 0.03607214428857715 -1 -1.0 -1 0.0013704701931972142
1877.7555110220442 0.03607214428857715 -1 -1.0 -1 0.0014932341737612124
1910.8216432865731 0.7014028056112224 -1 -1.0 -1 0.5848028063788786
2301.603206412826 0.3727454909819639 -1 -1.0 -1 0.2402372380923937
1895.7915831663327 0.8056112224448897 -1 -1.0 -1 0.7592921139511256
1922.8456913827654 0.5250501002004008 -1 -1.0 -1 0.33187114855335825
1988.9779559118238 0.5350701402805611 -1 -1.0 -1 0.3689720857476862
1381.7635270541082 1.0 1 2.0846306055567947 2 0.6168789952656747
2481.9639278557115 0.19839679358717432 -1 -1.0 -1 0.07920681064802682
2127.254509018036 0.5871743486973947 -1 -1.0 -1 0.508749307506766
2028.056112224449 0.9058116232464929 -1 -1.0 -1 1.0997017388527892
1306.6132264529058 0.13226452905811623 1 0.3022418707518947 2 0.009631449423401614
1216.432865731463 0.5450901803607214 0 1.3626921684678195 2 0.14139288856201496
1643.2865731462925 0.10420841683366733 -1 -1.0 -1 0.009519064649824457
1724.4488977955912 0.38276553106212424 -1 -1.0 -1 0.14157209415774147
1489.9799599198395 0.6633266533066132 1 0.9837598405750256 2 0.3163143433967469
2031.062124248497 0.11422845691382764 -1 -1.0 -1 0.017540570102544405
2193.386773547094 0.374749498997996 -1 -1.0 -1 0.22040227410047877
2091.1823647294586 0.08016032064128256 -1 -1.0 -1 0.009160775920782653
1709.4188376753507 0.5731462925851702 -1 -1.0 -1 0.3118608989763871
2247.49498997996 0.7054108216432865 -1 -1.0 -1 0.8201915884792479
1547.0941883767534 0.468937875751503 1 0.6782371992026074 4 0.17060781217408388
1207.4148296593187 0.35871743486973945 1 0.9037288559600019 2 0.06031117773380047
1057.114228456914 0.37675350701402804 0 1.6483998246383162 1 0.05067025844286705
1114.2284569138276 0.280561122244489 0 1.0618126659082294 1 0.03130339885070745
2475.951903807615 0.597194388777555 -1 -1.0 -1 0.7141801350132022
2163.3266533066135 0.9438877755511021 -1 -1.0 -1 1.3599153863672542
1982.9659318637273 0.12625250501002003 -1 -1.0 -1 0.020417493879458286
1168.3366733466933 0.5791583166332664 0 1.8193264085615366 1 0.14699064333027909
1763.5270541082164 0.06212424849699398 -1 -1.0 -1 0.003902045594067232
2178.3567134268537 0.813627254509018 -1 -1.0 -1 1.0246477853552753
2490.9819639278558 0.625250501002004 -1 -1.0 -1 0.7924410865525898
1468.937875751503 0.845691382765531 0 1.3416676734819568 2 0.49953032346522813
2259.5190380761524 0.6352705410821643 -1 -1.0 -1 0.6723736726978193
1276.5531062124248 0.014028056112224447 1 0.03317139092508995 2 0.0001033268296461317
1964.9298597194388 0.15831663326653306 -1 -1.0 -1 0.03151935606840438
1114.2284569138276 0.7695390781563125 0 2.9124004550625715 1 0.23550377453724056
2196.392785571142 0.07414829659318636 -1 -1.0 -1 0.008652335766983524
1559.118236472946 0.16633266533066132 1 0.24275327547835499 4 0.021803831748193125
1381.7635270541082 0.7755511022044087 0 1.616737563828616 2 0.3710400771159344
1159.318637274549 0.8476953907815631 0 2.7405247813411084 1 0.30995026826235167
2190.380761523046 0.018036072144288574 -1 -1.0 -1 0.0005091188259331443
1495.991983967936 0.16833667334669336 1 0.2450908629323473 2 0.02053841569931245
1907.8156312625251 0.3727454909819639 -1 -1.0 -1 0.16463431761421712
1498.997995991984 0.4048096192384769 1 0.5840463924323073 2 0.11925548335249342
1462.9258517034068 0.8416833667334669 0 1.3624503092144131 2 0.4907076195976329
2490.9819639278558 0.56312625250501 -1 -1.0 -1 0.6427919608325019
1808.6172344689378 0.625250501002004 -1 -1.0 -1 0.41592595589262604
1078.1563126252504 0.3807615230460922 0 1.5926236378876786 1 0.05389225018835991
2352.7054108216435 0.3727454909819639 -1 -1.0 -1 0.25108525456350306
2481.9639278557115 0.595190380761523 -1 -1.0 -1 0.7128612958322413
1763.5270541082164 0.2004008016032064 -1 -1.0 -1 0.04060401242525735
1222.4448897795592 0.1903807615230461 1 0.47351013222527294 2 0.017422377098729666
1670.3406813627253 0.7314629258517034 -1 -1.0 -1 0.4847456460347688
1207.4148296593187 0.32064128256513025 1 0.8078023293497224 2 0.04818720233404987
1886.7735470941884 0.7374749498997996 -1 -1.0 -1 0.630196026027742
2310.62124248497 0.18036072144288576 -1 -1.0 -1 0.056691169517395466
1489.9799599198395 0.5290581162324649 1 0.7846302051716216 2 0.20121981797701435
1183.366733466934 0.7314629258517034 0 2.194168920949804 1 0.24067365062388785
1745.4909819639279 0.32665330661322645 -1 -1.0 -1 0.10566399263201898
1679.3587174348697 0.4288577154308617 -1 -1.0 -1 0.16845474189231655
1562.124248496994 0.11823647294589178 1 0.1729517215960101 4 0.011060496167359189
1898.797595190381 0.47094188376753504 -1 -1.0 -1 0.2603036588686276
2448.8977955911823 0.9338677354709418 -1 -1.0 -1 1.7082693009188044
2277.555110220441 0.8757515030060119 -1 -1.0 -1 1.298378984744133
2289.5791583166333 0.7655310621242485 -1 -1.0 -1 1.00268711157328
1435.8717434869739 0.1903807615230461 1 0.33821870602051723 2 0.024172572245513533
1934.8697394789579 0.3386773547094188 -1 -1.0 -1 0.13982958755751773
2370.741482965932 0.46492985971943884 -1 -1.0 -1 0.3966802688597068
1282.565130260521 0.4188376753507014 1 0.9836366588818294 2 0.09299655757357572
1378.7575150300602 0.6052104208416833 0 1.2666329586785834 2 0.2249524981153901
2451.90380761523 0.3607214428857715 -1 -1.0 -1 0.25550559874806383
2487.9759519038075 0.9519038076152304 -1 -1.0 -1 1.83227680462188
2451.90380761523 0.20240480961923846 -1 -1.0 -1 0.08044483372929011
2319.6392785571143 0.2745490981963928 -1 -1.0 -1 0.13239574721281527
2298.5971943887776 0.044088176352705406 -1 -1.0 -1 0.003352109041432444
1183.366733466934 0.09018036072144288 1 0.2705139765554553 1 0.0036582033590795487
2481.9639278557115 0.14228456913827653 -1 -1.0 -1 0.0407388564918583
1940.881763527054 0.026052104208416832 -1 -1.0 -1 0.0008325854834821511
2481.9639278557115 0.5751503006012023 -1 -1.0 -1 0.665665318464169
2211.4228456913825 0.8016032064128256 -1 -1.0 -1 1.0252042946134445
1820.6412825651303 0.07615230460921843 -1 -1.0 -1 0.006252915183528595
1465.9318637274548 0.9899799599198396 1 1.5863788532281549 2 0.6816891631680175
1099.198396793587 0.20240480961923846 1 0.8109193095142513 1 0.01584477257483203
1009.0180360721442 0.7615230460921844 0 3.7236648701616857 1 0.18810055423754712
1327.6553106212425 0.14829659318637273 1 0.3307723011809663 2 0.01250800728779763
2433.8677354709416 0.969939879759519 -1 -1.0 -1 1.8201228049023481
1435.8717434869739 0.24248496993987975 1 0.43078382556297456 2 0.03921447426554723
2361.7234468937877 0.9198396793587174 -1 -1.0 -1 1.540855033322164
1027.054108216433 0.5450901803607214 0 2.552792116377287 1 0.09995563048872438
2181.362725450902 0.11823647294589178 -1 -1.0 -1 0.021698613217001825
2280.5611222444886 0.7915831663326652 -1 -1.0 -1 1.0636166317821483
1778.5571142284568 0.20440881763527052 -1 -1.0 -1 0.04297462065006454
2400.8016032064124 0.12024048096192384 -1 -1.0 -1 0.0272125663471164
1619.2384769539078 0.21643286573146292 -1 -1.0 -1 0.03985508858915307
2037.0741482965932 0.1002004008016032 -1 -1.0 -1 0.013577508274086773
1162.3246492985973 0.28456913827655306 1 0.9111324991979464 1 0.03511465533575746
1225.4509018036072 0.8817635270541081 0 2.187514843265055 2 0.3756145354200286
1718.436873747495 0.4128256513026052 -1 -1.0 -1 0.16352372389716555
1174.3486973947895 0.7735470941883766 0 2.3849243126351563 1 0.2649880755736794
1141.2825651302605 0.1503006012024048 1 0.5159958720330237 1 0.009436236610027455
1483.9679358717435 0.6192384769539078 1 0.9358009344728391 2 0.2734133145660418
1297.5951903807616 0.783567134268537 0 1.8092984352800225 2 0.33329840970231994
1054.1082164328657 0.1002004008016032 1 0.44130626654898497 1 0.003563162903504352
1823.6472945891783 0.5270541082164328 -1 -1.0 -1 0.3005196436907006
1144.2885771543085 0.5410821643286573 0 1.8386108273748727 1 0.12295388443290861
2067.134268537074 0.2945891783567134 -1 -1.0 -1 0.12087320827369603
1108.2164328657313 0.2224448897795591 1 0.8614668218859141 1 0.019461001510745042
2199.3987975951904 0.879759519038076 -1 -1.0 -1 1.2213899930185321
1372.745490981964 0.07414829659318636 1 0.15642154794452764 2 0.003346751458724355
2280.5611222444886 0.7334669338677354 -1 -1.0 -1 0.9131730782054763
2124.248496993988 0.42084168336673344 -1 -1.0 -1 0.2605977581253239
1598.196392785571 0.35871743486973945 1 0.5394290171330324 4 0.10662215575356684
1562.124248496994 0.751503006012024 0 1.099269416923793 4 0.4468205324719581
2316.633266533066 0.5370741482965932 -1 -1.0 -1 0.505323865482911
1982.9659318637273 0.5150300601202404 -1 -1.0 -1 0.33977199628227267
1399.7995991983967 0.5591182364729459 0 1.138625693699538 2 0.1979927201971891
1517.0340681362725 0.8416833667334669 0 1.1905949874429442 4 0.5282042278769252
1583.1663326653306 0.4008016032064128 1 0.5957545370842151 4 0.13058566680930112
2199.3987975951904 0.7735470941883766 -1 -1.0 -1 0.9442781191452368
2463.927855711423 0.7795591182364728 -1 -1.0 -1 1.2051053786958728
1676.3527054108217 0.344689378757515 -1 -1.0 -1 0.10842754884417434
1255.5110220440881 0.0060120240480961915 1 0.014544499027214233 2 1.8346253330353172e-05
1102.2044088176353 0.8336673346693386 0 3.3055224473579647 1 0.27031004788161056
1195.3907815631262 0.7955911823647294 0 2.303452277342617 1 0.29066657633465554
1649.2985971943888 0.9258517034068136 -1 -1.0 -1 0.7569707330510611
1889.7795591182364 0.5731462925851702 -1 -1.0 -1 0.381862132974324
1703.4068136272545 0.5250501002004008 -1 -1.0 -1 0.2598599178478359
2400.8016032064124 0.14829659318637273 -1 -1.0 -1 0.04139333703244703
1712.4248496993987 0.9859719438877754 -1 -1.0 -1 0.9261918998272526
1913.8276553106211 0.16633266533066132 -1 -1.0 -1 0.032991815933716695
1883.7675350701402 0.4248496993987976 -1 -1.0 -1 0.20847547807698602
2361.7234468937877 0.5551102204408818 -1 -1.0 -1 0.5611719417117649
1850.7014028056112 0.13827655310621242 -1 -1.0 -1 0.021309124929505503
1264.5290581162326 0.8356713426853707 0 2.003632560332957 2 0.3596775222170269
1964.9298597194388 0.312625250501002 -1 -1.0 -1 0.12290579222571527
1408.8176352705411 0.7615230460921844 0 1.4968090298709602 2 0.37211064463786625
1916.8336673346694 0.7535070140280561 -1 -1.0 -1 0.6792039546531082
2016.0320641282565 0.3887775551102204 -1 -1.0 -1 0.20016960486086333
1559.118236472946 0.04809619238476953 1 0.07019371821060866 4 0.0018230522698445691
2256.513026052104 0.9158316633266532 -1 -1.0 -1 1.3936746018458992
1568.1362725450902 0.6212424849699398 1 0.9128786587006325 4 0.3077314427780061
2313.627254509018 0.8817635270541081 -1 -1.0 -1 1.3585368033112302
1922.8456913827654 0.627254509018036 -1 -1.0 -1 0.4736478723941487
1520.0400801603205 0.29058116232464926 1 0.4119440804711456 4 0.0632093624555765
2268.5370741482966 0.785571142284569 -1 -1.0 -1 1.0364408174854416
1390.7815631262524 0.3567134268537074 1 0.7349249820625227 2 0.07953879162946571
2337.6753507014027 0.44689378757515025 -1 -1.0 -1 0.35629332582591755
1486.9739478957915 0.22044088176352702 1 0.3300019815942883 2 0.03479124887121226
1429.8597194388776 0.008016032064128256 1 0.014554900560943693 2 4.249101404571666e-05
2292.5851703406815 0.43286573146292584 -1 -1.0 -1 0.32143444688913014
1904.809619238477 0.35270541082164325 -1 -1.0 -1 0.14693955650508178
1868.7374749499 0.7815631262525049 -1 -1.0 -1 0.6942157436857339
1580.1603206412824 0.2985971943887775 1 0.4428145075070767 4 0.07219999930103349
2325.6513026052103 0.7034068136272544 -1 -1.0 -1 0.873590787960329
2070.1402805611224 0.5170340681362725 -1 -1.0 -1 0.373427168967657
1757.5150300601204 0.1402805611222445 -1 -1.0 -1 0.01975922047840601
1003.0060120240481 0.038076152304609215 1 0.18896071606166084 1 0.000464495057909973
1381.7635270541082 0.11623246492985971 1 0.24230175375209237 2 0.008334026530310037
1027.054108216433 0.4789579158316633 0 2.243078366963866 1 0.0771729775241461
2037.0741482965932 0.3226452905811623 -1 -1.0 -1 0.14077703678904133
1658.316633266533 0.2444889779559118 -1 -1.0 -1 0.053370808230553714
1102.2044088176353 0.8677354709418837 0 3.4406038935240355 1 0.2928541083075726
1784.569138276553 0.21843687374749496 -1 -1.0 -1 0.04941102613312827
1799.5991983967936 0.5490981963927856 -1 -1.0 -1 0.3175599389644262
2304.6092184368736 0.8617234468937875 -1 -1.0 -1 1.287334783733373
2316.633266533066 0.05410821643286573 -1 -1.0 -1 0.005128941550693948
1174.3486973947895 0.5450901803607214 0 1.6805684275563797 1 0.1315798933074922
2319.6392785571143 0.10420841683366733 -1 -1.0 -1 0.019073903802197905
1529.058116232465 0.7374749498997996 0 1.0524398312348981 4 0.41204651736913805
1453.9078156312626 0.939879759519038 1 1.5681723291111709 2 0.6042575368789039
2352.7054108216435 0.18837675350701402 -1 -1.0 -1 0.06412849200263362
1285.571142284569 0.6673346693386772 0 1.56189437520146 2 0.2372104587971245
2319.6392785571143 0.9178356713426853 -1 -1.0 -1 1.4796665522057109
1489.9799599198395 0.9639278557114228 1 1.4295724571498107 2 0.667963990860021
1276.5531062124248 0.9418837675350701 0 2.2272219621131826 2 0.4658142177312346
2178.3567134268537 0.6973947895791582 -1 -1.0 -1 0.752802454546733
1856.7134268537075 0.5811623246492985 -1 -1.0 -1 0.37888321081890614
1718.436873747495 0.8416833667334669 -1 -1.0 -1 0.6797432579757755
1114.2284569138276 0.4629258517034068 0 1.7519908987485784 1 0.085223503371051
1204.4088176352705 0.9158316633266532 0 2.3132675275080214 2 0.3911230376777068
2142.2845691382763 0.09418837675350701 -1 -1.0 -1 0.013277624731297785
1814.629258517034 0.07615230460921843 -1 -1.0 -1 0.006211309681628869
1523.0460921843687 0.20240480961923846 1 0.28757375606842983 4 0.030791208475893186
1489.9799599198395 0.3507014028056112 1 0.5201147193372492 2 0.0884176556121738
1769.5390781563126 0.721442885771543 -1 -1.0 -1 0.5298571345634627
2163.3266533066135 0.4669338677354709 -1 -1.0 -1 0.3327989254037434
1087.1743486973949 0.21442885771543085 1 0.8802961744138214 1 0.017386467724746887
2421.8436873747496 0.7334669338677354 -1 -1.0 -1 1.0305007557675674
1198.3967935871742 0.5150300601202404 0 1.4782858786310042 1 0.12243580519945911
