mass result channel_or_id theo_cross_section ratio observed_limit width_to_mass_ratio
600.0 0 12 5.2 18.741440207597492 0.27746 0.3
600.5 0 12 5.189875 18.723318515760663 0.27718777499999997 0.3
601.0 0 12 5.17975 18.7051611944508 0.27691555 0.3
601.5 0 12 5.169625 18.686968138486623 0.276643325 0.3
602.0 0 12 5.1595 18.66873924227244 0.2763711 0.3
602.5 0 12 5.149375 18.65047439979609 0.276098875 0.3
603.0 0 12 5.1392500000000005 18.632173504626913 0.27582665 0.3
603.5 0 12 5.129125 18.613836449913663 0.27555442499999994 0.3
604.0 0 12 5.119 18.595463128382438 0.2752822 0.3
604.5 0 12 5.108875 18.577053432334594 0.27500997499999996 0.3
605.0 0 12 5.09875 18.558607253644613 0.27473774999999995 0.3
605.5 0 12 5.088625 18.540124483758028 0.27446552499999993 0.3
606.0 0 12 5.0785 18.52160501368925 0.2741933 0.3
606.5 0 12 5.0683750000000005 18.503048734019465 0.27392107499999996 0.3
607.0 0 12 5.05825 18.484455534894447 0.27364885 0.3
607.5 0 12 5.048125 18.465825306022417 0.273376625 0.3
608.0 0 12 5.038 18.44715793667184 0.27310439999999997 0.3
608.5 0 12 5.027875 18.428453315669238 0.272832175 0.3
609.0 0 12 5.01775 18.409711331397002 0.27255995 0.3
609.5 0 12 5.007625 18.390931871791135 0.272287725 0.3
610.0 0 12 4.9975000000000005 18.372114824339057 0.2720155 0.3
610.5 0 12 4.987375 18.35326007607732 0.271743275 0.3
611.0 0 12 4.97725 18.334367513589385 0.27147105 0.3
611.5 0 12 4.967125 18.31543702300333 0.2711988249999999 0.3
612.0 0 12 4.957 18.296468489989543 0.2709265999999999 0.3
612.5 0 12 4.946875 18.277461799758456 0.270654375 0.3
613.0 0 12 4.93675 18.258416837058217 0.27038215 0.3
613.5 0 12 4.9266250000000005 18.239333486172345 0.270109925 0.3
614.0 0 12 4.9165 18.220211630917404 0.2698376999999999 0.3
614.5 0 12 4.906375 18.20105115464063 0.26956547499999994 0.3
615.0 0 12 4.89625 18.18185194021759 0.26929325 0.3
615.5 0 12 4.886125 18.16261387004975 0.26902102499999997 0.3
616.0 0 12 4.876 18.143336826062107 0.2687488 0.3
616.5 0 12 4.865875 18.124020689700767 0.26847657500000005 0.3
617.0 0 12 4.8557500000000005 18.104665341930513 0.26820435 0.3
617.5 0 12 4.845625 18.085270663232343 0.26793212499999997 0.3
618.0 0 12 4.8355 18.065836533601036 0.26765989999999995 0.3
618.5 0 12 4.825375 18.046362832542677 0.267387675 0.3
619.0 0 12 4.81525 18.026849439072134 0.26711545 0.3
619.5 0 12 4.805125 18.00729623171059 0.26684322499999996 0.3
620.0 0 12 4.795 17.98770308848299 0.26657100000000006 0.3
620.5 0 12 4.784875 17.968069886915554 0.266298775 0.3
621.0 0 12 4.77475 17.948396504033152 0.26602655 0.3
621.5 0 12 4.7646250000000006 17.928682816356805 0.26575432499999996 0.3
622.0 0 12 4.7545 17.90892869990105 0.2654821 0.3
622.5 0 12 4.744375 17.889134030171387 0.265209875 0.3
623.0 0 12 4.73425 17.869298682161638 0.26493764999999997 0.3
623.5 0 12 4.724125 17.84942253035129 0.264665425 0.3
624.0 0 12 4.714 17.829505448702918 0.2643932 0.3
624.5 0 12 4.703875 17.809547310659443 0.26412097500000004 0.3
625.0 0 12 4.69375 17.789547989141507 0.26384874999999997 0.3
625.5 0 12 4.683625 17.769507356544747 0.263576525 0.3
626.0 0 12 4.6735 17.74942528473709 0.2633043 0.3
626.5 0 12 4.663375 17.72930164505603 0.2630320749999999 0.3
627.0 0 12 4.65325 17.709136308305855 0.26275985 0.3
627.5 0 12 4.643125 17.68892914475492 0.262487625 0.3
628.0 0 12 4.633 17.668680024132833 0.2622154 0.3
628.5 0 12 4.6228750000000005 17.64838881562767 0.261943175 0.3
629.0 0 12 4.61275 17.628055387883144 0.26167094999999996 0.3
629.5 0 12 4.602625 17.607679608995795 0.26139872500000005 0.3
630.0 0 12 4.5925 17.587261346512133 0.2611265 0.3
630.5 0 12 4.582375 17.566800467425733 0.26085427499999997 0.3
631.0 0 12 4.57225 17.54629683817439 0.26058205 0.3
631.5 0 12 4.562125 17.52575032463719 0.260309825 0.3
632.0 0 12 4.552 17.505160792131598 0.2600376 0.3
632.5 0 12 4.541875 17.48452810541051 0.25976537499999997 0.3
633.0 0 12 4.53175 17.463852128659273 0.25949315 0.3
633.5 0 12 4.521625 17.443132725492745 0.259220925 0.3
634.0 0 12 4.5115 17.422369758952257 0.2589487 0.3
634.5 0 12 4.501375 17.401563091502624 0.25867647499999996 0.3
635.0 0 12 4.49125 17.380712585029077 0.25840425 0.3
635.5 0 12 4.4811250000000005 17.359818100834257 0.258132025 0.3
636.0 0 12 4.471 17.338879499635077 0.2578598 0.3
636.5 0 12 4.460875 17.31789664155967 0.257587575 0.3
637.0 0 12 4.45075 17.29686938614428 0.25731535 0.3
637.5 0 12 4.440625 17.275797592330083 0.257043125 0.3
638.0 0 12 4.4305 17.254681118460077 0.25677089999999997 0.3
638.5 0 12 4.420375 17.233519822275884 0.256498675 0.3
639.0 0 12 4.41025 17.212313560914573 0.25622645 0.3
639.5 0 12 4.400125 17.191062190905427 0.255954225 0.3
640.0 0 12 4.39 17.169765568166707 0.25568199999999996 0.3
640.5 0 12 4.379875 17.14842354800242 0.255409775 0.3
641.0 0 12 4.36975 17.127035985099017 0.25513755 0.3
641.5 0 12 4.359625 17.105602733522108 0.254865325 0.3
642.0 0 12 4.3495 17.084123646713127 0.2545931 0.3
642.5 0 12 4.339375 17.06259857748602 0.254320875 0.3
643.0 0 12 4.32925 17.041027378023855 0.25404865 0.3
643.5 0 12 4.319125 17.019409899875452 0.25377642499999997 0.3
644.0 0 12 4.309 16.997745993951973 0.2535042 0.3
644.5 0 12 4.298875 16.976035510523502 0.253231975 0.3
645.0 0 12 4.28875 16.954278299215588 0.25295975000000004 0.3
645.5 0 12 4.278625 16.93247420900577 0.25268752499999997 0.3
646.0 0 12 4.2684999999999995 16.910623088220085 0.2524153 0.3
646.5 0 12 4.258375 16.88872478452958 0.25214307499999994 0.3
647.0 0 12 4.24825 16.866779144946705 0.25187085000000003 0.3
647.5 0 12 4.238125 16.844786015821832 0.25159862499999996 0.3
648.0 0 12 4.228 16.822745242839588 0.2513264 0.3
648.5 0 12 4.217875 16.800656671015332 0.251054175 0.3
649.0 0 12 4.20775 16.778520144691434 0.25078195 0.3
649.5 0 12 4.197625 16.75633550753369 0.250509725 0.3
650.0 0 12 4.1875 16.7341026025276 0.2502375 0.3
650.5 0 12 4.177375 16.711821271974678 0.24996527499999996 0.3
651.0 0 12 4.16725 16.689491357488727 0.24969304999999997 0.3
651.5 0 12 4.157125 16.66711269999207 0.24942082499999998 0.3
652.0 0 12 4.147 16.644685139711804 0.2491486 0.3
652.5 0 12 4.136875 16.622208516175952 0.24887637499999998 0.3
653.0 0 12 4.12675 16.599682668209685 0.24860415 0.3
653.5 0 12 4.116625 16.57710743393142 0.248331925 0.3
654.0 0 12 4.1065 16.55448265074899 0.2480597 0.3
654.5 0 12 4.096375 16.531808155355716 0.24778747499999995 0.3
655.0 0 12 4.08625 16.509083783726457 0.24751525 0.3
655.5 0 12 4.076125 16.48630937111371 0.24724302499999995 0.3
656.0 0 12 4.066 16.463484752043563 0.24697079999999996 0.3
656.5 0 12 4.055875 16.44060976031175 0.24669857499999998 0.3
657.0 0 12 4.04575 16.41768422897957 0.24642635000000002 0.3
657.5 0 12 4.035625 16.394707990369852 0.24615412500000003 0.3
658.0 0 12 4.0255 16.371680876062857 0.24588190000000001 0.3
658.5 0 12 4.015375 16.34860271689216 0.24560967499999997 0.3
659.0 0 12 4.00525 16.325473342940512 0.24533744999999998 0.3
659.5 0 12 3.995125 16.302292583535667 0.24506522500000003 0.3
660.0 0 12 3.985 16.279060267246205 0.24479299999999998 0.3
660.5 0 12 3.974875 16.255776221877262 0.244520775 0.3
661.0 0 12 3.96475 16.232440274466317 0.24424855 0.3
661.5 0 12 3.954625 16.20905225127889 0.243976325 0.3
662.0 0 12 3.9445 16.185611977804232 0.2437041 0.3
662.5 0 12 3.934375 16.162119278750986 0.24343187500000002 0.3
663.0 0 12 3.92425 16.13857397804282 0.24315964999999998 0.3
663.5 0 12 3.914125 16.11497589881403 0.24288742499999996 0.3
664.0 0 12 3.904 16.0913248634051 0.24261519999999995 0.3
664.5 0 12 3.893875 16.067620693358247 0.242342975 0.3
665.0 0 12 3.88375 16.04386320941295 0.24207075 0.3
665.5 0 12 3.873625 16.020052231501413 0.241798525 0.3
666.0 0 12 3.8635 15.996187578744014 0.2415263 0.3
666.5 0 12 3.8533749999999998 15.972269069444733 0.24125407499999998 0.3
667.0 0 12 3.84325 15.948296521086545 0.24098185000000003 0.3
667.5 0 12 3.833125 15.924269750326769 0.240709625 0.3
668.0 0 12 3.823 15.900188572992388 0.2404374 0.3
668.5 0 12 3.812875 15.876052804075362 0.240165175 0.3
669.0 0 12 3.80275 15.851862257727875 0.23989294999999997 0.3
669.5 0 12 3.792625 15.827616747257569 0.23962072499999995 0.3
670.0 0 12 3.7824999999999998 15.80331608512274 0.23934849999999996 0.3
670.5 0 12 3.772375 15.778960082927508 0.239076275 0.3
671.0 0 12 3.76225 15.754548551416946 0.23880405 0.3
671.5 0 12 3.752125 15.730081300472172 0.23853182499999995 0.3
672.0 0 12 3.742 15.705558139105413 0.2382596 0.3
672.5 0 12 3.731875 15.680978875455054 0.23798737499999997 0.3
673.0 0 12 3.72175 15.65634331678061 0.23771514999999996 0.3
673.5 0 12 3.7116249999999997 15.631651269457702 0.23744292499999997 0.3
674.0 0 12 3.7015 15.606902538972985 0.23717069999999996 0.3
674.5 0 12 3.691375 15.582096929919029 0.236898475 0.3
675.0 0 12 3.68125 15.557234245989193 0.23662624999999998 0.3
675.5 0 12 3.671125 15.532314289972426 0.23635402500000002 0.3
676.0 0 12 3.661 15.507336863748074 0.23608179999999998 0.3
676.5 0 12 3.650875 15.482301768280614 0.23580957500000002 0.3
677.0 0 12 3.6407499999999997 15.457208803614375 0.23553734999999998 0.3
677.5 0 12 3.6306249999999998 15.432057768868207 0.23526512500000002 0.3
678.0 0 12 3.6205 15.406848462230135 0.23499289999999998 0.3
678.5 0 12 3.610375 15.381580680951945 0.234720675 0.3
679.0 0 12 3.60025 15.356254221343756 0.23444845 0.3
679.5 0 12 3.590125 15.330868878768543 0.234176225 0.3
680.0 0 12 3.58 15.305424447636637 0.233904 0.3
680.5 0 12 3.5698749999999997 15.27992072140016 0.23363177499999999 0.3
681.0 0 12 3.5597499999999997 15.254357492547443 0.23335955000000003 0.3
681.5 0 12 3.549625 15.228734552597402 0.23308732499999996 0.3
682.0 0 12 3.5395 15.203051692093855 0.2328151 0.3
682.5 0 12 3.529375 15.177308700599836 0.232542875 0.3
683.0 0 12 3.51925 15.151505366691831 0.23227065000000002 0.3
683.5 0 12 3.509125 15.125641477954 0.23199842499999998 0.3
684.0 0 12 3.4989999999999997 15.099716820972336 0.23172620000000002 0.3
684.5 0 12 3.4888749999999997 15.073731181328816 0.23145397499999995 0.3
685.0 0 12 3.47875 15.04768434359546 0.23118175000000002 0.3
685.5 0 12 3.468625 15.02157609132841 0.230909525 0.3
686.0 0 12 3.4585 14.995406207061912 0.23063729999999996 0.3
686.5 0 12 3.448375 14.969174472302281 0.23036507499999997 0.3
687.0 0 12 3.43825 14.94288066752183 0.23009285 0.3
687.5 0 12 3.4281249999999996 14.916524572152737 0.229820625 0.3
688.0 0 12 3.4179999999999997 14.89010596458089 0.22954839999999996 0.3
688.5 0 12 3.4078749999999998 14.863624622139652 0.229276175 0.3
689.0 0 12 3.39775 14.837080321103631 0.22900394999999998 0.3
689.5 0 12 3.387625 14.810472836682361 0.22873172500000002 0.3
690.0 0 12 3.3775 14.783801943013971 0.22845949999999995 0.3
690.5 0 12 3.367375 14.757067413158776 0.228187275 0.3
691.0 0 12 3.3572499999999996 14.730269019092857 0.22791504999999998 0.3
691.5 0 12 3.3471249999999997 14.70340653170158 0.227642825 0.3
692.0 0 12 3.3369999999999997 14.676479720773047 0.22737059999999998 0.3
692.5 0 12 3.326875 14.649488354991531 0.227098375 0.3
693.0 0 12 3.31675 14.622432201930861 0.22682615000000003 0.3
693.5 0 12 3.306625 14.595311028047737 0.226553925 0.3
694.0 0 12 3.2965 14.568124598675016 0.22628169999999995 0.3
694.5 0 12 3.2863749999999996 14.540872678014937 0.226009475 0.3
695.0 0 12 3.2762499999999997 14.51355502913232 0.22573725 0.3
695.5 0 12 3.2661249999999997 14.486171413947684 0.22546502499999999 0.3
696.0 0 12 3.256 14.458721593230333 0.2251928 0.3
696.5 0 12 3.245875 14.431205326591398 0.22492057499999998 0.3
697.0 0 12 3.23575 14.403622372476807 0.22464835 0.3
697.5 0 12 3.225625 14.375972488160228 0.22437612499999998 0.3
698.0 0 12 3.2154999999999996 14.348255429735937 0.2241039 0.3
698.5 0 12 3.2053749999999996 14.320470952111668 0.22383167500000004 0.3
699.0 0 12 3.1952499999999997 14.292618809001363 0.22355945 0.3
699.5 0 12 3.1851249999999998 14.264698752917907 0.22328722499999998 0.3
700.0 0 12 3.175 14.236710535165797 0.22301499999999996 0.3
700.5 0 12 3.164875 14.208653905833758 0.222742775 0.3
701.0 0 12 3.15475 14.180528613787308 0.22247055 0.3
701.5 0 12 3.144625 14.152334406661256 0.22219832500000003 0.3
702.0 0 12 3.1344999999999996 14.12407103085216 0.2219261 0.3
702.5 0 12 3.1243749999999997 14.095738231510726 0.22165387500000003 0.3
703.0 0 12 3.1142499999999997 14.067335752534142 0.22138164999999999 0.3
703.5 0 12 3.104125 14.038863336558357 0.221109425 0.3
704.0 0 12 3.094 14.010320724950326 0.22083719999999998 0.3
704.5 0 12 3.083875 13.981707657800156 0.22056497500000002 0.3
705.0 0 12 3.07375 13.953023873913237 0.22029274999999998 0.3
705.5 0 12 3.0636249999999996 13.924269110802275 0.220020525 0.3
706.0 0 12 3.0534999999999997 13.895443104679305 0.2197483 0.3
706.5 0 12 3.0433749999999997 13.866545590447615 0.21947607499999996 0.3
707.0 0 12 3.03325 13.837576301693607 0.21920384999999998 0.3
707.5 0 12 3.023125 13.80853497067863 0.21893162500000002 0.3
708.0 0 12 3.013 13.779421328330727 0.2186594 0.3
708.5 0 12 3.002875 13.75023510423632 0.218387175 0.3
709.0 0 12 2.99275 13.72097602663183 0.21811495 0.3
709.5 0 12 2.9826249999999996 13.691643822395262 0.217842725 0.3
710.0 0 12 2.9724999999999997 13.662238217037695 0.2175705 0.3
710.5 0 12 2.9623749999999998 13.632758934694719 0.21729827499999996 0.3
711.0 0 12 2.95225 13.603205698117806 0.21702604999999997 0.3
711.5 0 12 2.942125 13.57357822866563 0.216753825 0.3
712.0 0 12 2.932 13.543876246295298 0.2164816 0.3
712.5 0 12 2.921875 13.51409946955353 0.21620937499999995 0.3
713.0 0 12 2.9117499999999996 13.484247615567769 0.21593715 0.3
713.5 0 12 2.9016249999999997 13.454320400037231 0.21566492500000004 0.3
714.0 0 12 2.8914999999999997 13.42431753722387 0.2153927 0.3
714.5 0 12 2.881375 13.394238739943281 0.21512047499999998 0.3
715.0 0 12 2.87125 13.364083719555547 0.21484824999999996 0.3
715.5 0 12 2.861125 13.333852185956003 0.214576025 0.3
716.0 0 12 2.851 13.303543847565933 0.21430379999999996 0.3
716.5 0 12 2.8408749999999996 13.27315841132319 0.21403157499999997 0.3
717.0 0 12 2.8307499999999997 13.242695582672757 0.21375935 0.3
717.5 0 12 2.8206249999999997 13.21215506555723 0.213487125 0.3
718.0 0 12 2.8104999999999998 13.181536562407224 0.21321489999999996 0.3
718.5 0 12 2.800375 13.150839774131699 0.212942675 0.3
719.0 0 12 2.79025 13.120064400108241 0.21267045 0.3
719.5 0 12 2.780125 13.089210138173236 0.21239822499999997 0.3
720.0 0 12 2.7699999999999996 13.058276684611975 0.21212599999999998 0.3
720.5 0 12 2.7598749999999996 13.027263734148706 0.21185377499999997 0.3
721.0 0 12 2.7497499999999997 12.996170979936576 0.21158155 0.3
721.5 0 12 2.7396249999999998 12.96499811354752 0.21130932500000002 0.3
722.0 0 12 2.7295 12.933744824962057 0.21103709999999998 0.3
722.5 0 12 2.719375 12.902410802559013 0.210764875 0.3
723.0 0 12 2.70925 12.87099573310517 0.21049264999999998 0.3
723.5 0 12 2.6991249999999996 12.839499301744821 0.21022042500000002 0.3
724.0 0 12 2.6889999999999996 12.807921191989262 0.20994819999999997 0.3
724.5 0 12 2.6788749999999997 12.77626108570617 0.209675975 0.3
725.0 0 12 2.6687499999999997 12.744518663108945 0.20940374999999997 0.3
725.5 0 12 2.658625 12.712693602745928 0.20913152499999996 0.3
726.0 0 12 2.6485 12.680785581489548 0.2088593 0.3
726.5 0 12 2.638375 12.648794274525399 0.208587075 0.3
727.0 0 12 2.6282499999999995 12.616719355341203 0.20831485000000002 0.3
727.5 0 12 2.6181249999999996 12.58456049571572 0.20804262499999998 0.3
728.0 0 12 2.6079999999999997 12.55231736570753 0.20777039999999997 0.3
728.5 0 12 2.5978749999999997 12.519989633643764 0.207498175 0.3
729.0 0 12 2.5877499999999998 12.487576966108733 0.20722594999999996 0.3
729.5 0 12 2.577625 12.455079027932452 0.20695372499999998 0.3
730.0 0 12 2.5675 12.422495482179102 0.2066815 0.3
730.5 0 12 2.5573749999999995 12.389825990135373 0.20640927500000003 0.3
731.0 0 12 2.5472499999999996 12.357070211298744 0.20613705 0.3
731.5 0 12 2.5371249999999996 12.32422780336563 0.20586482499999997 0.3
732.0 0 12 2.5269999999999997 12.291298422219475 0.20559260000000001 0.3
732.5 0 12 2.5168749999999998 12.258281721918731 0.20532037500000003 0.3
733.0 0 12 2.50675 12.22517735468474 0.20504814999999998 0.3
733.5 0 12 2.496625 12.191984970889521 0.204775925 0.3
734.0 0 12 2.4864999999999995 12.158704219043466 0.20450370000000004 0.3
734.5 0 12 2.4763749999999995 12.125334745782938 0.204231475 0.3
735.0 0 12 2.4662499999999996 12.09187619585775 0.20395924999999998 0.3
735.5 0 12 2.4561249999999997 12.058328212118566 0.203687025 0.3
736.0 0 12 2.4459999999999997 12.0246904355042 0.2034148 0.3
736.5 0 12 2.435875 11.990962505028795 0.203142575 0.3
737.0 0 12 2.42575 11.957144057768916 0.20287034999999995 0.3
737.5 0 12 2.4156249999999995 11.923234728850524 0.20259812500000002 0.3
738.0 0 12 2.4054999999999995 11.889234151435874 0.20232590000000003 0.3
738.5 0 12 2.3953749999999996 11.855141956710264 0.202053675 0.3
739.0 0 12 2.3852499999999996 11.820957773868706 0.20178145 0.3
739.5 0 12 2.3751249999999997 11.78668123010249 0.20150922500000004 0.3
740.0 0 12 2.3649999999999998 11.752311950585627 0.201237 0.3
740.5 0 12 2.354875 11.717849558461179 0.20096477499999996 0.3
741.0 0 12 2.3447499999999994 11.683293674827489 0.20069255 0.3
741.5 0 12 2.3346249999999995 11.648643918724307 0.20042032500000004 0.3
742.0 0 12 2.3244999999999996 11.613899907118777 0.2001481 0.3
742.5 0 12 2.3143749999999996 11.579061254891316 0.19987587499999998 0.3
743.0 0 12 2.3042499999999997 11.5441275748214 0.19960365000000002 0.3
743.5 0 12 2.2941249999999997 11.509098477573216 0.199331425 0.3
744.0 0 12 2.284 11.473973571681189 0.1990592 0.3
744.5 0 12 2.2738749999999994 11.4387524635354 0.19878697499999998 0.3
745.0 0 12 2.2637499999999995 11.403434757366893 0.19851475 0.3
745.5 0 12 2.2536249999999995 11.368020055232849 0.19824252500000003 0.3
746.0 0 12 2.2434999999999996 11.33250795700163 0.1979703 0.3
746.5 0 12 2.2333749999999997 11.296898060337712 0.19769807500000003 0.3
747.0 0 12 2.2232499999999997 11.261189960686504 0.19742585 0.3
747.5 0 12 2.213125 11.22538325125901 0.197153625 0.3
748.0 0 12 2.2029999999999994 11.189477523016393 0.19688139999999996 0.3
748.5 0 12 2.1928749999999995 11.153472364654395 0.19660917499999997 0.3
749.0 0 12 2.1827499999999995 11.11736736258763 0.19633695 0.3
749.5 0 12 2.1726249999999996 11.081162100933758 0.196064725 0.3
750.0 0 12 2.1624999999999996 11.044856161497503 0.1957925 0.3
750.5 0 12 2.1523749999999997 11.008449123754556 0.195520275 0.3
751.0 0 12 2.1422499999999998 10.971940564835345 0.19524805 0.3
751.5 0 12 2.132125 10.93533005950866 0.194975825 0.3
752.0 0 12 2.1219999999999994 10.898617180165132 0.19470359999999995 0.3
752.5 0 12 2.1118749999999995 10.861801496800604 0.19443137500000002 0.3
753.0 0 12 2.1017499999999996 10.82488257699933 0.19415915 0.3
753.5 0 12 2.0916249999999996 10.787859985917049 0.193886925 0.3
754.0 0 12 2.0814999999999997 10.750733286263904 0.19361469999999997 0.3
754.5 0 12 2.0713749999999997 10.71350203828724 0.193342475 0.3
755.0 0 12 2.06125 10.676165799754234 0.19307025 0.3
755.5 0 12 2.051125 10.638724125934381 0.192798025 0.3
756.0 0 12 2.0409999999999995 10.60117656958184 0.1925258 0.3
756.5 0 12 2.0308749999999995 10.563522680917634 0.192253575 0.3
757.0 0 12 2.0207499999999996 10.525762007611675 0.19198134999999997 0.3
757.5 0 12 2.0106249999999997 10.487894094764659 0.191709125 0.3
758.0 0 12 2.0004999999999997 10.449918484889798 0.1914369 0.3
758.5 0 12 1.9903749999999998 10.4118347178944 0.191164675 0.3
759.0 0 12 1.9802499999999996 10.373642331061285 0.19089245 0.3
759.5 0 12 1.9701249999999997 10.335340859030042 0.19062022499999998 0.3
760.0 0 12 1.9599999999999997 10.296929833778131 0.190348 0.3
760.5 0 12 1.9498749999999998 10.258408784601825 0.190075775 0.3
761.0 0 12 1.9397499999999996 10.219777238096968 0.18980354999999996 0.3
761.5 0 12 1.9296249999999997 10.181034718139598 0.189531325 0.3
762.0 0 12 1.9194999999999998 10.14218074586638 0.18925909999999999 0.3
762.5 0 12 1.9093749999999998 10.10321483965487 0.188986875 0.3
763.0 0 12 1.8992499999999997 10.064136515103623 0.18871464999999996 0.3
763.5 0 12 1.8891249999999997 10.024945285012118 0.18844242500000002 0.3
764.0 0 12 1.8789999999999998 9.985640659360513 0.1881702 0.3
764.5 0 12 1.8688749999999996 9.946222145289218 0.187897975 0.3
765.0 0 12 1.8587499999999997 9.906689247078292 0.18762574999999998 0.3
765.5 0 12 1.8486249999999997 9.86704146612667 0.187353525 0.3
766.0 0 12 1.8384999999999998 9.827278300931198 0.1870813 0.3
766.5 0 12 1.8283749999999999 9.787399247065487 0.186809075 0.3
767.0 0 12 1.8182499999999997 9.747403797158578 0.18653684999999995 0.3
767.5 0 12 1.8081249999999998 9.707291440873433 0.18626462500000002 0.3
768.0 0 12 1.7979999999999998 9.667061664885232 0.1859924 0.3
768.5 0 12 1.7878749999999997 9.626713952859456 0.185720175 0.3
769.0 0 12 1.7777499999999997 9.58624778542982 0.18544795 0.3
769.5 0 12 1.7676249999999998 9.545662640175971 0.185175725 0.3
770.0 0 12 1.7574999999999998 9.504957991601023 0.1849035 0.3
770.5 0 12 1.747375 9.464133311108858 0.18463127499999998 0.3
771.0 0 12 1.7372499999999997 9.42318806698125 0.18435905000000002 0.3
771.5 0 12 1.7271249999999998 9.382121724354796 0.18408682500000004 0.3
772.0 0 12 1.7169999999999999 9.340933745197606 0.1838146 0.3
772.5 0 12 1.7068749999999997 9.299623588285812 0.18354237499999995 0.3
773.0 0 12 1.6967499999999998 9.258190709179862 0.18327015 0.3
773.5 0 12 1.6866249999999998 9.216634560200614 0.182997925 0.3
774.0 0 12 1.6764999999999999 9.17495459040518 0.1827257 0.3
774.5 0 12 1.6663749999999997 9.1331502455626 0.182453475 0.3
775.0 0 12 1.6562499999999998 9.091220968129266 0.18218125 0.3
775.5 0 12 1.6461249999999998 9.049166197224134 0.181909025 0.3
776.0 0 12 1.6359999999999997 9.006985368603718 0.1816368 0.3
776.5 0 12 1.6258749999999997 8.964677914636857 0.18136457499999997 0.3
777.0 0 12 1.6157499999999998 8.922243264279246 0.18109235000000004 0.3
777.5 0 12 1.6056249999999999 8.879680843047751 0.180820125 0.3
778.0 0 12 1.5955 8.83699007299448 0.18054789999999998 0.3
778.5 0 12 1.585375 8.794170372680618 0.180275675 0.3
779.0 0 12 1.5752499999999998 8.751221157150042 0.18000345 0.3
779.5 0 12 1.5651249999999999 8.708141837902678 0.17973122500000002 0.3
780.0 0 12 1.5549999999999997 8.664931822867619 0.17945899999999995 0.3
780.5 0 12 1.5448749999999998 8.621590516376 0.179186775 0.3
781.0 0 12 1.5347499999999998 8.57811731913363 0.17891455 0.3
781.5 0 12 1.524625 8.534511628193375 0.178642325 0.3
782.0 0 12 1.5145 8.490772836927265 0.1783701 0.3
782.5 0 12 1.5043749999999998 8.44690033499838 0.17809787500000002 0.3
783.0 0 12 1.4942499999999999 8.402893508332458 0.17782565 0.3
783.5 0 12 1.4841249999999997 8.358751739089234 0.177553425 0.3
784.0 0 12 1.4739999999999998 8.314474405633534 0.1772812 0.3
784.5 0 12 1.4638749999999998 8.270060882506097 0.177008975 0.3
785.0 0 12 1.4537499999999999 8.225510540394117 0.17673675 0.3
785.5 0 12 1.443625 8.18082274610152 0.17646452499999998 0.3
786.0 0 12 1.4335 8.135996862518963 0.1761923 0.3
786.5 0 12 1.4233749999999998 8.09103224859357 0.175920075 0.3
787.0 0 12 1.41325 8.045928259298362 0.17564785 0.3
787.5 0 12 1.4031249999999997 8.000684245601406 0.17537562499999998 0.3
788.0 0 12 1.3929999999999998 7.955299554434693 0.1751034 0.3
788.5 0 12 1.3828749999999999 7.909773528662722 0.17483117499999998 0.3
789.0 0 12 1.37275 7.86410550705077 0.17455895 0.3
789.5 0 12 1.362625 7.818294824232884 0.174286725 0.3
790.0 0 12 1.3525 7.7723408106795695 0.17401450000000002 0.3
790.5 0 12 1.3423749999999999 7.726242792665169 0.17374227500000003 0.3
791.0 0 12 1.33225 7.680000092234942 0.17347005 0.3
791.5 0 12 1.3221249999999998 7.633612027171818 0.17319782499999997 0.3
792.0 0 12 1.3119999999999998 7.587077910962863 0.17292560000000004 0.3
792.5 0 12 1.301875 7.540397052765403 0.172653375 0.3
793.0 0 12 1.29175 7.493568757372834 0.17238115 0.3
793.5 0 12 1.281625 7.446592325180115 0.172108925 0.3
794.0 0 12 1.2715 7.39946705214893 0.17183669999999998 0.3
794.5 0 12 1.261375 7.352192229772509 0.171564475 0.3
795.0 0 12 1.25125 7.304767145040129 0.17129224999999998 0.3
795.5 0 12 1.2411249999999998 7.257191080401256 0.17102002500000002 0.3
796.0 0 12 1.2309999999999999 7.209463313729371 0.1707478 0.3
796.5 0 12 1.220875 7.16158311828542 0.170475575 0.3
797.0 0 12 1.21075 7.113549762680934 0.17020334999999998 0.3
797.5 0 12 1.200625 7.065362510840789 0.16993112500000002 0.3
798.0 0 12 1.1905 7.017020621965602 0.1696589 0.3
798.5 0 12 1.180375 6.968523350493775 0.169386675 0.3
799.0 0 12 1.1702499999999998 6.919869946063153 0.16911445 0.3
799.5 0 12 1.1601249999999999 6.871059653472345 0.168842225 0.3
800.0 0 12 1.15 6.822091712641632 0.16857 0.3
800.5 0 12 1.1480249999999999 6.813651577744415 0.16848895 0.3
801.0 0 12 1.14605 6.805203318846681 0.1684079 0.3
801.5 0 12 1.144075 6.7967469242132195 0.16832685 0.3
802.0 0 12 1.1421 6.788282382086209 0.1682458 0.3
802.5 0 12 1.1401249999999998 6.77980968068516 0.16816475000000003 0.3
803.0 0 12 1.13815 6.771328808206864 0.1680837 0.3
803.5 0 12 1.136175 6.762839752825327 0.16800265 0.3
804.0 0 12 1.1341999999999999 6.754342502691731 0.16792160000000003 0.3
804.5 0 12 1.1322249999999998 6.745837045934369 0.16784055 0.3
805.0 0 12 1.13025 6.737323370658591 0.1677595 0.3
805.5 0 12 1.128275 6.728801464946747 0.16767845 0.3
806.0 0 12 1.1262999999999999 6.7202713168581365 0.1675974 0.3
806.5 0 12 1.1243249999999998 6.711732914428948 0.16751635 0.3
807.0 0 12 1.12235 6.703186245672208 0.1674353 0.3
807.5 0 12 1.120375 6.6946312985777165 0.16735425 0.3
808.0 0 12 1.1183999999999998 6.686068061112 0.1672732 0.3
808.5 0 12 1.116425 6.677496521218251 0.16719214999999998 0.3
809.0 0 12 1.11445 6.668916666816268 0.16711109999999998 0.3
809.5 0 12 1.1124749999999999 6.660328485802405 0.16703004999999996 0.3
810.0 0 12 1.1104999999999998 6.651731966049511 0.166949 0.3
810.5 0 12 1.108525 6.643127095406878 0.16686795 0.3
811.0 0 12 1.10655 6.634513861700169 0.16678690000000002 0.3
811.5 0 12 1.1045749999999999 6.625892252731383 0.16670584999999996 0.3
812.0 0 12 1.1025999999999998 6.617262256278776 0.1666248 0.3
812.5 0 12 1.100625 6.608623860096822 0.16654374999999996 0.3
813.0 0 12 1.09865 6.5999770519161345 0.1664627 0.3
813.5 0 12 1.0966749999999998 6.591321819443429 0.16638165000000002 0.3
814.0 0 12 1.0947 6.582658150361454 0.1663006 0.3
814.5 0 12 1.092725 6.5739860323289285 0.16621955 0.3
815.0 0 12 1.0907499999999999 6.565305452980494 0.1661385 0.3
815.5 0 12 1.0887749999999998 6.556616399926651 0.16605745 0.3
816.0 0 12 1.0868 6.547918860753698 0.1659764 0.3
816.5 0 12 1.084825 6.539212823023671 0.16589535 0.3
817.0 0 12 1.0828499999999999 6.530498274274293 0.1658143 0.3
817.5 0 12 1.0808749999999998 6.5217752020189055 0.16573325 0.3
818.0 0 12 1.0789 6.513043593746415 0.1656522 0.3
818.5 0 12 1.076925 6.5043034369212265 0.16557115 0.3
819.0 0 12 1.0749499999999999 6.495554718983189 0.1654901 0.3
819.5 0 12 1.072975 6.486797427347536 0.16540905 0.3
820.0 0 12 1.071 6.478031549404819 0.165328 0.3
820.5 0 12 1.069025 6.469257072520854 0.16524694999999998 0.3
821.0 0 12 1.0670499999999998 6.460473984036655 0.16516590000000003 0.3
821.5 0 12 1.065075 6.451682271268381 0.16508485 0.3
822.0 0 12 1.0631 6.4428819215072615 0.1650038 0.3
822.5 0 12 1.0611249999999999 6.434072922019551 0.16492275 0.3
823.0 0 12 1.0591499999999998 6.425255260046455 0.1648417 0.3
823.5 0 12 1.057175 6.416428922804079 0.16476065 0.3
824.0 0 12 1.0552 6.407593897483355 0.16467960000000004 0.3
824.5 0 12 1.0532249999999999 6.398750171249988 0.16459855 0.3
825.0 0 12 1.05125 6.389897731244397 0.1645175 0.3
825.5 0 12 1.049275 6.3810365645816365 0.16443644999999998 0.3
826.0 0 12 1.0473 6.372166658351353 0.16435539999999998 0.3
826.5 0 12 1.0453249999999998 6.363287999617712 0.16427434999999999 0.3
827.0 0 12 1.04335 6.354400575419339 0.16419329999999996 0.3
827.5 0 12 1.041375 6.345504372769248 0.16411225 0.3
828.0 0 12 1.0393999999999999 6.3365993786547925 0.1640312 0.3
828.5 0 12 1.0374249999999998 6.32768558003759 0.16395015 0.3
829.0 0 12 1.03545 6.318762963853466 0.1638691 0.3
829.5 0 12 1.033475 6.309831517012383 0.16378804999999996 0.3
830.0 0 12 1.0314999999999999 6.300891226398382 0.163707 0.3
830.5 0 12 1.0295249999999998 6.291942078869519 0.16362595 0.3
831.0 0 12 1.02755 6.282984061257795 0.1635449 0.3
831.5 0 12 1.025575 6.274017160369096 0.16346385 0.3
832.0 0 12 1.0235999999999998 6.265041362983128 0.1633828 0.3
832.5 0 12 1.0216249999999998 6.25605665585335 0.16330174999999997 0.3
833.0 0 12 1.01965 6.247063025706911 0.1632207 0.3
833.5 0 12 1.0176749999999999 6.238060459244579 0.16313964999999997 0.3
834.0 0 12 1.0156999999999998 6.229048943140686 0.16305859999999997 0.3
834.5 0 12 1.013725 6.220028464043054 0.16297755 0.3
835.0 0 12 1.01175 6.210999008572927 0.16289650000000003 0.3
835.5 0 12 1.0097749999999999 6.201960563324917 0.16281545 0.3
836.0 0 12 1.0077999999999998 6.192913114866923 0.1627344 0.3
836.5 0 12 1.005825 6.1838566497400755 0.16265335 0.3
837.0 0 12 1.00385 6.174791154458662 0.1625723 0.3
837.5 0 12 1.0018749999999998 6.165716615510065 0.16249125 0.3
838.0 0 12 0.9998999999999999 6.156633019354695 0.1624102 0.3
838.5 0 12 0.997925 6.147540352425919 0.16232915 0.3
839.0 0 12 0.9959499999999999 6.138438601129997 0.1622481 0.3
839.5 0 12 0.9939749999999998 6.129327751846012 0.16216705 0.3
840.0 0 12 0.9919999999999999 6.120207790925804 0.162086 0.3
840.5 0 12 0.9900249999999999 6.111078704693899 0.16200495000000004 0.3
841.0 0 12 0.9880499999999999 6.1019404794474426 0.16192390000000004 0.3
841.5 0 12 0.9860749999999999 6.092793101456134 0.16184285 0.3
842.0 0 12 0.9840999999999999 6.0836365569621496 0.1617618 0.3
842.5 0 12 0.9821249999999999 6.074470832180084 0.16168074999999998 0.3
843.0 0 12 0.9801499999999999 6.065295913296868 0.16159969999999999 0.3
843.5 0 12 0.9781749999999999 6.056111786471717 0.16151864999999999 0.3
844.0 0 12 0.9762 6.046918437836044 0.1614376 0.3
844.5 0 12 0.9742249999999999 6.037715853493397 0.16135655 0.3
845.0 0 12 0.9722499999999998 6.028504019519393 0.1612755 0.3
845.5 0 12 0.9702749999999999 6.019282921961643 0.16119445 0.3
846.0 0 12 0.9682999999999999 6.010052546839679 0.1611134 0.3
846.5 0 12 0.9663249999999999 6.00081288014489 0.16103235 0.3
847.0 0 12 0.9643499999999999 5.991563907840446 0.1609513 0.3
847.5 0 12 0.9623749999999999 5.982305615861229 0.16087025000000002 0.3
848.0 0 12 0.9603999999999999 5.973037990113764 0.16078919999999997 0.3
848.5 0 12 0.9584249999999999 5.963761016476139 0.16070815 0.3
849.0 0 12 0.9564499999999999 5.954474680797947 0.1606271 0.3
849.5 0 12 0.9544749999999999 5.9451789689001995 0.16054605 0.3
850.0 0 12 0.9524999999999999 5.935873866575265 0.160465 0.3
850.5 0 12 0.950525 5.926559359586792 0.16038395 0.3
851.0 0 12 0.9485499999999999 5.917235433669633 0.1603029 0.3
851.5 0 12 0.9465749999999999 5.907902074529784 0.16022185000000003 0.3
852.0 0 12 0.9445999999999999 5.898559267844297 0.1601408 0.3
852.5 0 12 0.9426249999999999 5.889206999261213 0.16005975 0.3
853.0 0 12 0.9406499999999999 5.879845254399491 0.15997869999999997 0.3
853.5 0 12 0.9386749999999999 5.870474018848932 0.15989765 0.3
854.0 0 12 0.9366999999999999 5.8610932781701015 0.1598166 0.3
854.5 0 12 0.9347249999999999 5.851703017894263 0.15973555 0.3
855.0 0 12 0.9327499999999999 5.842303223523294 0.1596545 0.3
855.5 0 12 0.9307749999999999 5.832893880529624 0.15957345 0.3
856.0 0 12 0.9287999999999998 5.823474974356143 0.1594924 0.3
856.5 0 12 0.9268249999999999 5.814046490416146 0.15941135 0.3
857.0 0 12 0.92485 5.804608414093239 0.15933029999999998 0.3
857.5 0 12 0.9228749999999999 5.795160730741274 0.15924925 0.3
858.0 0 12 0.9208999999999999 5.785703425684275 0.1591682 0.3
858.5 0 12 0.9189249999999999 5.776236484216355 0.15908715 0.3
859.0 0 12 0.9169499999999999 5.766759891601643 0.15900609999999998 0.3
859.5 0 12 0.9149749999999999 5.757273633074207 0.15892504999999998 0.3
860.0 0 12 0.9129999999999999 5.747777693837979 0.15884399999999999 0.3
860.5 0 12 0.9110249999999999 5.738272059066677 0.15876294999999999 0.3
861.0 0 12 0.9090499999999999 5.728756713903728 0.1586819 0.3
861.5 0 12 0.9070749999999999 5.719231643462188 0.15860085 0.3
862.0 0 12 0.9050999999999999 5.709696832824669 0.1585198 0.3
862.5 0 12 0.903125 5.700152267043258 0.15843875 0.3
863.0 0 12 0.9011499999999999 5.690597931139439 0.1583577 0.3
863.5 0 12 0.899175 5.681033810104017 0.15827665 0.3
864.0 0 12 0.8971999999999999 5.671459888897036 0.1581956 0.3
864.5 0 12 0.8952249999999999 5.661876152447703 0.15811455 0.3
865.0 0 12 0.8932499999999999 5.652282585654307 0.1580335 0.3
865.5 0 12 0.8912749999999999 5.642679173384142 0.15795245 0.3
866.0 0 12 0.8892999999999999 5.633065900473422 0.1578714 0.3
866.5 0 12 0.8873249999999999 5.623442751727213 0.15779034999999997 0.3
867.0 0 12 0.8853499999999999 5.613809711919334 0.1577093 0.3
867.5 0 12 0.8833749999999999 5.604166765792299 0.15762825 0.3
868.0 0 12 0.8813999999999999 5.594513898057216 0.1575472 0.3
868.5 0 12 0.8794249999999999 5.5848510933937225 0.15746615 0.3
869.0 0 12 0.8774499999999998 5.575178336449891 0.15738510000000003 0.3
869.5 0 12 0.8754749999999999 5.565495611842161 0.15730405 0.3
870.0 0 12 0.8734999999999999 5.555802904155244 0.157223 0.3
870.5 0 12 0.8715249999999999 5.546100197942051 0.15714195 0.3
871.0 0 12 0.8695499999999999 5.536387477723609 0.1570609 0.3
871.5 0 12 0.8675749999999999 5.526664727988973 0.15697985 0.3
872.0 0 12 0.8655999999999999 5.5169319331951545 0.1568988 0.3
872.5 0 12 0.8636249999999999 5.507189077767024 0.15681775000000003 0.3
873.0 0 12 0.8616499999999999 5.497436146097244 0.15673669999999998 0.3
873.5 0 12 0.8596749999999999 5.48767312254617 0.15665565 0.3
874.0 0 12 0.8576999999999999 5.477899991441778 0.1565746 0.3
874.5 0 12 0.8557249999999998 5.468116737079578 0.15649355 0.3
875.0 0 12 0.8537499999999999 5.458323343722528 0.15641249999999998 0.3
875.5 0 12 0.851775 5.44851979560095 0.15633144999999998 0.3
876.0 0 12 0.8497999999999999 5.438706076912442 0.15625040000000004 0.3
876.5 0 12 0.8478249999999999 5.428882171821808 0.15616934999999996 0.3
877.0 0 12 0.8458499999999999 5.419048064460949 0.1560883 0.3
877.5 0 12 0.8438749999999999 5.4092037389288 0.15600725 0.3
878.0 0 12 0.8418999999999999 5.399349179291228 0.1559262 0.3
878.5 0 12 0.8399249999999999 5.389484369580959 0.15584515 0.3
879.0 0 12 0.8379499999999999 5.379609293797479 0.1557641 0.3
879.5 0 12 0.8359749999999999 5.3697239359069595 0.15568305 0.3
880.0 0 12 0.8339999999999999 5.35982827984216 0.15560200000000002 0.3
880.5 0 12 0.8320249999999999 5.349922309502353 0.15552095 0.3
881.0 0 12 0.8300499999999998 5.340006008753222 0.1554399 0.3
881.5 0 12 0.8280749999999999 5.330079361426787 0.15535885 0.3
882.0 0 12 0.8260999999999998 5.320142351321309 0.1552778 0.3
882.5 0 12 0.8241249999999999 5.310194962201205 0.15519675 0.3
883.0 0 12 0.8221499999999999 5.30023717779696 0.1551157 0.3
883.5 0 12 0.8201749999999999 5.290268981805035 0.15503464999999997 0.3
884.0 0 12 0.8181999999999999 5.280290357887781 0.15495359999999997 0.3
884.5 0 12 0.8162249999999999 5.2703012896733465 0.15487255 0.3
885.0 0 12 0.8142499999999999 5.260301760755596 0.1547915 0.3
885.5 0 12 0.8122749999999999 5.250291754694009 0.15471045 0.3
886.0 0 12 0.8102999999999999 5.2402712550135995 0.1546294 0.3
886.5 0 12 0.8083249999999998 5.230240245204817 0.15454835 0.3
887.0 0 12 0.8063499999999999 5.220198708723464 0.1544673 0.3
887.5 0 12 0.8043749999999998 5.210146628990599 0.15438625 0.3
888.0 0 12 0.8023999999999999 5.20008398939245 0.1543052 0.3
888.5 0 12 0.8004249999999999 5.190010773280319 0.15422415 0.3
889.0 0 12 0.7984499999999999 5.179926963970491 0.15414310000000003 0.3
889.5 0 12 0.7964749999999998 5.169832544744145 0.15406205 0.3
890.0 0 12 0.7944999999999999 5.15972749884726 0.153981 0.3
890.5 0 12 0.7925249999999999 5.149611809490516 0.15389995 0.3
891.0 0 12 0.7905499999999999 5.139485459849211 0.15381890000000004 0.3
891.5 0 12 0.7885749999999999 5.129348433063165 0.15373784999999998 0.3
892.0 0 12 0.7865999999999999 5.11920071223662 0.15365679999999998 0.3
892.5 0 12 0.7846249999999999 5.109042280438154 0.15357575 0.3
893.0 0 12 0.7826499999999998 5.098873120700584 0.15349469999999998 0.3
893.5 0 12 0.7806749999999999 5.088693216020869 0.15341364999999998 0.3
894.0 0 12 0.7787 5.078502549360019 0.15333259999999996 0.3
894.5 0 12 0.7767249999999999 5.068301103642997 0.15325155 0.3
895.0 0 12 0.7747499999999998 5.058088861758628 0.1531705 0.3
895.5 0 12 0.7727749999999999 5.047865806559498 0.15308945 0.3
896.0 0 12 0.7707999999999999 5.037631920861861 0.15300840000000002 0.3
896.5 0 12 0.7688249999999999 5.027387187445542 0.15292735 0.3
897.0 0 12 0.7668499999999999 5.01713158905384 0.1528463 0.3
897.5 0 12 0.7648749999999999 5.006865108393433 0.15276525 0.3
898.0 0 12 0.7628999999999999 4.99658772813428 0.15268419999999996 0.3
898.5 0 12 0.7609249999999999 4.9862994309095185 0.15260315 0.3
899.0 0 12 0.7589499999999999 4.9760001993153775 0.1525221 0.3
899.5 0 12 0.7569749999999998 4.9656900159110675 0.15244105 0.3
900.0 0 12 0.7549999999999999 4.955368863218692 0.15236 0.3
900.5 0 12 0.7530249999999999 4.945036723723141 0.15227895 0.3
901.0 0 12 0.7510499999999999 4.934693579871995 0.1521979 0.3
901.5 0 12 0.7490749999999999 4.924339414075429 0.15211685000000003 0.3
902.0 0 12 0.7470999999999999 4.913974208706106 0.1520358 0.3
902.5 0 12 0.7451249999999999 4.903597946099085 0.15195475 0.3
903.0 0 12 0.7431499999999999 4.89321060855171 0.1518737 0.3
903.5 0 12 0.7411749999999999 4.882812178323522 0.15179265 0.3
904.0 0 12 0.7391999999999999 4.872402637636146 0.1517116 0.3
904.5 0 12 0.7372249999999999 4.861981968673199 0.15163055 0.3
905.0 0 12 0.73525 4.851550153580183 0.1515495 0.3
905.5 0 12 0.7332749999999999 4.841107174464384 0.15146845 0.3
906.0 0 12 0.7313 4.830653013394773 0.15138740000000003 0.3
906.5 0 12 0.7293249999999999 4.820187652401898 0.15130635 0.3
907.0 0 12 0.7273499999999999 4.809711073477784 0.1512253 0.3
907.5 0 12 0.7253749999999999 4.79922325857583 0.15114425 0.3
908.0 0 12 0.7233999999999999 4.788724189610705 0.1510632 0.3
908.5 0 12 0.7214249999999999 4.778213848458245 0.15098214999999995 0.3
909.0 0 12 0.7194499999999999 4.767692216955343 0.1509011 0.3
909.5 0 12 0.7174749999999999 4.757159276899855 0.15082004999999998 0.3
910.0 0 12 0.7154999999999999 4.746615010050483 0.150739 0.3
910.5 0 12 0.713525 4.736059398126684 0.15065794999999998 0.3
911.0 0 12 0.7115499999999999 4.725492422808545 0.15057689999999999 0.3
911.5 0 12 0.709575 4.714914065736696 0.15049585 0.3
912.0 0 12 0.7075999999999999 4.704324308512194 0.1504148 0.3
912.5 0 12 0.705625 4.693723132696417 0.15033375 0.3
913.0 0 12 0.7036499999999999 4.683110519810958 0.1502527 0.3
913.5 0 12 0.7016749999999999 4.6724864513375195 0.15017165 0.3
914.0 0 12 0.6996999999999999 4.661850908717801 0.1500906 0.3
914.5 0 12 0.6977249999999999 4.6512038733533965 0.15000955 0.3
915.0 0 12 0.6957499999999999 4.6405453266056815 0.1499285 0.3
915.5 0 12 0.6937749999999999 4.629875249795709 0.14984745 0.3
916.0 0 12 0.6918 4.619193624204094 0.1497664 0.3
916.5 0 12 0.6898249999999999 4.608500431070909 0.14968535 0.3
917.0 0 12 0.68785 4.597795651595575 0.1496043 0.3
917.5 0 12 0.6858749999999999 4.587079266936747 0.14952325 0.3
918.0 0 12 0.6839 4.576351258212205 0.14944219999999997 0.3
918.5 0 12 0.6819249999999999 4.565611606498744 0.14936115 0.3
919.0 0 12 0.6799499999999999 4.554860292832065 0.1492801 0.3
919.5 0 12 0.677975 4.544097298206657 0.14919905 0.3
920.0 0 12 0.6759999999999999 4.533322603575691 0.14911800000000003 0.3
920.5 0 12 0.674025 4.522536189850906 0.14903695 0.3
921.0 0 12 0.6720499999999999 4.511738037902493 0.1489559 0.3
921.5 0 12 0.670075 4.5009281285589875 0.14887485 0.3
922.0 0 12 0.6680999999999999 4.490106442607151 0.1487938 0.3
922.5 0 12 0.666125 4.479272960791862 0.14871275 0.3
923.0 0 12 0.6641499999999999 4.468427663815995 0.1486317 0.3
923.5 0 12 0.662175 4.457570532340315 0.14855065000000003 0.3
924.0 0 12 0.6601999999999999 4.446701546983355 0.1484696 0.3
924.5 0 12 0.658225 4.435820688321302 0.14838855 0.3
925.0 0 12 0.65625 4.424927936887886 0.14830749999999998 0.3
925.5 0 12 0.6542749999999999 4.414023273174254 0.14822645 0.3
926.0 0 12 0.6523 4.4031066776288705 0.14814539999999998 0.3
926.5 0 12 0.6503249999999999 4.392178130657379 0.14806435 0.3
927.0 0 12 0.64835 4.381237612622506 0.14798329999999998 0.3
927.5 0 12 0.6463749999999999 4.370285103843924 0.14790224999999999 0.3
928.0 0 12 0.6444 4.35932058459815 0.14782119999999999 0.3
928.5 0 12 0.6424249999999999 4.348344035118416 0.14774015 0.3
929.0 0 12 0.64045 4.337355435594556 0.1476591 0.3
929.5 0 12 0.6384749999999999 4.326354766172883 0.14757805 0.3
930.0 0 12 0.6365 4.315342006956073 0.147497 0.3
930.5 0 12 0.634525 4.304317138003046 0.14741595 0.3
931.0 0 12 0.63255 4.293280139328835 0.1473349 0.3
931.5 0 12 0.630575 4.282230990904482 0.14725385000000002 0.3
932.0 0 12 0.6285999999999999 4.271169672656904 0.1471728 0.3
932.5 0 12 0.626625 4.260096164468775 0.14709175 0.3
933.0 0 12 0.6246499999999999 4.249010446178407 0.1470107 0.3
933.5 0 12 0.622675 4.237912497579624 0.14692965 0.3
934.0 0 12 0.6207 4.2268022984216405 0.14684859999999997 0.3
934.5 0 12 0.618725 4.215679828408937 0.14676754999999997 0.3
935.0 0 12 0.6167499999999999 4.204545067201139 0.1466865 0.3
935.5 0 12 0.614775 4.193397994412895 0.14660545 0.3
936.0 0 12 0.6128 4.1822385896137435 0.1465244 0.3
936.5 0 12 0.610825 4.171066832327996 0.14644335 0.3
937.0 0 12 0.60885 4.159882702034609 0.1463623 0.3
937.5 0 12 0.6068749999999999 4.148686178167058 0.14628125 0.3
938.0 0 12 0.6049 4.137477240113214 0.14620020000000003 0.3
938.5 0 12 0.6029249999999999 4.126255867215214 0.14611915 0.3
939.0 0 12 0.60095 4.115022038769335 0.1460381 0.3
939.5 0 12 0.598975 4.103775734025866 0.14595705 0.3
940.0 0 12 0.597 4.092516932188982 0.145876 0.3
940.5 0 12 0.5950249999999999 4.081245612416616 0.14579495 0.3
941.0 0 12 0.59305 4.069961753820328 0.1457139 0.3
941.5 0 12 0.591075 4.058665335465178 0.14563285000000004 0.3
942.0 0 12 0.5891 4.047356336369594 0.1455518 0.3
942.5 0 12 0.587125 4.036034735505249 0.14547074999999998 0.3
943.0 0 12 0.58515 4.024700511796915 0.1453897 0.3
943.5 0 12 0.583175 4.013353644122357 0.14530864999999998 0.3
944.0 0 12 0.5811999999999999 4.001994111312174 0.1452276 0.3
944.5 0 12 0.579225 3.990621892149693 0.14514654999999999 0.3
945.0 0 12 0.57725 3.979236965370816 0.1450655 0.3
945.5 0 12 0.575275 3.9678393096638986 0.14498444999999996 0.3
946.0 0 12 0.5733 3.9564289036696176 0.14490340000000002 0.3
946.5 0 12 0.571325 3.945005725980831 0.14482235000000002 0.3
947.0 0 12 0.56935 3.933569755142451 0.1447413 0.3
947.5 0 12 0.567375 3.9221209696513037 0.14466025 0.3
948.0 0 12 0.5654 3.9106593479559995 0.1445792 0.3
948.5 0 12 0.5634250000000001 3.899184868456794 0.14449815 0.3
949.0 0 12 0.56145 3.8876975095054536 0.1444171 0.3
949.5 0 12 0.559475 3.876197249405121 0.14433604999999997 0.3
950.0 0 12 0.5575 3.8646840664101765 0.14425500000000002 0.3
950.5 0 12 0.555525 3.8531579387261017 0.14417395 0.3
951.0 0 12 0.55355 3.8416188445093407 0.1440929 0.3
951.5 0 12 0.551575 3.830066761867166 0.14401185 0.3
952.0 0 12 0.5496 3.818501668857534 0.1439308 0.3
952.5 0 12 0.547625 3.8069235434889532 0.14384975 0.3
953.0 0 12 0.54565 3.7953323637203367 0.1437687 0.3
953.5 0 12 0.543675 3.783728107460871 0.14368765 0.3
954.0 0 12 0.5417 3.772110752569868 0.14360659999999997 0.3
954.5 0 12 0.539725 3.7604802768566294 0.14352555 0.3
955.0 0 12 0.53775 3.7488366580803025 0.1434445 0.3
955.5 0 12 0.535775 3.737179873949741 0.14336345000000003 0.3
956.0 0 12 0.5337999999999999 3.725509902123359 0.1432824 0.3
956.5 0 12 0.531825 3.713826720208992 0.14320135 0.3
957.0 0 12 0.52985 3.702130305763753 0.14312029999999998 0.3
957.5 0 12 0.527875 3.6904206362938843 0.14303925 0.3
958.0 0 12 0.5259 3.6786976892546215 0.14295819999999998 0.3
958.5 0 12 0.523925 3.6669614420500407 0.14287714999999998 0.3
959.0 0 12 0.52195 3.6552118720329205 0.14279609999999998 0.3
959.5 0 12 0.519975 3.643448956504587 0.14271505 0.3
960.0 0 12 0.518 3.6316726727147812 0.14263399999999998 0.3
960.5 0 12 0.516025 3.6198829978614957 0.14255295 0.3
961.0 0 12 0.51405 3.6080799090908457 0.14247189999999998 0.3
961.5 0 12 0.512075 3.596263383496903 0.14239084999999996 0.3
962.0 0 12 0.5101 3.5844333981215635 0.14230979999999996 0.3
962.5 0 12 0.5081249999999999 3.5725899299543866 0.14222875 0.3
963.0 0 12 0.50615 3.5607329559324565 0.1421477 0.3
963.5 0 12 0.504175 3.548862452940223 0.14206664999999996 0.3
964.0 0 12 0.5022 3.5369783978093556 0.1419856 0.3
964.5 0 12 0.500225 3.5250807673185958 0.14190455000000002 0.3
965.0 0 12 0.49824999999999997 3.5131695381936 0.1418235 0.3
965.5 0 12 0.49627499999999997 3.5012446871067913 0.14174245 0.3
966.0 0 12 0.49429999999999996 3.489306190677206 0.1416614 0.3
966.5 0 12 0.492325 3.477354025470343 0.14158035 0.3
967.0 0 12 0.49035 3.4653881679980043 0.1414993 0.3
967.5 0 12 0.488375 3.45340859471815 0.14141825 0.3
968.0 0 12 0.4864 3.441415282034737 0.1413372 0.3
968.5 0 12 0.484425 3.4294082062975666 0.14125615 0.3
969.0 0 12 0.48245 3.4173873438021296 0.14117509999999997 0.3
969.5 0 12 0.480475 3.4053526707894486 0.14109405 0.3
970.0 0 12 0.4785 3.393304163445923 0.14101300000000003 0.3
970.5 0 12 0.476525 3.381241797903172 0.14093195 0.3
971.0 0 12 0.47454999999999997 3.3691655502378755 0.1408509 0.3
971.5 0 12 0.47257499999999997 3.3570753964716165 0.14076985 0.3
972.0 0 12 0.4706 3.3449713125707237 0.1406888 0.3
972.5 0 12 0.46862499999999996 3.3328532744461095 0.14060775 0.3
973.0 0 12 0.46665 3.320721257953115 0.1405267 0.3
973.5 0 12 0.464675 3.3085752388913434 0.14044565 0.3
974.0 0 12 0.4627 3.296415193004504 0.1403646 0.3
974.5 0 12 0.460725 3.2842410959802484 0.14028355 0.3
975.0 0 12 0.45875 3.2720529234500098 0.14020249999999998 0.3
975.5 0 12 0.456775 3.259850650988839 0.14012144999999998 0.3
976.0 0 12 0.4548 3.2476342541152405 0.1400404 0.3
976.5 0 12 0.452825 3.2354037082910145 0.13995934999999998 0.3
977.0 0 12 0.45085 3.223158988921083 0.1398783 0.3
977.5 0 12 0.44887499999999997 3.210900071353335 0.13979725 0.3
978.0 0 12 0.44689999999999996 3.198626930878452 0.13971619999999998 0.3
978.5 0 12 0.444925 3.1863395427297503 0.13963514999999999 0.3
979.0 0 12 0.44294999999999995 3.174037882083006 0.1395541 0.3
979.5 0 12 0.440975 3.1617219240562964 0.13947305 0.3
980.0 0 12 0.439 3.149391643709826 0.13939199999999996 0.3
980.5 0 12 0.437025 3.1370470160457598 0.13931095 0.3
981.0 0 12 0.43505 3.124688016008056 0.1392299 0.3
981.5 0 12 0.433075 3.1123146184822943 0.13914885000000002 0.3
982.0 0 12 0.4311 3.099926798295508 0.1390678 0.3
982.5 0 12 0.429125 3.08752453021601 0.13898675 0.3
983.0 0 12 0.42715 3.075107788953225 0.1389057 0.3
983.5 0 12 0.42517499999999997 3.062676549157516 0.13882465000000002 0.3
984.0 0 12 0.4232 3.0502307854200126 0.1387436 0.3
984.5 0 12 0.42122499999999996 3.0377704722724337 0.13866255 0.3
985.0 0 12 0.41925 3.0252955841869227 0.1385815 0.3
985.5 0 12 0.41727499999999995 3.0128060955758627 0.13850045 0.3
986.0 0 12 0.4153 3.00030198079171 0.1384194 0.3
986.5 0 12 0.41332499999999994 2.9877832141268126 0.13833835 0.3
987.0 0 12 0.41135 2.9752497698132396 0.1382573 0.3
987.5 0 12 0.409375 2.962701622022598 0.13817625 0.3
988.0 0 12 0.4074 2.9501387448658605 0.1380952 0.3
988.5 0 12 0.405425 2.9375611123931855 0.13801415 0.3
989.0 0 12 0.40345 2.924968698593738 0.1379331 0.3
989.5 0 12 0.40147499999999997 2.9123614773955118 0.13785205 0.3
990.0 0 12 0.39949999999999997 2.8997394226651467 0.137771 0.3
990.5 0 12 0.397525 2.8871025082077524 0.13768995 0.3
991.0 0 12 0.39554999999999996 2.874450707766721 0.1376089 0.3
991.5 0 12 0.393575 2.8617839950235533 0.13752785 0.3
992.0 0 12 0.39159999999999995 2.8491023435976683 0.13744679999999998 0.3
992.5 0 12 0.389625 2.836405727046225 0.13736575 0.3
993.0 0 12 0.38764999999999994 2.8236941188639375 0.13728469999999998 0.3
993.5 0 12 0.385675 2.8109674924828894 0.13720365 0.3
994.0 0 12 0.3837 2.7982258212723505 0.13712259999999998 0.3
994.5 0 12 0.381725 2.785469078538589 0.13704155 0.3
995.0 0 12 0.37975 2.772697237524688 0.13696049999999999 0.3
995.5 0 12 0.37777499999999997 2.7599102714103543 0.13687944999999999 0.3
996.0 0 12 0.37579999999999997 2.7471081533117347 0.1367984 0.3
996.5 0 12 0.37382499999999996 2.7342908562812256 0.13671735 0.3
997.0 0 12 0.37185 2.721458353307284 0.1366363 0.3
997.5 0 12 0.36987499999999995 2.7086106173142372 0.13655525 0.3
998.0 0 12 0.3679 2.6957476211620954 0.1364742 0.3
998.5 0 12 0.36592499999999994 2.682869337646355 0.13639315 0.3
999.0 0 12 0.36395 2.6699757394978145 0.13631209999999996 0.3
999.5 0 12 0.36197499999999994 2.6570667993823727 0.13623105 0.3
1000.0 0 12 0.36 2.6441424899008448 0.13615 0.3
1000.5 0 12 0.3594275 2.642119767667089 0.13603755 0.3
1001.0 0 12 0.358855 2.6400936986619836 0.1359251 0.3
1001.5 0 12 0.3582825 2.6380642745723613 0.13581265 0.3
1002.0 0 12 0.35771 2.636031487057499 0.1357002 0.3
1002.5 0 12 0.3571375 2.6339953277490036 0.13558775 0.3
1003.0 0 12 0.35656499999999997 2.6319557882506994 0.1354753 0.3
1003.5 0 12 0.3559925 2.629912860138509 0.13536285 0.3
1004.0 0 12 0.35541999999999996 2.62786653496034 0.1352504 0.3
1004.5 0 12 0.3548475 2.6258168042359675 0.13513795 0.3
1005.0 0 12 0.354275 2.623763659456918 0.1350255 0.3
1005.5 0 12 0.3537025 2.6217070920863472 0.13491305 0.3
1006.0 0 12 0.35313 2.619647093558931 0.1348006 0.3
1006.5 0 12 0.35255749999999997 2.617583655280735 0.13468815 0.3
1007.0 0 12 0.351985 2.615516768629106 0.13457570000000002 0.3
1007.5 0 12 0.35141249999999996 2.613446424952542 0.13446325000000003 0.3
1008.0 0 12 0.35084 2.611372615570581 0.1343508 0.3
1008.5 0 12 0.3502675 2.60929533177367 0.13423835 0.3
1009.0 0 12 0.349695 2.6072145648230505 0.1341259 0.3
1009.5 0 12 0.3491225 2.605130305950634 0.13401345 0.3
1010.0 0 12 0.34854999999999997 2.603042546358877 0.133901 0.3
1010.5 0 12 0.3479775 2.6009512772206587 0.13378855000000003 0.3
1011.0 0 12 0.34740499999999996 2.5988564896791573 0.1336761 0.3
1011.5 0 12 0.3468325 2.5967581748477224 0.13356365 0.3
1012.0 0 12 0.34625999999999996 2.594656323809752 0.1334512 0.3
1012.5 0 12 0.3456875 2.592550927618565 0.13333875 0.3
1013.0 0 12 0.345115 2.5904419772972758 0.1332263 0.3
1013.5 0 12 0.3445425 2.588329463838661 0.13311385 0.3
1014.0 0 12 0.34397 2.5862133782050414 0.1330014 0.3
1014.5 0 12 0.34339749999999997 2.5840937113281424 0.13288895 0.3
1015.0 0 12 0.342825 2.5819704541089727 0.1327765 0.3
1015.5 0 12 0.34225249999999996 2.579843597417687 0.13266405 0.3
1016.0 0 12 0.34168 2.577713132093464 0.1325516 0.3
1016.5 0 12 0.3411075 2.5755790489443644 0.13243915 0.3
1017.0 0 12 0.340535 2.5734413387472066 0.1323267 0.3
1017.5 0 12 0.3399625 2.5712999922474316 0.13221425 0.3
1018.0 0 12 0.33938999999999997 2.5691550001589682 0.1321018 0.3
1018.5 0 12 0.3388175 2.5670063531641 0.13198935 0.3
1019.0 0 12 0.33824499999999996 2.5648540419133297 0.1318769 0.3
1019.5 0 12 0.3376725 2.5626980570252447 0.13176445 0.3
1020.0 0 12 0.33709999999999996 2.560538389086379 0.131652 0.3
1020.5 0 12 0.3365275 2.5583750286510782 0.13153955 0.3
1021.0 0 12 0.335955 2.5562079662413613 0.1314271 0.3
1021.5 0 12 0.3353825 2.554037192346779 0.13131465 0.3
1022.0 0 12 0.33481 2.5518626974242813 0.1312022 0.3
1022.5 0 12 0.33423749999999997 2.5496844718980696 0.13108975 0.3
1023.0 0 12 0.333665 2.5475025061594643 0.1309773 0.3
1023.5 0 12 0.33309249999999996 2.545316790566756 0.13086484999999998 0.3
1024.0 0 12 0.33252 2.54312731544507 0.1307524 0.3
1024.5 0 12 0.33194749999999995 2.540934071086218 0.13063995 0.3
1025.0 0 12 0.331375 2.5387370477485587 0.1305275 0.3
1025.5 0 12 0.3308025 2.536536235656851 0.13041505 0.3
1026.0 0 12 0.33022999999999997 2.5343316250021104 0.1303026 0.3
1026.5 0 12 0.3296575 2.5321232059414633 0.13019015 0.3
1027.0 0 12 0.32908499999999996 2.5299109685979992 0.1300777 0.3
1027.5 0 12 0.3285125 2.5276949030606257 0.12996525 0.3
1028.0 0 12 0.32793999999999995 2.525474999383918 0.12985279999999996 0.3
1028.5 0 12 0.3273675 2.5232512475879707 0.12974035 0.3
1029.0 0 12 0.32679499999999995 2.5210236376582507 0.1296279 0.3
1029.5 0 12 0.32622249999999997 2.518792159545444 0.12951545 0.3
1030.0 0 12 0.32565 2.5165568031653054 0.129403 0.3
1030.5 0 12 0.32507749999999996 2.514317558398506 0.12929055 0.3
1031.0 0 12 0.324505 2.512074415090484 0.12917809999999996 0.3
1031.5 0 12 0.32393249999999996 2.5098273630512837 0.12906565000000003 0.3
1032.0 0 12 0.32336 2.5075763920554124 0.1289532 0.3
1032.5 0 12 0.32278749999999995 2.505321491841672 0.12884075 0.3
1033.0 0 12 0.322215 2.5030626521130164 0.1287283 0.3
1033.5 0 12 0.32164249999999994 2.500799862536382 0.12861585 0.3
1034.0 0 12 0.32106999999999997 2.498533112742542 0.1285034 0.3
1034.5 0 12 0.3204975 2.4962623923259386 0.12839095 0.3
1035.0 0 12 0.31992499999999996 2.4939876908445298 0.1282785 0.3
1035.5 0 12 0.3193525 2.491708997819625 0.12816605 0.3
1036.0 0 12 0.31877999999999995 2.4894263027357293 0.1280536 0.3
1036.5 0 12 0.3182075 2.4871395950403756 0.12794115 0.3
1037.0 0 12 0.317635 2.484848864143968 0.1278287 0.3
1037.5 0 12 0.31706249999999997 2.4825540994196116 0.12771625 0.3
1038.0 0 12 0.31649 2.4802552902029564 0.1276038 0.3
1038.5 0 12 0.31591749999999996 2.477952425792024 0.12749135 0.3
1039.0 0 12 0.315345 2.4756454954470484 0.1273789 0.3
1039.5 0 12 0.31477249999999996 2.473334488390302 0.12726645 0.3
1040.0 0 12 0.3142 2.471019393805936 0.12715400000000002 0.3
1040.5 0 12 0.31362749999999995 2.4687002008398036 0.12704155 0.3
1041.0 0 12 0.31305499999999997 2.4663768985992967 0.1269291 0.3
1041.5 0 12 0.3124825 2.464049476153171 0.12681665 0.3
1042.0 0 12 0.31190999999999997 2.4617179225313763 0.1267042 0.3
1042.5 0 12 0.3113375 2.4593822267248853 0.12659175 0.3
1043.0 0 12 0.31076499999999996 2.4570423776855184 0.1264793 0.3
1043.5 0 12 0.3101925 2.4546983643257705 0.12636685 0.3
1044.0 0 12 0.30961999999999995 2.452350175518635 0.1262544 0.3
1044.5 0 12 0.3090475 2.44999780009743 0.12614195 0.3
1045.0 0 12 0.30847499999999994 2.447641226855617 0.1260295 0.3
1045.5 0 12 0.30790249999999997 2.445280444546628 0.12591705 0.3
1046.0 0 12 0.30733 2.442915441883683 0.1258046 0.3
1046.5 0 12 0.30675749999999996 2.440546207539611 0.12569215000000003 0.3
1047.0 0 12 0.306185 2.438172730146672 0.1255797 0.3
1047.5 0 12 0.30561249999999995 2.435794998296368 0.12546725 0.3
1048.0 0 12 0.30504 2.4334130005392693 0.1253548 0.3
1048.5 0 12 0.30446749999999995 2.4310267253848235 0.12524235 0.3
1049.0 0 12 0.30389499999999997 2.428636161301176 0.1251299 0.3
1049.5 0 12 0.30332249999999994 2.426241296714978 0.12501745 0.3
1050.0 0 12 0.30274999999999996 2.4238421200112086 0.12490499999999999 0.3
1050.5 0 12 0.3021775 2.4214386195329767 0.12479255000000002 0.3
1051.0 0 12 0.30160499999999996 2.4190307835813414 0.12468009999999999 0.3
1051.5 0 12 0.3010325 2.4166186004151156 0.12456765 0.3
1052.0 0 12 0.30045999999999995 2.41420205825068 0.12445519999999997 0.3
1052.5 0 12 0.2998875 2.411781145261786 0.12434275000000002 0.3
1053.0 0 12 0.29931499999999994 2.4093558495793697 0.12423029999999999 0.3
1053.5 0 12 0.29874249999999997 2.4069261592913507 0.12411785 0.3
1054.0 0 12 0.29817 2.404492062442442 0.12400539999999999 0.3
1054.5 0 12 0.29759749999999996 2.402053547033951 0.12389295 0.3
1055.0 0 12 0.297025 2.399610601023586 0.12378049999999999 0.3
1055.5 0 12 0.29645249999999995 2.3971632123252524 0.12366805 0.3
1056.0 0 12 0.29588 2.3947113688088604 0.12355559999999997 0.3
1056.5 0 12 0.29530749999999995 2.392255058300116 0.12344314999999999 0.3
1057.0 0 12 0.29473499999999997 2.3897942685803293 0.12333069999999999 0.3
1057.5 0 12 0.2941625 2.3873289873862027 0.12321825000000002 0.3
1058.0 0 12 0.29358999999999996 2.3848592024096344 0.12310579999999999 0.3
1058.5 0 12 0.2930175 2.382384901297509 0.12299335 0.3
1059.0 0 12 0.29244499999999995 2.3799060716514933 0.12288089999999999 0.3
1059.5 0 12 0.2918725 2.377422701027829 0.12276845000000002 0.3
1060.0 0 12 0.29129999999999995 2.3749347769371245 0.122656 0.3
1060.5 0 12 0.29072749999999997 2.372442286844146 0.12254355 0.3
1061.0 0 12 0.290155 2.369945218167606 0.12243109999999999 0.3
1061.5 0 12 0.28958249999999996 2.3674435582799513 0.12231864999999999 0.3
1062.0 0 12 0.28901 2.3649372945071527 0.12220619999999999 0.3
1062.5 0 12 0.28843749999999996 2.3624264141284868 0.12209375000000001 0.3
1063.0 0 12 0.287865 2.3599109043763264 0.1219813 0.3
1063.5 0 12 0.28729249999999995 2.3573907524359172 0.12186885000000001 0.3
1064.0 0 12 0.28672 2.3548659454451673 0.1217564 0.3
1064.5 0 12 0.2861475 2.3523364704944223 0.12164395000000001 0.3
1065.0 0 12 0.28557499999999997 2.349802314626249 0.12153149999999999 0.3
1065.5 0 12 0.2850025 2.3472634648352133 0.12141904999999999 0.3
1066.0 0 12 0.28442999999999996 2.344719908067656 0.1213066 0.3
1066.5 0 12 0.2838575 2.3421716312214738 0.12119415 0.3
1067.0 0 12 0.28328499999999995 2.339618621145887 0.12108170000000001 0.3
1067.5 0 12 0.2827125 2.3370608646412205 0.12096925000000001 0.3
1068.0 0 12 0.28213999999999995 2.334498348458671 0.12085680000000001 0.3
1068.5 0 12 0.28156749999999997 2.331931059300083 0.12074434999999999 0.3
1069.0 0 12 0.280995 2.329358983817713 0.12063190000000001 0.3
1069.5 0 12 0.28042249999999996 2.3267821086140037 0.12051945 0.3
1070.0 0 12 0.27985 2.324200420241348 0.12040699999999999 0.3
1070.5 0 12 0.27927749999999996 2.3216139052018563 0.12029455 0.3
1071.0 0 12 0.278705 2.3190225499471215 0.1201821 0.3
1071.5 0 12 0.2781325 2.316426340877982 0.12006965 0.3
1072.0 0 12 0.27756 2.3138252643442825 0.1199572 0.3
1072.5 0 12 0.2769875 2.311219306644638 0.11984475 0.3
1073.0 0 12 0.27641499999999997 2.30860845402619 0.11973229999999999 0.3
1073.5 0 12 0.2758425 2.305992692684366 0.11961985000000001 0.3
1074.0 0 12 0.27526999999999996 2.303372008762637 0.1195074 0.3
1074.5 0 12 0.2746975 2.300746388352271 0.11939495 0.3
1075.0 0 12 0.27412499999999995 2.298115817492088 0.11928249999999999 0.3
1075.5 0 12 0.2735525 2.2954802821682123 0.11917005 0.3
1076.0 0 12 0.27298 2.2928397683138244 0.1190576 0.3
1076.5 0 12 0.27240749999999997 2.2901942618089093 0.11894514999999999 0.3
1077.0 0 12 0.271835 2.287543748480006 0.1188327 0.3
1077.5 0 12 0.27126249999999996 2.2848882140999534 0.11872024999999999 0.3
1078.0 0 12 0.27069 2.2822276443876373 0.11860779999999999 0.3
1078.5 0 12 0.2701175 2.2795620250077326 0.11849534999999999 0.3
1079.0 0 12 0.269545 2.276891341570446 0.1183829 0.3
1079.5 0 12 0.2689725 2.2742155796312606 0.11827044999999999 0.3
1080.0 0 12 0.26839999999999997 2.2715347246906683 0.118158 0.3
1080.5 0 12 0.2678275 2.2688487621939157 0.11804555000000001 0.3
1081.0 0 12 0.26725499999999996 2.2661576775307353 0.11793310000000001 0.3
1081.5 0 12 0.2666825 2.263461456035084 0.11782065 0.3
1082.0 0 12 0.26610999999999996 2.2607600829848726 0.11770819999999999 0.3
1082.5 0 12 0.2655375 2.258053543601703 0.11759575 0.3
1083.0 0 12 0.264965 2.2553418230505953 0.11748330000000001 0.3
1083.5 0 12 0.2643925 2.252624906439716 0.11737085000000001 0.3
1084.0 0 12 0.26382 2.2499027788201102 0.1172584 0.3
1084.5 0 12 0.26324749999999997 2.24717542518542 0.11714595 0.3
1085.0 0 12 0.262675 2.244442830471617 0.1170335 0.3
1085.5 0 12 0.2621025 2.2417049795567183 0.11692104999999998 0.3
1086.0 0 12 0.26153 2.23896185726051 0.1168086 0.3
1086.5 0 12 0.2609575 2.2362134483442686 0.11669614999999998 0.3
1087.0 0 12 0.260385 2.233459737510475 0.11658369999999998 0.3
1087.5 0 12 0.2598125 2.230700709402535 0.11647125 0.3
1088.0 0 12 0.25923999999999997 2.2279363486044885 0.11635880000000001 0.3
1088.5 0 12 0.2586675 2.2251666396407286 0.11624634999999998 0.3
1089.0 0 12 0.25809499999999996 2.2223915669757064 0.11613389999999998 0.3
1089.5 0 12 0.2575225 2.219611115013646 0.11602145 0.3
1090.0 0 12 0.25695 2.2168252680982494 0.11590900000000001 0.3
1090.5 0 12 0.2563775 2.214034010512403 0.11579655 0.3
1091.0 0 12 0.255805 2.2112373264778826 0.1156841 0.3
1091.5 0 12 0.2552325 2.2084352001550553 0.11557164999999998 0.3
1092.0 0 12 0.25466 2.205627615642582 0.11545919999999998 0.3
1092.5 0 12 0.2540875 2.2028145569771147 0.11534675000000001 0.3
1093.0 0 12 0.253515 2.1999960081329952 0.11523429999999998 0.3
1093.5 0 12 0.2529425 2.1971719530219502 0.11512185000000001 0.3
1094.0 0 12 0.25237 2.1943423754927855 0.1150094 0.3
1094.5 0 12 0.2517975 2.191507259331079 0.11489695 0.3
1095.0 0 12 0.251225 2.1886665882588674 0.1147845 0.3
1095.5 0 12 0.2506525 2.185820345934341 0.11467205 0.3
1096.0 0 12 0.25007999999999997 2.1829685159515217 0.11455960000000001 0.3
1096.5 0 12 0.2495075 2.1801110818399585 0.11444715 0.3
1097.0 0 12 0.248935 2.1772480270643997 0.11433469999999998 0.3
1097.5 0 12 0.24836249999999999 2.1743793350244807 0.11422225 0.3
1098.0 0 12 0.24779 2.171504989054402 0.11410980000000001 0.3
1098.5 0 12 0.2472175 2.1686249724226045 0.11399735 0.3
1099.0 0 12 0.246645 2.165739268331447 0.11388489999999998 0.3
1099.5 0 12 0.2460725 2.162847859916878 0.11377245 0.3
1100.0 0 12 0.2455 2.1599507302481085 0.11366 0.3
1100.5 0 12 0.2449275 2.1570478623272806 0.11354755 0.3
1101.0 0 12 0.244355 2.1541392390891354 0.11343510000000001 0.3
1101.5 0 12 0.24378249999999999 2.151224843400679 0.11332265000000001 0.3
1102.0 0 12 0.24321 2.1483046580608463 0.1132102 0.3
1102.5 0 12 0.2426375 2.14537866580016 0.11309774999999998 0.3
1103.0 0 12 0.242065 2.142446849280393 0.1129853 0.3
1103.5 0 12 0.2414925 2.139509191094227 0.11287285 0.3
1104.0 0 12 0.24092 2.1365656737649035 0.1127604 0.3
1104.5 0 12 0.2403475 2.1336162797458806 0.11264795 0.3
1105.0 0 12 0.239775 2.130660991420485 0.1125355 0.3
1105.5 0 12 0.23920249999999998 2.127699791101558 0.11242305 0.3
1106.0 0 12 0.23863 2.124732661031105 0.1123106 0.3
1106.5 0 12 0.2380575 2.12175958337994 0.11219815000000001 0.3
1107.0 0 12 0.237485 2.1187805402473288 0.1120857 0.3
1107.5 0 12 0.2369125 2.115795513660629 0.11197325 0.3
1108.0 0 12 0.23634 2.112804485574929 0.1118608 0.3
1108.5 0 12 0.2357675 2.1098074378726843 0.11174835 0.3
1109.0 0 12 0.235195 2.1068043523633526 0.1116359 0.3
1109.5 0 12 0.23462249999999998 2.103795210783024 0.11152344999999998 0.3
1110.0 0 12 0.23405 2.100779994794051 0.111411 0.3
1110.5 0 12 0.2334775 2.097758685984678 0.11129855 0.3
1111.0 0 12 0.232905 2.094731265868665 0.1111861 0.3
1111.5 0 12 0.2323325 2.091697715884911 0.11107364999999998 0.3
1112.0 0 12 0.23176 2.0886580173970724 0.11096119999999998 0.3
1112.5 0 12 0.2311875 2.0856121516931854 0.11084875000000001 0.3
1113.0 0 12 0.230615 2.0825600999852805 0.11073629999999998 0.3
1113.5 0 12 0.23004249999999998 2.0795018434089934 0.11062385000000001 0.3
1114.0 0 12 0.22947 2.0764373630231816 0.11051139999999998 0.3
1114.5 0 12 0.2288975 2.073366639809527 0.11039895 0.3
1115.0 0 12 0.228325 2.0702896546721496 0.11028649999999998 0.3
1115.5 0 12 0.2277525 2.0672063884372047 0.11017404999999998 0.3
1116.0 0 12 0.22718 2.06411682185249 0.1100616 0.3
1116.5 0 12 0.2266075 2.0610209355870417 0.10994915 0.3
1117.0 0 12 0.22603499999999999 2.0579187102307333 0.1098367 0.3
1117.5 0 12 0.2254625 2.0548101262938685 0.10972425000000001 0.3
1118.0 0 12 0.22489 2.0516951642067736 0.1096118 0.3
1118.5 0 12 0.2243175 2.0485738043193864 0.10949935000000001 0.3
1119.0 0 12 0.223745 2.0454460269008448 0.1093869 0.3
1119.5 0 12 0.2231725 2.042311812139068 0.10927445 0.3
1120.0 0 12 0.2226 2.039171140140342 0.10916199999999998 0.3
1120.5 0 12 0.2220275 2.036023990928894 0.10904955 0.3
1121.0 0 12 0.22145499999999999 2.032870344446474 0.1089371 0.3
1121.5 0 12 0.22088249999999998 2.0297101805519246 0.10882465 0.3
1122.0 0 12 0.22031 2.026543479020754 0.1087122 0.3
1122.5 0 12 0.2197375 2.0233702195447045 0.10859974999999998 0.3
1123.0 0 12 0.219165 2.020190381731318 0.1084873 0.3
1123.5 0 12 0.2185925 2.0170039451035 0.10837485 0.3
1124.0 0 12 0.21802 2.013810889099078 0.1082624 0.3
1124.5 0 12 0.2174475 2.010611193070362 0.10814995 0.3
1125.0 0 12 0.21687499999999998 2.0074048362836976 0.1080375 0.3
1125.5 0 12 0.2163025 2.004191797919019 0.10792505000000001 0.3
1126.0 0 12 0.21573 2.0009720570693963 0.10781260000000001 0.3
1126.5 0 12 0.2151575 1.9977455927405858 0.10770015 0.3
1127.0 0 12 0.214585 1.9945123838505703 0.1075877 0.3
1127.5 0 12 0.2140125 1.9912724092291016 0.10747525 0.3
1128.0 0 12 0.21344 1.988025647617238 0.1073628 0.3
1128.5 0 12 0.2128675 1.9847720776668794 0.10725034999999998 0.3
1129.0 0 12 0.212295 1.9815116779402995 0.1071379 0.3
1129.5 0 12 0.21172249999999998 1.9782444269096742 0.10702545 0.3
1130.0 0 12 0.21115 1.9749703029566097 0.106913 0.3
1130.5 0 12 0.2105775 1.971689284371663 0.10680055000000001 0.3
1131.0 0 12 0.210005 1.9684013493538643 0.1066881 0.3
1131.5 0 12 0.2094325 1.9651064760102332 0.10657565 0.3
1132.0 0 12 0.20886 1.9618046423552928 0.10646319999999998 0.3
1132.5 0 12 0.20828750000000001 1.958495826310581 0.10635075 0.3
1133.0 0 12 0.20771499999999998 1.9551800057041575 0.10623829999999998 0.3
1133.5 0 12 0.2071425 1.9518571582701105 0.10612585000000001 0.3
1134.0 0 12 0.20657 1.948527261648056 0.10601339999999998 0.3
1134.5 0 12 0.2059975 1.9451902933826375 0.10590094999999998 0.3
1135.0 0 12 0.205425 1.941846230923021 0.1057885 0.3
1135.5 0 12 0.2048525 1.9384950516223876 0.10567605000000001 0.3
1136.0 0 12 0.20428 1.935136732737421 0.1055636 0.3
1136.5 0 12 0.20370749999999999 1.9317712514277938 0.10545115 0.3
1137.0 0 12 0.203135 1.9283985847556504 0.10533869999999998 0.3
1137.5 0 12 0.2025625 1.9250187096850835 0.10522625 0.3
1138.0 0 12 0.20199 1.9216316030816127 0.1051138 0.3
1138.5 0 12 0.2014175 1.9182372417116542 0.10500135000000001 0.3
1139.0 0 12 0.200845 1.914835602241991 0.10488890000000001 0.3
1139.5 0 12 0.2002725 1.9114266612392385 0.10477645 0.3
1140.0 0 12 0.1997 1.9080103951693035 0.10466400000000002 0.3
1140.5 0 12 0.1991275 1.9045867803968475 0.10455155000000001 0.3
1141.0 0 12 0.19855499999999998 1.901155793184736 0.10443909999999999 0.3
1141.5 0 12 0.1979825 1.8977174096934966 0.10432665 0.3
1142.0 0 12 0.19741 1.8942716059807587 0.10421420000000002 0.3
1142.5 0 12 0.1968375 1.890818358000706 0.10410174999999999 0.3
1143.0 0 12 0.196265 1.887357641603511 0.1039893 0.3
1143.5 0 12 0.1956925 1.8838894325347757 0.10387684999999998 0.3
1144.0 0 12 0.19512 1.880413706434962 0.10376440000000002 0.3
1144.5 0 12 0.19454749999999998 1.8769304388388255 0.10365194999999999 0.3
1145.0 0 12 0.193975 1.8734396051748365 0.1035395 0.3
1145.5 0 12 0.1934025 1.8699411807646067 0.10342704999999999 0.3
1146.0 0 12 0.19283 1.8664351408223039 0.1033146 0.3
1146.5 0 12 0.1922575 1.86292146045407 0.10320214999999999 0.3
1147.0 0 12 0.191685 1.8594001146574293 0.1030897 0.3
1147.5 0 12 0.1911125 1.855871078320697 0.10297724999999999 0.3
1148.0 0 12 0.19054 1.852334326222381 0.1028648 0.3
1148.5 0 12 0.1899675 1.848789833030583 0.10275235 0.3
1149.0 0 12 0.189395 1.8452375733023902 0.1026399 0.3
1149.5 0 12 0.1888225 1.8416775214832712 0.10252744999999999 0.3
1150.0 0 12 0.18825 1.8381096519064588 0.102415 0.3
1150.5 0 12 0.1876775 1.8345339387923372 0.10230254999999999 0.3
1151.0 0 12 0.187105 1.8309503562478164 0.1021901 0.3
1151.5 0 12 0.1865325 1.8273588782657124 0.10207764999999999 0.3
1152.0 0 12 0.18596000000000001 1.8237594787241138 0.10196519999999999 0.3
1152.5 0 12 0.1853875 1.8201521313857507 0.10185274999999999 0.3
1153.0 0 12 0.184815 1.8165368098973562 0.1017403 0.3
1153.5 0 12 0.1842425 1.8129134877890265 0.10162784999999999 0.3
1154.0 0 12 0.18367 1.8092821384735713 0.1015154 0.3
1154.5 0 12 0.1830975 1.8056427352458682 0.10140294999999999 0.3
1155.0 0 12 0.182525 1.801995251282203 0.10129049999999999 0.3
1155.5 0 12 0.1819525 1.7983396596396155 0.10117804999999999 0.3
1156.0 0 12 0.18138 1.7946759332552322 0.1010656 0.3
1156.5 0 12 0.1808075 1.7910040449456013 0.10095314999999999 0.3
1157.0 0 12 0.180235 1.7873239674060175 0.1008407 0.3
1157.5 0 12 0.1796625 1.7836356732098495 0.10072824999999998 0.3
1158.0 0 12 0.17909 1.779939134807853 0.1006158 0.3
1158.5 0 12 0.1785175 1.776234324527491 0.10050334999999999 0.3
1159.0 0 12 0.177945 1.7725212145722369 0.10039090000000002 0.3
1159.5 0 12 0.1773725 1.7687997770208854 0.10027844999999999 0.3
1160.0 0 12 0.1768 1.7650699838268475 0.100166 0.3
1160.5 0 12 0.1762275 1.7613318068174495 0.10005354999999999 0.3
1161.0 0 12 0.175655 1.7575852176932212 0.09994110000000002 0.3
1161.5 0 12 0.1750825 1.7538301880271847 0.09982865 0.3
1162.0 0 12 0.17451 1.7500666892641314 0.0997162 0.3
1162.5 0 12 0.1739375 1.7462946927199028 0.09960374999999998 0.3
1163.0 0 12 0.173365 1.7425141695806565 0.0994913 0.3
1163.5 0 12 0.17279250000000002 1.738725090902139 0.09937884999999999 0.3
1164.0 0 12 0.17222 1.7349274276089393 0.09926639999999999 0.3
1164.5 0 12 0.1716475 1.7311211504937527 0.09915394999999999 0.3
1165.0 0 12 0.171075 1.7273062302166264 0.0990415 0.3
1165.5 0 12 0.1705025 1.7234826373042096 0.09892904999999999 0.3
1166.0 0 12 0.16993 1.719650342148991 0.0988166 0.3
1166.5 0 12 0.1693575 1.7158093150085383 0.09870414999999999 0.3
1167.0 0 12 0.168785 1.7119595260047245 0.09859169999999999 0.3
1167.5 0 12 0.1682125 1.7081009451229574 0.09847925 0.3
1168.0 0 12 0.16764 1.7042335422113966 0.0983668 0.3
1168.5 0 12 0.1670675 1.7003572869801695 0.09825434999999999 0.3
1169.0 0 12 0.166495 1.6964721490005796 0.0981419 0.3
1169.5 0 12 0.1659225 1.6925780977043126 0.09802944999999999 0.3
1170.0 0 12 0.16535 1.68867510238263 0.097917 0.3
1170.5 0 12 0.1647775 1.684763132185568 0.09780455 0.3
1171.0 0 12 0.164205 1.680842156121119 0.09769210000000002 0.3
1171.5 0 12 0.16363250000000001 1.6769121430544178 0.09757964999999999 0.3
1172.0 0 12 0.16306 1.6729730617069127 0.09746719999999999 0.3
1172.5 0 12 0.1624875 1.669024880655541 0.09735474999999999 0.3
1173.0 0 12 0.161915 1.6650675683318885 0.0972423 0.3
1173.5 0 12 0.1613425 1.6611010930213526 0.09712984999999998 0.3
1174.0 0 12 0.16077 1.6571254228622905 0.0970174 0.3
1174.5 0 12 0.1601975 1.653140525845171 0.09690494999999999 0.3
1175.0 0 12 0.15962500000000002 1.6491463698117108 0.09679249999999999 0.3
1175.5 0 12 0.1590525 1.6451429224540124 0.09668004999999999 0.3
1176.0 0 12 0.15848 1.641130151313691 0.0965676 0.3
1176.5 0 12 0.1579075 1.637108023781001 0.09645514999999999 0.3
1177.0 0 12 0.157335 1.6330765070939468 0.0963427 0.3
1177.5 0 12 0.1567625 1.6290355683373994 0.09623024999999998 0.3
1178.0 0 12 0.15619 1.6249851744421948 0.0961178 0.3
1178.5 0 12 0.1556175 1.6209252921842376 0.09600534999999999 0.3
1179.0 0 12 0.155045 1.616855888183588 0.0958929 0.3
1179.5 0 12 0.1544725 1.6127769289035498 0.09578045 0.3
1180.0 0 12 0.1539 1.6086883806497472 0.095668 0.3
1180.5 0 12 0.1533275 1.6045902095691982 0.09555555 0.3
1181.0 0 12 0.152755 1.6004823816493805 0.0954431 0.3
1181.5 0 12 0.1521825 1.5963648627172897 0.09533065 0.3
1182.0 0 12 0.15161 1.5922376184384917 0.0952182 0.3
1182.5 0 12 0.1510375 1.588100614316169 0.09510575 0.3
1183.0 0 12 0.15046500000000002 1.5839538156901594 0.0949933 0.3
1183.5 0 12 0.1498925 1.5797971877359869 0.09488085 0.3
1184.0 0 12 0.14932 1.5756306954638888 0.09476840000000002 0.3
1184.5 0 12 0.1487475 1.5714543037178328 0.09465595000000002 0.3
1185.0 0 12 0.148175 1.5672679771745281 0.0945435 0.3
1185.5 0 12 0.1476025 1.5630716803424296 0.09443105 0.3
1186.0 0 12 0.14703 1.5588653775607355 0.0943186 0.3
1186.5 0 12 0.14645750000000002 1.5546490329983766 0.09420615 0.3
1187.0 0 12 0.145885 1.550422610652998 0.0940937 0.3
1187.5 0 12 0.1453125 1.546186074349937 0.09398125 0.3
1188.0 0 12 0.14474 1.5419393877411878 0.0938688 0.3
1188.5 0 12 0.1441675 1.5376825143043644 0.09375635 0.3
1189.0 0 12 0.143595 1.5334154173416528 0.0936439 0.3
1189.5 0 12 0.1430225 1.5291380599787558 0.09353144999999999 0.3
1190.0 0 12 0.14245 1.5248504051638316 0.093419 0.3
1190.5 0 12 0.1418775 1.520552415666424 0.09330655 0.3
1191.0 0 12 0.14130500000000001 1.5162440540763849 0.09319409999999999 0.3
1191.5 0 12 0.1407325 1.5119252828027867 0.09308164999999999 0.3
1192.0 0 12 0.14016 1.5075960640728328 0.0929692 0.3
1192.5 0 12 0.1395875 1.5032563599307536 0.09285675 0.3
1193.0 0 12 0.139015 1.498906132236698 0.0927443 0.3
1193.5 0 12 0.1384425 1.4945453426656166 0.09263185 0.3
1194.0 0 12 0.13787 1.490173952706135 0.0925194 0.3
1194.5 0 12 0.13729750000000002 1.485791923659422 0.09240695 0.3
1195.0 0 12 0.13672499999999999 1.4813992166380443 0.0922945 0.3
1195.5 0 12 0.1361525 1.4769957925648216 0.09218205 0.3
1196.0 0 12 0.13558 1.4725816121716615 0.0920696 0.3
1196.5 0 12 0.1350075 1.468156635998397 0.09195715 0.3
1197.0 0 12 0.134435 1.4637208243916089 0.09184469999999999 0.3
1197.5 0 12 0.1338625 1.4592741375034406 0.09173225000000002 0.3
1198.0 0 12 0.13329000000000002 1.4548165352904068 0.0916198 0.3
1198.5 0 12 0.1327175 1.4503479775121888 0.09150735 0.3
1199.0 0 12 0.132145 1.4458684237304271 0.0913949 0.3
1199.5 0 12 0.1315725 1.4413778333074978 0.09128245 0.3
1200.0 0 12 0.131 1.4368761654052868 0.09117 0.3
1200.5 0 12 0.1308075 1.4361690739601134 0.09108085 0.3
1201.0 0 12 0.130615 1.4354605969555467 0.0909917 0.3
1201.5 0 12 0.1304225 1.4347507303150462 0.09090255 0.3
1202.0 0 12 0.13023 1.4340394699460652 0.0908134 0.3
1202.5 0 12 0.1300375 1.4333268117399702 0.09072425 0.3
1203.0 0 12 0.12984500000000002 1.4326127515719629 0.0906351 0.3
1203.5 0 12 0.1296525 1.4318972853009992 0.09054595 0.3
1204.0 0 12 0.12946 1.4311804087697109 0.0904568 0.3
1204.5 0 12 0.1292675 1.4304621178043249 0.09036765000000001 0.3
1205.0 0 12 0.129075 1.4297424082145804 0.0902785 0.3
1205.5 0 12 0.1288825 1.4290212757936498 0.09018935 0.3
1206.0 0 12 0.12869 1.4282987163180547 0.0901002 0.3
1206.5 0 12 0.12849750000000001 1.4275747255475857 0.09001105000000001 0.3
1207.0 0 12 0.128305 1.4268492992252166 0.0899219 0.3
1207.5 0 12 0.12811250000000002 1.426122433077024 0.08983275 0.3
1208.0 0 12 0.12792 1.4253941228121003 0.08974359999999999 0.3
1208.5 0 12 0.1277275 1.4246643641224723 0.08965445 0.3
1209.0 0 12 0.127535 1.4239331526830146 0.0895653 0.3
1209.5 0 12 0.1273425 1.4232004841513632 0.08947615 0.3
1210.0 0 12 0.12715 1.4224663541678322 0.089387 0.3
1210.5 0 12 0.1269575 1.4217307583553245 0.08929785 0.3
1211.0 0 12 0.12676500000000002 1.420993692319247 0.0892087 0.3
1211.5 0 12 0.1265725 1.4202551516474218 0.08911955000000002 0.3
1212.0 0 12 0.12638 1.4195151319099992 0.0890304 0.3
1212.5 0 12 0.1261875 1.418773628659368 0.08894124999999999 0.3
1213.0 0 12 0.125995 1.4180306374300662 0.0888521 0.3
1213.5 0 12 0.1258025 1.4172861537386938 0.08876295000000001 0.3
1214.0 0 12 0.12561 1.4165401730838196 0.0886738 0.3
1214.5 0 12 0.12541750000000002 1.415792690945892 0.08858465 0.3
1215.0 0 12 0.125225 1.4150437027871474 0.08849549999999999 0.3
1215.5 0 12 0.1250325 1.4142932040515188 0.08840635 0.3
1216.0 0 12 0.12484 1.4135411901645434 0.0883172 0.3
1216.5 0 12 0.12464750000000001 1.4127876565332682 0.08822804999999999 0.3
1217.0 0 12 0.12445500000000001 1.4120325985461584 0.08813890000000002 0.3
1217.5 0 12 0.1242625 1.4112760115730028 0.08804975000000001 0.3
1218.0 0 12 0.12407 1.4105178909648184 0.0879606 0.3
1218.5 0 12 0.1238775 1.4097582320537558 0.08787145 0.3
1219.0 0 12 0.123685 1.4089970301530035 0.08778230000000001 0.3
1219.5 0 12 0.1234925 1.4082342805566912 0.08769315 0.3
1220.0 0 12 0.1233 1.4074699785397928 0.087604 0.3
1220.5 0 12 0.12310750000000001 1.406704119358029 0.08751485 0.3
1221.0 0 12 0.122915 1.4059366982477692 0.0874257 0.3
1221.5 0 12 0.1227225 1.4051677104259328 0.08733655 0.3
1222.0 0 12 0.12253 1.4043971510898892 0.0872474 0.3
1222.5 0 12 0.1223375 1.4036250154173586 0.08715825 0.3
1223.0 0 12 0.122145 1.4028512985663113 0.0870691 0.3
1223.5 0 12 0.1219525 1.4020759956748654 0.08697995 0.3
1224.0 0 12 0.12176000000000001 1.4012991018611867 0.0868908 0.3
1224.5 0 12 0.12156750000000001 1.4005206122233853 0.08680165 0.3
1225.0 0 12 0.12137500000000001 1.399740521839412 0.08671249999999998 0.3
1225.5 0 12 0.1211825 1.3989588257669554 0.08662334999999999 0.3
1226.0 0 12 0.12099 1.3981755190433376 0.0865342 0.3
1226.5 0 12 0.1207975 1.397390596685409 0.08644505 0.3
1227.0 0 12 0.120605 1.396604053689441 0.0863559 0.3
1227.5 0 12 0.1204125 1.395815885031023 0.08626675 0.3
1228.0 0 12 0.12022000000000001 1.3950260856649526 0.0861776 0.3
1228.5 0 12 0.12002750000000001 1.3942346505251286 0.08608845 0.3
1229.0 0 12 0.119835 1.3934415745244437 0.0859993 0.3
1229.5 0 12 0.1196425 1.3926468525546747 0.08591015 0.3
1230.0 0 12 0.11945 1.3918504794863729 0.085821 0.3
1230.5 0 12 0.1192575 1.391052450168753 0.08573185 0.3
1231.0 0 12 0.119065 1.3902527594295837 0.0856427 0.3
1231.5 0 12 0.1188725 1.3894514020750746 0.08555355 0.3
1232.0 0 12 0.11868000000000001 1.3886483728897647 0.08546440000000001 0.3
1232.5 0 12 0.1184875 1.387843666636408 0.08537525 0.3
1233.0 0 12 0.118295 1.3870372780558613 0.0852861 0.3
1233.5 0 12 0.1181025 1.3862292018669684 0.08519694999999998 0.3
1234.0 0 12 0.11791 1.3854194327664444 0.08510780000000001 0.3
1234.5 0 12 0.1177175 1.3846079654287617 0.08501865 0.3
1235.0 0 12 0.117525 1.3837947945060314 0.0849295 0.3
1235.5 0 12 0.1173325 1.3829799146278865 0.08484035 0.3
1236.0 0 12 0.11714000000000001 1.3821633204013632 0.08475119999999998 0.3
1236.5 0 12 0.11694750000000001 1.3813450064107826 0.08466205 0.3
1237.0 0 12 0.116755 1.380524967217631 0.0845729 0.3
1237.5 0 12 0.1165625 1.3797031973604392 0.08448375 0.3
1238.0 0 12 0.11637 1.3788796913546602 0.0843946 0.3
1238.5 0 12 0.1161775 1.3780544436925488 0.08430545 0.3
1239.0 0 12 0.115985 1.377227448843039 0.0842163 0.3
1239.5 0 12 0.1157925 1.3763987012516175 0.08412715 0.3
1240.0 0 12 0.11560000000000001 1.3755681953402032 0.084038 0.3
1240.5 0 12 0.1154075 1.37473592550702 0.08394885 0.3
1241.0 0 12 0.115215 1.373901886126471 0.0838597 0.3
1241.5 0 12 0.1150225 1.373066071549011 0.08377055 0.3
1242.0 0 12 0.11483 1.3722284761010213 0.0836814 0.3
1242.5 0 12 0.1146375 1.371389094084679 0.08359224999999999 0.3
1243.0 0 12 0.114445 1.3705479197778287 0.08350309999999998 0.3
1243.5 0 12 0.1142525 1.3697049474338525 0.08341395 0.3
1244.0 0 12 0.11406 1.3688601712815391 0.0833248 0.3
1244.5 0 12 0.1138675 1.3680135855249524 0.08323564999999998 0.3
1245.0 0 12 0.113675 1.3671651843432977 0.0831465 0.3
1245.5 0 12 0.1134825 1.36631496189079 0.08305735 0.3
1246.0 0 12 0.11329 1.3654629122965183 0.0829682 0.3
1246.5 0 12 0.1130975 1.364609029664312 0.08287905000000001 0.3
1247.0 0 12 0.112905 1.3637533080726032 0.0827899 0.3
1247.5 0 12 0.1127125 1.3628957415742904 0.08270074999999999 0.3
1248.0 0 12 0.11252000000000001 1.3620363241966018 0.08261160000000002 0.3
1248.5 0 12 0.1123275 1.3611750499409554 0.08252245 0.3
1249.0 0 12 0.112135 1.3603119127828196 0.0824333 0.3
1249.5 0 12 0.1119425 1.3594469066715729 0.08234415 0.3
1250.0 0 12 0.11175 1.358580025530363 0.082255 0.3
1250.5 0 12 0.1115575 1.3577112632559634 0.08216585000000001 0.3
1251.0 0 12 0.111365 1.3568406137186315 0.0820767 0.3
1251.5 0 12 0.11117250000000001 1.3559680707619635 0.08198754999999999 0.3
1252.0 0 12 0.11098 1.3550936282027488 0.0818984 0.3
1252.5 0 12 0.1107875 1.3542172798308258 0.08180925000000001 0.3
1253.0 0 12 0.110595 1.3533390194089336 0.0817201 0.3
1253.5 0 12 0.1104025 1.3524588406725637 0.08163095 0.3
1254.0 0 12 0.11021 1.3515767373298113 0.0815418 0.3
1254.5 0 12 0.1100175 1.3506927030612264 0.08145265 0.3
1255.0 0 12 0.109825 1.3498067315196618 0.0813635 0.3
1255.5 0 12 0.10963250000000001 1.3489188163301216 0.08127435 0.3
1256.0 0 12 0.10944 1.3480289510896075 0.0811852 0.3
1256.5 0 12 0.1092475 1.3471371293669667 0.08109605 0.3
1257.0 0 12 0.109055 1.3462433447027353 0.08100689999999999 0.3
1257.5 0 12 0.1088625 1.3453475906089827 0.08091774999999998 0.3
1258.0 0 12 0.10867 1.344449860569155 0.0808286 0.3
1258.5 0 12 0.1084775 1.343550148037917 0.08073945 0.3
1259.0 0 12 0.108285 1.342648446440993 0.0806503 0.3
1259.5 0 12 0.10809250000000001 1.3417447491750056 0.08056115000000001 0.3
1260.0 0 12 0.1079 1.3408390496073168 0.080472 0.3
1260.5 0 12 0.1077075 1.3399313410758638 0.08038285 0.3
1261.0 0 12 0.107515 1.3390216168889963 0.0802937 0.3
1261.5 0 12 0.1073225 1.338109870325312 0.08020455 0.3
1262.0 0 12 0.10713 1.337196094633491 0.0801154 0.3
1262.5 0 12 0.1069375 1.3362802830321303 0.08002625 0.3
1263.0 0 12 0.106745 1.3353624287095731 0.0799371 0.3
1263.5 0 12 0.1065525 1.334442524823743 0.07984795 0.3
1264.0 0 12 0.10636 1.3335205645019734 0.0797588 0.3
1264.5 0 12 0.1061675 1.3325965408408347 0.07966965 0.3
1265.0 0 12 0.105975 1.3316704469059633 0.07958049999999998 0.3
1265.5 0 12 0.1057825 1.3307422757318879 0.07949135 0.3
1266.0 0 12 0.10559 1.329812020321855 0.07940219999999999 0.3
1266.5 0 12 0.1053975 1.3288796736476534 0.07931304999999998 0.3
1267.0 0 12 0.105205 1.3279452286494353 0.0792239 0.3
1267.5 0 12 0.1050125 1.3270086782355413 0.07913474999999999 0.3
1268.0 0 12 0.10482 1.3260700152823182 0.07904559999999998 0.3
1268.5 0 12 0.1046275 1.3251292326339394 0.07895645 0.3
1269.0 0 12 0.104435 1.3241863231022235 0.07886730000000002 0.3
1269.5 0 12 0.1042425 1.323241279466451 0.07877815 0.3
1270.0 0 12 0.10405 1.3222940944731794 0.078689 0.3
1270.5 0 12 0.1038575 1.3213447608360576 0.07859985 0.3
1271.0 0 12 0.10366500000000001 1.3203932712356405 0.0785107 0.3
1271.5 0 12 0.1034725 1.319439618319199 0.07842155 0.3
1272.0 0 12 0.10328 1.3184837947005326 0.07833240000000001 0.3
1272.5 0 12 0.1030875 1.3175257929597761 0.07824325 0.3
1273.0 0 12 0.102895 1.31656560564321 0.0781541 0.3
1273.5 0 12 0.1027025 1.3156032252630663 0.07806495 0.3
1274.0 0 12 0.10251 1.3146386442973335 0.0779758 0.3
1274.5 0 12 0.1023175 1.3136718551895608 0.07788665 0.3
1275.0 0 12 0.102125 1.3127028503486617 0.07779749999999999 0.3
1275.5 0 12 0.1019325 1.3117316221487139 0.07770835 0.3
1276.0 0 12 0.10174 1.31075816292876 0.0776192 0.3
1276.5 0 12 0.1015475 1.309782464992606 0.07753005 0.3
1277.0 0 12 0.101355 1.308804520608619 0.07744090000000001 0.3
1277.5 0 12 0.1011625 1.3078243220095216 0.07735174999999998 0.3
1278.0 0 12 0.10097 1.3068418613921873 0.07726259999999999 0.3
1278.5 0 12 0.10077749999999999 1.3058571309174332 0.07717345 0.3
1279.0 0 12 0.100585 1.3048701227098125 0.0770843 0.3
1279.5 0 12 0.1003925 1.303880828857402 0.07699515 0.3
1280.0 0 12 0.1002 1.3028892414115933 0.076906 0.3
1280.5 0 12 0.1000075 1.3018953523868788 0.07681684999999999 0.3
1281.0 0 12 0.099815 1.3008991537606367 0.0767277 0.3
1281.5 0 12 0.0996225 1.2999006374729167 0.07663855 0.3
1282.0 0 12 0.09943 1.2988997954262216 0.0765494 0.3
1282.5 0 12 0.0992375 1.2978966194852883 0.07646025 0.3
1283.0 0 12 0.099045 1.2968911014768676 0.0763711 0.3
1283.5 0 12 0.0988525 1.2958832331895027 0.07628195000000002 0.3
1284.0 0 12 0.09866 1.2948730063733056 0.07619279999999999 0.3
1284.5 0 12 0.0984675 1.2938604127397306 0.07610365 0.3
1285.0 0 12 0.098275 1.2928454439613495 0.0760145 0.3
1285.5 0 12 0.0980825 1.2918280916716223 0.07592535 0.3
1286.0 0 12 0.09789 1.2908083474646674 0.07583619999999999 0.3
1286.5 0 12 0.09769749999999999 1.2897862028950302 0.07574705 0.3
1287.0 0 12 0.097505 1.2887616494774503 0.0756579 0.3
1287.5 0 12 0.0973125 1.2877346786866264 0.07556875 0.3
1288.0 0 12 0.09712 1.286705281956979 0.07547960000000001 0.3
1288.5 0 12 0.0969275 1.2856734506824141 0.07539045 0.3
1289.0 0 12 0.096735 1.2846391762160811 0.07530130000000002 0.3
1289.5 0 12 0.0965425 1.283602449870134 0.07521215 0.3
1290.0 0 12 0.09634999999999999 1.2825632629154853 0.075123 0.3
1290.5 0 12 0.09615749999999999 1.2815216065815627 0.07503385000000001 0.3
1291.0 0 12 0.095965 1.2804774720560625 0.0749447 0.3
1291.5 0 12 0.0957725 1.2794308504847003 0.07485554999999999 0.3
1292.0 0 12 0.09558 1.2783817329709604 0.07476639999999998 0.3
1292.5 0 12 0.0953875 1.2773301105758448 0.07467724999999999 0.3
1293.0 0 12 0.095195 1.2762759743176193 0.07458809999999998 0.3
1293.5 0 12 0.09500249999999999 1.275219315171556 0.07449895 0.3
1294.0 0 12 0.09481 1.2741601240696792 0.0744098 0.3
1294.5 0 12 0.0946175 1.2730983919005012 0.07432065 0.3
1295.0 0 12 0.094425 1.2720341095087664 0.0742315 0.3
1295.5 0 12 0.0942325 1.2709672676951838 0.07414234999999998 0.3
1296.0 0 12 0.09404 1.2698978572161634 0.0740532 0.3
1296.5 0 12 0.0938475 1.268825868783551 0.07396405 0.3
1297.0 0 12 0.093655 1.2677512930643562 0.0738749 0.3
1297.5 0 12 0.0934625 1.266674120680484 0.07378575 0.3
1298.0 0 12 0.09326999999999999 1.26559434220846 0.0736966 0.3
1298.5 0 12 0.0930775 1.2645119481791585 0.07360745 0.3
1299.0 0 12 0.092885 1.2634269290775222 0.0735183 0.3
1299.5 0 12 0.0926925 1.2623392753422857 0.07342915 0.3
1300.0 0 12 0.0925 1.261248977365694 0.07334 0.3
1300.5 0 12 0.0923075 1.2601560254932194 0.07325085 0.3
1301.0 0 12 0.092115 1.2590604100232774 0.07316169999999998 0.3
1301.5 0 12 0.0919225 1.2579621212069376 0.07307254999999999 0.3
1302.0 0 12 0.09172999999999999 1.256861149247637 0.0729834 0.3
1302.5 0 12 0.0915375 1.2557574843008878 0.07289425000000001 0.3
1303.0 0 12 0.091345 1.2546511164739833 0.0728051 0.3
1303.5 0 12 0.0911525 1.2535420358257026 0.07271595 0.3
1304.0 0 12 0.09096 1.2524302323660137 0.07262679999999999 0.3
1304.5 0 12 0.0907675 1.2513156960557725 0.07253765 0.3
1305.0 0 12 0.090575 1.250198416806421 0.07244850000000001 0.3
1305.5 0 12 0.09038249999999999 1.2490783844796836 0.07235935 0.3
1306.0 0 12 0.09018999999999999 1.2479555888872589 0.0722702 0.3
1306.5 0 12 0.0899975 1.246830019790513 0.07218105 0.3
1307.0 0 12 0.089805 1.2457016669001648 0.0720919 0.3
1307.5 0 12 0.0896125 1.2445705198759769 0.07200275 0.3
1308.0 0 12 0.08942 1.2434365683264363 0.0719136 0.3
1308.5 0 12 0.0892275 1.2422998018084372 0.07182445 0.3
1309.0 0 12 0.08903499999999999 1.241160209826961 0.0717353 0.3
1309.5 0 12 0.08884249999999999 1.240017781834753 0.07164615 0.3
1310.0 0 12 0.08864999999999999 1.2388725072319968 0.071557 0.3
1310.5 0 12 0.0884575 1.2377243753659861 0.07146785 0.3
1311.0 0 12 0.088265 1.2365733755307955 0.0713787 0.3
1311.5 0 12 0.0880725 1.2354194969669468 0.07128955000000001 0.3
1312.0 0 12 0.08788 1.234262728861074 0.0712004 0.3
1312.5 0 12 0.0876875 1.2331030603455853 0.07111125 0.3
1313.0 0 12 0.08749499999999999 1.2319404804983236 0.0710221 0.3
1313.5 0 12 0.08730249999999999 1.230774978342223 0.07093295 0.3
1314.0 0 12 0.08710999999999999 1.2296065428449632 0.0708438 0.3
1314.5 0 12 0.0869175 1.2284351629186208 0.07075465 0.3
1315.0 0 12 0.086725 1.2272608274193206 0.0706655 0.3
1315.5 0 12 0.0865325 1.22608352514688 0.07057635 0.3
1316.0 0 12 0.08634 1.2249032448444541 0.07048719999999999 0.3
1316.5 0 12 0.08614749999999999 1.2237199751981767 0.07039804999999999 0.3
1317.0 0 12 0.08595499999999999 1.2225337048367988 0.07030889999999998 0.3
1317.5 0 12 0.08576249999999999 1.2213444223313241 0.07021975 0.3
1318.0 0 12 0.08557 1.2201521161946425 0.0701306 0.3
1318.5 0 12 0.0853775 1.2189567748811594 0.07004145000000002 0.3
1319.0 0 12 0.085185 1.2177583867864246 0.0699523 0.3
1319.5 0 12 0.0849925 1.2165569402467538 0.06986315 0.3
1320.0 0 12 0.08479999999999999 1.2153524235388538 0.069774 0.3
1320.5 0 12 0.08460749999999999 1.2141448248794393 0.06968484999999999 0.3
1321.0 0 12 0.08441499999999999 1.212934132424848 0.0695957 0.3
1321.5 0 12 0.08422249999999999 1.2117203342706548 0.06950655 0.3
1322.0 0 12 0.08403 1.2105034184512817 0.06941739999999999 0.3
1322.5 0 12 0.0838375 1.2092833729396026 0.06932825 0.3
1323.0 0 12 0.083645 1.2080601856465494 0.0692391 0.3
1323.5 0 12 0.08345249999999999 1.2068338444207116 0.06914995 0.3
1324.0 0 12 0.08325999999999999 1.2056043370479343 0.0690608 0.3
1324.5 0 12 0.08306749999999999 1.2043716512509124 0.06897165 0.3
1325.0 0 12 0.08287499999999999 1.2031357746887814 0.0688825 0.3
1325.5 0 12 0.08268249999999999 1.2018966949567071 0.06879335 0.3
1326.0 0 12 0.08249 1.2006543995854693 0.06870419999999999 0.3
1326.5 0 12 0.0822975 1.1994088760410435 0.06861505 0.3
1327.0 0 12 0.08210499999999998 1.19816011172418 0.0685259 0.3
1327.5 0 12 0.08191249999999999 1.1969080939699794 0.06843674999999999 0.3
1328.0 0 12 0.08171999999999999 1.1956528100474633 0.0683476 0.3
1328.5 0 12 0.08152749999999999 1.1943942471591429 0.06825844999999998 0.3
1329.0 0 12 0.08133499999999999 1.1931323924405852 0.0681693 0.3
1329.5 0 12 0.08114249999999999 1.1918672329599742 0.06808015 0.3
1330.0 0 12 0.08095 1.1905987557176685 0.067991 0.3
1330.5 0 12 0.08075749999999998 1.189326947645756 0.06790185 0.3
1331.0 0 12 0.08056499999999998 1.188051795607607 0.0678127 0.3
1331.5 0 12 0.08037249999999999 1.18677328639742 0.06772355 0.3
1332.0 0 12 0.08017999999999999 1.1854914067397655 0.0676344 0.3
1332.5 0 12 0.07998749999999999 1.1842061432891282 0.06754525 0.3
1333.0 0 12 0.07979499999999999 1.1829174826294435 0.06745609999999999 0.3
1333.5 0 12 0.07960249999999999 1.1816254112736289 0.06736695000000001 0.3
1334.0 0 12 0.07940999999999998 1.180329915663116 0.0672778 0.3
1334.5 0 12 0.07921749999999998 1.1790309821673748 0.06718865 0.3
1335.0 0 12 0.07902499999999998 1.1777285970834355 0.0670995 0.3
1335.5 0 12 0.07883249999999999 1.1764227466354076 0.06701035 0.3
1336.0 0 12 0.07863999999999999 1.1751134169739932 0.0669212 0.3
1336.5 0 12 0.07844749999999999 1.1738005941759977 0.06683205 0.3
1337.0 0 12 0.07825499999999999 1.1724842642438371 0.0667429 0.3
1337.5 0 12 0.07806249999999998 1.171164413105039 0.06665374999999998 0.3
1338.0 0 12 0.07786999999999998 1.1698410266117423 0.0665646 0.3
1338.5 0 12 0.07767749999999998 1.1685140905401918 0.06647544999999999 0.3
1339.0 0 12 0.07748499999999998 1.167183590590227 0.0663863 0.3
1339.5 0 12 0.07729249999999999 1.1658495123847705 0.06629715 0.3
1340.0 0 12 0.07709999999999999 1.1645118414693088 0.06620799999999999 0.3
1340.5 0 12 0.07690749999999999 1.1631705633113703 0.06611885 0.3
1341.0 0 12 0.07671499999999998 1.1618256632999995 0.0660297 0.3
1341.5 0 12 0.07652249999999998 1.160477126745227 0.06594055 0.3
1342.0 0 12 0.07632999999999998 1.159124938877533 0.0658514 0.3
1342.5 0 12 0.07613749999999998 1.1577690848473097 0.06576225 0.3
1343.0 0 12 0.07594499999999998 1.156409549724316 0.0656731 0.3
1343.5 0 12 0.07575249999999999 1.155046318497132 0.06558395 0.3
1344.0 0 12 0.07555999999999999 1.1536793760726043 0.06549479999999999 0.3
1344.5 0 12 0.07536749999999998 1.1523087072752887 0.06540565 0.3
1345.0 0 12 0.07517499999999998 1.1509342968468914 0.0653165 0.3
1345.5 0 12 0.07498249999999998 1.1495561294457002 0.06522734999999999 0.3
1346.0 0 12 0.07478999999999998 1.148174189646014 0.0651382 0.3
1346.5 0 12 0.07459749999999998 1.1467884619375683 0.06504905 0.3
1347.0 0 12 0.07440499999999999 1.1453989307249546 0.0649599 0.3
1347.5 0 12 0.07421249999999999 1.1440055803270346 0.06487075 0.3
1348.0 0 12 0.07401999999999997 1.142608394976351 0.0647816 0.3
1348.5 0 12 0.07382749999999998 1.1412073588185325 0.06469245 0.3
1349.0 0 12 0.07363499999999998 1.1398024559116946 0.0646033 0.3
1349.5 0 12 0.07344249999999998 1.138393670225834 0.06451414999999999 0.3
1350.0 0 12 0.07324999999999998 1.1369809856422195 0.06442499999999998 0.3
1350.5 0 12 0.07305749999999998 1.1355643859527773 0.06433585 0.3
1351.0 0 12 0.07286499999999999 1.1341438548594713 0.06424669999999999 0.3
1351.5 0 12 0.07267249999999999 1.1327193759736771 0.06415755 0.3
1352.0 0 12 0.07247999999999999 1.1312909328155532 0.0640684 0.3
1352.5 0 12 0.07228749999999998 1.1298585088134039 0.06397925 0.3
1353.0 0 12 0.07209499999999998 1.1284220873030402 0.0638901 0.3
1353.5 0 12 0.07190249999999998 1.1269816515271323 0.06380095 0.3
1354.0 0 12 0.07170999999999998 1.1255371846345572 0.0637118 0.3
1354.5 0 12 0.07151749999999998 1.1240886696797443 0.06362265 0.3
1355.0 0 12 0.07132499999999999 1.1226360896220104 0.06353349999999999 0.3
1355.5 0 12 0.07113249999999999 1.1211794273248916 0.06344435 0.3
1356.0 0 12 0.07093999999999999 1.1197186655554712 0.0633552 0.3
1356.5 0 12 0.07074749999999999 1.1182537869836982 0.06326604999999999 0.3
1357.0 0 12 0.07055499999999998 1.1167847741817023 0.0631769 0.3
1357.5 0 12 0.07036249999999998 1.1153116096231042 0.06308775 0.3
1358.0 0 12 0.07016999999999998 1.1138342756823165 0.0629986 0.3
1358.5 0 12 0.06997749999999998 1.1123527546338423 0.06290945000000002 0.3
1359.0 0 12 0.06978499999999999 1.1108670286515663 0.0628203 0.3
1359.5 0 12 0.06959249999999999 1.1093770798080378 0.06273115 0.3
1360.0 0 12 0.06939999999999999 1.1078828900737523 0.062642 0.3
1360.5 0 12 0.06920749999999999 1.1063844413164228 0.06255285 0.3
1361.0 0 12 0.06901499999999998 1.1048817153002461 0.06246369999999999 0.3
1361.5 0 12 0.06882249999999998 1.1033746936851645 0.06237455 0.3
1362.0 0 12 0.06862999999999998 1.1018633580261183 0.06228539999999999 0.3
1362.5 0 12 0.06843749999999998 1.1003476897722932 0.06219624999999999 0.3
1363.0 0 12 0.06824499999999999 1.0988276702663622 0.0621071 0.3
1363.5 0 12 0.06805249999999999 1.09730328074372 0.06201795 0.3
1364.0 0 12 0.06785999999999999 1.09577450233171 0.061928799999999985 0.3
1364.5 0 12 0.06766749999999999 1.0942413160488456 0.06183965 0.3
1365.0 0 12 0.067475 1.0927037028040258 0.06175049999999999 0.3
1365.5 0 12 0.06728249999999998 1.0911616433957412 0.06166135 0.3
1366.0 0 12 0.06708999999999998 1.0896151185112761 0.06157219999999999 0.3
1366.5 0 12 0.06689749999999998 1.0880641087259006 0.06148305 0.3
1367.0 0 12 0.06670499999999999 1.0865085945020594 0.0613939 0.3
1367.5 0 12 0.06651249999999999 1.0849485561885497 0.06130475 0.3
1368.0 0 12 0.06631999999999999 1.0833839740196942 0.0612156 0.3
1368.5 0 12 0.06612749999999999 1.0818148281145068 0.06112645 0.3
1369.0 0 12 0.065935 1.08024109847585 0.0610373 0.3
1369.5 0 12 0.06574249999999998 1.0786627649895852 0.060948149999999986 0.3
1370.0 0 12 0.06554999999999998 1.077079807423717 0.060859 0.3
1370.5 0 12 0.06535749999999999 1.0754922054275267 0.06076985000000001 0.3
1371.0 0 12 0.06516499999999999 1.0738999385307024 0.06068069999999999 0.3
1371.5 0 12 0.06497249999999999 1.0723029861424571 0.06059154999999999 0.3
1372.0 0 12 0.06477999999999999 1.0707013275506425 0.0605024 0.3
1372.5 0 12 0.06458749999999999 1.0690949419208533 0.06041325 0.3
1373.0 0 12 0.064395 1.0674838082955236 0.0603241 0.3
1373.5 0 12 0.0642025 1.0658679055930154 0.060234949999999995 0.3
1374.0 0 12 0.06400999999999998 1.0642472126066989 0.06014579999999999 0.3
1374.5 0 12 0.06381749999999999 1.062621708004026 0.06005664999999999 0.3
1375.0 0 12 0.06362499999999999 1.0609913703255929 0.05996749999999999 0.3
1375.5 0 12 0.06343249999999999 1.0593561779841962 0.05987835 0.3
1376.0 0 12 0.06323999999999999 1.0577161092638805 0.059789199999999994 0.3
1376.5 0 12 0.06304749999999999 1.0560711423189761 0.05970005 0.3
1377.0 0 12 0.062855 1.0544212551731311 0.059610899999999994 0.3
1377.5 0 12 0.0626625 1.0527664257183298 0.059521750000000005 0.3
1378.0 0 12 0.06246999999999999 1.0511066317139077 0.0594326 0.3
1378.5 0 12 0.06227749999999999 1.049441850785554 0.059343450000000006 0.3
1379.0 0 12 0.062084999999999994 1.0477720604243068 0.05925429999999999 0.3
1379.5 0 12 0.06189249999999999 1.0460972379855369 0.05916515000000001 0.3
1380.0 0 12 0.06169999999999999 1.0444173606879272 0.059076000000000004 0.3
1380.5 0 12 0.06150749999999999 1.0427324056124374 0.05898684999999999 0.3
1381.0 0 12 0.061314999999999995 1.0410423497012615 0.058897700000000004 0.3
1381.5 0 12 0.061122499999999996 1.0393471697567787 0.058808549999999994 0.3
1382.0 0 12 0.06092999999999999 1.037646842440488 0.05871939999999999 0.3
1382.5 0 12 0.06073749999999999 1.0359413442719414 0.05863025 0.3
1383.0 0 12 0.060544999999999995 1.0342306516276598 0.0585411 0.3
1383.5 0 12 0.06035249999999999 1.0325147407400437 0.05845194999999999 0.3
1384.0 0 12 0.06015999999999999 1.0307935876962722 0.0583628 0.3
1384.5 0 12 0.05996749999999999 1.0290671684371924 0.058273649999999996 0.3
1385.0 0 12 0.059774999999999995 1.027335458756198 0.05818449999999999 0.3
1385.5 0 12 0.0595825 1.025598434298098 0.05809534999999999 0.3
1386.0 0 12 0.05939 1.023856070557975 0.058006199999999994 0.3
1386.5 0 12 0.05919749999999999 1.0221083428800326 0.057917050000000005 0.3
1387.0 0 12 0.059004999999999995 1.0203552264564337 0.05782789999999999 0.3
1387.5 0 12 0.0588125 1.0185966963261242 0.05773875 0.3
1388.0 0 12 0.05861999999999999 1.0168327273736504 0.0576496 0.3
1388.5 0 12 0.05842749999999999 1.015063294327963 0.05756045 0.3
1389.0 0 12 0.058234999999999995 1.0132883717612096 0.05747129999999999 0.3
1389.5 0 12 0.0580425 1.0115079340875166 0.05738215000000001 0.3
1390.0 0 12 0.05785 1.0097219555617616 0.05729299999999999 0.3
1390.5 0 12 0.057657499999999993 1.007930410278329 0.05720385 0.3
1391.0 0 12 0.057464999999999995 1.0061332721698617 0.0571147 0.3
1391.5 0 12 0.0572725 1.004330515005993 0.057025549999999994 0.3
1392.0 0 12 0.05707999999999999 1.0025221123920725 0.0569364 0.3
1392.5 0 12 0.056887499999999994 1.0007080377678779 0.056847249999999995 0.3
1393.0 1 12 0.056694999999999995 0.9988882644063137 0.0567581 0.3
1393.5 1 12 0.0565025 0.9970627654120996 0.05666894999999999 0.3
1394.0 1 12 0.05631 0.9952315137204444 0.056579800000000006 0.3
1394.5 1 12 0.0561175 0.9933944820957097 0.056490649999999996 0.3
1395.0 1 12 0.055925 0.9915516431300587 0.05640149999999999 0.3
1395.5 1 12 0.0557325 0.9897029692420934 0.05631235 0.3
1396.0 1 12 0.05554 0.9878484326754793 0.05622319999999999 0.3
1396.5 1 12 0.055347499999999994 0.9859880054975545 0.05613404999999999 0.3
1397.0 1 12 0.055154999999999996 0.9841216595979295 0.056044899999999995 0.3
1397.5 1 12 0.0549625 0.9822493666870696 0.05595575 0.3
1398.0 1 12 0.05477 0.9803710982948668 0.055866599999999995 0.3
1398.5 1 12 0.0545775 0.9784868257691953 0.05577744999999999 0.3
1399.0 1 12 0.054385 0.9765965202744563 0.055688299999999996 0.3
1399.5 1 12 0.0541925 0.9747001527901057 0.055599149999999986 0.3
1400.0 1 12 0.054 0.9727976941091696 0.05551 0.3
1400.5 1 12 0.05392375 0.9725089644681082 0.055448075 0.3
1401.0 1 12 0.0538475 0.9722195891933273 0.05538614999999999 0.3
1401.5 1 12 0.05377125 0.9719295661168322 0.055324225 0.3
1402.0 1 12 0.053695 0.9716388930609113 0.05526229999999999 0.3
1402.5 1 12 0.05361875 0.9713475678380808 0.055200374999999996 0.3
1403.0 1 12 0.0535425 0.9710555882510299 0.055138450000000006 0.3
1403.5 1 12 0.05346625 0.9707629520925658 0.055076525 0.3
1404.0 1 12 0.05339 0.9704696571455578 0.0550146 0.3
1404.5 1 12 0.05331375 0.9701757011828814 0.054952675 0.3
1405.0 1 12 0.0532375 0.9698810819673626 0.05489075 0.3
1405.5 1 12 0.05316125 0.9695857972517193 0.054828825 0.3
1406.0 1 12 0.053085 0.9692898447785068 0.05476689999999999 0.3
1406.5 1 12 0.05300875 0.9689932222800578 0.054704974999999996 0.3
1407.0 1 12 0.0529325 0.9686959274784259 0.05464305 0.3
1407.5 1 12 0.05285625 0.9683979580853272 0.05458112499999999 0.3
1408.0 1 12 0.05278 0.9680993118020808 0.0545192 0.3
1408.5 1 12 0.05270375 0.9677999863195506 0.054457275 0.3
1409.0 1 12 0.0526275 0.9674999793180852 0.054395349999999995 0.3
1409.5 1 12 0.05255125 0.9671992884674582 0.054333425000000005 0.3
1410.0 1 12 0.052475 0.9668979114268078 0.0542715 0.3
1410.5 1 12 0.05239875 0.9665958458445765 0.054209574999999996 0.3
1411.0 1 12 0.0523225 0.9662930893584487 0.05414765 0.3
1411.5 1 12 0.05224625 0.9659896395952907 0.054085725 0.3
1412.0 1 12 0.05217 0.9656854941710876 0.0540238 0.3
1412.5 1 12 0.05209375 0.9653806506908813 0.05396187499999999 0.3
1413.0 1 12 0.0520175 0.9650751067487077 0.05389994999999999 0.3
1413.5 1 12 0.05194125 0.9647688599275327 0.053838025 0.3
1414.0 1 12 0.051865 0.9644619077991896 0.0537761 0.3
1414.5 1 12 0.05178875 0.9641542479243143 0.053714174999999996 0.3
1415.0 1 12 0.0517125 0.9638458778522803 0.053652250000000005 0.3
1415.5 1 12 0.05163625 0.9635367951211344 0.053590324999999994 0.3
1416.0 1 12 0.05156 0.9632269972575307 0.0535284 0.3
1416.5 1 12 0.05148375 0.9629164817766648 0.053466475 0.3
1417.0 1 12 0.0514075 0.9626052461822074 0.05340454999999999 0.3
1417.5 1 12 0.05133125 0.9622932879662373 0.05334262499999999 0.3
1418.0 1 12 0.051255 0.9619806046091737 0.0532807 0.3
1418.5 1 12 0.05117875 0.9616671935797095 0.053218774999999996 0.3
1419.0 1 12 0.0511025 0.9613530523347414 0.05315685 0.3
1419.5 1 12 0.05102625 0.9610381783193028 0.053094924999999994 0.3
1420.0 1 12 0.05095 0.9607225689664927 0.053033 0.3
1420.5 1 12 0.05087375 0.9604062216974075 0.052971075 0.3
1421.0 1 12 0.0507975 0.9600891339210705 0.05290914999999999 0.3
1421.5 1 12 0.05072125 0.95977130303436 0.052847225 0.3
1422.0 1 12 0.050645 0.9594527264219395 0.05278529999999999 0.3
1422.5 1 12 0.05056875 0.9591334014561853 0.052723374999999996 0.3
1423.0 1 12 0.0504925 0.9588133254971142 0.05266145 0.3
1423.5 1 12 0.05041625 0.958492495892311 0.05259952499999999 0.3
1424.0 1 12 0.050339999999999996 0.9581709099768546 0.052537600000000004 0.3
1424.5 1 12 0.050263749999999996 0.9578485650732458 0.05247567499999999 0.3
1425.0 1 12 0.050187499999999996 0.957525458491331 0.052413749999999995 0.3
1425.5 1 12 0.050111249999999996 0.9572015875282285 0.05235182499999999 0.3
1426.0 1 12 0.050034999999999996 0.9568769494682529 0.05228989999999999 0.3
1426.5 1 12 0.049958749999999996 0.9565515415828395 0.052227974999999996 0.3
1427.0 1 12 0.049882499999999996 0.956225361130467 0.052166050000000005 0.3
1427.5 1 12 0.049806249999999996 0.9558984053565815 0.05210412500000001 0.3
1428.0 1 12 0.049729999999999996 0.9555706714935187 0.0520422 0.3
1428.5 1 12 0.049653749999999997 0.9552421567604249 0.051980275 0.3
1429.0 1 12 0.0495775 0.9549128583631799 0.05191835 0.3
1429.5 1 12 0.04950125 0.9545827734943163 0.05185642499999999 0.3
1430.0 1 12 0.049425 0.9542518993329406 0.05179450000000001 0.3
1430.5 1 12 0.04934875 0.9539202330446532 0.05173257499999999 0.3
1431.0 1 12 0.0492725 0.9535877717814658 0.05167065 0.3
1431.5 1 12 0.04919625 0.953254512681722 0.051608724999999994 0.3
1432.0 1 12 0.04912 0.9529204528700133 0.0515468 0.3
1432.5 1 12 0.04904375 0.9525855894570978 0.051484875000000006 0.3
1433.0 1 12 0.0489675 0.9522499195398164 0.05142294999999999 0.3
1433.5 1 12 0.04889125 0.9519134402010084 0.051361025 0.3
1434.0 1 12 0.048815 0.951576148509428 0.05129910000000001 0.3
1434.5 1 12 0.04873875 0.9512380415196584 0.05123717499999999 0.3
1435.0 1 12 0.0486625 0.9508991162720261 0.05117525 0.3
1435.5 1 12 0.04858625 0.9505593697925149 0.05111332500000001 0.3
1436.0 1 12 0.04851 0.9502187990926791 0.0510514 0.3
1436.5 1 12 0.04843375 0.9498774011695551 0.050989475 0.3
1437.0 1 12 0.0483575 0.9495351730055737 0.05092754999999999 0.3
1437.5 1 12 0.04828125 0.9491921115684708 0.050865625000000005 0.3
1438.0 1 12 0.048205 0.9488482138111988 0.05080369999999999 0.3
1438.5 1 12 0.04812875 0.948503476671835 0.050741774999999996 0.3
1439.0 1 12 0.0480525 0.9481578970734917 0.05067985 0.3
1439.5 1 12 0.04797625 0.9478114719242245 0.050617924999999994 0.3
1440.0 1 12 0.0479 0.9474641981169396 0.050556000000000004 0.3
1440.5 1 12 0.04782375 0.9471160725293016 0.050494075 0.3
1441.0 1 12 0.0477475 0.9467670920236397 0.050432149999999995 0.3
1441.5 1 12 0.04767125 0.9464172534468528 0.050370225 0.3
1442.0 1 12 0.047595 0.9460665536303154 0.0503083 0.3
1442.5 1 12 0.04751875 0.9457149893897819 0.050246374999999996 0.3
1443.0 1 12 0.0474425 0.9453625575252892 0.05018444999999999 0.3
1443.5 1 12 0.04736625 0.9450092548210609 0.050122525 0.3
1444.0 1 12 0.04729 0.944655078045409 0.05006059999999999 0.3
1444.5 1 12 0.04721375 0.9443000239506347 0.04999867499999999 0.3
1445.0 1 12 0.0471375 0.9439440892729303 0.04993675 0.3
1445.5 1 12 0.04706125 0.9435872707322783 0.049874825 0.3
1446.0 1 12 0.046985 0.943229565032351 0.0498129 0.3
1446.5 1 12 0.04690875 0.9428709688604093 0.049750974999999996 0.3
1447.0 1 12 0.0468325 0.9425114788871995 0.04968905 0.3
1447.5 1 12 0.04675625 0.9421510917668514 0.049627124999999994 0.3
1448.0 1 12 0.04668 0.9417898041367734 0.049565200000000004 0.3
1448.5 1 12 0.04660375 0.941427612617549 0.049503275000000006 0.3
1449.0 1 12 0.0465275 0.9410645138128308 0.049441349999999995 0.3
1449.5 1 12 0.04645125 0.9407005043092341 0.049379425 0.3
1450.0 1 12 0.046375 0.9403355806762306 0.0493175 0.3
1450.5 1 12 0.04629875 0.9399697394660402 0.049255574999999996 0.3
1451.0 1 12 0.0462225 0.9396029772135225 0.04919365 0.3
1451.5 1 12 0.04614625 0.9392352904360675 0.04913172500000001 0.3
1452.0 1 12 0.04607 0.9388666756334855 0.0490698 0.3
1452.5 1 12 0.04599375 0.9384971292878951 0.049007875 0.3
1453.0 1 12 0.0459175 0.9381266478636128 0.04894595000000001 0.3
1453.5 1 12 0.04584125 0.9377552278070392 0.048884025 0.3
1454.0 1 12 0.045765 0.9373828655465455 0.0488221 0.3
1454.5 1 12 0.04568875 0.9370095574923594 0.04876017499999999 0.3
1455.0 1 12 0.0456125 0.936635300036449 0.04869824999999999 0.3
1455.5 1 12 0.04553625 0.9362600895524076 0.048636324999999994 0.3
1456.0 1 12 0.04546 0.9358839223953359 0.048574400000000004 0.3
1456.5 1 12 0.04538375 0.9355067949017237 0.048512475000000006 0.3
1457.0 1 12 0.0453075 0.9351287033893321 0.048450549999999995 0.3
1457.5 1 12 0.04523125 0.9347496441570721 0.048388625 0.3
1458.0 1 12 0.045155 0.9343696134848852 0.0483267 0.3
1458.5 1 12 0.04507875 0.9339886076336211 0.04826477499999999 0.3
1459.0 1 12 0.0450025 0.9336066228449148 0.04820285 0.3
1459.5 1 12 0.04492625 0.9332236553410638 0.048140925 0.3
1460.0 1 12 0.04485 0.9328397013249028 0.048079 0.3
1460.5 1 12 0.04477375 0.9324547569796786 0.048017075 0.3
1461.0 1 12 0.0446975 0.9320688184689235 0.04795515 0.3
1461.5 1 12 0.04462125 0.9316818819363282 0.047893225000000005 0.3
1462.0 1 12 0.044545 0.9312939435056125 0.0478313 0.3
1462.5 1 12 0.04446875 0.9309049992803968 0.047769374999999996 0.3
1463.0 1 12 0.0443925 0.930515045344071 0.047707450000000005 0.3
1463.5 1 12 0.04431625 0.9301240777596639 0.047645524999999994 0.3
1464.0 1 12 0.04424 0.929732092569709 0.0475836 0.3
1464.5 1 12 0.04416375 0.9293390857961131 0.047521675 0.3
1465.0 1 12 0.0440875 0.9289450534400203 0.047459749999999995 0.3
1465.5 1 12 0.04401125 0.9285499914816767 0.047397825 0.3
1466.0 1 12 0.043935 0.9281538958802938 0.0473359 0.3
1466.5 1 12 0.04385875 0.927756762573911 0.04727397499999999 0.3
1467.0 1 12 0.0437825 0.9273585874792559 0.04721205 0.3
1467.5 1 12 0.04370625 0.9269593664916053 0.047150125 0.3
1468.0 1 12 0.04363 0.9265590954846438 0.047088200000000004 0.3
1468.5 1 12 0.04355375 0.9261577703103212 0.047026275000000006 0.3
1469.0 1 12 0.0434775 0.9257553867987101 0.04696435000000001 0.3
1469.5 1 12 0.04340125 0.9253519407578606 0.046902425 0.3
1470.0 1 12 0.043325 0.9249474279736554 0.0468405 0.3
1470.5 1 12 0.04324875 0.9245418442096622 0.046778575 0.3
1471.0 1 12 0.0431725 0.9241351852069873 0.04671665 0.3
1471.5 1 12 0.04309625 0.9237274466841248 0.046654725 0.3
1472.0 1 12 0.04302 0.9233186243368076 0.0465928 0.3
1472.5 1 12 0.04294375 0.922908713837855 0.046530875000000006 0.3
1473.0 1 12 0.0428675 0.9224977108370215 0.046468949999999995 0.3
1473.5 1 12 0.04279125 0.9220856109608406 0.046407025 0.3
1474.0 1 12 0.042715 0.9216724098124721 0.04634510000000001 0.3
1474.5 1 12 0.04263875 0.9212581029715443 0.046283174999999996 0.3
1475.0 1 12 0.0425625 0.9208426859939963 0.04622125 0.3
1475.5 1 12 0.04248625 0.9204261544119201 0.046159324999999994 0.3
1476.0 1 12 0.04241 0.9200085037333994 0.0460974 0.3
1476.5 1 12 0.04233375 0.9195897294423486 0.046035475000000006 0.3
1477.0 1 12 0.0422575 0.9191698269983501 0.04597355000000001 0.3
1477.5 1 12 0.04218125 0.9187487918364904 0.04591162499999999 0.3
1478.0 1 12 0.042105000000000004 0.9183266193671933 0.0458497 0.3
1478.5 1 12 0.042028750000000004 0.9179033049760553 0.045787775 0.3
1479.0 1 12 0.0419525 0.9174788440236759 0.04572585 0.3
1479.5 1 12 0.04187625 0.9170532318454885 0.045663925 0.3
1480.0 1 12 0.0418 0.9166264637515898 0.045602 0.3
1480.5 1 12 0.04172375 0.9161985350265672 0.04554007499999999 0.3
1481.0 1 12 0.0416475 0.9157694409293254 0.045478149999999995 0.3
1481.5 1 12 0.04157125 0.915339176692911 0.04541622499999999 0.3
1482.0 1 12 0.041495 0.9149077375243361 0.0453543 0.3
1482.5 1 12 0.04141875 0.9144751186044009 0.045292374999999996 0.3
1483.0 1 12 0.0413425 0.914041315087513 0.04523045 0.3
1483.5 1 12 0.04126625 0.9136063221015076 0.045168524999999994 0.3
1484.0 1 12 0.04119 0.9131701347474649 0.0451066 0.3
1484.5 1 12 0.04111375 0.9127327480995256 0.045044675 0.3
1485.0 1 12 0.0410375 0.9122941572047062 0.04498275 0.3
1485.5 1 12 0.04096125 0.9118543570827117 0.044920825 0.3
1486.0 1 12 0.040885 0.9114133427257467 0.0448589 0.3
1486.5 1 12 0.04080875 0.9109711090983262 0.04479697500000001 0.3
1487.0 1 12 0.0407325 0.9105276511370838 0.04473504999999999 0.3
1487.5 1 12 0.04065625 0.9100829637505771 0.044673125 0.3
1488.0 1 12 0.04058 0.9096370418190948 0.0446112 0.3
1488.5 1 12 0.04050375 0.9091898801944588 0.044549275 0.3
1489.0 1 12 0.0404275 0.908741473699827 0.04448735 0.3
1489.5 1 12 0.04035125 0.9082918171294929 0.044425425 0.3
1490.0 1 12 0.040275 0.9078409052486841 0.0443635 0.3
1490.5 1 12 0.04019875 0.9073887327933601 0.044301575 0.3
1491.0 1 12 0.0401225 0.906935294470006 0.04423965 0.3
1491.5 1 12 0.04004625 0.9064805849554272 0.044177725 0.3
1492.0 1 12 0.03997 0.9060245988965405 0.0441158 0.3
1492.5 1 12 0.03989375 0.905567330910164 0.044053875 0.3
1493.0 1 12 0.0398175 0.9051087755828054 0.04399195 0.3
1493.5 1 12 0.03974125 0.9046489274704488 0.043930025 0.3
1494.0 1 12 0.039665 0.904187781098338 0.0438681 0.3
1494.5 1 12 0.03958875 0.9037253309607606 0.043806175 0.3
1495.0 1 12 0.0395125 0.9032615715208284 0.04374425 0.3
1495.5 1 12 0.03943625 0.902796497210256 0.04368232500000001 0.3
1496.0 1 12 0.03936 0.9023301024291386 0.043620400000000004 0.3
1496.5 1 12 0.03928375 0.9018623815457267 0.043558475 0.3
1497.0 1 12 0.0392075 0.9013933288961997 0.04349655000000001 0.3
1497.5 1 12 0.03913125 0.9009229387844375 0.043434625000000004 0.3
1498.0 1 12 0.039055 0.9004512054817893 0.04337269999999999 0.3
1498.5 1 12 0.03897875 0.8999781232268415 0.043310774999999996 0.3
1499.0 1 12 0.0389025 0.8995036862251828 0.04324885 0.3
1499.5 1 12 0.03882625 0.8990278886491687 0.043186925 0.3
1500.0 1 12 0.03875 0.8985507246376813 0.043125 0.3
1500.5 1 12 0.03867375 0.8980721882958892 0.043063075000000006 0.3
1501.0 1 12 0.0385975 0.8975922736950058 0.04300115 0.3
1501.5 1 12 0.03852125 0.897110974872043 0.042939225 0.3
1502.0 1 12 0.038445 0.8966282858295648 0.04287730000000001 0.3
1502.5 1 12 0.03836875 0.8961442005354384 0.042815375 0.3
1503.0 1 12 0.0382925 0.8956587129225829 0.04275345 0.3
1503.5 1 12 0.03821625 0.895171816888715 0.042691525 0.3
1504.0 1 12 0.03814 0.8946835062960946 0.042629600000000004 0.3
1504.5 1 12 0.03806375 0.8941937749712664 0.04256767499999999 0.3
1505.0 1 12 0.0379875 0.8937026167047988 0.042505749999999995 0.3
1505.5 1 12 0.03791125 0.893210025251023 0.042443825 0.3
1506.0 1 12 0.037835 0.8927159943277673 0.0423819 0.3
1506.5 1 12 0.03775875 0.8922205176160903 0.042319974999999996 0.3
1507.0 1 12 0.0376825 0.8917235887600115 0.04225805 0.3
1507.5 1 12 0.03760625 0.8912252013662392 0.04219612500000001 0.3
1508.0 1 12 0.03753 0.8907253490038972 0.0421342 0.3
1508.5 1 12 0.03745375 0.8902240252042468 0.042072275 0.3
1509.0 1 12 0.0373775 0.8897212234604092 0.04201035 0.3
1509.5 1 12 0.03730125 0.8892169372270831 0.041948425 0.3
1510.0 1 12 0.037225 0.8887111599202607 0.0418865 0.3
1510.5 1 12 0.03714875 0.8882038849169418 0.041824574999999996 0.3
1511.0 1 12 0.0370725 0.8876951055548439 0.041762650000000005 0.3
1511.5 1 12 0.03699625 0.887184815132111 0.04170072500000001 0.3
1512.0 1 12 0.03692 0.8866730069070193 0.04163880000000001 0.3
1512.5 1 12 0.03684375 0.8861596740976806 0.04157687499999999 0.3
1513.0 1 12 0.0367675 0.8856448098817414 0.041514949999999995 0.3
1513.5 1 12 0.03669125 0.8851284073960828 0.041453025 0.3
1514.0 1 12 0.036615 0.8846104597365134 0.04139110000000001 0.3
1514.5 1 12 0.03653875 0.8840909599574636 0.041329174999999996 0.3
1515.0 1 12 0.0364625 0.8835699010716731 0.04126725 0.3
1515.5 1 12 0.03638625 0.8830472760498795 0.041205324999999994 0.3
1516.0 1 12 0.03631 0.8825230778205011 0.0411434 0.3
1516.5 1 12 0.03623375 0.8819972992693179 0.041081475000000006 0.3
1517.0 1 12 0.0361575 0.8814699332391506 0.04101955000000001 0.3
1517.5 1 12 0.03608125 0.8809409725295352 0.040957625 0.3
1518.0 1 12 0.036005 0.8804104098963951 0.04089569999999999 0.3
1518.5 1 12 0.03592875 0.8798782380517108 0.040833775 0.3
1519.0 1 12 0.0358525 0.8793444496631868 0.04077185 0.3
1519.5 1 12 0.03577625 0.8788090373539131 0.040709925 0.3
1520.0 1 12 0.0357 0.8782719937020271 0.04064800000000001 0.3
1520.5 1 12 0.03562375 0.8777333112403701 0.040586075 0.3
1521.0 1 12 0.0355475 0.8771929824561404 0.04052415 0.3
1521.5 1 12 0.03547125 0.8766509997905455 0.040462225 0.3
1522.0 1 12 0.035395 0.8761073556384483 0.04040029999999999 0.3
1522.5 1 12 0.03531875 0.8755620423480125 0.04033837499999999 0.3
1523.0 1 12 0.0352425 0.8750150522203423 0.04027645 0.3
1523.5 1 12 0.03516625 0.8744663775091215 0.040214524999999994 0.3
1524.0 1 12 0.035089999999999996 0.8739160104202467 0.0401526 0.3
1524.5 1 12 0.035013749999999996 0.8733639431114592 0.040090675 0.3
1525.0 1 12 0.034937499999999996 0.8728101676919713 0.040028749999999995 0.3
1525.5 1 12 0.034861249999999996 0.8722546762220916 0.039966825 0.3
1526.0 1 12 0.034784999999999996 0.8716974607128447 0.0399049 0.3
1526.5 1 12 0.03470875 0.8711385131255885 0.039842975 0.3
1527.0 1 12 0.0346325 0.8705778253716279 0.03978105 0.3
1527.5 1 12 0.03455625 0.8700153893118239 0.039719124999999994 0.3
1528.0 1 12 0.03448 0.8694511967562005 0.0396572 0.3
1528.5 1 12 0.03440375 0.868885239463547 0.039595275 0.3
1529.0 1 12 0.0343275 0.8683175091410162 0.03953335 0.3
1529.5 1 12 0.03425125 0.8677479974437202 0.039471425000000004 0.3
1530.0 1 12 0.034175 0.8671766959743208 0.0394095 0.3
1530.5 1 12 0.03409875 0.8666035962826172 0.039347574999999996 0.3
1531.0 1 12 0.0340225 0.8660286898651287 0.039285650000000005 0.3
1531.5 1 12 0.03394625 0.8654519681646757 0.039223725 0.3
1532.0 1 12 0.03387 0.8648734225699534 0.0391618 0.3
1532.5 1 12 0.03379375 0.8642930444151036 0.039099875 0.3
1533.0 1 12 0.0337175 0.8637108249792829 0.03903795 0.3
1533.5 1 12 0.03364125 0.8631267554862252 0.03897602499999999 0.3
1534.0 1 12 0.033565 0.8625408271038003 0.03891410000000001 0.3
1534.5 1 12 0.03348875 0.86195303094357 0.038852175 0.3
1535.0 1 12 0.0334125 0.8613633580603373 0.03879025 0.3
1535.5 1 12 0.03333625 0.8607717994516932 0.038728325 0.3
1536.0 1 12 0.03326 0.8601783460575588 0.038666400000000004 0.3
1536.5 1 12 0.03318375 0.8595829887597227 0.038604475 0.3
1537.0 1 12 0.0331075 0.8589857183813733 0.038542549999999995 0.3
1537.5 1 12 0.03303125 0.8583865256866279 0.038480625000000004 0.3
1538.0 1 12 0.032955 0.8577854013800571 0.0384187 0.3
1538.5 1 12 0.03287875 0.857182336106203 0.038356774999999996 0.3
1539.0 1 12 0.0328025 0.8565773204490942 0.038294850000000005 0.3
1539.5 1 12 0.03272625 0.855970344931757 0.038232925 0.3
1540.0 1 12 0.03265 0.8553614000157188 0.038171 0.3
1540.5 1 12 0.03257375 0.8547504761005088 0.038109075 0.3
1541.0 1 12 0.0324975 0.8541375635231547 0.03804715 0.3
1541.5 1 12 0.03242125 0.8535226525576721 0.037985225 0.3
1542.0 1 12 0.032345 0.8529057334145499 0.0379233 0.3
1542.5 1 12 0.03226875 0.8522867962402315 0.037861375 0.3
1543.0 1 12 0.0321925 0.8516658311165903 0.03779945 0.3
1543.5 1 12 0.03211625 0.8510428280603988 0.037737525 0.3
1544.0 1 12 0.03204 0.8504177770227945 0.037675600000000004 0.3
1544.5 1 12 0.03196375 0.8497906678887399 0.037613675 0.3
1545.0 1 12 0.0318875 0.8491614904764757 0.03755175 0.3
1545.5 1 12 0.03181125 0.848530234536971 0.037489825000000004 0.3
1546.0 1 12 0.031735 0.8478968897533657 0.0374279 0.3
1546.5 1 12 0.03165875 0.8472614457404096 0.037365975 0.3
1547.0 1 12 0.0315825 0.8466238920438932 0.037304050000000005 0.3
1547.5 1 12 0.03150625 0.8459842181400765 0.037242125 0.3
1548.0 1 12 0.03143 0.845342413435108 0.0371802 0.3
1548.5 1 12 0.03135375 0.8446984672644405 0.037118275 0.3
1549.0 1 12 0.0312775 0.8440523688922411 0.03705635 0.3
1549.5 1 12 0.03120125 0.8434041075107939 0.036994425 0.3
1550.0 1 12 0.031125 0.8427536722398971 0.0369325 0.3
1550.5 1 12 0.03104875 0.8421010521262551 0.036870575 0.3
1551.0 1 12 0.0309725 0.8414462361428632 0.03680865 0.3
1551.5 1 12 0.03089625 0.8407892131883862 0.036746725 0.3
1552.0 1 12 0.03082 0.8401299720865317 0.0366848 0.3
1552.5 1 12 0.03074375 0.8394685015854162 0.036622875000000006 0.3
1553.0 1 12 0.0306675 0.8388047903569245 0.03656095000000001 0.3
1553.5 1 12 0.03059125 0.8381388269960635 0.036499025000000004 0.3
1554.0 1 12 0.030515 0.8374706000203089 0.03643710000000001 0.3
1554.5 1 12 0.03043875 0.836800097868945 0.036375175 0.3
1555.0 1 12 0.0303625 0.8361273089023977 0.036313250000000005 0.3
1555.5 1 12 0.03028625 0.8354522214015626 0.036251325 0.3
1556.0 1 12 0.03021 0.834774823567122 0.0361894 0.3
1556.5 1 12 0.03013375 0.8340951035188593 0.036127475 0.3
1557.0 1 12 0.0300575 0.8334130492949643 0.03606555 0.3
1557.5 1 12 0.02998125 0.832728648851331 0.036003625 0.3
1558.0 1 12 0.029905 0.8320418900608486 0.0359417 0.3
1558.5 1 12 0.02982875 0.8313527607126856 0.035879775 0.3
1559.0 1 12 0.0297525 0.8306612485115662 0.03581785 0.3
1559.5 1 12 0.02967625 0.8299673410770383 0.035755925 0.3
1560.0 1 12 0.0296 0.8292710259427354 0.035694000000000004 0.3
1560.5 1 12 0.02952375 0.8285722905556301 0.035632075 0.3
1561.0 1 12 0.0294475 0.8278711222752786 0.03557015 0.3
1561.5 1 12 0.02937125 0.82716750837306 0.035508225000000004 0.3
1562.0 1 12 0.029295 0.8264614360314053 0.0354463 0.3
1562.5 1 12 0.02921875 0.8257528923430186 0.035384375 0.3
1563.0 1 12 0.029142500000000002 0.8250418643100916 0.035322450000000005 0.3
1563.5 1 12 0.029066250000000002 0.8243283388435084 0.03526052500000001 0.3
1564.0 1 12 0.028990000000000002 0.8236123027620418 0.0351986 0.3
1564.5 1 12 0.02891375 0.8228937427915417 0.035136675000000006 0.3
1565.0 1 12 0.0288375 0.8221726455641165 0.03507475 0.3
1565.5 1 12 0.02876125 0.8214489976173017 0.035012825 0.3
1566.0 1 12 0.028685 0.8207227853932231 0.0349509 0.3
1566.5 1 12 0.02860875 0.8199939952377505 0.034888975 0.3
1567.0 1 12 0.0285325 0.8192626133996419 0.03482705 0.3
1567.5 1 12 0.02845625 0.8185286260296777 0.034765125 0.3
1568.0 1 12 0.02838 0.8177920191797874 0.0347032 0.3
1568.5 1 12 0.02830375 0.8170527788021659 0.034641275 0.3
1569.0 1 12 0.0282275 0.8163108907483801 0.034579349999999995 0.3
1569.5 1 12 0.02815125 0.8155663407684668 0.034517425000000004 0.3
1570.0 1 12 0.028075 0.8148191145100202 0.03445549999999999 0.3
1570.5 1 12 0.02799875 0.8140691975172688 0.034393574999999996 0.3
1571.0 1 12 0.0279225 0.8133165752301447 0.034331650000000005 0.3
1571.5 1 12 0.02784625 0.8125612329833403 0.034269725 0.3
1572.0 1 12 0.02777 0.8118031560053556 0.0342078 0.3
1572.5 1 12 0.02769375 0.8110423294175356 0.034145875000000006 0.3
1573.0 1 12 0.0276175 0.8102787382330979 0.03408395 0.3
1573.5 1 12 0.02754125 0.8095123673561465 0.034022025 0.3
1574.0 1 12 0.027465 0.8087432015806785 0.0339601 0.3
1574.5 1 12 0.02738875 0.8079712255895781 0.033898175 0.3
1575.0 1 12 0.0273125 0.8071964239536001 0.03383625 0.3
1575.5 1 12 0.02723625 0.8064187811303408 0.033774325 0.3
1576.0 1 12 0.02716 0.8056382814632004 0.033712400000000003 0.3
1576.5 1 12 0.02708375 0.8048549091803311 0.033650475 0.3
1577.0 1 12 0.0270075 0.8040686483935746 0.03358855 0.3
1577.5 1 12 0.02693125 0.803279483097389 0.033526625000000004 0.3
1578.0 1 12 0.026855 0.8024873971677619 0.0334647 0.3
1578.5 1 12 0.02677875 0.8016923743611122 0.033402775 0.3
1579.0 1 12 0.0267025 0.8008943983131803 0.033340850000000005 0.3
1579.5 1 12 0.02662625 0.800093452537905 0.033278925 0.3
1580.0 1 12 0.02655 0.7992895204262879 0.033216999999999997 0.3
1580.5 1 12 0.02647375 0.7984825852452452 0.033155075 0.3
1581.0 1 12 0.0263975 0.7976726301364482 0.03309315 0.3
1581.5 1 12 0.02632125 0.7968596381151472 0.033031225 0.3
1582.0 1 12 0.026245 0.7960435920689855 0.0329693 0.3
1582.5 1 12 0.02616875 0.7952244747567984 0.032907375 0.3
1583.0 1 12 0.0260925 0.7944022688073996 0.03284544999999999 0.3
1583.5 1 12 0.02601625 0.7935769567183517 0.032783525 0.3
1584.0 1 12 0.02594 0.7927485208547259 0.0327216 0.3
1584.5 1 12 0.02586375 0.7919169434478451 0.032659675 0.3
1585.0 1 12 0.0257875 0.7910822065940134 0.03259775 0.3
1585.5 1 12 0.025711249999999998 0.7902442922532315 0.032535825000000004 0.3
1586.0 1 12 0.025634999999999998 0.7894031822478975 0.0324739 0.3
1586.5 1 12 0.025558749999999998 0.7885588582614912 0.032411975 0.3
1587.0 1 12 0.025482499999999998 0.7877113018372458 0.032350050000000005 0.3
1587.5 1 12 0.02540625 0.7868604943768025 0.032288125 0.3
1588.0 1 12 0.02533 0.7860064171388498 0.032226199999999997 0.3
1588.5 1 12 0.02525375 0.7851490512377473 0.032164275000000006 0.3
1589.0 1 12 0.0251775 0.7842883776421351 0.03210235 0.3
1589.5 1 12 0.02510125 0.7834243771735238 0.032040425 0.3
1590.0 1 12 0.025025 0.7825570305048705 0.03197849999999999 0.3
1590.5 1 12 0.02494875 0.7816863181591382 0.031916575 0.3
1591.0 1 12 0.0248725 0.7808122205078379 0.03185465 0.3
1591.5 1 12 0.02479625 0.7799347177695526 0.031792725 0.3
1592.0 1 12 0.02472 0.7790537900084459 0.03173080000000001 0.3
1592.5 1 12 0.02464375 0.7781694171327526 0.031668875 0.3
1593.0 1 12 0.0245675 0.7772815788932497 0.03160695 0.3
1593.5 1 12 0.02449125 0.7763902548817125 0.031545025000000004 0.3
1594.0 1 12 0.024415 0.7754954245293506 0.0314831 0.3
1594.5 1 12 0.02433875 0.7745970671052244 0.031421175 0.3
1595.0 1 12 0.0242625 0.7736951617146455 0.031359250000000005 0.3
1595.5 1 12 0.02418625 0.7727896872975566 0.031297325 0.3
1596.0 1 12 0.02411 0.7718806226268912 0.031235400000000003 0.3
1596.5 1 12 0.02403375 0.7709679463069163 0.031173475 0.3
1597.0 1 12 0.0239575 0.7700516367715526 0.031111549999999998 0.3
1597.5 1 12 0.02388125 0.7691316722826765 0.031049624999999997 0.3
1598.0 1 12 0.023805 0.7682080309284005 0.030987700000000003 0.3
1598.5 1 12 0.02372875 0.7672806906213344 0.030925775000000003 0.3
1599.0 1 12 0.0236525 0.7663496290968236 0.03086385 0.3
1599.5 1 12 0.02357625 0.7654148239111679 0.030801925 0.3
1600.0 1 12 0.0235 0.7644762524398179 0.030739999999999996 0.3
1600.5 1 12 0.02346875 0.7642104474793063 0.030709799999999995 0.3
1601.0 1 12 0.0234375 0.7639441192192857 0.0306796 0.3
1601.5 1 12 0.02340625 0.7636772661128766 0.0306494 0.3
1602.0 1 12 0.023375 0.7634098866070962 0.0306192 0.3
1602.5 1 12 0.02334375 0.7631419791428291 0.030589 0.3
1603.0 1 12 0.0233125 0.7628735421547966 0.0305588 0.3
1603.5 1 12 0.02328125 0.7626045740715264 0.0305286 0.3
1604.0 1 12 0.02325 0.7623350733153215 0.0304984 0.3
1604.5 1 12 0.02321875 0.7620650383022298 0.0304682 0.3
1605.0 1 12 0.0231875 0.7617944674420133 0.030438 0.3
1605.5 1 12 0.02315625 0.7615233591381159 0.0304078 0.3
1606.0 1 12 0.023125 0.761251711787633 0.0303776 0.3
1606.5 1 12 0.02309375 0.7609795237812794 0.0303474 0.3
1607.0 1 12 0.0230625 0.7607067935033578 0.0303172 0.3
1607.5 1 12 0.02303125 0.7604335193317264 0.030287 0.3
1608.0 1 12 0.023 0.7601596996377673 0.0302568 0.3
1608.5 1 12 0.02296875 0.7598853327863537 0.0302266 0.3
1609.0 1 12 0.0229375 0.7596104171358176 0.030196399999999998 0.3
1609.5 1 12 0.02290625 0.7593349510379166 0.0301662 0.3
1610.0 1 12 0.022875 0.7590589328378019 0.030136 0.3
1610.5 1 12 0.02284375 0.7587823608739844 0.0301058 0.3
1611.0 1 12 0.0228125 0.7585052334783013 0.0300756 0.3
1611.5 1 12 0.02278125 0.7582275489758832 0.030045399999999996 0.3
1612.0 1 12 0.02275 0.7579493056851195 0.0300152 0.3
1612.5 1 12 0.02271875 0.7576705019176254 0.029985 0.3
1613.0 1 12 0.0226875 0.7573911359782072 0.029954799999999997 0.3
1613.5 1 12 0.02265625 0.7571112061648276 0.0299246 0.3
1614.0 1 12 0.022625 0.756830710768572 0.0298944 0.3
1614.5 1 12 0.02259375 0.7565496480736131 0.029864200000000004 0.3
1615.0 1 12 0.0225625 0.7562680163571763 0.029834000000000003 0.3
1615.5 1 12 0.02253125 0.755985813889504 0.029803800000000002 0.3
1616.0 1 12 0.0225 0.7557030389338205 0.029773600000000004 0.3
1616.5 1 12 0.02246875 0.7554196897462966 0.029743400000000003 0.3
1617.0 1 12 0.0224375 0.7551357645760134 0.0297132 0.3
1617.5 1 12 0.02240625 0.754851261664926 0.029683 0.3
1618.0 1 12 0.022375 0.7545661792478282 0.029652799999999997 0.3
1618.5 1 12 0.02234375 0.7542805155523148 0.0296226 0.3
1619.0 1 12 0.0223125 0.7539942687987455 0.0295924 0.3
1619.5 1 12 0.02228125 0.7537074372002084 0.029562199999999997 0.3
1620.0 1 12 0.02225 0.7534200189624813 0.029532000000000003 0.3
1620.5 1 12 0.02221875 0.7531320122839962 0.0295018 0.3
1621.0 1 12 0.0221875 0.7528434153558001 0.0294716 0.3
1621.5 1 12 0.02215625 0.7525542263615181 0.029441399999999996 0.3
1622.0 1 12 0.022125 0.7522644434773148 0.0294112 0.3
1622.5 1 12 0.02209375 0.7519740648718559 0.029381 0.3
1623.0 1 12 0.0220625 0.7516830887062703 0.029350800000000003 0.3
1623.5 1 12 0.02203125 0.7513915131341105 0.0293206 0.3
1624.0 1 12 0.022 0.7510993363013136 0.029290400000000005 0.3
1624.5 1 12 0.021968750000000002 0.7508065563461631 0.0292602 0.3
1625.0 1 12 0.0219375 0.7505131713992473 0.029229999999999996 0.3
1625.5 1 12 0.021906250000000002 0.7502191795834219 0.029199799999999998 0.3
1626.0 1 12 0.021875 0.7499245790137677 0.029169599999999997 0.3
1626.5 1 12 0.021843750000000002 0.7496293677975525 0.029139400000000003 0.3
1627.0 1 12 0.0218125 0.7493335440341885 0.0291092 0.3
1627.5 1 12 0.021781250000000002 0.7490371058151931 0.029079000000000004 0.3
1628.0 1 12 0.021750000000000002 0.748740051224147 0.029048800000000003 0.3
1628.5 1 12 0.021718750000000002 0.7484423783366532 0.0290186 0.3
1629.0 1 12 0.021687500000000002 0.7481440852202951 0.0289884 0.3
1629.5 1 12 0.021656250000000002 0.7478451699345955 0.028958199999999996 0.3
1630.0 1 12 0.021625000000000002 0.7475456305309736 0.028927999999999995 0.3
1630.5 1 12 0.021593750000000002 0.747245465052703 0.028897800000000005 0.3
1631.0 1 12 0.021562500000000002 0.7469446715348697 0.028867599999999997 0.3
1631.5 1 12 0.021531250000000002 0.7466432480043278 0.0288374 0.3
1632.0 1 12 0.021500000000000002 0.746341192479658 0.028807199999999998 0.3
1632.5 1 12 0.02146875 0.7460385029711228 0.028777 0.3
1633.0 1 12 0.0214375 0.745735177480624 0.0287468 0.3
1633.5 1 12 0.02140625 0.7454312140016577 0.028716599999999995 0.3
1634.0 1 12 0.021375 0.7451266105192705 0.028686399999999997 0.3
1634.5 1 12 0.02134375 0.7448213650100154 0.0286562 0.3
1635.0 1 12 0.0213125 0.7445154754419061 0.028626 0.3
1635.5 1 12 0.02128125 0.7442089397743725 0.0285958 0.3
1636.0 1 12 0.02125 0.7439017559582155 0.0285656 0.3
1636.5 1 12 0.02121875 0.7435939219355608 0.028535399999999995 0.3
1637.0 1 12 0.0211875 0.7432854356398131 0.0285052 0.3
1637.5 1 12 0.02115625 0.7429762949956102 0.028475 0.3
1638.0 1 12 0.021125 0.742666497918776 0.0284448 0.3
1638.5 1 12 0.02109375 0.7423560423162742 0.028414599999999998 0.3
1639.0 1 12 0.0210625 0.74204492608616 0.0283844 0.3
1639.5 1 12 0.02103125 0.7417331471175347 0.028354199999999996 0.3
1640.0 1 12 0.021 0.7414207032904958 0.028324 0.3
1640.5 1 12 0.02096875 0.7411075924760901 0.028293800000000004 0.3
1641.0 1 12 0.0209375 0.7407938125362657 0.0282636 0.3
1641.5 1 12 0.02090625 0.7404793613238222 0.0282334 0.3
1642.0 1 12 0.020875 0.7401642366823623 0.0282032 0.3
1642.5 1 12 0.02084375 0.7398484364462429 0.028173 0.3
1643.0 1 12 0.0208125 0.7395319584405248 0.0281428 0.3
1643.5 1 12 0.02078125 0.7392148004809231 0.0281126 0.3
1644.0 1 12 0.02075 0.7388969603737573 0.028082399999999997 0.3
1644.5 1 12 0.02071875 0.7385784359158997 0.0280522 0.3
1645.0 1 12 0.0206875 0.7382592248947256 0.028022 0.3
1645.5 1 12 0.02065625 0.7379393250880615 0.027991800000000004 0.3
1646.0 1 12 0.020625 0.7376187342641337 0.0279616 0.3
1646.5 1 12 0.02059375 0.7372974501815163 0.027931399999999995 0.3
1647.0 1 12 0.0205625 0.7369754705890786 0.0279012 0.3
1647.5 1 12 0.02053125 0.7366527932259338 0.027870999999999996 0.3
1648.0 1 12 0.0205 0.7363294158213846 0.027840799999999995 0.3
1648.5 1 12 0.02046875 0.7360053360948704 0.027810599999999998 0.3
1649.0 1 12 0.0204375 0.7356805517559143 0.0277804 0.3
1649.5 1 12 0.02040625 0.7353550605040685 0.0277502 0.3
1650.0 1 12 0.020375 0.73502886002886 0.02772 0.3
1650.5 1 12 0.02034375 0.7347019480097364 0.027689800000000004 0.3
1651.0 1 12 0.0203125 0.7343743221160104 0.0276596 0.3
1651.5 1 12 0.02028125 0.7340459800068044 0.0276294 0.3
1652.0 1 12 0.02025 0.7337169193309951 0.0275992 0.3
1652.5 1 12 0.02021875 0.7333871377271574 0.027569 0.3
1653.0 1 12 0.0201875 0.7330566328235073 0.0275388 0.3
1653.5 1 12 0.02015625 0.7327254022378457 0.027508599999999998 0.3
1654.0 1 12 0.020125 0.7323934435775009 0.027478399999999997 0.3
1654.5 1 12 0.02009375 0.7320607544392711 0.0274482 0.3
1655.0 1 12 0.0200625 0.7317273324093662 0.027417999999999998 0.3
1655.5 1 12 0.02003125 0.7313931750633493 0.0273878 0.3
1656.0 1 12 0.02 0.731058279966079 0.027357599999999996 0.3
1656.5 1 12 0.01996875 0.7307226446716483 0.0273274 0.3
1657.0 1 12 0.0199375 0.730386266723327 0.027297199999999997 0.3
1657.5 1 12 0.01990625 0.7300491436535006 0.027267 0.3
1658.0 1 12 0.019875 0.7297112729836105 0.0272368 0.3
1658.5 1 12 0.01984375 0.7293726522240926 0.0272066 0.3
1659.0 1 12 0.0198125 0.7290332788743175 0.0271764 0.3
1659.5 1 12 0.01978125 0.7286931504225269 0.0271462 0.3
1660.0 1 12 0.01975 0.7283522643457737 0.027115999999999998 0.3
1660.5 1 12 0.01971875 0.7280106181098583 0.0270858 0.3
1661.0 1 12 0.0196875 0.7276682091692663 0.027055599999999996 0.3
1661.5 1 12 0.01965625 0.7273250349671051 0.027025399999999995 0.3
1662.0 1 12 0.019625 0.7269810929350403 0.0269952 0.3
1662.5 1 12 0.01959375 0.726636380493232 0.026965 0.3
1663.0 1 12 0.0195625 0.7262908950502696 0.0269348 0.3
1663.5 1 12 0.01953125 0.7259446340031073 0.0269046 0.3
1664.0 1 12 0.0195 0.7255975947369988 0.0268744 0.3
1664.5 1 12 0.01946875 0.7252497746254313 0.026844199999999995 0.3
1665.0 1 12 0.0194375 0.724901171030059 0.026813999999999998 0.3
1665.5 1 12 0.01940625 0.7245517813006369 0.0267838 0.3
1666.0 1 12 0.019375 0.7242016027749537 0.0267536 0.3
1666.5 1 12 0.01934375 0.7238506327787632 0.0267234 0.3
1667.0 1 12 0.0193125 0.7234988686257174 0.0266932 0.3
1667.5 1 12 0.01928125 0.7231463076172974 0.026663 0.3
1668.0 1 12 0.01925 0.7227929470427443 0.026632799999999998 0.3
1668.5 1 12 0.01921875 0.72243878417899 0.026602600000000004 0.3
1669.0 1 12 0.0191875 0.7220838162905873 0.0265724 0.3
1669.5 1 12 0.01915625 0.7217280406296389 0.0265422 0.3
1670.0 1 12 0.019125 0.7213714544357271 0.026512 0.3
1670.5 1 12 0.01909375 0.7210140549358427 0.026481800000000003 0.3
1671.0 1 12 0.0190625 0.7206558393443119 0.0264516 0.3
1671.5 1 12 0.01903125 0.720296804862725 0.026421399999999998 0.3
1672.0 1 12 0.019 0.7199369486798629 0.026391200000000004 0.3
1672.5 1 12 0.01896875 0.7195762679716248 0.026361 0.3
1673.0 1 12 0.0189375 0.7192147599009524 0.0263308 0.3
1673.5 1 12 0.01890625 0.7188524216177578 0.0263006 0.3
1674.0 1 12 0.018875000000000003 0.7184892502588466 0.026270400000000003 0.3
1674.5 1 12 0.01884375 0.7181252429478434 0.026240199999999998 0.3
1675.0 1 12 0.018812500000000003 0.7177603967951165 0.026209999999999997 0.3
1675.5 1 12 0.01878125 0.7173947088976997 0.0261798 0.3
1676.0 1 12 0.018750000000000003 0.7170281763392176 0.0261496 0.3
1676.5 1 12 0.01871875 0.7166607961898053 0.026119399999999997 0.3
1677.0 1 12 0.018687500000000003 0.7162925655060333 0.0260892 0.3
1677.5 1 12 0.018656250000000003 0.7159234813308263 0.026059000000000002 0.3
1678.0 1 12 0.018625000000000003 0.715553540693386 0.026028799999999998 0.3
1678.5 1 12 0.018593750000000003 0.7151827406091098 0.0259986 0.3
1679.0 1 12 0.018562500000000003 0.7148110780795122 0.025968399999999996 0.3
1679.5 1 12 0.018531250000000003 0.7144385500921422 0.0259382 0.3
1680.0 1 12 0.018500000000000003 0.7140651536205034 0.025908 0.3
1680.5 1 12 0.018468750000000003 0.7136908856239712 0.0258778 0.3
1681.0 1 12 0.018437500000000002 0.7133157430477106 0.0258476 0.3
1681.5 1 12 0.018406250000000002 0.7129397228225925 0.025817400000000004 0.3
1682.0 1 12 0.018375000000000002 0.7125628218651114 0.025787200000000003 0.3
1682.5 1 12 0.018343750000000002 0.7121850370772995 0.025757 0.3
1683.0 1 12 0.018312500000000002 0.7118063653466424 0.0257268 0.3
1683.5 1 12 0.018281250000000002 0.7114268035459945 0.0256966 0.3
1684.0 1 12 0.018250000000000002 0.7110463485334914 0.0256664 0.3
1684.5 1 12 0.018218750000000002 0.7106649971524642 0.025636199999999998 0.3
1685.0 1 12 0.018187500000000002 0.7102827462313521 0.025606 0.3
1685.5 1 12 0.018156250000000002 0.7098995925836143 0.025575799999999996 0.3
1686.0 1 12 0.018125000000000002 0.7095155330076413 0.0255456 0.3
1686.5 1 12 0.018093750000000002 0.7091305642866662 0.025515399999999997 0.3
1687.0 1 12 0.018062500000000002 0.7087446831886743 0.025485199999999996 0.3
1687.5 1 12 0.018031250000000002 0.7083578864663133 0.025454999999999995 0.3
1688.0 1 12 0.018000000000000002 0.7079701708568014 0.0254248 0.3
1688.5 1 12 0.017968750000000002 0.7075815330818364 0.0253946 0.3
1689.0 1 12 0.017937500000000002 0.7071919698475029 0.025364400000000002 0.3
1689.5 1 12 0.017906250000000002 0.706801477844179 0.025334200000000005 0.3
1690.0 1 12 0.017875000000000002 0.7064100537464433 0.025304 0.3
1690.5 1 12 0.017843750000000002 0.7060176942129796 0.025273799999999996 0.3
1691.0 1 12 0.017812500000000002 0.7056243958864823 0.025243599999999995 0.3
1691.5 1 12 0.017781250000000002 0.7052301553935606 0.0252134 0.3
1692.0 1 12 0.017750000000000002 0.7048349693446425 0.025183200000000003 0.3
1692.5 1 12 0.017718750000000002 0.7044388343338768 0.025153 0.3
1693.0 1 12 0.017687500000000002 0.7040417469390355 0.0251228 0.3
1693.5 1 12 0.017656250000000002 0.7036437037214159 0.025092600000000003 0.3
1694.0 1 12 0.017625000000000002 0.7032447012257407 0.0250624 0.3
1694.5 1 12 0.017593750000000002 0.7028447359800578 0.025032199999999998 0.3
1695.0 1 12 0.0175625 0.7024438044956404 0.025002000000000003 0.3
1695.5 1 12 0.01753125 0.7020419032668851 0.0249718 0.3
1696.0 1 12 0.0175 0.7016390287712095 0.0249416 0.3
1696.5 1 12 0.01746875 0.70123517746895 0.0249114 0.3
1697.0 1 12 0.0174375 0.7008303458032572 0.0248812 0.3
1697.5 1 12 0.01740625 0.7004245301999921 0.024850999999999998 0.3
1698.0 1 12 0.017375 0.7000177270676208 0.0248208 0.3
1698.5 1 12 0.01734375 0.6996099327971087 0.024790599999999996 0.3
1699.0 1 12 0.0173125 0.6992011437618133 0.0247604 0.3
1699.5 1 12 0.01728125 0.6987913563173772 0.0247302 0.3
1700.0 1 12 0.01725 0.6983805668016195 0.0247 0.3
1700.5 1 12 0.01721875 0.6979687715344268 0.0246698 0.3
1701.0 1 12 0.0171875 0.6975559668176433 0.024639599999999994 0.3
1701.5 1 12 0.01715625 0.6971421489349598 0.0246094 0.3
1702.0 1 12 0.017125 0.6967273141518032 0.0245792 0.3
1702.5 1 12 0.01709375 0.6963114587152226 0.024549 0.3
1703.0 1 12 0.0170625 0.6958945788537776 0.0245188 0.3
1703.5 1 12 0.01703125 0.695476670777423 0.0244886 0.3
1704.0 1 12 0.017 0.6950577306773952 0.024458399999999998 0.3
1704.5 1 12 0.01696875 0.6946377547260952 0.024428200000000004 0.3
1705.0 1 12 0.0169375 0.6942167390769736 0.024398 0.3
1705.5 1 12 0.01690625 0.6937946798644113 0.024367799999999995 0.3
1706.0 1 12 0.016875 0.6933715732036027 0.024337600000000004 0.3
1706.5 1 12 0.01684375 0.6929474151904359 0.024307399999999996 0.3
1707.0 1 12 0.0168125 0.6925222019013726 0.024277199999999995 0.3
1707.5 1 12 0.01678125 0.6920959293933271 0.024246999999999998 0.3
1708.0 1 12 0.01675 0.6916685937035447 0.0242168 0.3
1708.5 1 12 0.01671875 0.6912401908494787 0.024186599999999996 0.3
1709.0 1 12 0.0166875 0.6908107168286666 0.024156399999999998 0.3
1709.5 1 12 0.01665625 0.6903801676186055 0.024126199999999997 0.3
1710.0 1 12 0.016625 0.6899485391766269 0.024096 0.3
1710.5 1 12 0.01659375 0.6895158274397694 0.0240658 0.3
1711.0 1 12 0.0165625 0.6890820283246518 0.024035599999999997 0.3
1711.5 1 12 0.01653125 0.6886471377273448 0.024005399999999996 0.3
1712.0 1 12 0.0165 0.6882111515232407 0.0239752 0.3
1712.5 1 12 0.01646875 0.6877740655669242 0.023945 0.3
1713.0 1 12 0.0164375 0.6873358756920401 0.0239148 0.3
1713.5 1 12 0.01640625 0.6868965777111612 0.0238846 0.3
1714.0 1 12 0.016375 0.6864561674156551 0.023854399999999998 0.3
1714.5 1 12 0.01634375 0.6860146405755493 0.0238242 0.3
1715.0 1 12 0.0163125 0.6855719929393965 0.023794 0.3
1715.5 1 12 0.01628125 0.6851282202341377 0.0237638 0.3
1716.0 1 12 0.01625 0.6846833181649644 0.0237336 0.3
1716.5 1 12 0.01621875 0.684237282415181 0.0237034 0.3
1717.0 1 12 0.0161875 0.6837901086460639 0.0236732 0.3
1717.5 1 12 0.01615625 0.6833417924967222 0.023642999999999997 0.3
1718.0 1 12 0.016125 0.6828923295839545 0.023612799999999996 0.3
1718.5 1 12 0.01609375 0.6824417155021075 0.0235826 0.3
1719.0 1 12 0.0160625 0.6819899458229309 0.023552400000000005 0.3
1719.5 1 12 0.01603125 0.6815370160954333 0.0235222 0.3
1720.0 1 12 0.016 0.6810829218457347 0.023492000000000002 0.3
1720.5 1 12 0.01596875 0.6806276585769209 0.023461799999999998 0.3
1721.0 1 12 0.0159375 0.6801712217688933 0.0234316 0.3
1721.5 1 12 0.01590625 0.679713606878221 0.023401399999999996 0.3
1722.0 1 12 0.015875 0.6792548093379887 0.0233712 0.3
1722.5 1 12 0.01584375 0.6787948245576453 0.023341000000000004 0.3
1723.0 1 12 0.0158125 0.6783336479228512 0.0233108 0.3
1723.5 1 12 0.01578125 0.6778712747953232 0.023280600000000002 0.3
1724.0 1 12 0.01575 0.6774077005126794 0.0232504 0.3
1724.5 1 12 0.01571875 0.6769429203882826 0.0232202 0.3
1725.0 1 12 0.0156875 0.6764769297110824 0.02319 0.3
1725.5 1 12 0.01565625 0.6760097237454554 0.0231598 0.3
1726.0 1 12 0.015625 0.6755412977310459 0.023129600000000004 0.3
1726.5 1 12 0.015593750000000002 0.6750716468826031 0.0230994 0.3
1727.0 1 12 0.015562500000000002 0.6746007663898186 0.023069199999999998 0.3
1727.5 1 12 0.015531250000000002 0.6741286514171623 0.023039 0.3
1728.0 1 12 0.015500000000000002 0.673655297103717 0.023008799999999996 0.3
1728.5 1 12 0.015468750000000002 0.6731806985630109 0.022978600000000002 0.3
1729.0 1 12 0.015437500000000002 0.6727048508828503 0.0229484 0.3
1729.5 1 12 0.015406250000000002 0.6722277491251495 0.0229182 0.3
1730.0 1 12 0.015375000000000002 0.6717493883257604 0.022887999999999995 0.3
1730.5 1 12 0.015343750000000001 0.6712697634942997 0.022857799999999998 0.3
1731.0 1 12 0.015312500000000001 0.6707888696139761 0.0228276 0.3
1731.5 1 12 0.015281250000000001 0.6703067016414154 0.022797399999999995 0.3
1732.0 1 12 0.015250000000000001 0.6698232545064831 0.022767199999999998 0.3
1732.5 1 12 0.015218750000000001 0.6693385231121081 0.022737 0.3
1733.0 1 12 0.015187500000000001 0.6688525023341026 0.0227068 0.3
1733.5 1 12 0.015156250000000001 0.6683651870209821 0.022676599999999998 0.3
1734.0 1 12 0.015125000000000001 0.6678765719937828 0.022646399999999997 0.3
1734.5 1 12 0.015093750000000001 0.6673866520458787 0.0226162 0.3
1735.0 1 12 0.015062500000000001 0.6668954219427964 0.022586000000000005 0.3
1735.5 1 12 0.015031250000000001 0.666402876422029 0.0225558 0.3
1736.0 1 12 0.015000000000000001 0.6659090101928473 0.0225256 0.3
1736.5 1 12 0.014968750000000001 0.6654138179361114 0.022495400000000002 0.3
1737.0 1 12 0.014937500000000001 0.6649172943040793 0.022465199999999998 0.3
1737.5 1 12 0.014906250000000001 0.664419433920214 0.022435 0.3
1738.0 1 12 0.014875000000000001 0.6639202313789903 0.022404800000000002 0.3
1738.5 1 12 0.014843750000000001 0.6634196812456983 0.0223746 0.3
1739.0 1 12 0.014812500000000001 0.6629177780562467 0.022344400000000004 0.3
1739.5 1 12 0.014781250000000001 0.6624145163169641 0.022314200000000003 0.3
1740.0 1 12 0.014750000000000001 0.6619098905043979 0.022283999999999998 0.3
1740.5 1 12 0.014718750000000001 0.6614038950651125 0.0222538 0.3
1741.0 1 12 0.014687500000000001 0.6608965244154863 0.0222236 0.3
1741.5 1 12 0.014656250000000001 0.6603877729415052 0.0221934 0.3
1742.0 1 12 0.014625 0.6598776349985562 0.022163199999999997 0.3
1742.5 1 12 0.01459375 0.6593661049112186 0.022133 0.3
1743.0 1 12 0.0145625 0.6588531769730532 0.0221028 0.3
1743.5 1 12 0.01453125 0.6583388454463907 0.022072599999999998 0.3
1744.0 1 12 0.0145 0.6578231045621167 0.0220424 0.3
1744.5 1 12 0.01446875 0.6573059485194575 0.0220122 0.3
1745.0 1 12 0.0144375 0.656787371485761 0.021982 0.3
1745.5 1 12 0.01440625 0.6562673675962791 0.0219518 0.3
1746.0 1 12 0.014375 0.6557459309539451 0.0219216 0.3
1746.5 1 12 0.01434375 0.6552230556291513 0.0218914 0.3
1747.0 1 12 0.0143125 0.6546987356595247 0.021861199999999997 0.3
1747.5 1 12 0.01428125 0.6541729650497 0.021830999999999996 0.3
1748.0 1 12 0.01425 0.653645737771091 0.0218008 0.3
1748.5 1 12 0.01421875 0.6531170477616602 0.0217706 0.3
1749.0 1 12 0.0141875 0.6525868889256867 0.021740400000000003 0.3
1749.5 1 12 0.01415625 0.6520552551335318 0.021710199999999995 0.3
1750.0 1 12 0.014125 0.6515221402214023 0.021679999999999998 0.3
1750.5 1 12 0.01409375 0.6509875379911132 0.021649799999999997 0.3
1751.0 1 12 0.0140625 0.6504514422098466 0.0216196 0.3
1751.5 1 12 0.01403125 0.6499138466099104 0.0215894 0.3
1752.0 1 12 0.014 0.6493747448884931 0.0215592 0.3
1752.5 1 12 0.01396875 0.6488341307074179 0.021529 0.3
1753.0 1 12 0.0139375 0.6482919976928946 0.0214988 0.3
1753.5 1 12 0.01390625 0.6477483394352683 0.021468599999999997 0.3
1754.0 1 12 0.013875 0.6472031494887678 0.0214384 0.3
1754.5 1 12 0.01384375 0.6466564213712503 0.0214082 0.3
1755.0 1 12 0.0138125 0.6461081485639442 0.021378000000000005 0.3
1755.5 1 12 0.01378125 0.6455583245111909 0.0213478 0.3
1756.0 1 12 0.01375 0.6450069426201824 0.0213176 0.3
1756.5 1 12 0.01371875 0.6444539962606989 0.021287399999999998 0.3
1757.0 1 12 0.0136875 0.6438994787648421 0.0212572 0.3
1757.5 1 12 0.01365625 0.6433433834267678 0.021227 0.3
1758.0 1 12 0.013625 0.6427857035024154 0.021196800000000002 0.3
1758.5 1 12 0.01359375 0.6422264322092353 0.0211666 0.3
1759.0 1 12 0.0135625 0.6416655627259136 0.0211364 0.3
1759.5 1 12 0.01353125 0.6411030881920953 0.0211062 0.3
1760.0 1 12 0.0135 0.6405390017081041 0.021075999999999998 0.3
1760.5 1 12 0.01346875 0.6399732963346606 0.0210458 0.3
1761.0 1 12 0.0134375 0.639405965092598 0.021015599999999995 0.3
1761.5 1 12 0.01340625 0.6388370009625739 0.0209854 0.3
1762.0 1 12 0.013375 0.6382663968847827 0.0209552 0.3
1762.5 1 12 0.01334375 0.6376941457586619 0.020925 0.3
1763.0 1 12 0.0133125 0.6371202404425982 0.020894799999999998 0.3
1763.5 1 12 0.01328125 0.6365446737536307 0.020864599999999994 0.3
1764.0 1 12 0.01325 0.6359674384671504 0.020834400000000003 0.3
1764.5 1 12 0.01321875 0.6353885273165996 0.0208042 0.3
1765.0 1 12 0.0131875 0.6348079329931645 0.020774 0.3
1765.5 1 12 0.01315625 0.63422564814547 0.0207438 0.3
1766.0 1 12 0.013125 0.6336416653792677 0.020713600000000002 0.3
1766.5 1 12 0.01309375 0.6330559772571241 0.020683399999999998 0.3
1767.0 1 12 0.0130625 0.6324685762981039 0.0206532 0.3
1767.5 1 12 0.01303125 0.6318794549774523 0.020623 0.3
1768.0 1 12 0.013 0.6312886057262732 0.0205928 0.3
1768.5 1 12 0.01296875 0.6306960209312051 0.0205626 0.3
1769.0 1 12 0.012937500000000001 0.6301016929340945 0.0205324 0.3
1769.5 1 12 0.012906250000000001 0.629505614031665 0.020502199999999995 0.3
1770.0 1 12 0.012875000000000001 0.6289077764751858 0.020471999999999997 0.3
1770.5 1 12 0.012843750000000001 0.6283081724701348 0.0204418 0.3
1771.0 1 12 0.012812500000000001 0.6277067941758608 0.020411600000000002 0.3
1771.5 1 12 0.012781250000000001 0.627103633705241 0.0203814 0.3
1772.0 1 12 0.012750000000000001 0.6264986831243367 0.020351200000000003 0.3
1772.5 1 12 0.012718750000000001 0.6258919344520447 0.020321 0.3
1773.0 1 12 0.0126875 0.6252833796597473 0.020290799999999998 0.3
1773.5 1 12 0.01265625 0.6246730106709576 0.020260599999999997 0.3
1774.0 1 12 0.012625 0.6240608193609618 0.0202304 0.3
1774.5 1 12 0.01259375 0.6234467975564598 0.0202002 0.3
1775.0 1 12 0.0125625 0.6228309370352009 0.020169999999999997 0.3
1775.5 1 12 0.01253125 0.622213229525616 0.0201398 0.3
1776.0 1 12 0.0125 0.6215936667064488 0.0201096 0.3
1776.5 1 12 0.01246875 0.6209722402063808 0.020079399999999997 0.3
1777.0 1 12 0.0124375 0.6203489416036551 0.0200492 0.3
1777.5 1 12 0.01240625 0.6197237624256957 0.020019 0.3
1778.0 1 12 0.012375 0.6190966941487233 0.019988800000000004 0.3
1778.5 1 12 0.01234375 0.6184677281973686 0.0199586 0.3
1779.0 1 12 0.0123125 0.6178368559442806 0.0199284 0.3
1779.5 1 12 0.01228125 0.6172040687097327 0.019898199999999998 0.3
1780.0 1 12 0.01225 0.6165693577612242 0.019867999999999997 0.3
1780.5 1 12 0.01221875 0.6159327143130792 0.0198378 0.3
1781.0 1 12 0.0121875 0.6152941295260405 0.0198076 0.3
1781.5 1 12 0.01215625 0.6146535945068614 0.0197774 0.3
1782.0 1 12 0.012125 0.6140111003078917 0.019747200000000003 0.3
1782.5 1 12 0.01209375 0.6133666379266624 0.019717 0.3
1783.0 1 12 0.0120625 0.6127201983054636 0.019686799999999997 0.3
1783.5 1 12 0.01203125 0.6120717723309219 0.0196566 0.3
1784.0 1 12 0.012 0.6114213508335712 0.0196264 0.3
1784.5 1 12 0.01196875 0.6107689245874199 0.019596200000000005 0.3
1785.0 1 12 0.0119375 0.6101144843095165 0.019566 0.3
1785.5 1 12 0.01190625 0.6094580206595072 0.0195358 0.3
1786.0 1 12 0.011875 0.6087995242391929 0.019505599999999998 0.3
1786.5 1 12 0.01184375 0.6081389855920803 0.019475399999999997 0.3
1787.0 1 12 0.0118125 0.6074763952029293 0.0194452 0.3
1787.5 1 12 0.01178125 0.6068117434972958 0.019415 0.3
1788.0 1 12 0.01175 0.6061450208410714 0.0193848 0.3
1788.5 1 12 0.01171875 0.6054762175400163 0.0193546 0.3
1789.0 1 12 0.0116875 0.6048053238392913 0.0193244 0.3
1789.5 1 12 0.01165625 0.6041323299229822 0.019294199999999994 0.3
1790.0 1 12 0.011625 0.6034572259136213 0.019264 0.3
1790.5 1 12 0.01159375 0.602780001871705 0.019233800000000002 0.3
1791.0 1 12 0.0115625 0.602100647795205 0.0192036 0.3
1791.5 1 12 0.01153125 0.6014191536190764 0.0191734 0.3
1792.0 1 12 0.0115 0.6007355092147604 0.0191432 0.3
1792.5 1 12 0.01146875 0.6000497043896824 0.019112999999999998 0.3
1793.0 1 12 0.0114375 0.5993617288867462 0.019082799999999997 0.3
1793.5 1 12 0.01140625 0.5986715723838216 0.0190526 0.3
1794.0 1 12 0.011375 0.597979224493229 0.0190224 0.3
1794.5 1 12 0.01134375 0.5972846747612177 0.0189922 0.3
1795.0 1 12 0.0113125 0.5965879126674402 0.018962 0.3
1795.5 1 12 0.01128125 0.5958889276244204 0.018931799999999995 0.3
1796.0 1 12 0.01125 0.5951877089770179 0.018901599999999998 0.3
1796.5 1 12 0.01121875 0.5944842460018865 0.018871399999999997 0.3
1797.0 1 12 0.0111875 0.5937785279069274 0.0188412 0.3
1797.5 1 12 0.01115625 0.5930705438307373 0.018810999999999998 0.3
1798.0 1 12 0.011125 0.5923602828420514 0.0187808 0.3
1798.5 1 12 0.01109375 0.5916477339391806 0.018750600000000003 0.3
1799.0 1 12 0.0110625 0.5909328860494434 0.018720399999999998 0.3
1799.5 1 12 0.01103125 0.5902157280285926 0.018690199999999997 0.3
1800.0 1 12 0.011 0.5894962486602358 0.01866 0.3
