mass result channel_or_id theo_cross_section ratio observed_limit width_to_mass_ratio
600.0 0 11 3.5 8.861432513861812 0.39497 0.2
600.5 0 11 3.493225 8.858642056122465 0.3943296249999999 0.2
601.0 0 11 3.48645 8.855842520465062 0.39368925 0.2
601.5 0 11 3.479675 8.853033862519007 0.3930488749999999 0.2
602.0 0 11 3.4729 8.850216037624058 0.3924085 0.2
602.5 0 11 3.466125 8.847389000827977 0.39176812499999997 0.2
603.0 0 11 3.45935 8.844552706884132 0.39112775 0.2
603.5 0 11 3.452575 8.841707110249084 0.3904873749999999 0.2
604.0 0 11 3.4458 8.838852165080148 0.389847 0.2
604.5 0 11 3.439025 8.835987825232934 0.389206625 0.2
605.0 0 11 3.43225 8.833114044258862 0.38856625 0.2
605.5 0 11 3.425475 8.830230775402647 0.387925875 0.2
606.0 0 11 3.4187 8.827337971599762 0.3872855 0.2
606.5 0 11 3.411925 8.82443558547389 0.386645125 0.2
607.0 0 11 3.40515 8.821523569334314 0.38600475 0.2
607.5 0 11 3.398375 8.818601875173336 0.385364375 0.2
608.0 0 11 3.3916 8.815670454663602 0.38472400000000007 0.2
608.5 0 11 3.3848249999999998 8.812729259155477 0.384083625 0.2
609.0 0 11 3.37805 8.80977823967432 0.38344325 0.2
609.5 0 11 3.371275 8.806817346917784 0.382802875 0.2
610.0 0 11 3.3645 8.803846531253068 0.38216249999999996 0.2
610.5 0 11 3.357725 8.800865742714135 0.381522125 0.2
611.0 0 11 3.35095 8.797874930998926 0.38088174999999996 0.2
611.5 0 11 3.344175 8.794874045466514 0.380241375 0.2
612.0 0 11 3.3374 8.791863035134261 0.37960099999999997 0.2
612.5 0 11 3.330625 8.788841848674911 0.378960625 0.2
613.0 0 11 3.3238499999999997 8.785810434413701 0.37832024999999997 0.2
613.5 0 11 3.317075 8.782768740325388 0.377679875 0.2
614.0 0 11 3.3103 8.779716714031288 0.37703949999999997 0.2
614.5 0 11 3.303525 8.776654302796267 0.376399125 0.2
615.0 0 11 3.29675 8.7735814535257 0.37575875 0.2
615.5 0 11 3.289975 8.770498112762406 0.37511837499999995 0.2
616.0 0 11 3.2832 8.767404226683544 0.374478 0.2
616.5 0 11 3.2764249999999997 8.764299741097487 0.37383762500000006 0.2
617.0 0 11 3.26965 8.76118460144066 0.37319725000000004 0.2
617.5 0 11 3.2628749999999997 8.758058752774323 0.37255687500000007 0.2
618.0 0 11 3.2561 8.754922139781376 0.3719165 0.2
618.5 0 11 3.249325 8.751774706763058 0.371276125 0.2
619.0 0 11 3.24255 8.748616397635685 0.37063575 0.2
619.5 0 11 3.235775 8.745447155927286 0.369995375 0.2
620.0 0 11 3.229 8.742266924774269 0.36935500000000004 0.2
620.5 0 11 3.222225 8.739075646917993 0.36871462499999996 0.2
621.0 0 11 3.2154499999999997 8.735873264701347 0.36807425 0.2
621.5 0 11 3.208675 8.732659720065278 0.36743387499999997 0.2
622.0 0 11 3.2018999999999997 8.729434954545269 0.36679349999999994 0.2
622.5 0 11 3.195125 8.72619890926781 0.366153125 0.2
623.0 0 11 3.18835 8.722951524946804 0.36551274999999994 0.2
623.5 0 11 3.181575 8.719692741879953 0.3648723749999999 0.2
624.0 0 11 3.1748 8.71642249994509 0.364232 0.2
624.5 0 11 3.168025 8.713140738596497 0.363591625 0.2
625.0 0 11 3.16125 8.709847396861148 0.36295125 0.2
625.5 0 11 3.1544749999999997 8.706542413334956 0.362310875 0.2
626.0 0 11 3.1477 8.703225726178939 0.3616705 0.2
626.5 0 11 3.1409249999999997 8.699897273115367 0.361030125 0.2
627.0 0 11 3.13415 8.696556991423869 0.36038975 0.2
627.5 0 11 3.127375 8.693204817937488 0.359749375 0.2
628.0 0 11 3.1206 8.689840689038704 0.359109 0.2
628.5 0 11 3.113825 8.686464540655406 0.358468625 0.2
629.0 0 11 3.10705 8.683076308256826 0.35782824999999996 0.2
629.5 0 11 3.100275 8.67967592684942 0.35718787500000004 0.2
630.0 0 11 3.0934999999999997 8.67626333097273 0.3565475 0.2
630.5 0 11 3.086725 8.672838454695167 0.35590712500000005 0.2
631.0 0 11 3.0799499999999997 8.66940123160977 0.3552667499999999 0.2
631.5 0 11 3.073175 8.665951594829911 0.354626375 0.2
632.0 0 11 3.0664 8.662489476984966 0.35398599999999997 0.2
632.5 0 11 3.059625 8.659014810215918 0.353345625 0.2
633.0 0 11 3.05285 8.655527526170932 0.35270524999999997 0.2
633.5 0 11 3.046075 8.652027556000865 0.352064875 0.2
634.0 0 11 3.0393 8.648514830354742 0.3514245 0.2
634.5 0 11 3.0325249999999997 8.64498927937517 0.35078412499999995 0.2
635.0 0 11 3.02575 8.641450832693716 0.35014375 0.2
635.5 0 11 3.0189749999999997 8.637899419426207 0.34950337499999995 0.2
636.0 0 11 3.0122 8.634334968168021 0.348863 0.2
636.5 0 11 3.005425 8.630757406989279 0.348222625 0.2
637.0 0 11 2.9986499999999996 8.627166663430023 0.3475822499999999 0.2
637.5 0 11 2.991875 8.623562664495314 0.346941875 0.2
638.0 0 11 2.9851 8.61994533665029 0.3463015 0.2
638.5 0 11 2.978325 8.61631460581516 0.345661125 0.2
639.0 0 11 2.9715499999999997 8.612670397360159 0.34502075 0.2
639.5 0 11 2.964775 8.609012636100417 0.344380375 0.2
640.0 0 11 2.9579999999999997 8.6053412462908 0.34374000000000005 0.2
640.5 0 11 2.951225 8.601656151620684 0.343099625 0.2
641.0 0 11 2.94445 8.597957275208655 0.34245925000000005 0.2
641.5 0 11 2.9376749999999996 8.594244539597177 0.3418188749999999 0.2
642.0 0 11 2.9309 8.590517866747172 0.3411785 0.2
642.5 0 11 2.9241249999999996 8.586777178032563 0.34053812499999997 0.2
643.0 0 11 2.91735 8.583022394234737 0.33989775 0.2
643.5 0 11 2.9105749999999997 8.579253435536957 0.33925737499999997 0.2
644.0 0 11 2.9038 8.575470221518707 0.338617 0.2
644.5 0 11 2.8970249999999997 8.571672671149965 0.337976625 0.2
645.0 0 11 2.89025 8.567860702785426 0.33733624999999995 0.2
645.5 0 11 2.883475 8.564034234158646 0.336695875 0.2
646.0 0 11 2.8766999999999996 8.560193182376125 0.3360555 0.2
646.5 0 11 2.869925 8.556337463911325 0.335415125 0.2
647.0 0 11 2.8631499999999996 8.552466994598605 0.33477475000000007 0.2
647.5 0 11 2.856375 8.548581689627115 0.334134375 0.2
648.0 0 11 2.8495999999999997 8.544681463534577 0.33349399999999996 0.2
648.5 0 11 2.842825 8.540766230201038 0.332853625 0.2
649.0 0 11 2.8360499999999997 8.536835902842526 0.33221325 0.2
649.5 0 11 2.829275 8.532890394004637 0.331572875 0.2
650.0 0 11 2.8225 8.528929615556043 0.33093249999999996 0.2
650.5 0 11 2.8157249999999996 8.524953478681939 0.330292125 0.2
651.0 0 11 2.80895 8.520961893877402 0.32965174999999997 0.2
651.5 0 11 2.8021749999999996 8.51695477094067 0.329011375 0.2
652.0 0 11 2.7954 8.512932018966353 0.3283709999999999 0.2
652.5 0 11 2.7886249999999997 8.50889354633855 0.327730625 0.2
653.0 0 11 2.78185 8.504839260723914 0.32709024999999997 0.2
653.5 0 11 2.7750749999999997 8.500769069064583 0.326449875 0.2
654.0 0 11 2.7683 8.496682877571097 0.3258095 0.2
654.5 0 11 2.761525 8.492580591715157 0.325169125 0.2
655.0 0 11 2.7547499999999996 8.488462116222369 0.3245287499999999 0.2
655.5 0 11 2.747975 8.484327355064842 0.323888375 0.2
656.0 0 11 2.7411999999999996 8.480176211453744 0.32324800000000004 0.2
656.5 0 11 2.734425 8.476008587831735 0.32260762499999995 0.2
657.0 0 11 2.7276499999999997 8.471824385865332 0.32196725 0.2
657.5 0 11 2.720875 8.467623506437175 0.321326875 0.2
658.0 0 11 2.7140999999999997 8.463405849638198 0.3206865 0.2
658.5 0 11 2.707325 8.45917131475971 0.32004612499999996 0.2
659.0 0 11 2.70055 8.454919800285372 0.31940575000000004 0.2
659.5 0 11 2.693775 8.450651203883107 0.318765375 0.2
660.0 0 11 2.687 8.446365422396857 0.31812499999999994 0.2
660.5 0 11 2.6802249999999996 8.442062351838297 0.31748462499999996 0.2
661.0 0 11 2.67345 8.43774188737842 0.31684425 0.2
661.5 0 11 2.6666749999999997 8.433403923339014 0.3162038750000001 0.2
662.0 0 11 2.6599 8.429048353184065 0.3155635 0.2
662.5 0 11 2.6531249999999997 8.42467506951101 0.31492312499999997 0.2
663.0 0 11 2.64635 8.420283964041934 0.31428275 0.2
663.5 0 11 2.639575 8.415874927614611 0.313642375 0.2
664.0 0 11 2.6328 8.41144785017348 0.313002 0.2
664.5 0 11 2.626025 8.407002620760473 0.312361625 0.2
665.0 0 11 2.61925 8.402539127505744 0.31172125000000006 0.2
665.5 0 11 2.612475 8.398057257618296 0.311080875 0.2
666.0 0 11 2.6056999999999997 8.393556897376468 0.3104405 0.2
666.5 0 11 2.598925 8.38903793211833 0.30980012500000004 0.2
667.0 0 11 2.5921499999999997 8.384500246231925 0.30915974999999996 0.2
667.5 0 11 2.585375 8.379943723145427 0.308519375 0.2
668.0 0 11 2.5786 8.375368245317153 0.307879 0.2
668.5 0 11 2.571825 8.370773694225457 0.307238625 0.2
669.0 0 11 2.56505 8.36615995035849 0.30659825 0.2
669.5 0 11 2.558275 8.361526893203845 0.305957875 0.2
670.0 0 11 2.5515 8.356874401238054 0.3053175 0.2
670.5 0 11 2.5447249999999997 8.352202351915983 0.304677125 0.2
671.0 0 11 2.53795 8.347510621660046 0.30403675 0.2
671.5 0 11 2.5311749999999997 8.342799085849327 0.303396375 0.2
672.0 0 11 2.5244 8.338067618808546 0.30275599999999997 0.2
672.5 0 11 2.517625 8.333316093796869 0.302115625 0.2
673.0 0 11 2.51085 8.328544382996615 0.30147525 0.2
673.5 0 11 2.504075 8.323752357501768 0.30083487500000006 0.2
674.0 0 11 2.4973 8.318939887306398 0.3001945 0.2
674.5 0 11 2.490525 8.31410684129287 0.299554125 0.2
675.0 0 11 2.4837499999999997 8.309253087219975 0.29891375 0.2
675.5 0 11 2.476975 8.304378491710834 0.298273375 0.2
676.0 0 11 2.4701999999999997 8.299482920240699 0.297633 0.2
676.5 0 11 2.463425 8.294566237124574 0.29699262500000007 0.2
677.0 0 11 2.45665 8.289628305504682 0.29635225 0.2
677.5 0 11 2.449875 8.28466898733776 0.29571187499999996 0.2
678.0 0 11 2.4431 8.279688143382197 0.2950715 0.2
678.5 0 11 2.436325 8.27468563318501 0.294431125 0.2
679.0 0 11 2.42955 8.269661315068634 0.29379074999999993 0.2
679.5 0 11 2.4227749999999997 8.264615046117543 0.29315037499999996 0.2
680.0 0 11 2.416 8.259546682164713 0.29251 0.2
680.5 0 11 2.4092249999999997 8.254456077777876 0.291869625 0.2
681.0 0 11 2.40245 8.249343086245629 0.29122925 0.2
681.5 0 11 2.3956749999999998 8.244207559563318 0.29058887499999997 0.2
682.0 0 11 2.3889 8.23904934841877 0.2899485 0.2
682.5 0 11 2.382125 8.233868302177825 0.28930812499999997 0.2
683.0 0 11 2.37535 8.228664268869661 0.28866775 0.2
683.5 0 11 2.368575 8.223437095171944 0.288027375 0.2
684.0 0 11 2.3617999999999997 8.218186626395765 0.287387 0.2
684.5 0 11 2.355025 8.21291270647039 0.286746625 0.2
685.0 0 11 2.34825 8.207615177927782 0.28610624999999995 0.2
685.5 0 11 2.341475 8.202293881886934 0.2854658749999999 0.2
686.0 0 11 2.3346999999999998 8.196948658037991 0.2848255 0.2
686.5 0 11 2.327925 8.191579344626149 0.284185125 0.2
687.0 0 11 2.32115 8.186185778435325 0.28354475 0.2
687.5 0 11 2.314375 8.180767794771644 0.28290437500000004 0.2
688.0 0 11 2.3076 8.175325227446647 0.2822639999999999 0.2
688.5 0 11 2.3008249999999997 8.169857908760317 0.281623625 0.2
689.0 0 11 2.29405 8.164365669483857 0.28098325 0.2
689.5 0 11 2.287275 8.158848338842214 0.280342875 0.2
690.0 0 11 2.2805 8.153305744496386 0.27970249999999997 0.2
690.5 0 11 2.2737249999999998 8.147737712525482 0.279062125 0.2
691.0 0 11 2.26695 8.142144067408527 0.27842174999999997 0.2
691.5 0 11 2.260175 8.136524632006015 0.277781375 0.2
692.0 0 11 2.2534 8.130879227541216 0.27714099999999997 0.2
692.5 0 11 2.246625 8.125207673581208 0.276500625 0.2
693.0 0 11 2.23985 8.119509788017666 0.27586025 0.2
693.5 0 11 2.233075 8.113785387047356 0.275219875 0.2
694.0 0 11 2.2263 8.108034285152389 0.2745795 0.2
694.5 0 11 2.219525 8.102256295080156 0.273939125 0.2
695.0 0 11 2.2127499999999998 8.096451227823032 0.27329875 0.2
695.5 0 11 2.205975 8.090618892597742 0.272658375 0.2
696.0 0 11 2.1992 8.084759096824476 0.272018 0.2
696.5 0 11 2.192425 8.078871646105682 0.27137762499999996 0.2
697.0 0 11 2.18565 8.072956344204576 0.27073725 0.2
697.5 0 11 2.178875 8.067012993023337 0.270096875 0.2
698.0 0 11 2.1721 8.061041392580991 0.2694565 0.2
698.5 0 11 2.165325 8.055041340990986 0.26881612499999996 0.2
699.0 0 11 2.15855 8.049012634438423 0.26817575 0.2
699.5 0 11 2.1517749999999998 8.042955067157004 0.2675353750000001 0.2
700.0 0 11 2.145 8.03686843140561 0.266895 0.2
700.5 0 11 2.138225 8.030752517444533 0.26625462499999997 0.2
701.0 0 11 2.13145 8.024607113511419 0.26561424999999994 0.2
701.5 0 11 2.124675 8.018432005796797 0.264973875 0.2
702.0 0 11 2.1179 8.012226978419308 0.26433349999999994 0.2
702.5 0 11 2.111125 8.00599181340052 0.263693125 0.2
703.0 0 11 2.10435 7.999726290639425 0.26305275 0.2
703.5 0 11 2.097575 7.993430187886529 0.262412375 0.2
704.0 0 11 2.0908 7.987103280717571 0.261772 0.2
704.5 0 11 2.084025 7.980745342506869 0.261131625 0.2
705.0 0 11 2.0772500000000003 7.974356144400247 0.26049124999999995 0.2
705.5 0 11 2.070475 7.967935455287577 0.259850875 0.2
706.0 0 11 2.0637 7.961483041774927 0.25921050000000007 0.2
706.5 0 11 2.056925 7.95499866815627 0.258570125 0.2
707.0 0 11 2.05015 7.948482096384772 0.25792974999999996 0.2
707.5 0 11 2.043375 7.941933086043682 0.257289375 0.2
708.0 0 11 2.0366 7.935351394316751 0.256649 0.2
708.5 0 11 2.029825 7.9287367759582335 0.256008625 0.2
709.0 0 11 2.02305 7.922088983262408 0.2553682499999999 0.2
709.5 0 11 2.0162750000000003 7.915407766032675 0.254727875 0.2
710.0 0 11 2.0095 7.908692871550154 0.2540875 0.2
710.5 0 11 2.002725 7.9019440445418345 0.253447125 0.2
711.0 0 11 1.9959500000000001 7.895161027148209 0.25280674999999997 0.2
711.5 0 11 1.9891750000000001 7.888343558890435 0.252166375 0.2
712.0 0 11 1.9824000000000002 7.881491376637007 0.251526 0.2
712.5 0 11 1.975625 7.874604214569886 0.250885625 0.2
713.0 0 11 1.96885 7.86768180415013 0.25024525 0.2
713.5 0 11 1.962075 7.860723874082989 0.249604875 0.2
714.0 0 11 1.9553 7.853730150282471 0.24896449999999998 0.2
714.5 0 11 1.948525 7.846700355835343 0.24832412499999998 0.2
715.0 0 11 1.94175 7.839634210964588 0.24768374999999998 0.2
715.5 0 11 1.9349750000000001 7.832531432992284 0.247043375 0.2
716.0 0 11 1.9282000000000001 7.825391736301913 0.24640299999999996 0.2
716.5 0 11 1.9214250000000002 7.818214832300071 0.24576262499999998 0.2
717.0 0 11 1.91465 7.811000429377587 0.24512224999999996 0.2
717.5 0 11 1.9078750000000002 7.803748232870025 0.24448187499999996 0.2
718.0 0 11 1.9011 7.796457945017563 0.2438415 0.2
718.5 0 11 1.894325 7.789129264924248 0.243201125 0.2
719.0 0 11 1.88755 7.781761888516589 0.24256075 0.2
719.5 0 11 1.880775 7.774355508501507 0.241920375 0.2
720.0 0 11 1.874 7.766909814323608 0.24128 0.2
720.5 0 11 1.8672250000000001 7.759424492121778 0.240639625 0.2
721.0 0 11 1.8604500000000002 7.7518992246850775 0.23999925000000003 0.2
721.5 0 11 1.8536750000000002 7.744333691407934 0.239358875 0.2
722.0 0 11 1.8469000000000002 7.736727568244607 0.23871849999999997 0.2
722.5 0 11 1.840125 7.7290805276629255 0.23807812500000003 0.2
723.0 0 11 1.83335 7.721392238597274 0.23743775 0.2
723.5 0 11 1.826575 7.713662366400811 0.23679737499999998 0.2
724.0 0 11 1.8198 7.705890572796911 0.23615699999999998 0.2
724.5 0 11 1.813025 7.698076515829828 0.235516625 0.2
725.0 0 11 1.8062500000000001 7.6902198498145315 0.23487624999999995 0.2
725.5 0 11 1.7994750000000002 7.682320225285731 0.23423587499999998 0.2
726.0 0 11 1.7927000000000002 7.674377288946064 0.23359549999999998 0.2
726.5 0 11 1.7859250000000002 7.666390683613423 0.23295512499999999 0.2
727.0 0 11 1.77915 7.6583600481674114 0.23231474999999996 0.2
727.5 0 11 1.7723750000000003 7.650285017494923 0.231674375 0.2
728.0 0 11 1.7656 7.642165222434794 0.23103400000000002 0.2
728.5 0 11 1.758825 7.634000289721559 0.230393625 0.2
729.0 0 11 1.75205 7.625789841928244 0.22975324999999996 0.2
729.5 0 11 1.7452750000000001 7.6175334974082105 0.229112875 0.2
730.0 0 11 1.7385000000000002 7.609230870236025 0.2284725 0.2
730.5 0 11 1.7317250000000002 7.600881570147319 0.227832125 0.2
731.0 0 11 1.7249500000000002 7.5924852024776435 0.22719175000000003 0.2
731.5 0 11 1.718175 7.584041368100282 0.226551375 0.2
732.0 0 11 1.7114000000000003 7.575549663363007 0.22591099999999997 0.2
732.5 0 11 1.704625 7.567009680023749 0.225270625 0.2
733.0 0 11 1.69785 7.558421005185189 0.22463024999999995 0.2
733.5 0 11 1.691075 7.549783221228193 0.22398987499999998 0.2
734.0 0 11 1.6843000000000001 7.541095905744138 0.22334949999999995 0.2
734.5 0 11 1.6775250000000002 7.532358631466045 0.22270912499999995 0.2
735.0 0 11 1.6707500000000002 7.523570966198532 0.22206874999999995 0.2
735.5 0 11 1.6639750000000002 7.51473247274655 0.22142837499999996 0.2
736.0 0 11 1.6572000000000002 7.505842708842874 0.22078799999999998 0.2
736.5 0 11 1.6504250000000003 7.496901227074334 0.22014762499999999 0.2
737.0 0 11 1.64365 7.487907574806755 0.21950725000000001 0.2
737.5 0 11 1.6368750000000003 7.478861294108578 0.21886687500000002 0.2
738.0 0 11 1.6301 7.469761921673125 0.2182265 0.2
738.5 0 11 1.6233250000000001 7.4606089887395175 0.217586125 0.2
739.0 0 11 1.6165500000000002 7.451402021012166 0.21694575000000002 0.2
739.5 0 11 1.6097750000000002 7.44214053857885 0.216305375 0.2
740.0 0 11 1.6030000000000002 7.432824055827326 0.215665 0.2
740.5 0 11 1.5962250000000002 7.42345208136045 0.215024625 0.2
741.0 0 11 1.5894500000000003 7.414024117909783 0.21438424999999997 0.2
741.5 0 11 1.582675 7.404539662247632 0.213743875 0.2
742.0 0 11 1.5759000000000003 7.394998205097524 0.2131035 0.2
742.5 0 11 1.569125 7.385399231043034 0.212463125 0.2
743.0 0 11 1.5623500000000003 7.375742218434991 0.21182274999999998 0.2
743.5 0 11 1.5555750000000002 7.36602663929696 0.21118237499999995 0.2
744.0 0 11 1.5488000000000002 7.356251959229039 0.21054199999999998 0.2
744.5 0 11 1.5420250000000002 7.346417637309861 0.20990162499999998 0.2
745.0 0 11 1.5352500000000002 7.336523125996812 0.20926124999999995 0.2
745.5 0 11 1.5284750000000003 7.326567871024414 0.20862087499999996 0.2
746.0 0 11 1.5217 7.31655131130082 0.20798049999999998 0.2
746.5 0 11 1.5149250000000003 7.3064728788024045 0.207340125 0.2
747.0 0 11 1.50815 7.296331998466376 0.20669974999999996 0.2
747.5 0 11 1.5013750000000003 7.28612808808141 0.206059375 0.2
748.0 0 11 1.4946000000000002 7.275860558176216 0.205419 0.2
748.5 0 11 1.4878250000000002 7.265528811906029 0.204778625 0.2
749.0 0 11 1.4810500000000002 7.2551322449369495 0.20413825 0.2
749.5 0 11 1.4742750000000002 7.244670245328116 0.203497875 0.2
750.0 0 11 1.4675000000000002 7.234142193411633 0.2028575 0.2
750.5 0 11 1.4607250000000003 7.223547461670224 0.202217125 0.2
751.0 0 11 1.4539500000000003 7.21288541461255 0.20157675 0.2
751.5 0 11 1.4471750000000003 7.202155408646147 0.200936375 0.2
752.0 0 11 1.4404000000000003 7.191356791947919 0.200296 0.2
752.5 0 11 1.4336250000000001 7.180488904332147 0.199655625 0.2
753.0 0 11 1.4268500000000002 7.169551077115951 0.19901524999999998 0.2
753.5 0 11 1.4200750000000002 7.158542632982127 0.19837487499999998 0.2
754.0 0 11 1.4133000000000002 7.147462885839347 0.19773449999999998 0.2
754.5 0 11 1.4065250000000002 7.136311140679614 0.19709412499999998 0.2
755.0 0 11 1.3997500000000003 7.125086693432935 0.19645374999999998 0.2
755.5 0 11 1.3929750000000003 7.113788830819143 0.19581337499999998 0.2
756.0 0 11 1.3862000000000003 7.102416830196802 0.19517299999999999 0.2
756.5 0 11 1.3794250000000001 7.090969959409123 0.194532625 0.2
757.0 0 11 1.3726500000000001 7.079447476626839 0.19389225 0.2
757.5 0 11 1.3658750000000002 7.067848630187936 0.193251875 0.2
758.0 0 11 1.3591000000000002 7.056172658434207 0.1926115 0.2
758.5 0 11 1.3523250000000002 7.0444187895445225 0.191971125 0.2
759.0 0 11 1.3455500000000002 7.032586241364759 0.19133075 0.2
759.5 0 11 1.3387750000000003 7.020674221234293 0.19069037500000002 0.2
760.0 0 11 1.3320000000000003 7.008681925808999 0.19005 0.2
760.5 0 11 1.325225 6.996608540880644 0.18940962500000003 0.2
761.0 0 11 1.3184500000000001 6.984453241192621 0.18876925 0.2
761.5 0 11 1.3116750000000001 6.972215190251896 0.18812887499999997 0.2
762.0 0 11 1.3049000000000002 6.959893540137129 0.18748850000000003 0.2
762.5 0 11 1.2981250000000002 6.947487431302831 0.18684812499999998 0.2
763.0 0 11 1.2913500000000002 6.9349959923794815 0.18620774999999998 0.2
763.5 0 11 1.2845750000000002 6.922418339969514 0.185567375 0.2
764.0 0 11 1.2778000000000003 6.909753578439062 0.18492699999999995 0.2
764.5 0 11 1.2710250000000003 6.897000799705353 0.18428662499999998 0.2
765.0 0 11 1.26425 6.884159083019665 0.18364624999999998 0.2
765.5 0 11 1.2574750000000001 6.87122749474573 0.18300587499999998 0.2
766.0 0 11 1.2507000000000001 6.858205088133448 0.18236549999999999 0.2
766.5 0 11 1.2439250000000002 6.845090903087838 0.181725125 0.2
767.0 0 11 1.2371500000000002 6.83188396593308 0.18108475 0.2
767.5 0 11 1.2303750000000002 6.818583289171526 0.180444375 0.2
768.0 0 11 1.2236000000000002 6.805187871237571 0.179804 0.2
768.5 0 11 1.216825 6.791696696246239 0.179163625 0.2
769.0 0 11 1.2100500000000003 6.778108733736364 0.17852325 0.2
769.5 0 11 1.203275 6.764422938408209 0.177882875 0.2
770.0 0 11 1.1965000000000001 6.750638249855425 0.1772425 0.2
770.5 0 11 1.1897250000000001 6.736753592291147 0.17660212499999997 0.2
771.0 0 11 1.1829500000000002 6.72276787426813 0.17596175000000003 0.2
771.5 0 11 1.1761750000000002 6.7086799883927455 0.175321375 0.2
772.0 0 11 1.1694000000000002 6.6944888110326835 0.174681 0.2
772.5 0 11 1.1626250000000002 6.680193202018209 0.17404062499999998 0.2
773.0 0 11 1.15585 6.665792004336788 0.17340024999999998 0.2
773.5 0 11 1.149075 6.65128404382094 0.172759875 0.2
774.0 0 11 1.1423 6.6366681288291 0.17211949999999998 0.2
774.5 0 11 1.1355250000000001 6.621943049919343 0.17147912499999995 0.2
775.0 0 11 1.1287500000000001 6.607107579515773 0.17083874999999998 0.2
775.5 0 11 1.1219750000000002 6.592160471567371 0.17019837499999999 0.2
776.0 0 11 1.1152000000000002 6.5771004611991195 0.169558 0.2
776.5 0 11 1.108425 6.5619262643551854 0.168917625 0.2
777.0 0 11 1.1016500000000002 6.5466365774339685 0.16827725 0.2
777.5 0 11 1.094875 6.531230076914761 0.167636875 0.2
778.0 0 11 1.0881 6.515705418975847 0.1669965 0.2
778.5 0 11 1.081325 6.500061239103761 0.16635612499999997 0.2
779.0 0 11 1.0745500000000001 6.4842961516934885 0.16571575 0.2
779.5 0 11 1.0677750000000001 6.46840874963937 0.165075375 0.2
780.0 0 11 1.0610000000000002 6.452397603916443 0.164435 0.2
780.5 0 11 1.0542250000000002 6.436261263151952 0.16379462499999997 0.2
781.0 0 11 1.04745 6.419998253186785 0.16315425 0.2
781.5 0 11 1.040675 6.4036070766265345 0.162513875 0.2
782.0 0 11 1.0339 6.387086212381891 0.1618735 0.2
782.5 0 11 1.027125 6.370434115198104 0.16123312499999998 0.2
783.0 0 11 1.02035 6.3536492151731645 0.16059274999999998 0.2
783.5 0 11 1.0135750000000001 6.336729917264437 0.159952375 0.2
784.0 0 11 1.0068000000000001 6.31967460078337 0.15931199999999998 0.2
784.5 0 11 1.0000250000000002 6.302481618877983 0.158671625 0.2
785.0 0 11 0.9932500000000001 6.28514929800277 0.15803124999999998 0.2
785.5 0 11 0.9864750000000001 6.267675937375659 0.15739087499999996 0.2
786.0 0 11 0.9797 6.250059808421664 0.1567505 0.2
786.5 0 11 0.972925 6.232299154202843 0.156110125 0.2
787.0 0 11 0.9661500000000001 6.214392188834163 0.15546975 0.2
787.5 0 11 0.9593750000000001 6.1963370968848785 0.15482937499999996 0.2
788.0 0 11 0.9526000000000001 6.178132032764984 0.154189 0.2
788.5 0 11 0.945825 6.159775120096322 0.153548625 0.2
789.0 0 11 0.93905 6.1412644510678795 0.15290825 0.2
789.5 0 11 0.9322750000000001 6.122598085774824 0.15226787499999997 0.2
790.0 0 11 0.9255000000000001 6.103774051540784 0.1516275 0.2
790.5 0 11 0.918725 6.084790342222888 0.150987125 0.2
791.0 0 11 0.91195 6.065644917499048 0.15034675 0.2
791.5 0 11 0.9051750000000001 6.0463357021369335 0.149706375 0.2
792.0 0 11 0.8984000000000001 6.026860585244122 0.14906599999999998 0.2
792.5 0 11 0.891625 6.007217419498824 0.14842562499999998 0.2
793.0 0 11 0.88485 5.987404020360626 0.14778524999999998 0.2
793.5 0 11 0.878075 5.967418165260599 0.14714487499999998 0.2
794.0 0 11 0.8713000000000001 5.947257592770189 0.14650449999999998 0.2
794.5 0 11 0.864525 5.926920001748203 0.14586412499999998 0.2
795.0 0 11 0.85775 5.906403050465231 0.14522374999999998 0.2
795.5 0 11 0.850975 5.885704355704796 0.14458337500000001 0.2
796.0 0 11 0.8442000000000001 5.864821491840521 0.143943 0.2
796.5 0 11 0.837425 5.84375198988853 0.14330262500000002 0.2
797.0 0 11 0.83065 5.822493336534367 0.14266225 0.2
797.5 0 11 0.823875 5.801042973133542 0.14202187499999996 0.2
798.0 0 11 0.8171 5.779398294684949 0.1413815 0.2
798.5 0 11 0.8103250000000001 5.757556648776257 0.14074112499999997 0.2
799.0 0 11 0.80355 5.7355153345003504 0.14010075000000002 0.2
799.5 0 11 0.796775 5.71327160134196 0.13946037499999997 0.2
800.0 0 11 0.79 5.690822648033425 0.13882 0.2
800.5 0 11 0.7886525000000001 5.680063250056853 0.138845725 0.2
801.0 0 11 0.787305 5.669307838292176 0.13887145 0.2
801.5 0 11 0.7859575000000001 5.6585564105245485 0.138897175 0.2
802.0 0 11 0.78461 5.647808964540764 0.1389229 0.2
802.5 0 11 0.7832625000000001 5.637065498129256 0.138948625 0.2
803.0 0 11 0.781915 5.626326009080093 0.13897435 0.2
803.5 0 11 0.7805675000000001 5.6155904951849855 0.139000075 0.2
804.0 0 11 0.77922 5.604858954237271 0.1390258 0.2
804.5 0 11 0.7778725000000001 5.594131384031926 0.139051525 0.2
805.0 0 11 0.776525 5.583407782365557 0.13907724999999999 0.2
805.5 0 11 0.7751775000000001 5.572688147036396 0.139102975 0.2
806.0 0 11 0.77383 5.561972475844309 0.1391287 0.2
806.5 0 11 0.7724825000000001 5.5512607665907865 0.139154425 0.2
807.0 0 11 0.771135 5.540553017078944 0.13918015 0.2
807.5 0 11 0.7697875000000001 5.529849225113524 0.139205875 0.2
808.0 0 11 0.76844 5.519149388500886 0.1392316 0.2
808.5 0 11 0.7670925000000001 5.508453505049017 0.139257325 0.2
809.0 0 11 0.765745 5.497761572567517 0.13928305 0.2
809.5 0 11 0.7643975000000001 5.487073588867608 0.13930877500000002 0.2
810.0 0 11 0.76305 5.476389551762127 0.1393345 0.2
810.5 0 11 0.7617025000000001 5.465709459065526 0.139360225 0.2
811.0 0 11 0.760355 5.455033308593872 0.13938595 0.2
811.5 0 11 0.7590075000000001 5.444361098164842 0.13941167499999998 0.2
812.0 0 11 0.75766 5.433692825597724 0.1394374 0.2
812.5 0 11 0.7563125 5.423028488713415 0.139463125 0.2
813.0 0 11 0.754965 5.412368085334419 0.13948885 0.2
813.5 0 11 0.7536175 5.401711613284849 0.139514575 0.2
814.0 0 11 0.75227 5.391059070390417 0.1395403 0.2
814.5 0 11 0.7509225 5.380410454478445 0.139566025 0.2
815.0 0 11 0.749575 5.369765763377851 0.13959175 0.2
815.5 0 11 0.7482275 5.359124994919154 0.139617475 0.2
816.0 0 11 0.74688 5.348488146934473 0.1396432 0.2
816.5 0 11 0.7455325 5.337855217257526 0.139668925 0.2
817.0 0 11 0.744185 5.3272262037236215 0.13969465 0.2
817.5 0 11 0.7428375 5.316601104169667 0.13972037500000004 0.2
818.0 0 11 0.74149 5.305979916434161 0.1397461 0.2
818.5 0 11 0.7401425 5.295362638357195 0.139771825 0.2
819.0 0 11 0.738795 5.284749267780444 0.13979755 0.2
819.5 0 11 0.7374475 5.27413980254718 0.139823275 0.2
820.0 0 11 0.7361 5.263534240502255 0.139849 0.2
820.5 0 11 0.7347525 5.252932579492113 0.139874725 0.2
821.0 0 11 0.733405 5.2423348173647755 0.13990045 0.2
821.5 0 11 0.7320575 5.231740951969852 0.13992617499999999 0.2
822.0 0 11 0.73071 5.221150981158527 0.1399519 0.2
822.5 0 11 0.7293625 5.21056490278357 0.139977625 0.2
823.0 0 11 0.728015 5.199982714699327 0.14000335 0.2
823.5 0 11 0.7266675 5.18940441476172 0.140029075 0.2
824.0 0 11 0.72532 5.178830000828246 0.1400548 0.2
824.5 0 11 0.7239725 5.16825947075798 0.140080525 0.2
825.0 0 11 0.7226250000000001 5.157692822411564 0.14010625 0.2
825.5 0 11 0.7212775 5.14713005365121 0.140131975 0.2
826.0 0 11 0.71993 5.136571162340706 0.1401577 0.2
826.5 0 11 0.7185825 5.126016146345404 0.140183425 0.2
827.0 0 11 0.7172350000000001 5.115465003532224 0.14020915 0.2
827.5 0 11 0.7158875 5.104917731769647 0.140234875 0.2
828.0 0 11 0.71454 5.094374328927724 0.14026059999999999 0.2
828.5 0 11 0.7131925 5.083834792878066 0.140286325 0.2
829.0 0 11 0.7118450000000001 5.073299121493842 0.14031205 0.2
829.5 0 11 0.7104975 5.062767312649783 0.140337775 0.2
830.0 0 11 0.7091500000000001 5.052239364222181 0.1403635 0.2
830.5 0 11 0.7078025 5.041715274088877 0.140389225 0.2
831.0 0 11 0.706455 5.031195040129274 0.14041494999999998 0.2
831.5 0 11 0.7051075 5.020678660224326 0.140440675 0.2
832.0 0 11 0.70376 5.010166132256541 0.1404664 0.2
832.5 0 11 0.7024125 4.999657454109973 0.140492125 0.2
833.0 0 11 0.701065 4.989152623670232 0.14051785 0.2
833.5 0 11 0.6997175 4.978651638824471 0.140543575 0.2
834.0 0 11 0.69837 4.968154497461395 0.14056929999999998 0.2
834.5 0 11 0.6970225 4.957661197471248 0.14059502499999998 0.2
835.0 0 11 0.695675 4.947171736745823 0.14062075 0.2
835.5 0 11 0.6943275 4.93668611317845 0.140646475 0.2
836.0 0 11 0.69298 4.926204324664006 0.14067220000000002 0.2
836.5 0 11 0.6916325 4.915726369098905 0.140697925 0.2
837.0 0 11 0.690285 4.9052522443810975 0.14072365 0.2
837.5 0 11 0.6889375 4.894781948410072 0.140749375 0.2
838.0 0 11 0.68759 4.884315479086856 0.1407751 0.2
838.5 0 11 0.6862425 4.873852834314004 0.140800825 0.2
839.0 0 11 0.684895 4.863394011995608 0.14082655 0.2
839.5 0 11 0.6835475 4.852939010037289 0.140852275 0.2
840.0 0 11 0.6822 4.842487826346201 0.140878 0.2
840.5 0 11 0.6808525 4.83204045883102 0.140903725 0.2
841.0 0 11 0.679505 4.821596905401958 0.14092944999999998 0.2
841.5 0 11 0.6781575 4.811157163970745 0.14095517499999996 0.2
842.0 0 11 0.67681 4.800721232450638 0.1409809 0.2
842.5 0 11 0.6754625 4.790289108756415 0.14100662499999997 0.2
843.0 0 11 0.674115 4.7798607908043795 0.14103235 0.2
843.5 0 11 0.6727675 4.769436276512351 0.14105807500000003 0.2
844.0 0 11 0.67142 4.759015563799671 0.1410838 0.2
844.5 0 11 0.6700725 4.748598650587195 0.14110952499999999 0.2
845.0 0 11 0.668725 4.738185534797296 0.14113525 0.2
845.5 0 11 0.6673775 4.72777621435386 0.14116097500000002 0.2
846.0 0 11 0.66603 4.717370687182291 0.1411867 0.2
846.5 0 11 0.6646825000000001 4.706968951209499 0.141212425 0.2
847.0 0 11 0.663335 4.696571004363906 0.14123814999999998 0.2
847.5 0 11 0.6619875 4.686176844575444 0.141263875 0.2
848.0 0 11 0.66064 4.675786469775554 0.1412896 0.2
848.5 0 11 0.6592925000000001 4.665399877897179 0.141315325 0.2
849.0 0 11 0.657945 4.655017066874769 0.14134105 0.2
849.5 0 11 0.6565975 4.644638034644279 0.141366775 0.2
850.0 0 11 0.65525 4.634262779143165 0.14139250000000003 0.2
850.5 0 11 0.6539025 4.623891298310384 0.141418225 0.2
851.0 0 11 0.652555 4.613523590086392 0.14144394999999998 0.2
851.5 0 11 0.6512075 4.603159652413142 0.14146967499999996 0.2
852.0 0 11 0.64986 4.592799483234084 0.1414954 0.2
852.5 0 11 0.6485125 4.5824430804941665 0.141521125 0.2
853.0 0 11 0.647165 4.572090442139828 0.14154685000000003 0.2
853.5 0 11 0.6458175 4.561741566119003 0.141572575 0.2
854.0 0 11 0.64447 4.551396450381113 0.1415983 0.2
854.5 0 11 0.6431225 4.541055092877074 0.14162402500000001 0.2
855.0 0 11 0.641775 4.530717491559287 0.14164974999999996 0.2
855.5 0 11 0.6404275 4.520383644381641 0.14167547499999997 0.2
856.0 0 11 0.63908 4.510053549299512 0.1417012 0.2
856.5 0 11 0.6377325 4.49972720426976 0.14172692500000003 0.2
857.0 0 11 0.636385 4.489404607250728 0.14175265 0.2
857.5 0 11 0.6350375 4.479085756202243 0.14177837499999998 0.2
858.0 0 11 0.63369 4.468770649085605 0.1418041 0.2
858.5 0 11 0.6323425 4.458459283863602 0.141829825 0.2
859.0 0 11 0.630995 4.448151658500496 0.14185554999999997 0.2
859.5 0 11 0.6296475 4.4378477709620245 0.141881275 0.2
860.0 0 11 0.6283 4.427547619215401 0.141907 0.2
860.5 0 11 0.6269525 4.417251201229314 0.141932725 0.2
861.0 0 11 0.625605 4.406958514973924 0.14195844999999999 0.2
861.5 0 11 0.6242575 4.39666955842086 0.141984175 0.2
862.0 0 11 0.62291 4.386384329543222 0.1420099 0.2
862.5 0 11 0.6215625 4.376102826315581 0.14203562500000003 0.2
863.0 0 11 0.620215 4.365825046713972 0.14206135 0.2
863.5 0 11 0.6188675 4.3555509887158985 0.142087075 0.2
864.0 0 11 0.61752 4.345280650300325 0.14211279999999998 0.2
864.5 0 11 0.6161725 4.335014029447682 0.142138525 0.2
865.0 0 11 0.614825 4.324751124139859 0.14216425 0.2
865.5 0 11 0.6134775 4.314491932360211 0.142189975 0.2
866.0 0 11 0.61213 4.304236452093545 0.1422157 0.2
866.5 0 11 0.6107825 4.293984681326132 0.142241425 0.2
867.0 0 11 0.609435 4.2837366180456975 0.14226715 0.2
867.5 0 11 0.6080875 4.273492260241421 0.14229287499999999 0.2
868.0 0 11 0.60674 4.263251605903936 0.1423186 0.2
868.5 0 11 0.6053925 4.253014653025332 0.142344325 0.2
869.0 0 11 0.6040449999999999 4.242781399599143 0.14237005 0.2
869.5 0 11 0.6026975 4.23255184362036 0.142395775 0.2
870.0 0 11 0.6013499999999999 4.222325983085418 0.14242150000000003 0.2
870.5 0 11 0.6000025 4.2121038159922035 0.142447225 0.2
871.0 0 11 0.5986549999999999 4.201885340340043 0.14247295000000001 0.2
871.5 0 11 0.5973075 4.191670554129714 0.142498675 0.2
872.0 0 11 0.5959599999999999 4.1814594553634326 0.14252439999999997 0.2
872.5 0 11 0.5946125 4.17125204204486 0.14255012499999997 0.2
873.0 0 11 0.5932649999999999 4.161048312179096 0.14257584999999998 0.2
873.5 0 11 0.5919175 4.150848263772683 0.142601575 0.2
874.0 0 11 0.59057 4.140651894833598 0.14262729999999998 0.2
874.5 0 11 0.5892225 4.130459203371257 0.142653025 0.2
875.0 0 11 0.5878749999999999 4.120270187396511 0.14267875 0.2
875.5 0 11 0.5865275 4.110084844921647 0.14270447499999997 0.2
876.0 0 11 0.58518 4.0999031739603815 0.1427302 0.2
876.5 0 11 0.5838325 4.089725172527865 0.14275592499999998 0.2
877.0 0 11 0.5824849999999999 4.079550838640679 0.14278165 0.2
877.5 0 11 0.5811375 4.069380170316834 0.142807375 0.2
878.0 0 11 0.57979 4.059213165575767 0.1428331 0.2
878.5 0 11 0.5784425 4.049049822438341 0.142858825 0.2
879.0 0 11 0.577095 4.038890138926847 0.14288455 0.2
879.5 0 11 0.5757475 4.028734113064998 0.142910275 0.2
880.0 0 11 0.5744 4.018581742877931 0.14293600000000004 0.2
880.5 0 11 0.5730525 4.008433026392204 0.14296172499999998 0.2
881.0 0 11 0.571705 3.9982879616357945 0.14298744999999996 0.2
881.5 0 11 0.5703575 3.9881465466380983 0.143013175 0.2
882.0 0 11 0.56901 3.9780087794299317 0.1430389 0.2
882.5 0 11 0.5676625 3.967874658043524 0.143064625 0.2
883.0 0 11 0.566315 3.957744180512522 0.14309035 0.2
883.5 0 11 0.5649675 3.9476173448719853 0.143116075 0.2
884.0 0 11 0.56362 3.9374941491583875 0.14314179999999996 0.2
884.5 0 11 0.5622725 3.927374591409609 0.143167525 0.2
885.0 0 11 0.560925 3.917258669664946 0.14319325 0.2
885.5 0 11 0.5595775 3.907146381965099 0.143218975 0.2
886.0 0 11 0.55823 3.897037726352179 0.1432447 0.2
886.5 0 11 0.5568825 3.8869327008697008 0.143270425 0.2
887.0 0 11 0.555535 3.8768313035625876 0.14329614999999998 0.2
887.5 0 11 0.5541874999999999 3.86673353247716 0.143321875 0.2
888.0 0 11 0.55284 3.8566393856611483 0.1433476 0.2
888.5 0 11 0.5514924999999999 3.8465488611636784 0.143373325 0.2
889.0 0 11 0.550145 3.8364619570352803 0.14339905 0.2
889.5 0 11 0.5487974999999999 3.8263786713278787 0.143424775 0.2
890.0 0 11 0.54745 3.816299002094799 0.14345050000000004 0.2
890.5 0 11 0.5461024999999999 3.806222947390761 0.14347622499999999 0.2
891.0 0 11 0.544755 3.79615050527188 0.14350194999999996 0.2
891.5 0 11 0.5434074999999999 3.786081673795663 0.143527675 0.2
892.0 0 11 0.54206 3.7760164510210137 0.1435534 0.2
892.5 0 11 0.5407124999999999 3.7659548350082224 0.143579125 0.2
893.0 0 11 0.539365 3.7558968238189725 0.14360485 0.2
893.5 0 11 0.5380174999999999 3.745842415516334 0.14363057499999998 0.2
894.0 0 11 0.53667 3.7357916081647655 0.1436563 0.2
894.5 0 11 0.5353224999999999 3.7257443998301105 0.143682025 0.2
895.0 0 11 0.533975 3.7157007885796 0.14370775 0.2
895.5 0 11 0.5326274999999999 3.7056607724818447 0.143733475 0.2
896.0 0 11 0.53128 3.695624349606842 0.1437592 0.2
896.5 0 11 0.5299324999999999 3.6855915180259675 0.143784925 0.2
897.0 0 11 0.528585 3.6755622758119793 0.14381065 0.2
897.5 0 11 0.5272375 3.665536621039011 0.143836375 0.2
898.0 0 11 0.52589 3.655514551782575 0.1438621 0.2
898.5 0 11 0.5245424999999999 3.645496066119562 0.14388782499999997 0.2
899.0 0 11 0.523195 3.6354811621282357 0.14391355 0.2
899.5 0 11 0.5218475 3.6254698378882346 0.143939275 0.2
900.0 0 11 0.5205 3.6154620914805675 0.143965 0.2
900.5 0 11 0.5191525 3.6054579209876194 0.143990725 0.2
901.0 0 11 0.517805 3.5954573244931396 0.14401644999999996 0.2
901.5 0 11 0.5164575 3.5854603000822505 0.144042175 0.2
902.0 0 11 0.51511 3.5754668458414396 0.1440679 0.2
902.5 0 11 0.5137625 3.565476959858564 0.144093625 0.2
903.0 0 11 0.512415 3.5554906402228426 0.14411935 0.2
903.5 0 11 0.5110675 3.5455078850248616 0.14414507499999998 0.2
904.0 0 11 0.50972 3.535528692356566 0.1441708 0.2
904.5 0 11 0.5083725 3.5255530603112666 0.144196525 0.2
905.0 0 11 0.507025 3.5155809869836308 0.14422225 0.2
905.5 0 11 0.5056775 3.5056124704696896 0.144247975 0.2
906.0 0 11 0.50433 3.495647508866827 0.1442737 0.2
906.5 0 11 0.5029825 3.4856861002737882 0.144299425 0.2
907.0 0 11 0.5016349999999999 3.475728242790671 0.14432514999999999 0.2
907.5 0 11 0.5002875 3.4657739345189285 0.144350875 0.2
908.0 0 11 0.49893999999999994 3.4558231735613663 0.1443766 0.2
908.5 0 11 0.4975925 3.445875958022144 0.144402325 0.2
909.0 0 11 0.496245 3.435932286006769 0.14442805 0.2
909.5 0 11 0.4948975 3.425992155622101 0.144453775 0.2
910.0 0 11 0.49355 3.4160555649763467 0.14447949999999996 0.2
910.5 0 11 0.4922025 3.406122512179058 0.144505225 0.2
911.0 0 11 0.490855 3.3961929953411363 0.14453095000000002 0.2
911.5 0 11 0.4895075 3.3862670125748258 0.144556675 0.2
912.0 0 11 0.48816 3.3763445619937142 0.1445824 0.2
912.5 0 11 0.4868125 3.366425641712732 0.14460812500000003 0.2
913.0 0 11 0.485465 3.3565102498481507 0.14463385 0.2
913.5 0 11 0.4841175 3.3465983845175824 0.14465957499999998 0.2
914.0 0 11 0.48277 3.3366900438399756 0.1446853 0.2
914.5 0 11 0.4814225 3.3267852259356188 0.144711025 0.2
915.0 0 11 0.480075 3.3168839289261363 0.14473675 0.2
915.5 0 11 0.4787275 3.3069861509344873 0.14476247500000003 0.2
916.0 0 11 0.47737999999999997 3.2970918900849653 0.1447882 0.2
916.5 0 11 0.47603249999999997 3.287201144503196 0.144813925 0.2
917.0 0 11 0.47468499999999997 3.2773139123161372 0.14483965 0.2
917.5 0 11 0.47333749999999997 3.267430191652077 0.144865375 0.2
918.0 0 11 0.47198999999999997 3.2575499806406327 0.1448911 0.2
918.5 0 11 0.47064249999999996 3.2476732774127504 0.14491682499999997 0.2
919.0 0 11 0.46929499999999996 3.2378000801007016 0.14494255 0.2
919.5 0 11 0.46794749999999996 3.2279303868380853 0.144968275 0.2
920.0 0 11 0.46659999999999996 3.218064195759825 0.14499399999999998 0.2
920.5 0 11 0.46525249999999996 3.2082015050021644 0.145019725 0.2
921.0 0 11 0.46390499999999996 3.1983423127026733 0.14504545 0.2
921.5 0 11 0.46255749999999995 3.1884866170002413 0.14507117499999997 0.2
922.0 0 11 0.46120999999999995 3.178634416035077 0.14509690000000003 0.2
922.5 0 11 0.45986249999999995 3.1687857079487083 0.14512262500000003 0.2
923.0 0 11 0.458515 3.158940490883982 0.14514834999999998 0.2
923.5 0 11 0.45716749999999995 3.1490987629850578 0.14517407499999999 0.2
924.0 0 11 0.45582 3.139260522397414 0.1451998 0.2
924.5 0 11 0.45447249999999995 3.1294257672678407 0.145225525 0.2
925.0 0 11 0.453125 3.119594495744443 0.14525124999999997 0.2
925.5 0 11 0.45177749999999994 3.109766705976635 0.145276975 0.2
926.0 0 11 0.45043 3.099942396115144 0.1453027 0.2
926.5 0 11 0.4490825 3.090121564312006 0.14532842499999998 0.2
927.0 0 11 0.447735 3.080304208720563 0.14535415 0.2
927.5 0 11 0.4463875 3.0704903274954667 0.145379875 0.2
928.0 0 11 0.44504 3.060679918792674 0.1454056 0.2
928.5 0 11 0.4436925 3.0508729807694457 0.145431325 0.2
929.0 0 11 0.442345 3.041069511584347 0.14545705 0.2
929.5 0 11 0.4409975 3.031269509397246 0.145482775 0.2
930.0 0 11 0.43965 3.021472972369312 0.14550849999999999 0.2
930.5 0 11 0.4383025 3.011679898663012 0.145534225 0.2
931.0 0 11 0.436955 3.0018902864421153 0.14555995000000002 0.2
931.5 0 11 0.4356075 2.9921041338716874 0.145585675 0.2
932.0 0 11 0.43426 2.982321439118091 0.1456114 0.2
932.5 0 11 0.4329125 2.9725422003489834 0.145637125 0.2
933.0 0 11 0.431565 2.9627664157333187 0.14566284999999998 0.2
933.5 0 11 0.4302175 2.952994083441341 0.14568857499999996 0.2
934.0 0 11 0.42887 2.943225201644588 0.1457143 0.2
934.5 0 11 0.42752249999999997 2.9334597685158896 0.14574002500000002 0.2
935.0 0 11 0.42617499999999997 2.9236977822293646 0.14576574999999997 0.2
935.5 0 11 0.42482749999999997 2.9139392409604192 0.145791475 0.2
936.0 0 11 0.42347999999999997 2.9041841428857498 0.1458172 0.2
936.5 0 11 0.42213249999999997 2.8944324861833373 0.14584292499999998 0.2
937.0 0 11 0.42078499999999996 2.884684269032448 0.14586865 0.2
937.5 0 11 0.41943749999999996 2.874939489613633 0.145894375 0.2
938.0 0 11 0.41808999999999996 2.8651981461087264 0.1459201 0.2
938.5 0 11 0.4167425 2.8554602367008446 0.145945825 0.2
939.0 0 11 0.41539499999999996 2.8457257595743823 0.14597155 0.2
939.5 0 11 0.4140475 2.835994712915019 0.14599727499999998 0.2
940.0 0 11 0.41269999999999996 2.826267094909706 0.146023 0.2
940.5 0 11 0.4113525 2.816542903746678 0.146048725 0.2
941.0 0 11 0.41000499999999995 2.8068221376154416 0.14607445 0.2
941.5 0 11 0.4086575 2.7971047947067826 0.146100175 0.2
942.0 0 11 0.40730999999999995 2.7873908732127566 0.1461259 0.2
942.5 0 11 0.4059625 2.7776803713266958 0.146151625 0.2
943.0 0 11 0.404615 2.7679732872432017 0.14617734999999998 0.2
943.5 0 11 0.4032675 2.7582696191581473 0.146203075 0.2
944.0 0 11 0.40192 2.748569365268675 0.1462288 0.2
944.5 0 11 0.4005725 2.738872523773196 0.146254525 0.2
945.0 0 11 0.399225 2.729179092871389 0.14628025 0.2
945.5 0 11 0.3978775 2.719489070764198 0.14630597500000003 0.2
946.0 0 11 0.39653 2.709802455653833 0.14633169999999998 0.2
946.5 0 11 0.3951825 2.7001192457437675 0.14635742499999999 0.2
947.0 0 11 0.393835 2.690439439238738 0.14638315 0.2
947.5 0 11 0.3924875 2.680763034344742 0.146408875 0.2
948.0 0 11 0.39114 2.6710900292690387 0.1464346 0.2
948.5 0 11 0.3897925 2.6614204222201474 0.146460325 0.2
949.0 0 11 0.388445 2.6517542114078436 0.14648605 0.2
949.5 0 11 0.3870975 2.6420913950431633 0.14651177499999996 0.2
950.0 0 11 0.38575 2.6324319713383946 0.1465375 0.2
950.5 0 11 0.3844025 2.622775938507085 0.14656322499999996 0.2
951.0 0 11 0.383055 2.613123294764032 0.14658895000000002 0.2
951.5 0 11 0.3817075 2.6034740383252903 0.146614675 0.2
952.0 0 11 0.38036 2.5938281674081627 0.1466404 0.2
952.5 0 11 0.3790125 2.5841856802312058 0.14666612499999998 0.2
953.0 0 11 0.377665 2.5745465750142222 0.14669184999999998 0.2
953.5 0 11 0.37631749999999997 2.5649108499782662 0.146717575 0.2
954.0 0 11 0.37496999999999997 2.555278503345638 0.14674330000000002 0.2
954.5 0 11 0.37362249999999997 2.545649533339885 0.146769025 0.2
955.0 0 11 0.37227499999999997 2.5360239381858 0.14679475000000003 0.2
955.5 0 11 0.37092749999999997 2.5264017161094183 0.146820475 0.2
956.0 0 11 0.36957999999999996 2.5167828653380204 0.14684619999999998 0.2
956.5 0 11 0.36823249999999996 2.5071673841001267 0.146871925 0.2
957.0 0 11 0.36688499999999996 2.4975552706255 0.14689765 0.2
957.5 0 11 0.36553749999999996 2.4879465231451428 0.146923375 0.2
958.0 0 11 0.36419 2.478341139891296 0.1469491 0.2
958.5 0 11 0.36284249999999996 2.468739119097437 0.146974825 0.2
959.0 0 11 0.361495 2.4591404589982826 0.14700055 0.2
959.5 0 11 0.3601475 2.4495451578297827 0.14702627499999998 0.2
960.0 0 11 0.3588 2.439953213829122 0.14705199999999996 0.2
960.5 0 11 0.3574525 2.4303646252347186 0.147077725 0.2
961.0 0 11 0.356105 2.420779390286224 0.14710345 0.2
961.5 0 11 0.3547575 2.411197507224519 0.147129175 0.2
962.0 0 11 0.35341 2.401618974291716 0.1471549 0.2
962.5 0 11 0.3520625 2.3920437897311553 0.14718062499999998 0.2
963.0 0 11 0.350715 2.382471951787406 0.14720634999999999 0.2
963.5 0 11 0.3493675 2.3729034587062636 0.147232075 0.2
964.0 0 11 0.34802 2.3633383087347495 0.1472578 0.2
964.5 0 11 0.3466725 2.3537765001211097 0.147283525 0.2
965.0 0 11 0.345325 2.3442180311148144 0.14730925 0.2
965.5 0 11 0.3439775 2.3346628999665557 0.147334975 0.2
966.0 0 11 0.34263 2.3251111049282476 0.14736069999999998 0.2
966.5 0 11 0.3412825 2.315562644253024 0.147386425 0.2
967.0 0 11 0.339935 2.306017516195239 0.14741214999999996 0.2
967.5 0 11 0.3385875 2.2964757190104645 0.147437875 0.2
968.0 0 11 0.33724 2.2869372509554897 0.14746360000000003 0.2
968.5 0 11 0.3358925 2.2774021102883206 0.147489325 0.2
969.0 0 11 0.334545 2.2678702952681777 0.14751505 0.2
969.5 0 11 0.3331975 2.2583418041554952 0.147540775 0.2
970.0 0 11 0.33185 2.2488166352119214 0.1475665 0.2
970.5 0 11 0.3305025 2.2392947867003157 0.147592225 0.2
971.0 0 11 0.329155 2.229776256884749 0.14761795 0.2
971.5 0 11 0.3278075 2.220261044030501 0.14764367500000003 0.2
972.0 0 11 0.32646 2.2107491464040616 0.14766940000000003 0.2
972.5 0 11 0.32511249999999997 2.2012405622731284 0.14769512499999998 0.2
973.0 0 11 0.32376499999999997 2.191735289906604 0.14772085 0.2
973.5 0 11 0.3224175 2.182233327574599 0.14774657499999996 0.2
974.0 0 11 0.32106999999999997 2.172734673548425 0.1477723 0.2
974.5 0 11 0.3197225 2.1632393261006024 0.14779802500000003 0.2
975.0 0 11 0.31837499999999996 2.153747283504849 0.14782375000000003 0.2
975.5 0 11 0.3170275 2.144258544036088 0.14784947500000004 0.2
976.0 0 11 0.31567999999999996 2.13477310597044 0.14787519999999998 0.2
976.5 0 11 0.3143325 2.1252909675852267 0.147900925 0.2
977.0 0 11 0.312985 2.115812127158967 0.14792665000000002 0.2
977.5 0 11 0.3116375 2.1063365829713785 0.147952375 0.2
978.0 0 11 0.31029 2.096864333303374 0.14797810000000003 0.2
978.5 0 11 0.3089425 2.087395376437062 0.14800382499999998 0.2
979.0 0 11 0.307595 2.077929710655744 0.14802955 0.2
979.5 0 11 0.3062475 2.068467334243917 0.148055275 0.2
980.0 0 11 0.3049 2.0590082454872674 0.148081 0.2
980.5 0 11 0.3035525 2.0495524426726743 0.148106725 0.2
981.0 0 11 0.302205 2.040099924088206 0.14813245000000003 0.2
981.5 0 11 0.3008575 2.030650688023121 0.148158175 0.2
982.0 0 11 0.29951 2.021204732767865 0.14818389999999998 0.2
982.5 0 11 0.2981625 2.0117620566140695 0.14820962499999998 0.2
983.0 0 11 0.296815 2.002322657854554 0.14823535 0.2
983.5 0 11 0.2954675 1.9928865347833207 0.148261075 0.2
984.0 0 11 0.29412 1.9834536856955576 0.1482868 0.2
984.5 0 11 0.2927725 1.9740241088876342 0.14831252500000003 0.2
985.0 0 11 0.291425 1.9645978026571027 0.14833825 0.2
985.5 0 11 0.2900775 1.9551747653026958 0.14836397499999995 0.2
986.0 0 11 0.28873 1.9457549951243247 0.14838969999999999 0.2
986.5 0 11 0.2873825 1.9363384904230811 0.148415425 0.2
987.0 0 11 0.286035 1.9269252495012332 0.14844115 0.2
987.5 0 11 0.2846875 1.9175152706622267 0.148466875 0.2
988.0 0 11 0.28334000000000004 1.9081085522106829 0.1484926 0.2
988.5 0 11 0.2819925 1.8987050924523958 0.148518325 0.2
989.0 0 11 0.28064500000000003 1.889304889694337 0.14854404999999996 0.2
989.5 0 11 0.2792975 1.8799079422446456 0.148569775 0.2
990.0 0 11 0.27795000000000003 1.8705142484126374 0.1485955 0.2
990.5 0 11 0.2766025 1.8611238065087943 0.148621225 0.2
991.0 0 11 0.275255 1.8517366148447716 0.14864695 0.2
991.5 0 11 0.27390749999999997 1.8423526717333898 0.148672675 0.2
992.0 0 11 0.27256 1.8329719754886404 0.14869839999999998 0.2
992.5 0 11 0.2712125 1.8235945244256777 0.14872412499999998 0.2
993.0 0 11 0.269865 1.814220316860824 0.14874985 0.2
993.5 0 11 0.2685175 1.8048493511115653 0.148775575 0.2
994.0 0 11 0.26717 1.7954816254965515 0.14880130000000003 0.2
994.5 0 11 0.2658225 1.7861171383355947 0.148827025 0.2
995.0 0 11 0.264475 1.7767558879496683 0.14885275 0.2
995.5 0 11 0.2631275 1.7673978726609072 0.14887847499999998 0.2
996.0 0 11 0.26178 1.758043090792604 0.1489042 0.2
996.5 0 11 0.2604325 1.748691540669211 0.14892992499999996 0.2
997.0 0 11 0.259085 1.739343220616338 0.14895565 0.2
997.5 0 11 0.2577375 1.7299981289607511 0.148981375 0.2
998.0 0 11 0.25639 1.7206562640303718 0.1490071 0.2
998.5 0 11 0.2550425 1.7113176241542762 0.14903282499999998 0.2
999.0 0 11 0.253695 1.7019822076626938 0.14905854999999998 0.2
999.5 0 11 0.2523475 1.6926500128870066 0.14908427499999996 0.2
1000.0 0 11 0.251 1.6833210381597479 0.14911 0.2
1000.5 0 11 0.250605 1.6825953885317904 0.14893955 0.2
1001.0 0 11 0.25021 1.6818680760991362 0.1487691 0.2
1001.5 0 11 0.249815 1.681139095139828 0.14859865 0.2
1002.0 0 11 0.24942 1.6804084399056247 0.14842819999999995 0.2
1002.5 0 11 0.249025 1.6796761046218496 0.14825775 0.2
1003.0 0 11 0.24863 1.6789420834872402 0.1480873 0.2
1003.5 0 11 0.248235 1.6782063706737942 0.14791685 0.2
1004.0 0 11 0.24784 1.6774689603266137 0.1477464 0.2
1004.5 0 11 0.247445 1.6767298465637526 0.14757594999999998 0.2
1005.0 0 11 0.24705 1.6759890234760575 0.1474055 0.2
1005.5 0 11 0.246655 1.675246485127013 0.14723505 0.2
1006.0 0 11 0.24626 1.6745022255525805 0.1470646 0.2
1006.5 0 11 0.245865 1.6737562387610398 0.14689415 0.2
1007.0 0 11 0.24547 1.6730085187328292 0.14672369999999998 0.2
1007.5 0 11 0.245075 1.6722590594203812 0.14655325 0.2
1008.0 0 11 0.24468 1.6715078547479625 0.14638279999999998 0.2
1008.5 0 11 0.244285 1.670754898611506 0.14621235 0.2
1009.0 0 11 0.24389 1.6700001848784491 0.14604190000000003 0.2
1009.5 0 11 0.243495 1.6692437073875663 0.14587144999999999 0.2
1010.0 0 11 0.2431 1.6684854599487993 0.14570100000000002 0.2
1010.5 0 11 0.242705 1.6677254363430911 0.14553054999999998 0.2
1011.0 0 11 0.24231 1.6669636303222137 0.1453601 0.2
1011.5 0 11 0.241915 1.6662000356085986 0.14518965 0.2
1012.0 0 11 0.24152 1.6654346458951645 0.1450192 0.2
1012.5 0 11 0.241125 1.6646674548451403 0.14484875 0.2
1013.0 0 11 0.24073 1.663898456091895 0.1446783 0.2
1013.5 0 11 0.240335 1.6631276432387583 0.14450785 0.2
1014.0 0 11 0.23994 1.6623550098588444 0.1443374 0.2
1014.5 0 11 0.239545 1.661580549494874 0.14416695 0.2
1015.0 0 11 0.23915 1.6608042556589917 0.1439965 0.2
1015.5 0 11 0.238755 1.660026121832589 0.14382604999999998 0.2
1016.0 0 11 0.23836 1.6592461414661175 0.1436556 0.2
1016.5 0 11 0.237965 1.6584643079789094 0.14348515 0.2
1017.0 0 11 0.23757 1.6576806147589886 0.1433147 0.2
1017.5 0 11 0.237175 1.6568950551628863 0.14314425 0.2
1018.0 0 11 0.23678 1.656107622515454 0.14297379999999996 0.2
1018.5 0 11 0.236385 1.655318310109672 0.14280335 0.2
1019.0 0 11 0.23599 1.6545271112064608 0.1426329 0.2
1019.5 0 11 0.235595 1.6537340190344896 0.14246245 0.2
1020.0 0 11 0.2352 1.652939026789981 0.142292 0.2
1020.5 0 11 0.23480499999999999 1.6521421276365196 0.14212154999999999 0.2
1021.0 0 11 0.23441 1.6513433147048526 0.1419511 0.2
1021.5 0 11 0.234015 1.6505425810926948 0.14178065 0.2
1022.0 0 11 0.23362 1.6497399198645295 0.1416102 0.2
1022.5 0 11 0.233225 1.6489353240514069 0.14143975 0.2
1023.0 0 11 0.23283 1.6481287866507446 0.1412693 0.2
1023.5 0 11 0.232435 1.6473203006261214 0.14109884999999997 0.2
1024.0 0 11 0.23204 1.6465098589070764 0.14092839999999998 0.2
1024.5 0 11 0.231645 1.6456974543888996 0.14075795 0.2
1025.0 0 11 0.23125 1.6448830799324266 0.14058749999999998 0.2
1025.5 0 11 0.230855 1.6440667283638277 0.14041705 0.2
1026.0 0 11 0.23046 1.6432483924743986 0.14024660000000003 0.2
1026.5 0 11 0.230065 1.642428065020348 0.14007614999999998 0.2
1027.0 0 11 0.22966999999999999 1.6416057387225824 0.1399057 0.2
1027.5 0 11 0.229275 1.6407814062664932 0.13973525 0.2
1028.0 0 11 0.22888 1.639955060301738 0.1395648 0.2
1028.5 0 11 0.228485 1.6391266934420226 0.13939435 0.2
1029.0 0 11 0.22809 1.6382962982648814 0.13922389999999998 0.2
1029.5 0 11 0.227695 1.6374638673114548 0.13905345 0.2
1030.0 0 11 0.2273 1.6366293930862668 0.138883 0.2
1030.5 0 11 0.226905 1.635792868057 0.13871255 0.2
1031.0 0 11 0.22651 1.6349542846542675 0.1385421 0.2
1031.5 0 11 0.226115 1.6341136352713872 0.13837164999999998 0.2
1032.0 0 11 0.22572 1.6332709122641482 0.1382012 0.2
1032.5 0 11 0.225325 1.6324261079505837 0.13803074999999998 0.2
1033.0 0 11 0.22493 1.6315792146107329 0.13786029999999996 0.2
1033.5 0 11 0.22453499999999998 1.630730224486409 0.13768985 0.2
1034.0 0 11 0.22414 1.629879129780962 0.13751939999999999 0.2
1034.5 0 11 0.223745 1.6290259226590376 0.13734895 0.2
1035.0 0 11 0.22335 1.62817059524634 0.13717849999999995 0.2
1035.5 0 11 0.222955 1.6273131396293867 0.13700805 0.2
1036.0 0 11 0.22256 1.626453547855268 0.1368376 0.2
1036.5 0 11 0.222165 1.625591811931397 0.13666714999999996 0.2
1037.0 0 11 0.22177 1.6247279238252645 0.13649670000000003 0.2
1037.5 0 11 0.221375 1.6238618754641898 0.13632624999999998 0.2
1038.0 0 11 0.22098 1.6229936587350668 0.13615580000000002 0.2
1038.5 0 11 0.220585 1.6221232654841127 0.13598535 0.2
1039.0 0 11 0.22019 1.6212506875166128 0.1358149 0.2
1039.5 0 11 0.219795 1.6203759165966614 0.13564445 0.2
1040.0 0 11 0.21939999999999998 1.619498944446905 0.13547399999999998 0.2
1040.5 0 11 0.219005 1.61861976274828 0.13530355 0.2
1041.0 0 11 0.21861 1.6177383631397488 0.1351331 0.2
1041.5 0 11 0.218215 1.6168547372180377 0.13496265 0.2
1042.0 0 11 0.21781999999999999 1.6159688765373663 0.1347922 0.2
1042.5 0 11 0.21742499999999998 1.615080772609181 0.13462174999999998 0.2
1043.0 0 11 0.21703 1.614190416901882 0.1344513 0.2
1043.5 0 11 0.216635 1.6132978008405516 0.13428085 0.2
1044.0 0 11 0.21624 1.6124029158066786 0.1341104 0.2
1044.5 0 11 0.215845 1.61150575313788 0.13393995000000003 0.2
1045.0 0 11 0.21545 1.6106063041276226 0.13376949999999999 0.2
1045.5 0 11 0.215055 1.6097045600249402 0.13359905 0.2
1046.0 0 11 0.21466 1.6088005120341515 0.1334286 0.2
1046.5 0 11 0.21426499999999998 1.6078941513145726 0.13325815 0.2
1047.0 0 11 0.21387 1.6069854689802288 0.1330877 0.2
1047.5 0 11 0.213475 1.606074456099566 0.13291725 0.2
1048.0 0 11 0.21308 1.605161103695155 0.1327468 0.2
1048.5 0 11 0.21268499999999999 1.6042454027434 0.13257635 0.2
1049.0 0 11 0.21228999999999998 1.60332734417424 0.1324059 0.2
1049.5 0 11 0.211895 1.6024069188708474 0.13223545 0.2
1050.0 0 11 0.2115 1.6014841176693295 0.132065 0.2
1050.5 0 11 0.211105 1.6005589313584223 0.13189455 0.2
1051.0 0 11 0.21070999999999998 1.5996313506791844 0.1317241 0.2
1051.5 0 11 0.210315 1.5987013663246896 0.13155365 0.2
1052.0 0 11 0.20992 1.597768968939712 0.1313832 0.2
1052.5 0 11 0.209525 1.596834149120417 0.13121275 0.2
1053.0 0 11 0.20912999999999998 1.595896897414041 0.1310423 0.2
1053.5 0 11 0.208735 1.594957204318576 0.13087184999999998 0.2
1054.0 0 11 0.20834 1.5940150602824454 0.1307014 0.2
1054.5 0 11 0.207945 1.5930704557041835 0.13053095 0.2
1055.0 0 11 0.20754999999999998 1.5921233809321076 0.1303605 0.2
1055.5 0 11 0.207155 1.5911738262639887 0.13019005 0.2
1056.0 0 11 0.20676 1.5902217819467221 0.13001959999999996 0.2
1056.5 0 11 0.206365 1.5892672381759911 0.12984915 0.2
1057.0 0 11 0.20597 1.5883101850959331 0.1296787 0.2
1057.5 0 11 0.20557499999999998 1.5873506127987984 0.12950825 0.2
1058.0 0 11 0.20518 1.5863885113246088 0.1293378 0.2
1058.5 0 11 0.204785 1.5854238706608135 0.12916735 0.2
1059.0 0 11 0.20439 1.5844566807419402 0.1289969 0.2
1059.5 0 11 0.20399499999999998 1.5834869314492483 0.12882644999999995 0.2
1060.0 0 11 0.2036 1.582514612610372 0.128656 0.2
1060.5 0 11 0.203205 1.581539713998967 0.12848555 0.2
1061.0 0 11 0.20281 1.5805622253343528 0.1283151 0.2
1061.5 0 11 0.20241499999999998 1.5795821362811477 0.12814465 0.2
1062.0 0 11 0.20201999999999998 1.5785994364489093 0.12797419999999998 0.2
1062.5 0 11 0.201625 1.5776141153917629 0.12780375 0.2
1063.0 0 11 0.20123 1.576626162608034 0.1276333 0.2
1063.5 0 11 0.20083499999999999 1.5756355675398754 0.12746285 0.2
1064.0 0 11 0.20043999999999998 1.5746423195728887 0.1272924 0.2
1064.5 0 11 0.200045 1.5736464080357486 0.12712194999999998 0.2
1065.0 0 11 0.19965 1.5726478221998166 0.1269515 0.2
1065.5 0 11 0.199255 1.5716465512787596 0.12678105 0.2
1066.0 0 11 0.19885999999999998 1.57064258442816 0.1266106 0.2
1066.5 0 11 0.198465 1.5696359107451232 0.12644015 0.2
1067.0 0 11 0.19807 1.5686265192678848 0.12626969999999998 0.2
1067.5 0 11 0.197675 1.56761439897541 0.12609925000000002 0.2
1068.0 0 11 0.19727999999999998 1.5665995387869969 0.1259288 0.2
1068.5 0 11 0.19688499999999998 1.5655819275618676 0.12575835 0.2
1069.0 0 11 0.19649 1.5645615540987627 0.1255879 0.2
1069.5 0 11 0.196095 1.5635384071355303 0.12541744999999999 0.2
1070.0 0 11 0.19569999999999999 1.562512475348711 0.125247 0.2
1070.5 0 11 0.195305 1.561483747353121 0.12507655 0.2
1071.0 0 11 0.19491 1.5604522117014301 0.12490609999999999 0.2
1071.5 0 11 0.194515 1.5594178568837376 0.12473565 0.2
1072.0 0 11 0.19412 1.5583806713271442 0.1245652 0.2
1072.5 0 11 0.19372499999999998 1.55734064339532 0.12439475 0.2
1073.0 0 11 0.19333 1.55629776138807 0.12422429999999998 0.2
1073.5 0 11 0.192935 1.5552520135408938 0.12405385 0.2
1074.0 0 11 0.19254 1.5542033880245456 0.1238834 0.2
1074.5 0 11 0.19214499999999998 1.5531518729445866 0.12371295 0.2
1075.0 0 11 0.19174999999999998 1.552097456340935 0.12354250000000001 0.2
1075.5 0 11 0.191355 1.5510401261874145 0.12337205 0.2
1076.0 0 11 0.19096 1.5499798703912937 0.1232016 0.2
1076.5 0 11 0.19056499999999998 1.5489166767928282 0.12303115000000002 0.2
1077.0 0 11 0.19017 1.5478505331647958 0.12286069999999999 0.2
1077.5 0 11 0.189775 1.5467814272120237 0.12269025 0.2
1078.0 0 11 0.18938 1.5457093465709215 0.1225198 0.2
1078.5 0 11 0.188985 1.5446342788090006 0.12234935 0.2
1079.0 0 11 0.18858999999999998 1.5435562114243948 0.1221789 0.2
1079.5 0 11 0.188195 1.5424751318453764 0.12200844999999999 0.2
1080.0 0 11 0.1878 1.541391027429866 0.121838 0.2
1080.5 0 11 0.187405 1.5403038854649411 0.12166754999999999 0.2
1081.0 0 11 0.18700999999999998 1.539213693166339 0.12149709999999998 0.2
1081.5 0 11 0.18661499999999998 1.5381204376779545 0.12132665 0.2
1082.0 0 11 0.18622 1.537024106071336 0.12115619999999999 0.2
1082.5 0 11 0.185825 1.535924685345175 0.12098574999999999 0.2
1083.0 0 11 0.18542999999999998 1.5348221624247922 0.12081529999999999 0.2
1083.5 0 11 0.185035 1.53371652416162 0.12064484999999998 0.2
1084.0 0 11 0.18464 1.5326077573326782 0.1204744 0.2
1084.5 0 11 0.184245 1.5314958486400487 0.12030394999999999 0.2
1085.0 0 11 0.18384999999999999 1.530380784710343 0.1201335 0.2
1085.5 0 11 0.18345499999999998 1.5292625520941654 0.11996305 0.2
1086.0 0 11 0.18306 1.528141137265574 0.11979260000000001 0.2
1086.5 0 11 0.182665 1.527016526621533 0.11962214999999998 0.2
1087.0 0 11 0.18227 1.5258887064813644 0.1194517 0.2
1087.5 0 11 0.18187499999999998 1.5247576630861932 0.11928125 0.2
1088.0 0 11 0.18147999999999997 1.5236233825983871 0.1191108 0.2
1088.5 0 11 0.181085 1.522485851100993 0.11894034999999999 0.2
1089.0 0 11 0.18069 1.5213450545971663 0.11876990000000001 0.2
1089.5 0 11 0.18029499999999998 1.520200979009599 0.11859945000000001 0.2
1090.0 0 11 0.1799 1.519053610179939 0.118429 0.2
1090.5 0 11 0.179505 1.5179029338682066 0.11825855 0.2
1091.0 0 11 0.17911 1.5167489357522053 0.1180881 0.2
1091.5 0 11 0.17871499999999998 1.515591601426928 0.11791765 0.2
1092.0 0 11 0.17831999999999998 1.5144309164039569 0.1177472 0.2
1092.5 0 11 0.177925 1.5132668661108595 0.11757675000000001 0.2
1093.0 0 11 0.17753 1.5120994358905784 0.11740629999999999 0.2
1093.5 0 11 0.177135 1.5109286110008158 0.11723584999999999 0.2
1094.0 0 11 0.17673999999999998 1.5097543766134143 0.1170654 0.2
1094.5 0 11 0.17634499999999997 1.508576717813729 0.11689495000000001 0.2
1095.0 0 11 0.17595 1.5073956195999982 0.11672450000000001 0.2
1095.5 0 11 0.175555 1.5062110668827038 0.11655404999999998 0.2
1096.0 0 11 0.17515999999999998 1.5050230444839305 0.1163836 0.2
1096.5 0 11 0.174765 1.5038315371367181 0.11621315000000002 0.2
1097.0 0 11 0.17437 1.5026365294844053 0.11604269999999998 0.2
1097.5 0 11 0.173975 1.5014380060799717 0.11587224999999998 0.2
1098.0 0 11 0.17357999999999998 1.5002359513853716 0.1157018 0.2
1098.5 0 11 0.17318499999999998 1.4990303497708628 0.11553135 0.2
1099.0 0 11 0.17279 1.4978211855143295 0.11536089999999999 0.2
1099.5 0 11 0.172395 1.4966084428005968 0.11519044999999999 0.2
1100.0 0 11 0.172 1.4953921057207442 0.11502 0.2
1100.5 0 11 0.17160499999999998 1.494172158271408 0.11484955 0.2
1101.0 0 11 0.17120999999999997 1.49294858435408 0.1146791 0.2
1101.5 0 11 0.170815 1.4917213677743997 0.11450864999999999 0.2
1102.0 0 11 0.17042 1.490490492241438 0.1143382 0.2
1102.5 0 11 0.17002499999999998 1.4892559413669797 0.11416775 0.2
1103.0 0 11 0.16962999999999998 1.4880176986647928 0.11399729999999998 0.2
1103.5 0 11 0.169235 1.4867757475498968 0.11382685000000002 0.2
1104.0 0 11 0.16884 1.4855300713378217 0.1136564 0.2
1104.5 0 11 0.16844499999999998 1.4842806532438595 0.11348595 0.2
1105.0 0 11 0.16804999999999998 1.4830274763823128 0.11331550000000001 0.2
1105.5 0 11 0.167655 1.4817705237657326 0.11314505000000001 0.2
1106.0 0 11 0.16726 1.4805097783041496 0.1129746 0.2
1106.5 0 11 0.16686499999999999 1.479245222804303 0.11280414999999998 0.2
1107.0 0 11 0.16646999999999998 1.4779768399688546 0.1126337 0.2
1107.5 0 11 0.166075 1.4767046123956047 0.11246325 0.2
1108.0 0 11 0.16568 1.4754285225766923 0.1122928 0.2
1108.5 0 11 0.165285 1.474148552897794 0.11212235000000001 0.2
1109.0 0 11 0.16488999999999998 1.4728646856373138 0.1119519 0.2
1109.5 0 11 0.164495 1.4715769029655636 0.11178145 0.2
1110.0 0 11 0.1641 1.470285186943939 0.111611 0.2
1110.5 0 11 0.163705 1.468989519524087 0.11144055 0.2
1111.0 0 11 0.16330999999999998 1.4676898825470632 0.11127010000000001 0.2
1111.5 0 11 0.16291499999999998 1.466386257742486 0.11109965000000001 0.2
1112.0 0 11 0.16252 1.4650786267276785 0.1109292 0.2
1112.5 0 11 0.162125 1.4637669710068053 0.11075874999999999 0.2
1113.0 0 11 0.16172999999999998 1.4624512719700002 0.11058830000000001 0.2
1113.5 0 11 0.161335 1.4611315108924872 0.11041784999999998 0.2
1114.0 0 11 0.16094 1.4598076689336892 0.11024740000000001 0.2
1114.5 0 11 0.160545 1.458479727136335 0.11007695 0.2
1115.0 0 11 0.16015 1.4571476664255527 0.10990649999999999 0.2
1115.5 0 11 0.15975499999999998 1.4558114676079554 0.10973605 0.2
1116.0 0 11 0.15936 1.4544711113707223 0.1095656 0.2
1116.5 0 11 0.158965 1.4531265782806642 0.10939515000000001 0.2
1117.0 0 11 0.15857 1.4517778487832877 0.10922470000000001 0.2
1117.5 0 11 0.15817499999999998 1.4504249032018468 0.10905424999999998 0.2
1118.0 0 11 0.15778 1.4490677217363832 0.10888379999999999 0.2
1118.5 0 11 0.157385 1.4477062844627637 0.10871334999999999 0.2
1119.0 0 11 0.15699 1.446340571331704 0.10854289999999998 0.2
1119.5 0 11 0.15659499999999998 1.444970562167783 0.10837245000000001 0.2
1120.0 0 11 0.1562 1.4435962366684536 0.10820199999999999 0.2
1120.5 0 11 0.155805 1.4422175744030332 0.10803155 0.2
1121.0 0 11 0.15541 1.4408345548116976 0.1078611 0.2
1121.5 0 11 0.155015 1.4394471572044554 0.10769065 0.2
1122.0 0 11 0.15462 1.4380553607601176 0.10752020000000001 0.2
1122.5 0 11 0.154225 1.4366591445252552 0.10734975 0.2
1123.0 0 11 0.15383 1.4352584874131478 0.1071793 0.2
1123.5 0 11 0.153435 1.4338533682027232 0.10700885 0.2
1124.0 0 11 0.15304 1.4324437655374846 0.1068384 0.2
1124.5 0 11 0.152645 1.4310296579244282 0.10666794999999998 0.2
1125.0 0 11 0.15225 1.4296110237329516 0.10649749999999998 0.2
1125.5 0 11 0.151855 1.4281878411937505 0.10632705 0.2
1126.0 0 11 0.15145999999999998 1.4267600883977065 0.1061566 0.2
1126.5 0 11 0.151065 1.4253277432947606 0.10598615 0.2
1127.0 0 11 0.15067 1.423890783692779 0.10581570000000001 0.2
1127.5 0 11 0.150275 1.4224491872564076 0.10564525 0.2
1128.0 0 11 0.14988 1.4210029315059143 0.10547480000000001 0.2
1128.5 0 11 0.149485 1.4195519938160202 0.10530434999999999 0.2
1129.0 0 11 0.14909 1.4180963514147196 0.10513390000000002 0.2
1129.5 0 11 0.148695 1.4166359813820906 0.10496345 0.2
1130.0 0 11 0.1483 1.4151708606490891 0.104793 0.2
1130.5 0 11 0.147905 1.4137009659963362 0.10462255000000002 0.2
1131.0 0 11 0.14751 1.4122262740528913 0.10445209999999999 0.2
1131.5 0 11 0.147115 1.410746761295012 0.10428165 0.2
1132.0 0 11 0.14672 1.4092624040449058 0.1041112 0.2
1132.5 0 11 0.146325 1.4077731784694647 0.10394074999999998 0.2
1133.0 0 11 0.14593 1.4062790605789903 0.10377030000000001 0.2
1133.5 0 11 0.145535 1.4047800262259067 0.10359985000000001 0.2
1134.0 0 11 0.14514 1.4032760511034579 0.1034294 0.2
1134.5 0 11 0.144745 1.4017671107443956 0.10325894999999999 0.2
1135.0 0 11 0.14435 1.4002531805196508 0.10308849999999999 0.2
1135.5 0 11 0.143955 1.3987342356369945 0.10291805000000001 0.2
1136.0 0 11 0.14356 1.397210251139686 0.10274760000000001 0.2
1136.5 0 11 0.143165 1.3956812019051024 0.10257715 0.2
1137.0 0 11 0.14277 1.3941470626433623 0.10240669999999999 0.2
1137.5 0 11 0.142375 1.3926078078959274 0.10223624999999999 0.2
1138.0 0 11 0.14198 1.3910634120341976 0.1020658 0.2
1138.5 0 11 0.14158500000000002 1.389513849258087 0.10189535 0.2
1139.0 0 11 0.14119 1.387959093594587 0.10172490000000002 0.2
1139.5 0 11 0.140795 1.3863991188963163 0.10155445 0.2
1140.0 0 11 0.1404 1.3848338988400537 0.10138399999999999 0.2
1140.5 0 11 0.140005 1.3832634069252585 0.10121354999999999 0.2
1141.0 0 11 0.13961 1.3816876164725747 0.1010431 0.2
1141.5 0 11 0.139215 1.3801065006223192 0.10087265000000001 0.2
1142.0 0 11 0.13882 1.378520032332958 0.10070219999999999 0.2
1142.5 0 11 0.13842500000000002 1.3769281843795618 0.10053175 0.2
1143.0 0 11 0.13803 1.3753309293522504 0.1003613 0.2
1143.5 0 11 0.137635 1.3737282396546193 0.10019085 0.2
1144.0 0 11 0.13724 1.3721200875021495 0.1000204 0.2
1144.5 0 11 0.136845 1.3705064449206035 0.09984994999999999 0.2
1145.0 0 11 0.13645000000000002 1.3688872837444008 0.09967950000000002 0.2
1145.5 0 11 0.136055 1.3672625756149819 0.09950905 0.2
1146.0 0 11 0.13566 1.3656322919791501 0.0993386 0.2
1146.5 0 11 0.135265 1.3639964040874009 0.09916815000000001 0.2
1147.0 0 11 0.13487 1.3623548829922312 0.09899769999999998 0.2
1147.5 0 11 0.134475 1.360707699546431 0.09882724999999999 0.2
1148.0 0 11 0.13408 1.3590548244013592 0.09865679999999999 0.2
1148.5 0 11 0.133685 1.3573962280052008 0.09848635 0.2
1149.0 0 11 0.13329000000000002 1.3557318806012049 0.09831590000000001 0.2
1149.5 0 11 0.132895 1.3540617522259057 0.09814545 0.2
1150.0 0 11 0.1325 1.3523858127073232 0.09797500000000002 0.2
1150.5 0 11 0.132105 1.3507040316631485 0.09780455 0.2
1151.0 0 11 0.13171 1.3490163784989055 0.0976341 0.2
1151.5 0 11 0.13131500000000002 1.3473228224060971 0.09746365 0.2
1152.0 0 11 0.13092 1.3456233323603295 0.0972932 0.2
1152.5 0 11 0.130525 1.3439178771194185 0.09712275000000001 0.2
1153.0 0 11 0.13013 1.3422064252214747 0.0969523 0.2
1153.5 0 11 0.12973500000000002 1.3404889449829696 0.09678185 0.2
1154.0 0 11 0.12934 1.3387654044967778 0.0966114 0.2
1154.5 0 11 0.128945 1.3370357716302048 0.09644095000000001 0.2
1155.0 0 11 0.12855 1.3353000140229871 0.09627050000000001 0.2
1155.5 0 11 0.12815500000000002 1.3335580990852764 0.09610004999999999 0.2
1156.0 0 11 0.12776 1.3318099939955967 0.09592960000000002 0.2
1156.5 0 11 0.127365 1.330055665698787 0.09575915000000002 0.2
1157.0 0 11 0.12697 1.3282950809039145 0.0955887 0.2
1157.5 0 11 0.126575 1.3265282060821697 0.09541825 0.2
1158.0 0 11 0.12618000000000001 1.3247550074647396 0.0952478 0.2
1158.5 0 11 0.125785 1.3229754510406526 0.09507735 0.2
1159.0 0 11 0.12539 1.3211895025546088 0.0949069 0.2
1159.5 0 11 0.12499500000000001 1.3193971275047778 0.09473645 0.2
1160.0 0 11 0.1246 1.317598291140579 0.094566 0.2
1160.5 0 11 0.12420500000000001 1.315792958460436 0.09439555 0.2
1161.0 0 11 0.12381 1.3139810942095047 0.0942251 0.2
1161.5 0 11 0.12341500000000001 1.3121626628773804 0.09405465 0.2
1162.0 0 11 0.12302 1.3103376286957764 0.09388419999999999 0.2
1162.5 0 11 0.12262500000000001 1.3085059556361793 0.09371375 0.2
1163.0 0 11 0.12223 1.3066676074074788 0.0935433 0.2
1163.5 0 11 0.121835 1.304822547453569 0.09337285000000001 0.2
1164.0 0 11 0.12144 1.3029707389509284 0.0932024 0.2
1164.5 0 11 0.121045 1.301112144806166 0.09303195 0.2
1165.0 0 11 0.12065000000000001 1.2992467276535486 0.0928615 0.2
1165.5 0 11 0.120255 1.297374449852494 0.09269105 0.2
1166.0 0 11 0.11986000000000001 1.29549527348504 0.09252060000000001 0.2
1166.5 0 11 0.119465 1.2936091603532858 0.09235015 0.2
1167.0 0 11 0.11907000000000001 1.291716071976802 0.0921797 0.2
1167.5 0 11 0.118675 1.289815969590014 0.09200925000000001 0.2
1168.0 0 11 0.11828000000000001 1.2879088141395576 0.0918388 0.2
1168.5 0 11 0.117885 1.285994566281601 0.09166835 0.2
1169.0 0 11 0.11749000000000001 1.2840731863791413 0.09149789999999998 0.2
1169.5 0 11 0.117095 1.2821446344992662 0.09132744999999999 0.2
1170.0 0 11 0.1167 1.2802088704103909 0.09115699999999999 0.2
1170.5 0 11 0.116305 1.2782658535794578 0.09098655 0.2
1171.0 0 11 0.11591 1.2763155431691076 0.09081610000000001 0.2
1171.5 0 11 0.115515 1.2743578980348202 0.09064565000000001 0.2
1172.0 0 11 0.11512 1.2723928767220187 0.0904752 0.2
1172.5 0 11 0.11472500000000001 1.2704204374631456 0.09030475000000002 0.2
1173.0 0 11 0.11433 1.2684405381747015 0.0901343 0.2
1173.5 0 11 0.11393500000000001 1.2664531364542535 0.08996385000000001 0.2
1174.0 0 11 0.11354 1.2644581895774079 0.0897934 0.2
1174.5 0 11 0.113145 1.262455654494747 0.08962295000000002 0.2
1175.0 0 11 0.11275 1.2604454878287359 0.0894525 0.2
1175.5 0 11 0.11235500000000001 1.2584276458705865 0.08928205 0.2
1176.0 0 11 0.11196 1.256402084577092 0.08911160000000001 0.2
1176.5 0 11 0.111565 1.2543687595674218 0.08894115 0.2
1177.0 0 11 0.11117 1.2523276261198797 0.08877070000000001 0.2
1177.5 0 11 0.110775 1.2502786391686254 0.08860025 0.2
1178.0 0 11 0.11038 1.2482217533003581 0.08842979999999999 0.2
1178.5 0 11 0.109985 1.2461569227509606 0.08825935 0.2
1179.0 0 11 0.10959 1.2440841014021065 0.08808889999999998 0.2
1179.5 0 11 0.109195 1.242003242777824 0.08791845000000001 0.2
1180.0 0 11 0.10880000000000001 1.2399143000410267 0.08774799999999999 0.2
1180.5 0 11 0.108405 1.237817225989994 0.08757755 0.2
1181.0 0 11 0.10801 1.2357119730548205 0.0874071 0.2
1181.5 0 11 0.107615 1.2335984932938164 0.08723664999999999 0.2
1182.0 0 11 0.10722000000000001 1.2314767383898688 0.08706620000000001 0.2
1182.5 0 11 0.106825 1.2293466596467608 0.08689575 0.2
1183.0 0 11 0.10643 1.2272082079854436 0.0867253 0.2
1183.5 0 11 0.106035 1.2250613339402703 0.08655485 0.2
1184.0 0 11 0.10564 1.2229059876551784 0.0863844 0.2
1184.5 0 11 0.105245 1.2207421188798333 0.08621395000000001 0.2
1185.0 0 11 0.10485 1.2185696769657206 0.08604350000000001 0.2
1185.5 0 11 0.104455 1.216388610862197 0.08587305000000002 0.2
1186.0 0 11 0.10406 1.214198869112489 0.0857026 0.2
1186.5 0 11 0.10366500000000001 1.2120003998496471 0.08553215000000002 0.2
1187.0 0 11 0.10327 1.2097931507924515 0.08536169999999998 0.2
1187.5 0 11 0.102875 1.2075770692412657 0.08519125000000001 0.2
1188.0 0 11 0.10248 1.2053521020738454 0.08502080000000001 0.2
1188.5 0 11 0.10208500000000001 1.2031181957410901 0.08485035 0.2
1189.0 0 11 0.10169 1.2008752962627496 0.0846799 0.2
1189.5 0 11 0.101295 1.1986233492230751 0.08450944999999999 0.2
1190.0 0 11 0.1009 1.1963622997664187 0.08433900000000001 0.2
1190.5 0 11 0.10050500000000001 1.1940920925927796 0.08416855000000001 0.2
1191.0 0 11 0.10011 1.1918126719532942 0.0839981 0.2
1191.5 0 11 0.099715 1.1895239816456742 0.08382765 0.2
1192.0 0 11 0.09931999999999999 1.1872259650095867 0.0836572 0.2
1192.5 0 11 0.098925 1.1849185649219787 0.08348675 0.2
1193.0 0 11 0.09853 1.1826017237923432 0.0833163 0.2
1193.5 0 11 0.098135 1.1802753835579285 0.08314585000000001 0.2
1194.0 0 11 0.09774 1.1779394856788878 0.0829754 0.2
1194.5 0 11 0.097345 1.1755939711333683 0.08280495 0.2
1195.0 0 11 0.09695000000000001 1.1732387804125397 0.0826345 0.2
1195.5 0 11 0.096555 1.170873853515562 0.08246405000000001 0.2
1196.0 0 11 0.09616 1.1684991299444913 0.08229360000000001 0.2
1196.5 0 11 0.095765 1.1661145486991182 0.08212315 0.2
1197.0 0 11 0.09537000000000001 1.1637200482717471 0.08195269999999999 0.2
1197.5 0 11 0.094975 1.161315566641906 0.08178224999999999 0.2
1198.0 0 11 0.09458 1.1589010412709926 0.0816118 0.2
1198.5 0 11 0.09418499999999999 1.156476409096853 0.08144135000000001 0.2
1199.0 0 11 0.09379 1.15404160652829 0.08127090000000001 0.2
1199.5 0 11 0.093395 1.1515965694395038 0.08110044999999999 0.2
1200.0 0 11 0.093 1.149141233164463 0.08093 0.2
1200.5 0 11 0.09286225 1.1483675020860493 0.08086457500000001 0.2
1201.0 0 11 0.0927245 1.1475925179905977 0.08079915 0.2
1201.5 0 11 0.09258675 1.1468162778318478 0.08073372499999999 0.2
1202.0 0 11 0.092449 1.1460387785536574 0.0806683 0.2
1202.5 0 11 0.09231125 1.145260017089961 0.080602875 0.2
1203.0 0 11 0.0921735 1.1444799903647311 0.08053745 0.2
1203.5 0 11 0.09203575 1.1436986952919352 0.080472025 0.2
1204.0 0 11 0.091898 1.1429161287754983 0.08040660000000001 0.2
1204.5 0 11 0.09176025 1.14213228770926 0.080341175 0.2
1205.0 0 11 0.0916225 1.1413471689769326 0.08027575 0.2
1205.5 0 11 0.09148475 1.1405607694520625 0.080210325 0.2
1206.0 0 11 0.091347 1.139773085997986 0.0801449 0.2
1206.5 0 11 0.09120925 1.13898411546779 0.080079475 0.2
1207.0 0 11 0.0910715 1.1381938547042676 0.08001405 0.2
1207.5 0 11 0.09093375 1.137402300539878 0.079948625 0.2
1208.0 0 11 0.090796 1.1366094497967032 0.0798832 0.2
1208.5 0 11 0.09065825 1.1358152992864057 0.07981777500000001 0.2
1209.0 0 11 0.0905205 1.1350198458101861 0.07975235000000001 0.2
1209.5 0 11 0.09038275 1.1342230861587392 0.079686925 0.2
1210.0 0 11 0.090245 1.1334250171122122 0.0796215 0.2
1210.5 0 11 0.09010725 1.1326256354401596 0.079556075 0.2
1211.0 0 11 0.0899695 1.1318249379015015 0.07949065000000001 0.2
1211.5 0 11 0.08983175 1.1310229212444787 0.079425225 0.2
1212.0 0 11 0.089694 1.1302195822066081 0.07935980000000002 0.2
1212.5 0 11 0.08955625 1.1294149175146408 0.07929437500000001 0.2
1213.0 0 11 0.0894185 1.1286089238845143 0.07922895000000002 0.2
1213.5 0 11 0.08928075 1.127801598021311 0.07916352500000001 0.2
1214.0 0 11 0.089143 1.1269929366192108 0.0790981 0.2
1214.5 0 11 0.08900525 1.126182936361448 0.079032675 0.2
1215.0 0 11 0.0888675 1.1253715939202644 0.07896725 0.2
1215.5 0 11 0.08872975 1.1245589059568646 0.07890182500000001 0.2
1216.0 0 11 0.088592 1.1237448691213703 0.0788364 0.2
1216.5 0 11 0.08845425 1.1229294800527732 0.07877097500000001 0.2
1217.0 0 11 0.0883165 1.1221127353788902 0.07870555 0.2
1217.5 0 11 0.08817875 1.1212946317163153 0.078640125 0.2
1218.0 0 11 0.08804100000000001 1.1204751656703749 0.0785747 0.2
1218.5 0 11 0.08790325 1.1196543338350786 0.07850927500000002 0.2
1219.0 0 11 0.0877655 1.1188321327930741 0.07844385000000001 0.2
1219.5 0 11 0.08762775 1.1180085591155986 0.07837842499999999 0.2
1220.0 0 11 0.08749 1.11718360936243 0.07831300000000001 0.2
1220.5 0 11 0.08735225 1.1163572800818429 0.078247575 0.2
1221.0 0 11 0.0872145 1.1155295678105552 0.07818215 0.2
1221.5 0 11 0.08707675000000001 1.1147004690736844 0.078116725 0.2
1222.0 0 11 0.086939 1.1138699803846956 0.0780513 0.2
1222.5 0 11 0.08680125 1.1130380982453554 0.077985875 0.2
1223.0 0 11 0.0866635 1.11220481914568 0.07792045000000002 0.2
1223.5 0 11 0.08652575 1.111370139563888 0.07785502500000001 0.2
1224.0 0 11 0.086388 1.1105340559663504 0.0777896 0.2
1224.5 0 11 0.08625025 1.109696564807539 0.077724175 0.2
1225.0 0 11 0.08611250000000001 1.108857662529979 0.07765875 0.2
1225.5 0 11 0.08597475 1.1080173455641964 0.077593325 0.2
1226.0 0 11 0.085837 1.1071756103286687 0.0775279 0.2
1226.5 0 11 0.08569925 1.1063324532297736 0.07746247499999999 0.2
1227.0 0 11 0.0855615 1.105487870661737 0.07739705000000001 0.2
1227.5 0 11 0.08542375 1.1046418590065836 0.077331625 0.2
1228.0 0 11 0.085286 1.103794414634083 0.07726620000000001 0.2
1228.5 0 11 0.08514825000000001 1.1029455339017 0.077200775 0.2
1229.0 0 11 0.0850105 1.1020952131545394 0.07713535 0.2
1229.5 0 11 0.08487275 1.1012434487252971 0.077069925 0.2
1230.0 0 11 0.084735 1.1003902369342051 0.0770045 0.2
1230.5 0 11 0.08459725 1.099535574088979 0.076939075 0.2
1231.0 0 11 0.0844595 1.0986794564847644 0.07687365 0.2
1231.5 0 11 0.08432175 1.0978218804040842 0.07680822500000001 0.2
1232.0 0 11 0.08418400000000001 1.096962842116785 0.0767428 0.2
1232.5 0 11 0.08404625 1.0961023378799808 0.07667737500000002 0.2
1233.0 0 11 0.0839085 1.0952403639380017 0.07661195 0.2
1233.5 0 11 0.08377075 1.0943769165223372 0.076546525 0.2
1234.0 0 11 0.083633 1.0935119918515817 0.0764811 0.2
1234.5 0 11 0.08349525000000001 1.0926455861313795 0.076415675 0.2
1235.0 0 11 0.0833575 1.0917776955543694 0.07635025000000001 0.2
1235.5 0 11 0.08321975000000001 1.0909083163001292 0.076284825 0.2
1236.0 0 11 0.083082 1.0900374445351182 0.07621940000000002 0.2
1236.5 0 11 0.08294425 1.0891650764126233 0.07615397499999998 0.2
1237.0 0 11 0.0828065 1.0882912080726994 0.07608855 0.2
1237.5 0 11 0.08266875 1.0874158356421155 0.076023125 0.2
1238.0 0 11 0.08253100000000001 1.086538955234295 0.0759577 0.2
1238.5 0 11 0.08239325 1.0856605629492593 0.075892275 0.2
1239.0 0 11 0.08225550000000001 1.0847806548735706 0.07582685000000002 0.2
1239.5 0 11 0.08211775 1.083899227080272 0.07576142500000001 0.2
1240.0 0 11 0.08198 1.083016275628831 0.075696 0.2
1240.5 0 11 0.08184225 1.0821317965650796 0.075630575 0.2
1241.0 0 11 0.0817045 1.0812457859211555 0.07556515 0.2
1241.5 0 11 0.08156675000000001 1.0803582397154428 0.075499725 0.2
1242.0 0 11 0.081429 1.0794691539525123 0.07543430000000001 0.2
1242.5 0 11 0.08129125000000001 1.0785785246230624 0.075368875 0.2
1243.0 0 11 0.0811535 1.0776863477038567 0.07530345000000001 0.2
1243.5 0 11 0.08101575 1.0767926191576667 0.075238025 0.2
1244.0 0 11 0.080878 1.075897334933207 0.0751726 0.2
1244.5 0 11 0.08074025 1.0750004909650777 0.075107175 0.2
1245.0 0 11 0.08060250000000001 1.0741020831737 0.07504175 0.2
1245.5 0 11 0.08046475 1.0732021074652567 0.07497632499999998 0.2
1246.0 0 11 0.08032700000000001 1.072300559731628 0.0749109 0.2
1246.5 0 11 0.08018925 1.0713974358503302 0.07484547500000001 0.2
1247.0 0 11 0.0800515 1.0704927316844532 0.07478005 0.2
1247.5 0 11 0.07991375 1.0695864430825959 0.074714625 0.2
1248.0 0 11 0.079776 1.0686785658788038 0.0746492 0.2
1248.5 0 11 0.07963825000000001 1.0677690958925048 0.074583775 0.2
1249.0 0 11 0.0795005 1.0668580289284453 0.07451835 0.2
1249.5 0 11 0.07936275000000001 1.065945360776625 0.07445292500000002 0.2
1250.0 0 11 0.079225 1.065031087212233 0.07438750000000002 0.2
1250.5 0 11 0.07908725 1.0641152039955828 0.074322075 0.2
1251.0 0 11 0.0789495 1.0631977068720444 0.07425665000000001 0.2
1251.5 0 11 0.07881175 1.0622785915719817 0.074191225 0.2
1252.0 0 11 0.07867400000000001 1.061357853810684 0.0741258 0.2
1252.5 0 11 0.07853625 1.0604354892883003 0.074060375 0.2
1253.0 0 11 0.07839850000000001 1.059511493689772 0.07399495 0.2
1253.5 0 11 0.07826075 1.0585858626847664 0.073929525 0.2
1254.0 0 11 0.078123 1.0576585919276076 0.0738641 0.2
1254.5 0 11 0.07798525 1.05672967705721 0.073798675 0.2
1255.0 0 11 0.0778475 1.055799113697009 0.07373325 0.2
1255.5 0 11 0.07770975000000001 1.054866897454893 0.073667825 0.2
1256.0 0 11 0.077572 1.053933023923133 0.0736024 0.2
1256.5 0 11 0.07743425 1.0529974886783144 0.073536975 0.2
1257.0 0 11 0.0772965 1.0520602872812674 0.07347155 0.2
1257.5 0 11 0.07715875 1.051121415276995 0.073406125 0.2
1258.0 0 11 0.077021 1.050180868194604 0.07334070000000001 0.2
1258.5 0 11 0.07688325 1.0492386415472341 0.07327527499999999 0.2
1259.0 0 11 0.07674550000000001 1.048294730831985 0.07320985 0.2
1259.5 0 11 0.07660775 1.0473491315298467 0.073144425 0.2
1260.0 0 11 0.07647 1.0464018391056253 0.073079 0.2
1260.5 0 11 0.07633225 1.045452849007873 0.073013575 0.2
1261.0 0 11 0.0761945 1.044502156668812 0.07294815 0.2
1261.5 0 11 0.07605675 1.0435497575042645 0.07288272500000001 0.2
1262.0 0 11 0.075919 1.0425956469135769 0.0728173 0.2
1262.5 0 11 0.07578125 1.0416398202795458 0.07275187500000001 0.2
1263.0 0 11 0.0756435 1.0406822729683456 0.07268645 0.2
1263.5 0 11 0.07550575 1.03972300032945 0.072621025 0.2
1264.0 0 11 0.075368 1.0387619976955604 0.0725556 0.2
1264.5 0 11 0.07523025 1.0377992603825277 0.072490175 0.2
1265.0 0 11 0.0750925 1.0368347836892775 0.07242475000000001 0.2
1265.5 0 11 0.07495475 1.0358685628977329 0.072359325 0.2
1266.0 0 11 0.074817 1.034900593272738 0.07229390000000001 0.2
1266.5 0 11 0.07467925 1.0339308700619805 0.072228475 0.2
1267.0 0 11 0.0745415 1.032959388495913 0.07216305 0.2
1267.5 0 11 0.07440375 1.031986143787677 0.072097625 0.2
1268.0 0 11 0.074266 1.031011131133021 0.0720322 0.2
1268.5 0 11 0.07412825 1.0300343457102252 0.07196677500000001 0.2
1269.0 0 11 0.0739905 1.0290557826800193 0.07190135 0.2
1269.5 0 11 0.07385275 1.0280754371855028 0.07183592500000001 0.2
1270.0 0 11 0.073715 1.0270933043520667 0.0717705 0.2
1270.5 0 11 0.07357725 1.0261093792873097 0.07170507500000001 0.2
1271.0 0 11 0.0734395 1.02512365708096 0.07163965 0.2
1271.5 0 11 0.07330175 1.024136132804791 0.071574225 0.2
1272.0 0 11 0.073164 1.0231468015125413 0.0715088 0.2
1272.5 0 11 0.07302625 1.0221556582398297 0.071443375 0.2
1273.0 0 11 0.0728885 1.0211626980040756 0.07137795 0.2
1273.5 0 11 0.07275075 1.0201679158044117 0.071312525 0.2
1274.0 0 11 0.072613 1.0191713066216026 0.07124710000000002 0.2
1274.5 0 11 0.07247525 1.0181728654179605 0.071181675 0.2
1275.0 0 11 0.0723375 1.0171725871372577 0.07111624999999999 0.2
1275.5 0 11 0.07219975 1.016170466704644 0.071050825 0.2
1276.0 0 11 0.072062 1.0151664990265603 0.0709854 0.2
1276.5 0 11 0.07192425 1.014160678990651 0.070919975 0.2
1277.0 0 11 0.0717865 1.0131530014656787 0.07085455 0.2
1277.5 0 11 0.07164875 1.0121434613014355 0.07078912500000001 0.2
1278.0 0 11 0.07151099999999999 1.0111320533286576 0.0707237 0.2
1278.5 0 11 0.07137325 1.0101187723589344 0.070658275 0.2
1279.0 0 11 0.0712355 1.0091036131846214 0.07059285 0.2
1279.5 0 11 0.07109775 1.00808657057875 0.070527425 0.2
1280.0 0 11 0.07096 1.0070676392949391 0.070462 0.2
1280.5 0 11 0.07082225 1.0060468140673038 0.07039657499999999 0.2
1281.0 0 11 0.0706845 1.0050240896103646 0.07033115 0.2
1281.5 0 11 0.07054674999999999 1.0039994606189575 0.07026572499999999 0.2
1282.0 0 11 0.070409 1.0029729217681405 0.07020030000000001 0.2
1282.5 0 11 0.07027125 1.0019444677131026 0.070134875 0.2
1283.0 0 11 0.0701335 1.0009140930890708 0.07006945000000002 0.2
1283.5 1 11 0.06999575 0.9998817925112163 0.07000402499999998 0.2
1284.0 1 11 0.069858 0.9988475605745611 0.0699386 0.2
1284.5 1 11 0.06972025 0.9978113918538837 0.06987317500000001 0.2
1285.0 1 11 0.06958249999999999 0.9967732809036245 0.06980775 0.2
1285.5 1 11 0.06944475 0.9957332222577895 0.06974232500000002 0.2
1286.0 1 11 0.069307 0.9946912104298554 0.0696769 0.2
1286.5 1 11 0.06916925 0.9936472399126723 0.06961147500000002 0.2
1287.0 1 11 0.0690315 0.9926013051783674 0.06954604999999998 0.2
1287.5 1 11 0.06889375 0.9915534006782466 0.06948062500000002 0.2
1288.0 1 11 0.068756 0.9905035208426971 0.06941520000000001 0.2
1288.5 1 11 0.06861824999999999 0.9894516600810888 0.069349775 0.2
1289.0 1 11 0.0684805 0.9883978127816743 0.06928435000000001 0.2
1289.5 1 11 0.06834275 0.9873419733114895 0.069218925 0.2
1290.0 1 11 0.068205 0.9862841360162536 0.0691535 0.2
1290.5 1 11 0.06806725 0.9852242952202677 0.069088075 0.2
1291.0 1 11 0.06792949999999999 0.9841624452263131 0.06902265 0.2
1291.5 1 11 0.06779175 0.9830985803155505 0.06895722500000001 0.2
1292.0 1 11 0.06765399999999999 0.9820326947474154 0.06889179999999999 0.2
1292.5 1 11 0.06751625 0.9809647827595162 0.06882637500000001 0.2
1293.0 1 11 0.0673785 0.9798948385675299 0.06876095 0.2
1293.5 1 11 0.06724074999999999 0.9788228563650977 0.06869552500000002 0.2
1294.0 1 11 0.067103 0.9777488303237208 0.0686301 0.2
1294.5 1 11 0.06696524999999999 0.9766727545926527 0.06856467499999999 0.2
1295.0 1 11 0.0668275 0.9755946232987952 0.06849925 0.2
1295.5 1 11 0.06668974999999999 0.9745144305465899 0.068433825 0.2
1296.0 1 11 0.066552 0.9734321704179124 0.0683684 0.2
1296.5 1 11 0.06641425 0.9723478369719619 0.068302975 0.2
1297.0 1 11 0.06627649999999999 0.971261424245155 0.06823755000000001 0.2
1297.5 1 11 0.06613875 0.9701729262510153 0.06817212500000001 0.2
1298.0 1 11 0.06600099999999999 0.969082336980062 0.0681067 0.2
1298.5 1 11 0.06586325 0.9679896503997022 0.068041275 0.2
1299.0 1 11 0.06572549999999999 0.966894860454117 0.06797585 0.2
1299.5 1 11 0.06558775 0.9657979610641518 0.067910425 0.2
1300.0 1 11 0.06545 0.9646989461272016 0.067845 0.2
1300.5 1 11 0.06531224999999999 0.9635978095170998 0.06777957500000001 0.2
1301.0 1 11 0.0651745 0.9624945450840038 0.06771415 0.2
1301.5 1 11 0.06503674999999999 0.9613891466542789 0.067648725 0.2
1302.0 1 11 0.064899 0.9602816080303862 0.0675833 0.2
1302.5 1 11 0.06476124999999999 0.9591719229907634 0.067517875 0.2
1303.0 1 11 0.0646235 0.9580600852897115 0.06745245 0.2
1303.5 1 11 0.06448575 0.9569460886572748 0.06738702499999999 0.2
1304.0 1 11 0.06434799999999999 0.955829926799125 0.06732160000000002 0.2
1304.5 1 11 0.06421025 0.9547115933964427 0.067256175 0.2
1305.0 1 11 0.06407249999999999 0.9535910821057956 0.06719075000000001 0.2
1305.5 1 11 0.06393475 0.9524683865590222 0.067125325 0.2
1306.0 1 11 0.06379699999999999 0.951343500363108 0.0670599 0.2
1306.5 1 11 0.06365925 0.9502164171000669 0.066994475 0.2
1307.0 1 11 0.0635215 0.9490871303268161 0.06692904999999999 0.2
1307.5 1 11 0.06338374999999999 0.9479556335750564 0.06686362500000001 0.2
1308.0 1 11 0.063246 0.9468219203511471 0.0667982 0.2
1308.5 1 11 0.06310824999999999 0.9456859841359809 0.06673277500000001 0.2
1309.0 1 11 0.0629705 0.9445478183848616 0.06666735 0.2
1309.5 1 11 0.06283274999999999 0.9434074165273749 0.066601925 0.2
1310.0 1 11 0.062695 0.9422647719672661 0.0665365 0.2
1310.5 1 11 0.06255725 0.9411198780823086 0.066471075 0.2
1311.0 1 11 0.062419499999999996 0.9399727282241795 0.06640565000000001 0.2
1311.5 1 11 0.06228175 0.9388233157183292 0.06634022499999999 0.2
1312.0 1 11 0.06214399999999999 0.9376716338638514 0.06627480000000001 0.2
1312.5 1 11 0.06200624999999999 0.9365176759333552 0.066209375 0.2
1313.0 1 11 0.06186849999999999 0.9353614351728312 0.06614395 0.2
1313.5 1 11 0.061730749999999994 0.934202904801522 0.066078525 0.2
1314.0 1 11 0.061592999999999995 0.9330420780117884 0.0660131 0.2
1314.5 1 11 0.061455249999999996 0.9318789479689767 0.06594767500000001 0.2
1315.0 1 11 0.0613175 0.9307135078112845 0.06588224999999999 0.2
1315.5 1 11 0.06117974999999999 0.9295457506496246 0.06581682500000001 0.2
1316.0 1 11 0.06104199999999999 0.928375669567492 0.0657514 0.2
1316.5 1 11 0.06090424999999999 0.9272032576208237 0.06568597500000002 0.2
1317.0 1 11 0.060766499999999994 0.9260285078378647 0.06562055 0.2
1317.5 1 11 0.060628749999999995 0.9248514132190273 0.065555125 0.2
1318.0 1 11 0.060490999999999996 0.9236719667367538 0.06548970000000001 0.2
1318.5 1 11 0.06035325 0.9224901613353758 0.065424275 0.2
1319.0 1 11 0.06021549999999999 0.9213059899309731 0.06535885000000001 0.2
1319.5 1 11 0.06007774999999999 0.9201194454112338 0.065293425 0.2
1320.0 1 11 0.05993999999999999 0.9189305206353098 0.06522800000000001 0.2
1320.5 1 11 0.059802249999999994 0.9177392084336752 0.06516257500000001 0.2
1321.0 1 11 0.059664499999999995 0.9165455016079811 0.06509715 0.2
1321.5 1 11 0.059526749999999996 0.9153493929309116 0.06503172500000001 0.2
1322.0 1 11 0.059389 0.9141508751460371 0.06496630000000002 0.2
1322.5 1 11 0.05925124999999999 0.9129499409676679 0.064900875 0.2
1323.0 1 11 0.05911349999999999 0.9117465830807064 0.06483545 0.2
1323.5 1 11 0.05897574999999999 0.9105407941404992 0.06477002500000001 0.2
1324.0 1 11 0.058837999999999994 0.9093325667726868 0.0647046 0.2
1324.5 1 11 0.058700249999999995 0.9081218935730536 0.06463917500000001 0.2
1325.0 1 11 0.058562499999999997 0.9069087671073772 0.06457375 0.2
1325.5 1 11 0.05842474999999999 0.9056931799112748 0.064508325 0.2
1326.0 1 11 0.05828699999999999 0.9044751244900523 0.0644429 0.2
1326.5 1 11 0.05814924999999999 0.903254593318548 0.064377475 0.2
1327.0 1 11 0.058011499999999994 0.9020315788409791 0.06431205000000001 0.2
1327.5 1 11 0.057873749999999995 0.9008060734707853 0.064246625 0.2
1328.0 1 11 0.057735999999999996 0.8995780695904718 0.06418120000000001 0.2
1328.5 1 11 0.05759824999999999 0.8983475595514518 0.064115775 0.2
1329.0 1 11 0.0574605 0.8971145356738877 0.06405035 0.2
1329.5 1 11 0.05732274999999999 0.8958789902465306 0.063984925 0.2
1330.0 1 11 0.05718499999999999 0.8946409155265606 0.0639195 0.2
1330.5 1 11 0.057047249999999994 0.8934003037394244 0.06385407500000001 0.2
1331.0 1 11 0.056909499999999995 0.892157147078673 0.06378865 0.2
1331.5 1 11 0.056771749999999996 0.8909114377057971 0.06372322500000001 0.2
1332.0 1 11 0.05663399999999999 0.8896631677500635 0.0636578 0.2
1332.5 1 11 0.05649624999999999 0.8884123293083485 0.063592375 0.2
1333.0 1 11 0.05635849999999999 0.8871589144449716 0.06352695 0.2
1333.5 1 11 0.05622074999999999 0.8859029151915273 0.063461525 0.2
1334.0 1 11 0.056082999999999994 0.8846443235467164 0.06339610000000001 0.2
1334.5 1 11 0.055945249999999995 0.8833831314761763 0.063330675 0.2
1335.0 1 11 0.055807499999999996 0.8821193309123095 0.06326525000000001 0.2
1335.5 1 11 0.05566974999999999 0.8808529137541122 0.063199825 0.2
1336.0 1 11 0.05553199999999999 0.8795838718670009 0.06313440000000001 0.2
1336.5 1 11 0.05539424999999999 0.8783121970826384 0.063068975 0.2
1337.0 1 11 0.05525649999999999 0.8770378811987577 0.06300355 0.2
1337.5 1 11 0.055118749999999994 0.8757609159789871 0.06293812500000001 0.2
1338.0 1 11 0.054980999999999995 0.8744812931526719 0.0628727 0.2
1338.5 1 11 0.054843249999999996 0.8731990044146956 0.06280727500000001 0.2
1339.0 1 11 0.05470549999999999 0.8719140414253005 0.06274185 0.2
1339.5 1 11 0.05456774999999999 0.8706263958099075 0.06267642500000001 0.2
1340.0 1 11 0.05442999999999999 0.8693360591589336 0.062611 0.2
1340.5 1 11 0.05429224999999999 0.868043023027608 0.062545575 0.2
1341.0 1 11 0.054154499999999994 0.8667472789357898 0.06248015 0.2
1341.5 1 11 0.054016749999999995 0.8654488183677809 0.06241472500000001 0.2
1342.0 1 11 0.053878999999999996 0.8641476327721401 0.062349299999999996 0.2
1342.5 1 11 0.05374124999999999 0.8628437135614955 0.062283875 0.2
1343.0 1 11 0.05360349999999999 0.8615370521123555 0.06221845 0.2
1343.5 1 11 0.05346574999999999 0.8602276397649188 0.062153024999999994 0.2
1344.0 1 11 0.05332799999999999 0.8589154678228823 0.06208760000000001 0.2
1344.5 1 11 0.053190249999999994 0.8576005275532499 0.06202217500000001 0.2
1345.0 1 11 0.053052499999999995 0.8562828101861377 0.061956750000000005 0.2
1345.5 1 11 0.052914749999999997 0.8549623069145796 0.061891325000000004 0.2
1346.0 1 11 0.05277699999999999 0.8536390088943305 0.061825899999999996 0.2
1346.5 1 11 0.05263924999999999 0.8523129072436697 0.061760475000000016 0.2
1347.0 1 11 0.05250149999999999 0.8509839930432018 0.06169505000000001 0.2
1347.5 1 11 0.052363749999999994 0.8496522573356562 0.06162962500000001 0.2
1348.0 1 11 0.052225999999999995 0.8483176911256866 0.0615642 0.2
1348.5 1 11 0.05208824999999999 0.8469802853796679 0.06149877500000001 0.2
1349.0 1 11 0.0519505 0.8456400310254933 0.061433350000000005 0.2
1349.5 1 11 0.05181274999999999 0.8442969189523678 0.061367925000000004 0.2
1350.0 1 11 0.05167499999999999 0.8429509400106029 0.06130250000000001 0.2
1350.5 1 11 0.05153724999999999 0.8416020850114084 0.061237074999999995 0.2
1351.0 1 11 0.051399499999999994 0.8402503447266828 0.06117165000000001 0.2
1351.5 1 11 0.051261749999999995 0.8388957098888042 0.061106225 0.2
1352.0 1 11 0.05112399999999999 0.8375381711904166 0.061040800000000006 0.2
1352.5 1 11 0.05098624999999999 0.836177719284219 0.060975375 0.2
1353.0 1 11 0.05084849999999999 0.8348143447827487 0.060909950000000004 0.2
1353.5 1 11 0.05071074999999999 0.8334480382581668 0.060844525 0.2
1354.0 1 11 0.05057299999999999 0.8320787902420402 0.06077910000000001 0.2
1354.5 1 11 0.050435249999999994 0.8307065912251232 0.060713675000000016 0.2
1355.0 1 11 0.050297499999999995 0.8293314316571376 0.06064825 0.2
1355.5 1 11 0.05015974999999999 0.8279533019465498 0.06058282500000001 0.2
1356.0 1 11 0.05002199999999999 0.82657219246035 0.060517400000000006 0.2
1356.5 1 11 0.04988424999999999 0.8251880935238259 0.060451975000000005 0.2
1357.0 1 11 0.04974649999999999 0.8238009954203376 0.06038655000000001 0.2
1357.5 1 11 0.04960874999999999 0.82241088839109 0.060321125 0.2
1358.0 1 11 0.049470999999999994 0.821017762634904 0.06025570000000001 0.2
1358.5 1 11 0.049333249999999995 0.8196216083079866 0.060190274999999994 0.2
1359.0 1 11 0.04919549999999999 0.8182224155236975 0.06012485000000001 0.2
1359.5 1 11 0.04905774999999999 0.8168201743523184 0.06005942500000001 0.2
1360.0 1 11 0.04891999999999999 0.8154148748208152 0.059994000000000006 0.2
1360.5 1 11 0.04878224999999999 0.8140065069126037 0.059928575000000005 0.2
1361.0 1 11 0.04864449999999999 0.8125950605673105 0.059863150000000004 0.2
1361.5 1 11 0.048506749999999994 0.8111805256805336 0.05979772500000002 0.2
1362.0 1 11 0.048368999999999995 0.8097628921036021 0.05973230000000001 0.2
1362.5 1 11 0.04823124999999999 0.808342149643332 0.059666875000000015 0.2
1363.0 1 11 0.04809349999999999 0.8069182880617836 0.05960145000000001 0.2
1363.5 1 11 0.04795574999999999 0.8054912970760139 0.059536025000000006 0.2
1364.0 1 11 0.04781799999999999 0.8040611663578304 0.059470600000000005 0.2
1364.5 1 11 0.047680249999999993 0.8026278855335414 0.059405175 0.2
1365.0 1 11 0.047542499999999994 0.8011914441837047 0.059339750000000004 0.2
1365.5 1 11 0.047404749999999996 0.7997518318428762 0.059274325 0.2
1366.0 1 11 0.04726699999999999 0.7983090379993545 0.05920890000000001 0.2
1366.5 1 11 0.04712924999999999 0.7968630520949266 0.059143475 0.2
1367.0 1 11 0.04699149999999999 0.7954138635246083 0.05907805000000001 0.2
1367.5 1 11 0.04685374999999999 0.7939614616363869 0.059012625000000006 0.2
1368.0 1 11 0.046715999999999994 0.792505835730959 0.05894720000000001 0.2
1368.5 1 11 0.046578249999999995 0.7910469750614684 0.05888177500000001 0.2
1369.0 1 11 0.046440499999999996 0.789584868833241 0.058816349999999996 0.2
1369.5 1 11 0.04630274999999999 0.788119506203519 0.05875092500000001 0.2
1370.0 1 11 0.04616499999999999 0.7866508762811937 0.0586855 0.2
1370.5 1 11 0.04602724999999999 0.7851789681265332 0.058620075000000015 0.2
1371.0 1 11 0.04588949999999999 0.7837037707509137 0.05855465000000001 0.2
1371.5 1 11 0.045751749999999994 0.7822252731165439 0.058489225000000006 0.2
1372.0 1 11 0.045613999999999995 0.7807434641361909 0.058423800000000005 0.2
1372.5 1 11 0.045476249999999996 0.7792583326729025 0.058358375000000004 0.2
1373.0 1 11 0.04533849999999999 0.7777698675397279 0.05829295000000001 0.2
1373.5 1 11 0.04520074999999999 0.7762780574994385 0.058227524999999995 0.2
1374.0 1 11 0.04506299999999999 0.7747828912642423 0.058162100000000015 0.2
1374.5 1 11 0.04492524999999999 0.773284357495502 0.05809667500000001 0.2
1375.0 1 11 0.044787499999999994 0.7717824448034463 0.058031250000000006 0.2
1375.5 1 11 0.044649749999999995 0.7702771417468826 0.057965825000000006 0.2
1376.0 1 11 0.044511999999999996 0.7687684368329061 0.0579004 0.2
1376.5 1 11 0.04437424999999999 0.7672563185166067 0.05783497500000001 0.2
1377.0 1 11 0.04423649999999999 0.765740775200776 0.05776955000000001 0.2
1377.5 1 11 0.04409874999999999 0.764221795235609 0.05770412500000001 0.2
1378.0 1 11 0.04396099999999999 0.7626993669184071 0.0576387 0.2
1378.5 1 11 0.043823249999999994 0.7611734784932764 0.05757327500000001 0.2
1379.0 1 11 0.043685499999999995 0.7596441181508262 0.057507850000000006 0.2
1379.5 1 11 0.043547749999999996 0.7581112740278634 0.05744242500000001 0.2
1380.0 1 11 0.04340999999999999 0.7565749342070862 0.057377000000000004 0.2
1380.5 1 11 0.04327225 0.7550350867167758 0.057311575 0.2
1381.0 1 11 0.04313449999999999 0.7534917195304834 0.057246150000000016 0.2
1381.5 1 11 0.04299674999999999 0.7519448205667205 0.05718072500000001 0.2
1382.0 1 11 0.042858999999999994 0.7503943776886401 0.05711530000000001 0.2
1382.5 1 11 0.042721249999999995 0.7488403787037218 0.05704987500000001 0.2
1383.0 1 11 0.042583499999999996 0.7472828113634508 0.05698445 0.2
1383.5 1 11 0.04244574999999999 0.7457216633629966 0.056919025000000005 0.2
1384.0 1 11 0.042308 0.7441569223408895 0.056853600000000004 0.2
1384.5 1 11 0.04217024999999999 0.7425885758786928 0.05678817500000001 0.2
1385.0 1 11 0.042032499999999993 0.7410166115006764 0.056722749999999995 0.2
1385.5 1 11 0.041894749999999994 0.7394410166734837 0.056657325000000015 0.2
1386.0 1 11 0.041756999999999996 0.7378617788058007 0.0565919 0.2
1386.5 1 11 0.041619249999999997 0.7362788852480185 0.056526475000000014 0.2
1387.0 1 11 0.04148149999999999 0.7346923232918975 0.05646105 0.2
1387.5 1 11 0.04134375 0.7331020801702259 0.056395625000000005 0.2
1388.0 1 11 0.04120599999999999 0.7315081430564775 0.056330200000000004 0.2
1388.5 1 11 0.041068249999999994 0.7299104990644678 0.056264775 0.2
1389.0 1 11 0.040930499999999995 0.7283091352480053 0.05619935000000001 0.2
1389.5 1 11 0.040792749999999996 0.7267040386005431 0.056133925 0.2
1390.0 1 11 0.040655 0.7250951960548256 0.05606850000000001 0.2
1390.5 1 11 0.04051724999999999 0.7234825944825348 0.056003075000000006 0.2
1391.0 1 11 0.0403795 0.7218662206939332 0.05593765 0.2
1391.5 1 11 0.04024174999999999 0.720246061437503 0.055872225 0.2
1392.0 1 11 0.040103999999999994 0.7186221033995855 0.05580680000000001 0.2
1392.5 1 11 0.039966249999999995 0.7169943332040156 0.05574137500000002 0.2
1393.0 1 11 0.039828499999999996 0.7153627374117549 0.05567595 0.2
1393.5 1 11 0.03969075 0.713727302520521 0.05561052500000001 0.2
1394.0 1 11 0.03955299999999999 0.7120880149644161 0.0555451 0.2
1394.5 1 11 0.03941525 0.7104448611135519 0.055479675000000006 0.2
1395.0 1 11 0.03927749999999999 0.7087978272736704 0.05541425000000001 0.2
1395.5 1 11 0.039139749999999994 0.7071468996857655 0.05534882500000001 0.2
1396.0 1 11 0.039001999999999995 0.7054920645256982 0.05528340000000001 0.2
1396.5 1 11 0.038864249999999996 0.703833307903812 0.055217975 0.2
1397.0 1 11 0.0387265 0.7021706158645428 0.055152550000000015 0.2
1397.5 1 11 0.03858875 0.7005039743860294 0.055087124999999994 0.2
1398.0 1 11 0.038451 0.6988333693797174 0.05502170000000001 0.2
1398.5 1 11 0.03831324999999999 0.6971587866899638 0.054956275000000006 0.2
1399.0 1 11 0.038175499999999994 0.6954802120936365 0.054890850000000005 0.2
1399.5 1 11 0.038037749999999995 0.6937976312997116 0.054825425000000004 0.2
1400.0 1 11 0.037899999999999996 0.6921110299488676 0.05476 0.2
1400.5 1 11 0.03784725 0.6919694176658825 0.05469497499999999 0.2
1401.0 1 11 0.037794499999999995 0.6918274682660334 0.05462995000000001 0.2
1401.5 1 11 0.03774175 0.6916851805440949 0.054564925 0.2
1402.0 1 11 0.03768899999999999 0.6915425532890884 0.054499900000000004 0.2
1402.5 1 11 0.037636249999999996 0.6913995852842502 0.054434875 0.2
1403.0 1 11 0.0375835 0.6912562753069945 0.054369850000000004 0.2
1403.5 1 11 0.037530749999999995 0.6911126221288807 0.054304825 0.2
1404.0 1 11 0.037478 0.6909686245155771 0.0542398 0.2
1404.5 1 11 0.03742524999999999 0.6908242812268255 0.054174774999999994 0.2
1405.0 1 11 0.037372499999999996 0.6906795910164063 0.054109750000000005 0.2
1405.5 1 11 0.03731975 0.6905345526321024 0.054044724999999995 0.2
1406.0 1 11 0.037266999999999995 0.690389164815662 0.053979700000000005 0.2
1406.5 1 11 0.03721425 0.6902434263027645 0.053914674999999995 0.2
1407.0 1 11 0.0371615 0.6900973358229812 0.053849650000000006 0.2
1407.5 1 11 0.037108749999999996 0.6899508920997403 0.053784625 0.2
1408.0 1 11 0.037056 0.6898040938502892 0.053719600000000006 0.2
1408.5 1 11 0.037003249999999994 0.6896569397856566 0.053654574999999996 0.2
1409.0 1 11 0.0369505 0.6895094286106153 0.05358955 0.2
1409.5 1 11 0.03689775 0.6893615590236438 0.053524525 0.2
1410.0 1 11 0.036844999999999996 0.6892133297168884 0.0534595 0.2
1410.5 1 11 0.03679225 0.6890647393761246 0.053394475000000004 0.2
1411.0 1 11 0.036739499999999994 0.6889157866807176 0.05332945 0.2
1411.5 1 11 0.03668675 0.6887664703035843 0.05326442500000001 0.2
1412.0 1 11 0.036634 0.6886167889111531 0.05319940000000001 0.2
1412.5 1 11 0.036581249999999996 0.688466741163324 0.05313437500000001 0.2
1413.0 1 11 0.0365285 0.6883163257134296 0.05306935 0.2
1413.5 1 11 0.036475749999999994 0.6881655412081937 0.053004325 0.2
1414.0 1 11 0.036423 0.6880143862876916 0.05293930000000001 0.2
1414.5 1 11 0.03637025 0.6878628595853087 0.052874275000000005 0.2
1415.0 1 11 0.036317499999999996 0.6877109597276991 0.05280925 0.2
1415.5 1 11 0.03626475 0.6875586853347451 0.052744225000000006 0.2
1416.0 1 11 0.036212 0.6874060350195144 0.0526792 0.2
1416.5 1 11 0.03615925 0.6872530073882179 0.05261417500000001 0.2
1417.0 1 11 0.0361065 0.687099601040169 0.05254915 0.2
1417.5 1 11 0.036053749999999996 0.6869458145677382 0.052484125 0.2
1418.0 1 11 0.036001 0.6867916465563124 0.0524191 0.2
1418.5 1 11 0.03594825 0.6866370955842501 0.052354075 0.2
1419.0 1 11 0.0358955 0.6864821602228381 0.052289050000000004 0.2
1419.5 1 11 0.03584275 0.6863268390362481 0.05222402500000001 0.2
1420.0 1 11 0.035789999999999995 0.686171130581491 0.052159000000000004 0.2
1420.5 1 11 0.03573725 0.686015033408374 0.052093974999999994 0.2
1421.0 1 11 0.0356845 0.6858585460594534 0.052028950000000004 0.2
1421.5 1 11 0.03563175 0.6857016670699912 0.051963925 0.2
1422.0 1 11 0.035579 0.6855443949679086 0.051898900000000005 0.2
1422.5 1 11 0.035526249999999995 0.6853867282737398 0.051833875 0.2
1423.0 1 11 0.0354735 0.6852286655005857 0.05176885 0.2
1423.5 1 11 0.03542075 0.6850702051540675 0.051703825 0.2
1424.0 1 11 0.035368 0.6849113457322787 0.0516388 0.2
1424.5 1 11 0.03531525 0.6847520857257394 0.05157377500000001 0.2
1425.0 1 11 0.0352625 0.6845924236173465 0.051508750000000006 0.2
1425.5 1 11 0.03520975 0.6844323578823267 0.051443725 0.2
1426.0 1 11 0.035157 0.6842718869881877 0.0513787 0.2
1426.5 1 11 0.03510425 0.6841110093946691 0.051313675 0.2
1427.0 1 11 0.0350515 0.6839497235536935 0.05124865000000001 0.2
1427.5 1 11 0.03499875 0.6837880279093167 0.051183625 0.2
1428.0 1 11 0.034946 0.6836259208976772 0.05111859999999999 0.2
1428.5 1 11 0.03489325 0.6834634009469464 0.05105357500000001 0.2
1429.0 1 11 0.034840499999999996 0.6833004664772777 0.050988549999999994 0.2
1429.5 1 11 0.03478775 0.683137115900755 0.050923525000000004 0.2
1430.0 1 11 0.034735 0.6829733476213415 0.05085850000000001 0.2
1430.5 1 11 0.03468225 0.6828091600348272 0.05079347500000001 0.2
1431.0 1 11 0.0346295 0.6826445515287772 0.05072845 0.2
1431.5 1 11 0.034576749999999996 0.6824795204824781 0.05066342500000001 0.2
1432.0 1 11 0.034524 0.6823140652668859 0.0505984 0.2
1432.5 1 11 0.03447125 0.682148184244571 0.050533375000000005 0.2
1433.0 1 11 0.0344185 0.6819818757696655 0.05046835 0.2
1433.5 1 11 0.03436575 0.681815138187808 0.050403325 0.2
1434.0 1 11 0.034312999999999996 0.6816479698360889 0.0503383 0.2
1434.5 1 11 0.03426025 0.6814803690429954 0.050273275000000006 0.2
1435.0 1 11 0.0342075 0.6813123341283553 0.05020825000000001 0.2
1435.5 1 11 0.03415475 0.6811438634032813 0.050143225 0.2
1436.0 1 11 0.034102 0.6809749551701139 0.05007820000000001 0.2
1436.5 1 11 0.03404925 0.6808056077223652 0.050013175 0.2
1437.0 1 11 0.0339965 0.6806358193446603 0.049948150000000004 0.2
1437.5 1 11 0.03394375 0.6804655883126809 0.049883125 0.2
1438.0 1 11 0.033891 0.6802949128931051 0.049818100000000004 0.2
1438.5 1 11 0.03383825 0.6801237913435502 0.049753074999999994 0.2
1439.0 1 11 0.0337855 0.6799522219125121 0.049688050000000004 0.2
1439.5 1 11 0.03373275 0.679780202839307 0.049623025 0.2
1440.0 1 11 0.03368 0.6796077323540094 0.04955800000000001 0.2
1440.5 1 11 0.03362725 0.679434808677393 0.049492974999999995 0.2
1441.0 1 11 0.0335745 0.6792614300208687 0.049427950000000005 0.2
1441.5 1 11 0.03352175 0.679087594586423 0.049362925 0.2
1442.0 1 11 0.033469 0.6789133005665555 0.0492979 0.2
1442.5 1 11 0.03341625 0.6787385461442177 0.049232875 0.2
1443.0 1 11 0.033363500000000004 0.6785633294927479 0.04916785 0.2
1443.5 1 11 0.03331075 0.6783876487758087 0.049102825 0.2
1444.0 1 11 0.033258 0.6782115021473232 0.04903779999999999 0.2
1444.5 1 11 0.03320525 0.6780348877514087 0.048972775 0.2
1445.0 1 11 0.0331525 0.677857803722314 0.04890775 0.2
1445.5 1 11 0.03309975 0.6776802481843508 0.048842725000000003 0.2
1446.0 1 11 0.033047 0.6775022192518302 0.04877770000000001 0.2
1446.5 1 11 0.03299425 0.677323715028994 0.048712675 0.2
1447.0 1 11 0.0329415 0.6771447336099482 0.04864765 0.2
1447.5 1 11 0.03288875 0.6769652730785954 0.048582625000000004 0.2
1448.0 1 11 0.032836000000000004 0.676785331508566 0.0485176 0.2
1448.5 1 11 0.03278325 0.6766049069631489 0.04845257500000001 0.2
1449.0 1 11 0.0327305 0.6764239974952235 0.04838755 0.2
1449.5 1 11 0.03267775 0.6762426011471875 0.048322525 0.2
1450.0 1 11 0.032625 0.6760607159508885 0.0482575 0.2
1450.5 1 11 0.032572250000000004 0.6758783399275511 0.048192475 0.2
1451.0 1 11 0.0325195 0.6756954710877057 0.04812745 0.2
1451.5 1 11 0.03246675 0.6755121074311169 0.048062425000000006 0.2
1452.0 1 11 0.032414 0.6753282469467096 0.047997399999999996 0.2
1452.5 1 11 0.03236125 0.6751438876124958 0.04793237499999999 0.2
1453.0 1 11 0.032308500000000004 0.6749590273955003 0.04786735000000001 0.2
1453.5 1 11 0.03225575 0.6747736642516865 0.047802325 0.2
1454.0 1 11 0.032203 0.6745877961258806 0.0477373 0.2
1454.5 1 11 0.03215025 0.6744014209516956 0.047672275 0.2
1455.0 1 11 0.0320975 0.6742145366514554 0.047607250000000004 0.2
1455.5 1 11 0.032044750000000004 0.6740271411361164 0.047542225 0.2
1456.0 1 11 0.031992 0.6738392323051906 0.04747720000000001 0.2
1456.5 1 11 0.03193925 0.6736508080466673 0.047412175 0.2
1457.0 1 11 0.0318865 0.6734618662369328 0.047347150000000005 0.2
1457.5 1 11 0.03183375 0.6732724047406922 0.047282125 0.2
1458.0 1 11 0.031781000000000004 0.6730824214108871 0.047217100000000005 0.2
1458.5 1 11 0.03172825 0.6728919140886164 0.04715207500000001 0.2
1459.0 1 11 0.0316755 0.6727008806030532 0.047087050000000005 0.2
1459.5 1 11 0.03162275 0.6725093187713629 0.047022025 0.2
1460.0 1 11 0.03157 0.67231722639862 0.046957 0.2
1460.5 1 11 0.031517250000000004 0.672124601277724 0.046891975 0.2
1461.0 1 11 0.0314645 0.671931441189315 0.046826950000000006 0.2
1461.5 1 11 0.03141175 0.6717377439016893 0.046761924999999996 0.2
1462.0 1 11 0.031359 0.6715435071707115 0.0466969 0.2
1462.5 1 11 0.03130625 0.6713487287397301 0.046631874999999996 0.2
1463.0 1 11 0.031253500000000004 0.6711534063394884 0.04656684999999999 0.2
1463.5 1 11 0.03120075 0.6709575376880369 0.046501825000000004 0.2
1464.0 1 11 0.031148000000000002 0.6707611204906454 0.0464368 0.2
1464.5 1 11 0.03109525 0.6705641524397115 0.046371775000000004 0.2
1465.0 1 11 0.0310425 0.6703666312146718 0.04630675 0.2
1465.5 1 11 0.03098975 0.6701685544819099 0.046241725000000004 0.2
1466.0 1 11 0.030937 0.6699699198946655 0.046176699999999994 0.2
1466.5 1 11 0.030884250000000002 0.6697707250929401 0.046111675000000005 0.2
1467.0 1 11 0.0308315 0.6695709677034052 0.046046649999999995 0.2
1467.5 1 11 0.03077875 0.6693706453393068 0.045981625 0.2
1468.0 1 11 0.030726 0.6691697556003711 0.0459166 0.2
1468.5 1 11 0.03067325 0.6689682960727085 0.045851575000000006 0.2
1469.0 1 11 0.030620500000000002 0.6687662643287167 0.045786549999999995 0.2
1469.5 1 11 0.03056775 0.668563657926983 0.045721525 0.2
1470.0 1 11 0.030515 0.6683604744121866 0.0456565 0.2
1470.5 1 11 0.03046225 0.6681567113149991 0.045591475 0.2
1471.0 1 11 0.0304095 0.6679523661519841 0.04552645000000001 0.2
1471.5 1 11 0.030356750000000002 0.667747436425497 0.045461425 0.2
1472.0 1 11 0.030304 0.6675419196235824 0.0453964 0.2
1472.5 1 11 0.03025125 0.6673358132198726 0.045331375 0.2
1473.0 1 11 0.0301985 0.6671291146734826 0.045266350000000004 0.2
1473.5 1 11 0.03014575 0.6669218214289072 0.045201324999999994 0.2
1474.0 1 11 0.030093 0.6667139309159147 0.045136300000000004 0.2
1474.5 1 11 0.03004025 0.6665054405494408 0.045071275 0.2
1475.0 1 11 0.0299875 0.6662963477294821 0.04500624999999999 0.2
1475.5 1 11 0.02993475 0.6660866498409868 0.044941225 0.2
1476.0 1 11 0.029882 0.6658763442537469 0.044876200000000005 0.2
1476.5 1 11 0.02982925 0.6656654283222879 0.044811175 0.2
1477.0 1 11 0.0297765 0.6654538993857573 0.04474615 0.2
1477.5 1 11 0.02972375 0.665241754767813 0.044681125 0.2
1478.0 1 11 0.029671 0.6650289917765111 0.044616100000000006 0.2
1478.5 1 11 0.02961825 0.6648156077041911 0.04455107500000001 0.2
1479.0 1 11 0.0295655 0.6646015998273617 0.04448605 0.2
1479.5 1 11 0.02951275 0.6643869654065839 0.044421025 0.2
1480.0 1 11 0.02946 0.6641717016863559 0.044356 0.2
1480.5 1 11 0.02940725 0.6639558058949933 0.044290974999999996 0.2
1481.0 1 11 0.0293545 0.6637392752445114 0.04422595 0.2
1481.5 1 11 0.02930175 0.6635221069305047 0.044160925000000004 0.2
1482.0 1 11 0.029249 0.6633042981320258 0.04409590000000001 0.2
1482.5 1 11 0.02919625 0.6630858460114635 0.044030875000000004 0.2
1483.0 1 11 0.0291435 0.6628667477144192 0.04396585 0.2
1483.5 1 11 0.02909075 0.6626470003695829 0.043900825000000004 0.2
1484.0 1 11 0.029038 0.662426601088608 0.0438358 0.2
1484.5 1 11 0.02898525 0.6622055469659837 0.04377077499999999 0.2
1485.0 1 11 0.0289325 0.6619838350789083 0.04370575 0.2
1485.5 1 11 0.02887975 0.6617614624871607 0.043640725 0.2
1486.0 1 11 0.028827 0.6615384262329692 0.0435757 0.2
1486.5 1 11 0.02877425 0.6613147233408814 0.043510675 0.2
1487.0 1 11 0.0287215 0.6610903508176308 0.043445649999999995 0.2
1487.5 1 11 0.02866875 0.6608653056520047 0.043380625000000006 0.2
1488.0 1 11 0.028616 0.6606395848147087 0.043315599999999996 0.2
1488.5 1 11 0.02856325 0.6604131852582307 0.043250575 0.2
1489.0 1 11 0.0285105 0.6601861039167036 0.043185549999999996 0.2
1489.5 1 11 0.02845775 0.6599583377057677 0.043120525 0.2
1490.0 1 11 0.028405 0.6597298835224303 0.0430555 0.2
1490.5 1 11 0.02835225 0.6595007382449252 0.042990475 0.2
1491.0 1 11 0.0282995 0.6592708987325699 0.042925450000000004 0.2
1491.5 1 11 0.02824675 0.6590403618256235 0.042860425 0.2
1492.0 1 11 0.028194 0.6588091243451399 0.0427954 0.2
1492.5 1 11 0.02814125 0.6585771830928233 0.042730375 0.2
1493.0 1 11 0.0280885 0.6583445348508801 0.042665350000000005 0.2
1493.5 1 11 0.028035749999999998 0.6581111763818702 0.042600325 0.2
1494.0 1 11 0.027983 0.6578771044285571 0.0425353 0.2
1494.5 1 11 0.02793025 0.6576423157137551 0.042470275 0.2
1495.0 1 11 0.0278775 0.6574068069401783 0.042405250000000005 0.2
1495.5 1 11 0.02782475 0.6571705747902851 0.042340225 0.2
1496.0 1 11 0.027771999999999998 0.6569336159261221 0.042275200000000006 0.2
1496.5 1 11 0.02771925 0.6566959269891679 0.042210175 0.2
1497.0 1 11 0.0276665 0.6564575046001735 0.04214515 0.2
1497.5 1 11 0.02761375 0.6562183453590026 0.042080124999999996 0.2
1498.0 1 11 0.027561 0.6559784458444702 0.0420151 0.2
1498.5 1 11 0.027508249999999998 0.6557378026141788 0.041950075 0.2
1499.0 1 11 0.0274555 0.6554964122043545 0.04188505 0.2
1499.5 1 11 0.02740275 0.65525427112968 0.041820025000000004 0.2
1500.0 1 11 0.02735 0.6550113758831277 0.041755 0.2
1500.5 1 11 0.02729725 0.6547677229357897 0.041689975 0.2
1501.0 1 11 0.027244499999999998 0.6545233087367072 0.041624949999999994 0.2
1501.5 1 11 0.02719175 0.654278129712698 0.041559925 0.2
1502.0 1 11 0.027139 0.6540321822681824 0.041494899999999994 0.2
1502.5 1 11 0.02708625 0.6537854627850072 0.041429875 0.2
1503.0 1 11 0.0270335 0.6535379676222686 0.04136485 0.2
1503.5 1 11 0.026980749999999998 0.653289693116133 0.041299825 0.2
1504.0 1 11 0.026928 0.653040635579656 0.0412348 0.2
1504.5 1 11 0.02687525 0.6527907913026 0.041169775 0.2
1505.0 1 11 0.0268225 0.6525401565512501 0.04110475 0.2
1505.5 1 11 0.02676975 0.6522887275682281 0.041039725 0.2
1506.0 1 11 0.026717 0.6520365005723043 0.04097470000000001 0.2
1506.5 1 11 0.02666425 0.6517834717582088 0.040909675 0.2
1507.0 1 11 0.0266115 0.651529637296439 0.04084465 0.2
1507.5 1 11 0.02655875 0.6512749933330677 0.04077962499999999 0.2
1508.0 1 11 0.026506 0.6510195359895466 0.040714600000000004 0.2
1508.5 1 11 0.02645325 0.6507632613625112 0.04064957500000001 0.2
1509.0 1 11 0.0264005 0.6505061655235799 0.04058455 0.2
1509.5 1 11 0.02634775 0.6502482445191546 0.040519525 0.2
1510.0 1 11 0.026295 0.6499894943702182 0.04045450000000001 0.2
1510.5 1 11 0.026242249999999998 0.6497299110721295 0.040389475 0.2
1511.0 1 11 0.0261895 0.649469490594416 0.04032445 0.2
1511.5 1 11 0.02613675 0.6492082288805665 0.040259424999999995 0.2
1512.0 1 11 0.026084 0.6489461218478195 0.040194400000000005 0.2
1512.5 1 11 0.02603125 0.6486831653869515 0.04012937500000001 0.2
1513.0 1 11 0.0259785 0.6484193553620613 0.04006435 0.2
1513.5 1 11 0.02592575 0.6481546876103534 0.039999324999999995 0.2
1514.0 1 11 0.025873 0.6478891579419196 0.0399343 0.2
1514.5 1 11 0.02582025 0.6476227621395172 0.039869275 0.2
1515.0 1 11 0.0257675 0.6473554959583462 0.03980424999999999 0.2
1515.5 1 11 0.02571475 0.6470873551258234 0.039739225 0.2
1516.0 1 11 0.025662 0.6468183353413554 0.0396742 0.2
1516.5 1 11 0.02560925 0.6465484322761077 0.039609175 0.2
1517.0 1 11 0.0255565 0.6462776415727737 0.03954415000000001 0.2
1517.5 1 11 0.02550375 0.6460059588453391 0.039479125000000004 0.2
1518.0 1 11 0.025451 0.6457333796788459 0.0394141 0.2
1518.5 1 11 0.02539825 0.6454598996291527 0.03934907499999999 0.2
1519.0 1 11 0.0253455 0.6451855142226934 0.03928405 0.2
1519.5 1 11 0.02529275 0.6449102189562336 0.039219025 0.2
1520.0 1 11 0.02524 0.6446340092966235 0.039154 0.2
1520.5 1 11 0.02518725 0.64435688068055 0.039088975000000005 0.2
1521.0 1 11 0.0251345 0.6440788285142842 0.03902395 0.2
1521.5 1 11 0.02508175 0.6437998481734287 0.038958925000000005 0.2
1522.0 1 11 0.025029 0.643519935002661 0.0388939 0.2
1522.5 1 11 0.02497625 0.6432390843154739 0.038828875 0.2
1523.0 1 11 0.0249235 0.6429572913939147 0.03876385 0.2
1523.5 1 11 0.02487075 0.6426745514883203 0.038698825000000006 0.2
1524.0 1 11 0.024818 0.6423908598170515 0.038633799999999996 0.2
1524.5 1 11 0.02476525 0.6421062115662216 0.038568775 0.2
1525.0 1 11 0.0247125 0.6418206018894262 0.03850375 0.2
1525.5 1 11 0.02465975 0.641534025907467 0.038438725 0.2
1526.0 1 11 0.024607 0.6412464787080736 0.0383737 0.2
1526.5 1 11 0.02455425 0.6409579553456234 0.038308675 0.2
1527.0 1 11 0.0245015 0.6406684508408584 0.038243650000000004 0.2
1527.5 1 11 0.02444875 0.6403779601805984 0.03817862500000001 0.2
1528.0 1 11 0.024396 0.640086478317451 0.0381136 0.2
1528.5 1 11 0.02434325 0.6397940001695201 0.038048575 0.2
1529.0 1 11 0.0242905 0.6395005206201104 0.03798355000000001 0.2
1529.5 1 11 0.024237750000000002 0.6392060345174292 0.037918525 0.2
1530.0 1 11 0.024185 0.6389105366742839 0.0378535 0.2
1530.5 1 11 0.02413225 0.6386140218677785 0.037788475 0.2
1531.0 1 11 0.0240795 0.6383164848390059 0.03772345 0.2
1531.5 1 11 0.02402675 0.6380179202927365 0.037658425 0.2
1532.0 1 11 0.023974000000000002 0.6377183228971044 0.03759339999999999 0.2
1532.5 1 11 0.02392125 0.637417687283289 0.037528375 0.2
1533.0 1 11 0.0238685 0.6371160080451962 0.03746335 0.2
1533.5 1 11 0.02381575 0.6368132797391328 0.037398324999999996 0.2
1534.0 1 11 0.023763 0.6365094968834794 0.0373333 0.2
1534.5 1 11 0.023710250000000002 0.63620465395836 0.037268275000000003 0.2
1535.0 1 11 0.0236575 0.6358987454053073 0.03720325 0.2
1535.5 1 11 0.02360475 0.6355917656269249 0.037138225 0.2
1536.0 1 11 0.023552 0.6352837089865455 0.0370732 0.2
1536.5 1 11 0.02349925 0.6349745698078869 0.03700817500000001 0.2
1537.0 1 11 0.023446500000000002 0.6346643423747028 0.03694315 0.2
1537.5 1 11 0.02339375 0.6343530209304297 0.036878125000000005 0.2
1538.0 1 11 0.023341 0.6340405996778321 0.0368131 0.2
1538.5 1 11 0.02328825 0.633727072778642 0.036748075000000005 0.2
1539.0 1 11 0.0232355 0.6334124343531957 0.03668305 0.2
1539.5 1 11 0.023182750000000002 0.6330966784800656 0.036618025 0.2
1540.0 1 11 0.02313 0.6327797991956885 0.036553 0.2
1540.5 1 11 0.02307725 0.6324617904939914 0.036487975000000006 0.2
1541.0 1 11 0.0230245 0.6321426463260116 0.036422949999999996 0.2
1541.5 1 11 0.02297175 0.6318223605995117 0.036357925 0.2
1542.0 1 11 0.022919000000000002 0.6315009271785942 0.0362929 0.2
1542.5 1 11 0.02286625 0.6311783398833081 0.036227875 0.2
1543.0 1 11 0.0228135 0.6308545924892536 0.036162849999999996 0.2
1543.5 1 11 0.02276075 0.6305296787271809 0.036097825 0.2
1544.0 1 11 0.022708 0.6302035922825869 0.036032800000000004 0.2
1544.5 1 11 0.022655250000000002 0.629876326795305 0.035967775 0.2
1545.0 1 11 0.0226025 0.6295478758590917 0.03590275 0.2
1545.5 1 11 0.02254975 0.6292182330212088 0.035837724999999994 0.2
1546.0 1 11 0.022497000000000003 0.6288873917820014 0.035772700000000004 0.2
1546.5 1 11 0.02244425 0.6285553455944695 0.035707675 0.2
1547.0 1 11 0.0223915 0.6282220878638374 0.03564265 0.2
1547.5 1 11 0.02233875 0.6278876119471156 0.035577625 0.2
1548.0 1 11 0.022286 0.6275519111526612 0.035512600000000005 0.2
1548.5 1 11 0.022233250000000003 0.6272149787397305 0.035447574999999995 0.2
1549.0 1 11 0.022180500000000002 0.6268768079180275 0.03538255 0.2
1549.5 1 11 0.02212775 0.6265373918472487 0.035317525 0.2
1550.0 1 11 0.022075 0.6261967236366216 0.0352525 0.2
1550.5 1 11 0.02202225 0.625854796344438 0.035187474999999996 0.2
1551.0 1 11 0.0219695 0.6255116029775827 0.03512245 0.2
1551.5 1 11 0.021916750000000002 0.6251671364910572 0.035057425 0.2
1552.0 1 11 0.021864 0.6248213897874968 0.0349924 0.2
1552.5 1 11 0.02181125 0.6244743557166836 0.034927375 0.2
1553.0 1 11 0.0217585 0.6241260270750537 0.03486235 0.2
1553.5 1 11 0.02170575 0.6237763966051987 0.034797325000000004 0.2
1554.0 1 11 0.021653000000000002 0.6234254569953617 0.03473230000000001 0.2
1554.5 1 11 0.02160025 0.6230732008789269 0.034667275000000004 0.2
1555.0 1 11 0.0215475 0.6227196208339053 0.03460225 0.2
1555.5 1 11 0.02149475 0.6223647093824126 0.03453722500000001 0.2
1556.0 1 11 0.021442000000000003 0.6220084589901428 0.0344722 0.2
1556.5 1 11 0.021389250000000002 0.6216508620658338 0.034407175 0.2
1557.0 1 11 0.0213365 0.621291910960729 0.03434215 0.2
1557.5 1 11 0.02128375 0.6209315979680325 0.034277125000000006 0.2
1558.0 1 11 0.021231 0.6205699153223568 0.034212099999999995 0.2
1558.5 1 11 0.021178250000000003 0.6202068551991643 0.034147075 0.2
1559.0 1 11 0.021125500000000002 0.6198424097142045 0.03408205 0.2
1559.5 1 11 0.02107275 0.6194765709229423 0.034017025 0.2
1560.0 1 11 0.02102 0.6191093308199812 0.033951999999999996 0.2
1560.5 1 11 0.02096725 0.6187406813384788 0.03388697500000001 0.2
1561.0 1 11 0.020914500000000003 0.618370614349557 0.03382195 0.2
1561.5 1 11 0.020861750000000002 0.6179991216617036 0.033756925 0.2
1562.0 1 11 0.020809 0.6176261950201681 0.0336919 0.2
1562.5 1 11 0.02075625 0.617251826106351 0.033626875 0.2
1563.0 1 11 0.0207035 0.6168760065371842 0.033561850000000004 0.2
1563.5 1 11 0.020650750000000002 0.6164987278645067 0.033496825 0.2
1564.0 1 11 0.020598 0.6161199815744293 0.0334318 0.2
1564.5 1 11 0.02054525 0.6157397590866963 0.033366775 0.2
1565.0 1 11 0.0204925 0.6153580517540369 0.033301750000000005 0.2
1565.5 1 11 0.020439750000000003 0.6149748508615094 0.033236725 0.2
1566.0 1 11 0.020387000000000002 0.6145901476258377 0.0331717 0.2
1566.5 1 11 0.02033425 0.614203933194741 0.033106675 0.2
1567.0 1 11 0.0202815 0.6138161986462541 0.03304164999999999 0.2
1567.5 1 11 0.02022875 0.6134269349880409 0.03297662499999999 0.2
1568.0 1 11 0.020176000000000003 0.6130361331566987 0.03291159999999999 0.2
1568.5 1 11 0.020123250000000002 0.6126437840170551 0.032846575 0.2
1569.0 1 11 0.0200705 0.6122498783614564 0.03278155 0.2
1569.5 1 11 0.02001775 0.6118544069090468 0.032716524999999996 0.2
1570.0 1 11 0.019965000000000004 0.6114573603050397 0.0326515 0.2
1570.5 1 11 0.019912250000000003 0.61105872911998 0.032586475000000004 0.2
1571.0 1 11 0.019859500000000002 0.6106585038489982 0.03252145 0.2
1571.5 1 11 0.01980675 0.610256674911054 0.03245642499999999 0.2
1572.0 1 11 0.019754 0.609853232648172 0.0323914 0.2
1572.5 1 11 0.019701250000000003 0.6094481673246691 0.032326375000000004 0.2
1573.0 1 11 0.019648500000000003 0.6090414691263696 0.03226135 0.2
1573.5 1 11 0.019595750000000002 0.6086331281598134 0.032196325 0.2
1574.0 1 11 0.019543 0.6082231344514539 0.0321313 0.2
1574.5 1 11 0.01949025 0.607811477946846 0.032066275000000005 0.2
1575.0 1 11 0.019437500000000003 0.607398148509824 0.032001249999999995 0.2
1575.5 1 11 0.019384750000000003 0.606983135921669 0.031936225 0.2
1576.0 1 11 0.019332000000000002 0.6065664298802681 0.0318712 0.2
1576.5 1 11 0.01927925 0.6061480199992612 0.031806175000000006 0.2
1577.0 1 11 0.0192265 0.6057278958071779 0.031741149999999996 0.2
1577.5 1 11 0.019173750000000003 0.605306046746564 0.031676125 0.2
1578.0 1 11 0.019121000000000003 0.6048824621730975 0.0316111 0.2
1578.5 1 11 0.019068250000000002 0.6044571313546931 0.031546075 0.2
1579.0 1 11 0.0190155 0.6040300434705959 0.03148105 0.2
1579.5 1 11 0.01896275 0.6036011876104631 0.031416025 0.2
1580.0 1 11 0.018910000000000003 0.6031705527734362 0.031351000000000004 0.2
1580.5 1 11 0.018857250000000002 0.6027381278671994 0.031285975 0.2
1581.0 1 11 0.018804500000000002 0.6023039017070269 0.03122095 0.2
1581.5 1 11 0.01875175 0.6018678630148199 0.031155925 0.2
1582.0 1 11 0.018699 0.6014300004181288 0.0310909 0.2
1582.5 1 11 0.018646250000000003 0.6009903024491655 0.031025875 0.2
1583.0 1 11 0.018593500000000002 0.6005487575438013 0.03096085 0.2
1583.5 1 11 0.01854075 0.6001053540405541 0.030895825 0.2
1584.0 1 11 0.018488 0.5996600801795607 0.0308308 0.2
1584.5 1 11 0.01843525 0.5992129241015381 0.030765775000000002 0.2
1585.0 1 11 0.018382500000000003 0.5987638738467302 0.030700750000000002 0.2
1585.5 1 11 0.018329750000000002 0.5983129173538411 0.030635725 0.2
1586.0 1 11 0.018277 0.5978600424589559 0.0305707 0.2
1586.5 1 11 0.01822425 0.5974052368944467 0.030505675000000003 0.2
1587.0 1 11 0.018171500000000004 0.5969484882878652 0.03044065 0.2
1587.5 1 11 0.018118750000000003 0.5964897841608199 0.030375625 0.2
1588.0 1 11 0.018066000000000002 0.5960291119278405 0.0303106 0.2
1588.5 1 11 0.01801325 0.5955664588952269 0.030245575000000004 0.2
1589.0 1 11 0.017960500000000004 0.5951018122598828 0.030180549999999997 0.2
1589.5 1 11 0.017907750000000004 0.5946351591081346 0.030115524999999997 0.2
1590.0 1 11 0.017855000000000003 0.5941664864145356 0.0300505 0.2
1590.5 1 11 0.017802250000000002 0.5936957810406539 0.029985475 0.2
1591.0 1 11 0.0177495 0.5932230297338442 0.029920450000000005 0.2
1591.5 1 11 0.017696750000000004 0.5927482191260048 0.029855425 0.2
1592.0 1 11 0.017644000000000003 0.5922713357323165 0.0297904 0.2
1592.5 1 11 0.017591250000000003 0.5917923659499671 0.029725375 0.2
1593.0 1 11 0.017538500000000002 0.5913112960568572 0.02966035 0.2
1593.5 1 11 0.01748575 0.5908281122102901 0.029595325 0.2
1594.0 1 11 0.017433000000000004 0.5903428004456441 0.0295303 0.2
1594.5 1 11 0.017380250000000003 0.5898553466750269 0.029465275 0.2
1595.0 1 11 0.017327500000000003 0.5893657366859126 0.02940025 0.2
1595.5 1 11 0.017274750000000002 0.5888739561397603 0.029335225000000003 0.2
1596.0 1 11 0.017222 0.5883799905706145 0.0292702 0.2
1596.5 1 11 0.017169250000000004 0.5878838253836864 0.029205175 0.2
1597.0 1 11 0.017116500000000003 0.5873854458539164 0.029140150000000004 0.2
1597.5 1 11 0.017063750000000003 0.586884837124518 0.029075125 0.2
1598.0 1 11 0.017011000000000002 0.5863819842055009 0.0290101 0.2
1598.5 1 11 0.01695825 0.5858768719721749 0.028945075000000004 0.2
1599.0 1 11 0.016905500000000004 0.5853694851636339 0.02888005 0.2
1599.5 1 11 0.016852750000000003 0.5848598083812179 0.028815025 0.2
1600.0 1 11 0.016800000000000002 0.5843478260869566 0.02875 0.2
1600.5 1 11 0.01677775 0.5840935023068347 0.028724425000000005 0.2
1601.0 1 11 0.016755500000000003 0.5838387252450883 0.02869885 0.2
1601.5 1 11 0.01673325 0.5835834936888096 0.028673275 0.2
1602.0 1 11 0.016711000000000004 0.5833278064207599 0.0286477 0.2
1602.5 1 11 0.016688750000000002 0.5830716622193496 0.028622125 0.2
1603.0 1 11 0.0166665 0.5828150598586193 0.028596550000000005 0.2
1603.5 1 11 0.016644250000000003 0.5825579981082201 0.028570975000000002 0.2
1604.0 1 11 0.016622 0.5823004757333932 0.028545400000000002 0.2
1604.5 1 11 0.016599750000000003 0.5820424914949514 0.028519825000000006 0.2
1605.0 1 11 0.016577500000000002 0.5817840441492582 0.02849425 0.2
1605.5 1 11 0.016555250000000004 0.5815251324482085 0.028468675000000002 0.2
1606.0 1 11 0.016533000000000003 0.5812657551392078 0.028443100000000006 0.2
1606.5 1 11 0.01651075 0.5810059109651526 0.028417525000000003 0.2
1607.0 1 11 0.016488500000000003 0.5807455986644102 0.028391950000000003 0.2
1607.5 1 11 0.01646625 0.5804848169707973 0.028366375 0.2
1608.0 1 11 0.016444000000000004 0.5802235646135607 0.028340800000000003 0.2
1608.5 1 11 0.016421750000000002 0.5799618403173559 0.028315225 0.2
1609.0 1 11 0.0163995 0.5796996428022263 0.02828965 0.2
1609.5 1 11 0.016377250000000003 0.5794369707835831 0.028264075 0.2
1610.0 1 11 0.016355 0.5791738229721834 0.0282385 0.2
1610.5 1 11 0.016332750000000004 0.5789101980741098 0.028212924999999996 0.2
1611.0 1 11 0.016310500000000002 0.5786460947907484 0.02818735 0.2
1611.5 1 11 0.01628825 0.5783815118187685 0.028161775000000003 0.2
1612.0 1 11 0.016266000000000003 0.5781164478501006 0.0281362 0.2
1612.5 1 11 0.01624375 0.5778509015719145 0.028110625 0.2
1613.0 1 11 0.016221500000000003 0.5775848716665986 0.02808505 0.2
1613.5 1 11 0.016199250000000002 0.5773183568117366 0.028059475 0.2
1614.0 1 11 0.016177000000000004 0.5770513556800875 0.0280339 0.2
1614.5 1 11 0.016154750000000002 0.5767838669395617 0.028008325 0.2
1615.0 1 11 0.0161325 0.5765158892532006 0.02798275 0.2
1615.5 1 11 0.016110250000000003 0.576247421279153 0.027957175 0.2
1616.0 1 11 0.016088 0.5759784616706526 0.027931600000000004 0.2
1616.5 1 11 0.016065750000000004 0.5757090090759971 0.027906025000000004 0.2
1617.0 1 11 0.016043500000000002 0.5754390621385237 0.02788045 0.2
1617.5 1 11 0.01602125 0.5751686194965873 0.027854874999999998 0.2
1618.0 1 11 0.015999000000000003 0.5748976797835376 0.0278293 0.2
1618.5 1 11 0.01597675 0.5746262416276956 0.027803725 0.2
1619.0 1 11 0.015954500000000003 0.5743543036523312 0.02777815 0.2
1619.5 1 11 0.015932250000000002 0.5740818644756388 0.027752574999999998 0.2
1620.0 1 11 0.01591 0.5738089227107152 0.027727 0.2
1620.5 1 11 0.015887750000000003 0.5735354769655352 0.027701425000000005 0.2
1621.0 1 11 0.0158655 0.573261525842928 0.027675850000000005 0.2
1621.5 1 11 0.015843250000000003 0.572987067940554 0.027650275000000002 0.2
1622.0 1 11 0.015821 0.5727121018508798 0.027624700000000002 0.2
1622.5 1 11 0.01579875 0.5724366261611554 0.027599125000000002 0.2
1623.0 1 11 0.015776500000000002 0.5721606394533892 0.027573550000000002 0.2
1623.5 1 11 0.01575425 0.5718841403043237 0.027547975 0.2
1624.0 1 11 0.015732000000000003 0.5716071272854112 0.027522400000000006 0.2
1624.5 1 11 0.01570975 0.5713295989627893 0.027496825000000003 0.2
1625.0 1 11 0.0156875 0.5710515538972561 0.027471250000000006 0.2
1625.5 1 11 0.015665250000000002 0.5707729906442455 0.027445675 0.2
1626.0 1 11 0.015643 0.570493907753801 0.0274201 0.2
1626.5 1 11 0.015620750000000003 0.5702143037705528 0.027394525 0.2
1627.0 1 11 0.015598500000000001 0.5699341772336901 0.027368949999999996 0.2
1627.5 1 11 0.015576250000000002 0.5696535266769374 0.027343375 0.2
1628.0 1 11 0.015554000000000002 0.569372350628528 0.027317800000000003 0.2
1628.5 1 11 0.015531750000000002 0.5690906476111788 0.027292224999999996 0.2
1629.0 1 11 0.015509500000000002 0.5688084161420638 0.027266649999999996 0.2
1629.5 1 11 0.015487250000000001 0.5685256547327887 0.027241074999999997 0.2
1630.0 1 11 0.015465000000000001 0.5682423618893646 0.027215499999999997 0.2
1630.5 1 11 0.015442750000000002 0.5679585361121813 0.027189925000000004 0.2
1631.0 1 11 0.015420500000000002 0.5676741758959813 0.027164350000000004 0.2
1631.5 1 11 0.015398250000000002 0.5673892797298331 0.027138775 0.2
1632.0 1 11 0.015376 0.567103846097104 0.027113200000000004 0.2
1632.5 1 11 0.015353750000000001 0.5668178734754339 0.027087625000000004 0.2
1633.0 1 11 0.015331500000000001 0.5665313603367077 0.02706205 0.2
1633.5 1 11 0.015309250000000002 0.5662443051470283 0.027036474999999997 0.2
1634.0 1 11 0.015287000000000002 0.565956706366689 0.0270109 0.2
1634.5 1 11 0.015264750000000002 0.5656685624501466 0.026985324999999998 0.2
1635.0 1 11 0.0152425 0.5653798718459927 0.026959749999999998 0.2
1635.5 1 11 0.015220250000000001 0.5650906329969267 0.026934175 0.2
1636.0 1 11 0.015198000000000001 0.5648008443397279 0.0269086 0.2
1636.5 1 11 0.015175750000000002 0.5645105043052261 0.026883025 0.2
1637.0 1 11 0.015153500000000002 0.5642196113182749 0.026857449999999998 0.2
1637.5 1 11 0.015131250000000002 0.5639281637977219 0.026831875000000005 0.2
1638.0 1 11 0.015109000000000001 0.5636361601563812 0.026806299999999998 0.2
1638.5 1 11 0.015086750000000001 0.5633435988010034 0.026780725000000002 0.2
1639.0 1 11 0.015064500000000002 0.5630504781322474 0.026755150000000002 0.2
1639.5 1 11 0.015042250000000002 0.5627567965446514 0.026729575000000005 0.2
1640.0 1 11 0.015020000000000002 0.5624625524266028 0.026704000000000002 0.2
1640.5 1 11 0.01499775 0.5621677441603093 0.026678425 0.2
1641.0 1 11 0.014975500000000001 0.5618723701217694 0.02665285 0.2
1641.5 1 11 0.014953250000000001 0.5615764286807419 0.026627275 0.2
1642.0 1 11 0.014931000000000002 0.5612799182007165 0.026601700000000002 0.2
1642.5 1 11 0.014908750000000002 0.5609828370388836 0.026576125000000003 0.2
1643.0 1 11 0.0148865 0.5606851835461036 0.026550549999999996 0.2
1643.5 1 11 0.01486425 0.5603869560668766 0.026524975000000003 0.2
1644.0 1 11 0.014842000000000001 0.5600881529393119 0.026499399999999996 0.2
1644.5 1 11 0.014819750000000001 0.5597887724950966 0.026473825000000003 0.2
1645.0 1 11 0.014797500000000002 0.5594888130594653 0.026448249999999996 0.2
1645.5 1 11 0.014775250000000002 0.559188272951168 0.026422674999999996 0.2
1646.0 1 11 0.014753000000000002 0.5588871504824394 0.0263971 0.2
1646.5 1 11 0.01473075 0.5585854439589671 0.026371524999999996 0.2
1647.0 1 11 0.014708500000000001 0.5582831516798598 0.02634595 0.2
1647.5 1 11 0.014686250000000001 0.5579802719376149 0.026320375 0.2
1648.0 1 11 0.014664000000000002 0.5576768030180873 0.0262948 0.2
1648.5 1 11 0.014641750000000002 0.5573727432004562 0.026269225 0.2
1649.0 1 11 0.0146195 0.5570680907571927 0.026243650000000004 0.2
1649.5 1 11 0.01459725 0.556762843954028 0.026218074999999997 0.2
1650.0 1 11 0.014575000000000001 0.5564570010499189 0.0261925 0.2
1650.5 1 11 0.014552750000000001 0.5561505602970163 0.026166925 0.2
1651.0 1 11 0.014530500000000002 0.5558435199406305 0.02614135 0.2
1651.5 1 11 0.01450825 0.5555358782191989 0.026115775000000004 0.2
1652.0 1 11 0.014486 0.5552276333642517 0.026090199999999997 0.2
1652.5 1 11 0.014463750000000001 0.5549187836003779 0.026064625 0.2
1653.0 1 11 0.014441500000000001 0.5546093271451916 0.026039049999999998 0.2
1653.5 1 11 0.014419250000000002 0.5542992622092974 0.026013474999999998 0.2
1654.0 1 11 0.014397000000000002 0.553988586996256 0.0259879 0.2
1654.5 1 11 0.01437475 0.5536772997025498 0.025962325 0.2
1655.0 1 11 0.0143525 0.5533653985175475 0.02593675 0.2
1655.5 1 11 0.014330250000000001 0.5530528816234694 0.025911174999999998 0.2
1656.0 1 11 0.014308000000000001 0.5527397471953519 0.025885599999999998 0.2
1656.5 1 11 0.014285750000000002 0.5524259934010118 0.025860025000000002 0.2
1657.0 1 11 0.014263500000000002 0.5521116184010111 0.025834450000000002 0.2
1657.5 1 11 0.01424125 0.5517966203486203 0.025808875000000005 0.2
1658.0 1 11 0.014219 0.5514809973897833 0.025783300000000002 0.2
1658.5 1 11 0.014196750000000001 0.5511647476630797 0.025757725000000006 0.2
1659.0 1 11 0.014174500000000001 0.5508478692996894 0.02573215 0.2
1659.5 1 11 0.014152250000000002 0.5505303604233548 0.025706575 0.2
1660.0 1 11 0.014130000000000002 0.5502122191503447 0.025681 0.2
1660.5 1 11 0.01410775 0.5498934435894163 0.025655425000000003 0.2
1661.0 1 11 0.0140855 0.5495740318417783 0.02562985 0.2
1661.5 1 11 0.014063250000000001 0.5492539820010526 0.025604275 0.2
1662.0 1 11 0.014041000000000001 0.5489332921532369 0.0255787 0.2
1662.5 1 11 0.014018750000000002 0.5486119603766664 0.025553125 0.2
1663.0 1 11 0.013996500000000002 0.548289984741975 0.025527549999999996 0.2
1663.5 1 11 0.01397425 0.5479673633120572 0.025501975 0.2
1664.0 1 11 0.013952 0.5476440941420295 0.0254764 0.2
1664.5 1 11 0.013929750000000001 0.5473201752791904 0.025450825 0.2
1665.0 1 11 0.013907500000000001 0.5469956047629817 0.02542525 0.2
1665.5 1 11 0.013885250000000002 0.546670380624949 0.025399675000000003 0.2
1666.0 1 11 0.013863000000000002 0.5463445008887016 0.025374099999999997 0.2
1666.5 1 11 0.01384075 0.5460179635698724 0.025348525 0.2
1667.0 1 11 0.013818500000000001 0.5456907666760784 0.025322950000000004 0.2
1667.5 1 11 0.013796250000000001 0.5453629082068792 0.025297375000000004 0.2
1668.0 1 11 0.013774000000000002 0.5450343861537367 0.025271799999999997 0.2
1668.5 1 11 0.013751750000000002 0.5447051984999738 0.025246225 0.2
1669.0 1 11 0.013729500000000002 0.5443753432207339 0.025220649999999997 0.2
1669.5 1 11 0.01370725 0.5440448182829383 0.025195075 0.2
1670.0 1 11 0.013685000000000001 0.5437136216452453 0.0251695 0.2
1670.5 1 11 0.013662750000000001 0.5433817512580077 0.025143924999999998 0.2
1671.0 1 11 0.013640500000000002 0.5430492050632307 0.025118349999999998 0.2
1671.5 1 11 0.013618250000000002 0.5427159809945293 0.025092775 0.2
1672.0 1 11 0.013596 0.5423820769770856 0.025067199999999998 0.2
1672.5 1 11 0.01357375 0.5420474909276055 0.025041625000000005 0.2
1673.0 1 11 0.013551500000000001 0.5417122207542757 0.025016050000000005 0.2
1673.5 1 11 0.013529250000000001 0.54137626435672 0.024990474999999998 0.2
1674.0 1 11 0.013507000000000002 0.5410396196259549 0.024964899999999998 0.2
1674.5 1 11 0.013484750000000002 0.5407022844443465 0.024939325 0.2
1675.0 1 11 0.013462500000000002 0.5403642566855653 0.02491375 0.2
1675.5 1 11 0.01344025 0.5400255342145417 0.024888175 0.2
1676.0 1 11 0.013418000000000001 0.5396861148874214 0.0248626 0.2
1676.5 1 11 0.013395750000000001 0.5393459965515195 0.024837025 0.2
1677.0 1 11 0.013373500000000002 0.5390051770452755 0.024811450000000002 0.2
1677.5 1 11 0.013351250000000002 0.5386636541982077 0.024785875 0.2
1678.0 1 11 0.013329 0.5383214258308664 0.0247603 0.2
1678.5 1 11 0.013306750000000001 0.5379784897547881 0.024734725 0.2
1679.0 1 11 0.013284500000000001 0.5376348437724487 0.024709149999999996 0.2
1679.5 1 11 0.013262250000000001 0.5372904856772166 0.024683575 0.2
1680.0 1 11 0.013240000000000002 0.5369454132533052 0.024658000000000003 0.2
1680.5 1 11 0.013217750000000002 0.536599624275726 0.024632425 0.2
1681.0 1 11 0.013195500000000002 0.5362531165102401 0.02460685 0.2
1681.5 1 11 0.013173250000000001 0.5359058877133103 0.024581275 0.2
1682.0 1 11 0.013151000000000001 0.5355579356320529 0.0245557 0.2
1682.5 1 11 0.013128750000000002 0.5352092580041888 0.024530124999999996 0.2
1683.0 1 11 0.013106500000000002 0.5348598525579944 0.024504550000000003 0.2
1683.5 1 11 0.013084250000000002 0.5345097170122525 0.024478974999999997 0.2
1684.0 1 11 0.013062 0.5341588490762021 0.0244534 0.2
1684.5 1 11 0.013039750000000001 0.5338072464494895 0.024427825 0.2
1685.0 1 11 0.013017500000000001 0.5334549068221168 0.024402250000000004 0.2
1685.5 1 11 0.012995250000000002 0.5331018278743923 0.024376674999999997 0.2
1686.0 1 11 0.012973000000000002 0.5327480072768788 0.024351099999999997 0.2
1686.5 1 11 0.012950750000000002 0.5323934426903428 0.024325525 0.2
1687.0 1 11 0.0129285 0.5320381317657032 0.02429995 0.2
1687.5 1 11 0.012906250000000001 0.531682072143979 0.024274375 0.2
1688.0 1 11 0.012884000000000001 0.531325261456237 0.0242488 0.2
1688.5 1 11 0.012861750000000002 0.5309676973235398 0.024223225 0.2
1689.0 1 11 0.012839500000000002 0.5306093773568922 0.02419765 0.2
1689.5 1 11 0.012817250000000002 0.5302502991571887 0.024172075 0.2
1690.0 1 11 0.012795 0.5298904603151595 0.0241465 0.2
1690.5 1 11 0.012772750000000001 0.5295298584113172 0.024120925 0.2
1691.0 1 11 0.012750500000000001 0.5291684910159015 0.02409535 0.2
1691.5 1 11 0.012728250000000002 0.5288063556888255 0.024069775 0.2
1692.0 1 11 0.012706000000000002 0.5284434499796209 0.024044200000000005 0.2
1692.5 1 11 0.01268375 0.5280797714273818 0.024018625000000002 0.2
1693.0 1 11 0.012661500000000001 0.5277153175607103 0.02399305 0.2
1693.5 1 11 0.012639250000000001 0.5273500858976593 0.023967475 0.2
1694.0 1 11 0.012617000000000001 0.5269840739456769 0.0239419 0.2
1694.5 1 11 0.012594750000000002 0.5266172792015497 0.023916325 0.2
1695.0 1 11 0.012572500000000002 0.5262496991513453 0.023890749999999995 0.2
1695.5 1 11 0.012550250000000002 0.5258813312703554 0.023865174999999995 0.2
1696.0 1 11 0.012528000000000001 0.5255121730230373 0.0238396 0.2
1696.5 1 11 0.012505750000000001 0.5251422218629569 0.023814025 0.2
1697.0 1 11 0.012483500000000002 0.5247714752327286 0.02378845 0.2
1697.5 1 11 0.012461250000000002 0.5243999305639575 0.023762875 0.2
1698.0 1 11 0.012439000000000002 0.5240275852771799 0.0237373 0.2
1698.5 1 11 0.01241675 0.5236544367818031 0.023711725 0.2
1699.0 1 11 0.012394500000000001 0.5232804824760462 0.02368615 0.2
1699.5 1 11 0.012372250000000001 0.5229057197468786 0.023660574999999996 0.2
1700.0 1 11 0.012350000000000002 0.5225301459699598 0.023635000000000003 0.2
1700.5 1 11 0.012327750000000002 0.5221537585095783 0.023609425 0.2
1701.0 1 11 0.012305500000000002 0.5217765547185893 0.02358385 0.2
1701.5 1 11 0.01228325 0.521398531938353 0.023558275 0.2
1702.0 1 11 0.012261000000000001 0.5210196874986721 0.0235327 0.2
1702.5 1 11 0.012238750000000001 0.5206400187177292 0.023507125 0.2
1703.0 1 11 0.012216500000000002 0.5202595229020232 0.02348155 0.2
1703.5 1 11 0.012194250000000002 0.5198781973463052 0.023455974999999997 0.2
1704.0 1 11 0.012172000000000002 0.5194960393335155 0.0234304 0.2
1704.5 1 11 0.01214975 0.519113046134718 0.023404825 0.2
1705.0 1 11 0.012127500000000001 0.5187292150090358 0.023379250000000004 0.2
1705.5 1 11 0.012105250000000001 0.5183445432035858 0.023353674999999997 0.2
1706.0 1 11 0.012083000000000002 0.5179590279534125 0.023328099999999997 0.2
1706.5 1 11 0.012060750000000002 0.5175726664814222 0.023302524999999998 0.2
1707.0 1 11 0.012038500000000002 0.5171854559983161 0.023276949999999994 0.2
1707.5 1 11 0.012016250000000001 0.5167973937025231 0.023251374999999998 0.2
1708.0 1 11 0.011994000000000001 0.5164084767801326 0.023225799999999994 0.2
1708.5 1 11 0.011971750000000001 0.516018702404826 0.023200224999999994 0.2
1709.0 1 11 0.011949500000000002 0.5156280677378084 0.023174649999999998 0.2
1709.5 1 11 0.011927250000000002 0.5152365699277403 0.023149074999999998 0.2
1710.0 1 11 0.011905000000000002 0.5148442061106668 0.023123499999999995 0.2
1710.5 1 11 0.011882750000000001 0.5144509734099493 0.023097924999999995 0.2
1711.0 1 11 0.011860500000000001 0.5140568689361943 0.02307235 0.2
1711.5 1 11 0.011838250000000002 0.5136618897871829 0.023046775 0.2
1712.0 1 11 0.011816000000000002 0.5132660330477995 0.0230212 0.2
1712.5 1 11 0.011793750000000002 0.5128692957899602 0.022995624999999995 0.2
1713.0 1 11 0.011771500000000002 0.5124716750725402 0.02297005 0.2
1713.5 1 11 0.011749250000000001 0.5120731679413019 0.022944475 0.2
1714.0 1 11 0.011727000000000001 0.5116737714288209 0.022918899999999996 0.2
1714.5 1 11 0.011704750000000002 0.5112734825544127 0.022893325000000003 0.2
1715.0 1 11 0.011682500000000002 0.5108722983240591 0.02286775 0.2
1715.5 1 11 0.011660250000000002 0.5104702157303322 0.022842175000000003 0.2
1716.0 1 11 0.011638000000000003 0.5100672317523208 0.0228166 0.2
1716.5 1 11 0.011615750000000001 0.5096633433555534 0.022791025 0.2
1717.0 1 11 0.011593500000000001 0.5092585474919231 0.02276545 0.2
1717.5 1 11 0.011571250000000002 0.5088528410996104 0.022739874999999996 0.2
1718.0 1 11 0.011549000000000002 0.5084462211030056 0.022714300000000003 0.2
1718.5 1 11 0.011526750000000002 0.5080386844126323 0.022688725000000003 0.2
1719.0 1 11 0.011504500000000003 0.5076302279250678 0.022663150000000003 0.2
1719.5 1 11 0.011482250000000001 0.5072208485228652 0.022637575000000004 0.2
1720.0 1 11 0.011460000000000001 0.5068105430744738 0.022612 0.2
1720.5 1 11 0.011437750000000002 0.506399308434159 0.022586425 0.2
1721.0 1 11 0.011415500000000002 0.5059871414419227 0.02256085 0.2
1721.5 1 11 0.011393250000000002 0.5055740389234212 0.022535275 0.2
1722.0 1 11 0.011371000000000003 0.505159997689885 0.022509699999999997 0.2
1722.5 1 11 0.011348750000000001 0.5047450145380352 0.022484125 0.2
1723.0 1 11 0.011326500000000001 0.5043290862500028 0.02245855 0.2
1723.5 1 11 0.011304250000000002 0.5039122095932439 0.022432975000000004 0.2
1724.0 1 11 0.011282000000000002 0.5034943813204567 0.022407400000000004 0.2
1724.5 1 11 0.011259750000000002 0.503075598169497 0.022381825 0.2
1725.0 1 11 0.011237500000000001 0.5026558568632933 0.02235625 0.2
1725.5 1 11 0.011215250000000001 0.5022351541097616 0.022330675 0.2
1726.0 1 11 0.011193000000000002 0.501813486601719 0.022305099999999998 0.2
1726.5 1 11 0.011170750000000002 0.5013908510167969 0.022279524999999998 0.2
1727.0 1 11 0.011148500000000002 0.5009672440173544 0.022253949999999998 0.2
1727.5 1 11 0.011126250000000002 0.5005426622503896 0.022228374999999998 0.2
1728.0 1 11 0.011104000000000003 0.5001171023474519 0.022202799999999995 0.2
1728.5 1 11 0.011081750000000001 0.4996905609245522 0.022177224999999995 0.2
1729.0 1 11 0.011059500000000002 0.4992630345820741 0.02215165 0.2
1729.5 1 11 0.011037250000000002 0.4988345199046827 0.022126075 0.2
1730.0 1 11 0.011015000000000002 0.49840501346123406 0.0221005 0.2
1730.5 1 11 0.010992750000000003 0.4979745118046835 0.022074925000000002 0.2
1731.0 1 11 0.010970500000000001 0.4975430114719936 0.02204935 0.2
1731.5 1 11 0.010948250000000001 0.4971105089840412 0.022023775 0.2
1732.0 1 11 0.010926000000000002 0.4966770008455238 0.021998200000000002 0.2
1732.5 1 11 0.010903750000000002 0.4962424835448656 0.021972625000000003 0.2
1733.0 1 11 0.010881500000000002 0.4958069535541224 0.02194705 0.2
1733.5 1 11 0.010859250000000003 0.49537040732888654 0.021921475000000003 0.2
1734.0 1 11 0.010837000000000003 0.49493284130819026 0.0218959 0.2
1734.5 1 11 0.010814750000000001 0.4944942519144092 0.021870325 0.2
1735.0 1 11 0.010792500000000002 0.49405463555316503 0.02184475 0.2
1735.5 1 11 0.010770250000000002 0.49361398861322675 0.021819175000000003 0.2
1736.0 1 11 0.010748000000000002 0.4931723074664123 0.0217936 0.2
1736.5 1 11 0.010725750000000003 0.49272958846748854 0.021768025 0.2
1737.0 1 11 0.010703500000000001 0.49228582795407144 0.02174245 0.2
1737.5 1 11 0.010681250000000002 0.49184102224652493 0.021716875000000004 0.2
1738.0 1 11 0.010659000000000002 0.4913951676478589 0.0216913 0.2
1738.5 1 11 0.010636750000000002 0.49094826044362716 0.021665724999999997 0.2
1739.0 1 11 0.010614500000000002 0.4905002969018239 0.021640149999999997 0.2
1739.5 1 11 0.010592250000000003 0.49005127327278025 0.021614574999999997 0.2
1740.0 1 11 0.010570000000000001 0.48960118578905937 0.021588999999999997 0.2
1740.5 1 11 0.010547750000000002 0.4891500306653513 0.021563424999999997 0.2
1741.0 1 11 0.010525500000000002 0.4886978040983665 0.02153785 0.2
1741.5 1 11 0.010503250000000002 0.4882445022667293 0.021512274999999997 0.2
1742.0 1 11 0.010481000000000002 0.48779012133086996 0.021486699999999997 0.2
1742.5 1 11 0.010458750000000003 0.48733465743291665 0.021461124999999998 0.2
1743.0 1 11 0.010436500000000001 0.48687810669658593 0.021435549999999998 0.2
1743.5 1 11 0.010414250000000002 0.486420465227073 0.021409974999999998 0.2
1744.0 1 11 0.010392000000000002 0.4859617291109408 0.021384399999999998 0.2
1744.5 1 11 0.010369750000000002 0.4855018944160085 0.021358825 0.2
1745.0 1 11 0.010347500000000003 0.4850409571912392 0.021333249999999995 0.2
1745.5 1 11 0.010325250000000001 0.48457891346662657 0.021307674999999998 0.2
1746.0 1 11 0.010303000000000001 0.4841157592530813 0.021282099999999998 0.2
1746.5 1 11 0.010280750000000002 0.48365149054231593 0.021256525000000002 0.2
1747.0 1 11 0.010258500000000002 0.48318610330672923 0.021230949999999995 0.2
1747.5 1 11 0.010236250000000002 0.48271959349928983 0.021205375 0.2
1748.0 1 11 0.010214000000000003 0.482251957053419 0.0211798 0.2
1748.5 1 11 0.010191750000000003 0.4817831898828723 0.021154225 0.2
1749.0 1 11 0.010169500000000001 0.48131328788162053 0.02112865 0.2
1749.5 1 11 0.010147250000000002 0.4808422469237304 0.021103075 0.2
1750.0 1 11 0.010125000000000002 0.4803700628632429 0.0210775 0.2
1750.5 1 11 0.010102750000000002 0.47989673153405227 0.021051924999999996 0.2
1751.0 1 11 0.010080500000000003 0.4794222487497832 0.02102635 0.2
1751.5 1 11 0.010058250000000001 0.4789466103036674 0.021000775000000003 0.2
1752.0 1 11 0.010036000000000002 0.4784698119684199 0.020975200000000003 0.2
1752.5 1 11 0.010013750000000002 0.4779918494961128 0.020949625 0.2
1753.0 1 11 0.009991500000000002 0.47751271861804967 0.02092405 0.2
1753.5 1 11 0.009969250000000002 0.47703241504463856 0.020898475 0.2
1754.0 1 11 0.009947000000000003 0.4765509344652637 0.0208729 0.2
1754.5 1 11 0.009924750000000001 0.4760682725481567 0.020847325000000003 0.2
1755.0 1 11 0.009902500000000002 0.47558442494026687 0.02082175 0.2
1755.5 1 11 0.009880250000000002 0.47509938726712975 0.020796175 0.2
1756.0 1 11 0.009858000000000002 0.4746131551327358 0.020770600000000004 0.2
1756.5 1 11 0.009835750000000002 0.4741257241193974 0.020745025 0.2
1757.0 1 11 0.009813500000000003 0.47363708978761515 0.02071945 0.2
1757.5 1 11 0.009791250000000001 0.4731472476759428 0.020693875 0.2
1758.0 1 11 0.009769000000000002 0.4726561933008521 0.0206683 0.2
1758.5 1 11 0.009746750000000002 0.4721639221565952 0.020642725 0.2
1759.0 1 11 0.009724500000000002 0.4716704297150674 0.02061715 0.2
1759.5 1 11 0.009702250000000003 0.4711757114256681 0.020591575 0.2
1760.0 1 11 0.009680000000000001 0.470679762715161 0.020566 0.2
1760.5 1 11 0.009657750000000001 0.4701825789875332 0.020540425 0.2
1761.0 1 11 0.009635500000000002 0.469684155623853 0.02051485 0.2
1761.5 1 11 0.009613250000000002 0.46918448798212736 0.020489274999999998 0.2
1762.0 1 11 0.009591000000000002 0.46868357139715705 0.0204637 0.2
1762.5 1 11 0.00956875 0.46818140118039214 0.020438124999999994 0.2
1763.0 1 11 0.009546500000000001 0.4676779726197855 0.020412549999999998 0.2
1763.5 1 11 0.009524250000000001 0.4671732809796452 0.020386974999999998 0.2
1764.0 1 11 0.009502000000000002 0.46666732150048634 0.020361399999999998 0.2
1764.5 1 11 0.009479750000000002 0.4661600893988812 0.020335825 0.2
1765.0 1 11 0.009457500000000002 0.46565157986730854 0.02031025 0.2
1765.5 1 11 0.009435250000000001 0.46514178807400175 0.020284675 0.2
1766.0 1 11 0.009413000000000001 0.4646307091627961 0.0202591 0.2
1766.5 1 11 0.009390750000000002 0.4641183382529738 0.020233525 0.2
1767.0 1 11 0.009368500000000002 0.46360467043910947 0.02020795 0.2
1767.5 1 11 0.009346250000000002 0.463089700790913 0.020182374999999995 0.2
1768.0 1 11 0.009324000000000002 0.4625734243530721 0.0201568 0.2
1768.5 1 11 0.009301750000000001 0.4620558361450931 0.020131225 0.2
1769.0 1 11 0.009279500000000001 0.46153693116114136 0.020105649999999996 0.2
1769.5 1 11 0.009257250000000002 0.4610167043698793 0.020080074999999996 0.2
1770.0 1 11 0.009235000000000002 0.4604951507143037 0.020054499999999996 0.2
1770.5 1 11 0.009212750000000002 0.45997226511158257 0.020028924999999996 0.2
1771.0 1 11 0.0091905 0.4594480424528893 0.020003349999999993 0.2
1771.5 1 11 0.009168250000000001 0.45892247760323673 0.019977774999999996 0.2
1772.0 1 11 0.009146000000000001 0.45839556540130927 0.019952199999999996 0.2
1772.5 1 11 0.009123750000000002 0.45786730065929393 0.019926624999999996 0.2
1773.0 1 11 0.009101500000000002 0.4573376781627102 0.019901049999999993 0.2
1773.5 1 11 0.00907925 0.45680669267023816 0.019875474999999997 0.2
1774.0 1 11 0.009057 0.4562743389135463 0.019849899999999993 0.2
1774.5 1 11 0.009034750000000001 0.4557406115971163 0.019824324999999993 0.2
1775.0 1 11 0.009012500000000001 0.4552055053980682 0.019798749999999997 0.2
1775.5 1 11 0.008990250000000002 0.4546690149659831 0.019773174999999997 0.2
1776.0 1 11 0.008968000000000002 0.45413113492272494 0.0197476 0.2
1776.5 1 11 0.008945750000000002 0.45359185986226075 0.019722025 0.2
1777.0 1 11 0.008923500000000001 0.45305118435047953 0.019696449999999997 0.2
1777.5 1 11 0.008901250000000001 0.4525091029250098 0.019670874999999997 0.2
1778.0 1 11 0.008879000000000001 0.4519656100950356 0.019645299999999997 0.2
1778.5 1 11 0.008856750000000002 0.4514207003411109 0.019619724999999998 0.2
1779.0 1 11 0.008834500000000002 0.4508743681149732 0.019594149999999998 0.2
1779.5 1 11 0.00881225 0.45032660783935474 0.019568574999999998 0.2
1780.0 1 11 0.008790000000000001 0.4497774139077932 0.019542999999999994 0.2
1780.5 1 11 0.008767750000000001 0.4492267806844398 0.019517424999999998 0.2
1781.0 1 11 0.008745500000000002 0.44867470250386715 0.019491849999999995 0.2
1781.5 1 11 0.008723250000000002 0.4481211736708745 0.019466274999999998 0.2
1782.0 1 11 0.008701 0.4475661884602921 0.019440699999999998 0.2
1782.5 1 11 0.00867875 0.44700974111678404 0.019415125 0.2
1783.0 1 11 0.008656500000000001 0.4464518258546486 0.01938955 0.2
1783.5 1 11 0.008634250000000001 0.4458924368576184 0.019363975 0.2
1784.0 1 11 0.008612000000000002 0.4453315682786581 0.019338400000000002 0.2
1784.5 1 11 0.008589750000000002 0.4447692142397605 0.019312825 0.2
1785.0 1 11 0.0085675 0.4442053688317412 0.01928725 0.2
1785.5 1 11 0.00854525 0.4436400261140322 0.019261675 0.2
1786.0 1 11 0.008523000000000001 0.44307318011447233 0.0192361 0.2
1786.5 1 11 0.008500750000000001 0.4425048248290977 0.019210525 0.2
1787.0 1 11 0.008478500000000002 0.4419349542219293 0.01918495 0.2
1787.5 1 11 0.008456250000000002 0.44136356222475953 0.019159375 0.2
1788.0 1 11 0.008434 0.44079064273693674 0.019133800000000003 0.2
1788.5 1 11 0.00841175 0.4402161896251484 0.019108224999999996 0.2
1789.0 1 11 0.008389500000000001 0.43964019672320154 0.01908265 0.2
1789.5 1 11 0.008367250000000001 0.4390626578318027 0.019057075 0.2
1790.0 1 11 0.008345000000000002 0.4384835667183355 0.0190315 0.2
1790.5 1 11 0.00832275 0.43790291711663604 0.019005924999999996 0.2
1791.0 1 11 0.0083005 0.43732070272676743 0.01898035 0.2
1791.5 1 11 0.008278250000000001 0.4367369172147916 0.018954775 0.2
1792.0 1 11 0.008256000000000001 0.4361515542125394 0.0189292 0.2
1792.5 1 11 0.008233750000000001 0.43556460731737967 0.018903625 0.2
1793.0 1 11 0.0082115 0.43497607009198513 0.01887805 0.2
1793.5 1 11 0.00818925 0.4343859360640977 0.018852475 0.2
1794.0 1 11 0.008167 0.4337941987262906 0.0188269 0.2
1794.5 1 11 0.008144750000000001 0.4332008515357296 0.018801324999999997 0.2
1795.0 1 11 0.008122500000000001 0.4326058879139317 0.018775749999999997 0.2
1795.5 1 11 0.008100250000000002 0.4320093012465218 0.018750174999999997 0.2
1796.0 1 11 0.008078000000000002 0.4314110848829883 0.018724599999999997 0.2
1796.5 1 11 0.00805575 0.430811232136435 0.018699024999999998 0.2
1797.0 1 11 0.0080335 0.43020973628333287 0.018673449999999998 0.2
1797.5 1 11 0.008011250000000001 0.42960659056326805 0.018647874999999998 0.2
1798.0 1 11 0.007989000000000001 0.4290017881786891 0.018622299999999998 0.2
1798.5 1 11 0.007966750000000002 0.4283953222946515 0.018596724999999995 0.2
1799.0 1 11 0.0079445 0.42778718603855986 0.018571149999999998 0.2
1799.5 1 11 0.00792225 0.42717737249990906 0.018545574999999998 0.2
1800.0 1 11 0.0079 0.42656587473002167 0.01852 0.2
