mass result channel_or_id theo_cross_section ratio observed_limit width_to_mass_ratio
600.0 0 10 1.75 2.0920752190701624 0.83649 0.1
600.5 0 10 1.7466475 2.092533004554454 0.834704875 0.1
601.0 0 10 1.743295 2.092992752302968 0.83291975 0.1
601.5 0 10 1.7399425 2.093454474959457 0.8311346249999999 0.1
602.0 0 10 1.73659 2.093918185276533 0.8293495 0.1
602.5 0 10 1.7332375 2.094383896116843 0.8275643749999999 0.1
603.0 0 10 1.729885 2.0948516204542558 0.82577925 0.1
603.5 0 10 1.7265325 2.095321371375069 0.8239941249999999 0.1
604.0 0 10 1.72318 2.095793162079228 0.822209 0.1
604.5 0 10 1.7198275 2.096267005881564 0.8204238749999999 0.1
605.0 0 10 1.716475 2.0967429162130427 0.8186387500000001 0.1
605.5 0 10 1.7131224999999999 2.09722090662204 0.8168536249999999 0.1
606.0 0 10 1.70977 2.097700990775622 0.8150685 0.1
606.5 0 10 1.7064175 2.0981831824608492 0.8132833749999998 0.1
607.0 0 10 1.703065 2.0986674955860964 0.81149825 0.1
607.5 0 10 1.6997125 2.099153944182392 0.8097131249999998 0.1
608.0 0 10 1.69636 2.099642542404769 0.807928 0.1
608.5 0 10 1.6930075 2.1001333045336414 0.8061428749999998 0.1
609.0 0 10 1.689655 2.1006262449761937 0.80435775 0.1
609.5 0 10 1.6863025 2.1011213782677927 0.8025726249999999 0.1
610.0 0 10 1.68295 2.101618719073412 0.8007874999999999 0.1
610.5 0 10 1.6795975 2.1021182821890863 0.799002375 0.1
611.0 0 10 1.676245 2.102620082543372 0.79721725 0.1
611.5 0 10 1.6728925 2.1031241351988395 0.7954321249999998 0.1
612.0 0 10 1.66954 2.1036304553535765 0.793647 0.1
612.5 0 10 1.6661875 2.104139058342719 0.791861875 0.1
613.0 0 10 1.662835 2.104649959639997 0.79007675 0.1
613.5 0 10 1.6594825 2.105163174859304 0.788291625 0.1
614.0 0 10 1.65613 2.1056787197562894 0.7865065000000001 0.1
614.5 0 10 1.6527775 2.1061966102299685 0.7847213749999999 0.1
615.0 0 10 1.649425 2.106716862324359 0.78293625 0.1
615.5 0 10 1.6460725 2.107239492230137 0.781151125 0.1
616.0 0 10 1.64272 2.1077645162863146 0.7793660000000001 0.1
616.5 0 10 1.6393675 2.1082919509819478 0.777580875 0.1
617.0 0 10 1.636015 2.1088218129578564 0.7757957500000001 0.1
617.5 0 10 1.6326625 2.1093541190083793 0.7740106249999998 0.1
618.0 0 10 1.62931 2.1098888860831453 0.7722255000000001 0.1
618.5 0 10 1.6259575 2.110426131288875 0.7704403750000001 0.1
619.0 0 10 1.622605 2.1109658718912025 0.7686552499999999 0.1
619.5 0 10 1.6192525 2.111508125316526 0.766870125 0.1
620.0 0 10 1.6159 2.112052909153885 0.7650849999999999 0.1
620.5 0 10 1.6125475 2.1126002411568585 0.763299875 0.1
621.0 0 10 1.609195 2.1131501392454974 0.7615147499999999 0.1
621.5 0 10 1.6058425 2.113702621508277 0.7597296250000001 0.1
622.0 0 10 1.60249 2.114257706204082 0.7579445 0.1
622.5 0 10 1.5991374999999999 2.1148154117642197 0.756159375 0.1
623.0 0 10 1.595785 2.115375756794456 0.7543742499999998 0.1
623.5 0 10 1.5924325 2.1159387600770874 0.752589125 0.1
624.0 0 10 1.58908 2.116504440573039 0.750804 0.1
624.5 0 10 1.5857275 2.1170728174239937 0.7490188749999999 0.1
625.0 0 10 1.5823749999999999 2.117643909954549 0.7472337499999998 0.1
625.5 0 10 1.5790225 2.1182177376744105 0.7454486250000001 0.1
626.0 0 10 1.57567 2.1187943202806108 0.7436634999999999 0.1
626.5 0 10 1.5723175 2.1193736776597647 0.741878375 0.1
627.0 0 10 1.568965 2.119955829890355 0.7400932499999999 0.1
627.5 0 10 1.5656124999999999 2.1205407972450527 0.7383081249999999 0.1
628.0 0 10 1.56226 2.1211286001930696 0.7365229999999999 0.1
628.5 0 10 1.5589075 2.1217192594025454 0.734737875 0.1
629.0 0 10 1.555555 2.122312795742973 0.7329527499999999 0.1
629.5 0 10 1.5522025 2.122909230287651 0.731167625 0.1
630.0 0 10 1.54885 2.1235085843161854 0.7293824999999999 0.1
630.5 0 10 1.5454975 2.1241108793170125 0.7275973749999999 0.1
631.0 0 10 1.5421449999999999 2.124716136989972 0.72581225 0.1
631.5 0 10 1.5387925 2.1253243792489127 0.724027125 0.1
632.0 0 10 1.53544 2.125935628224335 0.7222419999999999 0.1
632.5 0 10 1.5320875 2.126549906266076 0.720456875 0.1
633.0 0 10 1.528735 2.127167235946035 0.7186717499999999 0.1
633.5 0 10 1.5253825 2.1277876400609372 0.716886625 0.1
634.0 0 10 1.52203 2.1284111416351386 0.7151015 0.1
634.5 0 10 1.5186775 2.1290377639234763 0.713316375 0.1
635.0 0 10 1.515325 2.1296675304141597 0.71153125 0.1
635.5 0 10 1.5119725 2.130300464831703 0.709746125 0.1
636.0 0 10 1.50862 2.130936591139908 0.7079609999999998 0.1
636.5 0 10 1.5052675 2.1315759335448834 0.706175875 0.1
637.0 0 10 1.501915 2.1322185164981224 0.7043907500000001 0.1
637.5 0 10 1.4985625 2.132864364699614 0.7026056249999998 0.1
638.0 0 10 1.49521 2.133513503101008 0.7008205 0.1
638.5 0 10 1.4918575 2.1341659569088334 0.699035375 0.1
639.0 0 10 1.488505 2.134821751587755 0.6972502500000001 0.1
639.5 0 10 1.4851524999999999 2.135480912863891 0.6954651249999999 0.1
640.0 0 10 1.4818 2.1361434667281745 0.69368 0.1
640.5 0 10 1.4784475 2.1368094394397703 0.6918948749999999 0.1
641.0 0 10 1.475095 2.1374788575295454 0.69010975 0.1
641.5 0 10 1.4717425 2.1381517478035894 0.6883246249999998 0.1
642.0 0 10 1.4683899999999999 2.138828137346795 0.6865395 0.1
642.5 0 10 1.4650375 2.1395080535264923 0.6847543750000001 0.1
643.0 0 10 1.461685 2.1401915239961387 0.68296925 0.1
643.5 0 10 1.4583325 2.1408785766990683 0.6811841249999999 0.1
644.0 0 10 1.45498 2.141569239872299 0.679399 0.1
644.5 0 10 1.4516274999999998 2.142263542050404 0.6776138750000001 0.1
645.0 0 10 1.448275 2.1429615120694407 0.67582875 0.1
645.5 0 10 1.4449224999999999 2.1436631790709395 0.6740436249999998 0.1
646.0 0 10 1.44157 2.144368572505963 0.6722585 0.1
646.5 0 10 1.4382175 2.145077722139227 0.670473375 0.1
647.0 0 10 1.4348649999999998 2.1457906580532855 0.66868825 0.1
647.5 0 10 1.4315125 2.1465074106527844 0.6669031249999999 0.1
648.0 0 10 1.42816 2.1472280106687838 0.665118 0.1
648.5 0 10 1.4248075 2.1479524891631523 0.6633328749999999 0.1
649.0 0 10 1.421455 2.1486808775330277 0.6615477499999999 0.1
649.5 0 10 1.4181024999999998 2.1494132075153543 0.6597626249999999 0.1
650.0 0 10 1.41475 2.150149511191492 0.6579775 0.1
650.5 0 10 1.4113974999999999 2.1508898209919005 0.6561923749999999 0.1
651.0 0 10 1.408045 2.151634169700901 0.65440725 0.1
651.5 0 10 1.4046925 2.1523825904615173 0.6526221249999998 0.1
652.0 0 10 1.40134 2.1531351167803923 0.650837 0.1
652.5 0 10 1.3979875 2.153891782532791 0.6490518749999998 0.1
653.0 0 10 1.3946349999999998 2.1546526219676814 0.6472667500000001 0.1
653.5 0 10 1.3912825 2.1554176697129064 0.645481625 0.1
654.0 0 10 1.3879299999999999 2.15618696078043 0.6436965 0.1
654.5 0 10 1.3845775 2.1569605305716855 0.641911375 0.1
655.0 0 10 1.381225 2.1577384148830014 0.64012625 0.1
655.5 0 10 1.3778725 2.1585206499111274 0.638341125 0.1
656.0 0 10 1.37452 2.1593072722588427 0.6365560000000001 0.1
656.5 0 10 1.3711674999999999 2.1600983189406726 0.634770875 0.1
657.0 0 10 1.367815 2.1608938273886893 0.63298575 0.1
657.5 0 10 1.3644625 2.161693835458417 0.6312006249999998 0.1
658.0 0 10 1.36111 2.162498381434839 0.6294155 0.1
658.5 0 10 1.3577575 2.1633075040385035 0.627630375 0.1
659.0 0 10 1.3544049999999999 2.164121242431735 0.6258452500000001 0.1
659.5 0 10 1.3510525 2.1649396362249553 0.624060125 0.1
660.0 0 10 1.3477 2.1657627254831064 0.6222749999999999 0.1
660.5 0 10 1.3443475 2.166590550732194 0.620489875 0.1
661.0 0 10 1.340995 2.167423152965934 0.61870475 0.1
661.5 0 10 1.3376424999999998 2.168260573652524 0.616919625 0.1
662.0 0 10 1.33429 2.1691028547415243 0.6151344999999999 0.1
662.5 0 10 1.3309374999999999 2.1699500386708634 0.613349375 0.1
663.0 0 10 1.327585 2.1708021683739687 0.6115642500000001 0.1
663.5 0 10 1.3242325 2.1716592872870155 0.609779125 0.1
664.0 0 10 1.3208799999999998 2.1725214393563093 0.6079939999999999 0.1
664.5 0 10 1.3175275 2.173388669045797 0.606208875 0.1
665.0 0 10 1.3141749999999999 2.17426102134471 0.60442375 0.1
665.5 0 10 1.3108225 2.175138541775347 0.602638625 0.1
666.0 0 10 1.30747 2.1760212764009865 0.6008534999999999 0.1
666.5 0 10 1.3041175 2.1769092718339538 0.599068375 0.1
667.0 0 10 1.300765 2.1778025752438226 0.59728325 0.1
667.5 0 10 1.2974124999999999 2.178701234365767 0.595498125 0.1
668.0 0 10 1.29406 2.179605297509066 0.5937129999999999 0.1
668.5 0 10 1.2907075 2.1805148135657575 0.591927875 0.1
669.0 0 10 1.287355 2.181429832019456 0.5901427500000002 0.1
669.5 0 10 1.2840025 2.1823504029543255 0.588357625 0.1
670.0 0 10 1.2806499999999998 2.183276577064216 0.5865724999999999 0.1
670.5 0 10 1.2772975 2.1842084056619724 0.584787375 0.1
671.0 0 10 1.2739449999999999 2.1851459406889076 0.5830022500000002 0.1
671.5 0 10 1.2705925 2.1860892347244585 0.581217125 0.1
672.0 0 10 1.26724 2.18703834099601 0.579432 0.1
672.5 0 10 1.2638875 2.187993313388911 0.577646875 0.1
673.0 0 10 1.260535 2.188954206456671 0.5758617500000001 0.1
673.5 0 10 1.2571824999999999 2.18992107543135 0.574076625 0.1
674.0 0 10 1.25383 2.1908939762341397 0.5722915 0.1
674.5 0 10 1.2504775 2.1918729654861435 0.570506375 0.1
675.0 0 10 1.247125 2.1928581005193672 0.56872125 0.1
675.5 0 10 1.2437725 2.1938494393879027 0.566936125 0.1
676.0 0 10 1.2404199999999999 2.19484704087934 0.565151 0.1
676.5 0 10 1.2370675 2.1958509645263837 0.5633658749999999 0.1
677.0 0 10 1.233715 2.1968612706186956 0.56158075 0.1
677.5 0 10 1.2303625 2.197878020214967 0.559795625 0.1
678.0 0 10 1.22701 2.1989012751552166 0.5580105 0.1
678.5 0 10 1.2236574999999998 2.1999310980733306 0.5562253749999998 0.1
679.0 0 10 1.220305 2.2009675524098404 0.55444025 0.1
679.5 0 10 1.2169524999999999 2.2020107024249524 0.552655125 0.1
680.0 0 10 1.2136 2.2030606132118287 0.55087 0.1
680.5 0 10 1.2102475 2.204117350710125 0.5490848749999999 0.1
681.0 0 10 1.2068949999999998 2.205180981719798 0.54729975 0.1
681.5 0 10 1.2035425 2.206251573915181 0.545514625 0.1
682.0 0 10 1.2001899999999999 2.207329195859338 0.5437295 0.1
682.5 0 10 1.1968375 2.208413917018698 0.5419443749999999 0.1
683.0 0 10 1.193485 2.209505807777984 0.54015925 0.1
683.5 0 10 1.1901324999999998 2.210604939455439 0.5383741249999999 0.1
684.0 0 10 1.18678 2.2117113843183516 0.536589 0.1
684.5 0 10 1.1834274999999999 2.212825215598896 0.5348038749999998 0.1
685.0 0 10 1.180075 2.2139465075102893 0.53301875 0.1
685.5 0 10 1.1767225 2.2150753352632746 0.5312336250000002 0.1
686.0 0 10 1.1733699999999998 2.2162117750829395 0.5294485 0.1
686.5 0 10 1.1700175 2.2173559042258715 0.5276633749999999 0.1
687.0 0 10 1.1666649999999998 2.218507800997664 0.52587825 0.1
687.5 0 10 1.1633125 2.2196675447707883 0.524093125 0.1
688.0 0 10 1.1599599999999999 2.220835216002818 0.522308 0.1
688.5 0 10 1.1566074999999998 2.2220108962550396 0.5205228749999999 0.1
689.0 0 10 1.153255 2.223194668211442 0.51873775 0.1
689.5 0 10 1.1499025 2.224386615698102 0.516952625 0.1
690.0 0 10 1.14655 2.22558682370297 0.5151675 0.1
690.5 0 10 1.1431974999999999 2.2267953783960737 0.513382375 0.1
691.0 0 10 1.139845 2.228012367150136 0.51159725 0.1
691.5 0 10 1.1364925 2.2292378785616362 0.5098121250000001 0.1
692.0 0 10 1.13314 2.2304720024723097 0.508027 0.1
692.5 0 10 1.1297875 2.2317148299910987 0.506241875 0.1
693.0 0 10 1.1264349999999999 2.2329664535165796 0.50445675 0.1
693.5 0 10 1.1230825 2.23422696675986 0.5026716250000001 0.1
694.0 0 10 1.11973 2.2354964647679663 0.5008865 0.1
694.5 0 10 1.1163775 2.236775043947735 0.499101375 0.1
695.0 0 10 1.113025 2.238062802090219 0.49731625 0.1
695.5 0 10 1.1096724999999998 2.23935983839562 0.495531125 0.1
696.0 0 10 1.10632 2.2406662534987625 0.493746 0.1
696.5 0 10 1.1029674999999999 2.24198214949512 0.4919608749999999 0.1
697.0 0 10 1.099615 2.243307629967415 0.49017574999999997 0.1
697.5 0 10 1.0962625 2.244642800012797 0.48839062499999997 0.1
698.0 0 10 1.0929099999999998 2.2459877662706234 0.4866055 0.1
698.5 0 10 1.0895575 2.24734263695085 0.484820375 0.1
699.0 0 10 1.0862049999999999 2.2487075218630523 0.48303524999999997 0.1
699.5 0 10 1.0828525 2.2500825324460956 0.481250125 0.1
700.0 0 10 1.0795 2.2514677817984627 0.479465 0.1
700.5 0 10 1.0761474999999998 2.2528633847092676 0.477679875 0.1
701.0 0 10 1.072795 2.254269457689962 0.47589475 0.1
701.5 0 10 1.0694424999999999 2.255686119006759 0.474109625 0.1
702.0 0 10 1.06609 2.2571134887137974 0.4723245 0.1
702.5 0 10 1.0627375 2.258551688687052 0.4705393749999999 0.1
703.0 0 10 1.059385 2.260000842659027 0.46875424999999993 0.1
703.5 0 10 1.0560325 2.261461076254238 0.46696912500000004 0.1
704.0 0 10 1.0526799999999998 2.262932517025521 0.465184 0.1
704.5 0 10 1.0493275 2.2644152944911657 0.463398875 0.1
705.0 0 10 1.0459749999999999 2.2659095401729257 0.46161375000000004 0.1
705.5 0 10 1.0426225 2.2674153876349044 0.459828625 0.1
706.0 0 10 1.03927 2.268932972523352 0.4580435 0.1
706.5 0 10 1.0359174999999998 2.270462432607401 0.456258375 0.1
707.0 0 10 1.032565 2.2720039078207575 0.45447325 0.1
707.5 0 10 1.0292124999999999 2.2735575403043757 0.45268812500000005 0.1
708.0 0 10 1.02586 2.275123474450159 0.450903 0.1
708.5 0 10 1.0225075 2.2767018569456847 0.449117875 0.1
709.0 0 10 1.019155 2.278292836820018 0.44733275 0.1
709.5 0 10 1.0158025 2.279896565490614 0.445547625 0.1
710.0 0 10 1.0124499999999999 2.281513196811357 0.4437625 0.1
710.5 0 10 1.0090975 2.2831428871217674 0.44197737499999995 0.1
711.0 0 10 1.005745 2.2847857952973953 0.44019225 0.1
711.5 0 10 1.0023925 2.28644208280146 0.438407125 0.1
712.0 0 10 0.9990399999999999 2.288111913737741 0.436622 0.1
712.5 0 10 0.9956875 2.2897954549047843 0.43483687500000007 0.1
713.0 0 10 0.992335 2.2914928758514423 0.43305175000000007 0.1
713.5 0 10 0.9889825 2.2932043489337945 0.43126662500000007 0.1
714.0 0 10 0.98563 2.2949300493734888 0.4294815 0.1
714.5 0 10 0.9822774999999999 2.2966701553175426 0.427696375 0.1
715.0 0 10 0.9789249999999999 2.2984248478996503 0.42591125 0.1
715.5 0 10 0.9755725 2.3001943113030348 0.4241261250000001 0.1
716.0 0 10 0.97222 2.3019787328248973 0.422341 0.1
716.5 0 10 0.9688675 2.3037783029425043 0.42055587499999997 0.1
717.0 0 10 0.9655149999999999 2.3055932153809686 0.41877075 0.1
717.5 0 10 0.9621624999999999 2.3074236671827717 0.41698562499999997 0.1
718.0 0 10 0.9588099999999999 2.309269858779072 0.4152005 0.1
718.5 0 10 0.9554575 2.311131994062872 0.413415375 0.1
719.0 0 10 0.952105 2.3130102804640815 0.41163025 0.1
719.5 0 10 0.9487525 2.314904929026544 0.409845125 0.1
720.0 0 10 0.9454 2.3168161544870856 0.40806 0.1
720.5 0 10 0.9420474999999999 2.318744175356647 0.40627487500000004 0.1
721.0 0 10 0.938695 2.320689214003569 0.4044897499999999 0.1
721.5 0 10 0.9353425 2.32265149673908 0.402704625 0.1
722.0 0 10 0.93199 2.324631253905086 0.40091949999999993 0.1
722.5 0 10 0.9286375 2.326628719964298 0.399134375 0.1
723.0 0 10 0.925285 2.3286441335928028 0.39734925 0.1
723.5 0 10 0.9219325 2.3306777377751335 0.39556412499999993 0.1
724.0 0 10 0.91858 2.3327297799019244 0.393779 0.1
724.5 0 10 0.9152275 2.334800511870243 0.39199387499999994 0.1
725.0 0 10 0.911875 2.3368901901866628 0.39020875000000005 0.1
725.5 0 10 0.9085225 2.338999076073192 0.388423625 0.1
726.0 0 10 0.90517 2.341127435576126 0.3866385 0.1
726.5 0 10 0.9018174999999999 2.3432755396779354 0.384853375 0.1
727.0 0 10 0.898465 2.3454436644122816 0.38306825 0.1
727.5 0 10 0.8951125 2.347632090982259 0.38128312499999995 0.1
728.0 0 10 0.89176 2.349841105881981 0.37949799999999995 0.1
728.5 0 10 0.8884075 2.3520710010216095 0.37771287499999995 0.1
729.0 0 10 0.885055 2.354322073855947 0.37592775000000006 0.1
729.5 0 10 0.8817025000000001 2.3565946275167127 0.374142625 0.1
730.0 0 10 0.87835 2.358888970948618 0.3723575 0.1
730.5 0 10 0.8749975 2.3612054190493827 0.37057237499999995 0.1
731.0 0 10 0.871645 2.3635442928138106 0.36878725 0.1
731.5 0 10 0.8682925 2.3659059194820737 0.367002125 0.1
732.0 0 10 0.86494 2.3682906326923447 0.365217 0.1
732.5 0 10 0.8615875 2.370698772637925 0.36343187500000007 0.1
733.0 0 10 0.8582350000000001 2.3731306862290342 0.3616467500000001 0.1
733.5 0 10 0.8548825 2.3755867272594013 0.359861625 0.1
734.0 0 10 0.85153 2.3780672565778542 0.3580765 0.1
734.5 0 10 0.8481775 2.380572642265056 0.356291375 0.1
735.0 0 10 0.844825 2.3831032598155883 0.3545062500000001 0.1
735.5 0 10 0.8414725000000001 2.385659492325559 0.352721125 0.1
736.0 0 10 0.83812 2.388241730685937 0.35093599999999997 0.1
736.5 0 10 0.8347675 2.3908503737818214 0.34915087499999997 0.1
737.0 0 10 0.831415 2.393485828697849 0.3473657500000001 0.1
737.5 0 10 0.8280625 2.3961485109299745 0.34558062500000003 0.1
738.0 0 10 0.82471 2.3988388446038416 0.34379550000000003 0.1
738.5 0 10 0.8213575 2.401557262699998 0.34201037500000003 0.1
739.0 0 10 0.8180050000000001 2.4043042072862026 0.34022525 0.1
739.5 0 10 0.8146525 2.407080129757073 0.338440125 0.1
740.0 0 10 0.8113 2.4098854910813743 0.336655 0.1
740.5 0 10 0.8079475 2.4127207620572024 0.334869875 0.1
741.0 0 10 0.8045950000000001 2.4155864235753812 0.33308475000000004 0.1
741.5 0 10 0.8012425000000001 2.4184829668913754 0.331299625 0.1
742.0 0 10 0.79789 2.421410893906034 0.3295145000000001 0.1
742.5 0 10 0.7945375000000001 2.424370717455523 0.327729375 0.1
743.0 0 10 0.791185 2.427362961610766 0.32594425 0.1
743.5 0 10 0.7878325 2.4303881619868024 0.32415912499999994 0.1
744.0 0 10 0.7844800000000001 2.4334468660623996 0.322374 0.1
744.5 0 10 0.7811275 2.4365396335103644 0.320588875 0.1
745.0 0 10 0.7777750000000001 2.4396670365389364 0.31880375000000005 0.1
745.5 0 10 0.7744225 2.4428296602447253 0.317018625 0.1
746.0 0 10 0.7710700000000001 2.446028102977634 0.31523350000000006 0.1
746.5 0 10 0.7677175 2.4492629767182557 0.313448375 0.1
747.0 0 10 0.7643650000000001 2.4525349074682365 0.3116632500000001 0.1
747.5 0 10 0.7610125000000001 2.4558445356541383 0.30987812500000006 0.1
748.0 0 10 0.75766 2.4591925165453286 0.30809300000000006 0.1
748.5 0 10 0.7543075000000001 2.462579520686499 0.306307875 0.1
749.0 0 10 0.750955 2.466006234345381 0.30452275000000006 0.1
749.5 0 10 0.7476025000000001 2.469473359976316 0.302737625 0.1
750.0 0 10 0.7442500000000001 2.4729816167003102 0.3009525 0.1
750.5 0 10 0.7408975000000001 2.4765317408022853 0.299167375 0.1
751.0 0 10 0.7375450000000001 2.4801244862462375 0.29738224999999996 0.1
751.5 0 10 0.7341925 2.4837606252090576 0.295597125 0.1
752.0 0 10 0.73084 2.4874409486338207 0.29381199999999996 0.1
752.5 0 10 0.7274875000000001 2.491166266803355 0.292026875 0.1
753.0 0 10 0.7241350000000001 2.4949374099349946 0.29024174999999997 0.1
753.5 0 10 0.7207825000000001 2.4987552287973975 0.288456625 0.1
754.0 0 10 0.7174300000000001 2.502620595350428 0.28667149999999997 0.1
754.5 0 10 0.7140775 2.5065344034090784 0.284886375 0.1
755.0 0 10 0.710725 2.5104975693325273 0.28310124999999997 0.1
755.5 0 10 0.7073725000000001 2.5145110327394136 0.2813161250000001 0.1
756.0 0 10 0.7040200000000001 2.518575757250538 0.279531 0.1
756.5 0 10 0.7006675000000001 2.5226927312601855 0.27774587500000003 0.1
757.0 0 10 0.697315 2.5268629687374022 0.27596075 0.1
757.5 0 10 0.6939625 2.531087510058562 0.27417562500000003 0.1
758.0 0 10 0.6906100000000001 2.5353674228726777 0.2723905 0.1
758.5 0 10 0.6872575000000001 2.5397038030009567 0.27060537500000004 0.1
759.0 0 10 0.6839050000000001 2.5440977753722054 0.26882025 0.1
759.5 0 10 0.6805525000000001 2.5485504949957427 0.26703512500000004 0.1
760.0 0 10 0.6772 2.55306314797361 0.26525 0.1
760.5 0 10 0.6738475 2.557636952553922 0.26346487500000004 0.1
761.0 0 10 0.6704950000000001 2.562273160227339 0.26167975 0.1
761.5 0 10 0.6671425000000001 2.5669730568687212 0.25989462500000005 0.1
762.0 0 10 0.6637900000000001 2.5717379639261635 0.2581095 0.1
762.5 0 10 0.6604375 2.576569239659708 0.25632437500000005 0.1
763.0 0 10 0.657085 2.5814682804321927 0.25453925 0.1
763.5 0 10 0.6537325 2.5864365220547834 0.25275412500000005 0.1
764.0 0 10 0.6503800000000001 2.591475441189948 0.250969 0.1
764.5 0 10 0.6470275000000001 2.5965865568147213 0.24918387500000008 0.1
765.0 0 10 0.643675 2.601771431747331 0.24739874999999997 0.1
765.5 0 10 0.6403225 2.607031674240384 0.24561362500000009 0.1
766.0 0 10 0.63697 2.6123689396440533 0.24382849999999998 0.1
766.5 0 10 0.6336175000000001 2.6177849321428437 0.24204337500000006 0.1
767.0 0 10 0.6302650000000001 2.623281406569806 0.24025825 0.1
767.5 0 10 0.6269125000000001 2.6288601703022088 0.23847312500000006 0.1
768.0 0 10 0.62356 2.6345230852430204 0.236688 0.1
768.5 0 10 0.6202075 2.6402720698927156 0.2349028750000001 0.1
769.0 0 10 0.616855 2.6461091015162936 0.23311775000000004 0.1
769.5 0 10 0.6135025000000001 2.6520362184106108 0.23133262500000007 0.1
770.0 0 10 0.6101500000000001 2.6580555222775244 0.22954750000000004 0.1
770.5 0 10 0.6067975000000001 2.664169180708622 0.22776237500000004 0.1
771.0 0 10 0.603445 2.670379429787733 0.22597725 0.1
771.5 0 10 0.6000925 2.6766885768177633 0.224192125 0.1
772.0 0 10 0.59674 2.6830990031788566 0.22240700000000002 0.1
772.5 0 10 0.5933875000000001 2.6896131673253167 0.22062187499999997 0.1
773.0 0 10 0.5900350000000001 2.6962336079291984 0.21883675000000002 0.1
773.5 0 10 0.5866825 2.7029629471790413 0.21705162499999997 0.1
774.0 0 10 0.58333 2.7098038942427176 0.21526650000000003 0.1
774.5 0 10 0.5799775 2.7167592489040326 0.21348137499999997 0.1
775.0 0 10 0.576625 2.7238319053833027 0.21169625 0.1
775.5 0 10 0.5732725000000001 2.7310248563528976 0.20991112499999998 0.1
776.0 0 10 0.56992 2.7383411971594125 0.20812600000000003 0.1
776.5 0 10 0.5665675 2.745784130265029 0.20634087499999998 0.1
777.0 0 10 0.563215 2.7533569699214024 0.20455575000000004 0.1
777.5 0 10 0.5598625 2.761063147090463 0.20277062499999998 0.1
778.0 0 10 0.5565100000000001 2.7689062146274233 0.2009855 0.1
778.5 0 10 0.5531575 2.7768898527424963 0.19920037499999996 0.1
779.0 0 10 0.549805 2.785017874758915 0.19741525000000004 0.1
779.5 0 10 0.5464525 2.7932942331862236 0.195630125 0.1
780.0 0 10 0.5431 2.8017230261291233 0.19384500000000005 0.1
780.5 0 10 0.5397475 2.8103085040537494 0.192059875 0.1
781.0 0 10 0.536395 2.8190550769348 0.19027475000000005 0.1
781.5 0 10 0.5330425000000001 2.827967321808827 0.188489625 0.1
782.0 0 10 0.52969 2.8370499907608004 0.18670450000000005 0.1
782.5 0 10 0.5263375 2.846308019373308 0.184919375 0.1
783.0 0 10 0.522985 2.85574653566987 0.18313425000000003 0.1
783.5 0 10 0.5196325 2.8653708695864952 0.181349125 0.1
784.0 0 10 0.5162800000000001 2.875186563008175 0.17956400000000006 0.1
784.5 0 10 0.5129275 2.8851993804100737 0.17777887500000003 0.1
785.0 0 10 0.509575 2.895415320146311 0.17599375000000006 0.1
785.5 0 10 0.5062225 2.905840626432819 0.17420862499999998 0.1
786.0 0 10 0.50287 2.9164818020745424 0.17242350000000006 0.1
786.5 0 10 0.4995175 2.927345621991536 0.17063837500000004 0.1
787.0 0 10 0.496165 2.938439147603021 0.16885325000000004 0.1
787.5 0 10 0.4928125 2.9497697421336353 0.167068125 0.1
788.0 0 10 0.48946 2.9613450869115385 0.16528300000000007 0.1
788.5 0 10 0.4861075 2.973173198734234 0.16349787500000001 0.1
789.0 0 10 0.482755 2.985262448384557 0.16171275000000007 0.1
789.5 0 10 0.4794025 2.997621580386753 0.159927625 0.1
790.0 0 10 0.47605000000000003 3.010259734100573 0.15814250000000007 0.1
790.5 0 10 0.4726975 3.0231864662603853 0.15635737500000002 0.1
791.0 0 10 0.469345 3.036411775076055 0.15457225000000008 0.1
791.5 0 10 0.46599250000000003 3.0499461260233804 0.15278712500000002 0.1
792.0 0 10 0.46264 3.0638004794638465 0.15100200000000008 0.1
792.5 0 10 0.4592875 3.0779863202469557 0.14921687500000003 0.1
793.0 0 10 0.455935 3.092515689463091 0.14743174999999997 0.1
793.5 0 10 0.4525825 3.1074012185314963 0.14564662500000003 0.1
794.0 0 10 0.44923 3.12265616582616 0.14386149999999995 0.1
794.5 0 10 0.4458775 3.138294456062803 0.14207637500000006 0.1
795.0 0 10 0.442525 3.1543307226929698 0.14029124999999998 0.1
795.5 0 10 0.4391725 3.1707803535764207 0.13850612500000004 0.1
796.0 0 10 0.43582 3.1876595402315666 0.13672099999999998 0.1
796.5 0 10 0.4324675 3.204985330995185 0.13493587500000004 0.1
797.0 0 10 0.42911499999999997 3.2227756884583827 0.13315074999999998 0.1
797.5 0 10 0.4257625 3.241049551585507 0.13136562500000004 0.1
798.0 0 10 0.42241 3.259826902967654 0.1295805 0.1
798.5 0 10 0.41905749999999997 3.279128841712776 0.12779537500000004 0.1
799.0 0 10 0.415705 3.298977662531421 0.12601025000000002 0.1
799.5 0 10 0.4123525 3.319396941641233 0.12422512500000005 0.1
800.0 0 10 0.409 3.3404116301862135 0.12244 0.1
800.5 0 10 0.4083075 3.335136463019199 0.12242602499999998 0.1
801.0 0 10 0.40761499999999995 3.3298600913880616 0.12241205 0.1
801.5 0 10 0.40692249999999996 3.324582514880238 0.12239807499999998 0.1
802.0 0 10 0.40623 3.319303733082974 0.1223841 0.1
802.5 0 10 0.4055375 3.3140237455833277 0.12237012499999998 0.1
803.0 0 10 0.40484499999999995 3.308742551968168 0.12235614999999998 0.1
803.5 0 10 0.40415249999999997 3.3034601518241766 0.122342175 0.1
804.0 0 10 0.40346 3.2981765447378444 0.1223282 0.1
804.5 0 10 0.4027675 3.2928917302954748 0.122314225 0.1
805.0 0 10 0.40207499999999996 3.28760570808318 0.12230025000000001 0.1
805.5 0 10 0.4013825 3.2823184776868866 0.122286275 0.1
806.0 0 10 0.40069 3.277030038692329 0.12227229999999999 0.1
806.5 0 10 0.3999975 3.2717403906850517 0.12225832499999999 0.1
807.0 0 10 0.39930499999999997 3.266449533250412 0.12224435 0.1
807.5 0 10 0.3986125 3.2611574659735765 0.122230375 0.1
808.0 0 10 0.39792 3.255864188439522 0.1222164 0.1
808.5 0 10 0.39722749999999996 3.2505697002330356 0.12220242499999999 0.1
809.0 0 10 0.39653499999999997 3.2452740009387138 0.12218845 0.1
809.5 0 10 0.3958425 3.2399770901409646 0.12217447499999998 0.1
810.0 0 10 0.39515 3.2346789674240037 0.1221605 0.1
810.5 0 10 0.39445749999999996 3.229379632371858 0.12214652499999999 0.1
811.0 0 10 0.393765 3.2240790845683645 0.12213254999999999 0.1
811.5 0 10 0.3930725 3.218777323597168 0.12211857499999998 0.1
812.0 0 10 0.39237999999999995 3.213474349041723 0.1221046 0.1
812.5 0 10 0.39168749999999997 3.2081701604852952 0.12209062499999998 0.1
813.0 0 10 0.390995 3.2028647575109574 0.12207664999999998 0.1
813.5 0 10 0.3903025 3.197558139701592 0.12206267499999998 0.1
814.0 0 10 0.38960999999999996 3.1922503066398904 0.1220487 0.1
814.5 0 10 0.38891749999999997 3.1869412579083534 0.12203472500000001 0.1
815.0 0 10 0.388225 3.18163099308929 0.12202075 0.1
815.5 0 10 0.3875325 3.176319511764818 0.122006775 0.1
816.0 0 10 0.38683999999999996 3.171006813516863 0.12199280000000001 0.1
816.5 0 10 0.3861475 3.1656928979271606 0.121978825 0.1
817.0 0 10 0.385455 3.160377764577253 0.12196485 0.1
817.5 0 10 0.3847625 3.1550614130484917 0.12195087500000001 0.1
818.0 0 10 0.38406999999999997 3.149743842922036 0.12193689999999999 0.1
818.5 0 10 0.3833775 3.1444250537788525 0.12192292499999999 0.1
819.0 0 10 0.382685 3.139105045199717 0.12190894999999999 0.1
819.5 0 10 0.38199249999999996 3.1337838167652112 0.12189497499999999 0.1
820.0 0 10 0.3813 3.1284613680557265 0.12188099999999999 0.1
820.5 0 10 0.3806075 3.1231376986514605 0.12186702499999999 0.1
821.0 0 10 0.379915 3.1178128081324186 0.12185305 0.1
821.5 0 10 0.37922249999999996 3.112486696078413 0.12183907499999999 0.1
822.0 0 10 0.37853 3.1071593620690647 0.12182509999999999 0.1
822.5 0 10 0.3778375 3.1018308056837998 0.12181112499999999 0.1
823.0 0 10 0.377145 3.0965010265018518 0.12179714999999999 0.1
823.5 0 10 0.37645249999999997 3.091170024102262 0.121783175 0.1
824.0 0 10 0.37576 3.0858377980638783 0.1217692 0.1
824.5 0 10 0.3750675 3.080504347965354 0.121755225 0.1
825.0 0 10 0.374375 3.075169673385151 0.12174125 0.1
825.5 0 10 0.3736825 3.069833773901535 0.12172727500000001 0.1
826.0 0 10 0.37299 3.0644966490925807 0.1217133 0.1
826.5 0 10 0.3722975 3.059158298536167 0.121699325 0.1
827.0 0 10 0.37160499999999996 3.0538187218099795 0.12168534999999998 0.1
827.5 0 10 0.3709125 3.0484779184915105 0.12167137499999998 0.1
828.0 0 10 0.37022 3.043135888158057 0.1216574 0.1
828.5 0 10 0.3695275 3.0377926303867224 0.12164342500000001 0.1
829.0 0 10 0.36883499999999997 3.0324481447544156 0.12162945 0.1
829.5 0 10 0.3681425 3.0271024308378522 0.12161547499999999 0.1
830.0 0 10 0.36745 3.0217554882135502 0.1216015 0.1
830.5 0 10 0.36675749999999996 3.0164073164578356 0.12158752499999999 0.1
831.0 0 10 0.366065 3.0110579151468393 0.12157354999999997 0.1
831.5 0 10 0.3653725 3.005707283856496 0.12155957499999999 0.1
832.0 0 10 0.36468 3.0003554221625466 0.1215456 0.1
832.5 0 10 0.3639875 2.995002329640536 0.121531625 0.1
833.0 0 10 0.363295 2.989648005865815 0.12151764999999999 0.1
833.5 0 10 0.3626025 2.984292450413537 0.12150367499999999 0.1
834.0 0 10 0.36191 2.9789356628586625 0.12148969999999999 0.1
834.5 0 10 0.36121749999999997 2.973577642775954 0.12147572499999999 0.1
835.0 0 10 0.360525 2.96821838973998 0.12146175 0.1
835.5 0 10 0.3598325 2.9628579033251126 0.121447775 0.1
836.0 0 10 0.35914 2.9574961831055275 0.12143380000000001 0.1
836.5 0 10 0.3584475 2.952133228655205 0.121419825 0.1
837.0 0 10 0.357755 2.9467690395479296 0.12140585 0.1
837.5 0 10 0.3570625 2.9414036153572884 0.12139187499999998 0.1
838.0 0 10 0.35636999999999996 2.936036955656672 0.1213779 0.1
838.5 0 10 0.3556775 2.9306690600192766 0.12136392500000001 0.1
839.0 0 10 0.354985 2.9252999280180996 0.12134995000000001 0.1
839.5 0 10 0.3542925 2.9199295592259427 0.12133597500000001 0.1
840.0 0 10 0.3536 2.9145579532154104 0.121322 0.1
840.5 0 10 0.3529075 2.90918510955891 0.121308025 0.1
841.0 0 10 0.352215 2.903811027828653 0.12129404999999999 0.1
841.5 0 10 0.3515225 2.898435707596652 0.12128007499999999 0.1
842.0 0 10 0.35083 2.8930591484347232 0.1212661 0.1
842.5 0 10 0.3501375 2.8876813499144864 0.12125212499999997 0.1
843.0 0 10 0.349445 2.8823023116073614 0.12123814999999999 0.1
843.5 0 10 0.3487525 2.876922033084573 0.12122417499999999 0.1
844.0 0 10 0.34806 2.8715405139171457 0.12121019999999998 0.1
844.5 0 10 0.3473675 2.8661577536759086 0.121196225 0.1
845.0 0 10 0.346675 2.8607737519314917 0.12118224999999999 0.1
845.5 0 10 0.34598249999999997 2.855388508254326 0.121168275 0.1
846.0 0 10 0.34529 2.850002022214647 0.1211543 0.1
846.5 0 10 0.3445975 2.8446142933824885 0.121140325 0.1
847.0 0 10 0.343905 2.8392253213276883 0.12112635 0.1
847.5 0 10 0.34321250000000003 2.8338351056198845 0.121112375 0.1
848.0 0 10 0.34252 2.8284436458285165 0.1210984 0.1
848.5 0 10 0.3418275 2.823050941522826 0.12108442499999998 0.1
849.0 0 10 0.34113499999999997 2.817656992271855 0.12107044999999998 0.1
849.5 0 10 0.3404425 2.8122617976444464 0.121056475 0.1
850.0 0 10 0.33975 2.8068653572092446 0.1210425 0.1
850.5 0 10 0.3390575 2.801467670534694 0.121028525 0.1
851.0 0 10 0.33836499999999997 2.7960687371890405 0.12101455 0.1
851.5 0 10 0.3376725 2.7906685567403295 0.12100057499999999 0.1
852.0 0 10 0.33698 2.785267128756408 0.12098659999999999 0.1
852.5 0 10 0.3362875 2.779864452804922 0.120972625 0.1
853.0 0 10 0.335595 2.7744605284533184 0.12095864999999999 0.1
853.5 0 10 0.3349025 2.7690553552688453 0.12094467499999997 0.1
854.0 0 10 0.33421 2.7636489328185485 0.12093069999999999 0.1
854.5 0 10 0.33351749999999997 2.7582412606692746 0.12091672499999999 0.1
855.0 0 10 0.332825 2.7528323383876714 0.12090274999999998 0.1
855.5 0 10 0.3321325 2.7474221655401836 0.12088877499999999 0.1
856.0 0 10 0.33144 2.742010741693058 0.12087479999999998 0.1
856.5 0 10 0.33074749999999997 2.736598066412338 0.120860825 0.1
857.0 0 10 0.330055 2.73118413926387 0.12084684999999999 0.1
857.5 0 10 0.3293625 2.725768959813296 0.12083287499999999 0.1
858.0 0 10 0.32867 2.720352527626059 0.12081889999999998 0.1
858.5 0 10 0.3279775 2.7149348422673993 0.12080492499999998 0.1
859.0 0 10 0.327285 2.7095159033023584 0.12079095000000001 0.1
859.5 0 10 0.3265925 2.704095710295775 0.120776975 0.1
860.0 0 10 0.32589999999999997 2.698674262812285 0.12076300000000001 0.1
860.5 0 10 0.3252075 2.6932515604163263 0.120749025 0.1
861.0 0 10 0.324515 2.687827602672132 0.12073505 0.1
861.5 0 10 0.3238225 2.682402389143735 0.12072107499999998 0.1
862.0 0 10 0.32313 2.676975919394965 0.12070709999999998 0.1
862.5 0 10 0.3224375 2.6715481929894516 0.120693125 0.1
863.0 0 10 0.321745 2.6661192094906205 0.12067914999999999 0.1
863.5 0 10 0.32105249999999996 2.6606889684616957 0.12066517499999999 0.1
864.0 0 10 0.32036 2.6552574694656994 0.12065119999999999 0.1
864.5 0 10 0.3196675 2.649824712065451 0.120637225 0.1
865.0 0 10 0.318975 2.644390695823567 0.12062324999999997 0.1
865.5 0 10 0.31828249999999997 2.63895542030246 0.120609275 0.1
866.0 0 10 0.31759 2.6335188850643436 0.12059529999999997 0.1
866.5 0 10 0.3168975 2.628081089671224 0.12058132499999999 0.1
867.0 0 10 0.31620499999999996 2.6226420336849072 0.12056734999999998 0.1
867.5 0 10 0.3155125 2.617201716666995 0.12055337499999998 0.1
868.0 0 10 0.31482 2.611760138178886 0.12053939999999999 0.1
868.5 0 10 0.3141275 2.6063172977817755 0.12052542499999998 0.1
869.0 0 10 0.31343499999999996 2.600873195036654 0.12051144999999999 0.1
869.5 0 10 0.3127425 2.5954278295043114 0.12049747499999998 0.1
870.0 0 10 0.31205 2.5899812007453304 0.1204835 0.1
870.5 0 10 0.3113575 2.584533308320092 0.120469525 0.1
871.0 0 10 0.31066499999999997 2.5790841517887717 0.12045555 0.1
871.5 0 10 0.3099725 2.5736337307113426 0.12044157500000001 0.1
872.0 0 10 0.30928 2.5681820446475725 0.1204276 0.1
872.5 0 10 0.30858749999999996 2.562729093157024 0.120413625 0.1
873.0 0 10 0.307895 2.5572748757990573 0.12039965000000001 0.1
873.5 0 10 0.3072025 2.5518193921328263 0.120385675 0.1
874.0 0 10 0.30651 2.546362641717281 0.12037169999999998 0.1
874.5 0 10 0.30581749999999996 2.540904624111165 0.120357725 0.1
875.0 0 10 0.305125 2.53544533887302 0.12034374999999999 0.1
875.5 0 10 0.3044325 2.5299847855611795 0.12032977500000001 0.1
876.0 0 10 0.30374 2.524522963733774 0.12031580000000001 0.1
876.5 0 10 0.30304749999999997 2.519059872948727 0.12030182499999999 0.1
877.0 0 10 0.302355 2.513595512763758 0.12028784999999997 0.1
877.5 0 10 0.3016625 2.50812988273638 0.120273875 0.1
878.0 0 10 0.30096999999999996 2.5026629824239 0.1202599 0.1
878.5 0 10 0.3002775 2.4971948113834213 0.12024592499999998 0.1
879.0 0 10 0.299585 2.491725369171838 0.12023195 0.1
879.5 0 10 0.2988925 2.486254655345842 0.12021797499999999 0.1
880.0 0 10 0.29819999999999997 2.480782669461915 0.12020399999999999 0.1
880.5 0 10 0.2975075 2.475309411076335 0.120190025 0.1
881.0 0 10 0.296815 2.469834879745174 0.12017604999999998 0.1
881.5 0 10 0.29612249999999996 2.464359075024295 0.120162075 0.1
882.0 0 10 0.29542999999999997 2.458881996469357 0.1201481 0.1
882.5 0 10 0.2947375 2.453403643635811 0.120134125 0.1
883.0 0 10 0.294045 2.4479240160789013 0.12012015 0.1
883.5 0 10 0.29335249999999996 2.4424431133536637 0.120106175 0.1
884.0 0 10 0.29266 2.43696093501493 0.1200922 0.1
884.5 0 10 0.2919675 2.4314774806173225 0.12007822500000001 0.1
885.0 0 10 0.29127499999999995 2.4259927497152565 0.12006425 0.1
885.5 0 10 0.29058249999999997 2.42050674186294 0.12005027500000001 0.1
886.0 0 10 0.28989 2.415019456614374 0.1200363 0.1
886.5 0 10 0.2891975 2.4095308935233506 0.12002232500000001 0.1
887.0 0 10 0.28850499999999996 2.4040410521434548 0.12000834999999999 0.1
887.5 0 10 0.28781249999999997 2.3985499320280637 0.11999437499999999 0.1
888.0 0 10 0.28712 2.393057532730346 0.1199804 0.1
888.5 0 10 0.28642749999999995 2.387563853803262 0.11996642499999999 0.1
889.0 0 10 0.28573499999999996 2.382068894799564 0.11995245 0.1
889.5 0 10 0.2850425 2.3765726552717967 0.11993847499999999 0.1
890.0 0 10 0.28435 2.3710751347722945 0.11992449999999998 0.1
890.5 0 10 0.28365749999999995 2.3655763328531836 0.11991052499999999 0.1
891.0 0 10 0.28296499999999997 2.3600762490663825 0.11989655 0.1
891.5 0 10 0.2822725 2.3545748829636 0.119882575 0.1
892.0 0 10 0.28157999999999994 2.3490722340963353 0.11986859999999999 0.1
892.5 0 10 0.28088749999999996 2.3435683020158793 0.119854625 0.1
893.0 0 10 0.28019499999999997 2.338063086273314 0.11984064999999998 0.1
893.5 0 10 0.2795025 2.3325565864195097 0.119826675 0.1
894.0 0 10 0.27880999999999995 2.3270488020051294 0.11981269999999998 0.1
894.5 0 10 0.27811749999999996 2.321539732580626 0.119798725 0.1
895.0 0 10 0.277425 2.3160293776962426 0.11978474999999998 0.1
895.5 0 10 0.27673249999999994 2.310517736902011 0.119770775 0.1
896.0 0 10 0.27603999999999995 2.305004809747755 0.11975680000000001 0.1
896.5 0 10 0.27534749999999997 2.2994905957830873 0.119742825 0.1
897.0 0 10 0.274655 2.2939750945574104 0.11972884999999998 0.1
897.5 0 10 0.2739625 2.2884583056199155 0.11971487500000001 0.1
898.0 0 10 0.27326999999999996 2.2829402285195846 0.1197009 0.1
898.5 0 10 0.2725775 2.2774208628051893 0.119686925 0.1
899.0 0 10 0.271885 2.271900208025289 0.11967294999999999 0.1
899.5 0 10 0.27119249999999995 2.266378263728232 0.119658975 0.1
900.0 0 10 0.27049999999999996 2.2608550294621583 0.119645 0.1
900.5 0 10 0.2698075 2.2553305047749945 0.119631025 0.1
901.0 0 10 0.26911499999999994 2.2498046892144554 0.11961704999999997 0.1
901.5 0 10 0.26842249999999995 2.244277582328046 0.11960307499999999 0.1
902.0 0 10 0.26772999999999997 2.2387491836630593 0.1195891 0.1
902.5 0 10 0.2670375 2.2332194927665765 0.119575125 0.1
903.0 0 10 0.26634499999999994 2.227688509185467 0.11956114999999998 0.1
903.5 0 10 0.26565249999999996 2.222156232466388 0.11954717499999999 0.1
904.0 0 10 0.26496 2.216622662155786 0.1195332 0.1
904.5 0 10 0.2642675 2.2110877977998937 0.11951922499999999 0.1
905.0 0 10 0.26357499999999995 2.205551638944732 0.11950525000000001 0.1
905.5 0 10 0.26288249999999996 2.2000141851361112 0.11949127499999998 0.1
906.0 0 10 0.26219 2.1944754359196263 0.1194773 0.1
906.5 0 10 0.26149749999999994 2.1889353908406615 0.119463325 0.1
907.0 0 10 0.26080499999999995 2.1833940494443875 0.11944935000000001 0.1
907.5 0 10 0.26011249999999997 2.1778514112757628 0.11943537500000001 0.1
908.0 0 10 0.25942 2.172307475879532 0.1194214 0.1
908.5 0 10 0.25872749999999994 2.1667622428002273 0.119407425 0.1
909.0 0 10 0.25803499999999996 2.1612157115821677 0.11939344999999998 0.1
909.5 0 10 0.2573425 2.155667881769458 0.119379475 0.1
910.0 0 10 0.25665 2.1501187529059904 0.1193655 0.1
910.5 0 10 0.25595749999999995 2.144568324535442 0.11935152500000001 0.1
911.0 0 10 0.25526499999999996 2.1390165962012793 0.11933754999999999 0.1
911.5 0 10 0.2545725 2.1334635674467513 0.119323575 0.1
912.0 0 10 0.25388 2.127909237814895 0.11930959999999999 0.1
912.5 0 10 0.25318749999999995 2.1223536068485327 0.11929562499999999 0.1
913.0 0 10 0.25249499999999997 2.116796674090273 0.11928164999999999 0.1
913.5 0 10 0.2518025 2.111238439082509 0.11926767499999999 0.1
914.0 0 10 0.25110999999999994 2.1056789013674204 0.1192537 0.1
914.5 0 10 0.25041749999999996 2.1001180604869725 0.119239725 0.1
915.0 0 10 0.24972499999999997 2.0945559159829146 0.11922574999999999 0.1
915.5 0 10 0.24903249999999996 2.088992467396782 0.11921177499999998 0.1
916.0 0 10 0.24833999999999998 2.0834277142698943 0.11919779999999998 0.1
916.5 0 10 0.24764749999999996 2.0778616561433565 0.119183825 0.1
917.0 0 10 0.24695499999999998 2.072294292558059 0.11916985 0.1
917.5 0 10 0.24626249999999997 2.066725623054675 0.11915587500000001 0.1
918.0 0 10 0.24556999999999998 2.0611556471736643 0.1191419 0.1
918.5 0 10 0.24487749999999997 2.055584364455269 0.119127925 0.1
919.0 0 10 0.24418499999999999 2.050011774439518 0.11911395 0.1
919.5 0 10 0.24349249999999997 2.044437876666221 0.119099975 0.1
920.0 0 10 0.24279999999999996 2.038862670674974 0.119086 0.1
920.5 0 10 0.24210749999999998 2.033286156005157 0.119072025 0.1
921.0 0 10 0.24141499999999996 2.0277083321959326 0.11905805 0.1
921.5 0 10 0.24072249999999998 2.0221291987862475 0.11904407500000001 0.1
922.0 0 10 0.24002999999999997 2.016548755314832 0.11903010000000001 0.1
922.5 0 10 0.23933749999999998 2.010967001320199 0.119016125 0.1
923.0 0 10 0.23864499999999997 2.0053839363406456 0.11900215000000001 0.1
923.5 0 10 0.23795249999999998 1.9997995599142517 0.118988175 0.1
924.0 0 10 0.23725999999999997 1.99421387157888 0.1189742 0.1
924.5 0 10 0.2365675 1.988626870872176 0.118960225 0.1
925.0 0 10 0.23587499999999997 1.9830385573315679 0.11894624999999999 0.1
925.5 0 10 0.23518249999999996 1.9774489304942664 0.11893227499999998 0.1
926.0 0 10 0.23448999999999998 1.9718579898972655 0.1189183 0.1
926.5 0 10 0.2337975 1.9662657350773407 0.11890432499999998 0.1
927.0 0 10 0.23310499999999998 1.9606721655710493 0.11889034999999999 0.1
927.5 0 10 0.23241249999999997 1.9550772809147317 0.11887637499999999 0.1
928.0 0 10 0.23171999999999998 1.94948108064451 0.11886239999999998 0.1
928.5 0 10 0.23102749999999997 1.9438835642962873 0.118848425 0.1
929.0 0 10 0.23033499999999998 1.9382847314057496 0.11883445000000001 0.1
929.5 0 10 0.22964249999999997 1.9326845815083635 0.118820475 0.1
930.0 0 10 0.22895 1.9270831141393778 0.1188065 0.1
930.5 0 10 0.22825749999999997 1.9214803288338216 0.11879252500000001 0.1
931.0 0 10 0.22756499999999996 1.9158762251265062 0.11877855 0.1
931.5 0 10 0.22687249999999998 1.9102708025520234 0.11876457500000001 0.1
932.0 0 10 0.22618 1.9046640606447462 0.11875059999999998 0.1
932.5 0 10 0.22548749999999998 1.8990559989388276 0.11873662500000001 0.1
933.0 0 10 0.22479499999999997 1.8934466169682025 0.11872265000000001 0.1
933.5 0 10 0.22410249999999998 1.8878359142665857 0.118708675 0.1
934.0 0 10 0.22340999999999997 1.882223890367472 0.11869470000000001 0.1
934.5 0 10 0.22271749999999998 1.8766105448041372 0.11868072499999999 0.1
935.0 0 10 0.22202499999999997 1.8709958771096367 0.11866675 0.1
935.5 0 10 0.2213325 1.8653798868168066 0.11865277499999997 0.1
936.0 0 10 0.22063999999999998 1.8597625734582615 0.1186388 0.1
936.5 0 10 0.2199475 1.8541439365663976 0.11862482499999998 0.1
937.0 0 10 0.21925499999999998 1.848523975673389 0.11861084999999999 0.1
937.5 0 10 0.2185625 1.842902690311191 0.11859687499999999 0.1
938.0 0 10 0.21786999999999998 1.8372800800115363 0.11858289999999999 0.1
938.5 0 10 0.21717749999999997 1.8316561443059383 0.118568925 0.1
939.0 0 10 0.21648499999999998 1.8260308827256897 0.11855494999999999 0.1
939.5 0 10 0.2157925 1.8204042948018608 0.118540975 0.1
940.0 0 10 0.21509999999999999 1.8147763800653016 0.11852699999999998 0.1
940.5 0 10 0.21440749999999997 1.8091471380466406 0.118513025 0.1
941.0 0 10 0.213715 1.8035165682762857 0.11849905 0.1
941.5 0 10 0.21302249999999998 1.7978846702844218 0.11848507499999998 0.1
942.0 0 10 0.21233 1.7922514436010133 0.1184711 0.1
942.5 0 10 0.21163749999999998 1.7866168877558017 0.11845712500000001 0.1
943.0 0 10 0.210945 1.7809810022783081 0.11844315 0.1
943.5 0 10 0.21025249999999998 1.77534378669783 0.11842917499999998 0.1
944.0 0 10 0.20955999999999997 1.7697052405434435 0.1184152 0.1
944.5 0 10 0.20886749999999998 1.7640653633440024 0.118401225 0.1
945.0 0 10 0.208175 1.7584241546281378 0.11838725 0.1
945.5 0 10 0.2074825 1.7527816139242578 0.118373275 0.1
946.0 0 10 0.20678999999999997 1.7471377407605484 0.1183593 0.1
946.5 0 10 0.2060975 1.741492534664973 0.11834532499999999 0.1
947.0 0 10 0.205405 1.7358459951652712 0.11833134999999999 0.1
947.5 0 10 0.2047125 1.7301981217889597 0.11831737499999999 0.1
948.0 0 10 0.20401999999999998 1.724548914063332 0.1183034 0.1
948.5 0 10 0.2033275 1.7188983715154589 0.118289425 0.1
949.0 0 10 0.20263499999999998 1.7132464936721863 0.11827545 0.1
949.5 0 10 0.20194249999999997 1.7075932800601379 0.11826147499999999 0.1
950.0 0 10 0.20124999999999998 1.7019387302057125 0.1182475 0.1
950.5 0 10 0.20055749999999997 1.6962828436350856 0.11823352499999998 0.1
951.0 0 10 0.199865 1.6906256198742087 0.11821954999999999 0.1
951.5 0 10 0.19917249999999997 1.6849670584488083 0.11820557499999998 0.1
952.0 0 10 0.19848 1.6793071588843878 0.1181916 0.1
952.5 0 10 0.19778749999999998 1.6736459207062249 0.118177625 0.1
953.0 0 10 0.197095 1.667983343439374 0.11816365 0.1
953.5 0 10 0.19640249999999998 1.6623194266086638 0.118149675 0.1
954.0 0 10 0.19571 1.6566541697386987 0.11813570000000001 0.1
954.5 0 10 0.19501749999999998 1.6509875723538578 0.11812172499999998 0.1
955.0 0 10 0.194325 1.6453196339782952 0.11810775000000001 0.1
955.5 0 10 0.19363249999999999 1.6396503541359397 0.11809377499999998 0.1
956.0 0 10 0.19294 1.6339797323504952 0.1180798 0.1
956.5 0 10 0.1922475 1.6283077681454392 0.11806582499999999 0.1
957.0 0 10 0.19155499999999998 1.6226344610440242 0.11805184999999999 0.1
957.5 0 10 0.1908625 1.6169598105692768 0.118037875 0.1
958.0 0 10 0.19016999999999998 1.6112838162439977 0.1180239 0.1
958.5 0 10 0.1894775 1.605606477590762 0.118009925 0.1
959.0 0 10 0.18878499999999998 1.5999277941319172 0.11799594999999997 0.1
959.5 0 10 0.1880925 1.5942477653895861 0.11798197499999999 0.1
960.0 0 10 0.18739999999999998 1.588566390885664 0.11796799999999999 0.1
960.5 0 10 0.1867075 1.5828836701418203 0.11795402499999998 0.1
961.0 0 10 0.18601499999999999 1.577199602679497 0.11794004999999999 0.1
961.5 0 10 0.1853225 1.5715141880199102 0.11792607499999998 0.1
962.0 0 10 0.18463 1.5658274256840476 0.11791209999999999 0.1
962.5 0 10 0.18393749999999998 1.5601393151926715 0.11789812499999999 0.1
963.0 0 10 0.183245 1.554449856066316 0.11788415 0.1
963.5 0 10 0.1825525 1.5487590478252875 0.11787017500000001 0.1
964.0 0 10 0.18186 1.5430668899896653 0.1178562 0.1
964.5 0 10 0.18116749999999998 1.5373733820793012 0.11784222500000001 0.1
965.0 0 10 0.180475 1.5316785236138193 0.11782825000000001 0.1
965.5 0 10 0.17978249999999998 1.525982314112615 0.11781427499999998 0.1
966.0 0 10 0.17909 1.5202847530948562 0.1178003 0.1
966.5 0 10 0.1783975 1.514585840079483 0.117786325 0.1
967.0 0 10 0.177705 1.5088855745852061 0.11777235 0.1
967.5 0 10 0.1770125 1.5031839561305087 0.117758375 0.1
968.0 0 10 0.17632 1.4974809842336452 0.1177444 0.1
968.5 0 10 0.1756275 1.4917766584126404 0.117730425 0.1
969.0 0 10 0.174935 1.4860709781852919 0.11771645 0.1
969.5 0 10 0.1742425 1.4803639430691664 0.11770247500000001 0.1
970.0 0 10 0.17354999999999998 1.474655552581603 0.1176885 0.1
970.5 0 10 0.1728575 1.4689458062397107 0.117674525 0.1
971.0 0 10 0.17216499999999998 1.463234703560369 0.11766055 0.1
971.5 0 10 0.1714725 1.457522244060229 0.11764657499999999 0.1
972.0 0 10 0.17078 1.4518084272557097 0.11763259999999999 0.1
972.5 0 10 0.1700875 1.446093252663003 0.11761862499999999 0.1
973.0 0 10 0.169395 1.4403767197980692 0.11760464999999999 0.1
973.5 0 10 0.1687025 1.4346588281766393 0.11759067499999998 0.1
974.0 0 10 0.16801 1.4289395773142128 0.11757669999999998 0.1
974.5 0 10 0.1673175 1.4232189667260606 0.11756272499999999 0.1
975.0 0 10 0.166625 1.4174969959272217 0.11754875000000001 0.1
975.5 0 10 0.16593249999999998 1.4117736644325052 0.117534775 0.1
976.0 0 10 0.16524 1.406048971756489 0.11752080000000001 0.1
976.5 0 10 0.1645475 1.4003229174135206 0.117506825 0.1
977.0 0 10 0.163855 1.3945955009177156 0.11749285 0.1
977.5 0 10 0.1631625 1.388866721782959 0.117478875 0.1
978.0 0 10 0.16247 1.3831365795229043 0.11746490000000001 0.1
978.5 0 10 0.1617775 1.3774050736509738 0.117450925 0.1
979.0 0 10 0.161085 1.371672203680358 0.11743695 0.1
979.5 0 10 0.1603925 1.365937969124015 0.117422975 0.1
980.0 0 10 0.1597 1.3602023694946725 0.117409 0.1
980.5 0 10 0.1590075 1.3544654043048245 0.11739502500000001 0.1
981.0 0 10 0.15831499999999998 1.3487270730667342 0.11738105 0.1
981.5 0 10 0.1576225 1.342987375292432 0.11736707499999999 0.1
982.0 0 10 0.15693000000000001 1.3372463104937151 0.11735310000000002 0.1
982.5 0 10 0.1562375 1.3315038781821495 0.11733912499999999 0.1
983.0 0 10 0.155545 1.3257600778690672 0.11732515 0.1
983.5 0 10 0.1548525 1.3200149090655686 0.117311175 0.1
984.0 0 10 0.15416 1.31426837128252 0.11729719999999998 0.1
984.5 0 10 0.1534675 1.3085204640305552 0.11728322499999999 0.1
985.0 0 10 0.152775 1.3027711868200744 0.11726924999999998 0.1
985.5 0 10 0.1520825 1.2970205391612448 0.11725527499999999 0.1
986.0 0 10 0.15139 1.2912685205639993 0.11724129999999999 0.1
986.5 0 10 0.1506975 1.2855151305380381 0.117227325 0.1
987.0 0 10 0.150005 1.2797603685928267 0.11721335 0.1
987.5 0 10 0.14931250000000001 1.2740042342375975 0.117199375 0.1
988.0 0 10 0.14862 1.2682467269813475 0.11718540000000001 0.1
988.5 0 10 0.1479275 1.2624878463328408 0.117171425 0.1
989.0 0 10 0.147235 1.256727591800607 0.11715745 0.1
989.5 0 10 0.14654250000000002 1.25096596289294 0.11714347499999998 0.1
990.0 0 10 0.14585 1.2452029591178995 0.1171295 0.1
990.5 0 10 0.1451575 1.2394385799833114 0.11711552499999998 0.1
991.0 0 10 0.144465 1.2336728249967657 0.11710155 0.1
991.5 0 10 0.1437725 1.2279056936656174 0.11708757499999999 0.1
992.0 0 10 0.14308 1.2221371854969867 0.1170736 0.1
992.5 0 10 0.1423875 1.2163672999977575 0.117059625 0.1
993.0 0 10 0.14169500000000002 1.2105960366745796 0.11704565 0.1
993.5 0 10 0.1410025 1.2048233950338658 0.117031675 0.1
994.0 0 10 0.14031 1.1990493745817938 0.1170177 0.1
994.5 0 10 0.1396175 1.1932739748243057 0.11700372500000002 0.1
995.0 0 10 0.13892500000000002 1.187497195267107 0.11698974999999999 0.1
995.5 0 10 0.1382325 1.1817190354156664 0.11697577499999999 0.1
996.0 0 10 0.13754 1.1759394947752173 0.11696179999999998 0.1
996.5 0 10 0.1368475 1.1701585728507564 0.11694782499999999 0.1
997.0 0 10 0.13615500000000003 1.1643762691470436 0.11693385 0.1
997.5 0 10 0.1354625 1.1585925831686017 0.116919875 0.1
998.0 0 10 0.13477 1.1528075144197172 0.11690589999999998 0.1
998.5 0 10 0.13407750000000002 1.1470210624044392 0.11689192499999998 0.1
999.0 0 10 0.133385 1.1412332266265794 0.11687795 0.1
999.5 0 10 0.1326925 1.1354440065897125 0.116863975 0.1
1000.0 0 10 0.132 1.129653401797176 0.11685 0.1
1000.5 0 10 0.1317925 1.1289602053145529 0.11673795000000001 0.1
1001.0 0 10 0.131585 1.1282656768350772 0.11662589999999999 0.1
1001.5 0 10 0.1313775 1.127569812515851 0.11651385000000002 0.1
1002.0 0 10 0.13117 1.1268726084991814 0.1164018 0.1
1002.5 0 10 0.1309625 1.1261740609125053 0.11628975 0.1
1003.0 0 10 0.130755 1.1254741658683207 0.11617770000000001 0.1
1003.5 0 10 0.1305475 1.1247729194641138 0.11606564999999998 0.1
1004.0 0 10 0.13034 1.1240703177822855 0.11595359999999999 0.1
1004.5 0 10 0.1301325 1.1233663568900796 0.11584155000000002 0.1
1005.0 0 10 0.129925 1.1226610328395095 0.1157295 0.1
1005.5 0 10 0.1297175 1.121954341667283 0.11561745 0.1
1006.0 0 10 0.12951000000000001 1.1212462793947298 0.1155054 0.1
1006.5 0 10 0.12930250000000001 1.1205368420277253 0.11539334999999999 0.1
1007.0 0 10 0.12909500000000002 1.119826025556617 0.11528129999999998 0.1
1007.5 0 10 0.12888750000000002 1.1191138259561473 0.11516925 0.1
1008.0 0 10 0.12868000000000002 1.1184002391853793 0.1150572 0.1
1008.5 0 10 0.12847250000000002 1.117685261187619 0.11494514999999998 0.1
1009.0 0 10 0.12826500000000002 1.1169688878903385 0.1148331 0.1
1009.5 0 10 0.12805750000000002 1.1162511152051 0.11472104999999999 0.1
1010.0 0 10 0.12785000000000002 1.1155319390274763 0.11460899999999999 0.1
1010.5 0 10 0.1276425 1.1148113552369734 0.11449695000000001 0.1
1011.0 0 10 0.127435 1.114089359696953 0.1143849 0.1
1011.5 0 10 0.1272275 1.1133659482545504 0.11427285 0.1
1012.0 0 10 0.12702 1.1126411167405974 0.1141608 0.1
1012.5 0 10 0.1268125 1.1119148609695415 0.11404874999999999 0.1
1013.0 0 10 0.126605 1.1111871767393648 0.1139367 0.1
1013.5 0 10 0.1263975 1.110458059831504 0.11382465000000001 0.1
1014.0 0 10 0.12619 1.1097275060107674 0.11371260000000001 0.1
1014.5 0 10 0.1259825 1.1089955110252547 0.11360055 0.1
1015.0 0 10 0.125775 1.108262070606273 0.11348849999999999 0.1
1015.5 0 10 0.1255675 1.1075271804682543 0.11337644999999999 0.1
1016.0 0 10 0.12536 1.1067908363086725 0.11326439999999999 0.1
1016.5 0 10 0.1251525 1.1060530338079588 0.11315235000000001 0.1
1017.0 0 10 0.124945 1.105313768629418 0.11304029999999998 0.1
1017.5 0 10 0.1247375 1.1045730364191424 0.11292824999999998 0.1
1018.0 0 10 0.12453 1.103830832805927 0.11281619999999998 0.1
1018.5 0 10 0.1243225 1.1030871534011837 0.11270414999999999 0.1
1019.0 0 10 0.124115 1.1023419937988546 0.11259209999999999 0.1
1019.5 0 10 0.1239075 1.1015953495753248 0.11248005 0.1
1020.0 0 10 0.1237 1.100847216289335 0.112368 0.1
1020.5 0 10 0.1234925 1.1000975894818938 0.11225595000000001 0.1
1021.0 0 10 0.123285 1.0993464646761886 0.11214389999999999 0.1
1021.5 0 10 0.1230775 1.098593837377496 0.11203184999999999 0.1
1022.0 0 10 0.12287000000000001 1.0978397030730935 0.1119198 0.1
1022.5 0 10 0.12266250000000001 1.0970840572321687 0.11180775 0.1
1023.0 0 10 0.12245500000000001 1.0963268953057281 0.11169569999999998 0.1
1023.5 0 10 0.12224750000000001 1.0955682127265063 0.11158364999999998 0.1
1024.0 0 10 0.12204000000000001 1.0948080049088738 0.1114716 0.1
1024.5 0 10 0.12183250000000001 1.0940462672487452 0.11135955 0.1
1025.0 0 10 0.12162500000000001 1.093282995123486 0.11124750000000001 0.1
1025.5 0 10 0.1214175 1.0925181838918185 0.11113544999999998 0.1
1026.0 0 10 0.12121 1.0917518288937287 0.11102340000000001 0.1
1026.5 0 10 0.1210025 1.090983925450371 0.11091134999999999 0.1
1027.0 0 10 0.120795 1.090214468863973 0.1107993 0.1
1027.5 0 10 0.1205875 1.08944345441774 0.11068725 0.1
1028.0 0 10 0.12038 1.0886708773757587 0.1105752 0.1
1028.5 0 10 0.1201725 1.0878967329828997 0.11046315000000001 0.1
1029.0 0 10 0.119965 1.0871210164647205 0.11035109999999998 0.1
1029.5 0 10 0.1197575 1.0863437230273665 0.11023904999999999 0.1
1030.0 0 10 0.11955 1.0855648478574738 0.11012699999999999 0.1
1030.5 0 10 0.1193425 1.084784386122068 0.11001494999999999 0.1
1031.0 0 10 0.119135 1.0840023329684658 0.1099029 0.1
1031.5 0 10 0.1189275 1.0832186835241735 0.10979085 0.1
1032.0 0 10 0.11872 1.082433432896786 0.10967879999999999 0.1
1032.5 0 10 0.1185125 1.081646576173885 0.10956674999999999 0.1
1033.0 0 10 0.11830500000000001 1.0808581084229367 0.10945469999999999 0.1
1033.5 0 10 0.11809750000000001 1.0800680246911887 0.10934265 0.1
1034.0 0 10 0.11789 1.0792763200055662 0.1092306 0.1
1034.5 0 10 0.1176825 1.0784829893725678 0.10911854999999998 0.1
1035.0 0 10 0.117475 1.07768802777816 0.1090065 0.1
1035.5 0 10 0.1172675 1.0768914301876726 0.10889444999999999 0.1
1036.0 0 10 0.11706 1.0760931915456913 0.10878239999999999 0.1
1036.5 0 10 0.1168525 1.0752933067759514 0.10867034999999999 0.1
1037.0 0 10 0.116645 1.07449177078123 0.1085583 0.1
1037.5 0 10 0.1164375 1.0736885784432382 0.10844624999999998 0.1
1038.0 0 10 0.11623 1.0728837246225107 0.1083342 0.1
1038.5 0 10 0.1160225 1.0720772041582987 0.10822214999999998 0.1
1039.0 0 10 0.115815 1.0712690118684562 0.10811010000000001 0.1
1039.5 0 10 0.1156075 1.070459142549333 0.10799805 0.1
1040.0 0 10 0.1154 1.0696475909756595 0.107886 0.1
1040.5 0 10 0.1151925 1.0688343519004362 0.10777394999999998 0.1
1041.0 0 10 0.114985 1.0680194200548199 0.1076619 0.1
1041.5 0 10 0.1147775 1.0672027901480106 0.10754984999999999 0.1
1042.0 0 10 0.11457 1.0663844568671361 0.10743780000000001 0.1
1042.5 0 10 0.1143625 1.0655644148771382 0.10732574999999998 0.1
1043.0 0 10 0.114155 1.0647426588206546 0.1072137 0.1
1043.5 0 10 0.11394750000000001 1.0639191833179042 0.10710164999999998 0.1
1044.0 0 10 0.11374000000000001 1.0630939829665689 0.10698959999999999 0.1
1044.5 0 10 0.11353250000000001 1.0622670523416753 0.10687754999999999 0.1
1045.0 0 10 0.11332500000000001 1.0614383859954761 0.1067655 0.1
1045.5 0 10 0.11311750000000001 1.0606079784573308 0.10665345000000001 0.1
1046.0 0 10 0.11291 1.0597758242335844 0.1065414 0.1
1046.5 0 10 0.1127025 1.058941917807447 0.10642934999999998 0.1
1047.0 0 10 0.112495 1.0581062536388717 0.10631729999999999 0.1
1047.5 0 10 0.1122875 1.0572688261644316 0.10620525 0.1
1048.0 0 10 0.11208 1.0564296297971971 0.1060932 0.1
1048.5 0 10 0.1118725 1.055588658926611 0.10598115 0.1
1049.0 0 10 0.111665 1.0547459079183634 0.1058691 0.1
1049.5 0 10 0.1114575 1.0539013711142662 0.10575704999999999 0.1
1050.0 0 10 0.11125 1.0530550428321266 0.10564499999999999 0.1
1050.5 0 10 0.1110425 1.052206917365619 0.10553295 0.1
1051.0 0 10 0.110835 1.0513569889841579 0.1054209 0.1
1051.5 0 10 0.1106275 1.0505052519327673 0.10530885 0.1
1052.0 0 10 0.11042 1.0496517004319523 0.10519680000000001 0.1
1052.5 0 10 0.1102125 1.0487963286775674 0.10508474999999999 0.1
1053.0 0 10 0.110005 1.0479391308406854 0.10497269999999999 0.1
1053.5 0 10 0.1097975 1.0470801010674644 0.10486065 0.1
1054.0 0 10 0.10959 1.0462192334790155 0.1047486 0.1
1054.5 0 10 0.10938250000000001 1.0453565221712682 0.10463655 0.1
1055.0 0 10 0.109175 1.044491961214835 0.10452449999999998 0.1
1055.5 0 10 0.1089675 1.043625544654876 0.10441244999999999 0.1
1056.0 0 10 0.10876 1.0427572665109626 0.1043004 0.1
1056.5 0 10 0.1085525 1.0418871207769391 0.10418834999999999 0.1
1057.0 0 10 0.108345 1.0410151014207845 0.10407630000000001 0.1
1057.5 0 10 0.1081375 1.0401412023844736 0.10396424999999998 0.1
1058.0 0 10 0.10793 1.0392654175838356 0.10385219999999998 0.1
1058.5 0 10 0.1077225 1.038387740908414 0.10374015 0.1
1059.0 0 10 0.107515 1.0375081662213241 0.1036281 0.1
1059.5 0 10 0.1073075 1.0366266873591101 0.10351604999999998 0.1
1060.0 0 10 0.1071 1.0357432981316004 0.103404 0.1
1060.5 0 10 0.1068925 1.0348579923217638 0.10329195 0.1
1061.0 0 10 0.106685 1.0339707636855628 0.10317989999999999 0.1
1061.5 0 10 0.1064775 1.0330816059518075 0.10306785 0.1
1062.0 0 10 0.10627 1.0321905128220072 0.10295579999999999 0.1
1062.5 0 10 0.1060625 1.031297477970222 0.10284375 0.1
1063.0 0 10 0.105855 1.030402495042913 0.10273169999999998 0.1
1063.5 0 10 0.1056475 1.0295055576587917 0.10261964999999998 0.1
1064.0 0 10 0.10544 1.0286066594086685 0.10250759999999999 0.1
1064.5 0 10 0.1052325 1.0277057938552994 0.10239555 0.1
1065.0 0 10 0.10502500000000001 1.0268029545332338 0.10228349999999999 0.1
1065.5 0 10 0.1048175 1.0258981349486573 0.10217145 0.1
1066.0 0 10 0.10461 1.0249913285792391 0.1020594 0.1
1066.5 0 10 0.1044025 1.0240825288739728 0.10194734999999998 0.1
1067.0 0 10 0.104195 1.0231717292530194 0.10183529999999999 0.1
1067.5 0 10 0.1039875 1.0222589231075492 0.10172324999999999 0.1
1068.0 0 10 0.10378 1.0213441037995812 0.1016112 0.1
1068.5 0 10 0.1035725 1.0204272646618222 0.10149915 0.1
1069.0 0 10 0.103365 1.0195083989975056 0.10138710000000001 0.1
1069.5 0 10 0.1031575 1.0185875000802271 0.10127504999999999 0.1
1070.0 0 10 0.10295 1.0176645611537816 0.10116299999999999 0.1
1070.5 0 10 0.1027425 1.0167395754319974 0.10105095 0.1
1071.0 0 10 0.102535 1.0158125360985706 0.1009389 0.1
1071.5 0 10 0.1023275 1.0148834363068966 0.10082685 0.1
1072.0 0 10 0.10212 1.013952269179902 0.1007148 0.1
1072.5 0 10 0.1019125 1.013019027809876 0.10060274999999999 0.1
1073.0 0 10 0.101705 1.0120837052582976 0.1004907 0.1
1073.5 0 10 0.1014975 1.011146294555665 0.10037865 0.1
1074.0 0 10 0.10128999999999999 1.0102067887013222 0.1002666 0.1
1074.5 0 10 0.10108249999999999 1.0092651806632849 0.10015455 0.1
1075.0 0 10 0.10087499999999999 1.0083214633780644 0.10004249999999999 0.1
1075.5 0 10 0.1006675 1.0073756297504914 0.09993045 0.1
1076.0 0 10 0.10046 1.0064276726535388 0.09981839999999999 0.1
1076.5 0 10 0.1002525 1.0054775849281414 0.09970635 0.1
1077.0 0 10 0.100045 1.0045253593830168 0.0995943 0.1
1077.5 0 10 0.0998375 1.0035709887944835 0.09948225 0.1
1078.0 0 10 0.09963 1.0026144659062777 0.09937019999999999 0.1
1078.5 0 10 0.0994225 1.001655783429371 0.09925814999999999 0.1
1079.0 0 10 0.099215 1.0006949340417828 0.0991461 0.1
1079.5 1 10 0.0990075 0.9997319103883967 0.09903405000000001 0.1
1080.0 1 10 0.0988 0.9987667050807707 0.098922 0.1
1080.5 1 10 0.0985925 0.997799310696949 0.09880995 0.1
1081.0 1 10 0.098385 0.996829719781272 0.09869789999999999 0.1
1081.5 1 10 0.0981775 0.995857924844184 0.09858585000000002 0.1
1082.0 1 10 0.09797 0.9948839183620415 0.0984738 0.1
1082.5 1 10 0.0977625 0.9939076927769179 0.09836175 0.1
1083.0 1 10 0.097555 0.9929292404964087 0.0982497 0.1
1083.5 1 10 0.0973475 0.9919485538934345 0.09813764999999999 0.1
1084.0 1 10 0.09714 0.9909656253060426 0.09802559999999999 0.1
1084.5 1 10 0.0969325 0.989980447037208 0.09791354999999997 0.1
1085.0 1 10 0.096725 0.9889930113546317 0.09780149999999999 0.1
1085.5 1 10 0.09651749999999999 0.9880033104905391 0.09768944999999998 0.1
1086.0 1 10 0.09630999999999999 0.9870113366414763 0.0975774 0.1
1086.5 1 10 0.0961025 0.9860170819681046 0.09746534999999999 0.1
1087.0 1 10 0.095895 0.9850205385949936 0.0973533 0.1
1087.5 1 10 0.0956875 0.9840216986104148 0.09724125 0.1
1088.0 1 10 0.09548 0.9830205540661304 0.0971292 0.1
1088.5 1 10 0.0952725 0.982017096977184 0.09701715 0.1
1089.0 1 10 0.095065 0.981011319321687 0.0969051 0.1
1089.5 1 10 0.0948575 0.9800032130406058 0.09679305 0.1
1090.0 1 10 0.09465 0.9789927700375463 0.09668099999999998 0.1
1090.5 1 10 0.0944425 0.9779799821785367 0.09656895 0.1
1091.0 1 10 0.094235 0.9769648412918102 0.0964569 0.1
1091.5 1 10 0.0940275 0.975947339167584 0.09634485 0.1
1092.0 1 10 0.09382 0.974927467557839 0.09623280000000001 0.1
1092.5 1 10 0.0936125 0.9739052181760963 0.09612074999999998 0.1
1093.0 1 10 0.093405 0.972880582697193 0.09600870000000002 0.1
1093.5 1 10 0.09319749999999999 0.9718535527570565 0.09589665 0.1
1094.0 1 10 0.09298999999999999 0.9708241199524766 0.0957846 0.1
1094.5 1 10 0.09278249999999999 0.9697922758408759 0.09567255 0.1
1095.0 1 10 0.09257499999999999 0.9687580119400798 0.09556049999999999 0.1
1095.5 1 10 0.09236749999999999 0.9677213197280836 0.09544844999999999 0.1
1096.0 1 10 0.09215999999999999 0.9666821906428186 0.09533639999999999 0.1
1096.5 1 10 0.09195249999999999 0.965640616081916 0.09522435 0.1
1097.0 1 10 0.091745 0.9645965874024706 0.09511229999999998 0.1
1097.5 1 10 0.0915375 0.9635500959208002 0.09500025 0.1
1098.0 1 10 0.09133 0.9625011329122062 0.09488819999999999 0.1
1098.5 1 10 0.0911225 0.9614496896107301 0.09477615 0.1
1099.0 1 10 0.090915 0.9603957572089102 0.0946641 0.1
1099.5 1 10 0.0907075 0.9593393268575351 0.09455204999999998 0.1
1100.0 1 10 0.0905 0.9582803896653961 0.09443999999999998 0.1
1100.5 1 10 0.0902925 0.9572189366990378 0.09432795000000001 0.1
1101.0 1 10 0.090085 0.9561549589825072 0.09421589999999999 0.1
1101.5 1 10 0.0898775 0.9550884474971004 0.09410384999999999 0.1
1102.0 1 10 0.08967 0.9540193931811073 0.0939918 0.1
1102.5 1 10 0.0894625 0.9529477869295562 0.09387975 0.1
1103.0 1 10 0.089255 0.951873619593954 0.0937677 0.1
1103.5 1 10 0.0890475 0.9507968819820268 0.09365565 0.1
1104.0 1 10 0.08884 0.949717564857457 0.09354359999999999 0.1
1104.5 1 10 0.0886325 0.9486356589396194 0.09343155 0.1
1105.0 1 10 0.088425 0.9475511549033161 0.09331949999999999 0.1
1105.5 1 10 0.0882175 0.9464640433785069 0.09320744999999998 0.1
1106.0 1 10 0.08801 0.9453743149500407 0.09309539999999998 0.1
1106.5 1 10 0.0878025 0.9442819601573832 0.09298334999999999 0.1
1107.0 1 10 0.08759499999999999 0.9431869694943432 0.09287129999999999 0.1
1107.5 1 10 0.08738749999999999 0.9420893334087975 0.09275925 0.1
1108.0 1 10 0.08718 0.9409890423024116 0.0926472 0.1
1108.5 1 10 0.0869725 0.9398860865303617 0.09253515 0.1
1109.0 1 10 0.086765 0.9387804564010512 0.09242310000000001 0.1
1109.5 1 10 0.0865575 0.9376721421758284 0.09231104999999998 0.1
1110.0 1 10 0.08635 0.9365611340686991 0.092199 0.1
1110.5 1 10 0.0861425 0.9354474222460403 0.09208695 0.1
1111.0 1 10 0.085935 0.934330996826308 0.0919749 0.1
1111.5 1 10 0.0857275 0.9332118478797469 0.09186285 0.1
1112.0 1 10 0.08552 0.9320899654280944 0.0917508 0.1
1112.5 1 10 0.0853125 0.9309653394442854 0.09163874999999999 0.1
1113.0 1 10 0.085105 0.9298379598521526 0.09152669999999997 0.1
1113.5 1 10 0.0848975 0.9287078165261258 0.09141465 0.1
1114.0 1 10 0.08469 0.9275748992909293 0.0913026 0.1
1114.5 1 10 0.0844825 0.9264391979212759 0.09119055 0.1
1115.0 1 10 0.084275 0.9253007021415594 0.09107849999999998 0.1
1115.5 1 10 0.0840675 0.9241594016255443 0.09096645 0.1
1116.0 1 10 0.08386 0.9230152859960552 0.09085440000000002 0.1
1116.5 1 10 0.0836525 0.9218683448246602 0.09074235 0.1
1117.0 1 10 0.083445 0.9207185676313552 0.0906303 0.1
1117.5 1 10 0.0832375 0.9195659438842445 0.09051825 0.1
1118.0 1 10 0.08303 0.9184104629992192 0.09040619999999999 0.1
1118.5 1 10 0.08282250000000001 0.9172521143396335 0.09029414999999999 0.1
1119.0 1 10 0.082615 0.9160908872159775 0.09018209999999997 0.1
1119.5 1 10 0.0824075 0.9149267708855496 0.09007004999999998 0.1
1120.0 1 10 0.0822 0.9137597545521243 0.089958 0.1
1120.5 1 10 0.0819925 0.9125898273656187 0.08984595 0.1
1121.0 1 10 0.081785 0.911416978421756 0.08973389999999999 0.1
1121.5 1 10 0.0815775 0.9102411967617271 0.08962185 0.1
1122.0 1 10 0.08137 0.9090624713718498 0.0895098 0.1
1122.5 1 10 0.0811625 0.9078807911832233 0.08939775 0.1
1123.0 1 10 0.080955 0.9066961450713833 0.08928569999999998 0.1
1123.5 1 10 0.0807475 0.9055085218559519 0.08917365 0.1
1124.0 1 10 0.08054 0.9043179103002866 0.08906159999999999 0.1
1124.5 1 10 0.0803325 0.9031242991111255 0.08894954999999999 0.1
1125.0 1 10 0.080125 0.90192767693823 0.0888375 0.1
1125.5 1 10 0.0799175 0.9007280323740258 0.08872545 0.1
1126.0 1 10 0.07971 0.8995253539532396 0.08861340000000001 0.1
1126.5 1 10 0.0795025 0.8983196301525345 0.08850135 0.1
1127.0 1 10 0.079295 0.8971108493901411 0.08838930000000002 0.1
1127.5 1 10 0.0790875 0.895899000025488 0.08827725 0.1
1128.0 1 10 0.07888 0.8946840703588265 0.0881652 0.1
1128.5 1 10 0.0786725 0.8934660486308554 0.08805315000000001 0.1
1129.0 1 10 0.07846500000000001 0.8922449230223413 0.0879411 0.1
1129.5 1 10 0.07825750000000001 0.8910206816537355 0.08782904999999999 0.1
1130.0 1 10 0.07805000000000001 0.8897933125847899 0.08771699999999999 0.1
1130.5 1 10 0.07784250000000001 0.8885628038141683 0.08760494999999999 0.1
1131.0 1 10 0.07763500000000001 0.8873291432790548 0.0874929 0.1
1131.5 1 10 0.07742750000000001 0.8860923188547607 0.08738085 0.1
1132.0 1 10 0.07722000000000001 0.8848523183543261 0.0872688 0.1
1132.5 1 10 0.07701250000000001 0.8836091295281205 0.08715674999999998 0.1
1133.0 1 10 0.076805 0.8823627400634386 0.0870447 0.1
1133.5 1 10 0.0765975 0.8811131375840953 0.08693265 0.1
1134.0 1 10 0.07639 0.8798603096500139 0.0868206 0.1
1134.5 1 10 0.0761825 0.8786042437568152 0.08670855 0.1
1135.0 1 10 0.075975 0.8773449273354005 0.08659649999999999 0.1
1135.5 1 10 0.0757675 0.8760823477515324 0.08648444999999999 0.1
1136.0 1 10 0.07556 0.8748164923054125 0.0863724 0.1
1136.5 1 10 0.0753525 0.8735473482312558 0.08626035 0.1
1137.0 1 10 0.075145 0.8722749026968611 0.0861483 0.1
1137.5 1 10 0.0749375 0.870999142803179 0.08603625 0.1
1138.0 1 10 0.07473 0.8697200555838752 0.0859242 0.1
1138.5 1 10 0.0745225 0.8684376280048921 0.08581215 0.1
1139.0 1 10 0.074315 0.8671518469640059 0.0857001 0.1
1139.5 1 10 0.0741075 0.86586269929038 0.08558805 0.1
1140.0 1 10 0.07390000000000001 0.8645701717441154 0.085476 0.1
1140.5 1 10 0.07369250000000001 0.8632742510157978 0.08536395 0.1
1141.0 1 10 0.07348500000000001 0.8619749237260403 0.08525189999999999 0.1
1141.5 1 10 0.07327750000000001 0.8606721764250232 0.08513984999999999 0.1
1142.0 1 10 0.07307000000000001 0.8593659955920302 0.08502779999999997 0.1
1142.5 1 10 0.07286250000000001 0.8580563676349795 0.08491575 0.1
1143.0 1 10 0.07265500000000001 0.8567432788899543 0.0848037 0.1
1143.5 1 10 0.0724475 0.8554267156207254 0.08469165 0.1
1144.0 1 10 0.07224 0.8541066640182738 0.0845796 0.1
1144.5 1 10 0.0720325 0.8527831102003076 0.08446755 0.1
1145.0 1 10 0.071825 0.8514560402107746 0.08435550000000001 0.1
1145.5 1 10 0.0716175 0.8501254400193725 0.08424344999999998 0.1
1146.0 1 10 0.07141 0.848791295521054 0.0841314 0.1
1146.5 1 10 0.0712025 0.8474535925355291 0.08401934999999999 0.1
1147.0 1 10 0.070995 0.8461123168067619 0.08390729999999999 0.1
1147.5 1 10 0.0707875 0.8447674540024644 0.08379525 0.1
1148.0 1 10 0.07058 0.8434189897135866 0.08368319999999999 0.1
1148.5 1 10 0.0703725 0.8420669094538008 0.08357115 0.1
1149.0 1 10 0.070165 0.840711198658984 0.0834591 0.1
1149.5 1 10 0.0699575 0.8393518426866938 0.08334704999999999 0.1
1150.0 1 10 0.06975 0.8379888268156425 0.083235 0.1
1150.5 1 10 0.06954250000000001 0.8366221362451646 0.08312295 0.1
1151.0 1 10 0.06933500000000001 0.8352517560946816 0.0830109 0.1
1151.5 1 10 0.06912750000000001 0.8338776714031619 0.08289885000000001 0.1
1152.0 1 10 0.06892000000000001 0.8324998671285763 0.08278679999999998 0.1
1152.5 1 10 0.06871250000000001 0.8311183281473487 0.08267475 0.1
1153.0 1 10 0.06850500000000001 0.8297330392538037 0.08256269999999999 0.1
1153.5 1 10 0.06829750000000001 0.8283439851596078 0.08245065 0.1
1154.0 1 10 0.06809000000000001 0.8269511504932074 0.0823386 0.1
1154.5 1 10 0.06788250000000001 0.8255545197992621 0.08222655 0.1
1155.0 1 10 0.06767500000000001 0.824154077538072 0.08211449999999999 0.1
1155.5 1 10 0.0674675 0.8227498080850023 0.08200245 0.1
1156.0 1 10 0.06726 0.8213416957299023 0.0818904 0.1
1156.5 1 10 0.0670525 0.8199297246765189 0.08177835 0.1
1157.0 1 10 0.066845 0.818513879041906 0.08166629999999998 0.1
1157.5 1 10 0.0666375 0.8170941428558292 0.08155425 0.1
1158.0 1 10 0.06643 0.8156705000601655 0.08144219999999999 0.1
1158.5 1 10 0.0662225 0.8142429345082975 0.08133014999999999 0.1
1159.0 1 10 0.066015 0.8128114299645032 0.08121809999999999 0.1
1159.5 1 10 0.0658075 0.8113759701033401 0.08110605 0.1
1160.0 1 10 0.0656 0.8099365385090255 0.08099399999999998 0.1
1160.5 1 10 0.0653925 0.8084931186748096 0.08088195 0.1
1161.0 1 10 0.065185 0.8070456940023449 0.0807699 0.1
1161.5 1 10 0.06497750000000001 0.805594247801051 0.08065785 0.1
1162.0 1 10 0.06477000000000001 0.8041387632874714 0.0805458 0.1
1162.5 1 10 0.06456250000000001 0.8026792235846272 0.08043375000000001 0.1
1163.0 1 10 0.06435500000000001 0.8012156117213656 0.0803217 0.1
1163.5 1 10 0.06414750000000001 0.799747910631701 0.08020964999999998 0.1
1164.0 1 10 0.06394000000000001 0.7982761031541522 0.08009759999999999 0.1
1164.5 1 10 0.0637325 0.7968001720310732 0.07998554999999999 0.1
1165.0 1 10 0.063525 0.7953200999079796 0.07987349999999999 0.1
1165.5 1 10 0.0633175 0.793835869332867 0.07976145 0.1
1166.0 1 10 0.06311 0.7923474627555261 0.0796494 0.1
1166.5 1 10 0.0629025 0.7908548625268507 0.07953734999999999 0.1
1167.0 1 10 0.062695 0.7893580508981395 0.0794253 0.1
1167.5 1 10 0.0624875 0.7878570100203938 0.07931325 0.1
1168.0 1 10 0.06228 0.7863517219436069 0.0792012 0.1
1168.5 1 10 0.0620725 0.7848421686160492 0.07908915 0.1
1169.0 1 10 0.061865 0.7833283318835461 0.0789771 0.1
1169.5 1 10 0.061657500000000004 0.7818101934887508 0.07886504999999999 0.1
1170.0 1 10 0.061450000000000005 0.7802877350704102 0.07875299999999999 0.1
1170.5 1 10 0.061242500000000005 0.7787609381626242 0.07864094999999999 0.1
1171.0 1 10 0.061035000000000006 0.7772297841940994 0.07852889999999998 0.1
1171.5 1 10 0.06082750000000001 0.7756942544873966 0.07841685 0.1
1172.0 1 10 0.06062000000000001 0.7741543302581708 0.0783048 0.1
1172.5 1 10 0.06041250000000001 0.7726099926144049 0.07819275 0.1
1173.0 1 10 0.060205 0.7710612225556379 0.0780807 0.1
1173.5 1 10 0.0599975 0.7695080009721856 0.07796865 0.1
1174.0 1 10 0.05979 0.7679503086443539 0.0778566 0.1
1174.5 1 10 0.059582500000000004 0.7663881262416466 0.07774454999999998 0.1
1175.0 1 10 0.059375000000000004 0.7648214343219658 0.0776325 0.1
1175.5 1 10 0.059167500000000005 0.7632502133308051 0.07752044999999999 0.1
1176.0 1 10 0.058960000000000005 0.7616744436004363 0.07740839999999999 0.1
1176.5 1 10 0.0587525 0.7600941053490884 0.07729634999999999 0.1
1177.0 1 10 0.058545 0.7585091786801202 0.0771843 0.1
1177.5 1 10 0.0583375 0.7569196435811852 0.07707225 0.1
1178.0 1 10 0.05813 0.755325479923389 0.07696019999999999 0.1
1178.5 1 10 0.0579225 0.7537266674604398 0.07684815 0.1
1179.0 1 10 0.057715 0.7521231858277916 0.07673610000000002 0.1
1179.5 1 10 0.0575075 0.750515014541779 0.07662405 0.1
1180.0 1 10 0.057300000000000004 0.7489021329987454 0.076512 0.1
1180.5 1 10 0.057092500000000004 0.7472845204741627 0.07639995 0.1
1181.0 1 10 0.056885000000000005 0.7456621561217442 0.07628789999999999 0.1
1181.5 1 10 0.056677500000000006 0.7440350189725485 0.07617584999999999 0.1
1182.0 1 10 0.056470000000000006 0.7424030879340766 0.07606379999999999 0.1
1182.5 1 10 0.05626250000000001 0.7407663417893599 0.07595174999999998 0.1
1183.0 1 10 0.056055 0.7391247591960411 0.0758397 0.1
1183.5 1 10 0.0558475 0.7374783186854472 0.07572765 0.1
1184.0 1 10 0.05564 0.7358269986616518 0.0756156 0.1
1184.5 1 10 0.0554325 0.7341707774005328 0.07550355 0.1
1185.0 1 10 0.055225 0.7325096330488186 0.0753915 0.1
1185.5 1 10 0.055017500000000004 0.730843543623127 0.07527945 0.1
1186.0 1 10 0.054810000000000005 0.7291724870089961 0.0751674 0.1
1186.5 1 10 0.0546025 0.727496440959905 0.07505534999999999 0.1
1187.0 1 10 0.054395 0.7258153830962876 0.07494329999999999 0.1
1187.5 1 10 0.0541875 0.7241292909045353 0.07483125 0.1
1188.0 1 10 0.05398 0.7224381417359931 0.07471919999999999 0.1
1188.5 1 10 0.0537725 0.7207419128059442 0.07460715 0.1
1189.0 1 10 0.053565 0.7190405811925886 0.0744951 0.1
1189.5 1 10 0.0533575 0.7173341238360083 0.07438305000000002 0.1
1190.0 1 10 0.05315 0.7156225175371276 0.074271 0.1
1190.5 1 10 0.0529425 0.71390573895666 0.07415895000000002 0.1
1191.0 1 10 0.052735000000000004 0.7121837646140488 0.0740469 0.1
1191.5 1 10 0.052527500000000005 0.7104565708863954 0.07393485 0.1
1192.0 1 10 0.052320000000000005 0.70872413400738 0.07382279999999998 0.1
1192.5 1 10 0.052112500000000006 0.706986430066171 0.07371074999999999 0.1
1193.0 1 10 0.05190500000000001 0.705243435006325 0.07359869999999999 0.1
1193.5 1 10 0.0516975 0.7034951246246769 0.07348664999999999 0.1
1194.0 1 10 0.05149 0.7017414745702192 0.0733746 0.1
1194.5 1 10 0.0512825 0.6999824603429721 0.07326255 0.1
1195.0 1 10 0.051075 0.6982180572928416 0.0731505 0.1
1195.5 1 10 0.0508675 0.6964482406184688 0.07303845 0.1
1196.0 1 10 0.05066 0.6946729853660676 0.07292640000000002 0.1
1196.5 1 10 0.0504525 0.6928922664282521 0.07281435 0.1
1197.0 1 10 0.050245 0.6911060585428521 0.0727023 0.1
1197.5 1 10 0.0500375 0.6893143362917197 0.07259025 0.1
1198.0 1 10 0.04983 0.6875170740995225 0.07247819999999999 0.1
1198.5 1 10 0.0496225 0.6857142462325273 0.07236614999999999 0.1
1199.0 1 10 0.049415 0.6839058267973722 0.07225409999999999 0.1
1199.5 1 10 0.0492075 0.682091789739826 0.07214204999999999 0.1
1200.0 1 10 0.049 0.6802721088435375 0.07203 0.1
1200.5 1 10 0.04892825 0.6797192810388283 0.071983025 0.1
1201.0 1 10 0.048856500000000004 0.679165731229335 0.07193605 0.1
1201.5 1 10 0.04878475 0.678611457999703 0.071889075 0.1
1202.0 1 10 0.048713 0.6780564599308763 0.07184209999999999 0.1
1202.5 1 10 0.048641250000000004 0.6775007356000843 0.07179512500000002 0.1
1203.0 1 10 0.0485695 0.676944283580831 0.07174815 0.1
1203.5 1 10 0.04849775 0.6763871024428819 0.07170117499999999 0.1
1204.0 1 10 0.048426000000000004 0.6758291907522518 0.07165420000000002 0.1
1204.5 1 10 0.04835425 0.6752705470711929 0.071607225 0.1
1205.0 1 10 0.0482825 0.6747111699581821 0.07156024999999999 0.1
1205.5 1 10 0.048210750000000004 0.6741510579679088 0.071513275 0.1
1206.0 1 10 0.048139 0.6735902096512623 0.0714663 0.1
1206.5 1 10 0.04806725 0.6730286235553193 0.07141932499999998 0.1
1207.0 1 10 0.0479955 0.6724662982233316 0.07137235 0.1
1207.5 1 10 0.04792375 0.6719032321947134 0.071325375 0.1
1208.0 1 10 0.047852 0.6713394240050282 0.07127839999999999 0.1
1208.5 1 10 0.04778025 0.670774872185977 0.071231425 0.1
1209.0 1 10 0.0477085 0.6702095752653846 0.07118444999999998 0.1
1209.5 1 10 0.04763675 0.6696435317671875 0.07113747499999999 0.1
1210.0 1 10 0.047565 0.6690767402114207 0.07109049999999999 0.1
1210.5 1 10 0.04749325 0.668509199114205 0.071043525 0.1
1211.0 1 10 0.0474215 0.667940906987734 0.07099654999999999 0.1
1211.5 1 10 0.04734975 0.6673718623402607 0.070949575 0.1
1212.0 1 10 0.047278 0.6668020636760853 0.0709026 0.1
1212.5 1 10 0.047206250000000005 0.6662315094955412 0.07085562499999999 0.1
1213.0 1 10 0.0471345 0.6656601982949824 0.07080865 0.1
1213.5 1 10 0.04706275 0.6650881285667701 0.070761675 0.1
1214.0 1 10 0.046991000000000005 0.6645152987992597 0.07071469999999999 0.1
1214.5 1 10 0.04691925 0.6639417074767866 0.070667725 0.1
1215.0 1 10 0.0468475 0.6633673530796544 0.07062075 0.1
1215.5 1 10 0.046775750000000005 0.6627922340841199 0.07057377499999999 0.1
1216.0 1 10 0.046704 0.6622163489623802 0.0705268 0.1
1216.5 1 10 0.04663225 0.6616396961825601 0.07047982499999998 0.1
1217.0 1 10 0.046560500000000005 0.6610622742086968 0.07043284999999999 0.1
1217.5 1 10 0.04648875 0.6604840815007272 0.070385875 0.1
1218.0 1 10 0.046417 0.6599051165144749 0.0703389 0.1
1218.5 1 10 0.046345250000000004 0.6593253777016351 0.07029192499999999 0.1
1219.0 1 10 0.0462735 0.6587448635097612 0.07024495 0.1
1219.5 1 10 0.04620175 0.6581635723822518 0.070197975 0.1
1220.0 1 10 0.046130000000000004 0.6575815027583357 0.07015099999999999 0.1
1220.5 1 10 0.04605825 0.6569986530730583 0.070104025 0.1
1221.0 1 10 0.0459865 0.6564150217572678 0.07005705 0.1
1221.5 1 10 0.045914750000000004 0.6558306072376013 0.07001007499999999 0.1
1222.0 1 10 0.045843 0.6552454079364693 0.0699631 0.1
1222.5 1 10 0.04577125 0.6546594222720439 0.069916125 0.1
1223.0 1 10 0.045699500000000004 0.654072648658242 0.06986914999999999 0.1
1223.5 1 10 0.04562775 0.6534850855047125 0.069822175 0.1
1224.0 1 10 0.045556 0.652896731216822 0.0697752 0.1
1224.5 1 10 0.045484250000000004 0.6523075841956396 0.06972822499999999 0.1
1225.0 1 10 0.0454125 0.6517176428379227 0.06968125000000001 0.1
1225.5 1 10 0.04534075 0.6511269055361028 0.069634275 0.1
1226.0 1 10 0.045269000000000004 0.6505353706782705 0.06958729999999999 0.1
1226.5 1 10 0.04519725 0.6499430366481607 0.069540325 0.1
1227.0 1 10 0.0451255 0.6493499018251387 0.06949334999999998 0.1
1227.5 1 10 0.045053750000000004 0.6487559645841846 0.06944637499999999 0.1
1228.0 1 10 0.044982 0.6481612232958787 0.0693994 0.1
1228.5 1 10 0.04491025 0.6475656763263866 0.069352425 0.1
1229.0 1 10 0.0448385 0.6469693220374445 0.06930544999999999 0.1
1229.5 1 10 0.04476675 0.6463721587863435 0.069258475 0.1
1230.0 1 10 0.044695 0.6457741849259155 0.0692115 0.1
1230.5 1 10 0.04462325 0.6451753988045172 0.069164525 0.1
1231.0 1 10 0.0445515 0.6445757987660153 0.06911755 0.1
1231.5 1 10 0.04447975 0.6439753831497711 0.069070575 0.1
1232.0 1 10 0.044408 0.6433741502906253 0.0690236 0.1
1232.5 1 10 0.04433625 0.6427720985188823 0.068976625 0.1
1233.0 1 10 0.0442645 0.6421692261602954 0.06892965 0.1
1233.5 1 10 0.04419275 0.6415655315360502 0.068882675 0.1
1234.0 1 10 0.044121 0.6409610129627504 0.0688357 0.1
1234.5 1 10 0.04404925 0.6403556687524009 0.068788725 0.1
1235.0 1 10 0.0439775 0.6397494972123927 0.06874175 0.1
1235.5 1 10 0.04390575 0.6391424966454873 0.068694775 0.1
1236.0 1 10 0.043834 0.6385346653498 0.0686478 0.1
1236.5 1 10 0.04376225 0.6379260016187852 0.068600825 0.1
1237.0 1 10 0.0436905 0.6373165037412195 0.06855385 0.1
1237.5 1 10 0.04361875 0.636706170001186 0.068506875 0.1
1238.0 1 10 0.043547 0.6360949986780583 0.0684599 0.1
1238.5 1 10 0.04347525 0.635482988046484 0.06841292499999999 0.1
1239.0 1 10 0.0434035 0.6348701363763687 0.06836595 0.1
1239.5 1 10 0.04333175 0.6342564419328598 0.068318975 0.1
1240.0 1 10 0.04326 0.6336419029763299 0.06827200000000001 0.1
1240.5 1 10 0.04318825 0.6330265177623606 0.068225025 0.1
1241.0 1 10 0.0431165 0.6324102845417257 0.06817805 0.1
1241.5 1 10 0.04304475 0.6317932015603747 0.068131075 0.1
1242.0 1 10 0.042973 0.6311752670594162 0.06808410000000001 0.1
1242.5 1 10 0.04290125 0.6305564792751016 0.068037125 0.1
1243.0 1 10 0.0428295 0.6299368364388077 0.06799014999999999 0.1
1243.5 1 10 0.042757750000000004 0.62931633677702 0.067943175 0.1
1244.0 1 10 0.042686 0.6286949785113158 0.0678962 0.1
1244.5 1 10 0.04261425 0.6280727598583477 0.067849225 0.1
1245.0 1 10 0.042542500000000004 0.6274496790298258 0.06780225 0.1
1245.5 1 10 0.04247075 0.6268257342325007 0.067755275 0.1
1246.0 1 10 0.042399 0.6262009236681471 0.0677083 0.1
1246.5 1 10 0.042327250000000004 0.6255752455335453 0.067661325 0.1
1247.0 1 10 0.0422555 0.6249486980204646 0.06761435 0.1
1247.5 1 10 0.04218375 0.6243212793156461 0.067567375 0.1
1248.0 1 10 0.042112000000000004 0.6236929876007845 0.0675204 0.1
1248.5 1 10 0.04204025 0.6230638210525107 0.067473425 0.1
1249.0 1 10 0.0419685 0.6224337778423749 0.06742645 0.1
1249.5 1 10 0.04189675 0.6218028561368282 0.067379475 0.1
1250.0 1 10 0.041825 0.6211710540972042 0.06733249999999999 0.1
1250.5 1 10 0.04175325 0.6205383698797029 0.067285525 0.1
1251.0 1 10 0.0416815 0.6199048016353714 0.06723855 0.1
1251.5 1 10 0.04160975 0.6192703475100859 0.067191575 0.1
1252.0 1 10 0.041538 0.6186350056445343 0.0671446 0.1
1252.5 1 10 0.04146625 0.6179987741741978 0.067097625 0.1
1253.0 1 10 0.0413945 0.6173616512293318 0.06705065 0.1
1253.5 1 10 0.04132275 0.6167236349349494 0.06700367500000001 0.1
1254.0 1 10 0.041251 0.6160847234108014 0.0669567 0.1
1254.5 1 10 0.04117925 0.615444914771358 0.066909725 0.1
1255.0 1 10 0.0411075 0.6148042071257912 0.06686275 0.1
1255.5 1 10 0.04103575 0.6141625985779556 0.066815775 0.1
1256.0 1 10 0.040964 0.6135200872263692 0.0667688 0.1
1256.5 1 10 0.04089225 0.6128766711641955 0.066721825 0.1
1257.0 1 10 0.0408205 0.6122323484792243 0.06667485 0.1
1257.5 1 10 0.04074875 0.6115871172538521 0.066627875 0.1
1258.0 1 10 0.040677 0.6109409755650644 0.0665809 0.1
1258.5 1 10 0.04060525 0.6102939214844157 0.066533925 0.1
1259.0 1 10 0.0405335 0.6096459530780101 0.06648695 0.1
1259.5 1 10 0.04046175 0.6089970684064827 0.06643997499999998 0.1
1260.0 1 10 0.04039 0.6083472655249801 0.06639300000000001 0.1
1260.5 1 10 0.04031825 0.6076965424831404 0.066346025 0.1
1261.0 1 10 0.0402465 0.6070448973250748 0.06629905 0.1
1261.5 1 10 0.04017475 0.6063923280893467 0.066252075 0.1
1262.0 1 10 0.040103 0.6057388328089528 0.06620509999999999 0.1
1262.5 1 10 0.040031250000000004 0.6050844095113035 0.066158125 0.1
1263.0 1 10 0.0399595 0.6044290562182023 0.06611115 0.1
1263.5 1 10 0.03988775 0.6037727709458265 0.066064175 0.1
1264.0 1 10 0.039816000000000004 0.6031155517047073 0.0660172 0.1
1264.5 1 10 0.03974425 0.6024573964997089 0.065970225 0.1
1265.0 1 10 0.0396725 0.6017983033300087 0.06592325 0.1
1265.5 1 10 0.039600750000000004 0.6011382701890781 0.06587627499999998 0.1
1266.0 1 10 0.039529 0.6004772950646597 0.0658293 0.1
1266.5 1 10 0.03945725 0.5998153759387495 0.065782325 0.1
1267.0 1 10 0.039385500000000004 0.5991525107875748 0.06573535 0.1
1267.5 1 10 0.03931375 0.5984886975815736 0.065688375 0.1
1268.0 1 10 0.039242 0.5978239342853747 0.0656414 0.1
1268.5 1 10 0.039170250000000004 0.5971582188577765 0.065594425 0.1
1269.0 1 10 0.0390985 0.5964915492517253 0.06554745 0.1
1269.5 1 10 0.03902675 0.5958239234142958 0.065500475 0.1
1270.0 1 10 0.038955000000000004 0.5951553392866692 0.0654535 0.1
1270.5 1 10 0.03888325 0.5944857948041118 0.065406525 0.1
1271.0 1 10 0.0388115 0.593815287895954 0.06535955 0.1
1271.5 1 10 0.03873975 0.5931438164855697 0.065312575 0.1
1272.0 1 10 0.038668 0.5924713784903534 0.0652656 0.1
1272.5 1 10 0.03859625 0.5917979718216997 0.065218625 0.1
1273.0 1 10 0.0385245 0.5911235943849819 0.06517165 0.1
1273.5 1 10 0.03845275 0.5904482440795291 0.06512467499999998 0.1
1274.0 1 10 0.038381 0.5897719187986054 0.0650777 0.1
1274.5 1 10 0.03830925 0.5890946164293879 0.065030725 0.1
1275.0 1 10 0.0382375 0.5884163348529441 0.06498374999999999 0.1
1275.5 1 10 0.03816575 0.5877370719442103 0.064936775 0.1
1276.0 1 10 0.038094 0.5870568255719698 0.06488979999999998 0.1
1276.5 1 10 0.03802225 0.5863755935988293 0.06484282499999999 0.1
1277.0 1 10 0.0379505 0.5856933738811976 0.06479585 0.1
1277.5 1 10 0.03787875 0.5850101642692634 0.064748875 0.1
1278.0 1 10 0.037807 0.5843259626069713 0.0647019 0.1
1278.5 1 10 0.03773525 0.5836407667320006 0.06465492500000002 0.1
1279.0 1 10 0.0376635 0.5829545744757418 0.06460795 0.1
1279.5 1 10 0.03759175 0.5822673836632735 0.06456097499999999 0.1
1280.0 1 10 0.03752 0.5815791921133396 0.064514 0.1
1280.5 1 10 0.03744825 0.5808899976383276 0.06446702499999998 0.1
1281.0 1 10 0.0373765 0.5801997980442424 0.06442005 0.1
1281.5 1 10 0.03730475 0.5795085911306862 0.064373075 0.1
1282.0 1 10 0.037233 0.5788163746908331 0.0643261 0.1
1282.5 1 10 0.03716125 0.5781231465114064 0.06427912499999999 0.1
1283.0 1 10 0.0370895 0.5774289043726545 0.06423214999999999 0.1
1283.5 1 10 0.03701775 0.5767336460483282 0.064185175 0.1
1284.0 1 10 0.036946 0.5760373693056555 0.0641382 0.1
1284.5 1 10 0.03687425 0.5753400719053193 0.06409122499999999 0.1
1285.0 1 10 0.0368025 0.5746417516014318 0.06404425000000001 0.1
1285.5 1 10 0.03673075 0.5739424061415116 0.06399727499999999 0.1
1286.0 1 10 0.036659 0.5732420332664584 0.0639503 0.1
1286.5 1 10 0.03658725 0.5725406307105304 0.063903325 0.1
1287.0 1 10 0.0365155 0.5718381962013174 0.06385635000000002 0.1
1287.5 1 10 0.03644375 0.5711347274597188 0.063809375 0.1
1288.0 1 10 0.036372 0.5704302221999172 0.0637624 0.1
1288.5 1 10 0.03630025 0.5697246781293541 0.06371542499999999 0.1
1289.0 1 10 0.0362285 0.5690180929487053 0.06366845 0.1
1289.5 1 10 0.03615675 0.5683104643518561 0.063621475 0.1
1290.0 1 10 0.036085 0.5676017900258751 0.0635745 0.1
1290.5 1 10 0.03601325 0.5668920676509905 0.06352752500000002 0.1
1291.0 1 10 0.0359415 0.5661812949005641 0.06348055 0.1
1291.5 1 10 0.03586975 0.5654694694410649 0.06343357499999999 0.1
1292.0 1 10 0.035797999999999996 0.5647565889320455 0.0633866 0.1
1292.5 1 10 0.03572625 0.5640426510261152 0.063339625 0.1
1293.0 1 10 0.0356545 0.563327653368914 0.06329265 0.1
1293.5 1 10 0.03558275 0.5626115935990881 0.063245675 0.1
1294.0 1 10 0.035511 0.5618944693482619 0.0631987 0.1
1294.5 1 10 0.03543925 0.5611762782410139 0.063151725 0.1
1295.0 1 10 0.0353675 0.5604570178948495 0.06310475 0.1
1295.5 1 10 0.03529575 0.559736685920174 0.063057775 0.1
1296.0 1 10 0.035224 0.5590152799202676 0.0630108 0.1
1296.5 1 10 0.03515225 0.5582927974912579 0.062963825 0.1
1297.0 1 10 0.0350805 0.5575692362220932 0.06291685 0.1
1297.5 1 10 0.03500875 0.5568445936945158 0.062869875 0.1
1298.0 1 10 0.034937 0.5561188674830356 0.06282290000000001 0.1
1298.5 1 10 0.03486525 0.5553920551549022 0.062775925 0.1
1299.0 1 10 0.0347935 0.5546641542700778 0.06272895 0.1
1299.5 1 10 0.03472175 0.5539351623812109 0.062681975 0.1
1300.0 1 10 0.03465 0.5532050770336074 0.062635 0.1
1300.5 1 10 0.03457825 0.5524738957652042 0.062588025 0.1
1301.0 1 10 0.0345065 0.5517416161065413 0.06254105 0.1
1301.5 1 10 0.03443475 0.5510082355807331 0.062494074999999996 0.1
1302.0 1 10 0.034363 0.5502737517034417 0.0624471 0.1
1302.5 1 10 0.03429125 0.5495381619828487 0.062400124999999994 0.1
1303.0 1 10 0.0342195 0.5488014639196256 0.062353149999999996 0.1
1303.5 1 10 0.03414775 0.5480636550069073 0.062306175000000005 0.1
1304.0 1 10 0.034076 0.5473247327302632 0.0622592 0.1
1304.5 1 10 0.03400425 0.5465846945676673 0.062212225 0.1
1305.0 1 10 0.0339325 0.5458435379894716 0.06216524999999999 0.1
1305.5 1 10 0.03386075 0.5451012604583756 0.062118275 0.1
1306.0 1 10 0.033789 0.5443578594293981 0.0620713 0.1
1306.5 1 10 0.033717250000000004 0.5436133323498483 0.062024325 0.1
1307.0 1 10 0.0336455 0.5428676766592957 0.06197735 0.1
1307.5 1 10 0.03357375 0.5421208897895419 0.061930375 0.1
1308.0 1 10 0.033502000000000004 0.5413729691645902 0.061883400000000005 0.1
1308.5 1 10 0.03343025 0.5406239122006165 0.061836425 0.1
1309.0 1 10 0.0333585 0.5398737163059389 0.061789449999999996 0.1
1309.5 1 10 0.033286750000000004 0.5391223788809892 0.061742475 0.1
1310.0 1 10 0.033215 0.5383698973182809 0.06169550000000001 0.1
1310.5 1 10 0.03314325 0.5376162690023808 0.061648525 0.1
1311.0 1 10 0.033071500000000004 0.5368614913098778 0.06160155 0.1
1311.5 1 10 0.03299975 0.5361055616093524 0.06155457499999999 0.1
1312.0 1 10 0.032928 0.5353484772613465 0.0615076 0.1
1312.5 1 10 0.032856250000000004 0.5345902356183329 0.06146062500000001 0.1
1313.0 1 10 0.0327845 0.5338308340246835 0.06141365 0.1
1313.5 1 10 0.03271275 0.5330702698166391 0.061366675 0.1
1314.0 1 10 0.032641 0.5323085403222781 0.061319700000000005 0.1
1314.5 1 10 0.03256925 0.5315456428614853 0.06127272499999999 0.1
1315.0 1 10 0.0324975 0.5307815747459198 0.06122575 0.1
1315.5 1 10 0.03242575 0.5300163332789845 0.061178775000000005 0.1
1316.0 1 10 0.032354 0.5292499157557933 0.06113179999999999 0.1
1316.5 1 10 0.03228225 0.52848231946314 0.061084825 0.1
1317.0 1 10 0.0322105 0.5277135416794662 0.06103785 0.1
1317.5 1 10 0.03213875 0.5269435796748284 0.060990875 0.1
1318.0 1 10 0.032067 0.5261724307108668 0.0609439 0.1
1318.5 1 10 0.03199525 0.5254000920407722 0.060896925 0.1
1319.0 1 10 0.0319235 0.524626560909253 0.06084995 0.1
1319.5 1 10 0.03185175 0.5238518345525034 0.060802975 0.1
1320.0 1 10 0.03178 0.5230759101981697 0.06075600000000001 0.1
1320.5 1 10 0.03170825 0.5222987850653177 0.06070902500000001 0.1
1321.0 1 10 0.0316365 0.5215204563643991 0.060662049999999995 0.1
1321.5 1 10 0.03156475 0.5207409212972186 0.060615075 0.1
1322.0 1 10 0.031493 0.5199601770568996 0.0605681 0.1
1322.5 1 10 0.031421250000000005 0.5191782208278515 0.060521125 0.1
1323.0 1 10 0.0313495 0.5183950497857349 0.060474150000000004 0.1
1323.5 1 10 0.03127775 0.5176106610974285 0.06042717499999999 0.1
1324.0 1 10 0.031206 0.5168250519209939 0.06038020000000001 0.1
1324.5 1 10 0.031134250000000002 0.5160382194056425 0.06033322500000001 0.1
1325.0 1 10 0.031062500000000003 0.5152501606917 0.06028625 0.1
1325.5 1 10 0.03099075 0.5144608729105721 0.060239275 0.1
1326.0 1 10 0.030919000000000002 0.5136703531847097 0.060192300000000004 0.1
1326.5 1 10 0.030847250000000003 0.5128785986275742 0.060145325 0.1
1327.0 1 10 0.0307755 0.5120856063436018 0.06009835 0.1
1327.5 1 10 0.030703750000000002 0.5112913734281688 0.06005137500000001 0.1
1328.0 1 10 0.030632000000000003 0.5104958969675558 0.06000439999999999 0.1
1328.5 1 10 0.030560250000000004 0.5096991740389119 0.059957424999999995 0.1
1329.0 1 10 0.0304885 0.5089012017102191 0.05991045000000001 0.1
1329.5 1 10 0.030416750000000003 0.5081019770402571 0.059863475 0.1
1330.0 1 10 0.030345000000000004 0.5073014970785653 0.0598165 0.1
1330.5 1 10 0.03027325 0.5064997588654084 0.059769525000000004 0.1
1331.0 1 10 0.030201500000000003 0.505696759431739 0.05972255 0.1
1331.5 1 10 0.030129750000000004 0.5048924957991607 0.059675575 0.1
1332.0 1 10 0.030058 0.5040869649798921 0.059628600000000004 0.1
1332.5 1 10 0.029986250000000002 0.5032801639767295 0.05958162499999999 0.1
1333.0 1 10 0.029914500000000004 0.5024720897830087 0.05953465000000001 0.1
1333.5 1 10 0.02984275 0.5016627393825696 0.059487675000000004 0.1
1334.0 1 10 0.029771000000000002 0.500852109749717 0.0594407 0.1
1334.5 1 10 0.029699250000000003 0.5000401978491836 0.059393725 0.1
1335.0 1 10 0.0296275 0.4992270006360921 0.05934675 0.1
1335.5 1 10 0.029555750000000002 0.4984125150559172 0.059299775000000006 0.1
1336.0 1 10 0.029484000000000003 0.4975967380444469 0.05925280000000001 0.1
1336.5 1 10 0.02941225 0.4967796665277445 0.059205825000000004 0.1
1337.0 1 10 0.029340500000000002 0.49596129742211015 0.059158850000000006 0.1
1337.5 1 10 0.029268750000000003 0.4951416276340414 0.059111875 0.1
1338.0 1 10 0.029197 0.49432065406019476 0.05906490000000001 0.1
1338.5 1 10 0.029125250000000002 0.4934983735873466 0.059017925 0.1
1339.0 1 10 0.029053500000000003 0.49267478309235313 0.05897095 0.1
1339.5 1 10 0.02898175 0.4918498794421116 0.058923974999999996 0.1
1340.0 1 10 0.02891 0.49102365949352045 0.058877 0.1
1340.5 1 10 0.028838250000000003 0.4901961200934387 0.058830025 0.1
1341.0 1 10 0.028766500000000004 0.48936725807864684 0.05878305000000001 0.1
1341.5 1 10 0.028694750000000005 0.4885370702758059 0.05873607499999999 0.1
1342.0 1 10 0.028623000000000003 0.4877055535014168 0.0586891 0.1
1342.5 1 10 0.028551250000000004 0.4868727045617805 0.05864212500000001 0.1
1343.0 1 10 0.028479500000000005 0.4860385202529562 0.05859515 0.1
1343.5 1 10 0.028407750000000002 0.4852029973607205 0.05854817500000001 0.1
1344.0 1 10 0.028336000000000004 0.48436613266052664 0.05850120000000001 0.1
1344.5 1 10 0.028264250000000005 0.48352792291746244 0.05845422499999999 0.1
1345.0 1 10 0.028192500000000002 0.48268836488620853 0.05840725 0.1
1345.5 1 10 0.028120750000000003 0.4818474553109971 0.058360275 0.1
1346.0 1 10 0.028049000000000004 0.48100519092556937 0.058313300000000005 0.1
1346.5 1 10 0.027977250000000002 0.4801615684531331 0.058266324999999994 0.1
1347.0 1 10 0.027905500000000003 0.47931658460632076 0.05821935000000001 0.1
1347.5 1 10 0.027833750000000004 0.4784702360871463 0.058172375 0.1
1348.0 1 10 0.027762000000000002 0.477622519586962 0.058125399999999994 0.1
1348.5 1 10 0.027690250000000003 0.4767734317864164 0.058078425 0.1
1349.0 1 10 0.027618500000000004 0.47592296935540995 0.05803144999999999 0.1
1349.5 1 10 0.027546750000000002 0.4750711289530517 0.057984475 0.1
1350.0 1 10 0.027475000000000003 0.474217907227616 0.0579375 0.1
1350.5 1 10 0.027403250000000004 0.47336330081649813 0.057890525 0.1
1351.0 1 10 0.0273315 0.47250730634617 0.05784355 0.1
1351.5 1 10 0.027259750000000003 0.4716499204321364 0.057796574999999996 0.1
1352.0 1 10 0.027188000000000004 0.47079113967888964 0.057749600000000005 0.1
1352.5 1 10 0.02711625 0.4699309606798651 0.057702625 0.1
1353.0 1 10 0.027044500000000003 0.4690693800173964 0.05765565 0.1
1353.5 1 10 0.026972750000000004 0.46820639426266975 0.05760867499999999 0.1
1354.0 1 10 0.026901 0.46734199997567827 0.0575617 0.1
1354.5 1 10 0.026829250000000002 0.46647619370517723 0.05751472500000001 0.1
1355.0 1 10 0.026757500000000004 0.46560897198863715 0.05746775 0.1
1355.5 1 10 0.02668575 0.4647403313521979 0.05742077500000001 0.1
1356.0 1 10 0.026614000000000002 0.4638702683106226 0.0573738 0.1
1356.5 1 10 0.026542250000000003 0.4629987793672509 0.057326825000000005 0.1
1357.0 1 10 0.0264705 0.4621258610139517 0.05727985 0.1
1357.5 1 10 0.026398750000000002 0.46125150973107676 0.057232875 0.1
1358.0 1 10 0.026327000000000003 0.46037572198741306 0.0571859 0.1
1358.5 1 10 0.026255250000000004 0.45949849424013495 0.057138925 0.1
1359.0 1 10 0.026183500000000002 0.458619822934757 0.05709195 0.1
1359.5 1 10 0.026111750000000003 0.4577397045050857 0.057044975000000005 0.1
1360.0 1 10 0.026040000000000004 0.45685813537317105 0.05699800000000001 0.1
1360.5 1 10 0.025968250000000002 0.45597511194925816 0.05695102500000001 0.1
1361.0 1 10 0.025896500000000003 0.4550906306317389 0.056904050000000005 0.1
1361.5 1 10 0.025824750000000004 0.4542046878071023 0.05685707500000001 0.1
1362.0 1 10 0.025753 0.45331727984988585 0.0568101 0.1
1362.5 1 10 0.025681250000000003 0.45242840312262583 0.05676312500000001 0.1
1363.0 1 10 0.025609500000000004 0.45153805397580765 0.05671615 0.1
1363.5 1 10 0.02553775 0.45064622874781574 0.05666917500000001 0.1
1364.0 1 10 0.025466000000000003 0.44975292376488374 0.05662220000000001 0.1
1364.5 1 10 0.025394250000000004 0.4488581353410438 0.056575225 0.1
1365.0 1 10 0.0253225 0.44796185977807557 0.05652825 0.1
1365.5 1 10 0.025250750000000002 0.4470640933654561 0.056481275000000004 0.1
1366.0 1 10 0.025179000000000003 0.44616483238030774 0.05643430000000001 0.1
1366.5 1 10 0.02510725 0.4452640730873472 0.056387325 0.1
1367.0 1 10 0.025035500000000002 0.44436181173883377 0.05634035 0.1
1367.5 1 10 0.024963750000000003 0.443458044574517 0.056293375000000014 0.1
1368.0 1 10 0.024892000000000004 0.4425527678215851 0.056246399999999995 0.1
1368.5 1 10 0.024820250000000002 0.44164597769461167 0.056199425 0.1
1369.0 1 10 0.024748500000000003 0.44073767039550366 0.05615245000000001 0.1
1369.5 1 10 0.024676750000000004 0.439827842113448 0.056105474999999995 0.1
1370.0 1 10 0.024605000000000002 0.43891648902485797 0.0560585 0.1
1370.5 1 10 0.024533250000000003 0.43800360729332044 0.056011525000000006 0.1
1371.0 1 10 0.024461500000000004 0.4370891930695414 0.05596455 0.1
1371.5 1 10 0.02438975 0.43617324249129186 0.05591757500000001 0.1
1372.0 1 10 0.024318000000000003 0.43525575168335406 0.055870600000000006 0.1
1372.5 1 10 0.024246250000000004 0.4343367167574661 0.055823625 0.1
1373.0 1 10 0.0241745 0.4334161338122673 0.05577665000000001 0.1
1373.5 1 10 0.024102750000000003 0.43249399893324336 0.05572967500000001 0.1
1374.0 1 10 0.024031000000000004 0.4315703081926703 0.0556827 0.1
1374.5 1 10 0.02395925 0.4306450576495588 0.055635725000000004 0.1
1375.0 1 10 0.023887500000000002 0.4297182433495986 0.05558875 0.1
1375.5 1 10 0.023815750000000004 0.4287898613251017 0.05554177500000001 0.1
1376.0 1 10 0.023744 0.4278599075949458 0.05549480000000001 0.1
1376.5 1 10 0.023672250000000002 0.42692837816451773 0.055447825 0.1
1377.0 1 10 0.023600500000000003 0.4259952690256558 0.055400849999999995 0.1
1377.5 1 10 0.02352875 0.4250605761565925 0.055353875 0.1
1378.0 1 10 0.023457000000000002 0.4241242955218969 0.055306900000000006 0.1
1378.5 1 10 0.023385250000000003 0.42318642307241644 0.055259925 0.1
1379.0 1 10 0.0233135 0.4222469547452183 0.055212950000000004 0.1
1379.5 1 10 0.023241750000000002 0.4213058864635312 0.055165975 0.1
1380.0 1 10 0.023170000000000003 0.42036321413668615 0.055119 0.1
1380.5 1 10 0.02309825 0.41941893366005695 0.05507202500000001 0.1
1381.0 1 10 0.023026500000000002 0.4184730409150014 0.055025050000000006 0.1
1381.5 1 10 0.022954750000000003 0.4175255317688006 0.054978075 0.1
1382.0 1 10 0.022883 0.4165764020745989 0.05493110000000001 0.1
1382.5 1 10 0.02281125 0.4156256476713439 0.054884125000000006 0.1
1383.0 1 10 0.022739500000000003 0.4146732643837253 0.05483715 0.1
1383.5 1 10 0.02266775 0.41371924802211346 0.054790175 0.1
1384.0 1 10 0.022596 0.41276359438249866 0.054743200000000006 0.1
1384.5 1 10 0.022524250000000003 0.41180629924642886 0.054696224999999994 0.1
1385.0 1 10 0.0224525 0.41084735838094755 0.05464925 0.1
1385.5 1 10 0.02238075 0.40988676753853204 0.054602275000000006 0.1
1386.0 1 10 0.022309000000000002 0.40892452245702987 0.0545553 0.1
1386.5 1 10 0.02223725 0.40796061885959617 0.054508325 0.1
1387.0 1 10 0.0221655 0.40699505245463063 0.054461350000000006 0.1
1387.5 1 10 0.022093750000000002 0.40602781893571327 0.054414375 0.1
1388.0 1 10 0.022022000000000003 0.4050589139815404 0.05436740000000001 0.1
1388.5 1 10 0.02195025 0.4040883332558609 0.054320425000000006 0.1
1389.0 1 10 0.021878500000000002 0.40311607240741104 0.05427345 0.1
1389.5 1 10 0.021806750000000003 0.4021421270698492 0.054226475 0.1
1390.0 1 10 0.021735000000000004 0.40116649286169126 0.05417950000000001 0.1
1390.5 1 10 0.021663250000000002 0.40018916538624427 0.054132525 0.1
1391.0 1 10 0.021591500000000003 0.3992101402315406 0.05408555000000001 0.1
1391.5 1 10 0.021519750000000004 0.39822941297027176 0.054038575 0.1
1392.0 1 10 0.021448000000000002 0.3972469791597212 0.0539916 0.1
1392.5 1 10 0.021376250000000003 0.3962628343416977 0.053944624999999996 0.1
1393.0 1 10 0.021304500000000004 0.3952769740424676 0.053897650000000005 0.1
1393.5 1 10 0.02123275 0.3942893937726872 0.05385067500000001 0.1
1394.0 1 10 0.021161000000000003 0.3933000890273346 0.053803699999999996 0.1
1394.5 1 10 0.021089250000000004 0.39230905528564103 0.05375672500000001 0.1
1395.0 1 10 0.0210175 0.39131628801102225 0.05370975 0.1
1395.5 1 10 0.020945750000000003 0.39032178265100903 0.053662775 0.1
1396.0 1 10 0.020874000000000004 0.3893255346371779 0.0536158 0.1
1396.5 1 10 0.02080225 0.3883275393850808 0.053568825 0.1
1397.0 1 10 0.020730500000000002 0.3873277922941752 0.05352185000000001 0.1
1397.5 1 10 0.020658750000000003 0.38632628874775304 0.053474875000000005 0.1
1398.0 1 10 0.020587 0.3853230241128699 0.0534279 0.1
1398.5 1 10 0.020515250000000002 0.38431799374027337 0.053380924999999996 0.1
1399.0 1 10 0.020443500000000003 0.38331119296433136 0.053333950000000005 0.1
1399.5 1 10 0.02037175 0.38230261710296 0.05328697499999999 0.1
1400.0 1 10 0.020300000000000002 0.38129226145755074 0.053239999999999996 0.1
1400.5 1 10 0.02027175 0.38127347135608225 0.053168530000000006 0.1
1401.0 1 10 0.0202435 0.38125463067070003 0.05309706 0.1
1401.5 1 10 0.02021525 0.381235739196867 0.05302559000000001 0.1
1402.0 1 10 0.020187000000000004 0.38121679672894204 0.05295412 0.1
1402.5 1 10 0.020158750000000003 0.3811978030601719 0.05288265 0.1
1403.0 1 10 0.020130500000000003 0.3811787579826848 0.05281118 0.1
1403.5 1 10 0.020102250000000002 0.3811596612874815 0.052739709999999995 0.1
1404.0 1 10 0.020074 0.3811405127644288 0.052668240000000005 0.1
1404.5 1 10 0.02004575 0.3811213122022512 0.05259677 0.1
1405.0 1 10 0.0200175 0.3811020593885232 0.05252530000000001 0.1
1405.5 1 10 0.019989250000000004 0.38108275410966186 0.05245383 0.1
1406.0 1 10 0.019961000000000003 0.381063396150918 0.05238236 0.1
1406.5 1 10 0.019932750000000003 0.38104398529636946 0.05231089000000001 0.1
1407.0 1 10 0.019904500000000002 0.3810245213289122 0.05223942 0.1
1407.5 1 10 0.01987625 0.3810050040302523 0.052167950000000005 0.1
1408.0 1 10 0.019848 0.3809854331808982 0.05209648 0.1
1408.5 1 10 0.01981975 0.3809658085601521 0.05202501000000001 0.1
1409.0 1 10 0.019791500000000004 0.38094612994610194 0.05195353999999999 0.1
1409.5 1 10 0.019763250000000003 0.38092639711561244 0.05188207 0.1
1410.0 1 10 0.019735000000000003 0.38090660984431757 0.051810600000000005 0.1
1410.5 1 10 0.019706750000000002 0.3808867679066115 0.05173913 0.1
1411.0 1 10 0.0196785 0.38086687107564 0.05166766 0.1
1411.5 1 10 0.01965025 0.3808469191232919 0.05159619 0.1
1412.0 1 10 0.019622 0.38082691182019035 0.05152472000000001 0.1
1412.5 1 10 0.01959375 0.3808068489356843 0.051453250000000006 0.1
1413.0 1 10 0.019565500000000003 0.3807867302378392 0.05138178 0.1
1413.5 1 10 0.019537250000000003 0.38076655549342814 0.051310310000000005 0.1
1414.0 1 10 0.019509000000000002 0.38074632446792317 0.05123884000000001 0.1
1414.5 1 10 0.01948075 0.3807260369254859 0.051167370000000004 0.1
1415.0 1 10 0.0194525 0.38070569262895854 0.05109589999999999 0.1
1415.5 1 10 0.01942425 0.38068529133985424 0.05102443000000001 0.1
1416.0 1 10 0.019396 0.3806648328183485 0.050952960000000005 0.1
1416.5 1 10 0.019367750000000003 0.38064431682326916 0.05088149 0.1
1417.0 1 10 0.019339500000000003 0.38062374311208697 0.050810020000000004 0.1
1417.5 1 10 0.019311250000000002 0.3806031114409064 0.05073854999999999 0.1
1418.0 1 10 0.019283 0.38058242156445565 0.05066708 0.1
1418.5 1 10 0.01925475 0.3805616732360772 0.05059561 0.1
1419.0 1 10 0.0192265 0.3805408662077177 0.05052414 0.1
1419.5 1 10 0.01919825 0.38052000022991844 0.050452670000000005 0.1
1420.0 1 10 0.019170000000000003 0.3804990750518051 0.05038120000000001 0.1
1420.5 1 10 0.019141750000000003 0.3804780904210776 0.050309730000000004 0.1
1421.0 1 10 0.019113500000000002 0.38045704608400055 0.05023826000000001 0.1
1421.5 1 10 0.01908525 0.3804359417853923 0.05016679 0.1
1422.0 1 10 0.019057 0.38041477726861517 0.05009532 0.1
1422.5 1 10 0.01902875 0.38039355227556454 0.05002385000000001 0.1
1423.0 1 10 0.0190005 0.380372266546659 0.049952380000000005 0.1
1423.5 1 10 0.018972250000000003 0.3803509198208293 0.04988091 0.1
1424.0 1 10 0.018944000000000003 0.3803295118355075 0.04980944 0.1
1424.5 1 10 0.018915750000000002 0.3803080423266169 0.04973797 0.1
1425.0 1 10 0.0188875 0.38028651102856054 0.0496665 0.1
1425.5 1 10 0.01885925 0.3802649176742105 0.049595030000000005 0.1
1426.0 1 10 0.018831 0.380243261994897 0.04952356 0.1
1426.5 1 10 0.01880275 0.38022154372039685 0.04945209 0.1
1427.0 1 10 0.018774500000000003 0.38019976257892274 0.04938062 0.1
1427.5 1 10 0.018746250000000002 0.38017791829711123 0.04930915 0.1
1428.0 1 10 0.018718000000000002 0.38015601060001203 0.04923768 0.1
1428.5 1 10 0.01868975 0.3801340392110761 0.04916621 0.1
1429.0 1 10 0.0186615 0.38011200385214383 0.049094740000000005 0.1
1429.5 1 10 0.01863325 0.3800899042434338 0.049023269999999994 0.1
1430.0 1 10 0.018605 0.3800677401035304 0.048951800000000004 0.1
1430.5 1 10 0.018576750000000003 0.3800455111493724 0.04888033000000001 0.1
1431.0 1 10 0.018548500000000002 0.3800232170962403 0.04880886000000001 0.1
1431.5 1 10 0.018520250000000002 0.3800008576577449 0.04873739000000001 0.1
1432.0 1 10 0.018492 0.3799784325458144 0.04866592 0.1
1432.5 1 10 0.01846375 0.37995594147068235 0.048594450000000004 0.1
1433.0 1 10 0.0184355 0.37993338414087513 0.04852298 0.1
1433.5 1 10 0.01840725 0.3799107602631992 0.04845151 0.1
1434.0 1 10 0.018379 0.3798880695427288 0.04838004 0.1
1434.5 1 10 0.018350750000000002 0.37986531168279253 0.04830857000000001 0.1
1435.0 1 10 0.018322500000000002 0.37984248638496093 0.048237100000000005 0.1
1435.5 1 10 0.01829425 0.37981959334903337 0.048165629999999994 0.1
1436.0 1 10 0.018266 0.3797966322730244 0.048094160000000004 0.1
1436.5 1 10 0.01823775 0.3797736028531513 0.04802269 0.1
1437.0 1 10 0.0182095 0.3797505047838199 0.04795122 0.1
1437.5 1 10 0.018181250000000003 0.3797273377576116 0.04787975 0.1
1438.0 1 10 0.018153000000000002 0.37970410146526923 0.04780828 0.1
1438.5 1 10 0.018124750000000002 0.3796807955956839 0.047736810000000005 0.1
1439.0 1 10 0.0180965 0.37965741983588075 0.04766534 0.1
1439.5 1 10 0.01806825 0.37963397387100484 0.04759387 0.1
1440.0 1 10 0.01804 0.3796104573843072 0.0475224 0.1
1440.5 1 10 0.01801175 0.3795868700571306 0.04745093 0.1
1441.0 1 10 0.0179835 0.379563211568895 0.047379460000000005 0.1
1441.5 1 10 0.017955250000000002 0.37953948159708334 0.04730799 0.1
1442.0 1 10 0.017927000000000002 0.37951567981722617 0.047236520000000004 0.1
1442.5 1 10 0.01789875 0.3794918059028879 0.04716505 0.1
1443.0 1 10 0.0178705 0.3794678595256508 0.04709358000000001 0.1
1443.5 1 10 0.01784225 0.379443840355101 0.047022110000000006 0.1
1444.0 1 10 0.017814 0.3794197480588124 0.04695064 0.1
1444.5 1 10 0.01778575 0.37939558230233167 0.046879170000000005 0.1
1445.0 1 10 0.017757500000000002 0.3793713427491631 0.0468077 0.1
1445.5 1 10 0.017729250000000002 0.37934702906075224 0.046736230000000004 0.1
1446.0 1 10 0.017701 0.37932264089647094 0.04666476 0.1
1446.5 1 10 0.01767275 0.3792981779136009 0.04659329 0.1
1447.0 1 10 0.0176445 0.37927363976731776 0.046521820000000005 0.1
1447.5 1 10 0.01761625 0.3792490261106751 0.04645035 0.1
1448.0 1 10 0.017588 0.3792243365945878 0.046378880000000004 0.1
1448.5 1 10 0.01755975 0.37919957086781575 0.04630741 0.1
1449.0 1 10 0.017531500000000002 0.37917472857694684 0.04623594 0.1
1449.5 1 10 0.01750325 0.3791498093663807 0.046164470000000006 0.1
1450.0 1 10 0.017475 0.37912481287831123 0.046093 0.1
1450.5 1 10 0.01744675 0.37909973875270986 0.04602153 0.1
1451.0 1 10 0.0174185 0.379074586627308 0.04595006000000001 0.1
1451.5 1 10 0.01739025 0.3790493561375796 0.045878590000000004 0.1
1452.0 1 10 0.017362000000000002 0.3790240469167239 0.04580712 0.1
1452.5 1 10 0.017333750000000002 0.37899865859564696 0.045735649999999996 0.1
1453.0 1 10 0.0173055 0.3789731908029445 0.04566418 0.1
1453.5 1 10 0.01727725 0.37894764316488316 0.04559271 0.1
1454.0 1 10 0.017249 0.37892201530538266 0.045521240000000004 0.1
1454.5 1 10 0.01722075 0.37889630684599723 0.04544977 0.1
1455.0 1 10 0.0171925 0.3788705174058966 0.0453783 0.1
1455.5 1 10 0.017164250000000002 0.3788446466018479 0.04530683 0.1
1456.0 1 10 0.017136000000000002 0.37881869404819596 0.04523536 0.1
1456.5 1 10 0.01710775 0.37879265935684464 0.04516389 0.1
1457.0 1 10 0.0170795 0.37876654213723726 0.04509242000000001 0.1
1457.5 1 10 0.01705125 0.3787403419963372 0.04502095000000001 0.1
1458.0 1 10 0.017023 0.37871405853860823 0.04494948 0.1
1458.5 1 10 0.01699475 0.3786876913659941 0.04487801000000001 0.1
1459.0 1 10 0.016966500000000002 0.37866124007789936 0.044806540000000006 0.1
1459.5 1 10 0.016938250000000002 0.378634704271168 0.04473507000000001 0.1
1460.0 1 10 0.01691 0.378608083540064 0.0446636 0.1
1460.5 1 10 0.01688175 0.37858137747624976 0.04459213 0.1
1461.0 1 10 0.0168535 0.3785545856687659 0.04452066000000001 0.1
1461.5 1 10 0.01682525 0.3785277077040099 0.04444919 0.1
1462.0 1 10 0.016797 0.37850074316571464 0.04437772 0.1
1462.5 1 10 0.01676875 0.3784736916349273 0.04430625000000001 0.1
1463.0 1 10 0.016740500000000002 0.3784465526899874 0.04423478 0.1
1463.5 1 10 0.01671225 0.37841932590650473 0.044163310000000004 0.1
1464.0 1 10 0.016684 0.3783920108573378 0.04409184 0.1
1464.5 1 10 0.01665575 0.3783646071125708 0.04402037 0.1
1465.0 1 10 0.0166275 0.3783371142394918 0.0439489 0.1
1465.5 1 10 0.01659925 0.3783095318025691 0.043877429999999995 0.1
1466.0 1 10 0.016571 0.378281859363429 0.043805960000000005 0.1
1466.5 1 10 0.016542750000000002 0.3782540964808324 0.04373449 0.1
1467.0 1 10 0.0165145 0.3782262427106508 0.04366302 0.1
1467.5 1 10 0.01648625 0.37819829760584334 0.04359155000000001 0.1
1468.0 1 10 0.016458 0.3781702607164325 0.04352008 0.1
1468.5 1 10 0.01642975 0.37814213158948007 0.04344861 0.1
1469.0 1 10 0.0164015 0.3781139097690627 0.043377139999999995 0.1
1469.5 1 10 0.01637325 0.37808559479624715 0.043305670000000004 0.1
1470.0 1 10 0.016345000000000002 0.37805718620906603 0.04323419999999999 0.1
1470.5 1 10 0.01631675 0.3780286835424914 0.04316273 0.1
1471.0 1 10 0.0162885 0.3780000863284109 0.04309126 0.1
1471.5 1 10 0.01626025 0.3779713940956011 0.04301979 0.1
1472.0 1 10 0.016232 0.377942606369702 0.04294832 0.1
1472.5 1 10 0.01620375 0.37791372267319073 0.04287685 0.1
1473.0 1 10 0.0161755 0.3778847425253554 0.042805380000000004 0.1
1473.5 1 10 0.016147250000000002 0.3778556654422683 0.04273390999999999 0.1
1474.0 1 10 0.016119 0.3778264909367584 0.04266244000000001 0.1
1474.5 1 10 0.01609075 0.37779721851838544 0.04259097000000001 0.1
1475.0 1 10 0.0160625 0.37776784769341126 0.0425195 0.1
1475.5 1 10 0.01603425 0.37773837796477244 0.042448030000000005 0.1
1476.0 1 10 0.016006 0.37770880883205243 0.042376559999999994 0.1
1476.5 1 10 0.01597775 0.37767913979145296 0.042305090000000004 0.1
1477.0 1 10 0.015949500000000002 0.37764937033576573 0.04223362 0.1
1477.5 1 10 0.01592125 0.37761949995434296 0.042162149999999995 0.1
1478.0 1 10 0.015893 0.37758952813306884 0.042090680000000005 0.1
1478.5 1 10 0.01586475 0.37755945435432986 0.04201921 0.1
1479.0 1 10 0.0158365 0.37752927809698444 0.041947740000000004 0.1
1479.5 1 10 0.01580825 0.3774989988363338 0.04187626999999999 0.1
1480.0 1 10 0.01578 0.3774686160440906 0.0418048 0.1
1480.5 1 10 0.015751750000000002 0.377438129188349 0.04173333 0.1
1481.0 1 10 0.0157235 0.37740753773355296 0.04166186 0.1
1481.5 1 10 0.01569525 0.3773768411404654 0.04159039 0.1
1482.0 1 10 0.015667 0.3773460388661362 0.04151892 0.1
1482.5 1 10 0.01563875 0.3773151303638704 0.041447450000000004 0.1
1483.0 1 10 0.0156105 0.3772841150831956 0.04137598 0.1
1483.5 1 10 0.01558225 0.3772529924698296 0.041304509999999996 0.1
1484.0 1 10 0.015554 0.377221761965647 0.04123303999999999 0.1
1484.5 1 10 0.01552575 0.37719042300864614 0.04116157 0.1
1485.0 1 10 0.0154975 0.37715897503291546 0.041090100000000004 0.1
1485.5 1 10 0.01546925 0.377127417468599 0.04101863 0.1
1486.0 1 10 0.015441 0.3770957497418624 0.04094716 0.1
1486.5 1 10 0.01541275 0.37706397127485797 0.040875690000000006 0.1
1487.0 1 10 0.0153845 0.37703208148568945 0.04080422 0.1
1487.5 1 10 0.01535625 0.3770000797883767 0.04073275 0.1
1488.0 1 10 0.015328 0.3769679655928195 0.04066128 0.1
1488.5 1 10 0.01529975 0.3769357383047617 0.04058981000000001 0.1
1489.0 1 10 0.0152715 0.37690339732575423 0.04051834 0.1
1489.5 1 10 0.01524325 0.37687094205311805 0.04044687 0.1
1490.0 1 10 0.015215 0.376838371879907 0.040375400000000006 0.1
1490.5 1 10 0.015186749999999999 0.37680568619486976 0.04030393000000001 0.1
1491.0 1 10 0.0151585 0.37677288438241163 0.04023246 0.1
1491.5 1 10 0.01513025 0.37673996582255564 0.04016099 0.1
1492.0 1 10 0.015102 0.37670692989090415 0.04008952 0.1
1492.5 1 10 0.01507375 0.3766737759585987 0.04001805 0.1
1493.0 1 10 0.0150455 0.3766405033922804 0.03994658 0.1
1493.5 1 10 0.01501725 0.3766071115540496 0.039875110000000005 0.1
1494.0 1 10 0.014988999999999999 0.37657359980142513 0.03980364 0.1
1494.5 1 10 0.01496075 0.37653996748730306 0.039732170000000004 0.1
1495.0 1 10 0.0149325 0.37650621395991496 0.0396607 0.1
1495.5 1 10 0.01490425 0.3764723385627859 0.039589229999999996 0.1
1496.0 1 10 0.014876 0.37643834063469184 0.03951776 0.1
1496.5 1 10 0.01484775 0.3764042195096167 0.03944629 0.1
1497.0 1 10 0.0148195 0.37636997451670884 0.039374820000000005 0.1
1497.5 1 10 0.014791249999999999 0.376335604980237 0.03930335000000001 0.1
1498.0 1 10 0.014763 0.37630111021954593 0.03923188 0.1
1498.5 1 10 0.01473475 0.3762664895490114 0.03916040999999999 0.1
1499.0 1 10 0.014706499999999999 0.3762317422779947 0.03908894 0.1
1499.5 1 10 0.01467825 0.37619686771079724 0.03901747 0.1
1500.0 1 10 0.01465 0.37616186514661326 0.038946 0.1
1500.5 1 10 0.01462175 0.3761267338794835 0.038874530000000004 0.1
1501.0 1 10 0.0145935 0.37609147319824776 0.03880306 0.1
1501.5 1 10 0.01456525 0.37605608238649635 0.03873159000000001 0.1
1502.0 1 10 0.014537 0.3760205607225223 0.03866012 0.1
1502.5 1 10 0.014508749999999999 0.3759849074792717 0.03858865 0.1
1503.0 1 10 0.0144805 0.3759491219242946 0.03851718 0.1
1503.5 1 10 0.01445225 0.3759132033196942 0.03844571 0.1
1504.0 1 10 0.014424 0.37587715092207685 0.038374240000000004 0.1
1504.5 1 10 0.01439575 0.3758409639825005 0.03830277 0.1
1505.0 1 10 0.0143675 0.3758046417464224 0.0382313 0.1
1505.5 1 10 0.01433925 0.3757681834536474 0.038159830000000006 0.1
1506.0 1 10 0.014310999999999999 0.3757315883382744 0.03808836000000001 0.1
1506.5 1 10 0.01428275 0.37569485562864297 0.038016890000000005 0.1
1507.0 1 10 0.0142545 0.37565798454727867 0.03794542 0.1
1507.5 1 10 0.01422625 0.3756209743108389 0.03787395 0.1
1508.0 1 10 0.014198 0.3755838241300571 0.03780248 0.1
1508.5 1 10 0.01416975 0.3755465332096861 0.03773101 0.1
1509.0 1 10 0.0141415 0.3755091007484424 0.037659540000000005 0.1
1509.5 1 10 0.01411325 0.37547152593894817 0.03758807 0.1
1510.0 1 10 0.014085 0.375433807967673 0.0375166 0.1
1510.5 1 10 0.01405675 0.37539594601487564 0.03744512999999999 0.1
1511.0 1 10 0.0140285 0.37535793925454447 0.03737366 0.1
1511.5 1 10 0.01400025 0.37531978685433753 0.03730219 0.1
1512.0 1 10 0.013972 0.3752814879755213 0.03723072 0.1
1512.5 1 10 0.01394375 0.3752430417729098 0.037159250000000005 0.1
1513.0 1 10 0.0139155 0.3752044473948023 0.03708778 0.1
1513.5 1 10 0.01388725 0.37516570398292 0.03701631 0.1
1514.0 1 10 0.013859 0.3751268106723428 0.03694484000000001 0.1
1514.5 1 10 0.01383075 0.3750877665914452 0.03687337 0.1
1515.0 1 10 0.0138025 0.3750485708618305 0.0368019 0.1
1515.5 1 10 0.01377425 0.37500922259826525 0.03673043 0.1
1516.0 1 10 0.013746 0.37496972090861275 0.036658960000000004 0.1
1516.5 1 10 0.01371775 0.3749300648937656 0.03658749 0.1
1517.0 1 10 0.0136895 0.37489025364757717 0.036516019999999996 0.1
1517.5 1 10 0.01366125 0.3748502862567928 0.036444550000000006 0.1
1518.0 1 10 0.013633 0.37481016180098026 0.03637308 0.1
1518.5 1 10 0.01360475 0.3747698793524585 0.03630161 0.1
1519.0 1 10 0.0135765 0.37472943797622643 0.03623014 0.1
1519.5 1 10 0.01354825 0.37468883672989073 0.036158670000000004 0.1
1520.0 1 10 0.01352 0.3746480746635927 0.0360872 0.1
1520.5 1 10 0.01349175 0.3746071508199334 0.03601573 0.1
1521.0 1 10 0.0134635 0.3745660642338999 0.035944260000000006 0.1
1521.5 1 10 0.01343525 0.3745248139327886 0.03587279 0.1
1522.0 1 10 0.013407 0.37448339893612864 0.03580132 0.1
1522.5 1 10 0.01337875 0.3744418182556042 0.03572985 0.1
1523.0 1 10 0.0133505 0.3744000708949761 0.03565838 0.1
1523.5 1 10 0.01332225 0.37435815585000215 0.03558691 0.1
1524.0 1 10 0.013294 0.3743160721083562 0.03551544000000001 0.1
1524.5 1 10 0.01326575 0.3742738186495474 0.03544397 0.1
1525.0 1 10 0.0132375 0.37423139444483705 0.0353725 0.1
1525.5 1 10 0.01320925 0.3741887984571555 0.035301030000000004 0.1
1526.0 1 10 0.013181 0.3741460296410174 0.03522956 0.1
1526.5 1 10 0.01315275 0.37410308694243627 0.03515809 0.1
1527.0 1 10 0.0131245 0.37405996929883817 0.03508662 0.1
1527.5 1 10 0.01309625 0.3740166756389734 0.03501515 0.1
1528.0 1 10 0.013068 0.37397320488282854 0.034943680000000005 0.1
1528.5 1 10 0.01303975 0.3739295559415362 0.03487221 0.1
1529.0 1 10 0.0130115 0.37388572771728423 0.03480074 0.1
1529.5 1 10 0.01298325 0.37384171910322334 0.03472927 0.1
1530.0 1 10 0.012955 0.37379752898337454 0.0346578 0.1
1530.5 1 10 0.01292675 0.3737531562325347 0.03458633 0.1
1531.0 1 10 0.0128985 0.3737085997161802 0.03451486 0.1
1531.5 1 10 0.01287025 0.37366385829037146 0.034443390000000004 0.1
1532.0 1 10 0.012842 0.37361893080165437 0.03437192 0.1
1532.5 1 10 0.01281375 0.373573816086961 0.034300449999999996 0.1
1533.0 1 10 0.0127855 0.37352851297350953 0.034228980000000006 0.1
1533.5 1 10 0.01275725 0.37348302027870295 0.03415751 0.1
1534.0 1 10 0.012729 0.3734373368100255 0.03408604 0.1
1534.5 1 10 0.01270075 0.3733914613649386 0.03401457 0.1
1535.0 1 10 0.0126725 0.3733453927307759 0.033943100000000004 0.1
1535.5 1 10 0.01264425 0.37329912968463574 0.03387163 0.1
1536.0 1 10 0.012616 0.3732526709932734 0.03380016 0.1
1536.5 1 10 0.01258775 0.3732060154129911 0.033728690000000006 0.1
1537.0 1 10 0.012559500000000001 0.37315916168952756 0.03365722 0.1
1537.5 1 10 0.01253125 0.373112108557945 0.03358575 0.1
1538.0 1 10 0.012503 0.3730648547425157 0.03351428 0.1
1538.5 1 10 0.01247475 0.3730173989566068 0.03344281 0.1
1539.0 1 10 0.0124465 0.3729697399025631 0.03337134 0.1
1539.5 1 10 0.01241825 0.372921876271589 0.03329987 0.1
1540.0 1 10 0.01239 0.3728738067436289 0.033228400000000005 0.1
1540.5 1 10 0.012361750000000001 0.37282552998724555 0.033156929999999994 0.1
1541.0 1 10 0.0123335 0.372777044659497 0.03308546 0.1
1541.5 1 10 0.01230525 0.3727283494058125 0.03301399 0.1
1542.0 1 10 0.012277 0.37267944285986615 0.03294252 0.1
1542.5 1 10 0.01224875 0.37263032364344917 0.03287105 0.1
1543.0 1 10 0.0122205 0.37258099036634007 0.03279958 0.1
1543.5 1 10 0.01219225 0.3725314416261739 0.032728110000000005 0.1
1544.0 1 10 0.012164000000000001 0.3724816760083095 0.03265664 0.1
1544.5 1 10 0.01213575 0.37243169208569427 0.03258517 0.1
1545.0 1 10 0.0121075 0.3723814884187281 0.0325137 0.1
1545.5 1 10 0.01207925 0.37233106355512546 0.03244223000000001 0.1
1546.0 1 10 0.012051 0.372280416029775 0.03237076 0.1
1546.5 1 10 0.01202275 0.3722295443645975 0.03229929 0.1
1547.0 1 10 0.0119945 0.37217844706840236 0.032227820000000004 0.1
1547.5 1 10 0.011966250000000001 0.3721271226367421 0.03215635 0.1
1548.0 1 10 0.011938 0.372075569551764 0.032084879999999996 0.1
1548.5 1 10 0.01190975 0.3720237862820611 0.032013410000000006 0.1
1549.0 1 10 0.0118815 0.3719717712825207 0.03194194 0.1
1549.5 1 10 0.01185325 0.37191952299416986 0.03187047 0.1
1550.0 1 10 0.011825 0.37186703984402025 0.031799 0.1
1550.5 1 10 0.01179675 0.3718143202449103 0.031727530000000004 0.1
1551.0 1 10 0.011768500000000001 0.37176136259534515 0.03165606 0.1
1551.5 1 10 0.01174025 0.371708165279334 0.03158459 0.1
1552.0 1 10 0.011712 0.37165472666622656 0.031513120000000006 0.1
1552.5 1 10 0.01168375 0.37160104511054604 0.031441649999999995 0.1
1553.0 1 10 0.011655500000000001 0.3715471189518199 0.03137018 0.1
1553.5 1 10 0.01162725 0.37149294651440906 0.03129871 0.1
1554.0 1 10 0.011599 0.37143852610733447 0.031227240000000003 0.1
1554.5 1 10 0.011570750000000001 0.3713838560241009 0.031155769999999996 0.1
1555.0 1 10 0.0115425 0.37132893454251825 0.031084300000000002 0.1
1555.5 1 10 0.01151425 0.37127375992452155 0.031012830000000005 0.1
1556.0 1 10 0.011486 0.37121833041598684 0.030941360000000005 0.1
1556.5 1 10 0.011457750000000001 0.37116264424654577 0.03086989 0.1
1557.0 1 10 0.0114295 0.3711066996293966 0.03079842 0.1
1557.5 1 10 0.01140125 0.3710504947611136 0.03072695 0.1
1558.0 1 10 0.011373 0.3709940278214531 0.030655480000000002 0.1
1558.5 1 10 0.01134475 0.3709372969731569 0.03058401 0.1
1559.0 1 10 0.0113165 0.3708803003617529 0.030512539999999998 0.1
1559.5 1 10 0.01128825 0.37082303611535333 0.030441070000000004 0.1
1560.0 1 10 0.011260000000000001 0.3707655023444497 0.0303696 0.1
1560.5 1 10 0.01123175 0.3707076971417048 0.030298129999999996 0.1
1561.0 1 10 0.0112035 0.37064961858174206 0.03022666 0.1
1561.5 1 10 0.01117525 0.3705912647209319 0.030155190000000005 0.1
1562.0 1 10 0.011147 0.3705326335971748 0.03008372 0.1
1562.5 1 10 0.01111875 0.3704737232296812 0.03001225 0.1
1563.0 1 10 0.0110905 0.3704145316187487 0.029940780000000004 0.1
1563.5 1 10 0.011062250000000001 0.3703550567455358 0.029869310000000003 0.1
1564.0 1 10 0.011034 0.370295296571832 0.029797840000000003 0.1
1564.5 1 10 0.01100575 0.3702352490398256 0.029726370000000002 0.1
1565.0 1 10 0.0109775 0.37017491207186665 0.0296549 0.1
1565.5 1 10 0.01094925 0.37011428357022835 0.02958343 0.1
1566.0 1 10 0.010921 0.37005336141686285 0.02951196 0.1
1566.5 1 10 0.01089275 0.3699921434731555 0.029440489999999996 0.1
1567.0 1 10 0.0108645 0.3699306275796741 0.029369019999999996 0.1
1567.5 1 10 0.01083625 0.36986881155591506 0.029297550000000002 0.1
1568.0 1 10 0.010808 0.36980669320004594 0.02922608 0.1
1568.5 1 10 0.01077975 0.3697442702886439 0.02915461 0.1
1569.0 1 10 0.0107515 0.3696815405764302 0.02908314 0.1
1569.5 1 10 0.01072325 0.3696185017960014 0.02901167 0.1
1570.0 1 10 0.010695 0.3695551516575559 0.0289402 0.1
1570.5 1 10 0.01066675 0.3694914878486168 0.02886873 0.1
1571.0 1 10 0.0106385 0.3694275080337504 0.02879726 0.1
1571.5 1 10 0.01061025 0.3693632098542807 0.028725790000000005 0.1
1572.0 1 10 0.010582 0.36929859092799966 0.02865432 0.1
1572.5 1 10 0.01055375 0.36923364884887266 0.02858285 0.1
1573.0 1 10 0.0105255 0.36916838118674017 0.02851138 0.1
1573.5 1 10 0.01049725 0.36910278548701453 0.02843991 0.1
1574.0 1 10 0.010469 0.3690368592703722 0.028368440000000005 0.1
1574.5 1 10 0.01044075 0.36897060003244164 0.02829697 0.1
1575.0 1 10 0.0104125 0.3689040052434855 0.0282255 0.1
1575.5 1 10 0.01038425 0.36883707234807944 0.02815403 0.1
1576.0 1 10 0.010356 0.368769798764785 0.028082560000000003 0.1
1576.5 1 10 0.01032775 0.3687021818858173 0.028011090000000002 0.1
1577.0 1 10 0.0102995 0.36863421907670896 0.027939620000000002 0.1
1577.5 1 10 0.010271249999999999 0.368565907675967 0.02786815 0.1
1578.0 1 10 0.010243 0.36849724499472597 0.02779668 0.1
1578.5 1 10 0.01021475 0.36842822831639505 0.027725210000000004 0.1
1579.0 1 10 0.0101865 0.3683588548962997 0.027653740000000003 0.1
1579.5 1 10 0.01015825 0.36828912196131797 0.027582269999999996 0.1
1580.0 1 10 0.01013 0.3682190267095104 0.027510800000000005 0.1
1580.5 1 10 0.01010175 0.36814856630974585 0.02743933 0.1
1581.0 1 10 0.010073499999999999 0.36807773790131926 0.027367859999999997 0.1
1581.5 1 10 0.01004525 0.36800653859356497 0.027296389999999997 0.1
1582.0 1 10 0.010017 0.3679349654654633 0.02722492 0.1
1582.5 1 10 0.00998875 0.36786301556524126 0.027153449999999996 0.1
1583.0 1 10 0.009960499999999999 0.3677906859099666 0.027081980000000005 0.1
1583.5 1 10 0.00993225 0.36771797348513596 0.02701051 0.1
1584.0 1 10 0.009904 0.36764487524425515 0.02693904 0.1
1584.5 1 10 0.009875749999999999 0.36757138810841467 0.02686757 0.1
1585.0 1 10 0.009847499999999999 0.3674975089658569 0.026796100000000003 0.1
1585.5 1 10 0.00981925 0.3674232346715371 0.02672463 0.1
1586.0 1 10 0.009791 0.3673485620466766 0.02665316 0.1
1586.5 1 10 0.00976275 0.3672734878783102 0.026581690000000005 0.1
1587.0 1 10 0.0097345 0.3671980089188245 0.02651022 0.1
1587.5 1 10 0.00970625 0.36712212188549004 0.02643875 0.1
1588.0 1 10 0.009677999999999999 0.3670458234599852 0.02636728 0.1
1588.5 1 10 0.009649749999999999 0.36696911028791274 0.02629581 0.1
1589.0 1 10 0.0096215 0.3668919789783079 0.026224340000000002 0.1
1589.5 1 10 0.00959325 0.3668144261031389 0.02615287 0.1
1590.0 1 10 0.009564999999999999 0.3667364481967992 0.0260814 0.1
1590.5 1 10 0.00953675 0.366658041755591 0.02600993 0.1
1591.0 1 10 0.0095085 0.36657920323720067 0.02593846 0.1
1591.5 1 10 0.009480249999999999 0.3664999290601651 0.02586699 0.1
1592.0 1 10 0.009451999999999999 0.3664202156033295 0.025795520000000002 0.1
1592.5 1 10 0.00942375 0.36634005920529616 0.025724050000000002 0.1
1593.0 1 10 0.0093955 0.3662594561638634 0.025652579999999998 0.1
1593.5 1 10 0.009367249999999999 0.36617840273545593 0.025581109999999997 0.1
1594.0 1 10 0.009339 0.36609689513454524 0.02550964 0.1
1594.5 1 10 0.00931075 0.36601492953306 0.02543817 0.1
1595.0 1 10 0.009282499999999999 0.365932502059787 0.0253667 0.1
1595.5 1 10 0.009254249999999999 0.36584960879976175 0.025295230000000005 0.1
1596.0 1 10 0.009226 0.3657662457936485 0.025223759999999998 0.1
1596.5 1 10 0.00919775 0.3656824090371095 0.025152289999999997 0.1
1597.0 1 10 0.009169499999999999 0.36559809448016445 0.02508082 0.1
1597.5 1 10 0.00914125 0.3655132980265381 0.02500935 0.1
1598.0 1 10 0.009113 0.36542801553299636 0.024937880000000003 0.1
1598.5 1 10 0.009084749999999999 0.36534224280867234 0.024866410000000005 0.1
1599.0 1 10 0.009056499999999999 0.3652559756143793 0.024794940000000005 0.1
1599.5 1 10 0.00902825 0.3651692096619123 0.02472347 0.1
1600.0 1 10 0.009 0.36508194061333765 0.024652 0.1
1600.5 1 10 0.008988 0.3649242359957076 0.02462977 0.1
1601.0 1 10 0.008976 0.36476624644316336 0.02460754 0.1
1601.5 1 10 0.008964 0.3646079711827917 0.024585309999999996 0.1
1602.0 1 10 0.008952 0.36444940943888143 0.02456308 0.1
1602.5 1 10 0.00894 0.36429056043291086 0.02454085 0.1
1603.0 1 10 0.008928 0.3641314233835346 0.024518620000000005 0.1
1603.5 1 10 0.008915999999999999 0.36397199750657133 0.024496389999999996 0.1
1604.0 1 10 0.008903999999999999 0.36381228201499044 0.024474160000000002 0.1
1604.5 1 10 0.008891999999999999 0.36365227611889933 0.024451930000000004 0.1
1605.0 1 10 0.008879999999999999 0.3634919790255304 0.0244297 0.1
1605.5 1 10 0.008868 0.3633313899392276 0.02440747 0.1
1606.0 1 10 0.008856 0.36317050806143386 0.02438524 0.1
1606.5 1 10 0.008844 0.3630093325906774 0.024363009999999997 0.1
1607.0 1 10 0.008832 0.3628478627225586 0.02434078 0.1
1607.5 1 10 0.00882 0.36268609764973647 0.024318550000000005 0.1
1608.0 1 10 0.008808 0.36252403656191556 0.02429632 0.1
1608.5 1 10 0.008796 0.3623616786458318 0.024274090000000005 0.1
1609.0 1 10 0.008784 0.36219902308523966 0.02425186 0.1
1609.5 1 10 0.008771999999999999 0.36203606906089764 0.024229630000000005 0.1
1610.0 1 10 0.008759999999999999 0.3618728157505556 0.0242074 0.1
1610.5 1 10 0.008747999999999999 0.3617092623289396 0.024185169999999995 0.1
1611.0 1 10 0.008735999999999999 0.361545407967739 0.02416294 0.1
1611.5 1 10 0.008723999999999999 0.3613812518355922 0.02414071 0.1
1612.0 1 10 0.008712 0.3612167930980725 0.02411848 0.1
1612.5 1 10 0.0087 0.3610520309176739 0.02409625 0.1
1613.0 1 10 0.008688 0.36088696445379703 0.02407402 0.1
1613.5 1 10 0.008676 0.3607215928627349 0.024051790000000003 0.1
1614.0 1 10 0.008664 0.36055591529765835 0.024029560000000002 0.1
1614.5 1 10 0.008652 0.36038993090860166 0.02400733 0.1
1615.0 1 10 0.00864 0.36022363884244807 0.023985099999999995 0.1
1615.5 1 10 0.008628 0.36005703824291496 0.02396287 0.1
1616.0 1 10 0.008615999999999999 0.3598901282505396 0.02394064 0.1
1616.5 1 10 0.008603999999999999 0.359722908002664 0.02391841 0.1
1617.0 1 10 0.008591999999999999 0.35955537663342 0.02389618 0.1
1617.5 1 10 0.008579999999999999 0.3593875332737146 0.02387395 0.1
1618.0 1 10 0.008568 0.3592193770512147 0.023851720000000003 0.1
1618.5 1 10 0.008556 0.35905090709033216 0.023829490000000002 0.1
1619.0 1 10 0.008544 0.3588821225122084 0.02380726 0.1
1619.5 1 10 0.008532 0.3587130224346995 0.02378503 0.1
1620.0 1 10 0.00852 0.3585436059723601 0.0237628 0.1
1620.5 1 10 0.008508 0.358373872236429 0.02374057 0.1
1621.0 1 10 0.008496 0.35820382033481263 0.02371834 0.1
1621.5 1 10 0.008484 0.35803344937206993 0.023696110000000003 0.1
1622.0 1 10 0.008472 0.3578627584493965 0.02367388 0.1
1622.5 1 10 0.008459999999999999 0.35769174666460896 0.023651650000000003 0.1
1623.0 1 10 0.008447999999999999 0.3575204131121288 0.02362942 0.1
1623.5 1 10 0.008435999999999999 0.3573487568829665 0.023607190000000004 0.1
1624.0 1 10 0.008424 0.3571767770647056 0.023584960000000002 0.1
1624.5 1 10 0.008412 0.3570044727414862 0.02356273 0.1
1625.0 1 10 0.0084 0.35683184299398907 0.0235405 0.1
1625.5 1 10 0.008388 0.356658886899419 0.02351827 0.1
1626.0 1 10 0.008376 0.3564856035314887 0.02349604 0.1
1626.5 1 10 0.008364 0.3563119919604018 0.02347381 0.1
1627.0 1 10 0.008352 0.3561380512528367 0.02345158 0.1
1627.5 1 10 0.00834 0.35596378047192945 0.023429349999999998 0.1
1628.0 1 10 0.008327999999999999 0.3557891786772571 0.02340712 0.1
1628.5 1 10 0.008315999999999999 0.3556142449248211 0.02338489 0.1
1629.0 1 10 0.008303999999999999 0.35543897826702947 0.02336266 0.1
1629.5 1 10 0.008291999999999999 0.35526337775268063 0.02334043 0.1
1630.0 1 10 0.00828 0.35508744242694545 0.0233182 0.1
1630.5 1 10 0.008268 0.3549111713313504 0.02329597 0.1
1631.0 1 10 0.008256 0.35473456350376 0.023273740000000005 0.1
1631.5 1 10 0.008244 0.3545576179783592 0.023251510000000003 0.1
1632.0 1 10 0.008232 0.35438033378563605 0.02322928 0.1
1632.5 1 10 0.00822 0.35420270995236364 0.02320705 0.1
1633.0 1 10 0.008208 0.35402474550158247 0.023184820000000002 0.1
1633.5 1 10 0.008196 0.3538464394525828 0.023162589999999997 0.1
1634.0 1 10 0.008184 0.3536677908208861 0.023140360000000002 0.1
1634.5 1 10 0.008171999999999999 0.3534887986182273 0.023118129999999997 0.1
1635.0 1 10 0.008159999999999999 0.3533094618525366 0.0230959 0.1
1635.5 1 10 0.008147999999999999 0.35312977952792074 0.02307367 0.1
1636.0 1 10 0.008136 0.3529497506446452 0.02305144 0.1
1636.5 1 10 0.008124 0.3527693741991149 0.023029209999999998 0.1
1637.0 1 10 0.008112 0.35258864918385635 0.02300698 0.1
1637.5 1 10 0.0081 0.35240757458749816 0.022984750000000005 0.1
1638.0 1 10 0.008088 0.35222614939475283 0.02296252 0.1
1638.5 1 10 0.008076 0.35204437258639715 0.022940289999999995 0.1
1639.0 1 10 0.008064 0.35186224313925346 0.02291806 0.1
1639.5 1 10 0.008052 0.35167976002617074 0.02289583 0.1
1640.0 1 10 0.00804 0.3514969222160045 0.0228736 0.1
1640.5 1 10 0.008028 0.35131372867359817 0.02285137 0.1
1641.0 1 10 0.008015999999999999 0.35113017835976296 0.02282914 0.1
1641.5 1 10 0.008003999999999999 0.3509462702312588 0.02280691 0.1
1642.0 1 10 0.007991999999999999 0.350762003240774 0.02278468 0.1
1642.5 1 10 0.00798 0.3505773763369057 0.02276245 0.1
1643.0 1 10 0.007968 0.3503923884641397 0.022740220000000002 0.1
1643.5 1 10 0.007956 0.3502070385628306 0.02271799 0.1
1644.0 1 10 0.007944 0.3500213255691812 0.02269576 0.1
1644.5 1 10 0.007932 0.3498352484152225 0.022673529999999997 0.1
1645.0 1 10 0.00792 0.34964880602879306 0.0226513 0.1
1645.5 1 10 0.007908 0.34946199733351835 0.022629069999999998 0.1
1646.0 1 10 0.007896 0.3492748212487902 0.022606839999999996 0.1
1646.5 1 10 0.007883999999999999 0.3490872766897457 0.022584610000000005 0.1
1647.0 1 10 0.007872 0.3488993625672469 0.022562380000000003 0.1
1647.5 1 10 0.007859999999999999 0.3487110777878585 0.022540150000000002 0.1
1648.0 1 10 0.007847999999999999 0.34852242125382804 0.022517919999999997 0.1
1648.5 1 10 0.007836 0.34833339186306356 0.02249569 0.1
1649.0 1 10 0.007824 0.3481439885091125 0.02247346 0.1
1649.5 1 10 0.0078119999999999995 0.3479542100811403 0.02245123 0.1
1650.0 1 10 0.0078 0.3477640554639083 0.022429 0.1
1650.5 1 10 0.007788 0.3475735235377522 0.02240677 0.1
1651.0 1 10 0.007776 0.34738261317855984 0.022384539999999998 0.1
1651.5 1 10 0.007764 0.3471913232577493 0.02236231 0.1
1652.0 1 10 0.007751999999999999 0.3469996526422466 0.02234008 0.1
1652.5 1 10 0.0077399999999999995 0.34680760019446316 0.02231785 0.1
1653.0 1 10 0.007728 0.34661516477227367 0.02229562 0.1
1653.5 1 10 0.007716 0.34642234522899296 0.022273390000000004 0.1
1654.0 1 10 0.007704 0.34622914041335373 0.02225116 0.1
1654.5 1 10 0.007692 0.3460355491694832 0.022228929999999997 0.1
1655.0 1 10 0.007679999999999999 0.3458415703368803 0.0222067 0.1
1655.5 1 10 0.0076679999999999995 0.34564720275039246 0.02218447 0.1
1656.0 1 10 0.007656 0.3454524452401923 0.02216224 0.1
1656.5 1 10 0.007644 0.345257296631754 0.02214001 0.1
1657.0 1 10 0.007632 0.3450617557458298 0.02211778 0.1
1657.5 1 10 0.00762 0.3448658213984264 0.02209555 0.1
1658.0 1 10 0.007607999999999999 0.34466949240078065 0.02207332 0.1
1658.5 1 10 0.0075959999999999995 0.34447276755933603 0.022051090000000002 0.1
1659.0 1 10 0.007584 0.3442756456757181 0.022028859999999997 0.1
1659.5 1 10 0.007572 0.34407812554671025 0.02200663 0.1
1660.0 1 10 0.00756 0.34388020596422914 0.0219844 0.1
1660.5 1 10 0.007548 0.34368188571530045 0.02196217 0.1
1661.0 1 10 0.007535999999999999 0.34348316358203346 0.02193994 0.1
1661.5 1 10 0.0075239999999999994 0.3432840383415968 0.021917709999999997 0.1
1662.0 1 10 0.007512 0.3430845087661928 0.021895480000000002 0.1
1662.5 1 10 0.0075 0.3428845736230327 0.02187325 0.1
1663.0 1 10 0.007488 0.3426842316743109 0.02185102 0.1
1663.5 1 10 0.007476 0.3424834816771795 0.02182879 0.1
1664.0 1 10 0.007464 0.3422823223837231 0.02180656 0.1
1664.5 1 10 0.007451999999999999 0.3420807525409319 0.02178433 0.1
1665.0 1 10 0.0074399999999999996 0.3418787708906769 0.021762099999999996 0.1
1665.5 1 10 0.007428 0.34167637616968266 0.02173987 0.1
1666.0 1 10 0.007416 0.3414735671095018 0.02171764 0.1
1666.5 1 10 0.007404 0.34127034243648774 0.02169541 0.1
1667.0 1 10 0.007392 0.3410667008717687 0.02167318 0.1
1667.5 1 10 0.007379999999999999 0.34086264113122056 0.02165095 0.1
1668.0 1 10 0.0073679999999999995 0.34065816192543985 0.02162872 0.1
1668.5 1 10 0.007356 0.34045326195971676 0.021606489999999996 0.1
1669.0 1 10 0.007344 0.3402479399340074 0.02158426 0.1
1669.5 1 10 0.007332 0.34004219454290713 0.02156203 0.1
1670.0 1 10 0.00732 0.33983602447562183 0.021539800000000005 0.1
1670.5 1 10 0.007307999999999999 0.339629428415941 0.02151757 0.1
1671.0 1 10 0.0072959999999999995 0.3394224050422091 0.021495339999999998 0.1
1671.5 1 10 0.007284 0.33921495302729787 0.02147311 0.1
1672.0 1 10 0.007272 0.33900707103857747 0.02145088 0.1
1672.5 1 10 0.00726 0.3387987577378883 0.02142865 0.1
1673.0 1 10 0.007248 0.3385900117815123 0.02140642 0.1
1673.5 1 10 0.007235999999999999 0.3383808318201437 0.02138419 0.1
1674.0 1 10 0.0072239999999999995 0.33817121649886056 0.02136196 0.1
1674.5 1 10 0.007212 0.3379611644570948 0.021339729999999998 0.1
1675.0 1 10 0.0072 0.3377506743286033 0.0213175 0.1
1675.5 1 10 0.007188 0.33753974474143794 0.021295269999999998 0.1
1676.0 1 10 0.007176 0.337328374317916 0.02127304 0.1
1676.5 1 10 0.007164 0.3371165616745903 0.02125081 0.1
1677.0 1 10 0.0071519999999999995 0.3369043054222185 0.02122858 0.1
1677.5 1 10 0.00714 0.3366916041657334 0.021206349999999995 0.1
1678.0 1 10 0.007128 0.3364784565042116 0.021184120000000004 0.1
1678.5 1 10 0.007116 0.3362648610308437 0.021161889999999996 0.1
1679.0 1 10 0.007104 0.33605081633290224 0.02113966 0.1
1679.5 1 10 0.007091999999999999 0.33583632099171157 0.02111743 0.1
1680.0 1 10 0.0070799999999999995 0.3356213735826159 0.0210952 0.1
1680.5 1 10 0.007068 0.33540597267494804 0.02107297 0.1
1681.0 1 10 0.007056 0.3351901168319974 0.021050739999999995 0.1
1681.5 1 10 0.007044 0.33497380461097814 0.02102851 0.1
1682.0 1 10 0.007032 0.3347570345629974 0.02100628 0.1
1682.5 1 10 0.00702 0.33453980523302224 0.020984049999999997 0.1
1683.0 1 10 0.0070079999999999995 0.3343221151598478 0.020961819999999996 0.1
1683.5 1 10 0.006996 0.3341039628760639 0.02093959 0.1
1684.0 1 10 0.006984 0.3338853469080228 0.02091736 0.1
1684.5 1 10 0.006972 0.33366626577580516 0.020895129999999998 0.1
1685.0 1 10 0.00696 0.33344671799318737 0.0208729 0.1
1685.5 1 10 0.006948 0.3332267020676074 0.02085067 0.1
1686.0 1 10 0.0069359999999999995 0.3330062165001315 0.02082844 0.1
1686.5 1 10 0.006924 0.33278525978541984 0.02080621 0.1
1687.0 1 10 0.006912 0.3325638304116921 0.02078398 0.1
1687.5 1 10 0.0069 0.33234192686069336 0.02076175 0.1
1688.0 1 10 0.006888 0.33211954760765916 0.020739520000000004 0.1
1688.5 1 10 0.006876 0.33189669112128084 0.02071729 0.1
1689.0 1 10 0.006864 0.33167335586366986 0.020695060000000005 0.1
1689.5 1 10 0.006852 0.3314495402903231 0.02067283 0.1
1690.0 1 10 0.00684 0.3312252428500867 0.020650599999999998 0.1
1690.5 1 10 0.006828 0.3310004619851205 0.020628369999999997 0.1
1691.0 1 10 0.006816 0.3307751961308619 0.020606140000000002 0.1
1691.5 1 10 0.006804 0.3305494437159898 0.02058391 0.1
1692.0 1 10 0.006791999999999999 0.3303232031623875 0.02056168 0.1
1692.5 1 10 0.00678 0.3300964728851064 0.020539450000000004 0.1
1693.0 1 10 0.006768 0.3298692512923291 0.02051722 0.1
1693.5 1 10 0.006756 0.3296415367853314 0.02049499 0.1
1694.0 1 10 0.006744 0.32941332775844584 0.02047276 0.1
1694.5 1 10 0.006732 0.3291846225990231 0.02045053 0.1
1695.0 1 10 0.00672 0.32895541968739445 0.020428300000000003 0.1
1695.5 1 10 0.006708 0.32872571739683343 0.02040607 0.1
1696.0 1 10 0.006696 0.3284955140935172 0.02038384 0.1
1696.5 1 10 0.006684 0.32826480813648823 0.02036161 0.1
1697.0 1 10 0.006672 0.32803359787761477 0.020339379999999997 0.1
1697.5 1 10 0.00666 0.32780188166155194 0.02031715 0.1
1698.0 1 10 0.006647999999999999 0.32756965782570213 0.020294920000000004 0.1
1698.5 1 10 0.0066359999999999995 0.32733692470017545 0.02027269 0.1
1699.0 1 10 0.006624 0.3271036806077492 0.020250459999999998 0.1
1699.5 1 10 0.006612 0.3268699238638279 0.020228230000000003 0.1
1700.0 1 10 0.0066 0.326635652776403 0.020206000000000002 0.1
1700.5 1 10 0.006588 0.3264008656460116 0.02018377 0.1
1701.0 1 10 0.006576 0.32616556076569553 0.02016154 0.1
1701.5 1 10 0.006564 0.3259297364209598 0.02013931 0.1
1702.0 1 10 0.006552 0.32569339088973154 0.02011708 0.1
1702.5 1 10 0.00654 0.32545652244231726 0.02009485 0.1
1703.0 1 10 0.006528 0.32521912934136155 0.02007262 0.1
1703.5 1 10 0.006516 0.32498120984180356 0.02005039 0.1
1704.0 1 10 0.006504 0.3247427621908353 0.02002816 0.1
1704.5 1 10 0.006492 0.3245037846278579 0.020005929999999998 0.1
1705.0 1 10 0.00648 0.3242642753844383 0.0199837 0.1
1705.5 1 10 0.006468 0.3240242326842663 0.01996147 0.1
1706.0 1 10 0.006456 0.32378365474310955 0.01993924 0.1
1706.5 1 10 0.006444 0.3235425397687705 0.01991701 0.1
1707.0 1 10 0.006432 0.32330088596104106 0.019894779999999997 0.1
1707.5 1 10 0.00642 0.32305869151165806 0.01987255 0.1
1708.0 1 10 0.006408 0.32281595460425827 0.019850319999999998 0.1
1708.5 1 10 0.006396 0.3225726734143329 0.01982809 0.1
1709.0 1 10 0.006384 0.3223288461091818 0.01980586 0.1
1709.5 1 10 0.006372 0.3220844708478677 0.01978363 0.1
1710.0 1 10 0.00636 0.3218395457811694 0.0197614 0.1
1710.5 1 10 0.006348 0.3215940690515356 0.01973917 0.1
1711.0 1 10 0.006336 0.32134803879303786 0.01971694 0.1
1711.5 1 10 0.006324 0.32110145313132304 0.01969471 0.1
1712.0 1 10 0.006312 0.3208543101835661 0.01967248 0.1
1712.5 1 10 0.0063 0.3206066080584216 0.01965025 0.1
1713.0 1 10 0.006288 0.3203583448559763 0.019628020000000003 0.1
1713.5 1 10 0.006276 0.32010951866769977 0.019605789999999994 0.1
1714.0 1 10 0.0062640000000000005 0.31986012757639576 0.01958356 0.1
1714.5 1 10 0.006252 0.3196101696561532 0.019561330000000002 0.1
1715.0 1 10 0.00624 0.3193596429722966 0.019539099999999997 0.1
1715.5 1 10 0.006228 0.31910854558133556 0.01951687 0.1
1716.0 1 10 0.006216 0.3188568755309152 0.01949464 0.1
1716.5 1 10 0.006204 0.3186046308597652 0.01947241 0.1
1717.0 1 10 0.0061920000000000005 0.31835180959764897 0.01945018 0.1
1717.5 1 10 0.00618 0.31809840976531234 0.01942795 0.1
1718.0 1 10 0.006168 0.31784442937443186 0.01940572 0.1
1718.5 1 10 0.006156 0.3175898664275628 0.01938349 0.1
1719.0 1 10 0.006144 0.31733471891808696 0.019361259999999998 0.1
1719.5 1 10 0.006132 0.31707898483015956 0.01933903 0.1
1720.0 1 10 0.0061200000000000004 0.31682266213865656 0.0193168 0.1
1720.5 1 10 0.006108 0.31656574880912086 0.01929457 0.1
1721.0 1 10 0.006096 0.3163082427977091 0.019272339999999995 0.1
1721.5 1 10 0.006084 0.3160501420511363 0.01925011 0.1
1722.0 1 10 0.006072 0.3157914445066227 0.01922788 0.1
1722.5 1 10 0.00606 0.3155321480918376 0.019205649999999998 0.1
1723.0 1 10 0.006048 0.3152722507248447 0.01918342 0.1
1723.5 1 10 0.006036 0.3150117503140462 0.01916119 0.1
1724.0 1 10 0.006024 0.31475064475812686 0.01913896 0.1
1724.5 1 10 0.006012 0.3144889319459971 0.01911673 0.1
1725.0 1 10 0.006 0.3142266097567362 0.0190945 0.1
1725.5 1 10 0.005988 0.3139636760595357 0.01907227 0.1
1726.0 1 10 0.005976 0.3137001287136405 0.01905004 0.1
1726.5 1 10 0.0059640000000000006 0.31343596556829195 0.019027809999999996 0.1
1727.0 1 10 0.005952 0.3131711844626683 0.019005580000000005 0.1
1727.5 1 10 0.00594 0.31290578322582685 0.01898335 0.1
1728.0 1 10 0.005928 0.3126397596766436 0.01896112 0.1
1728.5 1 10 0.005916 0.3123731116237541 0.01893889 0.1
1729.0 1 10 0.005904 0.31210583686549315 0.018916660000000002 0.1
1729.5 1 10 0.005892 0.3118379331898342 0.01889443 0.1
1730.0 1 10 0.00588 0.3115693983743284 0.0188722 0.1
1730.5 1 10 0.005868 0.31130023018604275 0.018849969999999997 0.1
1731.0 1 10 0.005856 0.3110304263814988 0.01882774 0.1
1731.5 1 10 0.005844 0.3107599847066099 0.01880551 0.1
1732.0 1 10 0.005832 0.31048890289661873 0.01878328 0.1
1732.5 1 10 0.0058200000000000005 0.3102171786760336 0.01876105 0.1
1733.0 1 10 0.005808 0.30994480975856536 0.01873882 0.1
1733.5 1 10 0.005796 0.309671793847063 0.018716589999999998 0.1
1734.0 1 10 0.005784 0.3093981286334488 0.01869436 0.1
1734.5 1 10 0.005772 0.30912381179865395 0.018672130000000002 0.1
1735.0 1 10 0.00576 0.30884884101255233 0.018649900000000004 0.1
1735.5 1 10 0.0057480000000000005 0.30857321393389514 0.01862767 0.1
1736.0 1 10 0.005736 0.30829692821024385 0.01860544 0.1
1736.5 1 10 0.005724 0.308019981477904 0.01858321 0.1
1737.0 1 10 0.005712 0.307742371361857 0.018560979999999998 0.1
1737.5 1 10 0.0057 0.3074640954756928 0.01853875 0.1
1738.0 1 10 0.005688 0.3071851514215414 0.01851652 0.1
1738.5 1 10 0.0056760000000000005 0.3069055367900039 0.018494289999999997 0.1
1739.0 1 10 0.005664000000000001 0.30662524916008294 0.018472059999999995 0.1
1739.5 1 10 0.005652 0.3063442860991131 0.01844983 0.1
1740.0 1 10 0.00564 0.30606264516269077 0.0184276 0.1
1740.5 1 10 0.005628 0.3057803238946025 0.01840537 0.1
1741.0 1 10 0.005616 0.3054973198267543 0.01838314 0.1
1741.5 1 10 0.0056040000000000005 0.30521363047909933 0.018360910000000005 0.1
1742.0 1 10 0.005592 0.30492925335956567 0.01833868 0.1
1742.5 1 10 0.00558 0.30464418596398324 0.018316449999999998 0.1
1743.0 1 10 0.005568 0.30435842577601013 0.01829422 0.1
1743.5 1 10 0.005556 0.30407197026705907 0.01827199 0.1
1744.0 1 10 0.005544 0.3037848168962222 0.01824976 0.1
1744.5 1 10 0.0055320000000000005 0.3034969631101965 0.018227530000000002 0.1
1745.0 1 10 0.005520000000000001 0.3032084063432078 0.0182053 0.1
1745.5 1 10 0.005508000000000001 0.3029191440169345 0.01818307 0.1
1746.0 1 10 0.005496 0.302629173540431 0.018160839999999994 0.1
1746.5 1 10 0.005484 0.3023384923100502 0.01813861 0.1
1747.0 1 10 0.005472 0.3020470977093658 0.01811638 0.1
1747.5 1 10 0.0054600000000000004 0.3017549871090933 0.018094149999999996 0.1
1748.0 1 10 0.005448 0.30146215786701136 0.018071919999999998 0.1
1748.5 1 10 0.005436 0.3011686073278821 0.01804969 0.1
1749.0 1 10 0.005424 0.3008743328233706 0.018027459999999995 0.1
1749.5 1 10 0.005412 0.3005793316719642 0.01800523 0.1
1750.0 1 10 0.0054 0.3002836011788912 0.017983 0.1
1750.5 1 10 0.005388 0.29998713863603843 0.01796077 0.1
1751.0 1 10 0.005376000000000001 0.29968994132186905 0.01793854 0.1
1751.5 1 10 0.005364000000000001 0.2993920065013388 0.017916309999999998 0.1
1752.0 1 10 0.005352 0.29909333142581235 0.01789408 0.1
1752.5 1 10 0.00534 0.29879391333297894 0.01787185 0.1
1753.0 1 10 0.005328 0.29849374944676693 0.01784962 0.1
1753.5 1 10 0.005316 0.29819283697725807 0.01782739 0.1
1754.0 1 10 0.0053040000000000006 0.29789117312060104 0.017805159999999997 0.1
1754.5 1 10 0.005292000000000001 0.29758875505892457 0.017782929999999995 0.1
1755.0 1 10 0.00528 0.2972855799602493 0.0177607 0.1
1755.5 1 10 0.005268 0.2969816449784001 0.01773847 0.1
1756.0 1 10 0.005256 0.296676947252916 0.01771624 0.1
1756.5 1 10 0.005244 0.2963714839089613 0.017694010000000003 0.1
1757.0 1 10 0.0052320000000000005 0.29606525205723483 0.017671779999999998 0.1
1757.5 1 10 0.005220000000000001 0.29575824879387863 0.01764955 0.1
1758.0 1 10 0.005208 0.2954504712003867 0.01762732 0.1
1758.5 1 10 0.005196 0.295141916343512 0.01760509 0.1
1759.0 1 10 0.005184 0.2948325812751737 0.01758286 0.1
1759.5 1 10 0.005172 0.29452246303236274 0.01756063 0.1
1760.0 1 10 0.0051600000000000005 0.2942115586370479 0.0175384 0.1
1760.5 1 10 0.005148000000000001 0.29389986509607985 0.017516169999999998 0.1
1761.0 1 10 0.005136 0.29358737940109547 0.01749394 0.1
1761.5 1 10 0.005124 0.29327409852842107 0.01747171 0.1
1762.0 1 10 0.005112 0.2929600194389747 0.01744948 0.1
1762.5 1 10 0.0051 0.29264513907816786 0.01742725 0.1
1763.0 1 10 0.0050880000000000005 0.29232945437580654 0.01740502 0.1
1763.5 1 10 0.005076000000000001 0.29201296224599166 0.01738279 0.1
1764.0 1 10 0.005064000000000001 0.291695659587018 0.01736056 0.1
1764.5 1 10 0.005052 0.29137754328127335 0.01733833 0.1
1765.0 1 10 0.00504 0.2910586101951363 0.0173161 0.1
1765.5 1 10 0.005028 0.2907388571788732 0.017293870000000003 0.1
1766.0 1 10 0.0050160000000000005 0.29041828106653456 0.017271639999999998 0.1
1766.5 1 10 0.005004000000000001 0.2900968786758504 0.01724941 0.1
1767.0 1 10 0.004992000000000001 0.2897746468081253 0.01722718 0.1
1767.5 1 10 0.00498 0.28945158224813206 0.017204950000000004 0.1
1768.0 1 10 0.004968 0.28912768176400483 0.01718272 0.1
1768.5 1 10 0.004956 0.288802942107131 0.01716049 0.1
1769.0 1 10 0.0049440000000000005 0.28847736001204327 0.01713826 0.1
1769.5 1 10 0.004932000000000001 0.2881509321963096 0.017116029999999997 0.1
1770.0 1 10 0.004920000000000001 0.28782365536042315 0.0170938 0.1
1770.5 1 10 0.004908 0.287495526187691 0.01707157 0.1
1771.0 1 10 0.004896 0.28716654134412245 0.01704934 0.1
1771.5 1 10 0.004884 0.2868366974783155 0.017027109999999998 0.1
1772.0 1 10 0.0048720000000000005 0.28650599122134357 0.01700488 0.1
1772.5 1 10 0.004860000000000001 0.28617441918664055 0.01698265 0.1
1773.0 1 10 0.004848000000000001 0.2858419779698852 0.01696042 0.1
1773.5 1 10 0.004836 0.28550866414888487 0.01693819 0.1
1774.0 1 10 0.004824 0.28517447428345777 0.016915959999999997 0.1
1774.5 1 10 0.004812 0.2848394049153148 0.016893729999999996 0.1
1775.0 1 10 0.0048000000000000004 0.2845034525679401 0.016871499999999998 0.1
1775.5 1 10 0.004788000000000001 0.28416661374647095 0.01684927 0.1
1776.0 1 10 0.004776000000000001 0.2838288849375767 0.01682704 0.1
1776.5 1 10 0.004764000000000001 0.2834902626093363 0.01680481 0.1
1777.0 1 10 0.004752 0.2831507432111154 0.01678258 0.1
1777.5 1 10 0.00474 0.28281032317344207 0.01676035 0.1
1778.0 1 10 0.004728 0.2824689989078822 0.01673812 0.1
1778.5 1 10 0.004716000000000001 0.28212676680691257 0.016715889999999994 0.1
1779.0 1 10 0.004704000000000001 0.2817836232437944 0.01669366 0.1
1779.5 1 10 0.004692 0.2814395645724452 0.01667143 0.1
1780.0 1 10 0.00468 0.28109458712730945 0.0166492 0.1
1780.5 1 10 0.004668 0.2807486872232283 0.016626969999999998 0.1
1781.0 1 10 0.004656 0.2804018611553087 0.01660474 0.1
1781.5 1 10 0.0046440000000000006 0.28005410519879076 0.01658251 0.1
1782.0 1 10 0.004632000000000001 0.2797054156089149 0.01656028 0.1
1782.5 1 10 0.004620000000000001 0.2793557886207867 0.01653805 0.1
1783.0 1 10 0.004608 0.279005220449242 0.016515820000000004 0.1
1783.5 1 10 0.004596 0.27865370728871036 0.01649359 0.1
1784.0 1 10 0.004584 0.2783012453130768 0.016471359999999997 0.1
1784.5 1 10 0.0045720000000000005 0.27794783067554335 0.01644913 0.1
1785.0 1 10 0.004560000000000001 0.2775934595084891 0.0164269 0.1
1785.5 1 10 0.004548000000000001 0.2772381279233292 0.01640467 0.1
1786.0 1 10 0.004536 0.27688183201037214 0.016382439999999998 0.1
1786.5 1 10 0.004524 0.2765245678386769 0.01636021 0.1
1787.0 1 10 0.004512 0.27616633145590824 0.016337980000000002 0.1
1787.5 1 10 0.0045000000000000005 0.2758071188881909 0.016315749999999997 0.1
1788.0 1 10 0.004488000000000001 0.27544692613996247 0.01629352 0.1
1788.5 1 10 0.004476000000000001 0.2750857491938255 0.01627129 0.1
1789.0 1 10 0.004464000000000001 0.2747235840103982 0.01624906 0.1
1789.5 1 10 0.004452 0.2743604265281636 0.016226829999999998 0.1
1790.0 1 10 0.00444 0.27399627266331783 0.0162046 0.1
1790.5 1 10 0.0044280000000000005 0.2736311183096172 0.016182369999999998 0.1
1791.0 1 10 0.004416000000000001 0.2732649593382236 0.01616014 0.1
1791.5 1 10 0.004404000000000001 0.27289779159754896 0.01613791 0.1
1792.0 1 10 0.004392 0.2725296109130983 0.01611568 0.1
1792.5 1 10 0.00438 0.272160413087312 0.01609345 0.1
1793.0 1 10 0.004368 0.27179019389940534 0.016071219999999997 0.1
1793.5 1 10 0.0043560000000000005 0.27141894910520853 0.01604899 0.1
1794.0 1 10 0.004344000000000001 0.27104667443700414 0.01602676 0.1
1794.5 1 10 0.004332000000000001 0.2706733656033636 0.01600453 0.1
1795.0 1 10 0.004320000000000001 0.2702990182889823 0.015982299999999998 0.1
1795.5 1 10 0.004308000000000001 0.26992362815451315 0.01596007 0.1
1796.0 1 10 0.004296 0.2695471908363994 0.01593784 0.1
1796.5 1 10 0.0042840000000000005 0.2691697019467052 0.015915609999999997 0.1
1797.0 1 10 0.004272000000000001 0.2687911570729449 0.015893380000000002 0.1
1797.5 1 10 0.004260000000000001 0.26841155177791154 0.01587115 0.1
1798.0 1 10 0.004248 0.26803088159950333 0.01584892 0.1
1798.5 1 10 0.004236 0.26764914205054885 0.015826689999999997 0.1
1799.0 1 10 0.004224 0.2672663286186305 0.01580446 0.1
1799.5 1 10 0.0042120000000000005 0.266882436765907 0.01578223 0.1
1800.0 1 10 0.004200000000000001 0.26649746192893403 0.01576 0.1
