mass result channel_or_id theo_cross_section ratio observed_limit width_to_mass_ratio
600.0 0 9 0.8745 1.45355118594485 0.60163 0.05
600.5 0 9 0.8728250000000001 1.4554799803028908 0.5996818999999999 0.05
601.0 0 9 0.8711500000000001 1.4574213470946433 0.5977338 0.05
601.5 0 9 0.8694750000000001 1.4593754096481337 0.5957857 0.05
602.0 0 9 0.8678 1.4613422929097115 0.5938376 0.05
602.5 0 9 0.866125 1.4633221234706817 0.5918895 0.05
603.0 0 9 0.86445 1.465315029594465 0.5899414 0.05
603.5 0 9 0.8627750000000001 1.4673211412442966 0.5879933 0.05
604.0 0 9 0.8611000000000001 1.4693405901114795 0.5860452 0.05
604.5 0 9 0.8594250000000001 1.4713735096442013 0.5840971 0.05
605.0 0 9 0.85775 1.4734200350769304 0.582149 0.05
605.5 0 9 0.856075 1.475480303460405 0.5802009 0.05
606.0 0 9 0.8544 1.477554453692226 0.5782528 0.05
606.5 0 9 0.8527250000000001 1.4796426265480744 0.5763047 0.05
607.0 0 9 0.8510500000000001 1.4817449647135597 0.5743566 0.05
607.5 0 9 0.8493750000000001 1.4838616128167212 0.5724084999999999 0.05
608.0 0 9 0.8477 1.4859927174611947 0.5704603999999999 0.05
608.5 0 9 0.846025 1.488138427260061 0.5685123 0.05
609.0 0 9 0.84435 1.4902988928703933 0.5665642 0.05
609.5 0 9 0.8426750000000001 1.4924742670285174 0.5646161 0.05
610.0 0 9 0.8410000000000001 1.4946647045860084 0.562668 0.05
610.5 0 9 0.8393250000000001 1.4968703625464337 0.5607199 0.05
611.0 0 9 0.83765 1.4990914001028683 0.5587718 0.05
611.5 0 9 0.835975 1.501327978676195 0.5568236999999999 0.05
612.0 0 9 0.8343 1.503580261954211 0.5548756 0.05
612.5 0 9 0.8326250000000001 1.5058484159315644 0.5529275 0.05
613.0 0 9 0.8309500000000001 1.5081326089505345 0.5509793999999999 0.05
613.5 0 9 0.8292750000000001 1.5104330117426823 0.5490313 0.05
614.0 0 9 0.8276000000000001 1.5127497974713904 0.5470832 0.05
614.5 0 9 0.825925 1.5150831417753141 0.5451351 0.05
615.0 0 9 0.82425 1.51743322281277 0.543187 0.05
615.5 0 9 0.8225750000000001 1.5198002213070791 0.5412389 0.05
616.0 0 9 0.8209000000000001 1.5221843205928975 0.5392907999999998 0.05
616.5 0 9 0.8192250000000001 1.5245857066635504 0.5373427 0.05
617.0 0 9 0.8175500000000001 1.5270045682194031 0.5353946 0.05
617.5 0 9 0.815875 1.5294410967172902 0.5334465 0.05
618.0 0 9 0.8142 1.5318954864210315 0.5314984 0.05
618.5 0 9 0.812525 1.5343679344530634 0.5295503 0.05
619.0 0 9 0.8108500000000001 1.536858640847214 0.5276022000000001 0.05
619.5 0 9 0.8091750000000001 1.5393678086026534 0.5256541 0.05
620.0 0 9 0.8075000000000001 1.5418956437390445 0.523706 0.05
620.5 0 9 0.805825 1.544442355352933 0.5217579 0.05
621.0 0 9 0.80415 1.547008155675403 0.5198098 0.05
621.5 0 9 0.802475 1.5495932601310352 0.5178617 0.05
622.0 0 9 0.8008000000000001 1.5521978873982003 0.5159136 0.05
622.5 0 9 0.7991250000000001 1.5548222594707235 0.5139655 0.05
623.0 0 9 0.7974500000000001 1.5574666017209575 0.5120174 0.05
623.5 0 9 0.7957750000000001 1.5601311429642992 0.5100693000000001 0.05
624.0 0 9 0.7941 1.5628161155251938 0.5081211999999999 0.05
624.5 0 9 0.792425 1.5655217553046576 0.5061731 0.05
625.0 0 9 0.7907500000000001 1.568248301849373 0.5042249999999999 0.05
625.5 0 9 0.7890750000000001 1.5709959984223842 0.5022769 0.05
626.0 0 9 0.7874000000000001 1.5737650920754513 0.5003288 0.05
626.5 0 9 0.785725 1.5765558337230956 0.49838070000000007 0.05
627.0 0 9 0.78405 1.5793684782183925 0.4964326 0.05
627.5 0 9 0.782375 1.5822032844305536 0.4944845 0.05
628.0 0 9 0.7807000000000001 1.5850605153243498 0.4925364 0.05
628.5 0 9 0.7790250000000001 1.5879404380414293 0.4905883 0.05
629.0 0 9 0.7773500000000001 1.5908433239835775 0.4886402 0.05
629.5 0 9 0.7756750000000001 1.593769448897979 0.48669210000000007 0.05
630.0 0 9 0.774 1.5967190929645338 0.484744 0.05
630.5 0 9 0.772325 1.5996925408852893 0.4827959 0.05
631.0 0 9 0.7706500000000001 1.6026900819760432 0.4808478 0.05
631.5 0 9 0.7689750000000001 1.6057120102601863 0.4788997 0.05
632.0 0 9 0.7673000000000001 1.6087586245648406 0.47695160000000003 0.05
632.5 0 9 0.7656250000000001 1.6118302286193682 0.4750035 0.05
633.0 0 9 0.76395 1.6149271311563085 0.47305540000000007 0.05
633.5 0 9 0.762275 1.618049646014825 0.47110730000000006 0.05
634.0 0 9 0.7606 1.6211980922467257 0.46915920000000005 0.05
634.5 0 9 0.7589250000000001 1.6243727942251374 0.4672111 0.05
635.0 0 9 0.7572500000000001 1.6275740817559103 0.465263 0.05
635.5 0 9 0.7555750000000001 1.630802290191833 0.4633149 0.05
636.0 0 9 0.7539 1.6340577605497406 0.46136679999999997 0.05
636.5 0 9 0.752225 1.6373408396306028 0.45941869999999996 0.05
637.0 0 9 0.75055 1.6406518801426804 0.4574706 0.05
637.5 0 9 0.7488750000000001 1.6439912408278408 0.45552249999999994 0.05
638.0 0 9 0.7472000000000001 1.6473592865911304 0.45357440000000004 0.05
638.5 0 9 0.7455250000000001 1.6507563886337002 0.45162630000000004 0.05
639.0 0 9 0.7438500000000001 1.6541829245891841 0.4496782000000001 0.05
639.5 0 9 0.742175 1.6576392786636414 0.4477301 0.05
640.0 0 9 0.7405 1.6611258417791657 0.44578199999999996 0.05
640.5 0 9 0.7388250000000001 1.664643011721277 0.44383390000000006 0.05
641.0 0 9 0.7371500000000001 1.6681911932902123 0.44188580000000005 0.05
641.5 0 9 0.7354750000000001 1.6717707984562362 0.43993770000000004 0.05
642.0 0 9 0.7338 1.6753822465190955 0.4379896 0.05
642.5 0 9 0.7321250000000001 1.6790259642717498 0.4360415 0.05
643.0 0 9 0.73045 1.6827023861685066 0.4340934 0.05
643.5 0 9 0.7287750000000001 1.6864119544977119 0.4321453 0.05
644.0 0 9 0.7271000000000001 1.6901551195591233 0.4301972 0.05
644.5 0 9 0.7254250000000001 1.693932339846132 0.4282491 0.05
645.0 0 9 0.7237500000000001 1.6977440822329763 0.426301 0.05
645.5 0 9 0.722075 1.701590822167116 0.42435290000000003 0.05
646.0 0 9 0.7204 1.7054730438669257 0.4224048 0.05
646.5 0 9 0.7187250000000001 1.7093912405248866 0.4204567 0.05
647.0 0 9 0.7170500000000001 1.7133459145164522 0.41850859999999995 0.05
647.5 0 9 0.7153750000000001 1.7173375776147766 0.4165605 0.05
648.0 0 9 0.7137 1.721366751211493 0.4146124 0.05
648.5 0 9 0.7120250000000001 1.7254339665437504 0.4126643 0.05
649.0 0 9 0.71035 1.7295397649277044 0.4107162 0.05
649.5 0 9 0.708675 1.7336846979986944 0.40876809999999997 0.05
650.0 0 9 0.7070000000000001 1.7378693279583108 0.40682000000000007 0.05
650.5 0 9 0.7053250000000001 1.7420942278286047 0.40487190000000006 0.05
651.0 0 9 0.7036500000000001 1.7463599817136644 0.4029238 0.05
651.5 0 9 0.7019750000000001 1.750667185068821 0.40097570000000005 0.05
652.0 0 9 0.7003 1.7550164449777408 0.39902760000000004 0.05
652.5 0 9 0.698625 1.7594083804376706 0.3970795 0.05
653.0 0 9 0.6969500000000001 1.7638436226531227 0.39513139999999997 0.05
653.5 0 9 0.6952750000000001 1.7683228153382915 0.3931833 0.05
654.0 0 9 0.6936000000000001 1.772846615028505 0.3912352 0.05
654.5 0 9 0.6919250000000001 1.7774156914010255 0.38928709999999994 0.05
655.0 0 9 0.69025 1.7820307276055343 0.387339 0.05
655.5 0 9 0.688575 1.7866924206046382 0.3853909 0.05
656.0 0 9 0.6869000000000001 1.7914014815247545 0.3834427999999999 0.05
656.5 0 9 0.6852250000000001 1.7961586360177482 0.3814947000000001 0.05
657.0 0 9 0.6835500000000001 1.8009646246337079 0.37954660000000007 0.05
657.5 0 9 0.6818750000000001 1.8058202032052566 0.3775985 0.05
658.0 0 9 0.6802 1.8107261432438246 0.3756504 0.05
658.5 0 9 0.678525 1.8156832323483156 0.37370230000000004 0.05
659.0 0 9 0.6768500000000001 1.8206922746266216 0.3717542 0.05
659.5 0 9 0.6751750000000001 1.8257540911304602 0.36980609999999997 0.05
660.0 0 9 0.6735000000000001 1.8308695203040306 0.36785799999999996 0.05
660.5 0 9 0.6718250000000001 1.8360394184470006 0.3659099 0.05
661.0 0 9 0.67015 1.8412646601923608 0.3639618 0.05
661.5 0 9 0.668475 1.846546138999712 0.3620137 0.05
662.0 0 9 0.6668000000000001 1.8518847676645591 0.3600656 0.05
662.5 0 9 0.6651250000000001 1.8572814788442344 0.3581175 0.05
663.0 0 9 0.6634500000000001 1.8627372256010768 0.35616939999999997 0.05
663.5 0 9 0.6617750000000001 1.8682529819635354 0.35422130000000007 0.05
664.0 0 9 0.6601000000000001 1.8738297435058928 0.3522732 0.05
664.5 0 9 0.658425 1.8794685279473267 0.3503251 0.05
665.0 0 9 0.6567500000000001 1.8851703757710758 0.348377 0.05
665.5 0 9 0.6550750000000001 1.8909363508644923 0.34642889999999993 0.05
666.0 0 9 0.6534000000000001 1.896767541180815 0.34448080000000003 0.05
666.5 0 9 0.6517250000000001 1.902665059423524 0.34253269999999997 0.05
667.0 0 9 0.6500500000000001 1.9086300437541805 0.3405846 0.05
667.5 0 9 0.648375 1.9146636585247012 0.33863650000000006 0.05
668.0 0 9 0.6467 1.9207670950350533 0.3366884 0.05
668.5 0 9 0.6450250000000001 1.9269415723174057 0.3347403 0.05
669.0 0 9 0.6433500000000001 1.933188337947825 0.3327922 0.05
669.5 0 9 0.6416750000000001 1.939508668886645 0.33084410000000003 0.05
670.0 0 9 0.6400000000000001 1.9459038723487063 0.328896 0.05
670.5 0 9 0.638325 1.9523752867047013 0.3269479 0.05
671.0 0 9 0.63665 1.958924282414943 0.3249998 0.05
671.5 0 9 0.6349750000000001 1.9655522629969138 0.3230517 0.05
672.0 0 9 0.6333000000000001 1.9722606660280362 0.3211036 0.05
672.5 0 9 0.6316250000000001 1.9790509641851701 0.3191555 0.05
673.0 0 9 0.6299500000000001 1.9859246663224126 0.3172074 0.05
673.5 0 9 0.6282750000000001 1.9928833185888573 0.3152593 0.05
674.0 0 9 0.6266 1.9999285055880545 0.31331119999999996 0.05
674.5 0 9 0.6249250000000001 2.007061851581 0.31136309999999995 0.05
675.0 0 9 0.6232500000000001 2.014285021734564 0.30941499999999994 0.05
675.5 0 9 0.6215750000000001 2.021599723417383 0.3074669 0.05
676.0 0 9 0.6199000000000001 2.0290077075453294 0.30551880000000003 0.05
676.5 0 9 0.618225 2.036510769978789 0.3035707 0.05
677.0 0 9 0.61655 2.0441107529740807 0.3016226 0.05
677.5 0 9 0.6148750000000001 2.051809546691494 0.2996745 0.05
678.0 0 9 0.6132000000000001 2.059609090762526 0.2977264 0.05
678.5 0 9 0.6115250000000001 2.0675113759190586 0.2957783 0.05
679.0 0 9 0.6098500000000001 2.0755184456873397 0.2938302 0.05
679.5 0 9 0.6081750000000001 2.0836323981498013 0.2918821 0.05
680.0 0 9 0.6065 2.0918553877779082 0.28993399999999997 0.05
680.5 0 9 0.6048250000000001 2.100189627339394 0.2879859 0.05
681.0 0 9 0.6031500000000001 2.108637389883435 0.2860378 0.05
681.5 0 9 0.6014750000000001 2.117201010807502 0.28408970000000006 0.05
682.0 0 9 0.5998000000000001 2.1258828900098394 0.2821416 0.05
682.5 0 9 0.5981250000000001 2.1346854941317344 0.2801935 0.05
683.0 0 9 0.59645 2.1436113588939834 0.27824540000000003 0.05
683.5 0 9 0.594775 2.152663091532201 0.2762973 0.05
684.0 0 9 0.5931000000000001 2.16184337333588 0.2743492 0.05
684.5 0 9 0.5914250000000001 2.171154962296408 0.2724011 0.05
685.0 0 9 0.5897500000000001 2.180600695869523 0.270453 0.05
685.5 0 9 0.5880750000000001 2.190183493858027 0.2685049 0.05
686.0 0 9 0.5864 2.199906361420905 0.26655680000000004 0.05
686.5 0 9 0.584725 2.209772392215373 0.26460870000000003 0.05
687.0 0 9 0.5830500000000001 2.2197847716787367 0.2626606 0.05
687.5 0 9 0.5813750000000001 2.2299467804574005 0.2607125 0.05
688.0 0 9 0.5797000000000001 2.2402617979907595 0.2587644 0.05
688.5 0 9 0.5780250000000001 2.2507333062582093 0.2568163 0.05
689.0 0 9 0.5763500000000001 2.261364893697998 0.2548682 0.05
689.5 0 9 0.574675 2.272160259307188 0.25292010000000004 0.05
690.0 0 9 0.5730000000000001 2.2831232169325664 0.25097200000000003 0.05
690.5 0 9 0.5713250000000001 2.2942576997629547 0.24902390000000002 0.05
691.0 0 9 0.5696500000000001 2.3055677650340507 0.24707579999999998 0.05
691.5 0 9 0.5679750000000001 2.317057598957605 0.24512769999999998 0.05
692.0 0 9 0.5663 2.328731521887527 0.24317960000000002 0.05
692.5 0 9 0.5646250000000002 2.340593993736308 0.2412315 0.05
693.0 0 9 0.5629500000000001 2.352649619656023 0.23928340000000003 0.05
693.5 0 9 0.5612750000000001 2.3649031559991287 0.23733530000000003 0.05
694.0 0 9 0.5596000000000001 2.3773595165752432 0.2353872 0.05
694.5 0 9 0.5579250000000001 2.390023779221219 0.23343910000000004 0.05
695.0 0 9 0.5562500000000001 2.4029011927029567 0.231491 0.05
695.5 0 9 0.554575 2.4159971839686616 0.22954289999999997 0.05
696.0 0 9 0.5529000000000001 2.429317365774614 0.22759479999999999 0.05
696.5 0 9 0.5512250000000001 2.44286754470595 0.2256467 0.05
697.0 0 9 0.5495500000000001 2.4566537296165465 0.22369860000000005 0.05
697.5 0 9 0.5478750000000001 2.4706821405137758 0.22175050000000004 0.05
698.0 0 9 0.5462 2.484959217915728 0.21980239999999998 0.05
698.5 0 9 0.5445250000000001 2.4994916327104866 0.2178543 0.05
699.0 0 9 0.54285 2.51428629654915 0.2159062 0.05
699.5 0 9 0.5411750000000001 2.529350372806638 0.21395810000000004 0.05
700.0 0 9 0.5395000000000001 2.544691288146786 0.21201 0.05
700.5 0 9 0.5378250000000001 2.5437196268312587 0.2114325 0.05
701.0 0 9 0.5361500000000001 2.5427426430485407 0.21085500000000004 0.05
701.5 0 9 0.534475 2.541760292946226 0.2102775 0.05
702.0 0 9 0.5328 2.5407725321888415 0.2097 0.05
702.5 0 9 0.5311250000000001 2.539779315951177 0.20912250000000002 0.05
703.0 0 9 0.5294500000000001 2.538780598911506 0.208545 0.05
703.5 0 9 0.5277750000000001 2.5377763352446903 0.20796749999999997 0.05
704.0 0 9 0.5261000000000001 2.5367664786151702 0.20739 0.05
704.5 0 9 0.524425 2.53575098216984 0.20681250000000004 0.05
705.0 0 9 0.52275 2.5347297985308024 0.206235 0.05
705.5 0 9 0.5210750000000001 2.5337028797879975 0.2056575 0.05
706.0 0 9 0.5194000000000001 2.5326701774917106 0.20508 0.05
706.5 0 9 0.5177250000000001 2.531631642644956 0.2045025 0.05
707.0 0 9 0.5160500000000001 2.5305872256957223 0.203925 0.05
707.5 0 9 0.514375 2.5295368765290944 0.20334750000000001 0.05
708.0 0 9 0.5127 2.5284805444592395 0.20277 0.05
708.5 0 9 0.5110250000000001 2.5274181782212497 0.20219250000000002 0.05
709.0 0 9 0.5093500000000001 2.52634972596285 0.20161500000000002 0.05
709.5 0 9 0.5076750000000001 2.525275135235964 0.2010375 0.05
710.0 0 9 0.5060000000000001 2.524194352988128 0.20046 0.05
710.5 0 9 0.504325 2.5231073255537626 0.19988250000000002 0.05
711.0 0 9 0.50265 2.5220139986452925 0.19930499999999998 0.05
711.5 0 9 0.5009750000000001 2.520914317344102 0.1987275 0.05
712.0 0 9 0.4993000000000001 2.5198082260913455 0.19815 0.05
712.5 0 9 0.4976250000000001 2.518695668678587 0.1975725 0.05
713.0 0 9 0.49595000000000006 2.5175765882382803 0.196995 0.05
713.5 0 9 0.4942750000000001 2.516450927234081 0.1964175 0.05
714.0 0 9 0.49260000000000004 2.5153186274509802 0.19584000000000001 0.05
714.5 0 9 0.49092500000000006 2.5141796299852763 0.1952625 0.05
715.0 0 9 0.4892500000000001 2.5130338752343535 0.194685 0.05
715.5 0 9 0.4875750000000001 2.5118813028862874 0.19410750000000002 0.05
716.0 0 9 0.48590000000000005 2.510721851909265 0.19352999999999998 0.05
716.5 0 9 0.48422500000000007 2.509555460540807 0.1929525 0.05
717.0 0 9 0.48255000000000003 2.5083820662768033 0.192375 0.05
717.5 0 9 0.48087500000000005 2.5072016058603475 0.1917975 0.05
718.0 0 9 0.47920000000000007 2.5060140152703694 0.19122 0.05
718.5 0 9 0.47752500000000003 2.5048192297100598 0.19064249999999996 0.05
719.0 0 9 0.47585000000000005 2.503617183595086 0.190065 0.05
719.5 0 9 0.47417500000000007 2.502407810541593 0.1894875 0.05
720.0 0 9 0.47250000000000003 2.501191043353978 0.18891 0.05
720.5 0 9 0.47082500000000005 2.4999668140124514 0.1883325 0.05
721.0 0 9 0.46915000000000007 2.4987350536603556 0.187755 0.05
721.5 0 9 0.4674750000000001 2.4974956925912575 0.1871775 0.05
722.0 0 9 0.46580000000000005 2.4962486602357985 0.18660000000000002 0.05
722.5 0 9 0.46412500000000007 2.4949938851483022 0.18602249999999998 0.05
723.0 0 9 0.46245 2.493731294993125 0.185445 0.05
723.5 0 9 0.46077500000000005 2.4924608165307585 0.18486750000000005 0.05
724.0 0 9 0.45910000000000006 2.4911823756036684 0.18429 0.05
724.5 0 9 0.457425 2.489895897121862 0.1837125 0.05
725.0 0 9 0.45575000000000004 2.488601305048189 0.183135 0.05
725.5 0 9 0.45407500000000006 2.487298522383359 0.1825575 0.05
726.0 0 9 0.4524 2.485987471150676 0.18198 0.05
726.5 0 9 0.45072500000000004 2.4846680723804804 0.1814025 0.05
727.0 0 9 0.44905000000000006 2.4833402460942904 0.180825 0.05
727.5 0 9 0.447375 2.4820039112886447 0.1802475 0.05
728.0 0 9 0.44570000000000004 2.480658985918629 0.17967 0.05
728.5 0 9 0.44402500000000006 2.4793053868810815 0.1790925 0.05
729.0 0 9 0.44235 2.4779430299974794 0.178515 0.05
729.5 0 9 0.44067500000000004 2.476571829996488 0.1779375 0.05
730.0 0 9 0.43900000000000006 2.475191700496166 0.17736000000000002 0.05
730.5 0 9 0.437325 2.47380255398583 0.1767825 0.05
731.0 0 9 0.43565000000000004 2.472404301807554 0.176205 0.05
731.5 0 9 0.433975 2.470996854137308 0.17562749999999996 0.05
732.0 0 9 0.4323 2.469580119965724 0.17505 0.05
732.5 0 9 0.43062500000000004 2.4681540070784798 0.17447249999999997 0.05
733.0 0 9 0.42895000000000005 2.4667184220362866 0.17389500000000002 0.05
733.5 0 9 0.427275 2.4652732701544853 0.1733175 0.05
734.0 0 9 0.42560000000000003 2.4638184554822278 0.17274 0.05
734.5 0 9 0.423925 2.462353880781239 0.1721625 0.05
735.0 0 9 0.42225 2.4608794475041527 0.171585 0.05
735.5 0 9 0.42057500000000003 2.459395055772408 0.1710075 0.05
736.0 0 9 0.41890000000000005 2.4579006043536937 0.17043000000000003 0.05
736.5 0 9 0.417225 2.4563959906389368 0.16985250000000002 0.05
737.0 0 9 0.41555000000000003 2.4548811106188158 0.169275 0.05
737.5 0 9 0.413875 2.4533558588597932 0.1686975 0.05
738.0 0 9 0.4122 2.4518201284796577 0.16812 0.05
738.5 0 9 0.41052500000000003 2.450273811122551 0.1675425 0.05
739.0 0 9 0.40885000000000005 2.448716796933489 0.16696500000000003 0.05
739.5 0 9 0.407175 2.4471489745323414 0.16638750000000002 0.05
740.0 0 9 0.4055 2.4455702309872747 0.16581 0.05
740.5 0 9 0.403825 2.4439804517876325 0.1652325 0.05
741.0 0 9 0.40215 2.442379520816252 0.164655 0.05
741.5 0 9 0.400475 2.44076732032119 0.1640775 0.05
742.0 0 9 0.39880000000000004 2.43914373088685 0.1635 0.05
742.5 0 9 0.397125 2.4375086314045022 0.1629225 0.05
743.0 0 9 0.39545 2.435861899042163 0.16234500000000004 0.05
743.5 0 9 0.393775 2.4342034092138407 0.1617675 0.05
744.0 0 9 0.3921 2.432533035548111 0.16119 0.05
744.5 0 9 0.390425 2.43085064985602 0.1606125 0.05
745.0 0 9 0.38875000000000004 2.429156122098291 0.160035 0.05
745.5 0 9 0.387075 2.4274493203518177 0.15945750000000003 0.05
746.0 0 9 0.38539999999999996 2.4257301107754277 0.15888000000000002 0.05
746.5 0 9 0.383725 2.423998357574896 0.1583025 0.05
747.0 0 9 0.38205 2.4222539229671898 0.157725 0.05
747.5 0 9 0.380375 2.4204966671439254 0.1571475 0.05
748.0 0 9 0.37870000000000004 2.4187264482340174 0.15656999999999996 0.05
748.5 0 9 0.377025 2.4169431222654936 0.1559925 0.05
749.0 0 9 0.37534999999999996 2.415146543126468 0.15541499999999997 0.05
749.5 0 9 0.373675 2.413336562525228 0.1548375 0.05
750.0 0 9 0.372 2.411513029949436 0.15426 0.05
750.5 0 9 0.370325 2.4096757926244043 0.1536825 0.05
751.0 0 9 0.36865 2.407824695470429 0.15310499999999996 0.05
751.5 0 9 0.366975 2.405959581059153 0.1525275 0.05
752.0 0 9 0.3653 2.4040802895689373 0.15195 0.05
752.5 0 9 0.363625 2.4021866587392027 0.1513725 0.05
753.0 0 9 0.36195 2.400278523823734 0.150795 0.05
753.5 0 9 0.360275 2.3983557175428962 0.1502175 0.05
754.0 0 9 0.3586 2.39641807003475 0.14964 0.05
754.5 0 9 0.356925 2.3944654088050314 0.1490625 0.05
755.0 0 9 0.35525 2.3924975586759607 0.148485 0.05
755.5 0 9 0.353575 2.3905143417338532 0.14790750000000003 0.05
756.0 0 9 0.3519 2.388515577275504 0.14733000000000002 0.05
756.5 0 9 0.350225 2.386501081753292 0.1467525 0.05
757.0 0 9 0.34854999999999997 2.384470668719001 0.146175 0.05
757.5 0 9 0.346875 2.3824241487662907 0.1455975 0.05
758.0 0 9 0.3452 2.3803613294717967 0.14502 0.05
758.5 0 9 0.34352499999999997 2.3782820153348214 0.14444250000000003 0.05
759.0 0 9 0.34185 2.376186007715566 0.14386500000000005 0.05
759.5 0 9 0.340175 2.3740731047718744 0.14328750000000004 0.05
760.0 0 9 0.3385 2.3719431013944363 0.14271 0.05
760.5 0 9 0.336825 2.3697957891404147 0.1421325 0.05
761.0 0 9 0.33515 2.3676309561654483 0.141555 0.05
761.5 0 9 0.33347499999999997 2.365448387153978 0.1409775 0.05
762.0 0 9 0.3318 2.363247863247863 0.14040000000000002 0.05
762.5 0 9 0.330125 2.361029161973216 0.1398225 0.05
763.0 0 9 0.32845 2.3587920571654277 0.139245 0.05
763.5 0 9 0.326775 2.356536318892314 0.1386675 0.05
764.0 0 9 0.3251 2.354261713375335 0.13809 0.05
764.5 0 9 0.323425 2.3519680029088263 0.1375125 0.05
765.0 0 9 0.32175 2.3496549457771936 0.136935 0.05
765.5 0 9 0.320075 2.347322296169994 0.13635750000000002 0.05
766.0 0 9 0.3184 2.3449698040948594 0.13578 0.05
766.5 0 9 0.316725 2.3425972152881784 0.1352025 0.05
767.0 0 9 0.31505 2.340204271123491 0.134625 0.05
767.5 0 9 0.313375 2.3377907085175034 0.13404749999999999 0.05
768.0 0 9 0.3117 2.33535625983367 0.13347 0.05
768.5 0 9 0.310025 2.3329006527832643 0.13289250000000002 0.05
769.0 0 9 0.30835 2.330423610323848 0.13231500000000002 0.05
769.5 0 9 0.306675 2.327924850555081 0.1317375 0.05
770.0 0 9 0.305 2.325404086611772 0.13116 0.05
770.5 0 9 0.303325 2.3228610265540945 0.1305825 0.05
771.0 0 9 0.30165 2.3202953732548743 0.130005 0.05
771.5 0 9 0.299975 2.3177068242838654 0.1294275 0.05
772.0 0 9 0.2983 2.3150950717889014 0.12885000000000002 0.05
772.5 0 9 0.296625 2.3124598023738527 0.12827249999999998 0.05
773.0 0 9 0.29495 2.3098006969732565 0.127695 0.05
773.5 0 9 0.293275 2.3071174307235434 0.1271175 0.05
774.0 0 9 0.29159999999999997 2.3044096728307255 0.12653999999999999 0.05
774.5 0 9 0.289925 2.3016770864344545 0.1259625 0.05
775.0 0 9 0.28825 2.298919328468317 0.12538500000000002 0.05
775.5 0 9 0.286575 2.2961360495162553 0.12480749999999999 0.05
776.0 0 9 0.2849 2.293326893664976 0.12423 0.05
776.5 0 9 0.283225 2.290491498352237 0.12365250000000001 0.05
777.0 0 9 0.28154999999999997 2.287629494210847 0.123075 0.05
777.5 0 9 0.279875 2.284740504908263 0.12249750000000001 0.05
778.0 0 9 0.2782 2.281824146981627 0.12192 0.05
778.5 0 9 0.276525 2.2788800296680884 0.1213425 0.05
779.0 0 9 0.27485 2.275907754730261 0.12076500000000001 0.05
779.5 0 9 0.273175 2.272906916276651 0.12018750000000002 0.05
780.0 0 9 0.27149999999999996 2.2698771005768745 0.11961000000000001 0.05
780.5 0 9 0.269825 2.2668178858715056 0.11903249999999999 0.05
781.0 0 9 0.26815 2.263728842176354 0.11845499999999999 0.05
781.5 0 9 0.266475 2.2606095310809953 0.1178775 0.05
782.0 0 9 0.2648 2.257459505541347 0.11729999999999999 0.05
782.5 0 9 0.263125 2.254278309666088 0.1167225 0.05
783.0 0 9 0.26144999999999996 2.2510654784967064 0.116145 0.05
783.5 0 9 0.259775 2.2478205377809504 0.1155675 0.05
784.0 0 9 0.2581 2.2445430037394556 0.11499 0.05
784.5 0 9 0.256425 2.241232382825303 0.11441250000000001 0.05
785.0 0 9 0.25475 2.2378881714762593 0.11383499999999999 0.05
785.5 0 9 0.253075 2.234509855859435 0.11325750000000002 0.05
786.0 0 9 0.2514 2.231096911608094 0.11267999999999999 0.05
786.5 0 9 0.24972499999999997 2.2276488035503217 0.11210250000000001 0.05
787.0 0 9 0.24805 2.224164985429276 0.111525 0.05
787.5 0 9 0.24637499999999998 2.2206448996146824 0.1109475 0.05
788.0 0 9 0.2447 2.217087976805291 0.11037000000000001 0.05
788.5 0 9 0.243025 2.21349363572193 0.1097925 0.05
789.0 0 9 0.24134999999999998 2.209861282790825 0.109215 0.05
789.5 0 9 0.239675 2.206190311816822 0.1086375 0.05
790.0 0 9 0.238 2.2024801036461223 0.10806 0.05
790.5 0 9 0.23632499999999998 2.198730025818156 0.10748250000000001 0.05
791.0 0 9 0.23465 2.1949394322061644 0.10690499999999999 0.05
791.5 0 9 0.232975 2.1911076626460697 0.1063275 0.05
792.0 0 9 0.2313 2.1872340425531913 0.10575000000000001 0.05
792.5 0 9 0.229625 2.1833178825263255 0.10517250000000002 0.05
793.0 0 9 0.22794999999999999 2.179358477938716 0.10459500000000001 0.05
793.5 0 9 0.226275 2.175355108515394 0.1040175 0.05
794.0 0 9 0.2246 2.171307037896365 0.10344 0.05
794.5 0 9 0.22292499999999998 2.167213513185077 0.10286250000000001 0.05
795.0 0 9 0.22125 2.1630737644815956 0.102285 0.05
795.5 0 9 0.219575 2.158887004399872 0.1017075 0.05
796.0 0 9 0.21789999999999998 2.154652427568476 0.10112999999999998 0.05
796.5 0 9 0.216225 2.1503692101141194 0.1005525 0.05
797.0 0 9 0.21455 2.1460365091272817 0.099975 0.05
797.5 0 9 0.21287499999999998 2.1416534621092076 0.0993975 0.05
798.0 0 9 0.2112 2.137219186399514 0.09882 0.05
798.5 0 9 0.209525 2.1327327785836068 0.0982425 0.05
799.0 0 9 0.20784999999999998 2.128193313879076 0.097665 0.05
799.5 0 9 0.206175 2.123599845500193 0.09708750000000001 0.05
800.0 0 9 0.2045 2.1189514039995854 0.09651 0.05
800.5 0 9 0.2041535 2.117502520422684 0.0964124 0.05
801.0 0 9 0.203807 2.116050700411567 0.0963148 0.05
801.5 0 9 0.2034605 2.114595935030327 0.0962172 0.05
802.0 0 9 0.203114 2.1131382153067637 0.09611959999999999 0.05
802.5 0 9 0.2027675 2.111677532232197 0.096022 0.05
803.0 0 9 0.202421 2.110213876761283 0.09592439999999998 0.05
803.5 0 9 0.2020745 2.108747239811827 0.0958268 0.05
804.0 0 9 0.201728 2.107277612264596 0.09572920000000001 0.05
804.5 0 9 0.2013815 2.1058049849631293 0.0956316 0.05
805.0 0 9 0.201035 2.1043293487135473 0.09553399999999998 0.05
805.5 0 9 0.2006885 2.1028506942843608 0.0954364 0.05
806.0 0 9 0.200342 2.1013690124062814 0.0953388 0.05
806.5 0 9 0.1999955 2.099884293772023 0.0952412 0.05
807.0 0 9 0.199649 2.0983965290361097 0.0951436 0.05
807.5 0 9 0.1993025 2.096905708814679 0.095046 0.05
808.0 0 9 0.198956 2.0954118236852857 0.09494840000000002 0.05
808.5 0 9 0.1986095 2.0939148641867016 0.0948508 0.05
809.0 0 9 0.198263 2.0924148208187163 0.09475320000000001 0.05
809.5 0 9 0.1979165 2.0909116840419375 0.09465559999999999 0.05
810.0 0 9 0.19757 2.089405444277586 0.09455800000000002 0.05
810.5 0 9 0.1972235 2.0878960919072966 0.09446039999999999 0.05
811.0 0 9 0.196877 2.0863836172729084 0.0943628 0.05
811.5 0 9 0.1965305 2.0848680106762623 0.0942652 0.05
812.0 0 9 0.196184 2.0833492623789924 0.09416759999999999 0.05
812.5 0 9 0.1958375 2.0818273626023176 0.09406999999999999 0.05
813.0 0 9 0.195491 2.080302301526831 0.0939724 0.05
813.5 0 9 0.1951445 2.0787740692922916 0.0938748 0.05
814.0 0 9 0.194798 2.0772426559974067 0.09377719999999999 0.05
814.5 0 9 0.1944515 2.075708051699623 0.0936796 0.05
815.0 0 9 0.194105 2.074170246414909 0.09358199999999998 0.05
815.5 0 9 0.1937585 2.0726292301175384 0.0934844 0.05
816.0 0 9 0.193412 2.0710849927398733 0.0933868 0.05
816.5 0 9 0.1930655 2.0695375241721443 0.0932892 0.05
817.0 0 9 0.192719 2.0679868142622295 0.0931916 0.05
817.5 0 9 0.1923725 2.066432852815434 0.09309399999999998 0.05
818.0 0 9 0.192026 2.064875629594264 0.09299639999999999 0.05
818.5 0 9 0.1916795 2.0633151343182043 0.0928988 0.05
819.0 0 9 0.191333 2.0617513566634913 0.0928012 0.05
819.5 0 9 0.1909865 2.0601842862628854 0.09270359999999998 0.05
820.0 0 9 0.19064 2.0586139127054404 0.092606 0.05
820.5 0 9 0.1902935 2.0570402255362756 0.0925084 0.05
821.0 0 9 0.189947 2.0554632142563425 0.09241079999999999 0.05
821.5 0 9 0.1896005 2.0538828683221904 0.0923132 0.05
822.0 0 9 0.189254 2.0522991771457324 0.0922156 0.05
822.5 0 9 0.1889075 2.0507121300940097 0.092118 0.05
823.0 0 9 0.18856099999999998 2.049121716488952 0.0920204 0.05
823.5 0 9 0.1882145 2.04752792560714 0.0919228 0.05
824.0 0 9 0.18786799999999998 2.0459307466795607 0.0918252 0.05
824.5 0 9 0.1875215 2.0443301688913698 0.0917276 0.05
825.0 0 9 0.18717499999999998 2.042726181381643 0.09163000000000002 0.05
825.5 0 9 0.1868285 2.0411187732431357 0.0915324 0.05
826.0 0 9 0.18648199999999998 2.0395079335220285 0.0914348 0.05
826.5 0 9 0.1861355 2.0378936512176855 0.09133720000000001 0.05
827.0 0 9 0.18578899999999998 2.036275915282399 0.0912396 0.05
827.5 0 9 0.1854425 2.0346547146211407 0.09114200000000001 0.05
828.0 0 9 0.18509599999999998 2.033030038091305 0.09104439999999998 0.05
828.5 0 9 0.1847495 2.0314018745024565 0.0909468 0.05
829.0 0 9 0.18440299999999998 2.029770212616071 0.0908492 0.05
829.5 0 9 0.18405649999999998 2.02813504114528 0.0907516 0.05
830.0 0 9 0.18370999999999998 2.0264963487546055 0.090654 0.05
830.5 0 9 0.18336349999999998 2.024854124059702 0.0905564 0.05
831.0 0 9 0.18301699999999999 2.0232083556270917 0.09045880000000002 0.05
831.5 0 9 0.18267049999999999 2.0215590319739003 0.0903612 0.05
832.0 0 9 0.18232399999999999 2.0199061415675863 0.0902636 0.05
832.5 0 9 0.1819775 2.018249672825677 0.090166 0.05
833.0 0 9 0.181631 2.016589614115494 0.0900684 0.05
833.5 0 9 0.1812845 2.014925953753884 0.0899708 0.05
834.0 0 9 0.180938 2.013258680006943 0.0898732 0.05
834.5 0 9 0.1805915 2.011587781089739 0.08977560000000001 0.05
835.0 0 9 0.180245 2.009913245166038 0.08967800000000001 0.05
835.5 0 9 0.1798985 2.008235060348022 0.0895804 0.05
836.0 0 9 0.179552 2.0065532146960083 0.0894828 0.05
836.5 0 9 0.1792055 2.0048676962181657 0.0893852 0.05
837.0 0 9 0.178859 2.0031784928702305 0.0892876 0.05
837.5 0 9 0.1785125 2.001485592555219 0.08919 0.05
838.0 0 9 0.178166 1.9997889831231395 0.0890924 0.05
838.5 0 9 0.1778195 1.9980886523707002 0.0889948 0.05
839.0 0 9 0.177473 1.9963845880410183 0.0888972 0.05
839.5 0 9 0.1771265 1.9946767778233232 0.0887996 0.05
840.0 0 9 0.17678 1.9929652093526637 0.08870200000000002 0.05
840.5 0 9 0.1764335 1.9912498702096058 0.08860440000000001 0.05
841.0 0 9 0.176087 1.9895307479199338 0.0885068 0.05
841.5 0 9 0.1757405 1.9878078299543487 0.0884092 0.05
842.0 0 9 0.175394 1.9860811037281625 0.0883116 0.05
842.5 0 9 0.1750475 1.984350556600993 0.088214 0.05
843.0 0 9 0.174701 1.9826161758764542 0.08811640000000001 0.05
843.5 0 9 0.1743545 1.9808779488018466 0.08801880000000001 0.05
844.0 0 9 0.174008 1.9791358625678448 0.0879212 0.05
844.5 0 9 0.1736615 1.9773899043081813 0.0878236 0.05
845.0 0 9 0.173315 1.975640061099332 0.087726 0.05
845.5 0 9 0.1729685 1.9738863199601957 0.08762839999999998 0.05
846.0 0 9 0.172622 1.972128667851773 0.0875308 0.05
846.5 0 9 0.1722755 1.9703670916768459 0.0874332 0.05
847.0 0 9 0.171929 1.9686015782796478 0.0873356 0.05
847.5 0 9 0.1715825 1.9668321144455398 0.08723800000000001 0.05
848.0 0 9 0.171236 1.9650586869006796 0.0871404 0.05
848.5 0 9 0.1708895 1.9632812823116903 0.0870428 0.05
849.0 0 9 0.170543 1.9614998872853247 0.0869452 0.05
849.5 0 9 0.1701965 1.95971448836813 0.08684760000000001 0.05
850.0 0 9 0.16985 1.9579250720461097 0.08675 0.05
850.5 0 9 0.1695035 1.956131624744381 0.0866524 0.05
851.0 0 9 0.169157 1.9543341328268333 0.0865548 0.05
851.5 0 9 0.1688105 1.9525325825957816 0.08645719999999998 0.05
852.0 0 9 0.168464 1.9507269602916177 0.0863596 0.05
852.5 0 9 0.1681175 1.9489172520924625 0.08626199999999999 0.05
853.0 0 9 0.167771 1.9471034441138104 0.0861644 0.05
853.5 0 9 0.1674245 1.945285522408176 0.0860668 0.05
854.0 0 9 0.167078 1.9434634729647364 0.0859692 0.05
854.5 0 9 0.1667315 1.94163728170897 0.0858716 0.05
855.0 0 9 0.166385 1.9398069345022968 0.085774 0.05
855.5 0 9 0.1660385 1.93797241714171 0.08567639999999999 0.05
856.0 0 9 0.165692 1.9361337153594116 0.0855788 0.05
856.5 0 9 0.1653455 1.9342908148224405 0.0854812 0.05
857.0 0 9 0.164999 1.9324437011323017 0.0853836 0.05
857.5 0 9 0.1646525 1.9305923598245902 0.085286 0.05
858.0 0 9 0.164306 1.9287367763686136 0.0851884 0.05
858.5 0 9 0.1639595 1.9268769361670124 0.0850908 0.05
859.0 0 9 0.163613 1.9250128245553761 0.08499320000000002 0.05
859.5 0 9 0.1632665 1.9231444268018603 0.0848956 0.05
860.0 0 9 0.16292 1.921271728106795 0.084798 0.05
860.5 0 9 0.1625735 1.9193947136022969 0.08470040000000001 0.05
861.0 0 9 0.162227 1.9175133683518748 0.08460280000000002 0.05
861.5 0 9 0.1618805 1.915627677350033 0.0845052 0.05
862.0 0 9 0.161534 1.9137376255218725 0.0844076 0.05
862.5 0 9 0.16118749999999998 1.91184319772269 0.08431000000000001 0.05
863.0 0 9 0.160841 1.9099443787375732 0.08421239999999999 0.05
863.5 0 9 0.16049449999999998 1.908041153280992 0.0841148 0.05
864.0 0 9 0.16014799999999998 1.906133505996391 0.0840172 0.05
864.5 0 9 0.15980149999999999 1.9042214214557742 0.0839196 0.05
865.0 0 9 0.15945499999999999 1.9023048841592896 0.08382200000000001 0.05
865.5 0 9 0.15910849999999999 1.9003838785348115 0.0837244 0.05
866.0 0 9 0.158762 1.8984583889375175 0.0836268 0.05
866.5 0 9 0.1584155 1.8965283996494637 0.08352920000000001 0.05
867.0 0 9 0.158069 1.8945938948791585 0.0834316 0.05
867.5 0 9 0.1577225 1.8926548587611296 0.083334 0.05
868.0 0 9 0.157376 1.8907112753554933 0.0832364 0.05
868.5 0 9 0.1570295 1.8887631286475146 0.0831388 0.05
869.0 0 9 0.156683 1.886810402547169 0.08304120000000001 0.05
869.5 0 9 0.1563365 1.8848530808887 0.0829436 0.05
870.0 0 9 0.15599 1.8828911474301715 0.082846 0.05
870.5 0 9 0.1556435 1.8809245858530195 0.08274839999999999 0.05
871.0 0 9 0.155297 1.8789533797615994 0.0826508 0.05
871.5 0 9 0.1549505 1.8769775126827304 0.08255320000000001 0.05
872.0 0 9 0.154604 1.8749969680652374 0.0824556 0.05
872.5 0 9 0.1542575 1.873011729279487 0.082358 0.05
873.0 0 9 0.153911 1.8710217796169237 0.0822604 0.05
873.5 0 9 0.1535645 1.8690271022896003 0.08216280000000001 0.05
874.0 0 9 0.153218 1.867027680429707 0.0820652 0.05
874.5 0 9 0.1528715 1.8650234970890935 0.0819676 0.05
875.0 0 9 0.152525 1.8630145352387932 0.08186999999999998 0.05
875.5 0 9 0.1521785 1.861000777768538 0.08177240000000001 0.05
876.0 0 9 0.151832 1.8589822074862747 0.0816748 0.05
876.5 0 9 0.1514855 1.856958807117675 0.0815772 0.05
877.0 0 9 0.151139 1.8549305593056422 0.0814796 0.05
877.5 0 9 0.1507925 1.8528974466098151 0.08138200000000001 0.05
878.0 0 9 0.150446 1.85085945150607 0.08128439999999999 0.05
878.5 0 9 0.1500995 1.8488165563860133 0.0811868 0.05
879.0 0 9 0.149753 1.8467687435564786 0.08108919999999999 0.05
879.5 0 9 0.1494065 1.8447159952390124 0.08099160000000001 0.05
880.0 0 9 0.14906 1.8426582935693623 0.080894 0.05
880.5 0 9 0.1487135 1.8405956205969571 0.0807964 0.05
881.0 0 9 0.148367 1.8385279582843859 0.0806988 0.05
881.5 0 9 0.1480205 1.836455288506871 0.08060119999999998 0.05
882.0 0 9 0.147674 1.8343775930517392 0.08050360000000001 0.05
882.5 0 9 0.1473275 1.8322948536178891 0.080406 0.05
883.0 0 9 0.146981 1.8302070518152522 0.0803084 0.05
883.5 0 9 0.1466345 1.8281141691642522 0.0802108 0.05
884.0 0 9 0.146288 1.8260161870952603 0.0801132 0.05
884.5 0 9 0.1459415 1.823913086948045 0.0800156 0.05
885.0 0 9 0.145595 1.8218048499712205 0.07991799999999999 0.05
885.5 0 9 0.1452485 1.8196914573216871 0.0798204 0.05
886.0 0 9 0.144902 1.8175728900640717 0.07972280000000001 0.05
886.5 0 9 0.1445555 1.815449129170162 0.07962520000000001 0.05
887.0 0 9 0.14420899999999998 1.8133201555183354 0.0795276 0.05
887.5 0 9 0.1438625 1.8111859498929876 0.07943 0.05
888.0 0 9 0.14351599999999998 1.809046492983951 0.0793324 0.05
888.5 0 9 0.1431695 1.806901765385916 0.07923480000000001 0.05
889.0 0 9 0.14282299999999998 1.8047517475978423 0.0791372 0.05
889.5 0 9 0.1424765 1.8025964200223685 0.0790396 0.05
890.0 0 9 0.14212999999999998 1.8004357629652148 0.078942 0.05
890.5 0 9 0.14178349999999998 1.7982697566345862 0.07884440000000001 0.05
891.0 0 9 0.14143699999999998 1.7960983811405666 0.0787468 0.05
891.5 0 9 0.14109049999999998 1.7939216164945095 0.0786492 0.05
892.0 0 9 0.14074399999999998 1.7917394426084252 0.07855160000000001 0.05
892.5 0 9 0.14039749999999998 1.7895518392943635 0.078454 0.05
893.0 0 9 0.14005099999999998 1.7873587862637892 0.0783564 0.05
893.5 0 9 0.13970449999999998 1.7851602631269579 0.07825880000000002 0.05
894.0 0 9 0.13935799999999998 1.7829562493922813 0.07816120000000001 0.05
894.5 0 9 0.13901149999999998 1.7807467244656916 0.07806360000000001 0.05
895.0 0 9 0.13866499999999998 1.778531667650001 0.077966 0.05
895.5 0 9 0.13831849999999998 1.7763110581442534 0.07786839999999999 0.05
896.0 0 9 0.13797199999999998 1.774084875043075 0.07777079999999999 0.05
896.5 0 9 0.13762549999999998 1.771853097336018 0.0776732 0.05
897.0 0 9 0.13727899999999998 1.7696157039068983 0.07757560000000001 0.05
897.5 0 9 0.13693249999999998 1.7673726735331317 0.07747800000000002 0.05
898.0 0 9 0.13658599999999999 1.765123984885061 0.0773804 0.05
898.5 0 9 0.13623949999999999 1.762869616525281 0.0772828 0.05
899.0 0 9 0.13589299999999999 1.7606095469079561 0.07718520000000001 0.05
899.5 0 9 0.1355465 1.7583437543781357 0.0770876 0.05
900.0 0 9 0.1352 1.756072217171061 0.07699 0.05
900.5 0 9 0.1348535 1.7520017253228808 0.0769711 0.05
901.0 0 9 0.134507 1.7479292339920105 0.0769522 0.05
901.5 0 9 0.1341605 1.7438547417048273 0.0769333 0.05
902.0 0 9 0.133814 1.7397782469862597 0.07691440000000001 0.05
902.5 0 9 0.1334675 1.7356997483597867 0.0768955 0.05
903.0 0 9 0.133121 1.7316192443474345 0.0768766 0.05
903.5 0 9 0.1327745 1.7275367334697758 0.07685770000000001 0.05
904.0 0 9 0.132428 1.7234522142459276 0.07683880000000001 0.05
904.5 0 9 0.1320815 1.7193656851935502 0.07681989999999998 0.05
905.0 0 9 0.131735 1.715277144828843 0.07680100000000001 0.05
905.5 0 9 0.1313885 1.711186591666547 0.0767821 0.05
906.0 0 9 0.131042 1.7070940242199386 0.0767632 0.05
906.5 0 9 0.1306955 1.70299944100083 0.0767443 0.05
907.0 0 9 0.130349 1.6989028405195672 0.07672539999999999 0.05
907.5 0 9 0.1300025 1.694804221285028 0.07670649999999998 0.05
908.0 0 9 0.129656 1.69070358180462 0.07668760000000001 0.05
908.5 0 9 0.1293095 1.68660092058428 0.0766687 0.05
909.0 0 9 0.128963 1.6824962361284699 0.07664979999999999 0.05
909.5 0 9 0.1286165 1.6783895269401767 0.07663090000000002 0.05
910.0 0 9 0.12827 1.6742807915209106 0.076612 0.05
910.5 0 9 0.1279235 1.6701700283707017 0.0765931 0.05
911.0 0 9 0.127577 1.6660572359881003 0.07657420000000001 0.05
911.5 0 9 0.1272305 1.6619424128701734 0.0765553 0.05
912.0 0 9 0.126884 1.6578255575125038 0.0765364 0.05
912.5 0 9 0.1265375 1.6537066684091875 0.0765175 0.05
913.0 0 9 0.126191 1.6495857440528323 0.0764986 0.05
913.5 0 9 0.1258445 1.6454627829345565 0.0764797 0.05
914.0 0 9 0.125498 1.641337783543986 0.0764608 0.05
914.5 0 9 0.1251515 1.6372107443692527 0.07644190000000002 0.05
915.0 0 9 0.12480499999999999 1.633081663896994 0.076423 0.05
915.5 0 9 0.12445849999999999 1.628950540612349 0.07640410000000002 0.05
916.0 0 9 0.12411199999999999 1.6248173729989577 0.0763852 0.05
916.5 0 9 0.12376549999999999 1.6206821595389589 0.07636629999999998 0.05
917.0 0 9 0.12341899999999999 1.6165448987129882 0.07634739999999998 0.05
917.5 0 9 0.12307249999999999 1.6124055890001765 0.07632850000000001 0.05
918.0 0 9 0.12272599999999999 1.6082642288781488 0.0763096 0.05
918.5 0 9 0.12237949999999999 1.60412081682302 0.0762907 0.05
919.0 0 9 0.12203299999999999 1.599975351309396 0.0762718 0.05
919.5 0 9 0.12168649999999999 1.595827830810369 0.0762529 0.05
920.0 0 9 0.12133999999999999 1.591678253797518 0.076234 0.05
920.5 0 9 0.12099349999999999 1.5875266187409054 0.0762151 0.05
921.0 0 9 0.12064699999999999 1.5833729241090762 0.0761962 0.05
921.5 0 9 0.12030049999999999 1.5792171683690546 0.0761773 0.05
922.0 0 9 0.11995399999999999 1.5750593499863441 0.0761584 0.05
922.5 0 9 0.11960749999999999 1.570899467424924 0.0761395 0.05
923.0 0 9 0.11926099999999998 1.5667375191472477 0.0761206 0.05
923.5 0 9 0.11891449999999998 1.562573503614242 0.07610170000000001 0.05
924.0 0 9 0.11856799999999998 1.5584074192853046 0.0760828 0.05
924.5 0 9 0.11822149999999998 1.5542392646183008 0.0760639 0.05
925.0 0 9 0.11787499999999998 1.5500690380695639 0.076045 0.05
925.5 0 9 0.11752849999999998 1.5458967380938913 0.0760261 0.05
926.0 0 9 0.11718199999999998 1.541722363144544 0.0760072 0.05
926.5 0 9 0.11683549999999998 1.5375459116732444 0.0759883 0.05
927.0 0 9 0.11648899999999998 1.533367382130173 0.0759694 0.05
927.5 0 9 0.11614249999999998 1.5291867729639697 0.0759505 0.05
928.0 0 9 0.11579599999999998 1.5250040826217277 0.0759316 0.05
928.5 0 9 0.11544949999999998 1.5208193095489948 0.07591270000000001 0.05
929.0 0 9 0.11510299999999998 1.5166324521897703 0.0758938 0.05
929.5 0 9 0.11475649999999998 1.5124435089865027 0.07587489999999998 0.05
930.0 0 9 0.11440999999999998 1.5082524783800881 0.075856 0.05
930.5 0 9 0.11406349999999998 1.5040593588098699 0.07583709999999999 0.05
931.0 0 9 0.11371699999999998 1.499864148713633 0.07581820000000002 0.05
931.5 0 9 0.11337049999999999 1.4956668465276062 0.0757993 0.05
932.0 0 9 0.11302399999999999 1.4914674506864571 0.07578039999999998 0.05
932.5 0 9 0.11267749999999999 1.4872659596232913 0.0757615 0.05
933.0 0 9 0.11233099999999999 1.4830623717696512 0.07574260000000001 0.05
933.5 0 9 0.11198449999999999 1.4788566855555128 0.0757237 0.05
934.0 0 9 0.11163799999999999 1.4746488994092843 0.0757048 0.05
934.5 0 9 0.11129149999999999 1.4704390117578041 0.0756859 0.05
935.0 0 9 0.11094499999999999 1.466227021026339 0.075667 0.05
935.5 0 9 0.11059849999999999 1.4620129256385817 0.07564810000000001 0.05
936.0 0 9 0.11025199999999999 1.4577967240166494 0.07562920000000001 0.05
936.5 0 9 0.10990549999999999 1.453578414581082 0.0756103 0.05
937.0 0 9 0.10955899999999999 1.4493579957508391 0.07559140000000002 0.05
937.5 0 9 0.10921249999999999 1.4451354659432993 0.0755725 0.05
938.0 0 9 0.10886599999999999 1.4409108235742571 0.0755536 0.05
938.5 0 9 0.10851949999999999 1.4366840670579217 0.07553469999999998 0.05
939.0 0 9 0.10817299999999999 1.4324551948069146 0.07551579999999998 0.05
939.5 0 9 0.10782649999999999 1.4282242052322676 0.0754969 0.05
940.0 0 9 0.10747999999999999 1.4239910967434217 0.075478 0.05
940.5 0 9 0.10713349999999999 1.4197558677482238 0.0754591 0.05
941.0 0 9 0.10678699999999999 1.415518516652925 0.07544020000000001 0.05
941.5 0 9 0.1064405 1.4112790418621795 0.0754213 0.05
942.0 0 9 0.106094 1.4070374417790414 0.0754024 0.05
942.5 0 9 0.10574749999999998 1.4027937148049636 0.0753835 0.05
943.0 0 9 0.10540099999999998 1.3985478593397958 0.0753646 0.05
943.5 0 9 0.10505449999999998 1.3942998737817816 0.0753457 0.05
944.0 0 9 0.10470799999999998 1.3900497565275571 0.07532679999999999 0.05
944.5 0 9 0.10436149999999998 1.3857975059721488 0.0753079 0.05
945.0 0 9 0.10401499999999998 1.3815431205089719 0.07528900000000001 0.05
945.5 0 9 0.10366849999999998 1.3772865985298275 0.0752701 0.05
946.0 0 9 0.10332199999999998 1.373027938424902 0.07525119999999999 0.05
946.5 0 9 0.10297549999999998 1.3687671385827627 0.0752323 0.05
947.0 0 9 0.10262899999999998 1.3645041973903584 0.0752134 0.05
947.5 0 9 0.10228249999999998 1.3602391132330156 0.0751945 0.05
948.0 0 9 0.10193599999999998 1.3559718844944368 0.07517560000000001 0.05
948.5 0 9 0.10158949999999999 1.3517025095566992 0.0751567 0.05
949.0 0 9 0.10124299999999999 1.347430986800252 0.0751378 0.05
949.5 0 9 0.10089649999999999 1.3431573146039144 0.0751189 0.05
950.0 0 9 0.10054999999999999 1.3388814913448732 0.0751 0.05
950.5 0 9 0.10020349999999999 1.3346035153986822 0.0750811 0.05
951.0 0 9 0.09985699999999999 1.3303233851392577 0.0750622 0.05
951.5 0 9 0.09951049999999999 1.3260410989388793 0.0750433 0.05
952.0 0 9 0.09916399999999999 1.321756655168185 0.0750244 0.05
952.5 0 9 0.09881749999999999 1.3174700521961722 0.0750055 0.05
953.0 0 9 0.09847099999999999 1.3131812883901923 0.0749866 0.05
953.5 0 9 0.09812449999999999 1.3088903621159511 0.0749677 0.05
954.0 0 9 0.09777799999999999 1.304597271737506 0.0749488 0.05
954.5 0 9 0.09743149999999999 1.3003020156172636 0.0749299 0.05
955.0 0 9 0.09708499999999999 1.2960045921159775 0.07491099999999999 0.05
955.5 0 9 0.09673849999999999 1.2917049995927472 0.07489210000000002 0.05
956.0 0 9 0.09639199999999999 1.2874032364050152 0.0748732 0.05
956.5 0 9 0.09604549999999999 1.283099300908565 0.0748543 0.05
957.0 0 9 0.09569899999999999 1.2787931914575188 0.07483539999999998 0.05
957.5 0 9 0.09535249999999999 1.274484906404336 0.0748165 0.05
958.0 0 9 0.095006 1.2701744440998104 0.0747976 0.05
958.5 0 9 0.0946595 1.2658618028930697 0.0747787 0.05
959.0 0 9 0.094313 1.2615469811315707 0.0747598 0.05
959.5 0 9 0.0939665 1.257229977161099 0.07474090000000001 0.05
960.0 0 9 0.09362 1.2529107893257676 0.07472199999999998 0.05
960.5 0 9 0.0932735 1.248589415968012 0.0747031 0.05
961.0 0 9 0.092927 1.2442658554285912 0.0746842 0.05
961.5 0 9 0.09258049999999998 1.2399401060465836 0.0746653 0.05
962.0 0 9 0.09223399999999998 1.235612166159386 0.0746464 0.05
962.5 0 9 0.09188749999999998 1.23128203410271 0.0746275 0.05
963.0 0 9 0.09154099999999998 1.2269497082105814 0.07460860000000001 0.05
963.5 0 9 0.09119449999999998 1.2226151868153377 0.0745897 0.05
964.0 0 9 0.09084799999999998 1.218278468247625 0.07457079999999999 0.05
964.5 0 9 0.09050149999999998 1.2139395508363968 0.0745519 0.05
965.0 0 9 0.09015499999999999 1.2095984329089127 0.074533 0.05
965.5 0 9 0.08980849999999999 1.2052551127907334 0.0745141 0.05
966.0 0 9 0.08946199999999999 1.2009095888057215 0.0744952 0.05
966.5 0 9 0.08911549999999999 1.196561859276038 0.0744763 0.05
967.0 0 9 0.08876899999999999 1.1922119225221401 0.07445739999999999 0.05
967.5 0 9 0.08842249999999999 1.187859776862779 0.0744385 0.05
968.0 0 9 0.08807599999999999 1.183505420614999 0.0744196 0.05
968.5 0 9 0.08772949999999999 1.1791488520941333 0.0744007 0.05
969.0 0 9 0.08738299999999999 1.1747900696138032 0.0743818 0.05
969.5 0 9 0.08703649999999999 1.1704290714859156 0.0743629 0.05
970.0 0 9 0.08668999999999999 1.1660658560206607 0.074344 0.05
970.5 0 9 0.08634349999999999 1.1617004215265097 0.0743251 0.05
971.0 0 9 0.08599699999999999 1.1573327663102135 0.0743062 0.05
971.5 0 9 0.08565049999999999 1.1529628886767993 0.07428729999999999 0.05
972.0 0 9 0.08530399999999999 1.1485907869295688 0.0742684 0.05
972.5 0 9 0.08495749999999999 1.1442164593700968 0.0742495 0.05
973.0 0 9 0.08461099999999999 1.1398399042982275 0.0742306 0.05
973.5 0 9 0.08426449999999999 1.1354611200120737 0.07421169999999999 0.05
974.0 0 9 0.08391799999999999 1.1310801048080135 0.0741928 0.05
974.5 0 9 0.08357149999999999 1.1266968569806899 0.0741739 0.05
975.0 0 9 0.083225 1.1223113748230058 0.074155 0.05
975.5 0 9 0.0828785 1.1179236566261241 0.0741361 0.05
976.0 0 9 0.082532 1.1135337006794643 0.07411720000000001 0.05
976.5 0 9 0.0821855 1.1091415052707012 0.0740983 0.05
977.0 0 9 0.081839 1.1047470686857614 0.0740794 0.05
977.5 0 9 0.0814925 1.1003503892088224 0.0740605 0.05
978.0 0 9 0.081146 1.0959514651223097 0.07404159999999999 0.05
978.5 0 9 0.0807995 1.091550294706894 0.0740227 0.05
979.0 0 9 0.080453 1.0871468762414904 0.07400379999999998 0.05
979.5 0 9 0.0801065 1.0827412080032548 0.07398489999999999 0.05
980.0 0 9 0.07976 1.0783332882675822 0.073966 0.05
980.5 0 9 0.0794135 1.0739231153081052 0.0739471 0.05
981.0 0 9 0.079067 1.0695106873966902 0.0739282 0.05
981.5 0 9 0.0787205 1.0650960028034362 0.0739093 0.05
982.0 0 9 0.078374 1.060679059796672 0.0738904 0.05
982.5 0 9 0.0780275 1.0562598566429544 0.07387149999999999 0.05
983.0 0 9 0.077681 1.051838391607066 0.0738526 0.05
983.5 0 9 0.0773345 1.0474146629520125 0.0738337 0.05
984.0 0 9 0.076988 1.0429886689390204 0.0738148 0.05
984.5 0 9 0.0766415 1.0385604078275352 0.0737959 0.05
985.0 0 9 0.076295 1.0341298778752186 0.073777 0.05
985.5 0 9 0.0759485 1.0296970773379468 0.0737581 0.05
986.0 0 9 0.075602 1.025262004469807 0.0737392 0.05
986.5 0 9 0.0752555 1.0208246575230975 0.0737203 0.05
987.0 0 9 0.074909 1.0163850347483223 0.0737014 0.05
987.5 0 9 0.0745625 1.0119431343941914 0.0736825 0.05
988.0 0 9 0.074216 1.007498954707617 0.0736636 0.05
988.5 0 9 0.0738695 1.0030524939337115 0.0736447 0.05
989.0 1 9 0.073523 0.9986037503157862 0.07362579999999999 0.05
989.5 1 9 0.0731765 0.9941527220953471 0.0736069 0.05
990.0 1 9 0.07283 0.9896994075120944 0.073588 0.05
990.5 1 9 0.0724835 0.9852438048039192 0.0735691 0.05
991.0 1 9 0.072137 0.980785912206901 0.0735502 0.05
991.5 1 9 0.07179050000000001 0.9763257279553063 0.0735313 0.05
992.0 1 9 0.071444 0.9718632502815852 0.07351239999999999 0.05
992.5 1 9 0.0710975 0.9673984774163701 0.07349349999999999 0.05
993.0 1 9 0.070751 0.9629314075884726 0.07347460000000001 0.05
993.5 1 9 0.0704045 0.9584620390248816 0.0734557 0.05
994.0 1 9 0.070058 0.9539903699507604 0.0734368 0.05
994.5 1 9 0.0697115 0.9495163985894448 0.0734179 0.05
995.0 1 9 0.069365 0.9450401231624409 0.07339899999999999 0.05
995.5 1 9 0.0690185 0.9405615418894222 0.0733801 0.05
996.0 1 9 0.068672 0.9360806529882281 0.0733612 0.05
996.5 1 9 0.0683255 0.9315974546748602 0.0733423 0.05
997.0 1 9 0.067979 0.9271119451634813 0.0733234 0.05
997.5 1 9 0.0676325 0.922624122666412 0.0733045 0.05
998.0 1 9 0.067286 0.9181339853941294 0.07328559999999999 0.05
998.5 1 9 0.0669395 0.9136415315552633 0.07326669999999999 0.05
999.0 1 9 0.066593 0.909146759356595 0.07324780000000002 0.05
999.5 1 9 0.0662465 0.9046496670030548 0.07322889999999999 0.05
1000.0 1 9 0.0659 0.900150252697719 0.07321 0.05
1000.5 1 9 0.06579675 0.8994119359772977 0.07315529999999999 0.05
1001.0 1 9 0.0656935 0.898672514315888 0.07310059999999999 0.05
1001.5 1 9 0.06559025 0.897931985231204 0.07304590000000001 0.05
1002.0 1 9 0.065487 0.8971903462335187 0.07299119999999999 0.05
1002.5 1 9 0.06538375 0.8964475948256361 0.0729365 0.05
1003.0 1 9 0.0652805 0.8957037285028636 0.0728818 0.05
1003.5 1 9 0.06517725 0.8949587447529836 0.07282709999999999 0.05
1004.0 1 9 0.065074 0.8942126410562247 0.07277240000000001 0.05
1004.5 1 9 0.06497075 0.8934654148852342 0.0727177 0.05
1005.0 1 9 0.0648675 0.8927170637050493 0.072663 0.05
1005.5 1 9 0.06476425 0.8919675849730677 0.0726083 0.05
1006.0 1 9 0.064661 0.89121697613902 0.0725536 0.05
1006.5 1 9 0.06455775 0.8904652346449395 0.07249889999999999 0.05
1007.0 1 9 0.0644545 0.889712357925134 0.0724442 0.05
1007.5 1 9 0.06435125 0.888958343406157 0.0723895 0.05
1008.0 1 9 0.064248 0.8882031885067769 0.07233479999999999 0.05
1008.5 1 9 0.06414475 0.8874468906379488 0.0722801 0.05
1009.0 1 9 0.0640415 0.8866894472027846 0.0722254 0.05
1009.5 1 9 0.06393825 0.8859308555965232 0.07217070000000002 0.05
1010.0 1 9 0.063835 0.8851711132065007 0.072116 0.05
1010.5 1 9 0.06373175 0.8844102174121201 0.0720613 0.05
1011.0 1 9 0.0636285 0.8836481655848214 0.0720066 0.05
1011.5 1 9 0.06352525 0.882884955088052 0.0719519 0.05
1012.0 1 9 0.063422 0.8821205832772349 0.0718972 0.05
1012.5 1 9 0.06331875000000001 0.881355047499739 0.07184250000000002 0.05
1013.0 1 9 0.0632155 0.880588345094849 0.07178779999999998 0.05
1013.5 1 9 0.06311225 0.8798204733937331 0.0717331 0.05
1014.0 1 9 0.063009 0.8790514297194133 0.0716784 0.05
1014.5 1 9 0.06290575 0.8782812113867337 0.0716237 0.05
1015.0 1 9 0.0628025 0.8775098157023292 0.071569 0.05
1015.5 1 9 0.06269925 0.8767372399645944 0.0715143 0.05
1016.0 1 9 0.062596 0.8759634814636522 0.0714596 0.05
1016.5 1 9 0.06249275 0.8751885374813214 0.0714049 0.05
1017.0 1 9 0.0623895 0.8744124052910853 0.0713502 0.05
1017.5 1 9 0.06228625 0.8736350821580605 0.0712955 0.05
1018.0 1 9 0.062183 0.8728565653389632 0.07124079999999999 0.05
1018.5 1 9 0.06207975 0.8720768520820779 0.0711861 0.05
1019.0 1 9 0.061976500000000004 0.8712959396272252 0.0711314 0.05
1019.5 1 9 0.06187325 0.8705138252057285 0.07107669999999999 0.05
1020.0 1 9 0.06177 0.8697305060403818 0.071022 0.05
1020.5 1 9 0.06166675 0.8689459793454168 0.0709673 0.05
1021.0 1 9 0.0615635 0.8681602423264696 0.07091259999999998 0.05
1021.5 1 9 0.06146025 0.8673732921805473 0.0708579 0.05
1022.0 1 9 0.061357 0.8665851260959957 0.0708032 0.05
1022.5 1 9 0.06125375 0.8657957412524648 0.07074849999999999 0.05
1023.0 1 9 0.061150499999999997 0.8650051348208753 0.07069380000000001 0.05
1023.5 1 9 0.06104725 0.8642133039633857 0.0706391 0.05
1024.0 1 9 0.060944 0.863420245833357 0.0705844 0.05
1024.5 1 9 0.06084075 0.8626259575753193 0.0705297 0.05
1025.0 1 9 0.0607375 0.8618304363249379 0.070475 0.05
1025.5 1 9 0.06063425 0.8610336792089782 0.07042029999999999 0.05
1026.0 1 9 0.060531 0.860235683345271 0.0703656 0.05
1026.5 1 9 0.06042775 0.8594364458426789 0.0703109 0.05
1027.0 1 9 0.0603245 0.8586359638010597 0.07025619999999999 0.05
1027.5 1 9 0.060221250000000004 0.8578342343112327 0.0702015 0.05
1028.0 1 9 0.060118 0.8570312544549431 0.0701468 0.05
1028.5 1 9 0.06001475 0.8562270213048262 0.07009209999999999 0.05
1029.0 1 9 0.0599115 0.8554215319243719 0.07003739999999999 0.05
1029.5 1 9 0.05980825 0.8546147833678895 0.0699827 0.05
1030.0 1 9 0.059705 0.8538067726804713 0.069928 0.05
1030.5 1 9 0.05960175 0.8529974968979568 0.0698733 0.05
1031.0 1 9 0.0594985 0.852186953046896 0.0698186 0.05
1031.5 1 9 0.05939525 0.851375138144513 0.0697639 0.05
1032.0 1 9 0.059292 0.8505620491986711 0.0697092 0.05
1032.5 1 9 0.05918875 0.849747683207833 0.0696545 0.05
1033.0 1 9 0.0590855 0.8489320371610263 0.0695998 0.05
1033.5 1 9 0.05898225 0.8481151080378057 0.06954510000000001 0.05
1034.0 1 9 0.058879 0.8472968928082153 0.0694904 0.05
1034.5 1 9 0.05877575 0.8464773884327514 0.0694357 0.05
1035.0 1 9 0.0586725 0.8456565918623254 0.069381 0.05
1035.5 1 9 0.05856925 0.8448345000382251 0.0693263 0.05
1036.0 1 9 0.058466 0.844011109892077 0.06927159999999999 0.05
1036.5 1 9 0.05836275 0.8431864183458087 0.0692169 0.05
1037.0 1 9 0.0582595 0.8423604223116096 0.0691622 0.05
1037.5 1 9 0.05815625 0.8415331186918931 0.0691075 0.05
1038.0 1 9 0.058053 0.8407045043792577 0.06905279999999998 0.05
1038.5 1 9 0.05794975 0.8398745762564478 0.06899809999999999 0.05
1039.0 1 9 0.0578465 0.8390433311963147 0.0689434 0.05
1039.5 1 9 0.057743249999999996 0.8382107660617779 0.06888869999999998 0.05
1040.0 1 9 0.05764 0.837376877705785 0.06883399999999999 0.05
1040.5 1 9 0.05753675 0.8365416629712719 0.0687793 0.05
1041.0 1 9 0.0574335 0.8357051186911237 0.0687246 0.05
1041.5 1 9 0.05733025 0.8348672416881342 0.06866989999999999 0.05
1042.0 1 9 0.057227 0.8340280287749653 0.0686152 0.05
1042.5 1 9 0.05712375 0.8331874767541078 0.0685605 0.05
1043.0 1 9 0.0570205 0.8323455824178392 0.06850579999999999 0.05
1043.5 1 9 0.05691725 0.8315023425481841 0.0684511 0.05
1044.0 1 9 0.056814 0.8306577539168729 0.0683964 0.05
1044.5 1 9 0.056710750000000004 0.8298118132853004 0.06834169999999998 0.05
1045.0 1 9 0.0566075 0.828964517404484 0.068287 0.05
1045.5 1 9 0.05650425 0.8281158630150237 0.0682323 0.05
1046.0 1 9 0.056401 0.8272658468470582 0.0681776 0.05
1046.5 1 9 0.05629775 0.8264144656202246 0.0681229 0.05
1047.0 1 9 0.0561945 0.8255617160436152 0.0680682 0.05
1047.5 1 9 0.05609125 0.8247075948157351 0.0680135 0.05
1048.0 1 9 0.055987999999999996 0.8238520986244606 0.0679588 0.05
1048.5 1 9 0.05588475 0.8229952241469956 0.0679041 0.05
1049.0 1 9 0.0557815 0.8221369680498279 0.0678494 0.05
1049.5 1 9 0.05567825 0.8212773269886879 0.06779469999999999 0.05
1050.0 1 9 0.055575 0.8204162976085032 0.06774 0.05
1050.5 1 9 0.05547175 0.8195538765433558 0.0676853 0.05
1051.0 1 9 0.0553685 0.8186900604164388 0.0676306 0.05
1051.5 1 9 0.05526525 0.8178248458400111 0.0675759 0.05
1052.0 1 9 0.055162 0.816958229415354 0.0675212 0.05
1052.5 1 9 0.05505875 0.8160902077327266 0.0674665 0.05
1053.0 1 9 0.0549555 0.8152207773713208 0.0674118 0.05
1053.5 1 9 0.05485225 0.8143499348992163 0.0673571 0.05
1054.0 1 9 0.054749 0.8134776768733358 0.0673024 0.05
1054.5 1 9 0.05464575 0.8126039998393998 0.0672477 0.05
1055.0 1 9 0.0545425 0.8117289003318798 0.067193 0.05
1055.5 1 9 0.05443925 0.8108523748739542 0.06713830000000001 0.05
1056.0 1 9 0.054336 0.8099744199774611 0.0670836 0.05
1056.5 1 9 0.054232749999999996 0.8090950321428517 0.0670289 0.05
1057.0 1 9 0.0541295 0.8082142078591458 0.0669742 0.05
1057.5 1 9 0.05402625 0.8073319436038824 0.06691949999999998 0.05
1058.0 1 9 0.053923 0.8064482358430743 0.0668648 0.05
1058.5 1 9 0.05381975 0.8055630810311615 0.0668101 0.05
1059.0 1 9 0.0537165 0.8046764756109619 0.06675539999999999 0.05
1059.5 1 9 0.05361325 0.803788416013625 0.0667007 0.05
1060.0 1 9 0.05351 0.8028988986585842 0.06664600000000001 0.05
1060.5 1 9 0.05340675 0.8020079199535076 0.06659129999999999 0.05
1061.0 1 9 0.0533035 0.8011154762942501 0.0665366 0.05
1061.5 1 9 0.05320025 0.8002215640648056 0.0664819 0.05
1062.0 1 9 0.053097 0.799326179637257 0.06642719999999999 0.05
1062.5 1 9 0.05299375 0.7984293193717277 0.06637250000000001 0.05
1063.0 1 9 0.0528905 0.7975309796163323 0.0663178 0.05
1063.5 1 9 0.05278725 0.7966311567071267 0.06626309999999999 0.05
1064.0 1 9 0.052684 0.7957298469680585 0.0662084 0.05
1064.5 1 9 0.05258075 0.7948270467109172 0.0661537 0.05
1065.0 1 9 0.052477499999999996 0.7939227522352835 0.06609899999999998 0.05
1065.5 1 9 0.05237425 0.7930169598284788 0.0660443 0.05
1066.0 1 9 0.052271 0.7921096657655146 0.0659896 0.05
1066.5 1 9 0.05216775 0.7912008663090413 0.06593489999999999 0.05
1067.0 1 9 0.0520645 0.7902905577092966 0.0658802 0.05
1067.5 1 9 0.05196125 0.7893787362040547 0.0658255 0.05
1068.0 1 9 0.051858 0.7884653980185735 0.0657708 0.05
1068.5 1 9 0.05175475 0.7875505393655436 0.0657161 0.05
1069.0 1 9 0.0516515 0.7866341564450348 0.0656614 0.05
1069.5 1 9 0.05154825 0.7857162454444439 0.0656067 0.05
1070.0 1 9 0.051445 0.7847968025384428 0.065552 0.05
1070.5 1 9 0.05134175 0.7838758238889237 0.0654973 0.05
1071.0 1 9 0.0512385 0.7829533056449468 0.0654426 0.05
1071.5 1 9 0.05113525 0.7820292439426867 0.0653879 0.05
1072.0 1 9 0.051032 0.7811036349053775 0.0653332 0.05
1072.5 1 9 0.05092875 0.7801764746432592 0.0652785 0.05
1073.0 1 9 0.050825499999999996 0.779247759253524 0.0652238 0.05
1073.5 1 9 0.050722249999999997 0.77831748482026 0.0651691 0.05
1074.0 1 9 0.050619 0.7773856474143968 0.0651144 0.05
1074.5 1 9 0.05051575 0.7764522430936509 0.0650597 0.05
1075.0 1 9 0.0504125 0.7755172679024691 0.065005 0.05
1075.5 1 9 0.05030925 0.7745807178719728 0.0649503 0.05
1076.0 1 9 0.050206 0.7736425890199028 0.0648956 0.05
1076.5 1 9 0.05010275 0.7727028773505612 0.06484089999999999 0.05
1077.0 1 9 0.0499995 0.7717615788547562 0.0647862 0.05
1077.5 1 9 0.04989625 0.7708186895097442 0.0647315 0.05
1078.0 1 9 0.049793 0.7698742052791728 0.06467679999999999 0.05
1078.5 1 9 0.04968975 0.7689281221130232 0.0646221 0.05
1079.0 1 9 0.0495865 0.7679804359475525 0.0645674 0.05
1079.5 1 9 0.04948325 0.7670311427052349 0.06451269999999999 0.05
1080.0 1 9 0.04938 0.7660802382947035 0.064458 0.05
1080.5 1 9 0.04927675 0.7651277186106924 0.0644033 0.05
1081.0 1 9 0.0491735 0.7641735795339758 0.0643486 0.05
1081.5 1 9 0.049070249999999996 0.7632178169313106 0.0642939 0.05
1082.0 1 9 0.048967 0.7622604266553755 0.0642392 0.05
1082.5 1 9 0.04886375 0.7613014045447108 0.0641845 0.05
1083.0 1 9 0.0487605 0.7603407464236595 0.0641298 0.05
1083.5 1 9 0.04865725 0.759378448102305 0.06407509999999998 0.05
1084.0 1 9 0.048554 0.7584145053764112 0.0640204 0.05
1084.5 1 9 0.04845075 0.7574489140273616 0.0639657 0.05
1085.0 1 9 0.0483475 0.7564816698220964 0.063911 0.05
1085.5 1 9 0.04824425 0.7555127685130519 0.0638563 0.05
1086.0 1 9 0.048140999999999996 0.7545422058380981 0.0638016 0.05
1086.5 1 9 0.04803775 0.7535699775204755 0.0637469 0.05
1087.0 1 9 0.0479345 0.752596079268733 0.0636922 0.05
1087.5 1 9 0.04783125 0.7516205067766647 0.0636375 0.05
1088.0 1 9 0.047728 0.750643255723246 0.0635828 0.05
1088.5 1 9 0.04762475 0.7496643217725699 0.0635281 0.05
1089.0 1 9 0.0475215 0.7486837005737836 0.0634734 0.05
1089.5 1 9 0.047418249999999995 0.7477013877610231 0.06341870000000001 0.05
1090.0 1 9 0.047314999999999996 0.7467173789533488 0.063364 0.05
1090.5 1 9 0.04721175 0.7457316697546805 0.0633093 0.05
1091.0 1 9 0.0471085 0.7447442557537318 0.06325459999999998 0.05
1091.5 1 9 0.04700525 0.7437551325239438 0.0631999 0.05
1092.0 1 9 0.046902 0.7427642956234203 0.0631452 0.05
1092.5 1 9 0.04679875 0.7417717405948598 0.0630905 0.05
1093.0 1 9 0.0466955 0.7407774629654894 0.0630358 0.05
1093.5 1 9 0.04659225 0.7397814582469979 0.0629811 0.05
1094.0 1 9 0.046489 0.7387837219354676 0.0629264 0.05
1094.5 1 9 0.04638575 0.7377842495113064 0.0628717 0.05
1095.0 1 9 0.0462825 0.7367830364391804 0.062817 0.05
1095.5 1 9 0.04617925 0.7357800781679448 0.0627623 0.05
1096.0 1 9 0.046076 0.7347753701305743 0.0627076 0.05
1096.5 1 9 0.04597275 0.7337689077440949 0.0626529 0.05
1097.0 1 9 0.0458695 0.7327606864095134 0.06259819999999999 0.05
1097.5 1 9 0.04576625 0.7317507015117478 0.0625435 0.05
1098.0 1 9 0.045662999999999995 0.7307389484195568 0.06248879999999999 0.05
1098.5 1 9 0.045559749999999996 0.7297254224854687 0.0624341 0.05
1099.0 1 9 0.0454565 0.7287101190457105 0.0623794 0.05
1099.5 1 9 0.04535325 0.7276930334201368 0.0623247 0.05
1100.0 1 9 0.04525 0.7266741609121568 0.06226999999999999 0.05
1100.5 1 9 0.04514675 0.7261495380616604 0.0621728 0.05
1101.0 1 9 0.0450435 0.7256232722680087 0.062075599999999995 0.05
1101.5 1 9 0.04494025 0.7250953558013761 0.061978399999999996 0.05
1102.0 1 9 0.044837 0.7245657808833701 0.0618812 0.05
1102.5 1 9 0.044733749999999996 0.7240345396866502 0.061784 0.05
1103.0 1 9 0.0446305 0.7235016243345416 0.0616868 0.05
1103.5 1 9 0.04452725 0.7229670269006455 0.0615896 0.05
1104.0 1 9 0.044424 0.7224307394084473 0.06149239999999999 0.05
1104.5 1 9 0.04432075 0.7218927538309184 0.06139519999999999 0.05
1105.0 1 9 0.0442175 0.7213530620901172 0.061298 0.05
1105.5 1 9 0.04411425 0.7208116560567835 0.0612008 0.05
1106.0 1 9 0.044011 0.7202685275499316 0.061103599999999994 0.05
1106.5 1 9 0.043907749999999995 0.7197236683364368 0.0610064 0.05
1107.0 1 9 0.043804499999999996 0.7191770701306206 0.060909200000000004 0.05
1107.5 1 9 0.04370125 0.7186287245938301 0.060812000000000005 0.05
1108.0 1 9 0.043598 0.7180786233340141 0.0607148 0.05
1108.5 1 9 0.04349475 0.7175267579052949 0.060617599999999994 0.05
1109.0 1 9 0.0433915 0.716973119807536 0.0605204 0.05
1109.5 1 9 0.04328825 0.7164177004859061 0.060423199999999996 0.05
1110.0 1 9 0.043185 0.715860491330438 0.060326 0.05
1110.5 1 9 0.04308175 0.7153014836755838 0.0602288 0.05
1111.0 1 9 0.042978499999999996 0.7147406687997657 0.06013160000000001 0.05
1111.5 1 9 0.04287525 0.714178037924923 0.06003440000000001 0.05
1112.0 1 9 0.042772 0.7136135822160528 0.0599372 0.05
1112.5 1 9 0.04266875 0.7130472927807486 0.059840000000000004 0.05
1113.0 1 9 0.0425655 0.7124791606687333 0.0597428 0.05
1113.5 1 9 0.04246225 0.711909176871387 0.0596456 0.05
1114.0 1 9 0.042359 0.7113373323212714 0.0595484 0.05
1114.5 1 9 0.04225575 0.710763617891649 0.0594512 0.05
1115.0 1 9 0.042152499999999996 0.7101880243959968 0.059354000000000004 0.05
1115.5 1 9 0.042049249999999996 0.7096105425875173 0.059256800000000005 0.05
1116.0 1 9 0.041946 0.709031163158642 0.0591596 0.05
1116.5 1 9 0.04184275 0.708449876740532 0.05906240000000001 0.05
1117.0 1 9 0.0417395 0.707866673902573 0.05896520000000001 0.05
1117.5 1 9 0.04163625 0.7072815451518653 0.058868 0.05
1118.0 1 9 0.041533 0.7066944809327081 0.0587708 0.05
1118.5 1 9 0.04142975 0.7061054716260806 0.0586736 0.05
1119.0 1 9 0.0413265 0.7055145075491154 0.0585764 0.05
1119.5 1 9 0.041223249999999996 0.7049215789545684 0.058479199999999995 0.05
1120.0 1 9 0.04112 0.7043266760302833 0.058381999999999996 0.05
1120.5 1 9 0.04101675 0.7037297888986493 0.0582848 0.05
1121.0 1 9 0.0409135 0.7031309076160557 0.05818759999999999 0.05
1121.5 1 9 0.04081025 0.7025300221723383 0.0580904 0.05
1122.0 1 9 0.040707 0.7019271224902229 0.05799320000000001 0.05
1122.5 1 9 0.04060375 0.7013221984247616 0.057895999999999996 0.05
1123.0 1 9 0.040500499999999995 0.7007152397627632 0.0577988 0.05
1123.5 1 9 0.040397249999999996 0.7001062362222191 0.0577016 0.05
1124.0 1 9 0.040293999999999996 0.6994951774517224 0.0576044 0.05
1124.5 1 9 0.04019075 0.6988820530298814 0.05750720000000001 0.05
1125.0 1 9 0.0400875 0.6982668524647273 0.05741000000000001 0.05
1125.5 1 9 0.03998425 0.6976495651931157 0.05731279999999999 0.05
1126.0 1 9 0.039881 0.6970301805801216 0.0572156 0.05
1126.5 1 9 0.03977775 0.6964086879184291 0.05711839999999999 0.05
1127.0 1 9 0.0396745 0.6957850764277146 0.0570212 0.05
1127.5 1 9 0.03957125 0.695159335254023 0.056923999999999995 0.05
1128.0 1 9 0.039467999999999996 0.6945314534691378 0.0568268 0.05
1128.5 1 9 0.03936475 0.6939014200699458 0.05672959999999999 0.05
1129.0 1 9 0.0392615 0.6932692239777936 0.0566324 0.05
1129.5 1 9 0.03915825 0.6926348540378383 0.0565352 0.05
1130.0 1 9 0.039055 0.6919982990183918 0.056438 0.05
1130.5 1 9 0.03895175 0.6913595476102576 0.056340799999999996 0.05
1131.0 1 9 0.0388485 0.6907185884260609 0.0562436 0.05
1131.5 1 9 0.038745249999999995 0.6900754099995725 0.05614639999999999 0.05
1132.0 1 9 0.038641999999999996 0.6894300007850245 0.05604920000000001 0.05
1132.5 1 9 0.03853875 0.6887823491564197 0.055952 0.05
1133.0 1 9 0.0384355 0.6881324434068334 0.055854799999999996 0.05
1133.5 1 9 0.03833225 0.687480271747708 0.05575759999999999 0.05
1134.0 1 9 0.038229 0.68682582230814 0.055660400000000006 0.05
1134.5 1 9 0.03812575 0.6861690831341607 0.0555632 0.05
1135.0 1 9 0.0380225 0.685510042188007 0.055466 0.05
1135.5 1 9 0.03791925 0.684848687347387 0.0553688 0.05
1136.0 1 9 0.037815999999999995 0.6841850064047358 0.055271600000000004 0.05
1136.5 1 9 0.037712749999999996 0.6835189870664655 0.055174400000000005 0.05
1137.0 1 9 0.0376095 0.6828506169522052 0.05507720000000001 0.05
1137.5 1 9 0.03750625 0.6821798835940341 0.05498 0.05
1138.0 1 9 0.037403 0.6815067744357066 0.0548828 0.05
1138.5 1 9 0.03729975 0.6808312768318683 0.0547856 0.05
1139.0 1 9 0.0371965 0.6801533780472642 0.0546884 0.05
1139.5 1 9 0.037093249999999994 0.6794730652559385 0.0545912 0.05
1140.0 1 9 0.036989999999999995 0.6787903255404264 0.054493999999999994 0.05
1140.5 1 9 0.036886749999999996 0.6781051458909346 0.0543968 0.05
1141.0 1 9 0.0367835 0.677417513204517 0.0542996 0.05
1141.5 1 9 0.03668025 0.6767274142842383 0.0542024 0.05
1142.0 1 9 0.036577 0.6760348358383298 0.0541052 0.05
1142.5 1 9 0.03647375 0.6753397644793364 0.054008 0.05
1143.0 1 9 0.0363705 0.6746421867232539 0.0539108 0.05
1143.5 1 9 0.03626725 0.6739420889886572 0.0538136 0.05
1144.0 1 9 0.036164 0.673239457595818 0.053716400000000004 0.05
1144.5 1 9 0.03606075 0.6725342787658153 0.053619200000000006 0.05
1145.0 1 9 0.035957499999999996 0.6718265386196329 0.05352200000000001 0.05
1145.5 1 9 0.03585425 0.671116223177251 0.0534248 0.05
1146.0 1 9 0.035751 0.6704033183567233 0.0533276 0.05
1146.5 1 9 0.03564775 0.6696878099732484 0.0532304 0.05
1147.0 1 9 0.0355445 0.6689696837382277 0.05313319999999999 0.05
1147.5 1 9 0.03544125 0.6682489252583151 0.053036 0.05
1148.0 1 9 0.035337999999999994 0.6675255200344548 0.0529388 0.05
1148.5 1 9 0.035234749999999995 0.6667994534609095 0.0528416 0.05
1149.0 1 9 0.035131499999999996 0.666070710824277 0.0527444 0.05
1149.5 1 9 0.03502825 0.6653392773024965 0.052647200000000005 0.05
1150.0 1 9 0.034925 0.6646051379638439 0.05255 0.05
1150.5 1 9 0.03482175 0.6638682777659152 0.05245280000000001 0.05
1151.0 1 9 0.0347185 0.6631286815545997 0.052355599999999995 0.05
1151.5 1 9 0.03461525 0.6623863340630406 0.052258399999999997 0.05
1152.0 1 9 0.034512 0.6616412199105849 0.052161200000000005 0.05
1152.5 1 9 0.034408749999999995 0.6608933236017208 0.052064000000000006 0.05
1153.0 1 9 0.034305499999999996 0.6601426295250044 0.0519668 0.05
1153.5 1 9 0.03420225 0.6593891219519717 0.0518696 0.05
1154.0 1 9 0.034099 0.6586327850360424 0.051772399999999996 0.05
1154.5 1 9 0.03399575 0.6578736028114066 0.051675200000000004 0.05
1155.0 1 9 0.0338925 0.6571115591919036 0.051578 0.05
1155.5 1 9 0.03378925 0.6563466379698839 0.0514808 0.05
1156.0 1 9 0.033686 0.6555788228150616 0.0513836 0.05
1156.5 1 9 0.033582749999999995 0.6548080972733512 0.051286399999999996 0.05
1157.0 1 9 0.033479499999999995 0.6540344447656926 0.051189200000000004 0.05
1157.5 1 9 0.033376249999999996 0.6532578485868629 0.051092 0.05
1158.0 1 9 0.033273 0.6524782919042725 0.0509948 0.05
1158.5 1 9 0.03316975 0.6516957577567507 0.0508976 0.05
1159.0 1 9 0.0330665 0.6509102290533145 0.0508004 0.05
1159.5 1 9 0.03296325 0.6501216885719244 0.050703200000000004 0.05
1160.0 1 9 0.03286 0.6493301189582263 0.050606 0.05
1160.5 1 9 0.03275675 0.6485355027242777 0.050508800000000006 0.05
1161.0 1 9 0.032653499999999995 0.6477378222472604 0.0504116 0.05
1161.5 1 9 0.032550249999999996 0.6469370597681776 0.0503144 0.05
1162.0 1 9 0.032447 0.6461331973905354 0.050217200000000004 0.05
1162.5 1 9 0.03234375 0.6453262170790104 0.05012 0.05
1163.0 1 9 0.0322405 0.6445161006580998 0.0500228 0.05
1163.5 1 9 0.03213725 0.6437028298107584 0.0499256 0.05
1164.0 1 9 0.032034 0.6428863860770163 0.0498284 0.05
1164.5 1 9 0.03193075 0.6420667508525835 0.0497312 0.05
1165.0 1 9 0.0318275 0.6412439053874361 0.049634 0.05
1165.5 1 9 0.031724249999999996 0.6404178307843865 0.04953679999999999 0.05
1166.0 1 9 0.031620999999999996 0.6395885079976374 0.0494396 0.05
1166.5 1 9 0.03151775 0.6387559178313174 0.04934240000000001 0.05
1167.0 1 9 0.0314145 0.6379200409379999 0.04924520000000001 0.05
1167.5 1 9 0.03131125 0.6370808578172051 0.049148000000000004 0.05
1168.0 1 9 0.031208 0.6362383488138827 0.0490508 0.05
1168.5 1 9 0.03110475 0.635392494116878 0.0489536 0.05
1169.0 1 9 0.031001499999999998 0.6345432737573787 0.0488564 0.05
1169.5 1 9 0.03089825 0.6336906676073438 0.0487592 0.05
1170.0 1 9 0.030795 0.632834655377913 0.048662 0.05
1170.5 1 9 0.030691749999999997 0.6319752166177972 0.0485648 0.05
1171.0 1 9 0.030588499999999998 0.6311123307116506 0.0484676 0.05
1171.5 1 9 0.03048525 0.6302459768784214 0.04837040000000001 0.05
1172.0 1 9 0.030382 0.6293761341696842 0.0482732 0.05
1172.5 1 9 0.03027875 0.6285027814679509 0.048176 0.05
1173.0 1 9 0.0301755 0.6276258974849622 0.0480788 0.05
1173.5 1 9 0.03007225 0.626745460759958 0.0479816 0.05
1174.0 1 9 0.029969 0.6258614496579261 0.0478844 0.05
1174.5 1 9 0.02986575 0.6249738423678307 0.0477872 0.05
1175.0 1 9 0.029762499999999997 0.6240826169008178 0.04768999999999999 0.05
1175.5 1 9 0.029659249999999998 0.6231877510883999 0.0475928 0.05
1176.0 1 9 0.029556 0.622289222580618 0.0474956 0.05
1176.5 1 9 0.02945275 0.6213870088441804 0.0473984 0.05
1177.0 1 9 0.0293495 0.6204810871605795 0.0473012 0.05
1177.5 1 9 0.029246249999999998 0.6195714346241843 0.04720400000000001 0.05
1178.0 1 9 0.029143 0.6186580281403109 0.047106800000000004 0.05
1178.5 1 9 0.02903975 0.6177408444232667 0.0470096 0.05
1179.0 1 9 0.0289365 0.6168198599943725 0.0469124 0.05
1179.5 1 9 0.028833249999999998 0.6158950511799586 0.0468152 0.05
1180.0 1 9 0.02873 0.6149663941093368 0.046717999999999996 0.05
1180.5 1 9 0.02862675 0.6140338647127461 0.046620800000000004 0.05
1181.0 1 9 0.0285235 0.6130974387192737 0.0465236 0.05
1181.5 1 9 0.02842025 0.6121570916547482 0.0464264 0.05
1182.0 1 9 0.028317 0.6112127988396087 0.0463292 0.05
1182.5 1 9 0.02821375 0.6102645353867452 0.046231999999999995 0.05
1183.0 1 9 0.0281105 0.6093122761993115 0.046134800000000004 0.05
1183.5 1 9 0.028007249999999997 0.6083559959685126 0.046037600000000005 0.05
1184.0 1 9 0.027903999999999998 0.6073956691713611 0.0459404 0.05
1184.5 1 9 0.02780075 0.606431270068407 0.04584320000000001 0.05
1185.0 1 9 0.0276975 0.6054627727014383 0.045746 0.05
1185.5 1 9 0.02759425 0.6044901508911515 0.0456488 0.05
1186.0 1 9 0.027491 0.6035133782347931 0.0455516 0.05
1186.5 1 9 0.02738775 0.60253242810377 0.0454544 0.05
1187.0 1 9 0.0272845 0.6015472736412301 0.0453572 0.05
1187.5 1 9 0.02718125 0.6005578877596112 0.045259999999999995 0.05
1188.0 1 9 0.027077999999999998 0.5995642431381578 0.0451628 0.05
1188.5 1 9 0.02697475 0.5985663122204076 0.0450656 0.05
1189.0 1 9 0.0268715 0.5975640672116419 0.044968400000000006 0.05
1189.5 1 9 0.02676825 0.5965574800763073 0.04487120000000001 0.05
1190.0 1 9 0.026665 0.5955465225354 0.04477400000000001 0.05
1190.5 1 9 0.026561750000000002 0.5945311660638184 0.044676799999999996 0.05
1191.0 1 9 0.0264585 0.5935113818876796 0.0445796 0.05
1191.5 1 9 0.02635525 0.5924871409816016 0.044482400000000005 0.05
1192.0 1 9 0.026251999999999998 0.5914584140659499 0.0443852 0.05
1192.5 1 9 0.02614875 0.5904251716040462 0.044288 0.05
1193.0 1 9 0.0260455 0.5893873837993427 0.0441908 0.05
1193.5 1 9 0.02594225 0.5883450205925577 0.0440936 0.05
1194.0 1 9 0.025839 0.587298051658772 0.043996400000000005 0.05
1194.5 1 9 0.02573575 0.5862464464044903 0.043899200000000006 0.05
1195.0 1 9 0.025632500000000003 0.5851901739646592 0.043802 0.05
1195.5 1 9 0.02552925 0.5841292031996486 0.043704799999999995 0.05
1196.0 1 9 0.025426 0.5830635026921913 0.043607599999999996 0.05
1196.5 1 9 0.025322749999999998 0.5819930407442817 0.043510400000000005 0.05
1197.0 1 9 0.0252195 0.5809177853740337 0.04341319999999999 0.05
1197.5 1 9 0.02511625 0.5798377043124943 0.043316 0.05
1198.0 1 9 0.025013 0.5787527650004165 0.043218799999999995 0.05
1198.5 1 9 0.02490975 0.5776629345849876 0.043121599999999996 0.05
1199.0 1 9 0.024806500000000002 0.5765681799165124 0.04302440000000001 0.05
1199.5 1 9 0.02470325 0.575468467545053 0.042927200000000006 0.05
1200.0 1 9 0.0246 0.5743637637170208 0.04283 0.05
1200.5 1 9 0.02456375 0.5730564605401446 0.04286445 0.05
1201.0 1 9 0.0245275 0.5717512570252384 0.0428989 0.05
1201.5 1 9 0.02449125 0.5704481481179549 0.04293335000000001 0.05
1202.0 1 9 0.024455 0.5691471287801563 0.04296780000000001 0.05
1202.5 1 9 0.02441875 0.5678481939898494 0.04300224999999999 0.05
1203.0 1 9 0.0243825 0.5665513387411211 0.0430367 0.05
1203.5 1 9 0.02434625 0.5652565580440736 0.04307115 0.05
1204.0 1 9 0.024310000000000002 0.5639638469247615 0.0431056 0.05
1204.5 1 9 0.02427375 0.562673200425127 0.04314005 0.05
1205.0 1 9 0.024237500000000002 0.561384613602937 0.0431745 0.05
1205.5 1 9 0.02420125 0.5600980815317197 0.04320895 0.05
1206.0 1 9 0.024165 0.5588135993007025 0.0432434 0.05
1206.5 1 9 0.02412875 0.557531162014749 0.04327785 0.05
1207.0 1 9 0.0240925 0.5562507647942964 0.0433123 0.05
1207.5 1 9 0.02405625 0.5549724027752946 0.04334675 0.05
1208.0 1 9 0.02402 0.553696071109144 0.04338120000000001 0.05
1208.5 1 9 0.02398375 0.5524217649626345 0.04341564999999999 0.05
1209.0 1 9 0.0239475 0.5511494795178837 0.0434501 0.05
1209.5 1 9 0.023911250000000002 0.5498792099722776 0.04348455 0.05
1210.0 1 9 0.023875 0.5486109515384084 0.043519 0.05
1210.5 1 9 0.02383875 0.5473446994440164 0.04355345000000001 0.05
1211.0 1 9 0.0238025 0.5460804489319284 0.04358789999999999 0.05
1211.5 1 9 0.02376625 0.5448181952599986 0.04362235 0.05
1212.0 1 9 0.02373 0.54355793370105 0.0436568 0.05
1212.5 1 9 0.02369375 0.5422996595428146 0.04369125000000001 0.05
1213.0 1 9 0.0236575 0.5410433680878751 0.043725700000000006 0.05
1213.5 1 9 0.02362125 0.539789054653606 0.043760150000000005 0.05
1214.0 1 9 0.023585000000000002 0.5385367145721162 0.04379460000000001 0.05
1214.5 1 9 0.02354875 0.5372863431901901 0.04382905 0.05
1215.0 1 9 0.0235125 0.5360379358692307 0.0438635 0.05
1215.5 1 9 0.02347625 0.534791487985202 0.04389795 0.05
1216.0 1 9 0.02344 0.533546994928572 0.043932399999999996 0.05
1216.5 1 9 0.02340375 0.5323044521042558 0.04396685 0.05
1217.0 1 9 0.0233675 0.5310638549315588 0.0440013 0.05
1217.5 1 9 0.02333125 0.529825198844121 0.04403575 0.05
1218.0 1 9 0.023295 0.5285884792898603 0.0440702 0.05
1218.5 1 9 0.02325875 0.5273536917309173 0.04410465 0.05
1219.0 1 9 0.0232225 0.5261208316435995 0.0441391 0.05
1219.5 1 9 0.02318625 0.524889894518326 0.04417354999999999 0.05
1220.0 1 9 0.02315 0.523660875859573 0.044208 0.05
1220.5 1 9 0.02311375 0.5224337711858181 0.044242449999999996 0.05
1221.0 1 9 0.0230775 0.5212085760294871 0.04427690000000001 0.05
1221.5 1 9 0.02304125 0.5199852859368987 0.04431135 0.05
1222.0 1 9 0.023005 0.5187638964682112 0.044345800000000005 0.05
1222.5 1 9 0.02296875 0.5175444031973682 0.04438025 0.05
1223.0 1 9 0.0229325 0.5163268017120458 0.0444147 0.05
1223.5 1 9 0.02289625 0.5151110876135989 0.04444915 0.05
1224.0 1 9 0.022860000000000002 0.5138972565170086 0.0444836 0.05
1224.5 1 9 0.02282375 0.5126853040508288 0.04451805 0.05
1225.0 1 9 0.0227875 0.5114752258571348 0.0445525 0.05
1225.5 1 9 0.02275125 0.5102670175914702 0.04458694999999999 0.05
1226.0 1 9 0.022715 0.5090606749227949 0.0446214 0.05
1226.5 1 9 0.02267875 0.5078561935334341 0.04465584999999999 0.05
1227.0 1 9 0.0226425 0.5066535691190258 0.044690299999999995 0.05
1227.5 1 9 0.02260625 0.5054527973884706 0.04472475 0.05
1228.0 1 9 0.02257 0.5042538740638796 0.0447592 0.05
1228.5 1 9 0.02253375 0.5030567948805245 0.04479365 0.05
1229.0 1 9 0.0224975 0.5018615555867859 0.04482810000000001 0.05
1229.5 1 9 0.022461250000000002 0.5006681519441049 0.04486255 0.05
1230.0 1 9 0.022425 0.49947657972693055 0.04489699999999999 0.05
1230.5 1 9 0.02238875 0.498286834722672 0.04493144999999999 0.05
1231.0 1 9 0.0223525 0.49709891273164775 0.0449659 0.05
1231.5 1 9 0.02231625 0.49591280956703665 0.04500035 0.05
1232.0 1 9 0.02228 0.49472852105482873 0.04503480000000001 0.05
1232.5 1 9 0.02224375 0.4935460430337758 0.04506924999999999 0.05
1233.0 1 9 0.0222075 0.49236537135534336 0.0451037 0.05
1233.5 1 9 0.02217125 0.4911865018836616 0.04513815 0.05
1234.0 1 9 0.022135000000000002 0.4900094304954774 0.0451726 0.05
1234.5 1 9 0.02209875 0.4888341530801059 0.04520705 0.05
1235.0 1 9 0.0220625 0.48766066553938303 0.045241500000000004 0.05
1235.5 1 9 0.02202625 0.4864889637876179 0.04527595 0.05
1236.0 1 9 0.02199 0.4853190437515449 0.045310399999999994 0.05
1236.5 1 9 0.02195375 0.48415090137027694 0.04534485 0.05
1237.0 1 9 0.0219175 0.4829845325952582 0.0453793 0.05
1237.5 1 9 0.02188125 0.4818199333902177 0.04541375 0.05
1238.0 1 9 0.021845 0.4806570997311225 0.0454482 0.05
1238.5 1 9 0.021808750000000002 0.4794960276061312 0.04548264999999999 0.05
1239.0 1 9 0.0217725 0.47833671301554803 0.04551709999999999 0.05
1239.5 1 9 0.02173625 0.47717915197177696 0.04555155000000001 0.05
1240.0 1 9 0.0217 0.4760233404992761 0.045586 0.05
1240.5 1 9 0.02166375 0.47486927463451145 0.04562045000000001 0.05
1241.0 1 9 0.0216275 0.4737169504259127 0.04565489999999999 0.05
1241.5 1 9 0.02159125 0.472566363933827 0.045689350000000004 0.05
1242.0 1 9 0.021555 0.47141751123047515 0.0457238 0.05
1242.5 1 9 0.02151875 0.47027038839990604 0.04575825 0.05
1243.0 1 9 0.0214825 0.4691249915379526 0.0457927 0.05
1243.5 1 9 0.02144625 0.46798131675218735 0.04582715 0.05
1244.0 1 9 0.02141 0.46683936016187827 0.0458616 0.05
1244.5 1 9 0.02137375 0.4656991178979455 0.045896049999999994 0.05
1245.0 1 9 0.0213375 0.46456058610291634 0.0459305 0.05
1245.5 1 9 0.02130125 0.4634237609308832 0.045964950000000004 0.05
1246.0 1 9 0.021265 0.4622886385474593 0.045999399999999996 0.05
1246.5 1 9 0.02122875 0.46115521512973606 0.04603385 0.05
1247.0 1 9 0.0211925 0.4600234868662399 0.046068300000000006 0.05
1247.5 1 9 0.02115625 0.4588934499568898 0.046102750000000005 0.05
1248.0 1 9 0.02112 0.4577651006129544 0.0461372 0.05
1248.5 1 9 0.021083750000000002 0.45663843505701013 0.04617165 0.05
1249.0 1 9 0.0210475 0.4555134495228985 0.0462061 0.05
1249.5 1 9 0.021011250000000002 0.45439014025568475 0.04624054999999999 0.05
1250.0 1 9 0.020975 0.4532685035116153 0.04627500000000001 0.05
1250.5 1 9 0.02093875 0.4521485355580772 0.04630945 0.05
1251.0 1 9 0.0209025 0.45103023267355574 0.0463439 0.05
1251.5 1 9 0.02086625 0.44991359114759366 0.04637834999999999 0.05
1252.0 1 9 0.02083 0.4487986072807501 0.046412800000000004 0.05
1252.5 1 9 0.02079375 0.4476852773845599 0.04644725 0.05
1253.0 1 9 0.0207575 0.4465735977814925 0.0464817 0.05
1253.5 1 9 0.02072125 0.44546356480491184 0.04651615 0.05
1254.0 1 9 0.020685000000000002 0.44435517479903597 0.0465506 0.05
1254.5 1 9 0.02064875 0.4432484241188965 0.04658505 0.05
1255.0 1 9 0.0206125 0.44214330913029953 0.0466195 0.05
1255.5 1 9 0.02057625 0.44103982620978505 0.04665395 0.05
1256.0 1 9 0.02054 0.43993797174458754 0.0466884 0.05
1256.5 1 9 0.02050375 0.4388377421325968 0.04672285 0.05
1257.0 1 9 0.0204675 0.43773913378231843 0.04675730000000001 0.05
1257.5 1 9 0.02043125 0.4366421431128351 0.04679175 0.05
1258.0 1 9 0.020395 0.4355467665537669 0.0468262 0.05
1258.5 1 9 0.020358750000000002 0.43445300054523356 0.046860650000000004 0.05
1259.0 1 9 0.0203225 0.43336084153781523 0.0468951 0.05
1259.5 1 9 0.020286250000000002 0.4322702859925144 0.046929549999999993 0.05
1260.0 1 9 0.02025 0.43118133038071715 0.046964 0.05
1260.5 1 9 0.02021375 0.4300939711841561 0.04699844999999999 0.05
1261.0 1 9 0.0201775 0.42900820489487146 0.0470329 0.05
1261.5 1 9 0.02014125 0.427924028015174 0.04706735 0.05
1262.0 1 9 0.020105 0.4268414370576072 0.0471018 0.05
1262.5 1 9 0.02006875 0.4257604285449097 0.04713625 0.05
1263.0 1 9 0.0200325 0.4246809990099787 0.0471707 0.05
1263.5 1 9 0.01999625 0.423603144995832 0.04720515 0.05
1264.0 1 9 0.019960000000000002 0.4225268630555721 0.04723959999999999 0.05
1264.5 1 9 0.01992375 0.4214521497523483 0.04727405 0.05
1265.0 1 9 0.019887500000000002 0.4203790016593213 0.0473085 0.05
1265.5 1 9 0.01985125 0.4193074153596259 0.047342949999999995 0.05
1266.0 1 9 0.019815 0.41823738744633515 0.0473774 0.05
1266.5 1 9 0.01977875 0.4171689145224243 0.04741185 0.05
1267.0 1 9 0.0197425 0.4161019932007343 0.0474463 0.05
1267.5 1 9 0.01970625 0.4150366201039369 0.04748075 0.05
1268.0 1 9 0.01967 0.4139727918644981 0.047515199999999994 0.05
1268.5 1 9 0.019633750000000002 0.41291050512464345 0.04754965 0.05
1269.0 1 9 0.0195975 0.411849756536322 0.0475841 0.05
1269.5 1 9 0.019561250000000002 0.4107905427611719 0.047618549999999996 0.05
1270.0 1 9 0.019525 0.4097328604704846 0.047653 0.05
1270.5 1 9 0.01948875 0.40867670634517045 0.04768745 0.05
1271.0 1 9 0.0194525 0.4076220770757242 0.047721900000000005 0.05
1271.5 1 9 0.01941625 0.4065689693621895 0.04775635 0.05
1272.0 1 9 0.01938 0.40551737991412573 0.0477908 0.05
1272.5 1 9 0.01934375 0.40446730545057263 0.04782525000000001 0.05
1273.0 1 9 0.019307500000000002 0.403418742700017 0.0478597 0.05
1273.5 1 9 0.01927125 0.40237168840035786 0.047894149999999996 0.05
1274.0 1 9 0.019235000000000002 0.4013261392988738 0.047928599999999995 0.05
1274.5 1 9 0.01919875 0.400282092152188 0.04796305 0.05
1275.0 1 9 0.0191625 0.3992395437262357 0.0479975 0.05
1275.5 1 9 0.01912625 0.39819849079623043 0.048031950000000004 0.05
1276.0 1 9 0.01909 0.39715893014663045 0.0480664 0.05
1276.5 1 9 0.01905375 0.39612085857110635 0.04810085 0.05
1277.0 1 9 0.0190175 0.3950842728725073 0.04813529999999999 0.05
1277.5 1 9 0.01898125 0.3940491698628289 0.04816975 0.05
1278.0 1 9 0.018945 0.3930155463631799 0.04820420000000001 0.05
1278.5 1 9 0.018908750000000002 0.3919833992037505 0.04823865 0.05
1279.0 1 9 0.0188725 0.3909527252237789 0.0482731 0.05
1279.5 1 9 0.01883625 0.3899235212715197 0.04830755 0.05
1280.0 1 9 0.0188 0.38889578420421167 0.048342 0.05
1280.5 1 9 0.01876375 0.3878695108880457 0.048376449999999994 0.05
1281.0 1 9 0.0187275 0.3868446981981331 0.0484109 0.05
1281.5 1 9 0.01869125 0.3858213430184734 0.04844535 0.05
1282.0 1 9 0.018655 0.3847994422419234 0.04847980000000001 0.05
1282.5 1 9 0.01861875 0.3837789927701655 0.04851425 0.05
1283.0 1 9 0.018582500000000002 0.382759991513676 0.0485487 0.05
1283.5 1 9 0.01854625 0.38174243539169445 0.04858315 0.05
1284.0 1 9 0.01851 0.3807263213321925 0.0486176 0.05
1284.5 1 9 0.01847375 0.3797116462718426 0.04865205 0.05
1285.0 1 9 0.018437500000000002 0.37869840715598785 0.0486865 0.05
1285.5 1 9 0.01840125 0.3776866009386106 0.04872095 0.05
1286.0 1 9 0.018365 0.37667622458230265 0.0487554 0.05
1286.5 1 9 0.01832875 0.37566727505823444 0.04878985000000001 0.05
1287.0 1 9 0.0182925 0.3746597493461248 0.0488243 0.05
1287.5 1 9 0.01825625 0.3736536444342109 0.04885875 0.05
1288.0 1 9 0.01822 0.3726489573192182 0.0488932 0.05
1288.5 1 9 0.018183750000000002 0.3716456850063308 0.04892765000000001 0.05
1289.0 1 9 0.0181475 0.37064382450916117 0.0489621 0.05
1289.5 1 9 0.018111250000000002 0.3696433728497211 0.04899655 0.05
1290.0 1 9 0.018075 0.3686443270583917 0.049031 0.05
1290.5 1 9 0.01803875 0.36764668417389423 0.049065450000000004 0.05
1291.0 1 9 0.0180025 0.3666504412432612 0.0490999 0.05
1291.5 1 9 0.01796625 0.3656555953218064 0.04913435 0.05
1292.0 1 9 0.01793 0.3646621434730968 0.049168800000000006 0.05
1292.5 1 9 0.01789375 0.36367008276892276 0.049203250000000004 0.05
1293.0 1 9 0.017857500000000002 0.36267941028927025 0.0492377 0.05
1293.5 1 9 0.01782125 0.3616901231222912 0.04927215 0.05
1294.0 1 9 0.017785000000000002 0.36070221836427585 0.04930659999999999 0.05
1294.5 1 9 0.01774875 0.35971569311962354 0.04934105 0.05
1295.0 1 9 0.0177125 0.35873054450081515 0.049375499999999996 0.05
1295.5 1 9 0.01767625 0.3577467696283846 0.04940995 0.05
1296.0 1 9 0.01764 0.3567643656308904 0.0494444 0.05
1296.5 1 9 0.01760375 0.35578332964488874 0.04947885 0.05
1297.0 1 9 0.0175675 0.3548036588149043 0.0495133 0.05
1297.5 1 9 0.01753125 0.35382535029340384 0.04954775000000001 0.05
1298.0 1 9 0.017495 0.3528484012407679 0.04958219999999999 0.05
1298.5 1 9 0.017458750000000002 0.35187280882526334 0.04961665 0.05
1299.0 1 9 0.0174225 0.3508985702230162 0.049651100000000004 0.05
1299.5 1 9 0.01738625 0.34992568261798446 0.04968555 0.05
1300.0 1 9 0.01735 0.3489541432019308 0.04972000000000001 0.05
1300.5 1 9 0.01731375 0.34823696707248636 0.0497183 0.05
1301.0 1 9 0.0172775 0.34751974189707263 0.0497166 0.05
1301.5 1 9 0.01724125 0.3468024676706581 0.0497149 0.05
1302.0 1 9 0.017205 0.3460851443882108 0.0497132 0.05
1302.5 1 9 0.01716875 0.34536777204469793 0.0497115 0.05
1303.0 1 9 0.017132500000000002 0.3446503506350861 0.0497098 0.05
1303.5 1 9 0.01709625 0.34393288015434104 0.049708100000000005 0.05
1304.0 1 9 0.017060000000000002 0.34321536059742813 0.0497064 0.05
1304.5 1 9 0.01702375 0.34249779195931174 0.0497047 0.05
1305.0 1 9 0.016987500000000003 0.3417801742349557 0.04970299999999999 0.05
1305.5 1 9 0.01695125 0.3410625074193231 0.0497013 0.05
1306.0 1 9 0.016915 0.3403447915073763 0.049699600000000003 0.05
1306.5 1 9 0.01687875 0.3396270264940772 0.0496979 0.05
1307.0 1 9 0.0168425 0.33890921237438676 0.0496962 0.05
1307.5 1 9 0.016806250000000002 0.3381913491432654 0.0496945 0.05
1308.0 1 9 0.01677 0.3374734367956726 0.0496928 0.05
1308.5 1 9 0.016733750000000002 0.3367554753265676 0.049691099999999995 0.05
1309.0 1 9 0.0166975 0.3360374647309084 0.0496894 0.05
1309.5 1 9 0.016661250000000002 0.33531940500365287 0.0496877 0.05
1310.0 1 9 0.016625 0.3346012961397577 0.049685999999999994 0.05
1310.5 1 9 0.01658875 0.3338831381341792 0.0496843 0.05
1311.0 1 9 0.0165525 0.33316493098187294 0.0496826 0.05
1311.5 1 9 0.01651625 0.33244667467779365 0.0496809 0.05
1312.0 1 9 0.01648 0.33172836921689564 0.0496792 0.05
1312.5 1 9 0.01644375 0.33101001459413215 0.0496775 0.05
1313.0 1 9 0.016407500000000002 0.3302916108044561 0.049675800000000006 0.05
1313.5 1 9 0.01637125 0.3295731578428195 0.049674100000000006 0.05
1314.0 1 9 0.016335000000000002 0.3288546557041738 0.04967239999999999 0.05
1314.5 1 9 0.01629875 0.3281361043834696 0.04967069999999999 0.05
1315.0 1 9 0.0162625 0.3274175038756568 0.049669 0.05
1315.5 1 9 0.01622625 0.32669885417568506 0.0496673 0.05
1316.0 1 9 0.01619 0.32598015527850266 0.0496656 0.05
1316.5 1 9 0.01615375 0.32526140717905766 0.0496639 0.05
1317.0 1 9 0.0161175 0.3245426098722972 0.049662200000000004 0.05
1317.5 1 9 0.016081250000000002 0.32382376335316804 0.0496605 0.05
1318.0 1 9 0.016045 0.3231048676166158 0.0496588 0.05
1318.5 1 9 0.016008750000000002 0.32238592265758576 0.0496571 0.05
1319.0 1 9 0.0159725 0.3216669284710223 0.0496554 0.05
1319.5 1 9 0.01593625 0.3209478850518692 0.0496537 0.05
1320.0 1 9 0.0159 0.3202287923950697 0.049652 0.05
1320.5 1 9 0.01586375 0.31950965049556596 0.0496503 0.05
1321.0 1 9 0.0158275 0.31879045934829986 0.0496486 0.05
1321.5 1 9 0.01579125 0.3180712189482123 0.0496469 0.05
1322.0 1 9 0.015755 0.3173519292902436 0.0496452 0.05
1322.5 1 9 0.01571875 0.31663259036933333 0.0496435 0.05
1323.0 1 9 0.015682500000000002 0.31591320218042057 0.0496418 0.05
1323.5 1 9 0.01564625 0.31519376471844335 0.0496401 0.05
1324.0 1 9 0.01561 0.3144742779783394 0.0496384 0.05
1324.5 1 9 0.01557375 0.3137547419550454 0.0496367 0.05
1325.0 1 9 0.015537500000000001 0.31303515664349757 0.04963499999999999 0.05
1325.5 1 9 0.015501250000000001 0.31231552203863133 0.0496333 0.05
1326.0 1 9 0.015465000000000001 0.31159583813538155 0.04963159999999999 0.05
1326.5 1 9 0.015428750000000001 0.3108761049286822 0.04962989999999999 0.05
1327.0 1 9 0.0153925 0.3101563224134666 0.0496282 0.05
1327.5 1 9 0.015356250000000002 0.30943649058466755 0.04962649999999999 0.05
1328.0 1 9 0.01532 0.30871660943721685 0.049624800000000004 0.05
1328.5 1 9 0.01528375 0.30799667896604604 0.0496231 0.05
1329.0 1 9 0.0152475 0.3072766991660856 0.0496214 0.05
1329.5 1 9 0.01521125 0.3065566700322654 0.0496197 0.05
1330.0 1 9 0.015175000000000001 0.3058365915595147 0.049618 0.05
1330.5 1 9 0.015138750000000001 0.30511646374276197 0.0496163 0.05
1331.0 1 9 0.015102500000000001 0.304396286576935 0.04961460000000001 0.05
1331.5 1 9 0.01506625 0.30367606005696096 0.04961290000000001 0.05
1332.0 1 9 0.015030000000000002 0.30295578417776636 0.049611199999999994 0.05
1332.5 1 9 0.01499375 0.3022354589342767 0.049609499999999994 0.05
1333.0 1 9 0.0149575 0.3015150843214172 0.0496078 0.05
1333.5 1 9 0.01492125 0.3007946603341121 0.04960610000000001 0.05
1334.0 1 9 0.014885 0.30007418696728516 0.0496044 0.05
1334.5 1 9 0.01484875 0.29935366421585924 0.0496027 0.05
1335.0 1 9 0.014812500000000001 0.2986330920747566 0.049601 0.05
1335.5 1 9 0.014776250000000001 0.29791247053889874 0.049599300000000006 0.05
1336.0 1 9 0.014740000000000001 0.29719179960320663 0.0495976 0.05
1336.5 1 9 0.014703750000000002 0.29647107926260036 0.0495959 0.05
1337.0 1 9 0.0146675 0.2957503095119994 0.0495942 0.05
1337.5 1 9 0.014631250000000002 0.2950294903463226 0.0495925 0.05
1338.0 1 9 0.014595 0.29430862176048783 0.0495908 0.05
1338.5 1 9 0.01455875 0.2935877037494127 0.049589100000000004 0.05
1339.0 1 9 0.0145225 0.29286673630801374 0.049587400000000004 0.05
1339.5 1 9 0.01448625 0.292145719431207 0.0495857 0.05
1340.0 1 9 0.014450000000000001 0.2914246531139077 0.049584 0.05
1340.5 1 9 0.014413750000000001 0.2907035373510305 0.04958230000000001 0.05
1341.0 1 9 0.014377500000000001 0.2899823721374893 0.0495806 0.05
1341.5 1 9 0.01434125 0.28926115746819714 0.0495789 0.05
1342.0 1 9 0.014305000000000002 0.28853989333806673 0.049577199999999995 0.05
1342.5 1 9 0.01426875 0.28781857974200964 0.04957550000000001 0.05
1343.0 1 9 0.0142325 0.28709721667493715 0.0495738 0.05
1343.5 1 9 0.01419625 0.2863758041317596 0.0495721 0.05
1344.0 1 9 0.01416 0.28565434210738666 0.0495704 0.05
1344.5 1 9 0.014123750000000001 0.28493283059672736 0.04956870000000001 0.05
1345.0 1 9 0.014087500000000001 0.28421126959469006 0.04956699999999999 0.05
1345.5 1 9 0.014051250000000001 0.28348965909618223 0.0495653 0.05
1346.0 1 9 0.014015000000000001 0.2827679990961109 0.0495636 0.05
1346.5 1 9 0.013978750000000002 0.2820462895893822 0.0495619 0.05
1347.0 1 9 0.0139425 0.2813245305709017 0.0495602 0.05
1347.5 1 9 0.01390625 0.2806027220355741 0.0495585 0.05
1348.0 1 9 0.01387 0.2798808639783037 0.0495568 0.05
1348.5 1 9 0.01383375 0.2791589563939938 0.04955509999999999 0.05
1349.0 1 9 0.0137975 0.27843699927754706 0.0495534 0.05
1349.5 1 9 0.013761250000000001 0.2777149926238656 0.04955169999999999 0.05
1350.0 1 9 0.013725000000000001 0.2769929364278507 0.04954999999999999 0.05
1350.5 1 9 0.013688750000000001 0.2762708306844029 0.0495483 0.05
1351.0 1 9 0.013652500000000001 0.2755486753884222 0.04954660000000001 0.05
1351.5 1 9 0.013616250000000002 0.27482647053480785 0.049544899999999996 0.05
1352.0 1 9 0.013580000000000002 0.27410421611845825 0.0495432 0.05
1352.5 1 9 0.01354375 0.27338191213427127 0.0495415 0.05
1353.0 1 9 0.0135075 0.272659558577144 0.0495398 0.05
1353.5 1 9 0.01347125 0.27193715544197294 0.0495381 0.05
1354.0 1 9 0.013435 0.2712147027236537 0.0495364 0.05
1354.5 1 9 0.013398750000000001 0.2704922004170814 0.0495347 0.05
1355.0 1 9 0.013362500000000001 0.2697696485171502 0.04953300000000001 0.05
1355.5 1 9 0.013326250000000001 0.2690470470187538 0.0495313 0.05
1356.0 1 9 0.013290000000000001 0.26832439591678514 0.0495296 0.05
1356.5 1 9 0.013253750000000002 0.26760169520613636 0.0495279 0.05
1357.0 1 9 0.0132175 0.266878944881699 0.04952619999999999 0.05
1357.5 1 9 0.01318125 0.26615614493836387 0.04952449999999999 0.05
1358.0 1 9 0.013145 0.26543329537102106 0.0495228 0.05
1358.5 1 9 0.01310875 0.26471039617455994 0.049521100000000005 0.05
1359.0 1 9 0.0130725 0.2639874473438693 0.0495194 0.05
1359.5 1 9 0.013036250000000001 0.26326444887383704 0.0495177 0.05
1360.0 1 9 0.013000000000000001 0.26254140075935056 0.049516 0.05
1360.5 1 9 0.012963750000000001 0.26181830299529635 0.0495143 0.05
1361.0 1 9 0.012927500000000001 0.2610951555765604 0.04951259999999999 0.05
1361.5 1 9 0.01289125 0.2603719584980277 0.049510900000000004 0.05
1362.0 1 9 0.012855 0.259648711754583 0.0495092 0.05
1362.5 1 9 0.01281875 0.2589254153411099 0.0495075 0.05
1363.0 1 9 0.0127825 0.2582020692524916 0.0495058 0.05
1363.5 1 9 0.01274625 0.2574786734836105 0.049504099999999995 0.05
1364.0 1 9 0.01271 0.2567552280293481 0.0495024 0.05
1364.5 1 9 0.012673750000000001 0.2560317328845855 0.0495007 0.05
1365.0 1 9 0.012637500000000001 0.2553081880442029 0.049499 0.05
1365.5 1 9 0.012601250000000001 0.25458459350308 0.0494973 0.05
1366.0 1 9 0.012565 0.2538609492560955 0.0494956 0.05
1366.5 1 9 0.01252875 0.25313725529812764 0.04949390000000001 0.05
1367.0 1 9 0.0124925 0.2524135116240539 0.0494922 0.05
1367.5 1 9 0.01245625 0.25168971822875097 0.0494905 0.05
1368.0 1 9 0.01242 0.25096587510709495 0.0494888 0.05
1368.5 1 9 0.01238375 0.25024198225396116 0.0494871 0.05
1369.0 1 9 0.0123475 0.24951803966422423 0.0494854 0.05
1369.5 1 9 0.012311250000000001 0.2487940473327581 0.049483700000000005 0.05
1370.0 1 9 0.012275000000000001 0.24807000525443598 0.049482 0.05
1370.5 1 9 0.01223875 0.24734591342413043 0.0494803 0.05
1371.0 1 9 0.0122025 0.24662177183671324 0.049478600000000005 0.05
1371.5 1 9 0.01216625 0.2458975804870556 0.0494769 0.05
1372.0 1 9 0.01213 0.24517333937002783 0.0494752 0.05
1372.5 1 9 0.01209375 0.24444904848049964 0.049473500000000004 0.05
1373.0 1 9 0.0120575 0.24372470781334013 0.049471799999999996 0.05
1373.5 1 9 0.01202125 0.2430003173634175 0.0494701 0.05
1374.0 1 9 0.011985 0.24227587712559936 0.04946840000000001 0.05
1374.5 1 9 0.011948750000000001 0.24155138709475263 0.0494667 0.05
1375.0 1 9 0.0119125 0.24082684726574344 0.049465 0.05
1375.5 1 9 0.01187625 0.2401022576334373 0.0494633 0.05
1376.0 1 9 0.01184 0.23937761819269898 0.0494616 0.05
1376.5 1 9 0.01180375 0.23865292893839252 0.0494599 0.05
1377.0 1 9 0.0117675 0.23792818986538128 0.0494582 0.05
1377.5 1 9 0.01173125 0.2372034009685279 0.0494565 0.05
1378.0 1 9 0.011695 0.23647856224269434 0.0494548 0.05
1378.5 1 9 0.01165875 0.23575367368274183 0.04945310000000001 0.05
1379.0 1 9 0.011622500000000001 0.2350287352835309 0.049451400000000006 0.05
1379.5 1 9 0.01158625 0.23430374703992138 0.04944969999999999 0.05
1380.0 1 9 0.011550000000000001 0.2335787089467724 0.049448 0.05
1380.5 1 9 0.01151375 0.23285362099894227 0.049446300000000006 0.05
1381.0 1 9 0.0114775 0.23212848319128884 0.0494446 0.05
1381.5 1 9 0.01144125 0.23140329551866903 0.04944289999999999 0.05
1382.0 1 9 0.011405 0.2306780579759391 0.049441200000000005 0.05
1382.5 1 9 0.01136875 0.22995277055795468 0.0494395 0.05
1383.0 1 9 0.0113325 0.22922743325957062 0.049437800000000004 0.05
1383.5 1 9 0.01129625 0.2285020460756411 0.0494361 0.05
1384.0 1 9 0.01126 0.2277766090010195 0.0494344 0.05
1384.5 1 9 0.011223750000000001 0.22705112203055872 0.04943270000000001 0.05
1385.0 1 9 0.0111875 0.22632558515911066 0.049431 0.05
1385.5 1 9 0.01115125 0.22559999838152672 0.04942930000000001 0.05
1386.0 1 9 0.011115 0.22487436169265754 0.0494276 0.05
1386.5 1 9 0.01107875 0.22414867508735298 0.04942590000000001 0.05
1387.0 1 9 0.0110425 0.22342293856046228 0.0494242 0.05
1387.5 1 9 0.01100625 0.22269715210683394 0.049422499999999994 0.05
1388.0 1 9 0.01097 0.22197131572131573 0.04942080000000001 0.05
1388.5 1 9 0.010933749999999999 0.22124542939875472 0.0494191 0.05
1389.0 1 9 0.010897500000000001 0.22051949313399735 0.04941739999999999 0.05
1389.5 1 9 0.01086125 0.21979350692188918 0.0494157 0.05
1390.0 1 9 0.010825 0.21906747075727526 0.049414 0.05
1390.5 1 9 0.01078875 0.21834138463499977 0.049412300000000006 0.05
1391.0 1 9 0.0107525 0.2176152485499063 0.0494106 0.05
1391.5 1 9 0.01071625 0.21688906249683762 0.0494089 0.05
1392.0 1 9 0.01068 0.21616282647063587 0.0494072 0.05
1392.5 1 9 0.01064375 0.21543654046614244 0.0494055 0.05
1393.0 1 9 0.010607499999999999 0.21471020447819802 0.0494038 0.05
1393.5 1 9 0.01057125 0.21398381850164266 0.0494021 0.05
1394.0 1 9 0.010535 0.21325738253131554 0.04940039999999999 0.05
1394.5 1 9 0.01049875 0.21253089656205526 0.0493987 0.05
1395.0 1 9 0.0104625 0.2118043605886997 0.049397 0.05
1395.5 1 9 0.01042625 0.21107777460608598 0.0493953 0.05
1396.0 1 9 0.01039 0.21035113860905055 0.0493936 0.05
1396.5 1 9 0.01035375 0.20962445259242912 0.0493919 0.05
1397.0 1 9 0.0103175 0.20889771655105668 0.0493902 0.05
1397.5 1 9 0.010281249999999999 0.20817093047976754 0.0493885 0.05
1398.0 1 9 0.010245 0.20744409437339534 0.049386799999999995 0.05
1398.5 1 9 0.010208749999999999 0.20671720822677284 0.049385099999999994 0.05
1399.0 1 9 0.0101725 0.2059902720347323 0.0493834 0.05
1399.5 1 9 0.01013625 0.20526328579210515 0.0493817 0.05
1400.0 1 9 0.0101 0.20453624949372215 0.04938 0.05
1400.5 1 9 0.010086 0.20451552267950615 0.04931655 0.05
1401.0 1 9 0.010072 0.20449474246291094 0.04925310000000001 0.05
1401.5 1 9 0.010058 0.20447390863728446 0.04918965 0.05
1402.0 1 9 0.010043999999999999 0.20445302099490698 0.049126199999999995 0.05
1402.5 1 9 0.010029999999999999 0.2044320793269843 0.04906275 0.05
1403.0 1 9 0.010015999999999999 0.2044110834236407 0.0489993 0.05
1403.5 1 9 0.010001999999999999 0.20439003307391204 0.04893585 0.05
1404.0 1 9 0.009988 0.20436892806573853 0.04887240000000001 0.05
1404.5 1 9 0.009974 0.20434776818595768 0.04880895000000001 0.05
1405.0 1 9 0.00996 0.20432655322029727 0.0487455 0.05
1405.5 1 9 0.009946 0.20430528295336783 0.04868205 0.05
1406.0 1 9 0.009932 0.20428395716865563 0.0486186 0.05
1406.5 1 9 0.009918 0.20426257564851513 0.048555150000000005 0.05
1407.0 1 9 0.009904 0.20424113817416176 0.048491700000000006 0.05
1407.5 1 9 0.00989 0.20421964452566424 0.04842825 0.05
1408.0 1 9 0.009876 0.20419809448193726 0.0483648 0.05
1408.5 1 9 0.009862 0.20417648782073378 0.04830134999999999 0.05
1409.0 1 9 0.009847999999999999 0.2041548243186374 0.04823789999999999 0.05
1409.5 1 9 0.009833999999999999 0.20413310375105473 0.04817445000000001 0.05
1410.0 1 9 0.009819999999999999 0.20411132589220757 0.04811100000000001 0.05
1410.5 1 9 0.009805999999999999 0.2040894905151251 0.04804755 0.05
1411.0 1 9 0.009792 0.204067597391636 0.0479841 0.05
1411.5 1 9 0.009778 0.20404564629236038 0.04792065000000001 0.05
1412.0 1 9 0.009764 0.2040236369867021 0.0478572 0.05
1412.5 1 9 0.00975 0.20400156924284032 0.047793749999999996 0.05
1413.0 1 9 0.009736 0.20397944282772157 0.04773030000000001 0.05
1413.5 1 9 0.009722 0.20395725750705151 0.04766685000000001 0.05
1414.0 1 9 0.009708 0.2039350130452867 0.0476034 0.05
1414.5 1 9 0.009694 0.203912709205626 0.04753994999999999 0.05
1415.0 1 9 0.00968 0.20389034575000262 0.0474765 0.05
1415.5 1 9 0.009666 0.2038679224390753 0.04741305 0.05
1416.0 1 9 0.009651999999999999 0.2038454390322199 0.0473496 0.05
1416.5 1 9 0.009637999999999999 0.20382289528752076 0.04728615 0.05
1417.0 1 9 0.009623999999999999 0.20380029096176203 0.04722269999999999 0.05
1417.5 1 9 0.009609999999999999 0.20377762581041892 0.04715925000000001 0.05
1418.0 1 9 0.009596 0.203754899587649 0.04709580000000001 0.05
1418.5 1 9 0.009582 0.20373211204628303 0.04703235000000001 0.05
1419.0 1 9 0.009568 0.2037092629378163 0.04696890000000001 0.05
1419.5 1 9 0.009554 0.2036863520123994 0.04690545 0.05
1420.0 1 9 0.00954 0.20366337901882925 0.046842 0.05
1420.5 1 9 0.009526 0.2036403437045398 0.04677855 0.05
1421.0 1 9 0.009512 0.2036172458155928 0.04671510000000001 0.05
1421.5 1 9 0.009498 0.20359408509666857 0.04665165 0.05
1422.0 1 9 0.009484 0.2035708612910565 0.0465882 0.05
1422.5 1 9 0.00947 0.20354757414064553 0.046524750000000004 0.05
1423.0 1 9 0.009455999999999999 0.20352422338591472 0.0464613 0.05
1423.5 1 9 0.009441999999999999 0.2035008087659234 0.04639785 0.05
1424.0 1 9 0.009427999999999999 0.20347733001830173 0.0463344 0.05
1424.5 1 9 0.009413999999999999 0.20345378687924062 0.04627095 0.05
1425.0 1 9 0.009399999999999999 0.2034301790834821 0.0462075 0.05
1425.5 1 9 0.009386 0.20340650636430918 0.04614404999999999 0.05
1426.0 1 9 0.009372 0.20338276845353576 0.046080600000000006 0.05
1426.5 1 9 0.009358 0.20335896508149678 0.04601715 0.05
1427.0 1 9 0.009344 0.20333509597703775 0.04595370000000001 0.05
1427.5 1 9 0.00933 0.20331116086750453 0.04589025 0.05
1428.0 1 9 0.009316 0.20328715947873296 0.0458268 0.05
1428.5 1 9 0.009302 0.20326309153503838 0.04576335000000001 0.05
1429.0 1 9 0.009288 0.20323895675920514 0.04569990000000001 0.05
1429.5 1 9 0.009274 0.2032147548724758 0.04563645 0.05
1430.0 1 9 0.00926 0.2031904855945406 0.045573 0.05
1430.5 1 9 0.009245999999999999 0.20316614864352645 0.04550955 0.05
1431.0 1 9 0.009231999999999999 0.20314174373598612 0.0454461 0.05
1431.5 1 9 0.009217999999999999 0.20311727058688728 0.04538265 0.05
1432.0 1 9 0.009204 0.20309272890960123 0.0453192 0.05
1432.5 1 9 0.00919 0.20306811841589192 0.04525575 0.05
1433.0 1 9 0.009176 0.2030434388159045 0.04519229999999999 0.05
1433.5 1 9 0.009162 0.20301868981815402 0.04512885 0.05
1434.0 1 9 0.009148 0.202993871129514 0.0450654 0.05
1434.5 1 9 0.009134 0.20296898245520473 0.04500195 0.05
1435.0 1 9 0.00912 0.20294402349878166 0.0449385 0.05
1435.5 1 9 0.009106 0.2029189939621237 0.04487505000000001 0.05
1436.0 1 9 0.009092 0.20289389354542126 0.04481160000000001 0.05
1436.5 1 9 0.009078 0.20286872194716427 0.04474815 0.05
1437.0 1 9 0.009064 0.2028434788641302 0.0446847 0.05
1437.5 1 9 0.009049999999999999 0.20281816399137179 0.04462125 0.05
1438.0 1 9 0.009035999999999999 0.20279277702220483 0.04455780000000001 0.05
1438.5 1 9 0.009021999999999999 0.20276731764819575 0.04449435 0.05
1439.0 1 9 0.009007999999999999 0.2027417855591491 0.0444309 0.05
1439.5 1 9 0.008993999999999999 0.20271618044309506 0.04436745 0.05
1440.0 1 9 0.00898 0.2026905019862766 0.04430400000000001 0.05
1440.5 1 9 0.008966 0.20266474987313673 0.044240550000000003 0.05
1441.0 1 9 0.008952 0.20263892378630557 0.0441771 0.05
1441.5 1 9 0.008938 0.20261302340658727 0.044113650000000004 0.05
1442.0 1 9 0.008924 0.20258704841294706 0.0440502 0.05
1442.5 1 9 0.00891 0.20256099848249756 0.04398675 0.05
1443.0 1 9 0.008896 0.20253487329048592 0.04392329999999999 0.05
1443.5 1 9 0.008882 0.2025086725102799 0.04385984999999999 0.05
1444.0 1 9 0.008868 0.2024823958133545 0.0437964 0.05
1444.5 1 9 0.008853999999999999 0.20245604286927818 0.04373295 0.05
1445.0 1 9 0.008839999999999999 0.20242961334569892 0.0436695 0.05
1445.5 1 9 0.008825999999999999 0.20240310690833035 0.04360605 0.05
1446.0 1 9 0.008812 0.20237652322093766 0.04354260000000001 0.05
1446.5 1 9 0.008798 0.20234986194532323 0.04347915 0.05
1447.0 1 9 0.008784 0.20232312274131248 0.043415699999999995 0.05
1447.5 1 9 0.00877 0.2022963052667393 0.04335225000000001 0.05
1448.0 1 9 0.008756 0.20226940917743155 0.04328880000000001 0.05
1448.5 1 9 0.008742 0.20224243412719617 0.04322535000000001 0.05
1449.0 1 9 0.008728 0.20221537976780446 0.0431619 0.05
1449.5 1 9 0.008714 0.20218824574897704 0.043098449999999996 0.05
1450.0 1 9 0.0087 0.20216103171836874 0.043035 0.05
1450.5 1 9 0.008686 0.20213373732155343 0.04297155 0.05
1451.0 1 9 0.008672 0.20210636220200848 0.0429081 0.05
1451.5 1 9 0.008657999999999999 0.20207890600109932 0.04284464999999999 0.05
1452.0 1 9 0.008643999999999999 0.2020513683580638 0.04278119999999999 0.05
1452.5 1 9 0.008629999999999999 0.20202374890999641 0.04271775 0.05
1453.0 1 9 0.008615999999999999 0.2019960472918322 0.0426543 0.05
1453.5 1 9 0.008601999999999999 0.2019682631363309 0.04259085 0.05
1454.0 1 9 0.008588 0.2019403960740605 0.0425274 0.05
1454.5 1 9 0.008574 0.2019124457333809 0.04246395 0.05
1455.0 1 9 0.00856 0.2018844117404276 0.042400499999999994 0.05
1455.5 1 9 0.008546 0.20185629371909472 0.04233705 0.05
1456.0 1 9 0.008532 0.2018280912910185 0.042273599999999995 0.05
1456.5 1 9 0.008518 0.20179980407556 0.04221015 0.05
1457.0 1 9 0.008504 0.20177143168978826 0.0421467 0.05
1457.5 1 9 0.00849 0.20174297374846284 0.04208325 0.05
1458.0 1 9 0.008476 0.20171442986401644 0.0420198 0.05
1458.5 1 9 0.008461999999999999 0.20168579964653738 0.04195635 0.05
1459.0 1 9 0.008447999999999999 0.2016570827037517 0.0418929 0.05
1459.5 1 9 0.008433999999999999 0.20162827864100527 0.041829450000000004 0.05
1460.0 1 9 0.008419999999999999 0.20159938706124597 0.041766 0.05
1460.5 1 9 0.008405999999999999 0.201570407565005 0.04170255 0.05
1461.0 1 9 0.008392 0.20154133975037886 0.041639100000000005 0.05
1461.5 1 9 0.008378 0.2015121832130105 0.04157565 0.05
1462.0 1 9 0.008364 0.2014829375460708 0.0415122 0.05
1462.5 1 9 0.00835 0.20145360234023946 0.04144875 0.05
1463.0 1 9 0.008336 0.201424177183686 0.0413853 0.05
1463.5 1 9 0.008322 0.20139466166205044 0.04132185 0.05
1464.0 1 9 0.008308 0.20136505535842397 0.0412584 0.05
1464.5 1 9 0.008294 0.2013353578533291 0.04119495 0.05
1465.0 1 9 0.00828 0.2013055687247 0.0411315 0.05
1465.5 1 9 0.008265999999999999 0.2012756875478626 0.04106805 0.05
1466.0 1 9 0.008251999999999999 0.20124571389551413 0.0410046 0.05
1466.5 1 9 0.008237999999999999 0.20121564733770297 0.04094115000000001 0.05
1467.0 1 9 0.008223999999999999 0.2011854874418081 0.0408777 0.05
1467.5 1 9 0.008209999999999999 0.20115523377251815 0.04081425 0.05
1468.0 1 9 0.008195999999999998 0.20112488589181066 0.040750800000000004 0.05
1468.5 1 9 0.008182 0.20109444335893098 0.04068735 0.05
1469.0 1 9 0.008168 0.20106390573037053 0.040623900000000004 0.05
1469.5 1 9 0.008154 0.20103327255984588 0.04056045 0.05
1470.0 1 9 0.00814 0.20100254339827642 0.040497 0.05
1470.5 1 9 0.008126 0.20097171779376286 0.04043355 0.05
1471.0 1 9 0.008112 0.20094079529156478 0.040370100000000006 0.05
1471.5 1 9 0.008098 0.20090977543407848 0.04030665 0.05
1472.0 1 9 0.008084 0.20087865776081423 0.0402432 0.05
1472.5 1 9 0.008069999999999999 0.2008474418083736 0.04017974999999999 0.05
1473.0 1 9 0.008055999999999999 0.2008161271104264 0.04011630000000001 0.05
1473.5 1 9 0.008041999999999999 0.2007847131976875 0.04005285 0.05
1474.0 1 9 0.008027999999999999 0.2007531995978934 0.03998940000000001 0.05
1474.5 1 9 0.008013999999999999 0.20072158583577843 0.03992595000000001 0.05
1475.0 1 9 0.008 0.20068987143305111 0.039862499999999995 0.05
1475.5 1 9 0.007986 0.20065805590836966 0.03979905 0.05
1476.0 1 9 0.007972 0.20062613877731805 0.0397356 0.05
1476.5 1 9 0.007958 0.20059411955238118 0.03967215 0.05
1477.0 1 9 0.007944 0.20056199774292013 0.0396087 0.05
1477.5 1 9 0.00793 0.20052977285514692 0.039545250000000004 0.05
1478.0 1 9 0.007916 0.20049744439209966 0.0394818 0.05
1478.5 1 9 0.007902 0.20046501185361637 0.03941835 0.05
1479.0 1 9 0.007888 0.20043247473630982 0.039354900000000005 0.05
1479.5 1 9 0.007873999999999999 0.200399832533541 0.039291450000000006 0.05
1480.0 1 9 0.007859999999999999 0.20036708473539305 0.039228 0.05
1480.5 1 9 0.007845999999999999 0.20033423082864477 0.03916455 0.05
1481.0 1 9 0.007831999999999999 0.20030127029674355 0.0391011 0.05
1481.5 1 9 0.007817999999999999 0.20026820261977857 0.03903764999999999 0.05
1482.0 1 9 0.007803999999999999 0.20023502727445333 0.0389742 0.05
1482.5 1 9 0.007789999999999999 0.20020174373405805 0.03891075 0.05
1483.0 1 9 0.007775999999999999 0.20016835146844178 0.0388473 0.05
1483.5 1 9 0.007761999999999999 0.20013484994398437 0.03878385000000001 0.05
1484.0 1 9 0.007748 0.2001012386235679 0.0387204 0.05
1484.5 1 9 0.0077339999999999996 0.20006751696654804 0.038656949999999995 0.05
1485.0 1 9 0.007719999999999999 0.20003368442872502 0.0385935 0.05
1485.5 1 9 0.007705999999999999 0.19999974046231445 0.03853005 0.05
1486.0 1 9 0.007691999999999999 0.19996568451591767 0.0384666 0.05
1486.5 1 9 0.007677999999999999 0.19993151603449194 0.03840315 0.05
1487.0 1 9 0.007663999999999999 0.19989723445932017 0.038339700000000004 0.05
1487.5 1 9 0.007649999999999999 0.1998628392279808 0.03827625 0.05
1488.0 1 9 0.0076359999999999996 0.19982832977431642 0.03821280000000001 0.05
1488.5 1 9 0.0076219999999999994 0.1997937055284035 0.03814934999999999 0.05
1489.0 1 9 0.007607999999999999 0.1997589659165203 0.0380859 0.05
1489.5 1 9 0.007593999999999999 0.1997241103611156 0.03802245 0.05
1490.0 1 9 0.007579999999999999 0.1996891382807766 0.03795899999999999 0.05
1490.5 1 9 0.007566 0.1996540490901966 0.03789555 0.05
1491.0 1 9 0.007552 0.1996188422001422 0.0378321 0.05
1491.5 1 9 0.0075379999999999996 0.19958351701742053 0.03776865 0.05
1492.0 1 9 0.0075239999999999994 0.19954807294484578 0.0377052 0.05
1492.5 1 9 0.007509999999999999 0.19951250938120568 0.03764175 0.05
1493.0 1 9 0.007495999999999999 0.19947682572122738 0.0375783 0.05
1493.5 1 9 0.007481999999999999 0.19944102135554317 0.03751485 0.05
1494.0 1 9 0.007467999999999999 0.19940509567065579 0.0374514 0.05
1494.5 1 9 0.007453999999999999 0.1993690480489034 0.03738795 0.05
1495.0 1 9 0.0074399999999999996 0.19933287786842424 0.0373245 0.05
1495.5 1 9 0.0074259999999999994 0.19929658450312052 0.037261050000000004 0.05
1496.0 1 9 0.007411999999999999 0.19926016732262297 0.0371976 0.05
1496.5 1 9 0.007397999999999999 0.19922362569225358 0.037134150000000005 0.05
1497.0 1 9 0.007383999999999999 0.19918695897298944 0.0370707 0.05
1497.5 1 9 0.007369999999999999 0.19915016652142484 0.03700725 0.05
1498.0 1 9 0.007356 0.19911324768973412 0.036943800000000006 0.05
1498.5 1 9 0.007342 0.19907620182563343 0.03688034999999999 0.05
1499.0 1 9 0.0073279999999999994 0.1990390282723423 0.0368169 0.05
1499.5 1 9 0.007313999999999999 0.19900172636854496 0.03675345 0.05
1500.0 1 9 0.007299999999999999 0.19896429544835104 0.03669 0.05
1500.5 1 9 0.007285999999999999 0.19896394563581896 0.0366197 0.05
1501.0 1 9 0.007271999999999999 0.19896359447761108 0.0365494 0.05
1501.5 1 9 0.007257999999999999 0.19896324196594758 0.0364791 0.05
1502.0 1 9 0.007244 0.1989628880929885 0.0364088 0.05
1502.5 1 9 0.0072299999999999994 0.1989625328508331 0.0363385 0.05
1503.0 1 9 0.007215999999999999 0.1989621762315196 0.0362682 0.05
1503.5 1 9 0.007201999999999999 0.19896181822702422 0.0361979 0.05
1504.0 1 9 0.007187999999999999 0.1989614588292607 0.0361276 0.05
1504.5 1 9 0.007173999999999999 0.19896109803007986 0.0360573 0.05
1505.0 1 9 0.00716 0.1989607358212688 0.03598699999999999 0.05
1505.5 1 9 0.007146 0.19896037219455015 0.0359167 0.05
1506.0 1 9 0.0071319999999999995 0.19896000714158185 0.0358464 0.05
1506.5 1 9 0.007117999999999999 0.19895964065395613 0.0357761 0.05
1507.0 1 9 0.007103999999999999 0.198959272723199 0.0357058 0.05
1507.5 1 9 0.007089999999999999 0.1989589033407697 0.0356355 0.05
1508.0 1 9 0.007075999999999999 0.1989585324980599 0.0355652 0.05
1508.5 1 9 0.007062 0.19895816018639295 0.0354949 0.05
1509.0 1 9 0.007048 0.19895778639702352 0.0354246 0.05
1509.5 1 9 0.0070339999999999995 0.1989574111211366 0.0353543 0.05
1510.0 1 9 0.007019999999999999 0.19895703434984693 0.035284 0.05
1510.5 1 9 0.007005999999999999 0.19895665607419838 0.0352137 0.05
1511.0 1 9 0.006991999999999999 0.19895627628516305 0.0351434 0.05
1511.5 1 9 0.006977999999999999 0.19895589497364072 0.0350731 0.05
1512.0 1 9 0.006964 0.19895551213045812 0.0350028 0.05
1512.5 1 9 0.00695 0.198955127746368 0.0349325 0.05
1513.0 1 9 0.0069359999999999995 0.19895474181204856 0.0348622 0.05
1513.5 1 9 0.006921999999999999 0.19895435431810277 0.0347919 0.05
1514.0 1 9 0.006907999999999999 0.19895396525505735 0.034721600000000005 0.05
1514.5 1 9 0.006893999999999999 0.19895357461336222 0.0346513 0.05
1515.0 1 9 0.006879999999999999 0.1989531823833897 0.034581 0.05
1515.5 1 9 0.006866 0.19895278855543352 0.0345107 0.05
1516.0 1 9 0.006852 0.19895239311970822 0.0344404 0.05
1516.5 1 9 0.0068379999999999995 0.19895199606634834 0.03437010000000001 0.05
1517.0 1 9 0.006823999999999999 0.1989515973854075 0.03429979999999999 0.05
1517.5 1 9 0.006809999999999999 0.1989511970668575 0.0342295 0.05
1518.0 1 9 0.006795999999999999 0.1989507951005878 0.0341592 0.05
1518.5 1 9 0.006782 0.19895039147640434 0.034088900000000005 0.05
1519.0 1 9 0.006768 0.1989499861840287 0.0340186 0.05
1519.5 1 9 0.006754 0.19894957921309755 0.0339483 0.05
1520.0 1 9 0.0067399999999999995 0.19894917055316133 0.033878 0.05
1520.5 1 9 0.006725999999999999 0.19894876019368365 0.0338077 0.05
1521.0 1 9 0.006711999999999999 0.19894834812404036 0.0337374 0.05
1521.5 1 9 0.006697999999999999 0.19894793433351846 0.0336671 0.05
1522.0 1 9 0.006684 0.19894751881131534 0.0335968 0.05
1522.5 1 9 0.00667 0.1989471015465378 0.0335265 0.05
1523.0 1 9 0.006656 0.19894668252820105 0.0334562 0.05
1523.5 1 9 0.0066419999999999995 0.19894626174522775 0.033385899999999996 0.05
1524.0 1 9 0.006627999999999999 0.19894583918644718 0.0333156 0.05
1524.5 1 9 0.006613999999999999 0.198945414840594 0.0332453 0.05
1525.0 1 9 0.0066 0.19894498869630745 0.033175 0.05
1525.5 1 9 0.006586 0.19894456074213027 0.0331047 0.05
1526.0 1 9 0.006572 0.19894413096650765 0.0330344 0.05
1526.5 1 9 0.006558 0.19894369935778616 0.0329641 0.05
1527.0 1 9 0.0065439999999999995 0.19894326590421293 0.0328938 0.05
1527.5 1 9 0.006529999999999999 0.19894283059393422 0.0328235 0.05
1528.0 1 9 0.006515999999999999 0.19894239341499453 0.0327532 0.05
1528.5 1 9 0.006502 0.19894195435533565 0.0326829 0.05
1529.0 1 9 0.006488 0.19894151340279526 0.03261259999999999 0.05
1529.5 1 9 0.006474 0.19894107054510587 0.0325423 0.05
1530.0 1 9 0.00646 0.19894062576989405 0.032472 0.05
1530.5 1 9 0.0064459999999999995 0.1989401790646787 0.0324017 0.05
1531.0 1 9 0.006431999999999999 0.19893973041687024 0.0323314 0.05
1531.5 1 9 0.006418 0.19893927981376952 0.0322611 0.05
1532.0 1 9 0.006404 0.1989388272425662 0.0321908 0.05
1532.5 1 9 0.00639 0.19893837269033793 0.0321205 0.05
1533.0 1 9 0.006376 0.19893791614404902 0.032050199999999994 0.05
1533.5 1 9 0.006362 0.19893745759054907 0.0319799 0.05
1534.0 1 9 0.0063479999999999995 0.19893699701657178 0.0319096 0.05
1534.5 1 9 0.006333999999999999 0.19893653440873382 0.0318393 0.05
1535.0 1 9 0.006319999999999999 0.1989360697535333 0.031769 0.05
1535.5 1 9 0.006306 0.1989356030373485 0.0316987 0.05
1536.0 1 9 0.006292 0.19893513424643675 0.031628399999999994 0.05
1536.5 1 9 0.006278 0.19893466336693275 0.0315581 0.05
1537.0 1 9 0.006264 0.19893419038484744 0.0314878 0.05
1537.5 1 9 0.0062499999999999995 0.19893371528606665 0.0314175 0.05
1538.0 1 9 0.006236 0.19893323805634955 0.0313472 0.05
1538.5 1 9 0.006222 0.1989327586813271 0.0312769 0.05
1539.0 1 9 0.006208 0.19893227714650105 0.031206600000000004 0.05
1539.5 1 9 0.006194 0.19893179343724207 0.031136299999999995 0.05
1540.0 1 9 0.00618 0.19893130753878838 0.031066 0.05
1540.5 1 9 0.006166 0.19893081943624435 0.030995700000000004 0.05
1541.0 1 9 0.0061519999999999995 0.19893032911457895 0.0309254 0.05
1541.5 1 9 0.006137999999999999 0.198929836558624 0.0308551 0.05
1542.0 1 9 0.006124 0.19892934175307295 0.030784799999999998 0.05
1542.5 1 9 0.00611 0.19892884468247896 0.0307145 0.05
1543.0 1 9 0.006096 0.19892834533125353 0.030644200000000003 0.05
1543.5 1 9 0.006082 0.1989278436836648 0.030573899999999998 0.05
1544.0 1 9 0.006068 0.19892733972383586 0.030503600000000002 0.05
1544.5 1 9 0.006054 0.1989268334357431 0.0304333 0.05
1545.0 1 9 0.00604 0.19892632480321443 0.030363000000000005 0.05
1545.5 1 9 0.006026 0.19892581380992783 0.030292699999999995 0.05
1546.0 1 9 0.006012 0.19892530043940918 0.0302224 0.05
1546.5 1 9 0.005998 0.1989247846750309 0.0301521 0.05
1547.0 1 9 0.005984 0.19892426650000997 0.0300818 0.05
1547.5 1 9 0.00597 0.19892374589740597 0.030011500000000003 0.05
1548.0 1 9 0.0059559999999999995 0.19892322285011954 0.029941200000000005 0.05
1548.5 1 9 0.005941999999999999 0.1989226973408903 0.0298709 0.05
1549.0 1 9 0.005928 0.19892216935229493 0.0298006 0.05
1549.5 1 9 0.005914 0.19892163886674535 0.029730300000000005 0.05
1550.0 1 9 0.0059 0.19892110586648684 0.029660000000000002 0.05
1550.5 1 9 0.005886 0.1989205703335958 0.0295897 0.05
1551.0 1 9 0.005872 0.19892003224997795 0.029519400000000005 0.05
1551.5 1 9 0.0058579999999999995 0.1989194915973663 0.029449099999999995 0.05
1552.0 1 9 0.005844 0.19891894835731888 0.029378800000000004 0.05
1552.5 1 9 0.00583 0.19891840251121687 0.029308500000000005 0.05
1553.0 1 9 0.005816 0.1989178540402624 0.0292382 0.05
1553.5 1 9 0.005802 0.1989173029254763 0.029167899999999997 0.05
1554.0 1 9 0.005788 0.19891674914769603 0.0290976 0.05
1554.5 1 9 0.005774 0.1989161926875734 0.0290273 0.05
1555.0 1 9 0.0057599999999999995 0.19891563352557237 0.028957 0.05
1555.5 1 9 0.005746 0.19891507164196673 0.0288867 0.05
1556.0 1 9 0.005732 0.19891450701683763 0.0288164 0.05
1556.5 1 9 0.005718 0.19891393963007156 0.028746099999999997 0.05
1557.0 1 9 0.005704 0.19891336946135765 0.0286758 0.05
1557.5 1 9 0.00569 0.19891279649018545 0.0286055 0.05
1558.0 1 9 0.005676 0.1989122206958423 0.0285352 0.05
1558.5 1 9 0.0056619999999999995 0.19891164205741102 0.0284649 0.05
1559.0 1 9 0.005648 0.19891106055376728 0.028394599999999996 0.05
1559.5 1 9 0.005634 0.19891047616357685 0.028324300000000004 0.05
1560.0 1 9 0.00562 0.1989098888652934 0.028254 0.05
1560.5 1 9 0.005606 0.19890929863715553 0.028183699999999996 0.05
1561.0 1 9 0.005592 0.19890870545718412 0.028113399999999997 0.05
1561.5 1 9 0.005578 0.19890810930317973 0.0280431 0.05
1562.0 1 9 0.0055639999999999995 0.19890751015271976 0.0279728 0.05
1562.5 1 9 0.005549999999999999 0.1989069079831556 0.0279025 0.05
1563.0 1 9 0.005536 0.19890630277160987 0.027832199999999998 0.05
1563.5 1 9 0.005522 0.19890569449497333 0.0277619 0.05
1564.0 1 9 0.005508 0.1989050831299022 0.027691599999999997 0.05
1564.5 1 9 0.005494 0.19890446865281503 0.0276213 0.05
1565.0 1 9 0.00548 0.19890385103988964 0.027551000000000003 0.05
1565.5 1 9 0.0054659999999999995 0.19890323026706014 0.0274807 0.05
1566.0 1 9 0.005452 0.19890260631001372 0.0274104 0.05
1566.5 1 9 0.005438 0.19890197914418747 0.0273401 0.05
1567.0 1 9 0.005424 0.19890134874476528 0.0272698 0.05
1567.5 1 9 0.00541 0.19890071508667437 0.027199500000000005 0.05
1568.0 1 9 0.005396 0.19890007814458222 0.027129200000000003 0.05
1568.5 1 9 0.005382 0.19889943789289288 0.027058900000000004 0.05
1569.0 1 9 0.0053679999999999995 0.19889879430574386 0.0269886 0.05
1569.5 1 9 0.005353999999999999 0.19889814735700248 0.026918299999999996 0.05
1570.0 1 9 0.00534 0.19889749702026222 0.026848 0.05
1570.5 1 9 0.005326 0.19889684326883936 0.0267777 0.05
1571.0 1 9 0.005312 0.19889618607576925 0.0267074 0.05
1571.5 1 9 0.005298 0.19889552541380254 0.0266371 0.05
1572.0 1 9 0.005284 0.19889486125540146 0.0265668 0.05
1572.5 1 9 0.0052699999999999995 0.19889419357273602 0.026496499999999996 0.05
1573.0 1 9 0.005256 0.19889352233768004 0.026426199999999997 0.05
1573.5 1 9 0.005242 0.19889284752180725 0.026355900000000005 0.05
1574.0 1 9 0.005228 0.19889216909638738 0.0262856 0.05
1574.5 1 9 0.005214 0.19889148703238185 0.0262153 0.05
1575.0 1 9 0.0052 0.19889080130043985 0.026144999999999998 0.05
1575.5 1 9 0.005186 0.198890111870894 0.0260747 0.05
1576.0 1 9 0.0051719999999999995 0.19888941871375612 0.026004399999999997 0.05
1576.5 1 9 0.005157999999999999 0.19888872179871286 0.0259341 0.05
1577.0 1 9 0.005144 0.19888802109512138 0.0258638 0.05
1577.5 1 9 0.00513 0.19888731657200456 0.025793500000000004 0.05
1578.0 1 9 0.005116 0.19888660819804688 0.025723200000000005 0.05
1578.5 1 9 0.005102 0.19888589594158945 0.0256529 0.05
1579.0 1 9 0.005088 0.19888517977062534 0.025582599999999997 0.05
1579.5 1 9 0.0050739999999999995 0.1988844596527949 0.0255123 0.05
1580.0 1 9 0.00506 0.19888373555538089 0.025442 0.05
1580.5 1 9 0.005046 0.19888300744530324 0.025371699999999997 0.05
1581.0 1 9 0.005032 0.19888227528911442 0.025301399999999998 0.05
1581.5 1 9 0.005018 0.19888153905299413 0.0252311 0.05
1582.0 1 9 0.005004 0.19888079870274394 0.025160799999999997 0.05
1582.5 1 9 0.00499 0.19888005420378227 0.0250905 0.05
1583.0 1 9 0.0049759999999999995 0.19887930552113892 0.025020199999999996 0.05
1583.5 1 9 0.004961999999999999 0.19887855261944934 0.024949900000000004 0.05
1584.0 1 9 0.004947999999999999 0.19887779546294954 0.024879599999999998 0.05
1584.5 1 9 0.004934 0.19887703401547002 0.0248093 0.05
1585.0 1 9 0.00492 0.1988762682404301 0.024739 0.05
1585.5 1 9 0.004906 0.19887549810083222 0.024668700000000002 0.05
1586.0 1 9 0.004892 0.19887472355925587 0.024598400000000003 0.05
1586.5 1 9 0.0048779999999999995 0.1988739445778515 0.024528099999999997 0.05
1587.0 1 9 0.004864 0.19887316111833445 0.024457800000000002 0.05
1587.5 1 9 0.00485 0.19887237314197848 0.0243875 0.05
1588.0 1 9 0.004836 0.19887158060960966 0.024317199999999997 0.05
1588.5 1 9 0.004822 0.1988707834815997 0.024246900000000002 0.05
1589.0 1 9 0.004808 0.1988699817178594 0.0241766 0.05
1589.5 1 9 0.004794 0.1988691752778319 0.0241063 0.05
1590.0 1 9 0.0047799999999999995 0.1988683641204859 0.024036000000000002 0.05
1590.5 1 9 0.004765999999999999 0.19886754820430863 0.023965700000000003 0.05
1591.0 1 9 0.004751999999999999 0.19886672748729878 0.0238954 0.05
1591.5 1 9 0.004738 0.19886590192695938 0.023825100000000002 0.05
1592.0 1 9 0.004724 0.1988650714802903 0.0237548 0.05
1592.5 1 9 0.00471 0.19886423610378093 0.023684500000000004 0.05
1593.0 1 9 0.004696 0.1988633957534026 0.023614200000000002 0.05
1593.5 1 9 0.0046819999999999995 0.19886255038460066 0.0235439 0.05
1594.0 1 9 0.004668 0.19886169995228684 0.0234736 0.05
1594.5 1 9 0.004654 0.19886084441083093 0.023403300000000002 0.05
1595.0 1 9 0.00464 0.19885998371405306 0.023333000000000003 0.05
1595.5 1 9 0.004626 0.1988591178152149 0.023262700000000004 0.05
1596.0 1 9 0.004612 0.19885824666701157 0.023192400000000005 0.05
1596.5 1 9 0.004598 0.1988573702215629 0.0231221 0.05
1597.0 1 9 0.0045839999999999995 0.19885648843040454 0.023051799999999997 0.05
1597.5 1 9 0.004569999999999999 0.1988556012444792 0.022981500000000002 0.05
1598.0 1 9 0.004555999999999999 0.19885470861412757 0.0229112 0.05
1598.5 1 9 0.004542 0.1988538104890788 0.0228409 0.05
1599.0 1 9 0.004528 0.1988529068184413 0.022770600000000002 0.05
1599.5 1 9 0.004514 0.19885199755069316 0.0227003 0.05
1600.0 1 9 0.0045 0.1988510826336721 0.022629999999999997 0.05
1600.5 1 9 0.004494 0.19877611590407968 0.02260835 0.05
1601.0 1 9 0.004488 0.19870100545896477 0.0225867 0.05
1601.5 1 9 0.004482 0.19862575088466455 0.02256505 0.05
1602.0 1 9 0.004476 0.19855035176592703 0.0225434 0.05
1602.5 1 9 0.00447 0.19847480768590361 0.022521750000000004 0.05
1603.0 1 9 0.004464 0.1983991182261412 0.022500100000000002 0.05
1603.5 1 9 0.004457999999999999 0.19832328296657462 0.02247845 0.05
1604.0 1 9 0.004451999999999999 0.1982473014855188 0.022456800000000006 0.05
1604.5 1 9 0.004445999999999999 0.19817117335966103 0.02243515 0.05
1605.0 1 9 0.0044399999999999995 0.1980948981640529 0.0224135 0.05
1605.5 1 9 0.004434 0.19801847547210255 0.02239185 0.05
1606.0 1 9 0.004428 0.19794190485556676 0.0223702 0.05
1606.5 1 9 0.004422 0.19786518588454283 0.02234855 0.05
1607.0 1 9 0.004416 0.1977883181274606 0.0223269 0.05
1607.5 1 9 0.00441 0.19771130115107427 0.022305250000000002 0.05
1608.0 1 9 0.004404 0.1976341345204545 0.0222836 0.05
1608.5 1 9 0.004398 0.19755681779897988 0.02226195 0.05
1609.0 1 9 0.004392 0.19747935054832894 0.0222403 0.05
1609.5 1 9 0.004385999999999999 0.19740173232847177 0.02221865 0.05
1610.0 1 9 0.004379999999999999 0.1973239626976618 0.022197 0.05
1610.5 1 9 0.004373999999999999 0.19724604121242728 0.02217535 0.05
1611.0 1 9 0.0043679999999999995 0.19716796742756285 0.022153700000000002 0.05
1611.5 1 9 0.0043619999999999996 0.19708974089612122 0.02213205 0.05
1612.0 1 9 0.004356 0.1970113611694044 0.022110400000000002 0.05
1612.5 1 9 0.00435 0.19693282779695545 0.02208875 0.05
1613.0 1 9 0.004344 0.19685414032654946 0.022067100000000003 0.05
1613.5 1 9 0.004338 0.1967752983041852 0.022045450000000005 0.05
1614.0 1 9 0.004332 0.19669630127407622 0.0220238 0.05
1614.5 1 9 0.004326 0.19661714877864206 0.02200215 0.05
1615.0 1 9 0.00432 0.19653784035849958 0.0219805 0.05
1615.5 1 9 0.004314 0.1964583755524538 0.02195885 0.05
1616.0 1 9 0.004307999999999999 0.19637875389748916 0.0219372 0.05
1616.5 1 9 0.004301999999999999 0.19629897492876058 0.021915550000000002 0.05
1617.0 1 9 0.0042959999999999995 0.19621903817958425 0.0218939 0.05
1617.5 1 9 0.0042899999999999995 0.19613894318142852 0.02187225 0.05
1618.0 1 9 0.004284 0.19605868946390484 0.021850600000000005 0.05
1618.5 1 9 0.004278 0.1959782765547587 0.02182895 0.05
1619.0 1 9 0.004272 0.19589770397985992 0.021807300000000005 0.05
1619.5 1 9 0.004266 0.1958169712631939 0.02178565 0.05
1620.0 1 9 0.00426 0.19573607792685166 0.021764 0.05
1620.5 1 9 0.004254 0.19565502349102099 0.02174235 0.05
1621.0 1 9 0.004248 0.19557380747397643 0.021720700000000003 0.05
1621.5 1 9 0.004242 0.19549242939207015 0.02169905 0.05
1622.0 1 9 0.004236 0.19541088875972212 0.0216774 0.05
1622.5 1 9 0.004229999999999999 0.19532918508941038 0.02165575 0.05
1623.0 1 9 0.0042239999999999995 0.19524731789166175 0.0216341 0.05
1623.5 1 9 0.0042179999999999995 0.19516528667504143 0.02161245 0.05
1624.0 1 9 0.004212 0.1950830909461437 0.0215908 0.05
1624.5 1 9 0.004206 0.1950007302095817 0.021569150000000002 0.05
1625.0 1 9 0.0042 0.1949182039679777 0.0215475 0.05
1625.5 1 9 0.004194 0.1948355117219529 0.02152585 0.05
1626.0 1 9 0.004188 0.19475265297011746 0.021504199999999998 0.05
1626.5 1 9 0.004182 0.1946696272090604 0.02148255 0.05
1627.0 1 9 0.004176 0.19458643393333921 0.0214609 0.05
1627.5 1 9 0.00417 0.19450307263547 0.021439249999999997 0.05
1628.0 1 9 0.004163999999999999 0.19441954280591658 0.021417600000000002 0.05
1628.5 1 9 0.004157999999999999 0.19433584393308076 0.02139595 0.05
1629.0 1 9 0.0041519999999999994 0.1942519755032913 0.021374300000000002 0.05
1629.5 1 9 0.0041459999999999995 0.1941679370007938 0.02135265 0.05
1630.0 1 9 0.00414 0.1940837279077399 0.021331000000000003 0.05
1630.5 1 9 0.004134 0.1939993477041768 0.02130935 0.05
1631.0 1 9 0.004128 0.19391479586803645 0.0212877 0.05
1631.5 1 9 0.004122 0.19383007187512488 0.02126605 0.05
1632.0 1 9 0.004116 0.19374517519911127 0.0212444 0.05
1632.5 1 9 0.00411 0.1936601053115171 0.021222750000000005 0.05
1633.0 1 9 0.004104 0.19357486168170518 0.021201100000000004 0.05
1633.5 1 9 0.004098 0.1934894437768686 0.021179450000000002 0.05
1634.0 1 9 0.004092 0.19340385106201968 0.0211578 0.05
1634.5 1 9 0.004085999999999999 0.19331808299997869 0.02113615 0.05
1635.0 1 9 0.004079999999999999 0.19323213905136277 0.021114499999999998 0.05
1635.5 1 9 0.0040739999999999995 0.19314601867457454 0.02109285 0.05
1636.0 1 9 0.004068 0.1930597213257906 0.0210712 0.05
1636.5 1 9 0.004062 0.19297324645895042 0.02104955 0.05
1637.0 1 9 0.004056 0.19288659352574433 0.021027900000000002 0.05
1637.5 1 9 0.00405 0.19279976197560247 0.02100625 0.05
1638.0 1 9 0.004044 0.19271275125568274 0.0209846 0.05
1638.5 1 9 0.004038 0.19262556081085916 0.020962949999999998 0.05
1639.0 1 9 0.004032 0.19253819008371018 0.0209413 0.05
1639.5 1 9 0.004026 0.1924506385145067 0.020919649999999998 0.05
1640.0 1 9 0.00402 0.1923629055412001 0.020898000000000003 0.05
1640.5 1 9 0.004014 0.19227499059941033 0.020876350000000002 0.05
1641.0 1 9 0.004007999999999999 0.19218689312241363 0.020854699999999997 0.05
1641.5 1 9 0.0040019999999999995 0.1920986125411305 0.020833050000000002 0.05
1642.0 1 9 0.0039959999999999996 0.19201014828411347 0.0208114 0.05
1642.5 1 9 0.00399 0.1919214997775346 0.02078975 0.05
1643.0 1 9 0.003984 0.1918326664451731 0.0207681 0.05
1643.5 1 9 0.003978 0.1917436477084031 0.02074645 0.05
1644.0 1 9 0.003972 0.19165444298618078 0.0207248 0.05
1644.5 1 9 0.003966 0.1915650516950319 0.02070315 0.05
1645.0 1 9 0.00396 0.19147547324903896 0.020681500000000002 0.05
1645.5 1 9 0.003954 0.1913857070598286 0.02065985 0.05
1646.0 1 9 0.003948 0.1912957525365584 0.020638200000000006 0.05
1646.5 1 9 0.003941999999999999 0.19120560908590425 0.02061655 0.05
1647.0 1 9 0.003936 0.19111527611204718 0.0205949 0.05
1647.5 1 9 0.0039299999999999995 0.19102475301665994 0.02057325 0.05
1648.0 1 9 0.0039239999999999995 0.19093403919889446 0.020551600000000003 0.05
1648.5 1 9 0.003918 0.19084313405536785 0.02052995 0.05
1649.0 1 9 0.003912 0.19075203698014948 0.0205083 0.05
1649.5 1 9 0.0039059999999999997 0.19066074736474725 0.020486650000000002 0.05
1650.0 1 9 0.0039 0.19056926459809428 0.020465000000000004 0.05
1650.5 1 9 0.003894 0.1904775880665351 0.02044335 0.05
1651.0 1 9 0.003888 0.19038571715381186 0.020421700000000004 0.05
1651.5 1 9 0.003882 0.19029365124105088 0.020400050000000003 0.05
1652.0 1 9 0.0038759999999999997 0.1902013897067483 0.0203784 0.05
1652.5 1 9 0.0038699999999999997 0.19010893192675646 0.020356750000000003 0.05
1653.0 1 9 0.003864 0.1900162772742696 0.020335100000000002 0.05
1653.5 1 9 0.003858 0.18992342511980978 0.02031345 0.05
1654.0 1 9 0.003852 0.1898303748312126 0.020291800000000002 0.05
1654.5 1 9 0.003846 0.18973712577361293 0.02027015 0.05
1655.0 1 9 0.0038399999999999997 0.1896436773094303 0.020248500000000003 0.05
1655.5 1 9 0.0038339999999999997 0.18955002879835464 0.020226849999999998 0.05
1656.0 1 9 0.003828 0.18945617959733138 0.020205199999999996 0.05
1656.5 1 9 0.003822 0.1893621290605468 0.02018355 0.05
1657.0 1 9 0.003816 0.18926787653941343 0.0201619 0.05
1657.5 1 9 0.00381 0.18917342138255483 0.020140250000000002 0.05
1658.0 1 9 0.0038039999999999997 0.18907876293579073 0.0201186 0.05
1658.5 1 9 0.0037979999999999997 0.18898390054212202 0.020096950000000002 0.05
1659.0 1 9 0.003792 0.18888883354171543 0.020075299999999997 0.05
1659.5 1 9 0.003786 0.18879356127188815 0.020053650000000003 0.05
1660.0 1 9 0.00378 0.18869808306709263 0.020032 0.05
1660.5 1 9 0.003774 0.18860239825890102 0.02001035 0.05
1661.0 1 9 0.0037679999999999996 0.1885065061759894 0.019988699999999998 0.05
1661.5 1 9 0.0037619999999999997 0.18841040614412244 0.01996705 0.05
1662.0 1 9 0.003756 0.18831409748613712 0.019945400000000002 0.05
1662.5 1 9 0.00375 0.18821757952192733 0.01992375 0.05
1663.0 1 9 0.003744 0.18812085156842745 0.0199021 0.05
1663.5 1 9 0.003738 0.18802391293959642 0.019880450000000004 0.05
1664.0 1 9 0.003732 0.1879267629464016 0.0198588 0.05
1664.5 1 9 0.0037259999999999997 0.1878294008968022 0.01983715 0.05
1665.0 1 9 0.0037199999999999998 0.18773182609573313 0.0198155 0.05
1665.5 1 9 0.003714 0.18763403784508823 0.01979385 0.05
1666.0 1 9 0.003708 0.18753603544370379 0.0197722 0.05
1666.5 1 9 0.003702 0.1874378181873416 0.019750550000000006 0.05
1667.0 1 9 0.003696 0.18733938536867234 0.019728900000000004 0.05
1667.5 1 9 0.0036899999999999997 0.18724073627725832 0.019707250000000003 0.05
1668.0 1 9 0.0036839999999999998 0.1871418701995367 0.0196856 0.05
1668.5 1 9 0.003678 0.18704278641880193 0.019663949999999996 0.05
1669.0 1 9 0.003672 0.18694348421518864 0.0196423 0.05
1669.5 1 9 0.003666 0.1868439628656543 0.01962065 0.05
1670.0 1 9 0.00366 0.1867442216439614 0.019599000000000002 0.05
1670.5 1 9 0.0036539999999999997 0.18664425982066007 0.019577350000000004 0.05
1671.0 1 9 0.0036479999999999998 0.18654407666307007 0.019555700000000002 0.05
1671.5 1 9 0.003642 0.18644367143526303 0.01953405 0.05
1672.0 1 9 0.003636 0.18634304339804433 0.019512399999999996 0.05
1672.5 1 9 0.00363 0.186242191808935 0.019490749999999998 0.05
1673.0 1 9 0.003624 0.18614111592215357 0.0194691 0.05
1673.5 1 9 0.0036179999999999997 0.18603981498859745 0.01944745 0.05
1674.0 1 9 0.0036119999999999998 0.1859382882558247 0.019425800000000003 0.05
1674.5 1 9 0.003606 0.18583653496803515 0.019404150000000002 0.05
1675.0 1 9 0.0036 0.18573455436605185 0.0193825 0.05
1675.5 1 9 0.003594 0.18563234568730197 0.01936085 0.05
1676.0 1 9 0.003588 0.18552990816579795 0.0193392 0.05
1676.5 1 9 0.003582 0.18542724103211847 0.01931755 0.05
1677.0 1 9 0.0035759999999999998 0.18532434351338883 0.0192959 0.05
1677.5 1 9 0.00357 0.18522121483326198 0.01927425 0.05
1678.0 1 9 0.003564 0.18511785421189864 0.0192526 0.05
1678.5 1 9 0.003558 0.18501426086594785 0.01923095 0.05
1679.0 1 9 0.003552 0.1849104340085271 0.0192093 0.05
1679.5 1 9 0.0035459999999999997 0.18480637284920245 0.01918765 0.05
1680.0 1 9 0.0035399999999999997 0.18470207659396845 0.019166000000000002 0.05
1680.5 1 9 0.003534 0.18459754444522794 0.01914435 0.05
1681.0 1 9 0.003528 0.1844927756017717 0.0191227 0.05
1681.5 1 9 0.003522 0.18438776925875802 0.019101049999999998 0.05
1682.0 1 9 0.003516 0.18428252460769207 0.0190794 0.05
1682.5 1 9 0.00351 0.18417704083640513 0.019057750000000002 0.05
1683.0 1 9 0.0035039999999999997 0.18407131712903377 0.0190361 0.05
1683.5 1 9 0.003498 0.18396535266599873 0.019014450000000002 0.05
1684.0 1 9 0.003492 0.1838591466239838 0.0189928 0.05
1684.5 1 9 0.003486 0.1837526981759145 0.01897115 0.05
1685.0 1 9 0.00348 0.18364600649093643 0.0189495 0.05
1685.5 1 9 0.003474 0.18353907073439404 0.01892785 0.05
1686.0 1 9 0.0034679999999999997 0.1834318900678084 0.0189062 0.05
1686.5 1 9 0.003462 0.1833244636488558 0.01888455 0.05
1687.0 1 9 0.003456 0.1832167906313451 0.018862900000000002 0.05
1687.5 1 9 0.00345 0.18310887016519603 0.01884125 0.05
1688.0 1 9 0.003444 0.18300070139641653 0.0188196 0.05
1688.5 1 9 0.003438 0.1828922834670802 0.01879795 0.05
1689.0 1 9 0.003432 0.1827836155153039 0.0187763 0.05
1689.5 1 9 0.003426 0.1826746966752245 0.018754650000000005 0.05
1690.0 1 9 0.00342 0.18256552607697646 0.018733 0.05
1690.5 1 9 0.003414 0.1824561028466679 0.01871135 0.05
1691.0 1 9 0.003408 0.18234642610635804 0.018689700000000004 0.05
1691.5 1 9 0.003402 0.1822364949740332 0.01866805 0.05
1692.0 1 9 0.0033959999999999997 0.1821263085635833 0.0186464 0.05
1692.5 1 9 0.00339 0.18201586598477829 0.018624750000000002 0.05
1693.0 1 9 0.003384 0.18190516634324386 0.0186031 0.05
1693.5 1 9 0.003378 0.18179420874043736 0.018581450000000003 0.05
1694.0 1 9 0.003372 0.18168299227362364 0.0185598 0.05
1694.5 1 9 0.003366 0.1815715160358504 0.01853815 0.05
1695.0 1 9 0.00336 0.18145977911592362 0.018516500000000005 0.05
1695.5 1 9 0.003354 0.1813477805983828 0.01849485 0.05
1696.0 1 9 0.003348 0.18123551956347572 0.018473200000000002 0.05
1696.5 1 9 0.003342 0.1811229950871336 0.01845155 0.05
1697.0 1 9 0.003336 0.18101020624094544 0.018429899999999996 0.05
1697.5 1 9 0.00333 0.18089715209213258 0.01840825 0.05
1698.0 1 9 0.0033239999999999997 0.18078383170352322 0.0183866 0.05
1698.5 1 9 0.0033179999999999998 0.18067024413352606 0.01836495 0.05
1699.0 1 9 0.003312 0.18055638843610472 0.018343300000000003 0.05
1699.5 1 9 0.003306 0.18044226366075106 0.018321650000000002 0.05
1700.0 1 9 0.0033 0.18032786885245902 0.018299999999999997 0.05
1700.5 1 9 0.003294 0.1801599781226499 0.01828375 0.05
1701.0 1 9 0.003288 0.1799917886957712 0.0182675 0.05
1701.5 1 9 0.003282 0.1798232997739881 0.01825125 0.05
1702.0 1 9 0.003276 0.17965451055662185 0.018235 0.05
1702.5 1 9 0.00327 0.17948542024013722 0.01821875 0.05
1703.0 1 9 0.003264 0.17931602801812938 0.0182025 0.05
1703.5 1 9 0.003258 0.17914633308131142 0.01818625 0.05
1704.0 1 9 0.003252 0.1789763346175014 0.01817 0.05
1704.5 1 9 0.003246 0.17880603181160917 0.018153750000000003 0.05
1705.0 1 9 0.00324 0.1786354238456237 0.0181375 0.05
1705.5 1 9 0.003234 0.1784645098985997 0.018121250000000002 0.05
1706.0 1 9 0.003228 0.17829328914664458 0.018105 0.05
1706.5 1 9 0.003222 0.17812176076290512 0.01808875 0.05
1707.0 1 9 0.003216 0.1779499239175543 0.0180725 0.05
1707.5 1 9 0.00321 0.17777777777777778 0.01805625 0.05
1708.0 1 9 0.003204 0.1776053215077605 0.01804 0.05
1708.5 1 9 0.003198 0.17743255426867327 0.01802375 0.05
1709.0 1 9 0.003192 0.1772594752186589 0.0180075 0.05
1709.5 1 9 0.003186 0.17708608351281874 0.01799125 0.05
1710.0 1 9 0.00318 0.1769123783031989 0.017975 0.05
1710.5 1 9 0.003174 0.17673835873877639 0.01795875 0.05
1711.0 1 9 0.003168 0.17656402396544515 0.0179425 0.05
1711.5 1 9 0.003162 0.17638937312600236 0.01792625 0.05
1712.0 1 9 0.003156 0.17621440536013402 0.01791 0.05
1712.5 1 9 0.00315 0.17603911980440098 0.01789375 0.05
1713.0 1 9 0.003144 0.17586351559222485 0.0178775 0.05
1713.5 1 9 0.003138 0.17568759185387364 0.017861249999999995 0.05
1714.0 1 9 0.0031320000000000002 0.1755113477164472 0.017845 0.05
1714.5 1 9 0.003126 0.17533478230386312 0.01782875 0.05
1715.0 1 9 0.00312 0.17515789473684212 0.0178125 0.05
1715.5 1 9 0.003114 0.17498068413289317 0.01779625 0.05
1716.0 1 9 0.003108 0.17480314960629922 0.01778 0.05
1716.5 1 9 0.003102 0.17462529026810217 0.017763750000000002 0.05
1717.0 1 9 0.0030960000000000002 0.1744471052260882 0.0177475 0.05
1717.5 1 9 0.00309 0.17426859358477265 0.01773125 0.05
1718.0 1 9 0.003084 0.17408975444538524 0.017715 0.05
1718.5 1 9 0.003078 0.17391058690585495 0.01769875 0.05
1719.0 1 9 0.003072 0.17373109006079457 0.0176825 0.05
1719.5 1 9 0.003066 0.17355126300148588 0.01766625 0.05
1720.0 1 9 0.0030600000000000002 0.17337110481586404 0.01765 0.05
1720.5 1 9 0.003054 0.17319061458850216 0.01763375 0.05
1721.0 1 9 0.003048 0.17300979140059597 0.017617500000000005 0.05
1721.5 1 9 0.003042 0.17282863432994816 0.01760125 0.05
1722.0 1 9 0.003036 0.17264714245095253 0.017585 0.05
1722.5 1 9 0.00303 0.17246531483457844 0.01756875 0.05
1723.0 1 9 0.003024 0.17228315054835497 0.0175525 0.05
1723.5 1 9 0.003018 0.1721006486563547 0.01753625 0.05
1724.0 1 9 0.003012 0.17191780821917807 0.01752 0.05
1724.5 1 9 0.003006 0.17173462829393704 0.017503749999999995 0.05
1725.0 1 9 0.003 0.17155110793423875 0.0174875 0.05
1725.5 1 9 0.002994 0.17136724619016958 0.01747125 0.05
1726.0 1 9 0.002988 0.17118304210827845 0.017455 0.05
1726.5 1 9 0.0029820000000000003 0.17099849473156048 0.01743875 0.05
1727.0 1 9 0.002976 0.17081360309944038 0.0174225 0.05
1727.5 1 9 0.00297 0.17062836624775582 0.01740625 0.05
1728.0 1 9 0.002964 0.17044278320874068 0.017389999999999996 0.05
1728.5 1 9 0.002958 0.17025685301100799 0.01737375 0.05
1729.0 1 9 0.002952 0.17007057467953335 0.017357499999999998 0.05
1729.5 1 9 0.002946 0.16988394723563757 0.01734125 0.05
1730.0 1 9 0.00294 0.16969696969696968 0.017325 0.05
1730.5 1 9 0.002934 0.1695096410774897 0.01730875 0.05
1731.0 1 9 0.002928 0.16932196038745123 0.0172925 0.05
1731.5 1 9 0.002922 0.169133926633384 0.01727625 0.05
1732.0 1 9 0.002916 0.16894553881807647 0.01726 0.05
1732.5 1 9 0.0029100000000000003 0.1687567959405582 0.01724375 0.05
1733.0 1 9 0.002904 0.16856769699608184 0.0172275 0.05
1733.5 1 9 0.002898 0.16837824097610574 0.01721125 0.05
1734.0 1 9 0.002892 0.16818842686827568 0.017195 0.05
1734.5 1 9 0.002886 0.16799825365640692 0.01717875 0.05
1735.0 1 9 0.00288 0.16780772032046615 0.0171625 0.05
1735.5 1 9 0.0028740000000000003 0.1676168258365532 0.01714625 0.05
1736.0 1 9 0.002868 0.16742556917688267 0.017129999999999996 0.05
1736.5 1 9 0.002862 0.16723394930976554 0.01711375 0.05
1737.0 1 9 0.002856 0.16704196519959058 0.017097499999999998 0.05
1737.5 1 9 0.00285 0.1668496158068057 0.01708125 0.05
1738.0 1 9 0.002844 0.1666569000878992 0.017065 0.05
1738.5 1 9 0.0028380000000000002 0.1664638169953809 0.01704875 0.05
1739.0 1 9 0.0028320000000000003 0.16627036547776314 0.017032499999999996 0.05
1739.5 1 9 0.002826 0.16607654447954162 0.01701625 0.05
1740.0 1 9 0.00282 0.16588235294117645 0.017 0.05
1740.5 1 9 0.002814 0.16568778979907267 0.01698375 0.05
1741.0 1 9 0.002808 0.16549285398556063 0.0169675 0.05
1741.5 1 9 0.0028020000000000002 0.16529754442887692 0.01695125 0.05
1742.0 1 9 0.002796 0.1651018600531444 0.016935 0.05
1742.5 1 9 0.00279 0.16490579977835243 0.01691875 0.05
1743.0 1 9 0.002784 0.16470936252033722 0.0169025 0.05
1743.5 1 9 0.002778 0.16451254719076172 0.01688625 0.05
1744.0 1 9 0.002772 0.16431535269709546 0.01687 0.05
1744.5 1 9 0.0027660000000000002 0.16411777794259438 0.01685375 0.05
1745.0 1 9 0.0027600000000000003 0.16391982182628065 0.0168375 0.05
1745.5 1 9 0.0027540000000000004 0.16372148324292193 0.01682125 0.05
1746.0 1 9 0.002748 0.163522761083011 0.016805 0.05
1746.5 1 9 0.002742 0.16332365423274517 0.016788749999999998 0.05
1747.0 1 9 0.002736 0.16312416157400508 0.0167725 0.05
1747.5 1 9 0.0027300000000000002 0.1629242819843342 0.01675625 0.05
1748.0 1 9 0.002724 0.16272401433691758 0.016739999999999998 0.05
1748.5 1 9 0.002718 0.16252335750056057 0.01672375 0.05
1749.0 1 9 0.002712 0.16232231033966782 0.0167075 0.05
1749.5 1 9 0.002706 0.16212087171422151 0.01669125 0.05
1750.0 1 9 0.0027 0.16191904047976013 0.016675 0.05
1750.5 1 9 0.002694 0.1617168154873565 0.01665875 0.05
1751.0 1 9 0.0026880000000000003 0.16151419558359623 0.0166425 0.05
1751.5 1 9 0.002682 0.1613111796105556 0.01662625 0.05
1752.0 1 9 0.002676 0.16110776640577965 0.016610000000000003 0.05
1752.5 1 9 0.00267 0.16090395480225989 0.01659375 0.05
1753.0 1 9 0.002664 0.16069974362841202 0.0165775 0.05
1753.5 1 9 0.002658 0.16049513170805346 0.01656125 0.05
1754.0 1 9 0.0026520000000000003 0.16029011786038078 0.016545 0.05
1754.5 1 9 0.002646 0.16008470089994709 0.01652875 0.05
1755.0 1 9 0.00264 0.1598788796366389 0.0165125 0.05
1755.5 1 9 0.002634 0.15967265287565355 0.01649625 0.05
1756.0 1 9 0.002628 0.15946601941747576 0.016479999999999995 0.05
1756.5 1 9 0.002622 0.15925897805785438 0.016463750000000003 0.05
1757.0 1 9 0.0026160000000000003 0.15905152758777932 0.0164475 0.05
1757.5 1 9 0.00261 0.15884366679345757 0.01643125 0.05
1758.0 1 9 0.002604 0.15863539445629 0.016415 0.05
1758.5 1 9 0.002598 0.15842670935284703 0.01639875 0.05
1759.0 1 9 0.002592 0.1582176102548451 0.0163825 0.05
1759.5 1 9 0.002586 0.15800809592912246 0.01636625 0.05
1760.0 1 9 0.0025800000000000003 0.1577981651376147 0.01635 0.05
1760.5 1 9 0.002574 0.15758781663733065 0.016333750000000005 0.05
1761.0 1 9 0.002568 0.15737704918032788 0.0163175 0.05
1761.5 1 9 0.002562 0.1571658615136876 0.01630125 0.05
1762.0 1 9 0.002556 0.15695425237949032 0.016285 0.05
1762.5 1 9 0.00255 0.15674222051479064 0.01626875 0.05
1763.0 1 9 0.0025440000000000003 0.15652976465159207 0.0162525 0.05
1763.5 1 9 0.002538 0.1563168835168219 0.01623625 0.05
1764.0 1 9 0.002532 0.1561035758323058 0.01622 0.05
1764.5 1 9 0.002526 0.15588984031474196 0.01620375 0.05
1765.0 1 9 0.00252 0.15567567567567567 0.0161875 0.05
1765.5 1 9 0.002514 0.15546108062147332 0.016171249999999998 0.05
1766.0 1 9 0.0025080000000000002 0.1552460538532962 0.016155 0.05
1766.5 1 9 0.002502 0.1550305940670746 0.01613875 0.05
1767.0 1 9 0.002496 0.15481469995348118 0.016122499999999998 0.05
1767.5 1 9 0.00249 0.15459837019790454 0.01610625 0.05
1768.0 1 9 0.002484 0.15438160348042262 0.01609 0.05
1768.5 1 9 0.002478 0.15416439847577576 0.016073749999999998 0.05
1769.0 1 9 0.0024720000000000002 0.15394675385333959 0.0160575 0.05
1769.5 1 9 0.002466 0.1537286682770981 0.01604125 0.05
1770.0 1 9 0.00246 0.15351014040561622 0.016025 0.05
1770.5 1 9 0.002454 0.1532911688920122 0.01600875 0.05
1771.0 1 9 0.002448 0.15307175238392998 0.0159925 0.05
1771.5 1 9 0.002442 0.15285188952351147 0.01597625 0.05
1772.0 1 9 0.002436 0.15263157894736842 0.01596 0.05
1772.5 1 9 0.00243 0.15241081928655428 0.01594375 0.05
1773.0 1 9 0.002424 0.15218960916653584 0.0159275 0.05
1773.5 1 9 0.002418 0.15196794720716475 0.01591125 0.05
1774.0 1 9 0.002412 0.15174583202264863 0.015895 0.05
1774.5 1 9 0.002406 0.1515232622215225 0.01587875 0.05
1775.0 1 9 0.0024000000000000002 0.1513002364066194 0.015862499999999998 0.05
1775.5 1 9 0.002394 0.1510767531750414 0.01584625 0.05
1776.0 1 9 0.002388 0.15085281111813012 0.01583 0.05
1776.5 1 9 0.002382 0.15062840882143702 0.01581375 0.05
1777.0 1 9 0.002376 0.1504035448646938 0.0157975 0.05
1777.5 1 9 0.00237 0.15017821782178217 0.015781250000000004 0.05
1778.0 1 9 0.0023639999999999998 0.14995242626070407 0.015765 0.05
1778.5 1 9 0.002358 0.14972616874355107 0.01574875 0.05
1779.0 1 9 0.002352 0.14949944382647384 0.0157325 0.05
1779.5 1 9 0.002346 0.1492722500596516 0.01571625 0.05
1780.0 1 9 0.00234 0.14904458598726117 0.0157 0.05
1780.5 1 9 0.002334 0.14881645014744563 0.01568375 0.05
1781.0 1 9 0.002328 0.1485878410722834 0.0156675 0.05
1781.5 1 9 0.002322 0.14835875728775658 0.01565125 0.05
1782.0 1 9 0.002316 0.1481291973137192 0.015635 0.05
1782.5 1 9 0.00231 0.14789915966386555 0.01561875 0.05
1783.0 1 9 0.002304 0.1476686428456978 0.0156025 0.05
1783.5 1 9 0.002298 0.14743764536049403 0.01558625 0.05
1784.0 1 9 0.0022919999999999998 0.14720616570327552 0.01557 0.05
1784.5 1 9 0.002286 0.14697420236277425 0.01555375 0.05
1785.0 1 9 0.00228 0.14674175382139984 0.0155375 0.05
1785.5 1 9 0.002274 0.14650881855520656 0.015521250000000002 0.05
1786.0 1 9 0.002268 0.14627539503386006 0.015505 0.05
1786.5 1 9 0.002262 0.1460414817206037 0.015488749999999997 0.05
1787.0 1 9 0.0022559999999999998 0.1458070770722249 0.0154725 0.05
1787.5 1 9 0.00225 0.14557217953902143 0.01545625 0.05
1788.0 1 9 0.002244 0.14533678756476684 0.01544 0.05
1788.5 1 9 0.002238 0.14510089958667638 0.015423750000000002 0.05
1789.0 1 9 0.002232 0.1448645140353724 0.015407499999999998 0.05
1789.5 1 9 0.002226 0.14462762933484938 0.015391249999999997 0.05
1790.0 1 9 0.0022199999999999998 0.144390243902439 0.015375 0.05
1790.5 1 9 0.002214 0.1441523561487751 0.015358750000000001 0.05
1791.0 1 9 0.002208 0.14391396447775787 0.015342499999999999 0.05
1791.5 1 9 0.002202 0.14367506728651824 0.015326249999999998 0.05
1792.0 1 9 0.002196 0.14343566296538213 0.015309999999999997 0.05
1792.5 1 9 0.00219 0.1431957498978341 0.015293749999999998 0.05
1793.0 1 9 0.002184 0.14295532646048112 0.0152775 0.05
1793.5 1 9 0.002178 0.1427143910230158 0.015261249999999999 0.05
1794.0 1 9 0.002172 0.14247294194817972 0.015245 0.05
1794.5 1 9 0.002166 0.14223097759172618 0.01522875 0.05
1795.0 1 9 0.00216 0.14198849630238292 0.015212499999999999 0.05
1795.5 1 9 0.0021539999999999997 0.14174549642181458 0.015196249999999998 0.05
1796.0 1 9 0.0021479999999999997 0.14150197628458497 0.015179999999999999 0.05
1796.5 1 9 0.002142 0.14125793421811886 0.015163749999999998 0.05
1797.0 1 9 0.002136 0.1410133685426638 0.0151475 0.05
1797.5 1 9 0.00213 0.14076827757125154 0.01513125 0.05
1798.0 1 9 0.002124 0.1405226596096593 0.015114999999999998 0.05
1798.5 1 9 0.002118 0.14027651295637059 0.01509875 0.05
1799.0 1 9 0.0021119999999999997 0.14002983590253604 0.0150825 0.05
1799.5 1 9 0.002106 0.13978262673193395 0.015066249999999998 0.05
1800.0 1 9 0.0021 0.13953488372093023 0.01505 0.05
