#mass result Id CS_TTbar_Zt obsratio 
600.0	0	7	0.8745	1.45355118594485	0.01	0.60163
600.5	0	7	0.8728250000000001	1.4554799803028908	0.01	0.5996818999999999
601.0	0	7	0.8711500000000001	1.4574213470946433	0.01	0.5977338
601.5	0	7	0.8694750000000001	1.4593754096481337	0.01	0.5957857
602.0	0	7	0.8678	1.4613422929097115	0.01	0.5938376
602.5	0	7	0.866125	1.4633221234706817	0.01	0.5918895
603.0	0	7	0.86445	1.465315029594465	0.01	0.5899414
603.5	0	7	0.8627750000000001	1.4673211412442966	0.01	0.5879933
604.0	0	7	0.8611000000000001	1.4693405901114795	0.01	0.5860452
604.5	0	7	0.8594250000000001	1.4713735096442013	0.01	0.5840971
605.0	0	7	0.85775	1.4734200350769304	0.01	0.582149
605.5	0	7	0.856075	1.475480303460405	0.01	0.5802009
606.0	0	7	0.8544	1.477554453692226	0.01	0.5782528
606.5	0	7	0.8527250000000001	1.4796426265480744	0.01	0.5763047
607.0	0	7	0.8510500000000001	1.4817449647135597	0.01	0.5743566
607.5	0	7	0.8493750000000001	1.4838616128167212	0.01	0.5724084999999999
608.0	0	7	0.8477	1.4859927174611947	0.01	0.5704603999999999
608.5	0	7	0.846025	1.488138427260061	0.01	0.5685123
609.0	0	7	0.84435	1.4902988928703933	0.01	0.5665642
609.5	0	7	0.8426750000000001	1.4924742670285174	0.01	0.5646161
610.0	0	7	0.8410000000000001	1.4946647045860084	0.01	0.562668
610.5	0	7	0.8393250000000001	1.4968703625464337	0.01	0.5607199
611.0	0	7	0.83765	1.4990914001028683	0.01	0.5587718
611.5	0	7	0.835975	1.501327978676195	0.01	0.5568236999999999
612.0	0	7	0.8343	1.503580261954211	0.01	0.5548756
612.5	0	7	0.8326250000000001	1.5058484159315644	0.01	0.5529275
613.0	0	7	0.8309500000000001	1.5081326089505345	0.01	0.5509793999999999
613.5	0	7	0.8292750000000001	1.5104330117426823	0.01	0.5490313
614.0	0	7	0.8276000000000001	1.5127497974713904	0.01	0.5470832
614.5	0	7	0.825925	1.5150831417753141	0.01	0.5451351
615.0	0	7	0.82425	1.51743322281277	0.01	0.543187
615.5	0	7	0.8225750000000001	1.5198002213070791	0.01	0.5412389
616.0	0	7	0.8209000000000001	1.5221843205928975	0.01	0.5392907999999998
616.5	0	7	0.8192250000000001	1.5245857066635504	0.01	0.5373427
617.0	0	7	0.8175500000000001	1.5270045682194031	0.01	0.5353946
617.5	0	7	0.815875	1.5294410967172902	0.01	0.5334465
618.0	0	7	0.8142	1.5318954864210315	0.01	0.5314984
618.5	0	7	0.812525	1.5343679344530634	0.01	0.5295503
619.0	0	7	0.8108500000000001	1.536858640847214	0.01	0.5276022000000001
619.5	0	7	0.8091750000000001	1.5393678086026534	0.01	0.5256541
620.0	0	7	0.8075000000000001	1.5418956437390445	0.01	0.523706
620.5	0	7	0.805825	1.544442355352933	0.01	0.5217579
621.0	0	7	0.80415	1.547008155675403	0.01	0.5198098
621.5	0	7	0.802475	1.5495932601310352	0.01	0.5178617
622.0	0	7	0.8008000000000001	1.5521978873982003	0.01	0.5159136
622.5	0	7	0.7991250000000001	1.5548222594707235	0.01	0.5139655
623.0	0	7	0.7974500000000001	1.5574666017209575	0.01	0.5120174
623.5	0	7	0.7957750000000001	1.5601311429642992	0.01	0.5100693000000001
624.0	0	7	0.7941	1.5628161155251938	0.01	0.5081211999999999
624.5	0	7	0.792425	1.5655217553046576	0.01	0.5061731
625.0	0	7	0.7907500000000001	1.568248301849373	0.01	0.5042249999999999
625.5	0	7	0.7890750000000001	1.5709959984223842	0.01	0.5022769
626.0	0	7	0.7874000000000001	1.5737650920754513	0.01	0.5003288
626.5	0	7	0.785725	1.5765558337230956	0.01	0.49838070000000007
627.0	0	7	0.78405	1.5793684782183925	0.01	0.4964326
627.5	0	7	0.782375	1.5822032844305536	0.01	0.4944845
628.0	0	7	0.7807000000000001	1.5850605153243498	0.01	0.4925364
628.5	0	7	0.7790250000000001	1.5879404380414293	0.01	0.4905883
629.0	0	7	0.7773500000000001	1.5908433239835775	0.01	0.4886402
629.5	0	7	0.7756750000000001	1.593769448897979	0.01	0.48669210000000007
630.0	0	7	0.774	1.5967190929645338	0.01	0.484744
630.5	0	7	0.772325	1.5996925408852893	0.01	0.4827959
631.0	0	7	0.7706500000000001	1.6026900819760432	0.01	0.4808478
631.5	0	7	0.7689750000000001	1.6057120102601863	0.01	0.4788997
632.0	0	7	0.7673000000000001	1.6087586245648406	0.01	0.47695160000000003
632.5	0	7	0.7656250000000001	1.6118302286193682	0.01	0.4750035
633.0	0	7	0.76395	1.6149271311563085	0.01	0.47305540000000007
633.5	0	7	0.762275	1.618049646014825	0.01	0.47110730000000006
634.0	0	7	0.7606	1.6211980922467257	0.01	0.46915920000000005
634.5	0	7	0.7589250000000001	1.6243727942251374	0.01	0.4672111
635.0	0	7	0.7572500000000001	1.6275740817559103	0.01	0.465263
635.5	0	7	0.7555750000000001	1.630802290191833	0.01	0.4633149
636.0	0	7	0.7539	1.6340577605497406	0.01	0.46136679999999997
636.5	0	7	0.752225	1.6373408396306028	0.01	0.45941869999999996
637.0	0	7	0.75055	1.6406518801426804	0.01	0.4574706
637.5	0	7	0.7488750000000001	1.6439912408278408	0.01	0.45552249999999994
638.0	0	7	0.7472000000000001	1.6473592865911304	0.01	0.45357440000000004
638.5	0	7	0.7455250000000001	1.6507563886337002	0.01	0.45162630000000004
639.0	0	7	0.7438500000000001	1.6541829245891841	0.01	0.4496782000000001
639.5	0	7	0.742175	1.6576392786636414	0.01	0.4477301
640.0	0	7	0.7405	1.6611258417791657	0.01	0.44578199999999996
640.5	0	7	0.7388250000000001	1.664643011721277	0.01	0.44383390000000006
641.0	0	7	0.7371500000000001	1.6681911932902123	0.01	0.44188580000000005
641.5	0	7	0.7354750000000001	1.6717707984562362	0.01	0.43993770000000004
642.0	0	7	0.7338	1.6753822465190955	0.01	0.4379896
642.5	0	7	0.7321250000000001	1.6790259642717498	0.01	0.4360415
643.0	0	7	0.73045	1.6827023861685066	0.01	0.4340934
643.5	0	7	0.7287750000000001	1.6864119544977119	0.01	0.4321453
644.0	0	7	0.7271000000000001	1.6901551195591233	0.01	0.4301972
644.5	0	7	0.7254250000000001	1.693932339846132	0.01	0.4282491
645.0	0	7	0.7237500000000001	1.6977440822329763	0.01	0.426301
645.5	0	7	0.722075	1.701590822167116	0.01	0.42435290000000003
646.0	0	7	0.7204	1.7054730438669257	0.01	0.4224048
646.5	0	7	0.7187250000000001	1.7093912405248866	0.01	0.4204567
647.0	0	7	0.7170500000000001	1.7133459145164522	0.01	0.41850859999999995
647.5	0	7	0.7153750000000001	1.7173375776147766	0.01	0.4165605
648.0	0	7	0.7137	1.721366751211493	0.01	0.4146124
648.5	0	7	0.7120250000000001	1.7254339665437504	0.01	0.4126643
649.0	0	7	0.71035	1.7295397649277044	0.01	0.4107162
649.5	0	7	0.708675	1.7336846979986944	0.01	0.40876809999999997
650.0	0	7	0.7070000000000001	1.7378693279583108	0.01	0.40682000000000007
650.5	0	7	0.7053250000000001	1.7420942278286047	0.01	0.40487190000000006
651.0	0	7	0.7036500000000001	1.7463599817136644	0.01	0.4029238
651.5	0	7	0.7019750000000001	1.750667185068821	0.01	0.40097570000000005
652.0	0	7	0.7003	1.7550164449777408	0.01	0.39902760000000004
652.5	0	7	0.698625	1.7594083804376706	0.01	0.3970795
653.0	0	7	0.6969500000000001	1.7638436226531227	0.01	0.39513139999999997
653.5	0	7	0.6952750000000001	1.7683228153382915	0.01	0.3931833
654.0	0	7	0.6936000000000001	1.772846615028505	0.01	0.3912352
654.5	0	7	0.6919250000000001	1.7774156914010255	0.01	0.38928709999999994
655.0	0	7	0.69025	1.7820307276055343	0.01	0.387339
655.5	0	7	0.688575	1.7866924206046382	0.01	0.3853909
656.0	0	7	0.6869000000000001	1.7914014815247545	0.01	0.3834427999999999
656.5	0	7	0.6852250000000001	1.7961586360177482	0.01	0.3814947000000001
657.0	0	7	0.6835500000000001	1.8009646246337079	0.01	0.37954660000000007
657.5	0	7	0.6818750000000001	1.8058202032052566	0.01	0.3775985
658.0	0	7	0.6802	1.8107261432438246	0.01	0.3756504
658.5	0	7	0.678525	1.8156832323483156	0.01	0.37370230000000004
659.0	0	7	0.6768500000000001	1.8206922746266216	0.01	0.3717542
659.5	0	7	0.6751750000000001	1.8257540911304602	0.01	0.36980609999999997
660.0	0	7	0.6735000000000001	1.8308695203040306	0.01	0.36785799999999996
660.5	0	7	0.6718250000000001	1.8360394184470006	0.01	0.3659099
661.0	0	7	0.67015	1.8412646601923608	0.01	0.3639618
661.5	0	7	0.668475	1.846546138999712	0.01	0.3620137
662.0	0	7	0.6668000000000001	1.8518847676645591	0.01	0.3600656
662.5	0	7	0.6651250000000001	1.8572814788442344	0.01	0.3581175
663.0	0	7	0.6634500000000001	1.8627372256010768	0.01	0.35616939999999997
663.5	0	7	0.6617750000000001	1.8682529819635354	0.01	0.35422130000000007
664.0	0	7	0.6601000000000001	1.8738297435058928	0.01	0.3522732
664.5	0	7	0.658425	1.8794685279473267	0.01	0.3503251
665.0	0	7	0.6567500000000001	1.8851703757710758	0.01	0.348377
665.5	0	7	0.6550750000000001	1.8909363508644923	0.01	0.34642889999999993
666.0	0	7	0.6534000000000001	1.896767541180815	0.01	0.34448080000000003
666.5	0	7	0.6517250000000001	1.902665059423524	0.01	0.34253269999999997
667.0	0	7	0.6500500000000001	1.9086300437541805	0.01	0.3405846
667.5	0	7	0.648375	1.9146636585247012	0.01	0.33863650000000006
668.0	0	7	0.6467	1.9207670950350533	0.01	0.3366884
668.5	0	7	0.6450250000000001	1.9269415723174057	0.01	0.3347403
669.0	0	7	0.6433500000000001	1.933188337947825	0.01	0.3327922
669.5	0	7	0.6416750000000001	1.939508668886645	0.01	0.33084410000000003
670.0	0	7	0.6400000000000001	1.9459038723487063	0.01	0.328896
670.5	0	7	0.638325	1.9523752867047013	0.01	0.3269479
671.0	0	7	0.63665	1.958924282414943	0.01	0.3249998
671.5	0	7	0.6349750000000001	1.9655522629969138	0.01	0.3230517
672.0	0	7	0.6333000000000001	1.9722606660280362	0.01	0.3211036
672.5	0	7	0.6316250000000001	1.9790509641851701	0.01	0.3191555
673.0	0	7	0.6299500000000001	1.9859246663224126	0.01	0.3172074
673.5	0	7	0.6282750000000001	1.9928833185888573	0.01	0.3152593
674.0	0	7	0.6266	1.9999285055880545	0.01	0.31331119999999996
674.5	0	7	0.6249250000000001	2.007061851581	0.01	0.31136309999999995
675.0	0	7	0.6232500000000001	2.014285021734564	0.01	0.30941499999999994
675.5	0	7	0.6215750000000001	2.021599723417383	0.01	0.3074669
676.0	0	7	0.6199000000000001	2.0290077075453294	0.01	0.30551880000000003
676.5	0	7	0.618225	2.036510769978789	0.01	0.3035707
677.0	0	7	0.61655	2.0441107529740807	0.01	0.3016226
677.5	0	7	0.6148750000000001	2.051809546691494	0.01	0.2996745
678.0	0	7	0.6132000000000001	2.059609090762526	0.01	0.2977264
678.5	0	7	0.6115250000000001	2.0675113759190586	0.01	0.2957783
679.0	0	7	0.6098500000000001	2.0755184456873397	0.01	0.2938302
679.5	0	7	0.6081750000000001	2.0836323981498013	0.01	0.2918821
680.0	0	7	0.6065	2.0918553877779082	0.01	0.28993399999999997
680.5	0	7	0.6048250000000001	2.100189627339394	0.01	0.2879859
681.0	0	7	0.6031500000000001	2.108637389883435	0.01	0.2860378
681.5	0	7	0.6014750000000001	2.117201010807502	0.01	0.28408970000000006
682.0	0	7	0.5998000000000001	2.1258828900098394	0.01	0.2821416
682.5	0	7	0.5981250000000001	2.1346854941317344	0.01	0.2801935
683.0	0	7	0.59645	2.1436113588939834	0.01	0.27824540000000003
683.5	0	7	0.594775	2.152663091532201	0.01	0.2762973
684.0	0	7	0.5931000000000001	2.16184337333588	0.01	0.2743492
684.5	0	7	0.5914250000000001	2.171154962296408	0.01	0.2724011
685.0	0	7	0.5897500000000001	2.180600695869523	0.01	0.270453
685.5	0	7	0.5880750000000001	2.190183493858027	0.01	0.2685049
686.0	0	7	0.5864	2.199906361420905	0.01	0.26655680000000004
686.5	0	7	0.584725	2.209772392215373	0.01	0.26460870000000003
687.0	0	7	0.5830500000000001	2.2197847716787367	0.01	0.2626606
687.5	0	7	0.5813750000000001	2.2299467804574005	0.01	0.2607125
688.0	0	7	0.5797000000000001	2.2402617979907595	0.01	0.2587644
688.5	0	7	0.5780250000000001	2.2507333062582093	0.01	0.2568163
689.0	0	7	0.5763500000000001	2.261364893697998	0.01	0.2548682
689.5	0	7	0.574675	2.272160259307188	0.01	0.25292010000000004
690.0	0	7	0.5730000000000001	2.2831232169325664	0.01	0.25097200000000003
690.5	0	7	0.5713250000000001	2.2942576997629547	0.01	0.24902390000000002
691.0	0	7	0.5696500000000001	2.3055677650340507	0.01	0.24707579999999998
691.5	0	7	0.5679750000000001	2.317057598957605	0.01	0.24512769999999998
692.0	0	7	0.5663	2.328731521887527	0.01	0.24317960000000002
692.5	0	7	0.5646250000000002	2.340593993736308	0.01	0.2412315
693.0	0	7	0.5629500000000001	2.352649619656023	0.01	0.23928340000000003
693.5	0	7	0.5612750000000001	2.3649031559991287	0.01	0.23733530000000003
694.0	0	7	0.5596000000000001	2.3773595165752432	0.01	0.2353872
694.5	0	7	0.5579250000000001	2.390023779221219	0.01	0.23343910000000004
695.0	0	7	0.5562500000000001	2.4029011927029567	0.01	0.231491
695.5	0	7	0.554575	2.4159971839686616	0.01	0.22954289999999997
696.0	0	7	0.5529000000000001	2.429317365774614	0.01	0.22759479999999999
696.5	0	7	0.5512250000000001	2.44286754470595	0.01	0.2256467
697.0	0	7	0.5495500000000001	2.4566537296165465	0.01	0.22369860000000005
697.5	0	7	0.5478750000000001	2.4706821405137758	0.01	0.22175050000000004
698.0	0	7	0.5462	2.484959217915728	0.01	0.21980239999999998
698.5	0	7	0.5445250000000001	2.4994916327104866	0.01	0.2178543
699.0	0	7	0.54285	2.51428629654915	0.01	0.2159062
699.5	0	7	0.5411750000000001	2.529350372806638	0.01	0.21395810000000004
700.0	0	7	0.5395000000000001	2.544691288146786	0.01	0.21201
700.5	0	7	0.5378250000000001	2.5437196268312587	0.01	0.2114325
701.0	0	7	0.5361500000000001	2.5427426430485407	0.01	0.21085500000000004
701.5	0	7	0.534475	2.541760292946226	0.01	0.2102775
702.0	0	7	0.5328	2.5407725321888415	0.01	0.2097
702.5	0	7	0.5311250000000001	2.539779315951177	0.01	0.20912250000000002
703.0	0	7	0.5294500000000001	2.538780598911506	0.01	0.208545
703.5	0	7	0.5277750000000001	2.5377763352446903	0.01	0.20796749999999997
704.0	0	7	0.5261000000000001	2.5367664786151702	0.01	0.20739
704.5	0	7	0.524425	2.53575098216984	0.01	0.20681250000000004
705.0	0	7	0.52275	2.5347297985308024	0.01	0.206235
705.5	0	7	0.5210750000000001	2.5337028797879975	0.01	0.2056575
706.0	0	7	0.5194000000000001	2.5326701774917106	0.01	0.20508
706.5	0	7	0.5177250000000001	2.531631642644956	0.01	0.2045025
707.0	0	7	0.5160500000000001	2.5305872256957223	0.01	0.203925
707.5	0	7	0.514375	2.5295368765290944	0.01	0.20334750000000001
708.0	0	7	0.5127	2.5284805444592395	0.01	0.20277
708.5	0	7	0.5110250000000001	2.5274181782212497	0.01	0.20219250000000002
709.0	0	7	0.5093500000000001	2.52634972596285	0.01	0.20161500000000002
709.5	0	7	0.5076750000000001	2.525275135235964	0.01	0.2010375
710.0	0	7	0.5060000000000001	2.524194352988128	0.01	0.20046
710.5	0	7	0.504325	2.5231073255537626	0.01	0.19988250000000002
711.0	0	7	0.50265	2.5220139986452925	0.01	0.19930499999999998
711.5	0	7	0.5009750000000001	2.520914317344102	0.01	0.1987275
712.0	0	7	0.4993000000000001	2.5198082260913455	0.01	0.19815
712.5	0	7	0.4976250000000001	2.518695668678587	0.01	0.1975725
713.0	0	7	0.49595000000000006	2.5175765882382803	0.01	0.196995
713.5	0	7	0.4942750000000001	2.516450927234081	0.01	0.1964175
714.0	0	7	0.49260000000000004	2.5153186274509802	0.01	0.19584000000000001
714.5	0	7	0.49092500000000006	2.5141796299852763	0.01	0.1952625
715.0	0	7	0.4892500000000001	2.5130338752343535	0.01	0.194685
715.5	0	7	0.4875750000000001	2.5118813028862874	0.01	0.19410750000000002
716.0	0	7	0.48590000000000005	2.510721851909265	0.01	0.19352999999999998
716.5	0	7	0.48422500000000007	2.509555460540807	0.01	0.1929525
717.0	0	7	0.48255000000000003	2.5083820662768033	0.01	0.192375
717.5	0	7	0.48087500000000005	2.5072016058603475	0.01	0.1917975
718.0	0	7	0.47920000000000007	2.5060140152703694	0.01	0.19122
718.5	0	7	0.47752500000000003	2.5048192297100598	0.01	0.19064249999999996
719.0	0	7	0.47585000000000005	2.503617183595086	0.01	0.190065
719.5	0	7	0.47417500000000007	2.502407810541593	0.01	0.1894875
720.0	0	7	0.47250000000000003	2.501191043353978	0.01	0.18891
720.5	0	7	0.47082500000000005	2.4999668140124514	0.01	0.1883325
721.0	0	7	0.46915000000000007	2.4987350536603556	0.01	0.187755
721.5	0	7	0.4674750000000001	2.4974956925912575	0.01	0.1871775
722.0	0	7	0.46580000000000005	2.4962486602357985	0.01	0.18660000000000002
722.5	0	7	0.46412500000000007	2.4949938851483022	0.01	0.18602249999999998
723.0	0	7	0.46245	2.493731294993125	0.01	0.185445
723.5	0	7	0.46077500000000005	2.4924608165307585	0.01	0.18486750000000005
724.0	0	7	0.45910000000000006	2.4911823756036684	0.01	0.18429
724.5	0	7	0.457425	2.489895897121862	0.01	0.1837125
725.0	0	7	0.45575000000000004	2.488601305048189	0.01	0.183135
725.5	0	7	0.45407500000000006	2.487298522383359	0.01	0.1825575
726.0	0	7	0.4524	2.485987471150676	0.01	0.18198
726.5	0	7	0.45072500000000004	2.4846680723804804	0.01	0.1814025
727.0	0	7	0.44905000000000006	2.4833402460942904	0.01	0.180825
727.5	0	7	0.447375	2.4820039112886447	0.01	0.1802475
728.0	0	7	0.44570000000000004	2.480658985918629	0.01	0.17967
728.5	0	7	0.44402500000000006	2.4793053868810815	0.01	0.1790925
729.0	0	7	0.44235	2.4779430299974794	0.01	0.178515
729.5	0	7	0.44067500000000004	2.476571829996488	0.01	0.1779375
730.0	0	7	0.43900000000000006	2.475191700496166	0.01	0.17736000000000002
730.5	0	7	0.437325	2.47380255398583	0.01	0.1767825
731.0	0	7	0.43565000000000004	2.472404301807554	0.01	0.176205
731.5	0	7	0.433975	2.470996854137308	0.01	0.17562749999999996
732.0	0	7	0.4323	2.469580119965724	0.01	0.17505
732.5	0	7	0.43062500000000004	2.4681540070784798	0.01	0.17447249999999997
733.0	0	7	0.42895000000000005	2.4667184220362866	0.01	0.17389500000000002
733.5	0	7	0.427275	2.4652732701544853	0.01	0.1733175
734.0	0	7	0.42560000000000003	2.4638184554822278	0.01	0.17274
734.5	0	7	0.423925	2.462353880781239	0.01	0.1721625
735.0	0	7	0.42225	2.4608794475041527	0.01	0.171585
735.5	0	7	0.42057500000000003	2.459395055772408	0.01	0.1710075
736.0	0	7	0.41890000000000005	2.4579006043536937	0.01	0.17043000000000003
736.5	0	7	0.417225	2.4563959906389368	0.01	0.16985250000000002
737.0	0	7	0.41555000000000003	2.4548811106188158	0.01	0.169275
737.5	0	7	0.413875	2.4533558588597932	0.01	0.1686975
738.0	0	7	0.4122	2.4518201284796577	0.01	0.16812
738.5	0	7	0.41052500000000003	2.450273811122551	0.01	0.1675425
739.0	0	7	0.40885000000000005	2.448716796933489	0.01	0.16696500000000003
739.5	0	7	0.407175	2.4471489745323414	0.01	0.16638750000000002
740.0	0	7	0.4055	2.4455702309872747	0.01	0.16581
740.5	0	7	0.403825	2.4439804517876325	0.01	0.1652325
741.0	0	7	0.40215	2.442379520816252	0.01	0.164655
741.5	0	7	0.400475	2.44076732032119	0.01	0.1640775
742.0	0	7	0.39880000000000004	2.43914373088685	0.01	0.1635
742.5	0	7	0.397125	2.4375086314045022	0.01	0.1629225
743.0	0	7	0.39545	2.435861899042163	0.01	0.16234500000000004
743.5	0	7	0.393775	2.4342034092138407	0.01	0.1617675
744.0	0	7	0.3921	2.432533035548111	0.01	0.16119
744.5	0	7	0.390425	2.43085064985602	0.01	0.1606125
745.0	0	7	0.38875000000000004	2.429156122098291	0.01	0.160035
745.5	0	7	0.387075	2.4274493203518177	0.01	0.15945750000000003
746.0	0	7	0.38539999999999996	2.4257301107754277	0.01	0.15888000000000002
746.5	0	7	0.383725	2.423998357574896	0.01	0.1583025
747.0	0	7	0.38205	2.4222539229671898	0.01	0.157725
747.5	0	7	0.380375	2.4204966671439254	0.01	0.1571475
748.0	0	7	0.37870000000000004	2.4187264482340174	0.01	0.15656999999999996
748.5	0	7	0.377025	2.4169431222654936	0.01	0.1559925
749.0	0	7	0.37534999999999996	2.415146543126468	0.01	0.15541499999999997
749.5	0	7	0.373675	2.413336562525228	0.01	0.1548375
750.0	0	7	0.372	2.411513029949436	0.01	0.15426
750.5	0	7	0.370325	2.4096757926244043	0.01	0.1536825
751.0	0	7	0.36865	2.407824695470429	0.01	0.15310499999999996
751.5	0	7	0.366975	2.405959581059153	0.01	0.1525275
752.0	0	7	0.3653	2.4040802895689373	0.01	0.15195
752.5	0	7	0.363625	2.4021866587392027	0.01	0.1513725
753.0	0	7	0.36195	2.400278523823734	0.01	0.150795
753.5	0	7	0.360275	2.3983557175428962	0.01	0.1502175
754.0	0	7	0.3586	2.39641807003475	0.01	0.14964
754.5	0	7	0.356925	2.3944654088050314	0.01	0.1490625
755.0	0	7	0.35525	2.3924975586759607	0.01	0.148485
755.5	0	7	0.353575	2.3905143417338532	0.01	0.14790750000000003
756.0	0	7	0.3519	2.388515577275504	0.01	0.14733000000000002
756.5	0	7	0.350225	2.386501081753292	0.01	0.1467525
757.0	0	7	0.34854999999999997	2.384470668719001	0.01	0.146175
757.5	0	7	0.346875	2.3824241487662907	0.01	0.1455975
758.0	0	7	0.3452	2.3803613294717967	0.01	0.14502
758.5	0	7	0.34352499999999997	2.3782820153348214	0.01	0.14444250000000003
759.0	0	7	0.34185	2.376186007715566	0.01	0.14386500000000005
759.5	0	7	0.340175	2.3740731047718744	0.01	0.14328750000000004
760.0	0	7	0.3385	2.3719431013944363	0.01	0.14271
760.5	0	7	0.336825	2.3697957891404147	0.01	0.1421325
761.0	0	7	0.33515	2.3676309561654483	0.01	0.141555
761.5	0	7	0.33347499999999997	2.365448387153978	0.01	0.1409775
762.0	0	7	0.3318	2.363247863247863	0.01	0.14040000000000002
762.5	0	7	0.330125	2.361029161973216	0.01	0.1398225
763.0	0	7	0.32845	2.3587920571654277	0.01	0.139245
763.5	0	7	0.326775	2.356536318892314	0.01	0.1386675
764.0	0	7	0.3251	2.354261713375335	0.01	0.13809
764.5	0	7	0.323425	2.3519680029088263	0.01	0.1375125
765.0	0	7	0.32175	2.3496549457771936	0.01	0.136935
765.5	0	7	0.320075	2.347322296169994	0.01	0.13635750000000002
766.0	0	7	0.3184	2.3449698040948594	0.01	0.13578
766.5	0	7	0.316725	2.3425972152881784	0.01	0.1352025
767.0	0	7	0.31505	2.340204271123491	0.01	0.134625
767.5	0	7	0.313375	2.3377907085175034	0.01	0.13404749999999999
768.0	0	7	0.3117	2.33535625983367	0.01	0.13347
768.5	0	7	0.310025	2.3329006527832643	0.01	0.13289250000000002
769.0	0	7	0.30835	2.330423610323848	0.01	0.13231500000000002
769.5	0	7	0.306675	2.327924850555081	0.01	0.1317375
770.0	0	7	0.305	2.325404086611772	0.01	0.13116
770.5	0	7	0.303325	2.3228610265540945	0.01	0.1305825
771.0	0	7	0.30165	2.3202953732548743	0.01	0.130005
771.5	0	7	0.299975	2.3177068242838654	0.01	0.1294275
772.0	0	7	0.2983	2.3150950717889014	0.01	0.12885000000000002
772.5	0	7	0.296625	2.3124598023738527	0.01	0.12827249999999998
773.0	0	7	0.29495	2.3098006969732565	0.01	0.127695
773.5	0	7	0.293275	2.3071174307235434	0.01	0.1271175
774.0	0	7	0.29159999999999997	2.3044096728307255	0.01	0.12653999999999999
774.5	0	7	0.289925	2.3016770864344545	0.01	0.1259625
775.0	0	7	0.28825	2.298919328468317	0.01	0.12538500000000002
775.5	0	7	0.286575	2.2961360495162553	0.01	0.12480749999999999
776.0	0	7	0.2849	2.293326893664976	0.01	0.12423
776.5	0	7	0.283225	2.290491498352237	0.01	0.12365250000000001
777.0	0	7	0.28154999999999997	2.287629494210847	0.01	0.123075
777.5	0	7	0.279875	2.284740504908263	0.01	0.12249750000000001
778.0	0	7	0.2782	2.281824146981627	0.01	0.12192
778.5	0	7	0.276525	2.2788800296680884	0.01	0.1213425
779.0	0	7	0.27485	2.275907754730261	0.01	0.12076500000000001
779.5	0	7	0.273175	2.272906916276651	0.01	0.12018750000000002
780.0	0	7	0.27149999999999996	2.2698771005768745	0.01	0.11961000000000001
780.5	0	7	0.269825	2.2668178858715056	0.01	0.11903249999999999
781.0	0	7	0.26815	2.263728842176354	0.01	0.11845499999999999
781.5	0	7	0.266475	2.2606095310809953	0.01	0.1178775
782.0	0	7	0.2648	2.257459505541347	0.01	0.11729999999999999
782.5	0	7	0.263125	2.254278309666088	0.01	0.1167225
783.0	0	7	0.26144999999999996	2.2510654784967064	0.01	0.116145
783.5	0	7	0.259775	2.2478205377809504	0.01	0.1155675
784.0	0	7	0.2581	2.2445430037394556	0.01	0.11499
784.5	0	7	0.256425	2.241232382825303	0.01	0.11441250000000001
785.0	0	7	0.25475	2.2378881714762593	0.01	0.11383499999999999
785.5	0	7	0.253075	2.234509855859435	0.01	0.11325750000000002
786.0	0	7	0.2514	2.231096911608094	0.01	0.11267999999999999
786.5	0	7	0.24972499999999997	2.2276488035503217	0.01	0.11210250000000001
787.0	0	7	0.24805	2.224164985429276	0.01	0.111525
787.5	0	7	0.24637499999999998	2.2206448996146824	0.01	0.1109475
788.0	0	7	0.2447	2.217087976805291	0.01	0.11037000000000001
788.5	0	7	0.243025	2.21349363572193	0.01	0.1097925
789.0	0	7	0.24134999999999998	2.209861282790825	0.01	0.109215
789.5	0	7	0.239675	2.206190311816822	0.01	0.1086375
790.0	0	7	0.238	2.2024801036461223	0.01	0.10806
790.5	0	7	0.23632499999999998	2.198730025818156	0.01	0.10748250000000001
791.0	0	7	0.23465	2.1949394322061644	0.01	0.10690499999999999
791.5	0	7	0.232975	2.1911076626460697	0.01	0.1063275
792.0	0	7	0.2313	2.1872340425531913	0.01	0.10575000000000001
792.5	0	7	0.229625	2.1833178825263255	0.01	0.10517250000000002
793.0	0	7	0.22794999999999999	2.179358477938716	0.01	0.10459500000000001
793.5	0	7	0.226275	2.175355108515394	0.01	0.1040175
794.0	0	7	0.2246	2.171307037896365	0.01	0.10344
794.5	0	7	0.22292499999999998	2.167213513185077	0.01	0.10286250000000001
795.0	0	7	0.22125	2.1630737644815956	0.01	0.102285
795.5	0	7	0.219575	2.158887004399872	0.01	0.1017075
796.0	0	7	0.21789999999999998	2.154652427568476	0.01	0.10112999999999998
796.5	0	7	0.216225	2.1503692101141194	0.01	0.1005525
797.0	0	7	0.21455	2.1460365091272817	0.01	0.099975
797.5	0	7	0.21287499999999998	2.1416534621092076	0.01	0.0993975
798.0	0	7	0.2112	2.137219186399514	0.01	0.09882
798.5	0	7	0.209525	2.1327327785836068	0.01	0.0982425
799.0	0	7	0.20784999999999998	2.128193313879076	0.01	0.097665
799.5	0	7	0.206175	2.123599845500193	0.01	0.09708750000000001
800.0	0	7	0.2045	2.1189514039995854	0.01	0.09651
800.5	0	7	0.2041535	2.117502520422684	0.01	0.0964124
801.0	0	7	0.203807	2.116050700411567	0.01	0.0963148
801.5	0	7	0.2034605	2.114595935030327	0.01	0.0962172
802.0	0	7	0.203114	2.1131382153067637	0.01	0.09611959999999999
802.5	0	7	0.2027675	2.111677532232197	0.01	0.096022
803.0	0	7	0.202421	2.110213876761283	0.01	0.09592439999999998
803.5	0	7	0.2020745	2.108747239811827	0.01	0.0958268
804.0	0	7	0.201728	2.107277612264596	0.01	0.09572920000000001
804.5	0	7	0.2013815	2.1058049849631293	0.01	0.0956316
805.0	0	7	0.201035	2.1043293487135473	0.01	0.09553399999999998
805.5	0	7	0.2006885	2.1028506942843608	0.01	0.0954364
806.0	0	7	0.200342	2.1013690124062814	0.01	0.0953388
806.5	0	7	0.1999955	2.099884293772023	0.01	0.0952412
807.0	0	7	0.199649	2.0983965290361097	0.01	0.0951436
807.5	0	7	0.1993025	2.096905708814679	0.01	0.095046
808.0	0	7	0.198956	2.0954118236852857	0.01	0.09494840000000002
808.5	0	7	0.1986095	2.0939148641867016	0.01	0.0948508
809.0	0	7	0.198263	2.0924148208187163	0.01	0.09475320000000001
809.5	0	7	0.1979165	2.0909116840419375	0.01	0.09465559999999999
810.0	0	7	0.19757	2.089405444277586	0.01	0.09455800000000002
810.5	0	7	0.1972235	2.0878960919072966	0.01	0.09446039999999999
811.0	0	7	0.196877	2.0863836172729084	0.01	0.0943628
811.5	0	7	0.1965305	2.0848680106762623	0.01	0.0942652
812.0	0	7	0.196184	2.0833492623789924	0.01	0.09416759999999999
812.5	0	7	0.1958375	2.0818273626023176	0.01	0.09406999999999999
813.0	0	7	0.195491	2.080302301526831	0.01	0.0939724
813.5	0	7	0.1951445	2.0787740692922916	0.01	0.0938748
814.0	0	7	0.194798	2.0772426559974067	0.01	0.09377719999999999
814.5	0	7	0.1944515	2.075708051699623	0.01	0.0936796
815.0	0	7	0.194105	2.074170246414909	0.01	0.09358199999999998
815.5	0	7	0.1937585	2.0726292301175384	0.01	0.0934844
816.0	0	7	0.193412	2.0710849927398733	0.01	0.0933868
816.5	0	7	0.1930655	2.0695375241721443	0.01	0.0932892
817.0	0	7	0.192719	2.0679868142622295	0.01	0.0931916
817.5	0	7	0.1923725	2.066432852815434	0.01	0.09309399999999998
818.0	0	7	0.192026	2.064875629594264	0.01	0.09299639999999999
818.5	0	7	0.1916795	2.0633151343182043	0.01	0.0928988
819.0	0	7	0.191333	2.0617513566634913	0.01	0.0928012
819.5	0	7	0.1909865	2.0601842862628854	0.01	0.09270359999999998
820.0	0	7	0.19064	2.0586139127054404	0.01	0.092606
820.5	0	7	0.1902935	2.0570402255362756	0.01	0.0925084
821.0	0	7	0.189947	2.0554632142563425	0.01	0.09241079999999999
821.5	0	7	0.1896005	2.0538828683221904	0.01	0.0923132
822.0	0	7	0.189254	2.0522991771457324	0.01	0.0922156
822.5	0	7	0.1889075	2.0507121300940097	0.01	0.092118
823.0	0	7	0.18856099999999998	2.049121716488952	0.01	0.0920204
823.5	0	7	0.1882145	2.04752792560714	0.01	0.0919228
824.0	0	7	0.18786799999999998	2.0459307466795607	0.01	0.0918252
824.5	0	7	0.1875215	2.0443301688913698	0.01	0.0917276
825.0	0	7	0.18717499999999998	2.042726181381643	0.01	0.09163000000000002
825.5	0	7	0.1868285	2.0411187732431357	0.01	0.0915324
826.0	0	7	0.18648199999999998	2.0395079335220285	0.01	0.0914348
826.5	0	7	0.1861355	2.0378936512176855	0.01	0.09133720000000001
827.0	0	7	0.18578899999999998	2.036275915282399	0.01	0.0912396
827.5	0	7	0.1854425	2.0346547146211407	0.01	0.09114200000000001
828.0	0	7	0.18509599999999998	2.033030038091305	0.01	0.09104439999999998
828.5	0	7	0.1847495	2.0314018745024565	0.01	0.0909468
829.0	0	7	0.18440299999999998	2.029770212616071	0.01	0.0908492
829.5	0	7	0.18405649999999998	2.02813504114528	0.01	0.0907516
830.0	0	7	0.18370999999999998	2.0264963487546055	0.01	0.090654
830.5	0	7	0.18336349999999998	2.024854124059702	0.01	0.0905564
831.0	0	7	0.18301699999999999	2.0232083556270917	0.01	0.09045880000000002
831.5	0	7	0.18267049999999999	2.0215590319739003	0.01	0.0903612
832.0	0	7	0.18232399999999999	2.0199061415675863	0.01	0.0902636
832.5	0	7	0.1819775	2.018249672825677	0.01	0.090166
833.0	0	7	0.181631	2.016589614115494	0.01	0.0900684
833.5	0	7	0.1812845	2.014925953753884	0.01	0.0899708
834.0	0	7	0.180938	2.013258680006943	0.01	0.0898732
834.5	0	7	0.1805915	2.011587781089739	0.01	0.08977560000000001
835.0	0	7	0.180245	2.009913245166038	0.01	0.08967800000000001
835.5	0	7	0.1798985	2.008235060348022	0.01	0.0895804
836.0	0	7	0.179552	2.0065532146960083	0.01	0.0894828
836.5	0	7	0.1792055	2.0048676962181657	0.01	0.0893852
837.0	0	7	0.178859	2.0031784928702305	0.01	0.0892876
837.5	0	7	0.1785125	2.001485592555219	0.01	0.08919
838.0	0	7	0.178166	1.9997889831231395	0.01	0.0890924
838.5	0	7	0.1778195	1.9980886523707002	0.01	0.0889948
839.0	0	7	0.177473	1.9963845880410183	0.01	0.0888972
839.5	0	7	0.1771265	1.9946767778233232	0.01	0.0887996
840.0	0	7	0.17678	1.9929652093526637	0.01	0.08870200000000002
840.5	0	7	0.1764335	1.9912498702096058	0.01	0.08860440000000001
841.0	0	7	0.176087	1.9895307479199338	0.01	0.0885068
841.5	0	7	0.1757405	1.9878078299543487	0.01	0.0884092
842.0	0	7	0.175394	1.9860811037281625	0.01	0.0883116
842.5	0	7	0.1750475	1.984350556600993	0.01	0.088214
843.0	0	7	0.174701	1.9826161758764542	0.01	0.08811640000000001
843.5	0	7	0.1743545	1.9808779488018466	0.01	0.08801880000000001
844.0	0	7	0.174008	1.9791358625678448	0.01	0.0879212
844.5	0	7	0.1736615	1.9773899043081813	0.01	0.0878236
845.0	0	7	0.173315	1.975640061099332	0.01	0.087726
845.5	0	7	0.1729685	1.9738863199601957	0.01	0.08762839999999998
846.0	0	7	0.172622	1.972128667851773	0.01	0.0875308
846.5	0	7	0.1722755	1.9703670916768459	0.01	0.0874332
847.0	0	7	0.171929	1.9686015782796478	0.01	0.0873356
847.5	0	7	0.1715825	1.9668321144455398	0.01	0.08723800000000001
848.0	0	7	0.171236	1.9650586869006796	0.01	0.0871404
848.5	0	7	0.1708895	1.9632812823116903	0.01	0.0870428
849.0	0	7	0.170543	1.9614998872853247	0.01	0.0869452
849.5	0	7	0.1701965	1.95971448836813	0.01	0.08684760000000001
850.0	0	7	0.16985	1.9579250720461097	0.01	0.08675
850.5	0	7	0.1695035	1.956131624744381	0.01	0.0866524
851.0	0	7	0.169157	1.9543341328268333	0.01	0.0865548
851.5	0	7	0.1688105	1.9525325825957816	0.01	0.08645719999999998
852.0	0	7	0.168464	1.9507269602916177	0.01	0.0863596
852.5	0	7	0.1681175	1.9489172520924625	0.01	0.08626199999999999
853.0	0	7	0.167771	1.9471034441138104	0.01	0.0861644
853.5	0	7	0.1674245	1.945285522408176	0.01	0.0860668
854.0	0	7	0.167078	1.9434634729647364	0.01	0.0859692
854.5	0	7	0.1667315	1.94163728170897	0.01	0.0858716
855.0	0	7	0.166385	1.9398069345022968	0.01	0.085774
855.5	0	7	0.1660385	1.93797241714171	0.01	0.08567639999999999
856.0	0	7	0.165692	1.9361337153594116	0.01	0.0855788
856.5	0	7	0.1653455	1.9342908148224405	0.01	0.0854812
857.0	0	7	0.164999	1.9324437011323017	0.01	0.0853836
857.5	0	7	0.1646525	1.9305923598245902	0.01	0.085286
858.0	0	7	0.164306	1.9287367763686136	0.01	0.0851884
858.5	0	7	0.1639595	1.9268769361670124	0.01	0.0850908
859.0	0	7	0.163613	1.9250128245553761	0.01	0.08499320000000002
859.5	0	7	0.1632665	1.9231444268018603	0.01	0.0848956
860.0	0	7	0.16292	1.921271728106795	0.01	0.084798
860.5	0	7	0.1625735	1.9193947136022969	0.01	0.08470040000000001
861.0	0	7	0.162227	1.9175133683518748	0.01	0.08460280000000002
861.5	0	7	0.1618805	1.915627677350033	0.01	0.0845052
862.0	0	7	0.161534	1.9137376255218725	0.01	0.0844076
862.5	0	7	0.16118749999999998	1.91184319772269	0.01	0.08431000000000001
863.0	0	7	0.160841	1.9099443787375732	0.01	0.08421239999999999
863.5	0	7	0.16049449999999998	1.908041153280992	0.01	0.0841148
864.0	0	7	0.16014799999999998	1.906133505996391	0.01	0.0840172
864.5	0	7	0.15980149999999999	1.9042214214557742	0.01	0.0839196
865.0	0	7	0.15945499999999999	1.9023048841592896	0.01	0.08382200000000001
865.5	0	7	0.15910849999999999	1.9003838785348115	0.01	0.0837244
866.0	0	7	0.158762	1.8984583889375175	0.01	0.0836268
866.5	0	7	0.1584155	1.8965283996494637	0.01	0.08352920000000001
867.0	0	7	0.158069	1.8945938948791585	0.01	0.0834316
867.5	0	7	0.1577225	1.8926548587611296	0.01	0.083334
868.0	0	7	0.157376	1.8907112753554933	0.01	0.0832364
868.5	0	7	0.1570295	1.8887631286475146	0.01	0.0831388
869.0	0	7	0.156683	1.886810402547169	0.01	0.08304120000000001
869.5	0	7	0.1563365	1.8848530808887	0.01	0.0829436
870.0	0	7	0.15599	1.8828911474301715	0.01	0.082846
870.5	0	7	0.1556435	1.8809245858530195	0.01	0.08274839999999999
871.0	0	7	0.155297	1.8789533797615994	0.01	0.0826508
871.5	0	7	0.1549505	1.8769775126827304	0.01	0.08255320000000001
872.0	0	7	0.154604	1.8749969680652374	0.01	0.0824556
872.5	0	7	0.1542575	1.873011729279487	0.01	0.082358
873.0	0	7	0.153911	1.8710217796169237	0.01	0.0822604
873.5	0	7	0.1535645	1.8690271022896003	0.01	0.08216280000000001
874.0	0	7	0.153218	1.867027680429707	0.01	0.0820652
874.5	0	7	0.1528715	1.8650234970890935	0.01	0.0819676
875.0	0	7	0.152525	1.8630145352387932	0.01	0.08186999999999998
875.5	0	7	0.1521785	1.861000777768538	0.01	0.08177240000000001
876.0	0	7	0.151832	1.8589822074862747	0.01	0.0816748
876.5	0	7	0.1514855	1.856958807117675	0.01	0.0815772
877.0	0	7	0.151139	1.8549305593056422	0.01	0.0814796
877.5	0	7	0.1507925	1.8528974466098151	0.01	0.08138200000000001
878.0	0	7	0.150446	1.85085945150607	0.01	0.08128439999999999
878.5	0	7	0.1500995	1.8488165563860133	0.01	0.0811868
879.0	0	7	0.149753	1.8467687435564786	0.01	0.08108919999999999
879.5	0	7	0.1494065	1.8447159952390124	0.01	0.08099160000000001
880.0	0	7	0.14906	1.8426582935693623	0.01	0.080894
880.5	0	7	0.1487135	1.8405956205969571	0.01	0.0807964
881.0	0	7	0.148367	1.8385279582843859	0.01	0.0806988
881.5	0	7	0.1480205	1.836455288506871	0.01	0.08060119999999998
882.0	0	7	0.147674	1.8343775930517392	0.01	0.08050360000000001
882.5	0	7	0.1473275	1.8322948536178891	0.01	0.080406
883.0	0	7	0.146981	1.8302070518152522	0.01	0.0803084
883.5	0	7	0.1466345	1.8281141691642522	0.01	0.0802108
884.0	0	7	0.146288	1.8260161870952603	0.01	0.0801132
884.5	0	7	0.1459415	1.823913086948045	0.01	0.0800156
885.0	0	7	0.145595	1.8218048499712205	0.01	0.07991799999999999
885.5	0	7	0.1452485	1.8196914573216871	0.01	0.0798204
886.0	0	7	0.144902	1.8175728900640717	0.01	0.07972280000000001
886.5	0	7	0.1445555	1.815449129170162	0.01	0.07962520000000001
887.0	0	7	0.14420899999999998	1.8133201555183354	0.01	0.0795276
887.5	0	7	0.1438625	1.8111859498929876	0.01	0.07943
888.0	0	7	0.14351599999999998	1.809046492983951	0.01	0.0793324
888.5	0	7	0.1431695	1.806901765385916	0.01	0.07923480000000001
889.0	0	7	0.14282299999999998	1.8047517475978423	0.01	0.0791372
889.5	0	7	0.1424765	1.8025964200223685	0.01	0.0790396
890.0	0	7	0.14212999999999998	1.8004357629652148	0.01	0.078942
890.5	0	7	0.14178349999999998	1.7982697566345862	0.01	0.07884440000000001
891.0	0	7	0.14143699999999998	1.7960983811405666	0.01	0.0787468
891.5	0	7	0.14109049999999998	1.7939216164945095	0.01	0.0786492
892.0	0	7	0.14074399999999998	1.7917394426084252	0.01	0.07855160000000001
892.5	0	7	0.14039749999999998	1.7895518392943635	0.01	0.078454
893.0	0	7	0.14005099999999998	1.7873587862637892	0.01	0.0783564
893.5	0	7	0.13970449999999998	1.7851602631269579	0.01	0.07825880000000002
894.0	0	7	0.13935799999999998	1.7829562493922813	0.01	0.07816120000000001
894.5	0	7	0.13901149999999998	1.7807467244656916	0.01	0.07806360000000001
895.0	0	7	0.13866499999999998	1.778531667650001	0.01	0.077966
895.5	0	7	0.13831849999999998	1.7763110581442534	0.01	0.07786839999999999
896.0	0	7	0.13797199999999998	1.774084875043075	0.01	0.07777079999999999
896.5	0	7	0.13762549999999998	1.771853097336018	0.01	0.0776732
897.0	0	7	0.13727899999999998	1.7696157039068983	0.01	0.07757560000000001
897.5	0	7	0.13693249999999998	1.7673726735331317	0.01	0.07747800000000002
898.0	0	7	0.13658599999999999	1.765123984885061	0.01	0.0773804
898.5	0	7	0.13623949999999999	1.762869616525281	0.01	0.0772828
899.0	0	7	0.13589299999999999	1.7606095469079561	0.01	0.07718520000000001
899.5	0	7	0.1355465	1.7583437543781357	0.01	0.0770876
900.0	0	7	0.1352	1.756072217171061	0.01	0.07699
900.5	0	7	0.1348535	1.7520017253228808	0.01	0.0769711
901.0	0	7	0.134507	1.7479292339920105	0.01	0.0769522
901.5	0	7	0.1341605	1.7438547417048273	0.01	0.0769333
902.0	0	7	0.133814	1.7397782469862597	0.01	0.07691440000000001
902.5	0	7	0.1334675	1.7356997483597867	0.01	0.0768955
903.0	0	7	0.133121	1.7316192443474345	0.01	0.0768766
903.5	0	7	0.1327745	1.7275367334697758	0.01	0.07685770000000001
904.0	0	7	0.132428	1.7234522142459276	0.01	0.07683880000000001
904.5	0	7	0.1320815	1.7193656851935502	0.01	0.07681989999999998
905.0	0	7	0.131735	1.715277144828843	0.01	0.07680100000000001
905.5	0	7	0.1313885	1.711186591666547	0.01	0.0767821
906.0	0	7	0.131042	1.7070940242199386	0.01	0.0767632
906.5	0	7	0.1306955	1.70299944100083	0.01	0.0767443
907.0	0	7	0.130349	1.6989028405195672	0.01	0.07672539999999999
907.5	0	7	0.1300025	1.694804221285028	0.01	0.07670649999999998
908.0	0	7	0.129656	1.69070358180462	0.01	0.07668760000000001
908.5	0	7	0.1293095	1.68660092058428	0.01	0.0766687
909.0	0	7	0.128963	1.6824962361284699	0.01	0.07664979999999999
909.5	0	7	0.1286165	1.6783895269401767	0.01	0.07663090000000002
910.0	0	7	0.12827	1.6742807915209106	0.01	0.076612
910.5	0	7	0.1279235	1.6701700283707017	0.01	0.0765931
911.0	0	7	0.127577	1.6660572359881003	0.01	0.07657420000000001
911.5	0	7	0.1272305	1.6619424128701734	0.01	0.0765553
912.0	0	7	0.126884	1.6578255575125038	0.01	0.0765364
912.5	0	7	0.1265375	1.6537066684091875	0.01	0.0765175
913.0	0	7	0.126191	1.6495857440528323	0.01	0.0764986
913.5	0	7	0.1258445	1.6454627829345565	0.01	0.0764797
914.0	0	7	0.125498	1.641337783543986	0.01	0.0764608
914.5	0	7	0.1251515	1.6372107443692527	0.01	0.07644190000000002
915.0	0	7	0.12480499999999999	1.633081663896994	0.01	0.076423
915.5	0	7	0.12445849999999999	1.628950540612349	0.01	0.07640410000000002
916.0	0	7	0.12411199999999999	1.6248173729989577	0.01	0.0763852
916.5	0	7	0.12376549999999999	1.6206821595389589	0.01	0.07636629999999998
917.0	0	7	0.12341899999999999	1.6165448987129882	0.01	0.07634739999999998
917.5	0	7	0.12307249999999999	1.6124055890001765	0.01	0.07632850000000001
918.0	0	7	0.12272599999999999	1.6082642288781488	0.01	0.0763096
918.5	0	7	0.12237949999999999	1.60412081682302	0.01	0.0762907
919.0	0	7	0.12203299999999999	1.599975351309396	0.01	0.0762718
919.5	0	7	0.12168649999999999	1.595827830810369	0.01	0.0762529
920.0	0	7	0.12133999999999999	1.591678253797518	0.01	0.076234
920.5	0	7	0.12099349999999999	1.5875266187409054	0.01	0.0762151
921.0	0	7	0.12064699999999999	1.5833729241090762	0.01	0.0761962
921.5	0	7	0.12030049999999999	1.5792171683690546	0.01	0.0761773
922.0	0	7	0.11995399999999999	1.5750593499863441	0.01	0.0761584
922.5	0	7	0.11960749999999999	1.570899467424924	0.01	0.0761395
923.0	0	7	0.11926099999999998	1.5667375191472477	0.01	0.0761206
923.5	0	7	0.11891449999999998	1.562573503614242	0.01	0.07610170000000001
924.0	0	7	0.11856799999999998	1.5584074192853046	0.01	0.0760828
924.5	0	7	0.11822149999999998	1.5542392646183008	0.01	0.0760639
925.0	0	7	0.11787499999999998	1.5500690380695639	0.01	0.076045
925.5	0	7	0.11752849999999998	1.5458967380938913	0.01	0.0760261
926.0	0	7	0.11718199999999998	1.541722363144544	0.01	0.0760072
926.5	0	7	0.11683549999999998	1.5375459116732444	0.01	0.0759883
927.0	0	7	0.11648899999999998	1.533367382130173	0.01	0.0759694
927.5	0	7	0.11614249999999998	1.5291867729639697	0.01	0.0759505
928.0	0	7	0.11579599999999998	1.5250040826217277	0.01	0.0759316
928.5	0	7	0.11544949999999998	1.5208193095489948	0.01	0.07591270000000001
929.0	0	7	0.11510299999999998	1.5166324521897703	0.01	0.0758938
929.5	0	7	0.11475649999999998	1.5124435089865027	0.01	0.07587489999999998
930.0	0	7	0.11440999999999998	1.5082524783800881	0.01	0.075856
930.5	0	7	0.11406349999999998	1.5040593588098699	0.01	0.07583709999999999
931.0	0	7	0.11371699999999998	1.499864148713633	0.01	0.07581820000000002
931.5	0	7	0.11337049999999999	1.4956668465276062	0.01	0.0757993
932.0	0	7	0.11302399999999999	1.4914674506864571	0.01	0.07578039999999998
932.5	0	7	0.11267749999999999	1.4872659596232913	0.01	0.0757615
933.0	0	7	0.11233099999999999	1.4830623717696512	0.01	0.07574260000000001
933.5	0	7	0.11198449999999999	1.4788566855555128	0.01	0.0757237
934.0	0	7	0.11163799999999999	1.4746488994092843	0.01	0.0757048
934.5	0	7	0.11129149999999999	1.4704390117578041	0.01	0.0756859
935.0	0	7	0.11094499999999999	1.466227021026339	0.01	0.075667
935.5	0	7	0.11059849999999999	1.4620129256385817	0.01	0.07564810000000001
936.0	0	7	0.11025199999999999	1.4577967240166494	0.01	0.07562920000000001
936.5	0	7	0.10990549999999999	1.453578414581082	0.01	0.0756103
937.0	0	7	0.10955899999999999	1.4493579957508391	0.01	0.07559140000000002
937.5	0	7	0.10921249999999999	1.4451354659432993	0.01	0.0755725
938.0	0	7	0.10886599999999999	1.4409108235742571	0.01	0.0755536
938.5	0	7	0.10851949999999999	1.4366840670579217	0.01	0.07553469999999998
939.0	0	7	0.10817299999999999	1.4324551948069146	0.01	0.07551579999999998
939.5	0	7	0.10782649999999999	1.4282242052322676	0.01	0.0754969
940.0	0	7	0.10747999999999999	1.4239910967434217	0.01	0.075478
940.5	0	7	0.10713349999999999	1.4197558677482238	0.01	0.0754591
941.0	0	7	0.10678699999999999	1.415518516652925	0.01	0.07544020000000001
941.5	0	7	0.1064405	1.4112790418621795	0.01	0.0754213
942.0	0	7	0.106094	1.4070374417790414	0.01	0.0754024
942.5	0	7	0.10574749999999998	1.4027937148049636	0.01	0.0753835
943.0	0	7	0.10540099999999998	1.3985478593397958	0.01	0.0753646
943.5	0	7	0.10505449999999998	1.3942998737817816	0.01	0.0753457
944.0	0	7	0.10470799999999998	1.3900497565275571	0.01	0.07532679999999999
944.5	0	7	0.10436149999999998	1.3857975059721488	0.01	0.0753079
945.0	0	7	0.10401499999999998	1.3815431205089719	0.01	0.07528900000000001
945.5	0	7	0.10366849999999998	1.3772865985298275	0.01	0.0752701
946.0	0	7	0.10332199999999998	1.373027938424902	0.01	0.07525119999999999
946.5	0	7	0.10297549999999998	1.3687671385827627	0.01	0.0752323
947.0	0	7	0.10262899999999998	1.3645041973903584	0.01	0.0752134
947.5	0	7	0.10228249999999998	1.3602391132330156	0.01	0.0751945
948.0	0	7	0.10193599999999998	1.3559718844944368	0.01	0.07517560000000001
948.5	0	7	0.10158949999999999	1.3517025095566992	0.01	0.0751567
949.0	0	7	0.10124299999999999	1.347430986800252	0.01	0.0751378
949.5	0	7	0.10089649999999999	1.3431573146039144	0.01	0.0751189
950.0	0	7	0.10054999999999999	1.3388814913448732	0.01	0.0751
950.5	0	7	0.10020349999999999	1.3346035153986822	0.01	0.0750811
951.0	0	7	0.09985699999999999	1.3303233851392577	0.01	0.0750622
951.5	0	7	0.09951049999999999	1.3260410989388793	0.01	0.0750433
952.0	0	7	0.09916399999999999	1.321756655168185	0.01	0.0750244
952.5	0	7	0.09881749999999999	1.3174700521961722	0.01	0.0750055
953.0	0	7	0.09847099999999999	1.3131812883901923	0.01	0.0749866
953.5	0	7	0.09812449999999999	1.3088903621159511	0.01	0.0749677
954.0	0	7	0.09777799999999999	1.304597271737506	0.01	0.0749488
954.5	0	7	0.09743149999999999	1.3003020156172636	0.01	0.0749299
955.0	0	7	0.09708499999999999	1.2960045921159775	0.01	0.07491099999999999
955.5	0	7	0.09673849999999999	1.2917049995927472	0.01	0.07489210000000002
956.0	0	7	0.09639199999999999	1.2874032364050152	0.01	0.0748732
956.5	0	7	0.09604549999999999	1.283099300908565	0.01	0.0748543
957.0	0	7	0.09569899999999999	1.2787931914575188	0.01	0.07483539999999998
957.5	0	7	0.09535249999999999	1.274484906404336	0.01	0.0748165
958.0	0	7	0.095006	1.2701744440998104	0.01	0.0747976
958.5	0	7	0.0946595	1.2658618028930697	0.01	0.0747787
959.0	0	7	0.094313	1.2615469811315707	0.01	0.0747598
959.5	0	7	0.0939665	1.257229977161099	0.01	0.07474090000000001
960.0	0	7	0.09362	1.2529107893257676	0.01	0.07472199999999998
960.5	0	7	0.0932735	1.248589415968012	0.01	0.0747031
961.0	0	7	0.092927	1.2442658554285912	0.01	0.0746842
961.5	0	7	0.09258049999999998	1.2399401060465836	0.01	0.0746653
962.0	0	7	0.09223399999999998	1.235612166159386	0.01	0.0746464
962.5	0	7	0.09188749999999998	1.23128203410271	0.01	0.0746275
963.0	0	7	0.09154099999999998	1.2269497082105814	0.01	0.07460860000000001
963.5	0	7	0.09119449999999998	1.2226151868153377	0.01	0.0745897
964.0	0	7	0.09084799999999998	1.218278468247625	0.01	0.07457079999999999
964.5	0	7	0.09050149999999998	1.2139395508363968	0.01	0.0745519
965.0	0	7	0.09015499999999999	1.2095984329089127	0.01	0.074533
965.5	0	7	0.08980849999999999	1.2052551127907334	0.01	0.0745141
966.0	0	7	0.08946199999999999	1.2009095888057215	0.01	0.0744952
966.5	0	7	0.08911549999999999	1.196561859276038	0.01	0.0744763
967.0	0	7	0.08876899999999999	1.1922119225221401	0.01	0.07445739999999999
967.5	0	7	0.08842249999999999	1.187859776862779	0.01	0.0744385
968.0	0	7	0.08807599999999999	1.183505420614999	0.01	0.0744196
968.5	0	7	0.08772949999999999	1.1791488520941333	0.01	0.0744007
969.0	0	7	0.08738299999999999	1.1747900696138032	0.01	0.0743818
969.5	0	7	0.08703649999999999	1.1704290714859156	0.01	0.0743629
970.0	0	7	0.08668999999999999	1.1660658560206607	0.01	0.074344
970.5	0	7	0.08634349999999999	1.1617004215265097	0.01	0.0743251
971.0	0	7	0.08599699999999999	1.1573327663102135	0.01	0.0743062
971.5	0	7	0.08565049999999999	1.1529628886767993	0.01	0.07428729999999999
972.0	0	7	0.08530399999999999	1.1485907869295688	0.01	0.0742684
972.5	0	7	0.08495749999999999	1.1442164593700968	0.01	0.0742495
973.0	0	7	0.08461099999999999	1.1398399042982275	0.01	0.0742306
973.5	0	7	0.08426449999999999	1.1354611200120737	0.01	0.07421169999999999
974.0	0	7	0.08391799999999999	1.1310801048080135	0.01	0.0741928
974.5	0	7	0.08357149999999999	1.1266968569806899	0.01	0.0741739
975.0	0	7	0.083225	1.1223113748230058	0.01	0.074155
975.5	0	7	0.0828785	1.1179236566261241	0.01	0.0741361
976.0	0	7	0.082532	1.1135337006794643	0.01	0.07411720000000001
976.5	0	7	0.0821855	1.1091415052707012	0.01	0.0740983
977.0	0	7	0.081839	1.1047470686857614	0.01	0.0740794
977.5	0	7	0.0814925	1.1003503892088224	0.01	0.0740605
978.0	0	7	0.081146	1.0959514651223097	0.01	0.07404159999999999
978.5	0	7	0.0807995	1.091550294706894	0.01	0.0740227
979.0	0	7	0.080453	1.0871468762414904	0.01	0.07400379999999998
979.5	0	7	0.0801065	1.0827412080032548	0.01	0.07398489999999999
980.0	0	7	0.07976	1.0783332882675822	0.01	0.073966
980.5	0	7	0.0794135	1.0739231153081052	0.01	0.0739471
981.0	0	7	0.079067	1.0695106873966902	0.01	0.0739282
981.5	0	7	0.0787205	1.0650960028034362	0.01	0.0739093
982.0	0	7	0.078374	1.060679059796672	0.01	0.0738904
982.5	0	7	0.0780275	1.0562598566429544	0.01	0.07387149999999999
983.0	0	7	0.077681	1.051838391607066	0.01	0.0738526
983.5	0	7	0.0773345	1.0474146629520125	0.01	0.0738337
984.0	0	7	0.076988	1.0429886689390204	0.01	0.0738148
984.5	0	7	0.0766415	1.0385604078275352	0.01	0.0737959
985.0	0	7	0.076295	1.0341298778752186	0.01	0.073777
985.5	0	7	0.0759485	1.0296970773379468	0.01	0.0737581
986.0	0	7	0.075602	1.025262004469807	0.01	0.0737392
986.5	0	7	0.0752555	1.0208246575230975	0.01	0.0737203
987.0	0	7	0.074909	1.0163850347483223	0.01	0.0737014
987.5	0	7	0.0745625	1.0119431343941914	0.01	0.0736825
988.0	0	7	0.074216	1.007498954707617	0.01	0.0736636
988.5	0	7	0.0738695	1.0030524939337115	0.01	0.0736447
989.0	1	7	0.073523	0.9986037503157862	0.01	0.07362579999999999
989.5	1	7	0.0731765	0.9941527220953471	0.01	0.0736069
990.0	1	7	0.07283	0.9896994075120944	0.01	0.073588
990.5	1	7	0.0724835	0.9852438048039192	0.01	0.0735691
991.0	1	7	0.072137	0.980785912206901	0.01	0.0735502
991.5	1	7	0.07179050000000001	0.9763257279553063	0.01	0.0735313
992.0	1	7	0.071444	0.9718632502815852	0.01	0.07351239999999999
992.5	1	7	0.0710975	0.9673984774163701	0.01	0.07349349999999999
993.0	1	7	0.070751	0.9629314075884726	0.01	0.07347460000000001
993.5	1	7	0.0704045	0.9584620390248816	0.01	0.0734557
994.0	1	7	0.070058	0.9539903699507604	0.01	0.0734368
994.5	1	7	0.0697115	0.9495163985894448	0.01	0.0734179
995.0	1	7	0.069365	0.9450401231624409	0.01	0.07339899999999999
995.5	1	7	0.0690185	0.9405615418894222	0.01	0.0733801
996.0	1	7	0.068672	0.9360806529882281	0.01	0.0733612
996.5	1	7	0.0683255	0.9315974546748602	0.01	0.0733423
997.0	1	7	0.067979	0.9271119451634813	0.01	0.0733234
997.5	1	7	0.0676325	0.922624122666412	0.01	0.0733045
998.0	1	7	0.067286	0.9181339853941294	0.01	0.07328559999999999
998.5	1	7	0.0669395	0.9136415315552633	0.01	0.07326669999999999
999.0	1	7	0.066593	0.909146759356595	0.01	0.07324780000000002
999.5	1	7	0.0662465	0.9046496670030548	0.01	0.07322889999999999
1000.0	1	7	0.0659	0.900150252697719	0.01	0.07321
1000.5	1	7	0.06579675	0.8994119359772977	0.01	0.07315529999999999
1001.0	1	7	0.0656935	0.898672514315888	0.01	0.07310059999999999
1001.5	1	7	0.06559025	0.897931985231204	0.01	0.07304590000000001
1002.0	1	7	0.065487	0.8971903462335187	0.01	0.07299119999999999
1002.5	1	7	0.06538375	0.8964475948256361	0.01	0.0729365
1003.0	1	7	0.0652805	0.8957037285028636	0.01	0.0728818
1003.5	1	7	0.06517725	0.8949587447529836	0.01	0.07282709999999999
1004.0	1	7	0.065074	0.8942126410562247	0.01	0.07277240000000001
1004.5	1	7	0.06497075	0.8934654148852342	0.01	0.0727177
1005.0	1	7	0.0648675	0.8927170637050493	0.01	0.072663
1005.5	1	7	0.06476425	0.8919675849730677	0.01	0.0726083
1006.0	1	7	0.064661	0.89121697613902	0.01	0.0725536
1006.5	1	7	0.06455775	0.8904652346449395	0.01	0.07249889999999999
1007.0	1	7	0.0644545	0.889712357925134	0.01	0.0724442
1007.5	1	7	0.06435125	0.888958343406157	0.01	0.0723895
1008.0	1	7	0.064248	0.8882031885067769	0.01	0.07233479999999999
1008.5	1	7	0.06414475	0.8874468906379488	0.01	0.0722801
1009.0	1	7	0.0640415	0.8866894472027846	0.01	0.0722254
1009.5	1	7	0.06393825	0.8859308555965232	0.01	0.07217070000000002
1010.0	1	7	0.063835	0.8851711132065007	0.01	0.072116
1010.5	1	7	0.06373175	0.8844102174121201	0.01	0.0720613
1011.0	1	7	0.0636285	0.8836481655848214	0.01	0.0720066
1011.5	1	7	0.06352525	0.882884955088052	0.01	0.0719519
1012.0	1	7	0.063422	0.8821205832772349	0.01	0.0718972
1012.5	1	7	0.06331875000000001	0.881355047499739	0.01	0.07184250000000002
1013.0	1	7	0.0632155	0.880588345094849	0.01	0.07178779999999998
1013.5	1	7	0.06311225	0.8798204733937331	0.01	0.0717331
1014.0	1	7	0.063009	0.8790514297194133	0.01	0.0716784
1014.5	1	7	0.06290575	0.8782812113867337	0.01	0.0716237
1015.0	1	7	0.0628025	0.8775098157023292	0.01	0.071569
1015.5	1	7	0.06269925	0.8767372399645944	0.01	0.0715143
1016.0	1	7	0.062596	0.8759634814636522	0.01	0.0714596
1016.5	1	7	0.06249275	0.8751885374813214	0.01	0.0714049
1017.0	1	7	0.0623895	0.8744124052910853	0.01	0.0713502
1017.5	1	7	0.06228625	0.8736350821580605	0.01	0.0712955
1018.0	1	7	0.062183	0.8728565653389632	0.01	0.07124079999999999
1018.5	1	7	0.06207975	0.8720768520820779	0.01	0.0711861
1019.0	1	7	0.061976500000000004	0.8712959396272252	0.01	0.0711314
1019.5	1	7	0.06187325	0.8705138252057285	0.01	0.07107669999999999
1020.0	1	7	0.06177	0.8697305060403818	0.01	0.071022
1020.5	1	7	0.06166675	0.8689459793454168	0.01	0.0709673
1021.0	1	7	0.0615635	0.8681602423264696	0.01	0.07091259999999998
1021.5	1	7	0.06146025	0.8673732921805473	0.01	0.0708579
1022.0	1	7	0.061357	0.8665851260959957	0.01	0.0708032
1022.5	1	7	0.06125375	0.8657957412524648	0.01	0.07074849999999999
1023.0	1	7	0.061150499999999997	0.8650051348208753	0.01	0.07069380000000001
1023.5	1	7	0.06104725	0.8642133039633857	0.01	0.0706391
1024.0	1	7	0.060944	0.863420245833357	0.01	0.0705844
1024.5	1	7	0.06084075	0.8626259575753193	0.01	0.0705297
1025.0	1	7	0.0607375	0.8618304363249379	0.01	0.070475
1025.5	1	7	0.06063425	0.8610336792089782	0.01	0.07042029999999999
1026.0	1	7	0.060531	0.860235683345271	0.01	0.0703656
1026.5	1	7	0.06042775	0.8594364458426789	0.01	0.0703109
1027.0	1	7	0.0603245	0.8586359638010597	0.01	0.07025619999999999
1027.5	1	7	0.060221250000000004	0.8578342343112327	0.01	0.0702015
1028.0	1	7	0.060118	0.8570312544549431	0.01	0.0701468
1028.5	1	7	0.06001475	0.8562270213048262	0.01	0.07009209999999999
1029.0	1	7	0.0599115	0.8554215319243719	0.01	0.07003739999999999
1029.5	1	7	0.05980825	0.8546147833678895	0.01	0.0699827
1030.0	1	7	0.059705	0.8538067726804713	0.01	0.069928
1030.5	1	7	0.05960175	0.8529974968979568	0.01	0.0698733
1031.0	1	7	0.0594985	0.852186953046896	0.01	0.0698186
1031.5	1	7	0.05939525	0.851375138144513	0.01	0.0697639
1032.0	1	7	0.059292	0.8505620491986711	0.01	0.0697092
1032.5	1	7	0.05918875	0.849747683207833	0.01	0.0696545
1033.0	1	7	0.0590855	0.8489320371610263	0.01	0.0695998
1033.5	1	7	0.05898225	0.8481151080378057	0.01	0.06954510000000001
1034.0	1	7	0.058879	0.8472968928082153	0.01	0.0694904
1034.5	1	7	0.05877575	0.8464773884327514	0.01	0.0694357
1035.0	1	7	0.0586725	0.8456565918623254	0.01	0.069381
1035.5	1	7	0.05856925	0.8448345000382251	0.01	0.0693263
1036.0	1	7	0.058466	0.844011109892077	0.01	0.06927159999999999
1036.5	1	7	0.05836275	0.8431864183458087	0.01	0.0692169
1037.0	1	7	0.0582595	0.8423604223116096	0.01	0.0691622
1037.5	1	7	0.05815625	0.8415331186918931	0.01	0.0691075
1038.0	1	7	0.058053	0.8407045043792577	0.01	0.06905279999999998
1038.5	1	7	0.05794975	0.8398745762564478	0.01	0.06899809999999999
1039.0	1	7	0.0578465	0.8390433311963147	0.01	0.0689434
1039.5	1	7	0.057743249999999996	0.8382107660617779	0.01	0.06888869999999998
1040.0	1	7	0.05764	0.837376877705785	0.01	0.06883399999999999
1040.5	1	7	0.05753675	0.8365416629712719	0.01	0.0687793
1041.0	1	7	0.0574335	0.8357051186911237	0.01	0.0687246
1041.5	1	7	0.05733025	0.8348672416881342	0.01	0.06866989999999999
1042.0	1	7	0.057227	0.8340280287749653	0.01	0.0686152
1042.5	1	7	0.05712375	0.8331874767541078	0.01	0.0685605
1043.0	1	7	0.0570205	0.8323455824178392	0.01	0.06850579999999999
1043.5	1	7	0.05691725	0.8315023425481841	0.01	0.0684511
1044.0	1	7	0.056814	0.8306577539168729	0.01	0.0683964
1044.5	1	7	0.056710750000000004	0.8298118132853004	0.01	0.06834169999999998
1045.0	1	7	0.0566075	0.828964517404484	0.01	0.068287
1045.5	1	7	0.05650425	0.8281158630150237	0.01	0.0682323
1046.0	1	7	0.056401	0.8272658468470582	0.01	0.0681776
1046.5	1	7	0.05629775	0.8264144656202246	0.01	0.0681229
1047.0	1	7	0.0561945	0.8255617160436152	0.01	0.0680682
1047.5	1	7	0.05609125	0.8247075948157351	0.01	0.0680135
1048.0	1	7	0.055987999999999996	0.8238520986244606	0.01	0.0679588
1048.5	1	7	0.05588475	0.8229952241469956	0.01	0.0679041
1049.0	1	7	0.0557815	0.8221369680498279	0.01	0.0678494
1049.5	1	7	0.05567825	0.8212773269886879	0.01	0.06779469999999999
1050.0	1	7	0.055575	0.8204162976085032	0.01	0.06774
1050.5	1	7	0.05547175	0.8195538765433558	0.01	0.0676853
1051.0	1	7	0.0553685	0.8186900604164388	0.01	0.0676306
1051.5	1	7	0.05526525	0.8178248458400111	0.01	0.0675759
1052.0	1	7	0.055162	0.816958229415354	0.01	0.0675212
1052.5	1	7	0.05505875	0.8160902077327266	0.01	0.0674665
1053.0	1	7	0.0549555	0.8152207773713208	0.01	0.0674118
1053.5	1	7	0.05485225	0.8143499348992163	0.01	0.0673571
1054.0	1	7	0.054749	0.8134776768733358	0.01	0.0673024
1054.5	1	7	0.05464575	0.8126039998393998	0.01	0.0672477
1055.0	1	7	0.0545425	0.8117289003318798	0.01	0.067193
1055.5	1	7	0.05443925	0.8108523748739542	0.01	0.06713830000000001
1056.0	1	7	0.054336	0.8099744199774611	0.01	0.0670836
1056.5	1	7	0.054232749999999996	0.8090950321428517	0.01	0.0670289
1057.0	1	7	0.0541295	0.8082142078591458	0.01	0.0669742
1057.5	1	7	0.05402625	0.8073319436038824	0.01	0.06691949999999998
1058.0	1	7	0.053923	0.8064482358430743	0.01	0.0668648
1058.5	1	7	0.05381975	0.8055630810311615	0.01	0.0668101
1059.0	1	7	0.0537165	0.8046764756109619	0.01	0.06675539999999999
1059.5	1	7	0.05361325	0.803788416013625	0.01	0.0667007
1060.0	1	7	0.05351	0.8028988986585842	0.01	0.06664600000000001
1060.5	1	7	0.05340675	0.8020079199535076	0.01	0.06659129999999999
1061.0	1	7	0.0533035	0.8011154762942501	0.01	0.0665366
1061.5	1	7	0.05320025	0.8002215640648056	0.01	0.0664819
1062.0	1	7	0.053097	0.799326179637257	0.01	0.06642719999999999
1062.5	1	7	0.05299375	0.7984293193717277	0.01	0.06637250000000001
1063.0	1	7	0.0528905	0.7975309796163323	0.01	0.0663178
1063.5	1	7	0.05278725	0.7966311567071267	0.01	0.06626309999999999
1064.0	1	7	0.052684	0.7957298469680585	0.01	0.0662084
1064.5	1	7	0.05258075	0.7948270467109172	0.01	0.0661537
1065.0	1	7	0.052477499999999996	0.7939227522352835	0.01	0.06609899999999998
1065.5	1	7	0.05237425	0.7930169598284788	0.01	0.0660443
1066.0	1	7	0.052271	0.7921096657655146	0.01	0.0659896
1066.5	1	7	0.05216775	0.7912008663090413	0.01	0.06593489999999999
1067.0	1	7	0.0520645	0.7902905577092966	0.01	0.0658802
1067.5	1	7	0.05196125	0.7893787362040547	0.01	0.0658255
1068.0	1	7	0.051858	0.7884653980185735	0.01	0.0657708
1068.5	1	7	0.05175475	0.7875505393655436	0.01	0.0657161
1069.0	1	7	0.0516515	0.7866341564450348	0.01	0.0656614
1069.5	1	7	0.05154825	0.7857162454444439	0.01	0.0656067
1070.0	1	7	0.051445	0.7847968025384428	0.01	0.065552
1070.5	1	7	0.05134175	0.7838758238889237	0.01	0.0654973
1071.0	1	7	0.0512385	0.7829533056449468	0.01	0.0654426
1071.5	1	7	0.05113525	0.7820292439426867	0.01	0.0653879
1072.0	1	7	0.051032	0.7811036349053775	0.01	0.0653332
1072.5	1	7	0.05092875	0.7801764746432592	0.01	0.0652785
1073.0	1	7	0.050825499999999996	0.779247759253524	0.01	0.0652238
1073.5	1	7	0.050722249999999997	0.77831748482026	0.01	0.0651691
1074.0	1	7	0.050619	0.7773856474143968	0.01	0.0651144
1074.5	1	7	0.05051575	0.7764522430936509	0.01	0.0650597
1075.0	1	7	0.0504125	0.7755172679024691	0.01	0.065005
1075.5	1	7	0.05030925	0.7745807178719728	0.01	0.0649503
1076.0	1	7	0.050206	0.7736425890199028	0.01	0.0648956
1076.5	1	7	0.05010275	0.7727028773505612	0.01	0.06484089999999999
1077.0	1	7	0.0499995	0.7717615788547562	0.01	0.0647862
1077.5	1	7	0.04989625	0.7708186895097442	0.01	0.0647315
1078.0	1	7	0.049793	0.7698742052791728	0.01	0.06467679999999999
1078.5	1	7	0.04968975	0.7689281221130232	0.01	0.0646221
1079.0	1	7	0.0495865	0.7679804359475525	0.01	0.0645674
1079.5	1	7	0.04948325	0.7670311427052349	0.01	0.06451269999999999
1080.0	1	7	0.04938	0.7660802382947035	0.01	0.064458
1080.5	1	7	0.04927675	0.7651277186106924	0.01	0.0644033
1081.0	1	7	0.0491735	0.7641735795339758	0.01	0.0643486
1081.5	1	7	0.049070249999999996	0.7632178169313106	0.01	0.0642939
1082.0	1	7	0.048967	0.7622604266553755	0.01	0.0642392
1082.5	1	7	0.04886375	0.7613014045447108	0.01	0.0641845
1083.0	1	7	0.0487605	0.7603407464236595	0.01	0.0641298
1083.5	1	7	0.04865725	0.759378448102305	0.01	0.06407509999999998
1084.0	1	7	0.048554	0.7584145053764112	0.01	0.0640204
1084.5	1	7	0.04845075	0.7574489140273616	0.01	0.0639657
1085.0	1	7	0.0483475	0.7564816698220964	0.01	0.063911
1085.5	1	7	0.04824425	0.7555127685130519	0.01	0.0638563
1086.0	1	7	0.048140999999999996	0.7545422058380981	0.01	0.0638016
1086.5	1	7	0.04803775	0.7535699775204755	0.01	0.0637469
1087.0	1	7	0.0479345	0.752596079268733	0.01	0.0636922
1087.5	1	7	0.04783125	0.7516205067766647	0.01	0.0636375
1088.0	1	7	0.047728	0.750643255723246	0.01	0.0635828
1088.5	1	7	0.04762475	0.7496643217725699	0.01	0.0635281
1089.0	1	7	0.0475215	0.7486837005737836	0.01	0.0634734
1089.5	1	7	0.047418249999999995	0.7477013877610231	0.01	0.06341870000000001
1090.0	1	7	0.047314999999999996	0.7467173789533488	0.01	0.063364
1090.5	1	7	0.04721175	0.7457316697546805	0.01	0.0633093
1091.0	1	7	0.0471085	0.7447442557537318	0.01	0.06325459999999998
1091.5	1	7	0.04700525	0.7437551325239438	0.01	0.0631999
1092.0	1	7	0.046902	0.7427642956234203	0.01	0.0631452
1092.5	1	7	0.04679875	0.7417717405948598	0.01	0.0630905
1093.0	1	7	0.0466955	0.7407774629654894	0.01	0.0630358
1093.5	1	7	0.04659225	0.7397814582469979	0.01	0.0629811
1094.0	1	7	0.046489	0.7387837219354676	0.01	0.0629264
1094.5	1	7	0.04638575	0.7377842495113064	0.01	0.0628717
1095.0	1	7	0.0462825	0.7367830364391804	0.01	0.062817
1095.5	1	7	0.04617925	0.7357800781679448	0.01	0.0627623
1096.0	1	7	0.046076	0.7347753701305743	0.01	0.0627076
1096.5	1	7	0.04597275	0.7337689077440949	0.01	0.0626529
1097.0	1	7	0.0458695	0.7327606864095134	0.01	0.06259819999999999
1097.5	1	7	0.04576625	0.7317507015117478	0.01	0.0625435
1098.0	1	7	0.045662999999999995	0.7307389484195568	0.01	0.06248879999999999
1098.5	1	7	0.045559749999999996	0.7297254224854687	0.01	0.0624341
1099.0	1	7	0.0454565	0.7287101190457105	0.01	0.0623794
1099.5	1	7	0.04535325	0.7276930334201368	0.01	0.0623247
1100.0	1	7	0.04525	0.7266741609121568	0.01	0.06226999999999999
1100.5	1	7	0.04514675	0.7261495380616604	0.01	0.0621728
1101.0	1	7	0.0450435	0.7256232722680087	0.01	0.062075599999999995
1101.5	1	7	0.04494025	0.7250953558013761	0.01	0.061978399999999996
1102.0	1	7	0.044837	0.7245657808833701	0.01	0.0618812
1102.5	1	7	0.044733749999999996	0.7240345396866502	0.01	0.061784
1103.0	1	7	0.0446305	0.7235016243345416	0.01	0.0616868
1103.5	1	7	0.04452725	0.7229670269006455	0.01	0.0615896
1104.0	1	7	0.044424	0.7224307394084473	0.01	0.06149239999999999
1104.5	1	7	0.04432075	0.7218927538309184	0.01	0.06139519999999999
1105.0	1	7	0.0442175	0.7213530620901172	0.01	0.061298
1105.5	1	7	0.04411425	0.7208116560567835	0.01	0.0612008
1106.0	1	7	0.044011	0.7202685275499316	0.01	0.061103599999999994
1106.5	1	7	0.043907749999999995	0.7197236683364368	0.01	0.0610064
1107.0	1	7	0.043804499999999996	0.7191770701306206	0.01	0.060909200000000004
1107.5	1	7	0.04370125	0.7186287245938301	0.01	0.060812000000000005
1108.0	1	7	0.043598	0.7180786233340141	0.01	0.0607148
1108.5	1	7	0.04349475	0.7175267579052949	0.01	0.060617599999999994
1109.0	1	7	0.0433915	0.716973119807536	0.01	0.0605204
1109.5	1	7	0.04328825	0.7164177004859061	0.01	0.060423199999999996
1110.0	1	7	0.043185	0.715860491330438	0.01	0.060326
1110.5	1	7	0.04308175	0.7153014836755838	0.01	0.0602288
1111.0	1	7	0.042978499999999996	0.7147406687997657	0.01	0.06013160000000001
1111.5	1	7	0.04287525	0.714178037924923	0.01	0.06003440000000001
1112.0	1	7	0.042772	0.7136135822160528	0.01	0.0599372
1112.5	1	7	0.04266875	0.7130472927807486	0.01	0.059840000000000004
1113.0	1	7	0.0425655	0.7124791606687333	0.01	0.0597428
1113.5	1	7	0.04246225	0.711909176871387	0.01	0.0596456
1114.0	1	7	0.042359	0.7113373323212714	0.01	0.0595484
1114.5	1	7	0.04225575	0.710763617891649	0.01	0.0594512
1115.0	1	7	0.042152499999999996	0.7101880243959968	0.01	0.059354000000000004
1115.5	1	7	0.042049249999999996	0.7096105425875173	0.01	0.059256800000000005
1116.0	1	7	0.041946	0.709031163158642	0.01	0.0591596
1116.5	1	7	0.04184275	0.708449876740532	0.01	0.05906240000000001
1117.0	1	7	0.0417395	0.707866673902573	0.01	0.05896520000000001
1117.5	1	7	0.04163625	0.7072815451518653	0.01	0.058868
1118.0	1	7	0.041533	0.7066944809327081	0.01	0.0587708
1118.5	1	7	0.04142975	0.7061054716260806	0.01	0.0586736
1119.0	1	7	0.0413265	0.7055145075491154	0.01	0.0585764
1119.5	1	7	0.041223249999999996	0.7049215789545684	0.01	0.058479199999999995
1120.0	1	7	0.04112	0.7043266760302833	0.01	0.058381999999999996
1120.5	1	7	0.04101675	0.7037297888986493	0.01	0.0582848
1121.0	1	7	0.0409135	0.7031309076160557	0.01	0.05818759999999999
1121.5	1	7	0.04081025	0.7025300221723383	0.01	0.0580904
1122.0	1	7	0.040707	0.7019271224902229	0.01	0.05799320000000001
1122.5	1	7	0.04060375	0.7013221984247616	0.01	0.057895999999999996
1123.0	1	7	0.040500499999999995	0.7007152397627632	0.01	0.0577988
1123.5	1	7	0.040397249999999996	0.7001062362222191	0.01	0.0577016
1124.0	1	7	0.040293999999999996	0.6994951774517224	0.01	0.0576044
1124.5	1	7	0.04019075	0.6988820530298814	0.01	0.05750720000000001
1125.0	1	7	0.0400875	0.6982668524647273	0.01	0.05741000000000001
1125.5	1	7	0.03998425	0.6976495651931157	0.01	0.05731279999999999
1126.0	1	7	0.039881	0.6970301805801216	0.01	0.0572156
1126.5	1	7	0.03977775	0.6964086879184291	0.01	0.05711839999999999
1127.0	1	7	0.0396745	0.6957850764277146	0.01	0.0570212
1127.5	1	7	0.03957125	0.695159335254023	0.01	0.056923999999999995
1128.0	1	7	0.039467999999999996	0.6945314534691378	0.01	0.0568268
1128.5	1	7	0.03936475	0.6939014200699458	0.01	0.05672959999999999
1129.0	1	7	0.0392615	0.6932692239777936	0.01	0.0566324
1129.5	1	7	0.03915825	0.6926348540378383	0.01	0.0565352
1130.0	1	7	0.039055	0.6919982990183918	0.01	0.056438
1130.5	1	7	0.03895175	0.6913595476102576	0.01	0.056340799999999996
1131.0	1	7	0.0388485	0.6907185884260609	0.01	0.0562436
1131.5	1	7	0.038745249999999995	0.6900754099995725	0.01	0.05614639999999999
1132.0	1	7	0.038641999999999996	0.6894300007850245	0.01	0.05604920000000001
1132.5	1	7	0.03853875	0.6887823491564197	0.01	0.055952
1133.0	1	7	0.0384355	0.6881324434068334	0.01	0.055854799999999996
1133.5	1	7	0.03833225	0.687480271747708	0.01	0.05575759999999999
1134.0	1	7	0.038229	0.68682582230814	0.01	0.055660400000000006
1134.5	1	7	0.03812575	0.6861690831341607	0.01	0.0555632
1135.0	1	7	0.0380225	0.685510042188007	0.01	0.055466
1135.5	1	7	0.03791925	0.684848687347387	0.01	0.0553688
1136.0	1	7	0.037815999999999995	0.6841850064047358	0.01	0.055271600000000004
1136.5	1	7	0.037712749999999996	0.6835189870664655	0.01	0.055174400000000005
1137.0	1	7	0.0376095	0.6828506169522052	0.01	0.05507720000000001
1137.5	1	7	0.03750625	0.6821798835940341	0.01	0.05498
1138.0	1	7	0.037403	0.6815067744357066	0.01	0.0548828
1138.5	1	7	0.03729975	0.6808312768318683	0.01	0.0547856
1139.0	1	7	0.0371965	0.6801533780472642	0.01	0.0546884
1139.5	1	7	0.037093249999999994	0.6794730652559385	0.01	0.0545912
1140.0	1	7	0.036989999999999995	0.6787903255404264	0.01	0.054493999999999994
1140.5	1	7	0.036886749999999996	0.6781051458909346	0.01	0.0543968
1141.0	1	7	0.0367835	0.677417513204517	0.01	0.0542996
1141.5	1	7	0.03668025	0.6767274142842383	0.01	0.0542024
1142.0	1	7	0.036577	0.6760348358383298	0.01	0.0541052
1142.5	1	7	0.03647375	0.6753397644793364	0.01	0.054008
1143.0	1	7	0.0363705	0.6746421867232539	0.01	0.0539108
1143.5	1	7	0.03626725	0.6739420889886572	0.01	0.0538136
1144.0	1	7	0.036164	0.673239457595818	0.01	0.053716400000000004
1144.5	1	7	0.03606075	0.6725342787658153	0.01	0.053619200000000006
1145.0	1	7	0.035957499999999996	0.6718265386196329	0.01	0.05352200000000001
1145.5	1	7	0.03585425	0.671116223177251	0.01	0.0534248
1146.0	1	7	0.035751	0.6704033183567233	0.01	0.0533276
1146.5	1	7	0.03564775	0.6696878099732484	0.01	0.0532304
1147.0	1	7	0.0355445	0.6689696837382277	0.01	0.05313319999999999
1147.5	1	7	0.03544125	0.6682489252583151	0.01	0.053036
1148.0	1	7	0.035337999999999994	0.6675255200344548	0.01	0.0529388
1148.5	1	7	0.035234749999999995	0.6667994534609095	0.01	0.0528416
1149.0	1	7	0.035131499999999996	0.666070710824277	0.01	0.0527444
1149.5	1	7	0.03502825	0.6653392773024965	0.01	0.052647200000000005
1150.0	1	7	0.034925	0.6646051379638439	0.01	0.05255
1150.5	1	7	0.03482175	0.6638682777659152	0.01	0.05245280000000001
1151.0	1	7	0.0347185	0.6631286815545997	0.01	0.052355599999999995
1151.5	1	7	0.03461525	0.6623863340630406	0.01	0.052258399999999997
1152.0	1	7	0.034512	0.6616412199105849	0.01	0.052161200000000005
1152.5	1	7	0.034408749999999995	0.6608933236017208	0.01	0.052064000000000006
1153.0	1	7	0.034305499999999996	0.6601426295250044	0.01	0.0519668
1153.5	1	7	0.03420225	0.6593891219519717	0.01	0.0518696
1154.0	1	7	0.034099	0.6586327850360424	0.01	0.051772399999999996
1154.5	1	7	0.03399575	0.6578736028114066	0.01	0.051675200000000004
1155.0	1	7	0.0338925	0.6571115591919036	0.01	0.051578
1155.5	1	7	0.03378925	0.6563466379698839	0.01	0.0514808
1156.0	1	7	0.033686	0.6555788228150616	0.01	0.0513836
1156.5	1	7	0.033582749999999995	0.6548080972733512	0.01	0.051286399999999996
1157.0	1	7	0.033479499999999995	0.6540344447656926	0.01	0.051189200000000004
1157.5	1	7	0.033376249999999996	0.6532578485868629	0.01	0.051092
1158.0	1	7	0.033273	0.6524782919042725	0.01	0.0509948
1158.5	1	7	0.03316975	0.6516957577567507	0.01	0.0508976
1159.0	1	7	0.0330665	0.6509102290533145	0.01	0.0508004
1159.5	1	7	0.03296325	0.6501216885719244	0.01	0.050703200000000004
1160.0	1	7	0.03286	0.6493301189582263	0.01	0.050606
1160.5	1	7	0.03275675	0.6485355027242777	0.01	0.050508800000000006
1161.0	1	7	0.032653499999999995	0.6477378222472604	0.01	0.0504116
1161.5	1	7	0.032550249999999996	0.6469370597681776	0.01	0.0503144
1162.0	1	7	0.032447	0.6461331973905354	0.01	0.050217200000000004
1162.5	1	7	0.03234375	0.6453262170790104	0.01	0.05012
1163.0	1	7	0.0322405	0.6445161006580998	0.01	0.0500228
1163.5	1	7	0.03213725	0.6437028298107584	0.01	0.0499256
1164.0	1	7	0.032034	0.6428863860770163	0.01	0.0498284
1164.5	1	7	0.03193075	0.6420667508525835	0.01	0.0497312
1165.0	1	7	0.0318275	0.6412439053874361	0.01	0.049634
1165.5	1	7	0.031724249999999996	0.6404178307843865	0.01	0.04953679999999999
1166.0	1	7	0.031620999999999996	0.6395885079976374	0.01	0.0494396
1166.5	1	7	0.03151775	0.6387559178313174	0.01	0.04934240000000001
1167.0	1	7	0.0314145	0.6379200409379999	0.01	0.04924520000000001
1167.5	1	7	0.03131125	0.6370808578172051	0.01	0.049148000000000004
1168.0	1	7	0.031208	0.6362383488138827	0.01	0.0490508
1168.5	1	7	0.03110475	0.635392494116878	0.01	0.0489536
1169.0	1	7	0.031001499999999998	0.6345432737573787	0.01	0.0488564
1169.5	1	7	0.03089825	0.6336906676073438	0.01	0.0487592
1170.0	1	7	0.030795	0.632834655377913	0.01	0.048662
1170.5	1	7	0.030691749999999997	0.6319752166177972	0.01	0.0485648
1171.0	1	7	0.030588499999999998	0.6311123307116506	0.01	0.0484676
1171.5	1	7	0.03048525	0.6302459768784214	0.01	0.04837040000000001
1172.0	1	7	0.030382	0.6293761341696842	0.01	0.0482732
1172.5	1	7	0.03027875	0.6285027814679509	0.01	0.048176
1173.0	1	7	0.0301755	0.6276258974849622	0.01	0.0480788
1173.5	1	7	0.03007225	0.626745460759958	0.01	0.0479816
1174.0	1	7	0.029969	0.6258614496579261	0.01	0.0478844
1174.5	1	7	0.02986575	0.6249738423678307	0.01	0.0477872
1175.0	1	7	0.029762499999999997	0.6240826169008178	0.01	0.04768999999999999
1175.5	1	7	0.029659249999999998	0.6231877510883999	0.01	0.0475928
1176.0	1	7	0.029556	0.622289222580618	0.01	0.0474956
1176.5	1	7	0.02945275	0.6213870088441804	0.01	0.0473984
1177.0	1	7	0.0293495	0.6204810871605795	0.01	0.0473012
1177.5	1	7	0.029246249999999998	0.6195714346241843	0.01	0.04720400000000001
1178.0	1	7	0.029143	0.6186580281403109	0.01	0.047106800000000004
1178.5	1	7	0.02903975	0.6177408444232667	0.01	0.0470096
1179.0	1	7	0.0289365	0.6168198599943725	0.01	0.0469124
1179.5	1	7	0.028833249999999998	0.6158950511799586	0.01	0.0468152
1180.0	1	7	0.02873	0.6149663941093368	0.01	0.046717999999999996
1180.5	1	7	0.02862675	0.6140338647127461	0.01	0.046620800000000004
1181.0	1	7	0.0285235	0.6130974387192737	0.01	0.0465236
1181.5	1	7	0.02842025	0.6121570916547482	0.01	0.0464264
1182.0	1	7	0.028317	0.6112127988396087	0.01	0.0463292
1182.5	1	7	0.02821375	0.6102645353867452	0.01	0.046231999999999995
1183.0	1	7	0.0281105	0.6093122761993115	0.01	0.046134800000000004
1183.5	1	7	0.028007249999999997	0.6083559959685126	0.01	0.046037600000000005
1184.0	1	7	0.027903999999999998	0.6073956691713611	0.01	0.0459404
1184.5	1	7	0.02780075	0.606431270068407	0.01	0.04584320000000001
1185.0	1	7	0.0276975	0.6054627727014383	0.01	0.045746
1185.5	1	7	0.02759425	0.6044901508911515	0.01	0.0456488
1186.0	1	7	0.027491	0.6035133782347931	0.01	0.0455516
1186.5	1	7	0.02738775	0.60253242810377	0.01	0.0454544
1187.0	1	7	0.0272845	0.6015472736412301	0.01	0.0453572
1187.5	1	7	0.02718125	0.6005578877596112	0.01	0.045259999999999995
1188.0	1	7	0.027077999999999998	0.5995642431381578	0.01	0.0451628
1188.5	1	7	0.02697475	0.5985663122204076	0.01	0.0450656
1189.0	1	7	0.0268715	0.5975640672116419	0.01	0.044968400000000006
1189.5	1	7	0.02676825	0.5965574800763073	0.01	0.04487120000000001
1190.0	1	7	0.026665	0.5955465225354	0.01	0.04477400000000001
1190.5	1	7	0.026561750000000002	0.5945311660638184	0.01	0.044676799999999996
1191.0	1	7	0.0264585	0.5935113818876796	0.01	0.0445796
1191.5	1	7	0.02635525	0.5924871409816016	0.01	0.044482400000000005
1192.0	1	7	0.026251999999999998	0.5914584140659499	0.01	0.0443852
1192.5	1	7	0.02614875	0.5904251716040462	0.01	0.044288
1193.0	1	7	0.0260455	0.5893873837993427	0.01	0.0441908
1193.5	1	7	0.02594225	0.5883450205925577	0.01	0.0440936
1194.0	1	7	0.025839	0.587298051658772	0.01	0.043996400000000005
1194.5	1	7	0.02573575	0.5862464464044903	0.01	0.043899200000000006
1195.0	1	7	0.025632500000000003	0.5851901739646592	0.01	0.043802
1195.5	1	7	0.02552925	0.5841292031996486	0.01	0.043704799999999995
1196.0	1	7	0.025426	0.5830635026921913	0.01	0.043607599999999996
1196.5	1	7	0.025322749999999998	0.5819930407442817	0.01	0.043510400000000005
1197.0	1	7	0.0252195	0.5809177853740337	0.01	0.04341319999999999
1197.5	1	7	0.02511625	0.5798377043124943	0.01	0.043316
1198.0	1	7	0.025013	0.5787527650004165	0.01	0.043218799999999995
1198.5	1	7	0.02490975	0.5776629345849876	0.01	0.043121599999999996
1199.0	1	7	0.024806500000000002	0.5765681799165124	0.01	0.04302440000000001
1199.5	1	7	0.02470325	0.575468467545053	0.01	0.042927200000000006
1200.0	1	7	0.0246	0.5743637637170208	0.01	0.04283
1200.5	1	7	0.02456375	0.5730564605401446	0.01	0.04286445
1201.0	1	7	0.0245275	0.5717512570252384	0.01	0.0428989
1201.5	1	7	0.02449125	0.5704481481179549	0.01	0.04293335000000001
1202.0	1	7	0.024455	0.5691471287801563	0.01	0.04296780000000001
1202.5	1	7	0.02441875	0.5678481939898494	0.01	0.04300224999999999
1203.0	1	7	0.0243825	0.5665513387411211	0.01	0.0430367
1203.5	1	7	0.02434625	0.5652565580440736	0.01	0.04307115
1204.0	1	7	0.024310000000000002	0.5639638469247615	0.01	0.0431056
1204.5	1	7	0.02427375	0.562673200425127	0.01	0.04314005
1205.0	1	7	0.024237500000000002	0.561384613602937	0.01	0.0431745
1205.5	1	7	0.02420125	0.5600980815317197	0.01	0.04320895
1206.0	1	7	0.024165	0.5588135993007025	0.01	0.0432434
1206.5	1	7	0.02412875	0.557531162014749	0.01	0.04327785
1207.0	1	7	0.0240925	0.5562507647942964	0.01	0.0433123
1207.5	1	7	0.02405625	0.5549724027752946	0.01	0.04334675
1208.0	1	7	0.02402	0.553696071109144	0.01	0.04338120000000001
1208.5	1	7	0.02398375	0.5524217649626345	0.01	0.04341564999999999
1209.0	1	7	0.0239475	0.5511494795178837	0.01	0.0434501
1209.5	1	7	0.023911250000000002	0.5498792099722776	0.01	0.04348455
1210.0	1	7	0.023875	0.5486109515384084	0.01	0.043519
1210.5	1	7	0.02383875	0.5473446994440164	0.01	0.04355345000000001
1211.0	1	7	0.0238025	0.5460804489319284	0.01	0.04358789999999999
1211.5	1	7	0.02376625	0.5448181952599986	0.01	0.04362235
1212.0	1	7	0.02373	0.54355793370105	0.01	0.0436568
1212.5	1	7	0.02369375	0.5422996595428146	0.01	0.04369125000000001
1213.0	1	7	0.0236575	0.5410433680878751	0.01	0.043725700000000006
1213.5	1	7	0.02362125	0.539789054653606	0.01	0.043760150000000005
1214.0	1	7	0.023585000000000002	0.5385367145721162	0.01	0.04379460000000001
1214.5	1	7	0.02354875	0.5372863431901901	0.01	0.04382905
1215.0	1	7	0.0235125	0.5360379358692307	0.01	0.0438635
1215.5	1	7	0.02347625	0.534791487985202	0.01	0.04389795
1216.0	1	7	0.02344	0.533546994928572	0.01	0.043932399999999996
1216.5	1	7	0.02340375	0.5323044521042558	0.01	0.04396685
1217.0	1	7	0.0233675	0.5310638549315588	0.01	0.0440013
1217.5	1	7	0.02333125	0.529825198844121	0.01	0.04403575
1218.0	1	7	0.023295	0.5285884792898603	0.01	0.0440702
1218.5	1	7	0.02325875	0.5273536917309173	0.01	0.04410465
1219.0	1	7	0.0232225	0.5261208316435995	0.01	0.0441391
1219.5	1	7	0.02318625	0.524889894518326	0.01	0.04417354999999999
1220.0	1	7	0.02315	0.523660875859573	0.01	0.044208
1220.5	1	7	0.02311375	0.5224337711858181	0.01	0.044242449999999996
1221.0	1	7	0.0230775	0.5212085760294871	0.01	0.04427690000000001
1221.5	1	7	0.02304125	0.5199852859368987	0.01	0.04431135
1222.0	1	7	0.023005	0.5187638964682112	0.01	0.044345800000000005
1222.5	1	7	0.02296875	0.5175444031973682	0.01	0.04438025
1223.0	1	7	0.0229325	0.5163268017120458	0.01	0.0444147
1223.5	1	7	0.02289625	0.5151110876135989	0.01	0.04444915
1224.0	1	7	0.022860000000000002	0.5138972565170086	0.01	0.0444836
1224.5	1	7	0.02282375	0.5126853040508288	0.01	0.04451805
1225.0	1	7	0.0227875	0.5114752258571348	0.01	0.0445525
1225.5	1	7	0.02275125	0.5102670175914702	0.01	0.04458694999999999
1226.0	1	7	0.022715	0.5090606749227949	0.01	0.0446214
1226.5	1	7	0.02267875	0.5078561935334341	0.01	0.04465584999999999
1227.0	1	7	0.0226425	0.5066535691190258	0.01	0.044690299999999995
1227.5	1	7	0.02260625	0.5054527973884706	0.01	0.04472475
1228.0	1	7	0.02257	0.5042538740638796	0.01	0.0447592
1228.5	1	7	0.02253375	0.5030567948805245	0.01	0.04479365
1229.0	1	7	0.0224975	0.5018615555867859	0.01	0.04482810000000001
1229.5	1	7	0.022461250000000002	0.5006681519441049	0.01	0.04486255
1230.0	1	7	0.022425	0.49947657972693055	0.01	0.04489699999999999
1230.5	1	7	0.02238875	0.498286834722672	0.01	0.04493144999999999
1231.0	1	7	0.0223525	0.49709891273164775	0.01	0.0449659
1231.5	1	7	0.02231625	0.49591280956703665	0.01	0.04500035
1232.0	1	7	0.02228	0.49472852105482873	0.01	0.04503480000000001
1232.5	1	7	0.02224375	0.4935460430337758	0.01	0.04506924999999999
1233.0	1	7	0.0222075	0.49236537135534336	0.01	0.0451037
1233.5	1	7	0.02217125	0.4911865018836616	0.01	0.04513815
1234.0	1	7	0.022135000000000002	0.4900094304954774	0.01	0.0451726
1234.5	1	7	0.02209875	0.4888341530801059	0.01	0.04520705
1235.0	1	7	0.0220625	0.48766066553938303	0.01	0.045241500000000004
1235.5	1	7	0.02202625	0.4864889637876179	0.01	0.04527595
1236.0	1	7	0.02199	0.4853190437515449	0.01	0.045310399999999994
1236.5	1	7	0.02195375	0.48415090137027694	0.01	0.04534485
1237.0	1	7	0.0219175	0.4829845325952582	0.01	0.0453793
1237.5	1	7	0.02188125	0.4818199333902177	0.01	0.04541375
1238.0	1	7	0.021845	0.4806570997311225	0.01	0.0454482
1238.5	1	7	0.021808750000000002	0.4794960276061312	0.01	0.04548264999999999
1239.0	1	7	0.0217725	0.47833671301554803	0.01	0.04551709999999999
1239.5	1	7	0.02173625	0.47717915197177696	0.01	0.04555155000000001
1240.0	1	7	0.0217	0.4760233404992761	0.01	0.045586
1240.5	1	7	0.02166375	0.47486927463451145	0.01	0.04562045000000001
1241.0	1	7	0.0216275	0.4737169504259127	0.01	0.04565489999999999
1241.5	1	7	0.02159125	0.472566363933827	0.01	0.045689350000000004
1242.0	1	7	0.021555	0.47141751123047515	0.01	0.0457238
1242.5	1	7	0.02151875	0.47027038839990604	0.01	0.04575825
1243.0	1	7	0.0214825	0.4691249915379526	0.01	0.0457927
1243.5	1	7	0.02144625	0.46798131675218735	0.01	0.04582715
1244.0	1	7	0.02141	0.46683936016187827	0.01	0.0458616
1244.5	1	7	0.02137375	0.4656991178979455	0.01	0.045896049999999994
1245.0	1	7	0.0213375	0.46456058610291634	0.01	0.0459305
1245.5	1	7	0.02130125	0.4634237609308832	0.01	0.045964950000000004
1246.0	1	7	0.021265	0.4622886385474593	0.01	0.045999399999999996
1246.5	1	7	0.02122875	0.46115521512973606	0.01	0.04603385
1247.0	1	7	0.0211925	0.4600234868662399	0.01	0.046068300000000006
1247.5	1	7	0.02115625	0.4588934499568898	0.01	0.046102750000000005
1248.0	1	7	0.02112	0.4577651006129544	0.01	0.0461372
1248.5	1	7	0.021083750000000002	0.45663843505701013	0.01	0.04617165
1249.0	1	7	0.0210475	0.4555134495228985	0.01	0.0462061
1249.5	1	7	0.021011250000000002	0.45439014025568475	0.01	0.04624054999999999
1250.0	1	7	0.020975	0.4532685035116153	0.01	0.04627500000000001
1250.5	1	7	0.02093875	0.4521485355580772	0.01	0.04630945
1251.0	1	7	0.0209025	0.45103023267355574	0.01	0.0463439
1251.5	1	7	0.02086625	0.44991359114759366	0.01	0.04637834999999999
1252.0	1	7	0.02083	0.4487986072807501	0.01	0.046412800000000004
1252.5	1	7	0.02079375	0.4476852773845599	0.01	0.04644725
1253.0	1	7	0.0207575	0.4465735977814925	0.01	0.0464817
1253.5	1	7	0.02072125	0.44546356480491184	0.01	0.04651615
1254.0	1	7	0.020685000000000002	0.44435517479903597	0.01	0.0465506
1254.5	1	7	0.02064875	0.4432484241188965	0.01	0.04658505
1255.0	1	7	0.0206125	0.44214330913029953	0.01	0.0466195
1255.5	1	7	0.02057625	0.44103982620978505	0.01	0.04665395
1256.0	1	7	0.02054	0.43993797174458754	0.01	0.0466884
1256.5	1	7	0.02050375	0.4388377421325968	0.01	0.04672285
1257.0	1	7	0.0204675	0.43773913378231843	0.01	0.04675730000000001
1257.5	1	7	0.02043125	0.4366421431128351	0.01	0.04679175
1258.0	1	7	0.020395	0.4355467665537669	0.01	0.0468262
1258.5	1	7	0.020358750000000002	0.43445300054523356	0.01	0.046860650000000004
1259.0	1	7	0.0203225	0.43336084153781523	0.01	0.0468951
1259.5	1	7	0.020286250000000002	0.4322702859925144	0.01	0.046929549999999993
1260.0	1	7	0.02025	0.43118133038071715	0.01	0.046964
1260.5	1	7	0.02021375	0.4300939711841561	0.01	0.04699844999999999
1261.0	1	7	0.0201775	0.42900820489487146	0.01	0.0470329
1261.5	1	7	0.02014125	0.427924028015174	0.01	0.04706735
1262.0	1	7	0.020105	0.4268414370576072	0.01	0.0471018
1262.5	1	7	0.02006875	0.4257604285449097	0.01	0.04713625
1263.0	1	7	0.0200325	0.4246809990099787	0.01	0.0471707
1263.5	1	7	0.01999625	0.423603144995832	0.01	0.04720515
1264.0	1	7	0.019960000000000002	0.4225268630555721	0.01	0.04723959999999999
1264.5	1	7	0.01992375	0.4214521497523483	0.01	0.04727405
1265.0	1	7	0.019887500000000002	0.4203790016593213	0.01	0.0473085
1265.5	1	7	0.01985125	0.4193074153596259	0.01	0.047342949999999995
1266.0	1	7	0.019815	0.41823738744633515	0.01	0.0473774
1266.5	1	7	0.01977875	0.4171689145224243	0.01	0.04741185
1267.0	1	7	0.0197425	0.4161019932007343	0.01	0.0474463
1267.5	1	7	0.01970625	0.4150366201039369	0.01	0.04748075
1268.0	1	7	0.01967	0.4139727918644981	0.01	0.047515199999999994
1268.5	1	7	0.019633750000000002	0.41291050512464345	0.01	0.04754965
1269.0	1	7	0.0195975	0.411849756536322	0.01	0.0475841
1269.5	1	7	0.019561250000000002	0.4107905427611719	0.01	0.047618549999999996
1270.0	1	7	0.019525	0.4097328604704846	0.01	0.047653
1270.5	1	7	0.01948875	0.40867670634517045	0.01	0.04768745
1271.0	1	7	0.0194525	0.4076220770757242	0.01	0.047721900000000005
1271.5	1	7	0.01941625	0.4065689693621895	0.01	0.04775635
1272.0	1	7	0.01938	0.40551737991412573	0.01	0.0477908
1272.5	1	7	0.01934375	0.40446730545057263	0.01	0.04782525000000001
1273.0	1	7	0.019307500000000002	0.403418742700017	0.01	0.0478597
1273.5	1	7	0.01927125	0.40237168840035786	0.01	0.047894149999999996
1274.0	1	7	0.019235000000000002	0.4013261392988738	0.01	0.047928599999999995
1274.5	1	7	0.01919875	0.400282092152188	0.01	0.04796305
1275.0	1	7	0.0191625	0.3992395437262357	0.01	0.0479975
1275.5	1	7	0.01912625	0.39819849079623043	0.01	0.048031950000000004
1276.0	1	7	0.01909	0.39715893014663045	0.01	0.0480664
1276.5	1	7	0.01905375	0.39612085857110635	0.01	0.04810085
1277.0	1	7	0.0190175	0.3950842728725073	0.01	0.04813529999999999
1277.5	1	7	0.01898125	0.3940491698628289	0.01	0.04816975
1278.0	1	7	0.018945	0.3930155463631799	0.01	0.04820420000000001
1278.5	1	7	0.018908750000000002	0.3919833992037505	0.01	0.04823865
1279.0	1	7	0.0188725	0.3909527252237789	0.01	0.0482731
1279.5	1	7	0.01883625	0.3899235212715197	0.01	0.04830755
1280.0	1	7	0.0188	0.38889578420421167	0.01	0.048342
1280.5	1	7	0.01876375	0.3878695108880457	0.01	0.048376449999999994
1281.0	1	7	0.0187275	0.3868446981981331	0.01	0.0484109
1281.5	1	7	0.01869125	0.3858213430184734	0.01	0.04844535
1282.0	1	7	0.018655	0.3847994422419234	0.01	0.04847980000000001
1282.5	1	7	0.01861875	0.3837789927701655	0.01	0.04851425
1283.0	1	7	0.018582500000000002	0.382759991513676	0.01	0.0485487
1283.5	1	7	0.01854625	0.38174243539169445	0.01	0.04858315
1284.0	1	7	0.01851	0.3807263213321925	0.01	0.0486176
1284.5	1	7	0.01847375	0.3797116462718426	0.01	0.04865205
1285.0	1	7	0.018437500000000002	0.37869840715598785	0.01	0.0486865
1285.5	1	7	0.01840125	0.3776866009386106	0.01	0.04872095
1286.0	1	7	0.018365	0.37667622458230265	0.01	0.0487554
1286.5	1	7	0.01832875	0.37566727505823444	0.01	0.04878985000000001
1287.0	1	7	0.0182925	0.3746597493461248	0.01	0.0488243
1287.5	1	7	0.01825625	0.3736536444342109	0.01	0.04885875
1288.0	1	7	0.01822	0.3726489573192182	0.01	0.0488932
1288.5	1	7	0.018183750000000002	0.3716456850063308	0.01	0.04892765000000001
1289.0	1	7	0.0181475	0.37064382450916117	0.01	0.0489621
1289.5	1	7	0.018111250000000002	0.3696433728497211	0.01	0.04899655
1290.0	1	7	0.018075	0.3686443270583917	0.01	0.049031
1290.5	1	7	0.01803875	0.36764668417389423	0.01	0.049065450000000004
1291.0	1	7	0.0180025	0.3666504412432612	0.01	0.0490999
1291.5	1	7	0.01796625	0.3656555953218064	0.01	0.04913435
1292.0	1	7	0.01793	0.3646621434730968	0.01	0.049168800000000006
1292.5	1	7	0.01789375	0.36367008276892276	0.01	0.049203250000000004
1293.0	1	7	0.017857500000000002	0.36267941028927025	0.01	0.0492377
1293.5	1	7	0.01782125	0.3616901231222912	0.01	0.04927215
1294.0	1	7	0.017785000000000002	0.36070221836427585	0.01	0.04930659999999999
1294.5	1	7	0.01774875	0.35971569311962354	0.01	0.04934105
1295.0	1	7	0.0177125	0.35873054450081515	0.01	0.049375499999999996
1295.5	1	7	0.01767625	0.3577467696283846	0.01	0.04940995
1296.0	1	7	0.01764	0.3567643656308904	0.01	0.0494444
1296.5	1	7	0.01760375	0.35578332964488874	0.01	0.04947885
1297.0	1	7	0.0175675	0.3548036588149043	0.01	0.0495133
1297.5	1	7	0.01753125	0.35382535029340384	0.01	0.04954775000000001
1298.0	1	7	0.017495	0.3528484012407679	0.01	0.04958219999999999
1298.5	1	7	0.017458750000000002	0.35187280882526334	0.01	0.04961665
1299.0	1	7	0.0174225	0.3508985702230162	0.01	0.049651100000000004
1299.5	1	7	0.01738625	0.34992568261798446	0.01	0.04968555
1300.0	1	7	0.01735	0.3489541432019308	0.01	0.04972000000000001
1300.5	1	7	0.01731375	0.34823696707248636	0.01	0.0497183
1301.0	1	7	0.0172775	0.34751974189707263	0.01	0.0497166
1301.5	1	7	0.01724125	0.3468024676706581	0.01	0.0497149
1302.0	1	7	0.017205	0.3460851443882108	0.01	0.0497132
1302.5	1	7	0.01716875	0.34536777204469793	0.01	0.0497115
1303.0	1	7	0.017132500000000002	0.3446503506350861	0.01	0.0497098
1303.5	1	7	0.01709625	0.34393288015434104	0.01	0.049708100000000005
1304.0	1	7	0.017060000000000002	0.34321536059742813	0.01	0.0497064
1304.5	1	7	0.01702375	0.34249779195931174	0.01	0.0497047
1305.0	1	7	0.016987500000000003	0.3417801742349557	0.01	0.04970299999999999
1305.5	1	7	0.01695125	0.3410625074193231	0.01	0.0497013
1306.0	1	7	0.016915	0.3403447915073763	0.01	0.049699600000000003
1306.5	1	7	0.01687875	0.3396270264940772	0.01	0.0496979
1307.0	1	7	0.0168425	0.33890921237438676	0.01	0.0496962
1307.5	1	7	0.016806250000000002	0.3381913491432654	0.01	0.0496945
1308.0	1	7	0.01677	0.3374734367956726	0.01	0.0496928
1308.5	1	7	0.016733750000000002	0.3367554753265676	0.01	0.049691099999999995
1309.0	1	7	0.0166975	0.3360374647309084	0.01	0.0496894
1309.5	1	7	0.016661250000000002	0.33531940500365287	0.01	0.0496877
1310.0	1	7	0.016625	0.3346012961397577	0.01	0.049685999999999994
1310.5	1	7	0.01658875	0.3338831381341792	0.01	0.0496843
1311.0	1	7	0.0165525	0.33316493098187294	0.01	0.0496826
1311.5	1	7	0.01651625	0.33244667467779365	0.01	0.0496809
1312.0	1	7	0.01648	0.33172836921689564	0.01	0.0496792
1312.5	1	7	0.01644375	0.33101001459413215	0.01	0.0496775
1313.0	1	7	0.016407500000000002	0.3302916108044561	0.01	0.049675800000000006
1313.5	1	7	0.01637125	0.3295731578428195	0.01	0.049674100000000006
1314.0	1	7	0.016335000000000002	0.3288546557041738	0.01	0.04967239999999999
1314.5	1	7	0.01629875	0.3281361043834696	0.01	0.04967069999999999
1315.0	1	7	0.0162625	0.3274175038756568	0.01	0.049669
1315.5	1	7	0.01622625	0.32669885417568506	0.01	0.0496673
1316.0	1	7	0.01619	0.32598015527850266	0.01	0.0496656
1316.5	1	7	0.01615375	0.32526140717905766	0.01	0.0496639
1317.0	1	7	0.0161175	0.3245426098722972	0.01	0.049662200000000004
1317.5	1	7	0.016081250000000002	0.32382376335316804	0.01	0.0496605
1318.0	1	7	0.016045	0.3231048676166158	0.01	0.0496588
1318.5	1	7	0.016008750000000002	0.32238592265758576	0.01	0.0496571
1319.0	1	7	0.0159725	0.3216669284710223	0.01	0.0496554
1319.5	1	7	0.01593625	0.3209478850518692	0.01	0.0496537
1320.0	1	7	0.0159	0.3202287923950697	0.01	0.049652
1320.5	1	7	0.01586375	0.31950965049556596	0.01	0.0496503
1321.0	1	7	0.0158275	0.31879045934829986	0.01	0.0496486
1321.5	1	7	0.01579125	0.3180712189482123	0.01	0.0496469
1322.0	1	7	0.015755	0.3173519292902436	0.01	0.0496452
1322.5	1	7	0.01571875	0.31663259036933333	0.01	0.0496435
1323.0	1	7	0.015682500000000002	0.31591320218042057	0.01	0.0496418
1323.5	1	7	0.01564625	0.31519376471844335	0.01	0.0496401
1324.0	1	7	0.01561	0.3144742779783394	0.01	0.0496384
1324.5	1	7	0.01557375	0.3137547419550454	0.01	0.0496367
1325.0	1	7	0.015537500000000001	0.31303515664349757	0.01	0.04963499999999999
1325.5	1	7	0.015501250000000001	0.31231552203863133	0.01	0.0496333
1326.0	1	7	0.015465000000000001	0.31159583813538155	0.01	0.04963159999999999
1326.5	1	7	0.015428750000000001	0.3108761049286822	0.01	0.04962989999999999
1327.0	1	7	0.0153925	0.3101563224134666	0.01	0.0496282
1327.5	1	7	0.015356250000000002	0.30943649058466755	0.01	0.04962649999999999
1328.0	1	7	0.01532	0.30871660943721685	0.01	0.049624800000000004
1328.5	1	7	0.01528375	0.30799667896604604	0.01	0.0496231
1329.0	1	7	0.0152475	0.3072766991660856	0.01	0.0496214
1329.5	1	7	0.01521125	0.3065566700322654	0.01	0.0496197
1330.0	1	7	0.015175000000000001	0.3058365915595147	0.01	0.049618
1330.5	1	7	0.015138750000000001	0.30511646374276197	0.01	0.0496163
1331.0	1	7	0.015102500000000001	0.304396286576935	0.01	0.04961460000000001
1331.5	1	7	0.01506625	0.30367606005696096	0.01	0.04961290000000001
1332.0	1	7	0.015030000000000002	0.30295578417776636	0.01	0.049611199999999994
1332.5	1	7	0.01499375	0.3022354589342767	0.01	0.049609499999999994
1333.0	1	7	0.0149575	0.3015150843214172	0.01	0.0496078
1333.5	1	7	0.01492125	0.3007946603341121	0.01	0.04960610000000001
1334.0	1	7	0.014885	0.30007418696728516	0.01	0.0496044
1334.5	1	7	0.01484875	0.29935366421585924	0.01	0.0496027
1335.0	1	7	0.014812500000000001	0.2986330920747566	0.01	0.049601
1335.5	1	7	0.014776250000000001	0.29791247053889874	0.01	0.049599300000000006
1336.0	1	7	0.014740000000000001	0.29719179960320663	0.01	0.0495976
1336.5	1	7	0.014703750000000002	0.29647107926260036	0.01	0.0495959
1337.0	1	7	0.0146675	0.2957503095119994	0.01	0.0495942
1337.5	1	7	0.014631250000000002	0.2950294903463226	0.01	0.0495925
1338.0	1	7	0.014595	0.29430862176048783	0.01	0.0495908
1338.5	1	7	0.01455875	0.2935877037494127	0.01	0.049589100000000004
1339.0	1	7	0.0145225	0.29286673630801374	0.01	0.049587400000000004
1339.5	1	7	0.01448625	0.292145719431207	0.01	0.0495857
1340.0	1	7	0.014450000000000001	0.2914246531139077	0.01	0.049584
1340.5	1	7	0.014413750000000001	0.2907035373510305	0.01	0.04958230000000001
1341.0	1	7	0.014377500000000001	0.2899823721374893	0.01	0.0495806
1341.5	1	7	0.01434125	0.28926115746819714	0.01	0.0495789
1342.0	1	7	0.014305000000000002	0.28853989333806673	0.01	0.049577199999999995
1342.5	1	7	0.01426875	0.28781857974200964	0.01	0.04957550000000001
1343.0	1	7	0.0142325	0.28709721667493715	0.01	0.0495738
1343.5	1	7	0.01419625	0.2863758041317596	0.01	0.0495721
1344.0	1	7	0.01416	0.28565434210738666	0.01	0.0495704
1344.5	1	7	0.014123750000000001	0.28493283059672736	0.01	0.04956870000000001
1345.0	1	7	0.014087500000000001	0.28421126959469006	0.01	0.04956699999999999
1345.5	1	7	0.014051250000000001	0.28348965909618223	0.01	0.0495653
1346.0	1	7	0.014015000000000001	0.2827679990961109	0.01	0.0495636
1346.5	1	7	0.013978750000000002	0.2820462895893822	0.01	0.0495619
1347.0	1	7	0.0139425	0.2813245305709017	0.01	0.0495602
1347.5	1	7	0.01390625	0.2806027220355741	0.01	0.0495585
1348.0	1	7	0.01387	0.2798808639783037	0.01	0.0495568
1348.5	1	7	0.01383375	0.2791589563939938	0.01	0.04955509999999999
1349.0	1	7	0.0137975	0.27843699927754706	0.01	0.0495534
1349.5	1	7	0.013761250000000001	0.2777149926238656	0.01	0.04955169999999999
1350.0	1	7	0.013725000000000001	0.2769929364278507	0.01	0.04954999999999999
1350.5	1	7	0.013688750000000001	0.2762708306844029	0.01	0.0495483
1351.0	1	7	0.013652500000000001	0.2755486753884222	0.01	0.04954660000000001
1351.5	1	7	0.013616250000000002	0.27482647053480785	0.01	0.049544899999999996
1352.0	1	7	0.013580000000000002	0.27410421611845825	0.01	0.0495432
1352.5	1	7	0.01354375	0.27338191213427127	0.01	0.0495415
1353.0	1	7	0.0135075	0.272659558577144	0.01	0.0495398
1353.5	1	7	0.01347125	0.27193715544197294	0.01	0.0495381
1354.0	1	7	0.013435	0.2712147027236537	0.01	0.0495364
1354.5	1	7	0.013398750000000001	0.2704922004170814	0.01	0.0495347
1355.0	1	7	0.013362500000000001	0.2697696485171502	0.01	0.04953300000000001
1355.5	1	7	0.013326250000000001	0.2690470470187538	0.01	0.0495313
1356.0	1	7	0.013290000000000001	0.26832439591678514	0.01	0.0495296
1356.5	1	7	0.013253750000000002	0.26760169520613636	0.01	0.0495279
1357.0	1	7	0.0132175	0.266878944881699	0.01	0.04952619999999999
1357.5	1	7	0.01318125	0.26615614493836387	0.01	0.04952449999999999
1358.0	1	7	0.013145	0.26543329537102106	0.01	0.0495228
1358.5	1	7	0.01310875	0.26471039617455994	0.01	0.049521100000000005
1359.0	1	7	0.0130725	0.2639874473438693	0.01	0.0495194
1359.5	1	7	0.013036250000000001	0.26326444887383704	0.01	0.0495177
1360.0	1	7	0.013000000000000001	0.26254140075935056	0.01	0.049516
1360.5	1	7	0.012963750000000001	0.26181830299529635	0.01	0.0495143
1361.0	1	7	0.012927500000000001	0.2610951555765604	0.01	0.04951259999999999
1361.5	1	7	0.01289125	0.2603719584980277	0.01	0.049510900000000004
1362.0	1	7	0.012855	0.259648711754583	0.01	0.0495092
1362.5	1	7	0.01281875	0.2589254153411099	0.01	0.0495075
1363.0	1	7	0.0127825	0.2582020692524916	0.01	0.0495058
1363.5	1	7	0.01274625	0.2574786734836105	0.01	0.049504099999999995
1364.0	1	7	0.01271	0.2567552280293481	0.01	0.0495024
1364.5	1	7	0.012673750000000001	0.2560317328845855	0.01	0.0495007
1365.0	1	7	0.012637500000000001	0.2553081880442029	0.01	0.049499
1365.5	1	7	0.012601250000000001	0.25458459350308	0.01	0.0494973
1366.0	1	7	0.012565	0.2538609492560955	0.01	0.0494956
1366.5	1	7	0.01252875	0.25313725529812764	0.01	0.04949390000000001
1367.0	1	7	0.0124925	0.2524135116240539	0.01	0.0494922
1367.5	1	7	0.01245625	0.25168971822875097	0.01	0.0494905
1368.0	1	7	0.01242	0.25096587510709495	0.01	0.0494888
1368.5	1	7	0.01238375	0.25024198225396116	0.01	0.0494871
1369.0	1	7	0.0123475	0.24951803966422423	0.01	0.0494854
1369.5	1	7	0.012311250000000001	0.2487940473327581	0.01	0.049483700000000005
1370.0	1	7	0.012275000000000001	0.24807000525443598	0.01	0.049482
1370.5	1	7	0.01223875	0.24734591342413043	0.01	0.0494803
1371.0	1	7	0.0122025	0.24662177183671324	0.01	0.049478600000000005
1371.5	1	7	0.01216625	0.2458975804870556	0.01	0.0494769
1372.0	1	7	0.01213	0.24517333937002783	0.01	0.0494752
1372.5	1	7	0.01209375	0.24444904848049964	0.01	0.049473500000000004
1373.0	1	7	0.0120575	0.24372470781334013	0.01	0.049471799999999996
1373.5	1	7	0.01202125	0.2430003173634175	0.01	0.0494701
1374.0	1	7	0.011985	0.24227587712559936	0.01	0.04946840000000001
1374.5	1	7	0.011948750000000001	0.24155138709475263	0.01	0.0494667
1375.0	1	7	0.0119125	0.24082684726574344	0.01	0.049465
1375.5	1	7	0.01187625	0.2401022576334373	0.01	0.0494633
1376.0	1	7	0.01184	0.23937761819269898	0.01	0.0494616
1376.5	1	7	0.01180375	0.23865292893839252	0.01	0.0494599
1377.0	1	7	0.0117675	0.23792818986538128	0.01	0.0494582
1377.5	1	7	0.01173125	0.2372034009685279	0.01	0.0494565
1378.0	1	7	0.011695	0.23647856224269434	0.01	0.0494548
1378.5	1	7	0.01165875	0.23575367368274183	0.01	0.04945310000000001
1379.0	1	7	0.011622500000000001	0.2350287352835309	0.01	0.049451400000000006
1379.5	1	7	0.01158625	0.23430374703992138	0.01	0.04944969999999999
1380.0	1	7	0.011550000000000001	0.2335787089467724	0.01	0.049448
1380.5	1	7	0.01151375	0.23285362099894227	0.01	0.049446300000000006
1381.0	1	7	0.0114775	0.23212848319128884	0.01	0.0494446
1381.5	1	7	0.01144125	0.23140329551866903	0.01	0.04944289999999999
1382.0	1	7	0.011405	0.2306780579759391	0.01	0.049441200000000005
1382.5	1	7	0.01136875	0.22995277055795468	0.01	0.0494395
1383.0	1	7	0.0113325	0.22922743325957062	0.01	0.049437800000000004
1383.5	1	7	0.01129625	0.2285020460756411	0.01	0.0494361
1384.0	1	7	0.01126	0.2277766090010195	0.01	0.0494344
1384.5	1	7	0.011223750000000001	0.22705112203055872	0.01	0.04943270000000001
1385.0	1	7	0.0111875	0.22632558515911066	0.01	0.049431
1385.5	1	7	0.01115125	0.22559999838152672	0.01	0.04942930000000001
1386.0	1	7	0.011115	0.22487436169265754	0.01	0.0494276
1386.5	1	7	0.01107875	0.22414867508735298	0.01	0.04942590000000001
1387.0	1	7	0.0110425	0.22342293856046228	0.01	0.0494242
1387.5	1	7	0.01100625	0.22269715210683394	0.01	0.049422499999999994
1388.0	1	7	0.01097	0.22197131572131573	0.01	0.04942080000000001
1388.5	1	7	0.010933749999999999	0.22124542939875472	0.01	0.0494191
1389.0	1	7	0.010897500000000001	0.22051949313399735	0.01	0.04941739999999999
1389.5	1	7	0.01086125	0.21979350692188918	0.01	0.0494157
1390.0	1	7	0.010825	0.21906747075727526	0.01	0.049414
1390.5	1	7	0.01078875	0.21834138463499977	0.01	0.049412300000000006
1391.0	1	7	0.0107525	0.2176152485499063	0.01	0.0494106
1391.5	1	7	0.01071625	0.21688906249683762	0.01	0.0494089
1392.0	1	7	0.01068	0.21616282647063587	0.01	0.0494072
1392.5	1	7	0.01064375	0.21543654046614244	0.01	0.0494055
1393.0	1	7	0.010607499999999999	0.21471020447819802	0.01	0.0494038
1393.5	1	7	0.01057125	0.21398381850164266	0.01	0.0494021
1394.0	1	7	0.010535	0.21325738253131554	0.01	0.04940039999999999
1394.5	1	7	0.01049875	0.21253089656205526	0.01	0.0493987
1395.0	1	7	0.0104625	0.2118043605886997	0.01	0.049397
1395.5	1	7	0.01042625	0.21107777460608598	0.01	0.0493953
1396.0	1	7	0.01039	0.21035113860905055	0.01	0.0493936
1396.5	1	7	0.01035375	0.20962445259242912	0.01	0.0493919
1397.0	1	7	0.0103175	0.20889771655105668	0.01	0.0493902
1397.5	1	7	0.010281249999999999	0.20817093047976754	0.01	0.0493885
1398.0	1	7	0.010245	0.20744409437339534	0.01	0.049386799999999995
1398.5	1	7	0.010208749999999999	0.20671720822677284	0.01	0.049385099999999994
1399.0	1	7	0.0101725	0.2059902720347323	0.01	0.0493834
1399.5	1	7	0.01013625	0.20526328579210515	0.01	0.0493817
1400.0	1	7	0.0101	0.20453624949372215	0.01	0.04938
1400.5	1	7	0.010086	0.20451552267950615	0.01	0.04931655
1401.0	1	7	0.010072	0.20449474246291094	0.01	0.04925310000000001
1401.5	1	7	0.010058	0.20447390863728446	0.01	0.04918965
1402.0	1	7	0.010043999999999999	0.20445302099490698	0.01	0.049126199999999995
1402.5	1	7	0.010029999999999999	0.2044320793269843	0.01	0.04906275
1403.0	1	7	0.010015999999999999	0.2044110834236407	0.01	0.0489993
1403.5	1	7	0.010001999999999999	0.20439003307391204	0.01	0.04893585
1404.0	1	7	0.009988	0.20436892806573853	0.01	0.04887240000000001
1404.5	1	7	0.009974	0.20434776818595768	0.01	0.04880895000000001
1405.0	1	7	0.00996	0.20432655322029727	0.01	0.0487455
1405.5	1	7	0.009946	0.20430528295336783	0.01	0.04868205
1406.0	1	7	0.009932	0.20428395716865563	0.01	0.0486186
1406.5	1	7	0.009918	0.20426257564851513	0.01	0.048555150000000005
1407.0	1	7	0.009904	0.20424113817416176	0.01	0.048491700000000006
1407.5	1	7	0.00989	0.20421964452566424	0.01	0.04842825
1408.0	1	7	0.009876	0.20419809448193726	0.01	0.0483648
1408.5	1	7	0.009862	0.20417648782073378	0.01	0.04830134999999999
1409.0	1	7	0.009847999999999999	0.2041548243186374	0.01	0.04823789999999999
1409.5	1	7	0.009833999999999999	0.20413310375105473	0.01	0.04817445000000001
1410.0	1	7	0.009819999999999999	0.20411132589220757	0.01	0.04811100000000001
1410.5	1	7	0.009805999999999999	0.2040894905151251	0.01	0.04804755
1411.0	1	7	0.009792	0.204067597391636	0.01	0.0479841
1411.5	1	7	0.009778	0.20404564629236038	0.01	0.04792065000000001
1412.0	1	7	0.009764	0.2040236369867021	0.01	0.0478572
1412.5	1	7	0.00975	0.20400156924284032	0.01	0.047793749999999996
1413.0	1	7	0.009736	0.20397944282772157	0.01	0.04773030000000001
1413.5	1	7	0.009722	0.20395725750705151	0.01	0.04766685000000001
1414.0	1	7	0.009708	0.2039350130452867	0.01	0.0476034
1414.5	1	7	0.009694	0.203912709205626	0.01	0.04753994999999999
1415.0	1	7	0.00968	0.20389034575000262	0.01	0.0474765
1415.5	1	7	0.009666	0.2038679224390753	0.01	0.04741305
1416.0	1	7	0.009651999999999999	0.2038454390322199	0.01	0.0473496
1416.5	1	7	0.009637999999999999	0.20382289528752076	0.01	0.04728615
1417.0	1	7	0.009623999999999999	0.20380029096176203	0.01	0.04722269999999999
1417.5	1	7	0.009609999999999999	0.20377762581041892	0.01	0.04715925000000001
1418.0	1	7	0.009596	0.203754899587649	0.01	0.04709580000000001
1418.5	1	7	0.009582	0.20373211204628303	0.01	0.04703235000000001
1419.0	1	7	0.009568	0.2037092629378163	0.01	0.04696890000000001
1419.5	1	7	0.009554	0.2036863520123994	0.01	0.04690545
1420.0	1	7	0.00954	0.20366337901882925	0.01	0.046842
1420.5	1	7	0.009526	0.2036403437045398	0.01	0.04677855
1421.0	1	7	0.009512	0.2036172458155928	0.01	0.04671510000000001
1421.5	1	7	0.009498	0.20359408509666857	0.01	0.04665165
1422.0	1	7	0.009484	0.2035708612910565	0.01	0.0465882
1422.5	1	7	0.00947	0.20354757414064553	0.01	0.046524750000000004
1423.0	1	7	0.009455999999999999	0.20352422338591472	0.01	0.0464613
1423.5	1	7	0.009441999999999999	0.2035008087659234	0.01	0.04639785
1424.0	1	7	0.009427999999999999	0.20347733001830173	0.01	0.0463344
1424.5	1	7	0.009413999999999999	0.20345378687924062	0.01	0.04627095
1425.0	1	7	0.009399999999999999	0.2034301790834821	0.01	0.0462075
1425.5	1	7	0.009386	0.20340650636430918	0.01	0.04614404999999999
1426.0	1	7	0.009372	0.20338276845353576	0.01	0.046080600000000006
1426.5	1	7	0.009358	0.20335896508149678	0.01	0.04601715
1427.0	1	7	0.009344	0.20333509597703775	0.01	0.04595370000000001
1427.5	1	7	0.00933	0.20331116086750453	0.01	0.04589025
1428.0	1	7	0.009316	0.20328715947873296	0.01	0.0458268
1428.5	1	7	0.009302	0.20326309153503838	0.01	0.04576335000000001
1429.0	1	7	0.009288	0.20323895675920514	0.01	0.04569990000000001
1429.5	1	7	0.009274	0.2032147548724758	0.01	0.04563645
1430.0	1	7	0.00926	0.2031904855945406	0.01	0.045573
1430.5	1	7	0.009245999999999999	0.20316614864352645	0.01	0.04550955
1431.0	1	7	0.009231999999999999	0.20314174373598612	0.01	0.0454461
1431.5	1	7	0.009217999999999999	0.20311727058688728	0.01	0.04538265
1432.0	1	7	0.009204	0.20309272890960123	0.01	0.0453192
1432.5	1	7	0.00919	0.20306811841589192	0.01	0.04525575
1433.0	1	7	0.009176	0.2030434388159045	0.01	0.04519229999999999
1433.5	1	7	0.009162	0.20301868981815402	0.01	0.04512885
1434.0	1	7	0.009148	0.202993871129514	0.01	0.0450654
1434.5	1	7	0.009134	0.20296898245520473	0.01	0.04500195
1435.0	1	7	0.00912	0.20294402349878166	0.01	0.0449385
1435.5	1	7	0.009106	0.2029189939621237	0.01	0.04487505000000001
1436.0	1	7	0.009092	0.20289389354542126	0.01	0.04481160000000001
1436.5	1	7	0.009078	0.20286872194716427	0.01	0.04474815
1437.0	1	7	0.009064	0.2028434788641302	0.01	0.0446847
1437.5	1	7	0.009049999999999999	0.20281816399137179	0.01	0.04462125
1438.0	1	7	0.009035999999999999	0.20279277702220483	0.01	0.04455780000000001
1438.5	1	7	0.009021999999999999	0.20276731764819575	0.01	0.04449435
1439.0	1	7	0.009007999999999999	0.2027417855591491	0.01	0.0444309
1439.5	1	7	0.008993999999999999	0.20271618044309506	0.01	0.04436745
1440.0	1	7	0.00898	0.2026905019862766	0.01	0.04430400000000001
1440.5	1	7	0.008966	0.20266474987313673	0.01	0.044240550000000003
1441.0	1	7	0.008952	0.20263892378630557	0.01	0.0441771
1441.5	1	7	0.008938	0.20261302340658727	0.01	0.044113650000000004
1442.0	1	7	0.008924	0.20258704841294706	0.01	0.0440502
1442.5	1	7	0.00891	0.20256099848249756	0.01	0.04398675
1443.0	1	7	0.008896	0.20253487329048592	0.01	0.04392329999999999
1443.5	1	7	0.008882	0.2025086725102799	0.01	0.04385984999999999
1444.0	1	7	0.008868	0.2024823958133545	0.01	0.0437964
1444.5	1	7	0.008853999999999999	0.20245604286927818	0.01	0.04373295
1445.0	1	7	0.008839999999999999	0.20242961334569892	0.01	0.0436695
1445.5	1	7	0.008825999999999999	0.20240310690833035	0.01	0.04360605
1446.0	1	7	0.008812	0.20237652322093766	0.01	0.04354260000000001
1446.5	1	7	0.008798	0.20234986194532323	0.01	0.04347915
1447.0	1	7	0.008784	0.20232312274131248	0.01	0.043415699999999995
1447.5	1	7	0.00877	0.2022963052667393	0.01	0.04335225000000001
1448.0	1	7	0.008756	0.20226940917743155	0.01	0.04328880000000001
1448.5	1	7	0.008742	0.20224243412719617	0.01	0.04322535000000001
1449.0	1	7	0.008728	0.20221537976780446	0.01	0.0431619
1449.5	1	7	0.008714	0.20218824574897704	0.01	0.043098449999999996
1450.0	1	7	0.0087	0.20216103171836874	0.01	0.043035
1450.5	1	7	0.008686	0.20213373732155343	0.01	0.04297155
1451.0	1	7	0.008672	0.20210636220200848	0.01	0.0429081
1451.5	1	7	0.008657999999999999	0.20207890600109932	0.01	0.04284464999999999
1452.0	1	7	0.008643999999999999	0.2020513683580638	0.01	0.04278119999999999
1452.5	1	7	0.008629999999999999	0.20202374890999641	0.01	0.04271775
1453.0	1	7	0.008615999999999999	0.2019960472918322	0.01	0.0426543
1453.5	1	7	0.008601999999999999	0.2019682631363309	0.01	0.04259085
1454.0	1	7	0.008588	0.2019403960740605	0.01	0.0425274
1454.5	1	7	0.008574	0.2019124457333809	0.01	0.04246395
1455.0	1	7	0.00856	0.2018844117404276	0.01	0.042400499999999994
1455.5	1	7	0.008546	0.20185629371909472	0.01	0.04233705
1456.0	1	7	0.008532	0.2018280912910185	0.01	0.042273599999999995
1456.5	1	7	0.008518	0.20179980407556	0.01	0.04221015
1457.0	1	7	0.008504	0.20177143168978826	0.01	0.0421467
1457.5	1	7	0.00849	0.20174297374846284	0.01	0.04208325
1458.0	1	7	0.008476	0.20171442986401644	0.01	0.0420198
1458.5	1	7	0.008461999999999999	0.20168579964653738	0.01	0.04195635
1459.0	1	7	0.008447999999999999	0.2016570827037517	0.01	0.0418929
1459.5	1	7	0.008433999999999999	0.20162827864100527	0.01	0.041829450000000004
1460.0	1	7	0.008419999999999999	0.20159938706124597	0.01	0.041766
1460.5	1	7	0.008405999999999999	0.201570407565005	0.01	0.04170255
1461.0	1	7	0.008392	0.20154133975037886	0.01	0.041639100000000005
1461.5	1	7	0.008378	0.2015121832130105	0.01	0.04157565
1462.0	1	7	0.008364	0.2014829375460708	0.01	0.0415122
1462.5	1	7	0.00835	0.20145360234023946	0.01	0.04144875
1463.0	1	7	0.008336	0.201424177183686	0.01	0.0413853
1463.5	1	7	0.008322	0.20139466166205044	0.01	0.04132185
1464.0	1	7	0.008308	0.20136505535842397	0.01	0.0412584
1464.5	1	7	0.008294	0.2013353578533291	0.01	0.04119495
1465.0	1	7	0.00828	0.2013055687247	0.01	0.0411315
1465.5	1	7	0.008265999999999999	0.2012756875478626	0.01	0.04106805
1466.0	1	7	0.008251999999999999	0.20124571389551413	0.01	0.0410046
1466.5	1	7	0.008237999999999999	0.20121564733770297	0.01	0.04094115000000001
1467.0	1	7	0.008223999999999999	0.2011854874418081	0.01	0.0408777
1467.5	1	7	0.008209999999999999	0.20115523377251815	0.01	0.04081425
1468.0	1	7	0.008195999999999998	0.20112488589181066	0.01	0.040750800000000004
1468.5	1	7	0.008182	0.20109444335893098	0.01	0.04068735
1469.0	1	7	0.008168	0.20106390573037053	0.01	0.040623900000000004
1469.5	1	7	0.008154	0.20103327255984588	0.01	0.04056045
1470.0	1	7	0.00814	0.20100254339827642	0.01	0.040497
1470.5	1	7	0.008126	0.20097171779376286	0.01	0.04043355
1471.0	1	7	0.008112	0.20094079529156478	0.01	0.040370100000000006
1471.5	1	7	0.008098	0.20090977543407848	0.01	0.04030665
1472.0	1	7	0.008084	0.20087865776081423	0.01	0.0402432
1472.5	1	7	0.008069999999999999	0.2008474418083736	0.01	0.04017974999999999
1473.0	1	7	0.008055999999999999	0.2008161271104264	0.01	0.04011630000000001
1473.5	1	7	0.008041999999999999	0.2007847131976875	0.01	0.04005285
1474.0	1	7	0.008027999999999999	0.2007531995978934	0.01	0.03998940000000001
1474.5	1	7	0.008013999999999999	0.20072158583577843	0.01	0.03992595000000001
1475.0	1	7	0.008	0.20068987143305111	0.01	0.039862499999999995
1475.5	1	7	0.007986	0.20065805590836966	0.01	0.03979905
1476.0	1	7	0.007972	0.20062613877731805	0.01	0.0397356
1476.5	1	7	0.007958	0.20059411955238118	0.01	0.03967215
1477.0	1	7	0.007944	0.20056199774292013	0.01	0.0396087
1477.5	1	7	0.00793	0.20052977285514692	0.01	0.039545250000000004
1478.0	1	7	0.007916	0.20049744439209966	0.01	0.0394818
1478.5	1	7	0.007902	0.20046501185361637	0.01	0.03941835
1479.0	1	7	0.007888	0.20043247473630982	0.01	0.039354900000000005
1479.5	1	7	0.007873999999999999	0.200399832533541	0.01	0.039291450000000006
1480.0	1	7	0.007859999999999999	0.20036708473539305	0.01	0.039228
1480.5	1	7	0.007845999999999999	0.20033423082864477	0.01	0.03916455
1481.0	1	7	0.007831999999999999	0.20030127029674355	0.01	0.0391011
1481.5	1	7	0.007817999999999999	0.20026820261977857	0.01	0.03903764999999999
1482.0	1	7	0.007803999999999999	0.20023502727445333	0.01	0.0389742
1482.5	1	7	0.007789999999999999	0.20020174373405805	0.01	0.03891075
1483.0	1	7	0.007775999999999999	0.20016835146844178	0.01	0.0388473
1483.5	1	7	0.007761999999999999	0.20013484994398437	0.01	0.03878385000000001
1484.0	1	7	0.007748	0.2001012386235679	0.01	0.0387204
1484.5	1	7	0.0077339999999999996	0.20006751696654804	0.01	0.038656949999999995
1485.0	1	7	0.007719999999999999	0.20003368442872502	0.01	0.0385935
1485.5	1	7	0.007705999999999999	0.19999974046231445	0.01	0.03853005
1486.0	1	7	0.007691999999999999	0.19996568451591767	0.01	0.0384666
1486.5	1	7	0.007677999999999999	0.19993151603449194	0.01	0.03840315
1487.0	1	7	0.007663999999999999	0.19989723445932017	0.01	0.038339700000000004
1487.5	1	7	0.007649999999999999	0.1998628392279808	0.01	0.03827625
1488.0	1	7	0.0076359999999999996	0.19982832977431642	0.01	0.03821280000000001
1488.5	1	7	0.0076219999999999994	0.1997937055284035	0.01	0.03814934999999999
1489.0	1	7	0.007607999999999999	0.1997589659165203	0.01	0.0380859
1489.5	1	7	0.007593999999999999	0.1997241103611156	0.01	0.03802245
1490.0	1	7	0.007579999999999999	0.1996891382807766	0.01	0.03795899999999999
1490.5	1	7	0.007566	0.1996540490901966	0.01	0.03789555
1491.0	1	7	0.007552	0.1996188422001422	0.01	0.0378321
1491.5	1	7	0.0075379999999999996	0.19958351701742053	0.01	0.03776865
1492.0	1	7	0.0075239999999999994	0.19954807294484578	0.01	0.0377052
1492.5	1	7	0.007509999999999999	0.19951250938120568	0.01	0.03764175
1493.0	1	7	0.007495999999999999	0.19947682572122738	0.01	0.0375783
1493.5	1	7	0.007481999999999999	0.19944102135554317	0.01	0.03751485
1494.0	1	7	0.007467999999999999	0.19940509567065579	0.01	0.0374514
1494.5	1	7	0.007453999999999999	0.1993690480489034	0.01	0.03738795
1495.0	1	7	0.0074399999999999996	0.19933287786842424	0.01	0.0373245
1495.5	1	7	0.0074259999999999994	0.19929658450312052	0.01	0.037261050000000004
1496.0	1	7	0.007411999999999999	0.19926016732262297	0.01	0.0371976
1496.5	1	7	0.007397999999999999	0.19922362569225358	0.01	0.037134150000000005
1497.0	1	7	0.007383999999999999	0.19918695897298944	0.01	0.0370707
1497.5	1	7	0.007369999999999999	0.19915016652142484	0.01	0.03700725
1498.0	1	7	0.007356	0.19911324768973412	0.01	0.036943800000000006
1498.5	1	7	0.007342	0.19907620182563343	0.01	0.03688034999999999
1499.0	1	7	0.0073279999999999994	0.1990390282723423	0.01	0.0368169
1499.5	1	7	0.007313999999999999	0.19900172636854496	0.01	0.03675345
1500.0	1	7	0.007299999999999999	0.19896429544835104	0.01	0.03669
1500.5	1	7	0.007285999999999999	0.19896394563581896	0.01	0.0366197
1501.0	1	7	0.007271999999999999	0.19896359447761108	0.01	0.0365494
1501.5	1	7	0.007257999999999999	0.19896324196594758	0.01	0.0364791
1502.0	1	7	0.007244	0.1989628880929885	0.01	0.0364088
1502.5	1	7	0.0072299999999999994	0.1989625328508331	0.01	0.0363385
1503.0	1	7	0.007215999999999999	0.1989621762315196	0.01	0.0362682
1503.5	1	7	0.007201999999999999	0.19896181822702422	0.01	0.0361979
1504.0	1	7	0.007187999999999999	0.1989614588292607	0.01	0.0361276
1504.5	1	7	0.007173999999999999	0.19896109803007986	0.01	0.0360573
1505.0	1	7	0.00716	0.1989607358212688	0.01	0.03598699999999999
1505.5	1	7	0.007146	0.19896037219455015	0.01	0.0359167
1506.0	1	7	0.0071319999999999995	0.19896000714158185	0.01	0.0358464
1506.5	1	7	0.007117999999999999	0.19895964065395613	0.01	0.0357761
1507.0	1	7	0.007103999999999999	0.198959272723199	0.01	0.0357058
1507.5	1	7	0.007089999999999999	0.1989589033407697	0.01	0.0356355
1508.0	1	7	0.007075999999999999	0.1989585324980599	0.01	0.0355652
1508.5	1	7	0.007062	0.19895816018639295	0.01	0.0354949
1509.0	1	7	0.007048	0.19895778639702352	0.01	0.0354246
1509.5	1	7	0.0070339999999999995	0.1989574111211366	0.01	0.0353543
1510.0	1	7	0.007019999999999999	0.19895703434984693	0.01	0.035284
1510.5	1	7	0.007005999999999999	0.19895665607419838	0.01	0.0352137
1511.0	1	7	0.006991999999999999	0.19895627628516305	0.01	0.0351434
1511.5	1	7	0.006977999999999999	0.19895589497364072	0.01	0.0350731
1512.0	1	7	0.006964	0.19895551213045812	0.01	0.0350028
1512.5	1	7	0.00695	0.198955127746368	0.01	0.0349325
1513.0	1	7	0.0069359999999999995	0.19895474181204856	0.01	0.0348622
1513.5	1	7	0.006921999999999999	0.19895435431810277	0.01	0.0347919
1514.0	1	7	0.006907999999999999	0.19895396525505735	0.01	0.034721600000000005
1514.5	1	7	0.006893999999999999	0.19895357461336222	0.01	0.0346513
1515.0	1	7	0.006879999999999999	0.1989531823833897	0.01	0.034581
1515.5	1	7	0.006866	0.19895278855543352	0.01	0.0345107
1516.0	1	7	0.006852	0.19895239311970822	0.01	0.0344404
1516.5	1	7	0.0068379999999999995	0.19895199606634834	0.01	0.03437010000000001
1517.0	1	7	0.006823999999999999	0.1989515973854075	0.01	0.03429979999999999
1517.5	1	7	0.006809999999999999	0.1989511970668575	0.01	0.0342295
1518.0	1	7	0.006795999999999999	0.1989507951005878	0.01	0.0341592
1518.5	1	7	0.006782	0.19895039147640434	0.01	0.034088900000000005
1519.0	1	7	0.006768	0.1989499861840287	0.01	0.0340186
1519.5	1	7	0.006754	0.19894957921309755	0.01	0.0339483
1520.0	1	7	0.0067399999999999995	0.19894917055316133	0.01	0.033878
1520.5	1	7	0.006725999999999999	0.19894876019368365	0.01	0.0338077
1521.0	1	7	0.006711999999999999	0.19894834812404036	0.01	0.0337374
1521.5	1	7	0.006697999999999999	0.19894793433351846	0.01	0.0336671
1522.0	1	7	0.006684	0.19894751881131534	0.01	0.0335968
1522.5	1	7	0.00667	0.1989471015465378	0.01	0.0335265
1523.0	1	7	0.006656	0.19894668252820105	0.01	0.0334562
1523.5	1	7	0.0066419999999999995	0.19894626174522775	0.01	0.033385899999999996
1524.0	1	7	0.006627999999999999	0.19894583918644718	0.01	0.0333156
1524.5	1	7	0.006613999999999999	0.198945414840594	0.01	0.0332453
1525.0	1	7	0.0066	0.19894498869630745	0.01	0.033175
1525.5	1	7	0.006586	0.19894456074213027	0.01	0.0331047
1526.0	1	7	0.006572	0.19894413096650765	0.01	0.0330344
1526.5	1	7	0.006558	0.19894369935778616	0.01	0.0329641
1527.0	1	7	0.0065439999999999995	0.19894326590421293	0.01	0.0328938
1527.5	1	7	0.006529999999999999	0.19894283059393422	0.01	0.0328235
1528.0	1	7	0.006515999999999999	0.19894239341499453	0.01	0.0327532
1528.5	1	7	0.006502	0.19894195435533565	0.01	0.0326829
1529.0	1	7	0.006488	0.19894151340279526	0.01	0.03261259999999999
1529.5	1	7	0.006474	0.19894107054510587	0.01	0.0325423
1530.0	1	7	0.00646	0.19894062576989405	0.01	0.032472
1530.5	1	7	0.0064459999999999995	0.1989401790646787	0.01	0.0324017
1531.0	1	7	0.006431999999999999	0.19893973041687024	0.01	0.0323314
1531.5	1	7	0.006418	0.19893927981376952	0.01	0.0322611
1532.0	1	7	0.006404	0.1989388272425662	0.01	0.0321908
1532.5	1	7	0.00639	0.19893837269033793	0.01	0.0321205
1533.0	1	7	0.006376	0.19893791614404902	0.01	0.032050199999999994
1533.5	1	7	0.006362	0.19893745759054907	0.01	0.0319799
1534.0	1	7	0.0063479999999999995	0.19893699701657178	0.01	0.0319096
1534.5	1	7	0.006333999999999999	0.19893653440873382	0.01	0.0318393
1535.0	1	7	0.006319999999999999	0.1989360697535333	0.01	0.031769
1535.5	1	7	0.006306	0.1989356030373485	0.01	0.0316987
1536.0	1	7	0.006292	0.19893513424643675	0.01	0.031628399999999994
1536.5	1	7	0.006278	0.19893466336693275	0.01	0.0315581
1537.0	1	7	0.006264	0.19893419038484744	0.01	0.0314878
1537.5	1	7	0.0062499999999999995	0.19893371528606665	0.01	0.0314175
1538.0	1	7	0.006236	0.19893323805634955	0.01	0.0313472
1538.5	1	7	0.006222	0.1989327586813271	0.01	0.0312769
1539.0	1	7	0.006208	0.19893227714650105	0.01	0.031206600000000004
1539.5	1	7	0.006194	0.19893179343724207	0.01	0.031136299999999995
1540.0	1	7	0.00618	0.19893130753878838	0.01	0.031066
1540.5	1	7	0.006166	0.19893081943624435	0.01	0.030995700000000004
1541.0	1	7	0.0061519999999999995	0.19893032911457895	0.01	0.0309254
1541.5	1	7	0.006137999999999999	0.198929836558624	0.01	0.0308551
1542.0	1	7	0.006124	0.19892934175307295	0.01	0.030784799999999998
1542.5	1	7	0.00611	0.19892884468247896	0.01	0.0307145
1543.0	1	7	0.006096	0.19892834533125353	0.01	0.030644200000000003
1543.5	1	7	0.006082	0.1989278436836648	0.01	0.030573899999999998
1544.0	1	7	0.006068	0.19892733972383586	0.01	0.030503600000000002
1544.5	1	7	0.006054	0.1989268334357431	0.01	0.0304333
1545.0	1	7	0.00604	0.19892632480321443	0.01	0.030363000000000005
1545.5	1	7	0.006026	0.19892581380992783	0.01	0.030292699999999995
1546.0	1	7	0.006012	0.19892530043940918	0.01	0.0302224
1546.5	1	7	0.005998	0.1989247846750309	0.01	0.0301521
1547.0	1	7	0.005984	0.19892426650000997	0.01	0.0300818
1547.5	1	7	0.00597	0.19892374589740597	0.01	0.030011500000000003
1548.0	1	7	0.0059559999999999995	0.19892322285011954	0.01	0.029941200000000005
1548.5	1	7	0.005941999999999999	0.1989226973408903	0.01	0.0298709
1549.0	1	7	0.005928	0.19892216935229493	0.01	0.0298006
1549.5	1	7	0.005914	0.19892163886674535	0.01	0.029730300000000005
1550.0	1	7	0.0059	0.19892110586648684	0.01	0.029660000000000002
1550.5	1	7	0.005886	0.1989205703335958	0.01	0.0295897
1551.0	1	7	0.005872	0.19892003224997795	0.01	0.029519400000000005
1551.5	1	7	0.0058579999999999995	0.1989194915973663	0.01	0.029449099999999995
1552.0	1	7	0.005844	0.19891894835731888	0.01	0.029378800000000004
1552.5	1	7	0.00583	0.19891840251121687	0.01	0.029308500000000005
1553.0	1	7	0.005816	0.1989178540402624	0.01	0.0292382
1553.5	1	7	0.005802	0.1989173029254763	0.01	0.029167899999999997
1554.0	1	7	0.005788	0.19891674914769603	0.01	0.0290976
1554.5	1	7	0.005774	0.1989161926875734	0.01	0.0290273
1555.0	1	7	0.0057599999999999995	0.19891563352557237	0.01	0.028957
1555.5	1	7	0.005746	0.19891507164196673	0.01	0.0288867
1556.0	1	7	0.005732	0.19891450701683763	0.01	0.0288164
1556.5	1	7	0.005718	0.19891393963007156	0.01	0.028746099999999997
1557.0	1	7	0.005704	0.19891336946135765	0.01	0.0286758
1557.5	1	7	0.00569	0.19891279649018545	0.01	0.0286055
1558.0	1	7	0.005676	0.1989122206958423	0.01	0.0285352
1558.5	1	7	0.0056619999999999995	0.19891164205741102	0.01	0.0284649
1559.0	1	7	0.005648	0.19891106055376728	0.01	0.028394599999999996
1559.5	1	7	0.005634	0.19891047616357685	0.01	0.028324300000000004
1560.0	1	7	0.00562	0.1989098888652934	0.01	0.028254
1560.5	1	7	0.005606	0.19890929863715553	0.01	0.028183699999999996
1561.0	1	7	0.005592	0.19890870545718412	0.01	0.028113399999999997
1561.5	1	7	0.005578	0.19890810930317973	0.01	0.0280431
1562.0	1	7	0.0055639999999999995	0.19890751015271976	0.01	0.0279728
1562.5	1	7	0.005549999999999999	0.1989069079831556	0.01	0.0279025
1563.0	1	7	0.005536	0.19890630277160987	0.01	0.027832199999999998
1563.5	1	7	0.005522	0.19890569449497333	0.01	0.0277619
1564.0	1	7	0.005508	0.1989050831299022	0.01	0.027691599999999997
1564.5	1	7	0.005494	0.19890446865281503	0.01	0.0276213
1565.0	1	7	0.00548	0.19890385103988964	0.01	0.027551000000000003
1565.5	1	7	0.0054659999999999995	0.19890323026706014	0.01	0.0274807
1566.0	1	7	0.005452	0.19890260631001372	0.01	0.0274104
1566.5	1	7	0.005438	0.19890197914418747	0.01	0.0273401
1567.0	1	7	0.005424	0.19890134874476528	0.01	0.0272698
1567.5	1	7	0.00541	0.19890071508667437	0.01	0.027199500000000005
1568.0	1	7	0.005396	0.19890007814458222	0.01	0.027129200000000003
1568.5	1	7	0.005382	0.19889943789289288	0.01	0.027058900000000004
1569.0	1	7	0.0053679999999999995	0.19889879430574386	0.01	0.0269886
1569.5	1	7	0.005353999999999999	0.19889814735700248	0.01	0.026918299999999996
1570.0	1	7	0.00534	0.19889749702026222	0.01	0.026848
1570.5	1	7	0.005326	0.19889684326883936	0.01	0.0267777
1571.0	1	7	0.005312	0.19889618607576925	0.01	0.0267074
1571.5	1	7	0.005298	0.19889552541380254	0.01	0.0266371
1572.0	1	7	0.005284	0.19889486125540146	0.01	0.0265668
1572.5	1	7	0.0052699999999999995	0.19889419357273602	0.01	0.026496499999999996
1573.0	1	7	0.005256	0.19889352233768004	0.01	0.026426199999999997
1573.5	1	7	0.005242	0.19889284752180725	0.01	0.026355900000000005
1574.0	1	7	0.005228	0.19889216909638738	0.01	0.0262856
1574.5	1	7	0.005214	0.19889148703238185	0.01	0.0262153
1575.0	1	7	0.0052	0.19889080130043985	0.01	0.026144999999999998
1575.5	1	7	0.005186	0.198890111870894	0.01	0.0260747
1576.0	1	7	0.0051719999999999995	0.19888941871375612	0.01	0.026004399999999997
1576.5	1	7	0.005157999999999999	0.19888872179871286	0.01	0.0259341
1577.0	1	7	0.005144	0.19888802109512138	0.01	0.0258638
1577.5	1	7	0.00513	0.19888731657200456	0.01	0.025793500000000004
1578.0	1	7	0.005116	0.19888660819804688	0.01	0.025723200000000005
1578.5	1	7	0.005102	0.19888589594158945	0.01	0.0256529
1579.0	1	7	0.005088	0.19888517977062534	0.01	0.025582599999999997
1579.5	1	7	0.0050739999999999995	0.1988844596527949	0.01	0.0255123
1580.0	1	7	0.00506	0.19888373555538089	0.01	0.025442
1580.5	1	7	0.005046	0.19888300744530324	0.01	0.025371699999999997
1581.0	1	7	0.005032	0.19888227528911442	0.01	0.025301399999999998
1581.5	1	7	0.005018	0.19888153905299413	0.01	0.0252311
1582.0	1	7	0.005004	0.19888079870274394	0.01	0.025160799999999997
1582.5	1	7	0.00499	0.19888005420378227	0.01	0.0250905
1583.0	1	7	0.0049759999999999995	0.19887930552113892	0.01	0.025020199999999996
1583.5	1	7	0.004961999999999999	0.19887855261944934	0.01	0.024949900000000004
1584.0	1	7	0.004947999999999999	0.19887779546294954	0.01	0.024879599999999998
1584.5	1	7	0.004934	0.19887703401547002	0.01	0.0248093
1585.0	1	7	0.00492	0.1988762682404301	0.01	0.024739
1585.5	1	7	0.004906	0.19887549810083222	0.01	0.024668700000000002
1586.0	1	7	0.004892	0.19887472355925587	0.01	0.024598400000000003
1586.5	1	7	0.0048779999999999995	0.1988739445778515	0.01	0.024528099999999997
1587.0	1	7	0.004864	0.19887316111833445	0.01	0.024457800000000002
1587.5	1	7	0.00485	0.19887237314197848	0.01	0.0243875
1588.0	1	7	0.004836	0.19887158060960966	0.01	0.024317199999999997
1588.5	1	7	0.004822	0.1988707834815997	0.01	0.024246900000000002
1589.0	1	7	0.004808	0.1988699817178594	0.01	0.0241766
1589.5	1	7	0.004794	0.1988691752778319	0.01	0.0241063
1590.0	1	7	0.0047799999999999995	0.1988683641204859	0.01	0.024036000000000002
1590.5	1	7	0.004765999999999999	0.19886754820430863	0.01	0.023965700000000003
1591.0	1	7	0.004751999999999999	0.19886672748729878	0.01	0.0238954
1591.5	1	7	0.004738	0.19886590192695938	0.01	0.023825100000000002
1592.0	1	7	0.004724	0.1988650714802903	0.01	0.0237548
1592.5	1	7	0.00471	0.19886423610378093	0.01	0.023684500000000004
1593.0	1	7	0.004696	0.1988633957534026	0.01	0.023614200000000002
1593.5	1	7	0.0046819999999999995	0.19886255038460066	0.01	0.0235439
1594.0	1	7	0.004668	0.19886169995228684	0.01	0.0234736
1594.5	1	7	0.004654	0.19886084441083093	0.01	0.023403300000000002
1595.0	1	7	0.00464	0.19885998371405306	0.01	0.023333000000000003
1595.5	1	7	0.004626	0.1988591178152149	0.01	0.023262700000000004
1596.0	1	7	0.004612	0.19885824666701157	0.01	0.023192400000000005
1596.5	1	7	0.004598	0.1988573702215629	0.01	0.0231221
1597.0	1	7	0.0045839999999999995	0.19885648843040454	0.01	0.023051799999999997
1597.5	1	7	0.004569999999999999	0.1988556012444792	0.01	0.022981500000000002
1598.0	1	7	0.004555999999999999	0.19885470861412757	0.01	0.0229112
1598.5	1	7	0.004542	0.1988538104890788	0.01	0.0228409
1599.0	1	7	0.004528	0.1988529068184413	0.01	0.022770600000000002
1599.5	1	7	0.004514	0.19885199755069316	0.01	0.0227003
1600.0	1	7	0.0045	0.1988510826336721	0.01	0.022629999999999997
1600.5	1	7	0.004494	0.19877611590407968	0.01	0.02260835
1601.0	1	7	0.004488	0.19870100545896477	0.01	0.0225867
1601.5	1	7	0.004482	0.19862575088466455	0.01	0.02256505
1602.0	1	7	0.004476	0.19855035176592703	0.01	0.0225434
1602.5	1	7	0.00447	0.19847480768590361	0.01	0.022521750000000004
1603.0	1	7	0.004464	0.1983991182261412	0.01	0.022500100000000002
1603.5	1	7	0.004457999999999999	0.19832328296657462	0.01	0.02247845
1604.0	1	7	0.004451999999999999	0.1982473014855188	0.01	0.022456800000000006
1604.5	1	7	0.004445999999999999	0.19817117335966103	0.01	0.02243515
1605.0	1	7	0.0044399999999999995	0.1980948981640529	0.01	0.0224135
1605.5	1	7	0.004434	0.19801847547210255	0.01	0.02239185
1606.0	1	7	0.004428	0.19794190485556676	0.01	0.0223702
1606.5	1	7	0.004422	0.19786518588454283	0.01	0.02234855
1607.0	1	7	0.004416	0.1977883181274606	0.01	0.0223269
1607.5	1	7	0.00441	0.19771130115107427	0.01	0.022305250000000002
1608.0	1	7	0.004404	0.1976341345204545	0.01	0.0222836
1608.5	1	7	0.004398	0.19755681779897988	0.01	0.02226195
1609.0	1	7	0.004392	0.19747935054832894	0.01	0.0222403
1609.5	1	7	0.004385999999999999	0.19740173232847177	0.01	0.02221865
1610.0	1	7	0.004379999999999999	0.1973239626976618	0.01	0.022197
1610.5	1	7	0.004373999999999999	0.19724604121242728	0.01	0.02217535
1611.0	1	7	0.0043679999999999995	0.19716796742756285	0.01	0.022153700000000002
1611.5	1	7	0.0043619999999999996	0.19708974089612122	0.01	0.02213205
1612.0	1	7	0.004356	0.1970113611694044	0.01	0.022110400000000002
1612.5	1	7	0.00435	0.19693282779695545	0.01	0.02208875
1613.0	1	7	0.004344	0.19685414032654946	0.01	0.022067100000000003
1613.5	1	7	0.004338	0.1967752983041852	0.01	0.022045450000000005
1614.0	1	7	0.004332	0.19669630127407622	0.01	0.0220238
1614.5	1	7	0.004326	0.19661714877864206	0.01	0.02200215
1615.0	1	7	0.00432	0.19653784035849958	0.01	0.0219805
1615.5	1	7	0.004314	0.1964583755524538	0.01	0.02195885
1616.0	1	7	0.004307999999999999	0.19637875389748916	0.01	0.0219372
1616.5	1	7	0.004301999999999999	0.19629897492876058	0.01	0.021915550000000002
1617.0	1	7	0.0042959999999999995	0.19621903817958425	0.01	0.0218939
1617.5	1	7	0.0042899999999999995	0.19613894318142852	0.01	0.02187225
1618.0	1	7	0.004284	0.19605868946390484	0.01	0.021850600000000005
1618.5	1	7	0.004278	0.1959782765547587	0.01	0.02182895
1619.0	1	7	0.004272	0.19589770397985992	0.01	0.021807300000000005
1619.5	1	7	0.004266	0.1958169712631939	0.01	0.02178565
1620.0	1	7	0.00426	0.19573607792685166	0.01	0.021764
1620.5	1	7	0.004254	0.19565502349102099	0.01	0.02174235
1621.0	1	7	0.004248	0.19557380747397643	0.01	0.021720700000000003
1621.5	1	7	0.004242	0.19549242939207015	0.01	0.02169905
1622.0	1	7	0.004236	0.19541088875972212	0.01	0.0216774
1622.5	1	7	0.004229999999999999	0.19532918508941038	0.01	0.02165575
1623.0	1	7	0.0042239999999999995	0.19524731789166175	0.01	0.0216341
1623.5	1	7	0.0042179999999999995	0.19516528667504143	0.01	0.02161245
1624.0	1	7	0.004212	0.1950830909461437	0.01	0.0215908
1624.5	1	7	0.004206	0.1950007302095817	0.01	0.021569150000000002
1625.0	1	7	0.0042	0.1949182039679777	0.01	0.0215475
1625.5	1	7	0.004194	0.1948355117219529	0.01	0.02152585
1626.0	1	7	0.004188	0.19475265297011746	0.01	0.021504199999999998
1626.5	1	7	0.004182	0.1946696272090604	0.01	0.02148255
1627.0	1	7	0.004176	0.19458643393333921	0.01	0.0214609
1627.5	1	7	0.00417	0.19450307263547	0.01	0.021439249999999997
1628.0	1	7	0.004163999999999999	0.19441954280591658	0.01	0.021417600000000002
1628.5	1	7	0.004157999999999999	0.19433584393308076	0.01	0.02139595
1629.0	1	7	0.0041519999999999994	0.1942519755032913	0.01	0.021374300000000002
1629.5	1	7	0.0041459999999999995	0.1941679370007938	0.01	0.02135265
1630.0	1	7	0.00414	0.1940837279077399	0.01	0.021331000000000003
1630.5	1	7	0.004134	0.1939993477041768	0.01	0.02130935
1631.0	1	7	0.004128	0.19391479586803645	0.01	0.0212877
1631.5	1	7	0.004122	0.19383007187512488	0.01	0.02126605
1632.0	1	7	0.004116	0.19374517519911127	0.01	0.0212444
1632.5	1	7	0.00411	0.1936601053115171	0.01	0.021222750000000005
1633.0	1	7	0.004104	0.19357486168170518	0.01	0.021201100000000004
1633.5	1	7	0.004098	0.1934894437768686	0.01	0.021179450000000002
1634.0	1	7	0.004092	0.19340385106201968	0.01	0.0211578
1634.5	1	7	0.004085999999999999	0.19331808299997869	0.01	0.02113615
1635.0	1	7	0.004079999999999999	0.19323213905136277	0.01	0.021114499999999998
1635.5	1	7	0.0040739999999999995	0.19314601867457454	0.01	0.02109285
1636.0	1	7	0.004068	0.1930597213257906	0.01	0.0210712
1636.5	1	7	0.004062	0.19297324645895042	0.01	0.02104955
1637.0	1	7	0.004056	0.19288659352574433	0.01	0.021027900000000002
1637.5	1	7	0.00405	0.19279976197560247	0.01	0.02100625
1638.0	1	7	0.004044	0.19271275125568274	0.01	0.0209846
1638.5	1	7	0.004038	0.19262556081085916	0.01	0.020962949999999998
1639.0	1	7	0.004032	0.19253819008371018	0.01	0.0209413
1639.5	1	7	0.004026	0.1924506385145067	0.01	0.020919649999999998
1640.0	1	7	0.00402	0.1923629055412001	0.01	0.020898000000000003
1640.5	1	7	0.004014	0.19227499059941033	0.01	0.020876350000000002
1641.0	1	7	0.004007999999999999	0.19218689312241363	0.01	0.020854699999999997
1641.5	1	7	0.0040019999999999995	0.1920986125411305	0.01	0.020833050000000002
1642.0	1	7	0.0039959999999999996	0.19201014828411347	0.01	0.0208114
1642.5	1	7	0.00399	0.1919214997775346	0.01	0.02078975
1643.0	1	7	0.003984	0.1918326664451731	0.01	0.0207681
1643.5	1	7	0.003978	0.1917436477084031	0.01	0.02074645
1644.0	1	7	0.003972	0.19165444298618078	0.01	0.0207248
1644.5	1	7	0.003966	0.1915650516950319	0.01	0.02070315
1645.0	1	7	0.00396	0.19147547324903896	0.01	0.020681500000000002
1645.5	1	7	0.003954	0.1913857070598286	0.01	0.02065985
1646.0	1	7	0.003948	0.1912957525365584	0.01	0.020638200000000006
1646.5	1	7	0.003941999999999999	0.19120560908590425	0.01	0.02061655
1647.0	1	7	0.003936	0.19111527611204718	0.01	0.0205949
1647.5	1	7	0.0039299999999999995	0.19102475301665994	0.01	0.02057325
1648.0	1	7	0.0039239999999999995	0.19093403919889446	0.01	0.020551600000000003
1648.5	1	7	0.003918	0.19084313405536785	0.01	0.02052995
1649.0	1	7	0.003912	0.19075203698014948	0.01	0.0205083
1649.5	1	7	0.0039059999999999997	0.19066074736474725	0.01	0.020486650000000002
1650.0	1	7	0.0039	0.19056926459809428	0.01	0.020465000000000004
1650.5	1	7	0.003894	0.1904775880665351	0.01	0.02044335
1651.0	1	7	0.003888	0.19038571715381186	0.01	0.020421700000000004
1651.5	1	7	0.003882	0.19029365124105088	0.01	0.020400050000000003
1652.0	1	7	0.0038759999999999997	0.1902013897067483	0.01	0.0203784
1652.5	1	7	0.0038699999999999997	0.19010893192675646	0.01	0.020356750000000003
1653.0	1	7	0.003864	0.1900162772742696	0.01	0.020335100000000002
1653.5	1	7	0.003858	0.18992342511980978	0.01	0.02031345
1654.0	1	7	0.003852	0.1898303748312126	0.01	0.020291800000000002
1654.5	1	7	0.003846	0.18973712577361293	0.01	0.02027015
1655.0	1	7	0.0038399999999999997	0.1896436773094303	0.01	0.020248500000000003
1655.5	1	7	0.0038339999999999997	0.18955002879835464	0.01	0.020226849999999998
1656.0	1	7	0.003828	0.18945617959733138	0.01	0.020205199999999996
1656.5	1	7	0.003822	0.1893621290605468	0.01	0.02018355
1657.0	1	7	0.003816	0.18926787653941343	0.01	0.0201619
1657.5	1	7	0.00381	0.18917342138255483	0.01	0.020140250000000002
1658.0	1	7	0.0038039999999999997	0.18907876293579073	0.01	0.0201186
1658.5	1	7	0.0037979999999999997	0.18898390054212202	0.01	0.020096950000000002
1659.0	1	7	0.003792	0.18888883354171543	0.01	0.020075299999999997
1659.5	1	7	0.003786	0.18879356127188815	0.01	0.020053650000000003
1660.0	1	7	0.00378	0.18869808306709263	0.01	0.020032
1660.5	1	7	0.003774	0.18860239825890102	0.01	0.02001035
1661.0	1	7	0.0037679999999999996	0.1885065061759894	0.01	0.019988699999999998
1661.5	1	7	0.0037619999999999997	0.18841040614412244	0.01	0.01996705
1662.0	1	7	0.003756	0.18831409748613712	0.01	0.019945400000000002
1662.5	1	7	0.00375	0.18821757952192733	0.01	0.01992375
1663.0	1	7	0.003744	0.18812085156842745	0.01	0.0199021
1663.5	1	7	0.003738	0.18802391293959642	0.01	0.019880450000000004
1664.0	1	7	0.003732	0.1879267629464016	0.01	0.0198588
1664.5	1	7	0.0037259999999999997	0.1878294008968022	0.01	0.01983715
1665.0	1	7	0.0037199999999999998	0.18773182609573313	0.01	0.0198155
1665.5	1	7	0.003714	0.18763403784508823	0.01	0.01979385
1666.0	1	7	0.003708	0.18753603544370379	0.01	0.0197722
1666.5	1	7	0.003702	0.1874378181873416	0.01	0.019750550000000006
1667.0	1	7	0.003696	0.18733938536867234	0.01	0.019728900000000004
1667.5	1	7	0.0036899999999999997	0.18724073627725832	0.01	0.019707250000000003
1668.0	1	7	0.0036839999999999998	0.1871418701995367	0.01	0.0196856
1668.5	1	7	0.003678	0.18704278641880193	0.01	0.019663949999999996
1669.0	1	7	0.003672	0.18694348421518864	0.01	0.0196423
1669.5	1	7	0.003666	0.1868439628656543	0.01	0.01962065
1670.0	1	7	0.00366	0.1867442216439614	0.01	0.019599000000000002
1670.5	1	7	0.0036539999999999997	0.18664425982066007	0.01	0.019577350000000004
1671.0	1	7	0.0036479999999999998	0.18654407666307007	0.01	0.019555700000000002
1671.5	1	7	0.003642	0.18644367143526303	0.01	0.01953405
1672.0	1	7	0.003636	0.18634304339804433	0.01	0.019512399999999996
1672.5	1	7	0.00363	0.186242191808935	0.01	0.019490749999999998
1673.0	1	7	0.003624	0.18614111592215357	0.01	0.0194691
1673.5	1	7	0.0036179999999999997	0.18603981498859745	0.01	0.01944745
1674.0	1	7	0.0036119999999999998	0.1859382882558247	0.01	0.019425800000000003
1674.5	1	7	0.003606	0.18583653496803515	0.01	0.019404150000000002
1675.0	1	7	0.0036	0.18573455436605185	0.01	0.0193825
1675.5	1	7	0.003594	0.18563234568730197	0.01	0.01936085
1676.0	1	7	0.003588	0.18552990816579795	0.01	0.0193392
1676.5	1	7	0.003582	0.18542724103211847	0.01	0.01931755
1677.0	1	7	0.0035759999999999998	0.18532434351338883	0.01	0.0192959
1677.5	1	7	0.00357	0.18522121483326198	0.01	0.01927425
1678.0	1	7	0.003564	0.18511785421189864	0.01	0.0192526
1678.5	1	7	0.003558	0.18501426086594785	0.01	0.01923095
1679.0	1	7	0.003552	0.1849104340085271	0.01	0.0192093
1679.5	1	7	0.0035459999999999997	0.18480637284920245	0.01	0.01918765
1680.0	1	7	0.0035399999999999997	0.18470207659396845	0.01	0.019166000000000002
1680.5	1	7	0.003534	0.18459754444522794	0.01	0.01914435
1681.0	1	7	0.003528	0.1844927756017717	0.01	0.0191227
1681.5	1	7	0.003522	0.18438776925875802	0.01	0.019101049999999998
1682.0	1	7	0.003516	0.18428252460769207	0.01	0.0190794
1682.5	1	7	0.00351	0.18417704083640513	0.01	0.019057750000000002
1683.0	1	7	0.0035039999999999997	0.18407131712903377	0.01	0.0190361
1683.5	1	7	0.003498	0.18396535266599873	0.01	0.019014450000000002
1684.0	1	7	0.003492	0.1838591466239838	0.01	0.0189928
1684.5	1	7	0.003486	0.1837526981759145	0.01	0.01897115
1685.0	1	7	0.00348	0.18364600649093643	0.01	0.0189495
1685.5	1	7	0.003474	0.18353907073439404	0.01	0.01892785
1686.0	1	7	0.0034679999999999997	0.1834318900678084	0.01	0.0189062
1686.5	1	7	0.003462	0.1833244636488558	0.01	0.01888455
1687.0	1	7	0.003456	0.1832167906313451	0.01	0.018862900000000002
1687.5	1	7	0.00345	0.18310887016519603	0.01	0.01884125
1688.0	1	7	0.003444	0.18300070139641653	0.01	0.0188196
1688.5	1	7	0.003438	0.1828922834670802	0.01	0.01879795
1689.0	1	7	0.003432	0.1827836155153039	0.01	0.0187763
1689.5	1	7	0.003426	0.1826746966752245	0.01	0.018754650000000005
1690.0	1	7	0.00342	0.18256552607697646	0.01	0.018733
1690.5	1	7	0.003414	0.1824561028466679	0.01	0.01871135
1691.0	1	7	0.003408	0.18234642610635804	0.01	0.018689700000000004
1691.5	1	7	0.003402	0.1822364949740332	0.01	0.01866805
1692.0	1	7	0.0033959999999999997	0.1821263085635833	0.01	0.0186464
1692.5	1	7	0.00339	0.18201586598477829	0.01	0.018624750000000002
1693.0	1	7	0.003384	0.18190516634324386	0.01	0.0186031
1693.5	1	7	0.003378	0.18179420874043736	0.01	0.018581450000000003
1694.0	1	7	0.003372	0.18168299227362364	0.01	0.0185598
1694.5	1	7	0.003366	0.1815715160358504	0.01	0.01853815
1695.0	1	7	0.00336	0.18145977911592362	0.01	0.018516500000000005
1695.5	1	7	0.003354	0.1813477805983828	0.01	0.01849485
1696.0	1	7	0.003348	0.18123551956347572	0.01	0.018473200000000002
1696.5	1	7	0.003342	0.1811229950871336	0.01	0.01845155
1697.0	1	7	0.003336	0.18101020624094544	0.01	0.018429899999999996
1697.5	1	7	0.00333	0.18089715209213258	0.01	0.01840825
1698.0	1	7	0.0033239999999999997	0.18078383170352322	0.01	0.0183866
1698.5	1	7	0.0033179999999999998	0.18067024413352606	0.01	0.01836495
1699.0	1	7	0.003312	0.18055638843610472	0.01	0.018343300000000003
1699.5	1	7	0.003306	0.18044226366075106	0.01	0.018321650000000002
1700.0	1	7	0.0033	0.18032786885245902	0.01	0.018299999999999997
1700.5	1	7	0.003294	0.1801599781226499	0.01	0.01828375
1701.0	1	7	0.003288	0.1799917886957712	0.01	0.0182675
1701.5	1	7	0.003282	0.1798232997739881	0.01	0.01825125
1702.0	1	7	0.003276	0.17965451055662185	0.01	0.018235
1702.5	1	7	0.00327	0.17948542024013722	0.01	0.01821875
1703.0	1	7	0.003264	0.17931602801812938	0.01	0.0182025
1703.5	1	7	0.003258	0.17914633308131142	0.01	0.01818625
1704.0	1	7	0.003252	0.1789763346175014	0.01	0.01817
1704.5	1	7	0.003246	0.17880603181160917	0.01	0.018153750000000003
1705.0	1	7	0.00324	0.1786354238456237	0.01	0.0181375
1705.5	1	7	0.003234	0.1784645098985997	0.01	0.018121250000000002
1706.0	1	7	0.003228	0.17829328914664458	0.01	0.018105
1706.5	1	7	0.003222	0.17812176076290512	0.01	0.01808875
1707.0	1	7	0.003216	0.1779499239175543	0.01	0.0180725
1707.5	1	7	0.00321	0.17777777777777778	0.01	0.01805625
1708.0	1	7	0.003204	0.1776053215077605	0.01	0.01804
1708.5	1	7	0.003198	0.17743255426867327	0.01	0.01802375
1709.0	1	7	0.003192	0.1772594752186589	0.01	0.0180075
1709.5	1	7	0.003186	0.17708608351281874	0.01	0.01799125
1710.0	1	7	0.00318	0.1769123783031989	0.01	0.017975
1710.5	1	7	0.003174	0.17673835873877639	0.01	0.01795875
1711.0	1	7	0.003168	0.17656402396544515	0.01	0.0179425
1711.5	1	7	0.003162	0.17638937312600236	0.01	0.01792625
1712.0	1	7	0.003156	0.17621440536013402	0.01	0.01791
1712.5	1	7	0.00315	0.17603911980440098	0.01	0.01789375
1713.0	1	7	0.003144	0.17586351559222485	0.01	0.0178775
1713.5	1	7	0.003138	0.17568759185387364	0.01	0.017861249999999995
1714.0	1	7	0.0031320000000000002	0.1755113477164472	0.01	0.017845
1714.5	1	7	0.003126	0.17533478230386312	0.01	0.01782875
1715.0	1	7	0.00312	0.17515789473684212	0.01	0.0178125
1715.5	1	7	0.003114	0.17498068413289317	0.01	0.01779625
1716.0	1	7	0.003108	0.17480314960629922	0.01	0.01778
1716.5	1	7	0.003102	0.17462529026810217	0.01	0.017763750000000002
1717.0	1	7	0.0030960000000000002	0.1744471052260882	0.01	0.0177475
1717.5	1	7	0.00309	0.17426859358477265	0.01	0.01773125
1718.0	1	7	0.003084	0.17408975444538524	0.01	0.017715
1718.5	1	7	0.003078	0.17391058690585495	0.01	0.01769875
1719.0	1	7	0.003072	0.17373109006079457	0.01	0.0176825
1719.5	1	7	0.003066	0.17355126300148588	0.01	0.01766625
1720.0	1	7	0.0030600000000000002	0.17337110481586404	0.01	0.01765
1720.5	1	7	0.003054	0.17319061458850216	0.01	0.01763375
1721.0	1	7	0.003048	0.17300979140059597	0.01	0.017617500000000005
1721.5	1	7	0.003042	0.17282863432994816	0.01	0.01760125
1722.0	1	7	0.003036	0.17264714245095253	0.01	0.017585
1722.5	1	7	0.00303	0.17246531483457844	0.01	0.01756875
1723.0	1	7	0.003024	0.17228315054835497	0.01	0.0175525
1723.5	1	7	0.003018	0.1721006486563547	0.01	0.01753625
1724.0	1	7	0.003012	0.17191780821917807	0.01	0.01752
1724.5	1	7	0.003006	0.17173462829393704	0.01	0.017503749999999995
1725.0	1	7	0.003	0.17155110793423875	0.01	0.0174875
1725.5	1	7	0.002994	0.17136724619016958	0.01	0.01747125
1726.0	1	7	0.002988	0.17118304210827845	0.01	0.017455
1726.5	1	7	0.0029820000000000003	0.17099849473156048	0.01	0.01743875
1727.0	1	7	0.002976	0.17081360309944038	0.01	0.0174225
1727.5	1	7	0.00297	0.17062836624775582	0.01	0.01740625
1728.0	1	7	0.002964	0.17044278320874068	0.01	0.017389999999999996
1728.5	1	7	0.002958	0.17025685301100799	0.01	0.01737375
1729.0	1	7	0.002952	0.17007057467953335	0.01	0.017357499999999998
1729.5	1	7	0.002946	0.16988394723563757	0.01	0.01734125
1730.0	1	7	0.00294	0.16969696969696968	0.01	0.017325
1730.5	1	7	0.002934	0.1695096410774897	0.01	0.01730875
1731.0	1	7	0.002928	0.16932196038745123	0.01	0.0172925
1731.5	1	7	0.002922	0.169133926633384	0.01	0.01727625
1732.0	1	7	0.002916	0.16894553881807647	0.01	0.01726
1732.5	1	7	0.0029100000000000003	0.1687567959405582	0.01	0.01724375
1733.0	1	7	0.002904	0.16856769699608184	0.01	0.0172275
1733.5	1	7	0.002898	0.16837824097610574	0.01	0.01721125
1734.0	1	7	0.002892	0.16818842686827568	0.01	0.017195
1734.5	1	7	0.002886	0.16799825365640692	0.01	0.01717875
1735.0	1	7	0.00288	0.16780772032046615	0.01	0.0171625
1735.5	1	7	0.0028740000000000003	0.1676168258365532	0.01	0.01714625
1736.0	1	7	0.002868	0.16742556917688267	0.01	0.017129999999999996
1736.5	1	7	0.002862	0.16723394930976554	0.01	0.01711375
1737.0	1	7	0.002856	0.16704196519959058	0.01	0.017097499999999998
1737.5	1	7	0.00285	0.1668496158068057	0.01	0.01708125
1738.0	1	7	0.002844	0.1666569000878992	0.01	0.017065
1738.5	1	7	0.0028380000000000002	0.1664638169953809	0.01	0.01704875
1739.0	1	7	0.0028320000000000003	0.16627036547776314	0.01	0.017032499999999996
1739.5	1	7	0.002826	0.16607654447954162	0.01	0.01701625
1740.0	1	7	0.00282	0.16588235294117645	0.01	0.017
1740.5	1	7	0.002814	0.16568778979907267	0.01	0.01698375
1741.0	1	7	0.002808	0.16549285398556063	0.01	0.0169675
1741.5	1	7	0.0028020000000000002	0.16529754442887692	0.01	0.01695125
1742.0	1	7	0.002796	0.1651018600531444	0.01	0.016935
1742.5	1	7	0.00279	0.16490579977835243	0.01	0.01691875
1743.0	1	7	0.002784	0.16470936252033722	0.01	0.0169025
1743.5	1	7	0.002778	0.16451254719076172	0.01	0.01688625
1744.0	1	7	0.002772	0.16431535269709546	0.01	0.01687
1744.5	1	7	0.0027660000000000002	0.16411777794259438	0.01	0.01685375
1745.0	1	7	0.0027600000000000003	0.16391982182628065	0.01	0.0168375
1745.5	1	7	0.0027540000000000004	0.16372148324292193	0.01	0.01682125
1746.0	1	7	0.002748	0.163522761083011	0.01	0.016805
1746.5	1	7	0.002742	0.16332365423274517	0.01	0.016788749999999998
1747.0	1	7	0.002736	0.16312416157400508	0.01	0.0167725
1747.5	1	7	0.0027300000000000002	0.1629242819843342	0.01	0.01675625
1748.0	1	7	0.002724	0.16272401433691758	0.01	0.016739999999999998
1748.5	1	7	0.002718	0.16252335750056057	0.01	0.01672375
1749.0	1	7	0.002712	0.16232231033966782	0.01	0.0167075
1749.5	1	7	0.002706	0.16212087171422151	0.01	0.01669125
1750.0	1	7	0.0027	0.16191904047976013	0.01	0.016675
1750.5	1	7	0.002694	0.1617168154873565	0.01	0.01665875
1751.0	1	7	0.0026880000000000003	0.16151419558359623	0.01	0.0166425
1751.5	1	7	0.002682	0.1613111796105556	0.01	0.01662625
1752.0	1	7	0.002676	0.16110776640577965	0.01	0.016610000000000003
1752.5	1	7	0.00267	0.16090395480225989	0.01	0.01659375
1753.0	1	7	0.002664	0.16069974362841202	0.01	0.0165775
1753.5	1	7	0.002658	0.16049513170805346	0.01	0.01656125
1754.0	1	7	0.0026520000000000003	0.16029011786038078	0.01	0.016545
1754.5	1	7	0.002646	0.16008470089994709	0.01	0.01652875
1755.0	1	7	0.00264	0.1598788796366389	0.01	0.0165125
1755.5	1	7	0.002634	0.15967265287565355	0.01	0.01649625
1756.0	1	7	0.002628	0.15946601941747576	0.01	0.016479999999999995
1756.5	1	7	0.002622	0.15925897805785438	0.01	0.016463750000000003
1757.0	1	7	0.0026160000000000003	0.15905152758777932	0.01	0.0164475
1757.5	1	7	0.00261	0.15884366679345757	0.01	0.01643125
1758.0	1	7	0.002604	0.15863539445629	0.01	0.016415
1758.5	1	7	0.002598	0.15842670935284703	0.01	0.01639875
1759.0	1	7	0.002592	0.1582176102548451	0.01	0.0163825
1759.5	1	7	0.002586	0.15800809592912246	0.01	0.01636625
1760.0	1	7	0.0025800000000000003	0.1577981651376147	0.01	0.01635
1760.5	1	7	0.002574	0.15758781663733065	0.01	0.016333750000000005
1761.0	1	7	0.002568	0.15737704918032788	0.01	0.0163175
1761.5	1	7	0.002562	0.1571658615136876	0.01	0.01630125
1762.0	1	7	0.002556	0.15695425237949032	0.01	0.016285
1762.5	1	7	0.00255	0.15674222051479064	0.01	0.01626875
1763.0	1	7	0.0025440000000000003	0.15652976465159207	0.01	0.0162525
1763.5	1	7	0.002538	0.1563168835168219	0.01	0.01623625
1764.0	1	7	0.002532	0.1561035758323058	0.01	0.01622
1764.5	1	7	0.002526	0.15588984031474196	0.01	0.01620375
1765.0	1	7	0.00252	0.15567567567567567	0.01	0.0161875
1765.5	1	7	0.002514	0.15546108062147332	0.01	0.016171249999999998
1766.0	1	7	0.0025080000000000002	0.1552460538532962	0.01	0.016155
1766.5	1	7	0.002502	0.1550305940670746	0.01	0.01613875
1767.0	1	7	0.002496	0.15481469995348118	0.01	0.016122499999999998
1767.5	1	7	0.00249	0.15459837019790454	0.01	0.01610625
1768.0	1	7	0.002484	0.15438160348042262	0.01	0.01609
1768.5	1	7	0.002478	0.15416439847577576	0.01	0.016073749999999998
1769.0	1	7	0.0024720000000000002	0.15394675385333959	0.01	0.0160575
1769.5	1	7	0.002466	0.1537286682770981	0.01	0.01604125
1770.0	1	7	0.00246	0.15351014040561622	0.01	0.016025
1770.5	1	7	0.002454	0.1532911688920122	0.01	0.01600875
1771.0	1	7	0.002448	0.15307175238392998	0.01	0.0159925
1771.5	1	7	0.002442	0.15285188952351147	0.01	0.01597625
1772.0	1	7	0.002436	0.15263157894736842	0.01	0.01596
1772.5	1	7	0.00243	0.15241081928655428	0.01	0.01594375
1773.0	1	7	0.002424	0.15218960916653584	0.01	0.0159275
1773.5	1	7	0.002418	0.15196794720716475	0.01	0.01591125
1774.0	1	7	0.002412	0.15174583202264863	0.01	0.015895
1774.5	1	7	0.002406	0.1515232622215225	0.01	0.01587875
1775.0	1	7	0.0024000000000000002	0.1513002364066194	0.01	0.015862499999999998
1775.5	1	7	0.002394	0.1510767531750414	0.01	0.01584625
1776.0	1	7	0.002388	0.15085281111813012	0.01	0.01583
1776.5	1	7	0.002382	0.15062840882143702	0.01	0.01581375
1777.0	1	7	0.002376	0.1504035448646938	0.01	0.0157975
1777.5	1	7	0.00237	0.15017821782178217	0.01	0.015781250000000004
1778.0	1	7	0.0023639999999999998	0.14995242626070407	0.01	0.015765
1778.5	1	7	0.002358	0.14972616874355107	0.01	0.01574875
1779.0	1	7	0.002352	0.14949944382647384	0.01	0.0157325
1779.5	1	7	0.002346	0.1492722500596516	0.01	0.01571625
1780.0	1	7	0.00234	0.14904458598726117	0.01	0.0157
1780.5	1	7	0.002334	0.14881645014744563	0.01	0.01568375
1781.0	1	7	0.002328	0.1485878410722834	0.01	0.0156675
1781.5	1	7	0.002322	0.14835875728775658	0.01	0.01565125
1782.0	1	7	0.002316	0.1481291973137192	0.01	0.015635
1782.5	1	7	0.00231	0.14789915966386555	0.01	0.01561875
1783.0	1	7	0.002304	0.1476686428456978	0.01	0.0156025
1783.5	1	7	0.002298	0.14743764536049403	0.01	0.01558625
1784.0	1	7	0.0022919999999999998	0.14720616570327552	0.01	0.01557
1784.5	1	7	0.002286	0.14697420236277425	0.01	0.01555375
1785.0	1	7	0.00228	0.14674175382139984	0.01	0.0155375
1785.5	1	7	0.002274	0.14650881855520656	0.01	0.015521250000000002
1786.0	1	7	0.002268	0.14627539503386006	0.01	0.015505
1786.5	1	7	0.002262	0.1460414817206037	0.01	0.015488749999999997
1787.0	1	7	0.0022559999999999998	0.1458070770722249	0.01	0.0154725
1787.5	1	7	0.00225	0.14557217953902143	0.01	0.01545625
1788.0	1	7	0.002244	0.14533678756476684	0.01	0.01544
1788.5	1	7	0.002238	0.14510089958667638	0.01	0.015423750000000002
1789.0	1	7	0.002232	0.1448645140353724	0.01	0.015407499999999998
1789.5	1	7	0.002226	0.14462762933484938	0.01	0.015391249999999997
1790.0	1	7	0.0022199999999999998	0.144390243902439	0.01	0.015375
1790.5	1	7	0.002214	0.1441523561487751	0.01	0.015358750000000001
1791.0	1	7	0.002208	0.14391396447775787	0.01	0.015342499999999999
1791.5	1	7	0.002202	0.14367506728651824	0.01	0.015326249999999998
1792.0	1	7	0.002196	0.14343566296538213	0.01	0.015309999999999997
1792.5	1	7	0.00219	0.1431957498978341	0.01	0.015293749999999998
1793.0	1	7	0.002184	0.14295532646048112	0.01	0.0152775
1793.5	1	7	0.002178	0.1427143910230158	0.01	0.015261249999999999
1794.0	1	7	0.002172	0.14247294194817972	0.01	0.015245
1794.5	1	7	0.002166	0.14223097759172618	0.01	0.01522875
1795.0	1	7	0.00216	0.14198849630238292	0.01	0.015212499999999999
1795.5	1	7	0.0021539999999999997	0.14174549642181458	0.01	0.015196249999999998
1796.0	1	7	0.0021479999999999997	0.14150197628458497	0.01	0.015179999999999999
1796.5	1	7	0.002142	0.14125793421811886	0.01	0.015163749999999998
1797.0	1	7	0.002136	0.1410133685426638	0.01	0.0151475
1797.5	1	7	0.00213	0.14076827757125154	0.01	0.01513125
1798.0	1	7	0.002124	0.1405226596096593	0.01	0.015114999999999998
1798.5	1	7	0.002118	0.14027651295637059	0.01	0.01509875
1799.0	1	7	0.0021119999999999997	0.14002983590253604	0.01	0.0150825
1799.5	1	7	0.002106	0.13978262673193395	0.01	0.015066249999999998
1800.0	1	7	0.0021	0.13953488372093023	0.01	0.01505
600.0	0	8	1.75	2.0920752190701624	0.1	0.83649
600.5	0	8	1.7466475	2.092533004554454	0.1	0.834704875
601.0	0	8	1.743295	2.092992752302968	0.1	0.83291975
601.5	0	8	1.7399425	2.093454474959457	0.1	0.8311346249999999
602.0	0	8	1.73659	2.093918185276533	0.1	0.8293495
602.5	0	8	1.7332375	2.094383896116843	0.1	0.8275643749999999
603.0	0	8	1.729885	2.0948516204542558	0.1	0.82577925
603.5	0	8	1.7265325	2.095321371375069	0.1	0.8239941249999999
604.0	0	8	1.72318	2.095793162079228	0.1	0.822209
604.5	0	8	1.7198275	2.096267005881564	0.1	0.8204238749999999
605.0	0	8	1.716475	2.0967429162130427	0.1	0.8186387500000001
605.5	0	8	1.7131224999999999	2.09722090662204	0.1	0.8168536249999999
606.0	0	8	1.70977	2.097700990775622	0.1	0.8150685
606.5	0	8	1.7064175	2.0981831824608492	0.1	0.8132833749999998
607.0	0	8	1.703065	2.0986674955860964	0.1	0.81149825
607.5	0	8	1.6997125	2.099153944182392	0.1	0.8097131249999998
608.0	0	8	1.69636	2.099642542404769	0.1	0.807928
608.5	0	8	1.6930075	2.1001333045336414	0.1	0.8061428749999998
609.0	0	8	1.689655	2.1006262449761937	0.1	0.80435775
609.5	0	8	1.6863025	2.1011213782677927	0.1	0.8025726249999999
610.0	0	8	1.68295	2.101618719073412	0.1	0.8007874999999999
610.5	0	8	1.6795975	2.1021182821890863	0.1	0.799002375
611.0	0	8	1.676245	2.102620082543372	0.1	0.79721725
611.5	0	8	1.6728925	2.1031241351988395	0.1	0.7954321249999998
612.0	0	8	1.66954	2.1036304553535765	0.1	0.793647
612.5	0	8	1.6661875	2.104139058342719	0.1	0.791861875
613.0	0	8	1.662835	2.104649959639997	0.1	0.79007675
613.5	0	8	1.6594825	2.105163174859304	0.1	0.788291625
614.0	0	8	1.65613	2.1056787197562894	0.1	0.7865065000000001
614.5	0	8	1.6527775	2.1061966102299685	0.1	0.7847213749999999
615.0	0	8	1.649425	2.106716862324359	0.1	0.78293625
615.5	0	8	1.6460725	2.107239492230137	0.1	0.781151125
616.0	0	8	1.64272	2.1077645162863146	0.1	0.7793660000000001
616.5	0	8	1.6393675	2.1082919509819478	0.1	0.777580875
617.0	0	8	1.636015	2.1088218129578564	0.1	0.7757957500000001
617.5	0	8	1.6326625	2.1093541190083793	0.1	0.7740106249999998
618.0	0	8	1.62931	2.1098888860831453	0.1	0.7722255000000001
618.5	0	8	1.6259575	2.110426131288875	0.1	0.7704403750000001
619.0	0	8	1.622605	2.1109658718912025	0.1	0.7686552499999999
619.5	0	8	1.6192525	2.111508125316526	0.1	0.766870125
620.0	0	8	1.6159	2.112052909153885	0.1	0.7650849999999999
620.5	0	8	1.6125475	2.1126002411568585	0.1	0.763299875
621.0	0	8	1.609195	2.1131501392454974	0.1	0.7615147499999999
621.5	0	8	1.6058425	2.113702621508277	0.1	0.7597296250000001
622.0	0	8	1.60249	2.114257706204082	0.1	0.7579445
622.5	0	8	1.5991374999999999	2.1148154117642197	0.1	0.756159375
623.0	0	8	1.595785	2.115375756794456	0.1	0.7543742499999998
623.5	0	8	1.5924325	2.1159387600770874	0.1	0.752589125
624.0	0	8	1.58908	2.116504440573039	0.1	0.750804
624.5	0	8	1.5857275	2.1170728174239937	0.1	0.7490188749999999
625.0	0	8	1.5823749999999999	2.117643909954549	0.1	0.7472337499999998
625.5	0	8	1.5790225	2.1182177376744105	0.1	0.7454486250000001
626.0	0	8	1.57567	2.1187943202806108	0.1	0.7436634999999999
626.5	0	8	1.5723175	2.1193736776597647	0.1	0.741878375
627.0	0	8	1.568965	2.119955829890355	0.1	0.7400932499999999
627.5	0	8	1.5656124999999999	2.1205407972450527	0.1	0.7383081249999999
628.0	0	8	1.56226	2.1211286001930696	0.1	0.7365229999999999
628.5	0	8	1.5589075	2.1217192594025454	0.1	0.734737875
629.0	0	8	1.555555	2.122312795742973	0.1	0.7329527499999999
629.5	0	8	1.5522025	2.122909230287651	0.1	0.731167625
630.0	0	8	1.54885	2.1235085843161854	0.1	0.7293824999999999
630.5	0	8	1.5454975	2.1241108793170125	0.1	0.7275973749999999
631.0	0	8	1.5421449999999999	2.124716136989972	0.1	0.72581225
631.5	0	8	1.5387925	2.1253243792489127	0.1	0.724027125
632.0	0	8	1.53544	2.125935628224335	0.1	0.7222419999999999
632.5	0	8	1.5320875	2.126549906266076	0.1	0.720456875
633.0	0	8	1.528735	2.127167235946035	0.1	0.7186717499999999
633.5	0	8	1.5253825	2.1277876400609372	0.1	0.716886625
634.0	0	8	1.52203	2.1284111416351386	0.1	0.7151015
634.5	0	8	1.5186775	2.1290377639234763	0.1	0.713316375
635.0	0	8	1.515325	2.1296675304141597	0.1	0.71153125
635.5	0	8	1.5119725	2.130300464831703	0.1	0.709746125
636.0	0	8	1.50862	2.130936591139908	0.1	0.7079609999999998
636.5	0	8	1.5052675	2.1315759335448834	0.1	0.706175875
637.0	0	8	1.501915	2.1322185164981224	0.1	0.7043907500000001
637.5	0	8	1.4985625	2.132864364699614	0.1	0.7026056249999998
638.0	0	8	1.49521	2.133513503101008	0.1	0.7008205
638.5	0	8	1.4918575	2.1341659569088334	0.1	0.699035375
639.0	0	8	1.488505	2.134821751587755	0.1	0.6972502500000001
639.5	0	8	1.4851524999999999	2.135480912863891	0.1	0.6954651249999999
640.0	0	8	1.4818	2.1361434667281745	0.1	0.69368
640.5	0	8	1.4784475	2.1368094394397703	0.1	0.6918948749999999
641.0	0	8	1.475095	2.1374788575295454	0.1	0.69010975
641.5	0	8	1.4717425	2.1381517478035894	0.1	0.6883246249999998
642.0	0	8	1.4683899999999999	2.138828137346795	0.1	0.6865395
642.5	0	8	1.4650375	2.1395080535264923	0.1	0.6847543750000001
643.0	0	8	1.461685	2.1401915239961387	0.1	0.68296925
643.5	0	8	1.4583325	2.1408785766990683	0.1	0.6811841249999999
644.0	0	8	1.45498	2.141569239872299	0.1	0.679399
644.5	0	8	1.4516274999999998	2.142263542050404	0.1	0.6776138750000001
645.0	0	8	1.448275	2.1429615120694407	0.1	0.67582875
645.5	0	8	1.4449224999999999	2.1436631790709395	0.1	0.6740436249999998
646.0	0	8	1.44157	2.144368572505963	0.1	0.6722585
646.5	0	8	1.4382175	2.145077722139227	0.1	0.670473375
647.0	0	8	1.4348649999999998	2.1457906580532855	0.1	0.66868825
647.5	0	8	1.4315125	2.1465074106527844	0.1	0.6669031249999999
648.0	0	8	1.42816	2.1472280106687838	0.1	0.665118
648.5	0	8	1.4248075	2.1479524891631523	0.1	0.6633328749999999
649.0	0	8	1.421455	2.1486808775330277	0.1	0.6615477499999999
649.5	0	8	1.4181024999999998	2.1494132075153543	0.1	0.6597626249999999
650.0	0	8	1.41475	2.150149511191492	0.1	0.6579775
650.5	0	8	1.4113974999999999	2.1508898209919005	0.1	0.6561923749999999
651.0	0	8	1.408045	2.151634169700901	0.1	0.65440725
651.5	0	8	1.4046925	2.1523825904615173	0.1	0.6526221249999998
652.0	0	8	1.40134	2.1531351167803923	0.1	0.650837
652.5	0	8	1.3979875	2.153891782532791	0.1	0.6490518749999998
653.0	0	8	1.3946349999999998	2.1546526219676814	0.1	0.6472667500000001
653.5	0	8	1.3912825	2.1554176697129064	0.1	0.645481625
654.0	0	8	1.3879299999999999	2.15618696078043	0.1	0.6436965
654.5	0	8	1.3845775	2.1569605305716855	0.1	0.641911375
655.0	0	8	1.381225	2.1577384148830014	0.1	0.64012625
655.5	0	8	1.3778725	2.1585206499111274	0.1	0.638341125
656.0	0	8	1.37452	2.1593072722588427	0.1	0.6365560000000001
656.5	0	8	1.3711674999999999	2.1600983189406726	0.1	0.634770875
657.0	0	8	1.367815	2.1608938273886893	0.1	0.63298575
657.5	0	8	1.3644625	2.161693835458417	0.1	0.6312006249999998
658.0	0	8	1.36111	2.162498381434839	0.1	0.6294155
658.5	0	8	1.3577575	2.1633075040385035	0.1	0.627630375
659.0	0	8	1.3544049999999999	2.164121242431735	0.1	0.6258452500000001
659.5	0	8	1.3510525	2.1649396362249553	0.1	0.624060125
660.0	0	8	1.3477	2.1657627254831064	0.1	0.6222749999999999
660.5	0	8	1.3443475	2.166590550732194	0.1	0.620489875
661.0	0	8	1.340995	2.167423152965934	0.1	0.61870475
661.5	0	8	1.3376424999999998	2.168260573652524	0.1	0.616919625
662.0	0	8	1.33429	2.1691028547415243	0.1	0.6151344999999999
662.5	0	8	1.3309374999999999	2.1699500386708634	0.1	0.613349375
663.0	0	8	1.327585	2.1708021683739687	0.1	0.6115642500000001
663.5	0	8	1.3242325	2.1716592872870155	0.1	0.609779125
664.0	0	8	1.3208799999999998	2.1725214393563093	0.1	0.6079939999999999
664.5	0	8	1.3175275	2.173388669045797	0.1	0.606208875
665.0	0	8	1.3141749999999999	2.17426102134471	0.1	0.60442375
665.5	0	8	1.3108225	2.175138541775347	0.1	0.602638625
666.0	0	8	1.30747	2.1760212764009865	0.1	0.6008534999999999
666.5	0	8	1.3041175	2.1769092718339538	0.1	0.599068375
667.0	0	8	1.300765	2.1778025752438226	0.1	0.59728325
667.5	0	8	1.2974124999999999	2.178701234365767	0.1	0.595498125
668.0	0	8	1.29406	2.179605297509066	0.1	0.5937129999999999
668.5	0	8	1.2907075	2.1805148135657575	0.1	0.591927875
669.0	0	8	1.287355	2.181429832019456	0.1	0.5901427500000002
669.5	0	8	1.2840025	2.1823504029543255	0.1	0.588357625
670.0	0	8	1.2806499999999998	2.183276577064216	0.1	0.5865724999999999
670.5	0	8	1.2772975	2.1842084056619724	0.1	0.584787375
671.0	0	8	1.2739449999999999	2.1851459406889076	0.1	0.5830022500000002
671.5	0	8	1.2705925	2.1860892347244585	0.1	0.581217125
672.0	0	8	1.26724	2.18703834099601	0.1	0.579432
672.5	0	8	1.2638875	2.187993313388911	0.1	0.577646875
673.0	0	8	1.260535	2.188954206456671	0.1	0.5758617500000001
673.5	0	8	1.2571824999999999	2.18992107543135	0.1	0.574076625
674.0	0	8	1.25383	2.1908939762341397	0.1	0.5722915
674.5	0	8	1.2504775	2.1918729654861435	0.1	0.570506375
675.0	0	8	1.247125	2.1928581005193672	0.1	0.56872125
675.5	0	8	1.2437725	2.1938494393879027	0.1	0.566936125
676.0	0	8	1.2404199999999999	2.19484704087934	0.1	0.565151
676.5	0	8	1.2370675	2.1958509645263837	0.1	0.5633658749999999
677.0	0	8	1.233715	2.1968612706186956	0.1	0.56158075
677.5	0	8	1.2303625	2.197878020214967	0.1	0.559795625
678.0	0	8	1.22701	2.1989012751552166	0.1	0.5580105
678.5	0	8	1.2236574999999998	2.1999310980733306	0.1	0.5562253749999998
679.0	0	8	1.220305	2.2009675524098404	0.1	0.55444025
679.5	0	8	1.2169524999999999	2.2020107024249524	0.1	0.552655125
680.0	0	8	1.2136	2.2030606132118287	0.1	0.55087
680.5	0	8	1.2102475	2.204117350710125	0.1	0.5490848749999999
681.0	0	8	1.2068949999999998	2.205180981719798	0.1	0.54729975
681.5	0	8	1.2035425	2.206251573915181	0.1	0.545514625
682.0	0	8	1.2001899999999999	2.207329195859338	0.1	0.5437295
682.5	0	8	1.1968375	2.208413917018698	0.1	0.5419443749999999
683.0	0	8	1.193485	2.209505807777984	0.1	0.54015925
683.5	0	8	1.1901324999999998	2.210604939455439	0.1	0.5383741249999999
684.0	0	8	1.18678	2.2117113843183516	0.1	0.536589
684.5	0	8	1.1834274999999999	2.212825215598896	0.1	0.5348038749999998
685.0	0	8	1.180075	2.2139465075102893	0.1	0.53301875
685.5	0	8	1.1767225	2.2150753352632746	0.1	0.5312336250000002
686.0	0	8	1.1733699999999998	2.2162117750829395	0.1	0.5294485
686.5	0	8	1.1700175	2.2173559042258715	0.1	0.5276633749999999
687.0	0	8	1.1666649999999998	2.218507800997664	0.1	0.52587825
687.5	0	8	1.1633125	2.2196675447707883	0.1	0.524093125
688.0	0	8	1.1599599999999999	2.220835216002818	0.1	0.522308
688.5	0	8	1.1566074999999998	2.2220108962550396	0.1	0.5205228749999999
689.0	0	8	1.153255	2.223194668211442	0.1	0.51873775
689.5	0	8	1.1499025	2.224386615698102	0.1	0.516952625
690.0	0	8	1.14655	2.22558682370297	0.1	0.5151675
690.5	0	8	1.1431974999999999	2.2267953783960737	0.1	0.513382375
691.0	0	8	1.139845	2.228012367150136	0.1	0.51159725
691.5	0	8	1.1364925	2.2292378785616362	0.1	0.5098121250000001
692.0	0	8	1.13314	2.2304720024723097	0.1	0.508027
692.5	0	8	1.1297875	2.2317148299910987	0.1	0.506241875
693.0	0	8	1.1264349999999999	2.2329664535165796	0.1	0.50445675
693.5	0	8	1.1230825	2.23422696675986	0.1	0.5026716250000001
694.0	0	8	1.11973	2.2354964647679663	0.1	0.5008865
694.5	0	8	1.1163775	2.236775043947735	0.1	0.499101375
695.0	0	8	1.113025	2.238062802090219	0.1	0.49731625
695.5	0	8	1.1096724999999998	2.23935983839562	0.1	0.495531125
696.0	0	8	1.10632	2.2406662534987625	0.1	0.493746
696.5	0	8	1.1029674999999999	2.24198214949512	0.1	0.4919608749999999
697.0	0	8	1.099615	2.243307629967415	0.1	0.49017574999999997
697.5	0	8	1.0962625	2.244642800012797	0.1	0.48839062499999997
698.0	0	8	1.0929099999999998	2.2459877662706234	0.1	0.4866055
698.5	0	8	1.0895575	2.24734263695085	0.1	0.484820375
699.0	0	8	1.0862049999999999	2.2487075218630523	0.1	0.48303524999999997
699.5	0	8	1.0828525	2.2500825324460956	0.1	0.481250125
700.0	0	8	1.0795	2.2514677817984627	0.1	0.479465
700.5	0	8	1.0761474999999998	2.2528633847092676	0.1	0.477679875
701.0	0	8	1.072795	2.254269457689962	0.1	0.47589475
701.5	0	8	1.0694424999999999	2.255686119006759	0.1	0.474109625
702.0	0	8	1.06609	2.2571134887137974	0.1	0.4723245
702.5	0	8	1.0627375	2.258551688687052	0.1	0.4705393749999999
703.0	0	8	1.059385	2.260000842659027	0.1	0.46875424999999993
703.5	0	8	1.0560325	2.261461076254238	0.1	0.46696912500000004
704.0	0	8	1.0526799999999998	2.262932517025521	0.1	0.465184
704.5	0	8	1.0493275	2.2644152944911657	0.1	0.463398875
705.0	0	8	1.0459749999999999	2.2659095401729257	0.1	0.46161375000000004
705.5	0	8	1.0426225	2.2674153876349044	0.1	0.459828625
706.0	0	8	1.03927	2.268932972523352	0.1	0.4580435
706.5	0	8	1.0359174999999998	2.270462432607401	0.1	0.456258375
707.0	0	8	1.032565	2.2720039078207575	0.1	0.45447325
707.5	0	8	1.0292124999999999	2.2735575403043757	0.1	0.45268812500000005
708.0	0	8	1.02586	2.275123474450159	0.1	0.450903
708.5	0	8	1.0225075	2.2767018569456847	0.1	0.449117875
709.0	0	8	1.019155	2.278292836820018	0.1	0.44733275
709.5	0	8	1.0158025	2.279896565490614	0.1	0.445547625
710.0	0	8	1.0124499999999999	2.281513196811357	0.1	0.4437625
710.5	0	8	1.0090975	2.2831428871217674	0.1	0.44197737499999995
711.0	0	8	1.005745	2.2847857952973953	0.1	0.44019225
711.5	0	8	1.0023925	2.28644208280146	0.1	0.438407125
712.0	0	8	0.9990399999999999	2.288111913737741	0.1	0.436622
712.5	0	8	0.9956875	2.2897954549047843	0.1	0.43483687500000007
713.0	0	8	0.992335	2.2914928758514423	0.1	0.43305175000000007
713.5	0	8	0.9889825	2.2932043489337945	0.1	0.43126662500000007
714.0	0	8	0.98563	2.2949300493734888	0.1	0.4294815
714.5	0	8	0.9822774999999999	2.2966701553175426	0.1	0.427696375
715.0	0	8	0.9789249999999999	2.2984248478996503	0.1	0.42591125
715.5	0	8	0.9755725	2.3001943113030348	0.1	0.4241261250000001
716.0	0	8	0.97222	2.3019787328248973	0.1	0.422341
716.5	0	8	0.9688675	2.3037783029425043	0.1	0.42055587499999997
717.0	0	8	0.9655149999999999	2.3055932153809686	0.1	0.41877075
717.5	0	8	0.9621624999999999	2.3074236671827717	0.1	0.41698562499999997
718.0	0	8	0.9588099999999999	2.309269858779072	0.1	0.4152005
718.5	0	8	0.9554575	2.311131994062872	0.1	0.413415375
719.0	0	8	0.952105	2.3130102804640815	0.1	0.41163025
719.5	0	8	0.9487525	2.314904929026544	0.1	0.409845125
720.0	0	8	0.9454	2.3168161544870856	0.1	0.40806
720.5	0	8	0.9420474999999999	2.318744175356647	0.1	0.40627487500000004
721.0	0	8	0.938695	2.320689214003569	0.1	0.4044897499999999
721.5	0	8	0.9353425	2.32265149673908	0.1	0.402704625
722.0	0	8	0.93199	2.324631253905086	0.1	0.40091949999999993
722.5	0	8	0.9286375	2.326628719964298	0.1	0.399134375
723.0	0	8	0.925285	2.3286441335928028	0.1	0.39734925
723.5	0	8	0.9219325	2.3306777377751335	0.1	0.39556412499999993
724.0	0	8	0.91858	2.3327297799019244	0.1	0.393779
724.5	0	8	0.9152275	2.334800511870243	0.1	0.39199387499999994
725.0	0	8	0.911875	2.3368901901866628	0.1	0.39020875000000005
725.5	0	8	0.9085225	2.338999076073192	0.1	0.388423625
726.0	0	8	0.90517	2.341127435576126	0.1	0.3866385
726.5	0	8	0.9018174999999999	2.3432755396779354	0.1	0.384853375
727.0	0	8	0.898465	2.3454436644122816	0.1	0.38306825
727.5	0	8	0.8951125	2.347632090982259	0.1	0.38128312499999995
728.0	0	8	0.89176	2.349841105881981	0.1	0.37949799999999995
728.5	0	8	0.8884075	2.3520710010216095	0.1	0.37771287499999995
729.0	0	8	0.885055	2.354322073855947	0.1	0.37592775000000006
729.5	0	8	0.8817025000000001	2.3565946275167127	0.1	0.374142625
730.0	0	8	0.87835	2.358888970948618	0.1	0.3723575
730.5	0	8	0.8749975	2.3612054190493827	0.1	0.37057237499999995
731.0	0	8	0.871645	2.3635442928138106	0.1	0.36878725
731.5	0	8	0.8682925	2.3659059194820737	0.1	0.367002125
732.0	0	8	0.86494	2.3682906326923447	0.1	0.365217
732.5	0	8	0.8615875	2.370698772637925	0.1	0.36343187500000007
733.0	0	8	0.8582350000000001	2.3731306862290342	0.1	0.3616467500000001
733.5	0	8	0.8548825	2.3755867272594013	0.1	0.359861625
734.0	0	8	0.85153	2.3780672565778542	0.1	0.3580765
734.5	0	8	0.8481775	2.380572642265056	0.1	0.356291375
735.0	0	8	0.844825	2.3831032598155883	0.1	0.3545062500000001
735.5	0	8	0.8414725000000001	2.385659492325559	0.1	0.352721125
736.0	0	8	0.83812	2.388241730685937	0.1	0.35093599999999997
736.5	0	8	0.8347675	2.3908503737818214	0.1	0.34915087499999997
737.0	0	8	0.831415	2.393485828697849	0.1	0.3473657500000001
737.5	0	8	0.8280625	2.3961485109299745	0.1	0.34558062500000003
738.0	0	8	0.82471	2.3988388446038416	0.1	0.34379550000000003
738.5	0	8	0.8213575	2.401557262699998	0.1	0.34201037500000003
739.0	0	8	0.8180050000000001	2.4043042072862026	0.1	0.34022525
739.5	0	8	0.8146525	2.407080129757073	0.1	0.338440125
740.0	0	8	0.8113	2.4098854910813743	0.1	0.336655
740.5	0	8	0.8079475	2.4127207620572024	0.1	0.334869875
741.0	0	8	0.8045950000000001	2.4155864235753812	0.1	0.33308475000000004
741.5	0	8	0.8012425000000001	2.4184829668913754	0.1	0.331299625
742.0	0	8	0.79789	2.421410893906034	0.1	0.3295145000000001
742.5	0	8	0.7945375000000001	2.424370717455523	0.1	0.327729375
743.0	0	8	0.791185	2.427362961610766	0.1	0.32594425
743.5	0	8	0.7878325	2.4303881619868024	0.1	0.32415912499999994
744.0	0	8	0.7844800000000001	2.4334468660623996	0.1	0.322374
744.5	0	8	0.7811275	2.4365396335103644	0.1	0.320588875
745.0	0	8	0.7777750000000001	2.4396670365389364	0.1	0.31880375000000005
745.5	0	8	0.7744225	2.4428296602447253	0.1	0.317018625
746.0	0	8	0.7710700000000001	2.446028102977634	0.1	0.31523350000000006
746.5	0	8	0.7677175	2.4492629767182557	0.1	0.313448375
747.0	0	8	0.7643650000000001	2.4525349074682365	0.1	0.3116632500000001
747.5	0	8	0.7610125000000001	2.4558445356541383	0.1	0.30987812500000006
748.0	0	8	0.75766	2.4591925165453286	0.1	0.30809300000000006
748.5	0	8	0.7543075000000001	2.462579520686499	0.1	0.306307875
749.0	0	8	0.750955	2.466006234345381	0.1	0.30452275000000006
749.5	0	8	0.7476025000000001	2.469473359976316	0.1	0.302737625
750.0	0	8	0.7442500000000001	2.4729816167003102	0.1	0.3009525
750.5	0	8	0.7408975000000001	2.4765317408022853	0.1	0.299167375
751.0	0	8	0.7375450000000001	2.4801244862462375	0.1	0.29738224999999996
751.5	0	8	0.7341925	2.4837606252090576	0.1	0.295597125
752.0	0	8	0.73084	2.4874409486338207	0.1	0.29381199999999996
752.5	0	8	0.7274875000000001	2.491166266803355	0.1	0.292026875
753.0	0	8	0.7241350000000001	2.4949374099349946	0.1	0.29024174999999997
753.5	0	8	0.7207825000000001	2.4987552287973975	0.1	0.288456625
754.0	0	8	0.7174300000000001	2.502620595350428	0.1	0.28667149999999997
754.5	0	8	0.7140775	2.5065344034090784	0.1	0.284886375
755.0	0	8	0.710725	2.5104975693325273	0.1	0.28310124999999997
755.5	0	8	0.7073725000000001	2.5145110327394136	0.1	0.2813161250000001
756.0	0	8	0.7040200000000001	2.518575757250538	0.1	0.279531
756.5	0	8	0.7006675000000001	2.5226927312601855	0.1	0.27774587500000003
757.0	0	8	0.697315	2.5268629687374022	0.1	0.27596075
757.5	0	8	0.6939625	2.531087510058562	0.1	0.27417562500000003
758.0	0	8	0.6906100000000001	2.5353674228726777	0.1	0.2723905
758.5	0	8	0.6872575000000001	2.5397038030009567	0.1	0.27060537500000004
759.0	0	8	0.6839050000000001	2.5440977753722054	0.1	0.26882025
759.5	0	8	0.6805525000000001	2.5485504949957427	0.1	0.26703512500000004
760.0	0	8	0.6772	2.55306314797361	0.1	0.26525
760.5	0	8	0.6738475	2.557636952553922	0.1	0.26346487500000004
761.0	0	8	0.6704950000000001	2.562273160227339	0.1	0.26167975
761.5	0	8	0.6671425000000001	2.5669730568687212	0.1	0.25989462500000005
762.0	0	8	0.6637900000000001	2.5717379639261635	0.1	0.2581095
762.5	0	8	0.6604375	2.576569239659708	0.1	0.25632437500000005
763.0	0	8	0.657085	2.5814682804321927	0.1	0.25453925
763.5	0	8	0.6537325	2.5864365220547834	0.1	0.25275412500000005
764.0	0	8	0.6503800000000001	2.591475441189948	0.1	0.250969
764.5	0	8	0.6470275000000001	2.5965865568147213	0.1	0.24918387500000008
765.0	0	8	0.643675	2.601771431747331	0.1	0.24739874999999997
765.5	0	8	0.6403225	2.607031674240384	0.1	0.24561362500000009
766.0	0	8	0.63697	2.6123689396440533	0.1	0.24382849999999998
766.5	0	8	0.6336175000000001	2.6177849321428437	0.1	0.24204337500000006
767.0	0	8	0.6302650000000001	2.623281406569806	0.1	0.24025825
767.5	0	8	0.6269125000000001	2.6288601703022088	0.1	0.23847312500000006
768.0	0	8	0.62356	2.6345230852430204	0.1	0.236688
768.5	0	8	0.6202075	2.6402720698927156	0.1	0.2349028750000001
769.0	0	8	0.616855	2.6461091015162936	0.1	0.23311775000000004
769.5	0	8	0.6135025000000001	2.6520362184106108	0.1	0.23133262500000007
770.0	0	8	0.6101500000000001	2.6580555222775244	0.1	0.22954750000000004
770.5	0	8	0.6067975000000001	2.664169180708622	0.1	0.22776237500000004
771.0	0	8	0.603445	2.670379429787733	0.1	0.22597725
771.5	0	8	0.6000925	2.6766885768177633	0.1	0.224192125
772.0	0	8	0.59674	2.6830990031788566	0.1	0.22240700000000002
772.5	0	8	0.5933875000000001	2.6896131673253167	0.1	0.22062187499999997
773.0	0	8	0.5900350000000001	2.6962336079291984	0.1	0.21883675000000002
773.5	0	8	0.5866825	2.7029629471790413	0.1	0.21705162499999997
774.0	0	8	0.58333	2.7098038942427176	0.1	0.21526650000000003
774.5	0	8	0.5799775	2.7167592489040326	0.1	0.21348137499999997
775.0	0	8	0.576625	2.7238319053833027	0.1	0.21169625
775.5	0	8	0.5732725000000001	2.7310248563528976	0.1	0.20991112499999998
776.0	0	8	0.56992	2.7383411971594125	0.1	0.20812600000000003
776.5	0	8	0.5665675	2.745784130265029	0.1	0.20634087499999998
777.0	0	8	0.563215	2.7533569699214024	0.1	0.20455575000000004
777.5	0	8	0.5598625	2.761063147090463	0.1	0.20277062499999998
778.0	0	8	0.5565100000000001	2.7689062146274233	0.1	0.2009855
778.5	0	8	0.5531575	2.7768898527424963	0.1	0.19920037499999996
779.0	0	8	0.549805	2.785017874758915	0.1	0.19741525000000004
779.5	0	8	0.5464525	2.7932942331862236	0.1	0.195630125
780.0	0	8	0.5431	2.8017230261291233	0.1	0.19384500000000005
780.5	0	8	0.5397475	2.8103085040537494	0.1	0.192059875
781.0	0	8	0.536395	2.8190550769348	0.1	0.19027475000000005
781.5	0	8	0.5330425000000001	2.827967321808827	0.1	0.188489625
782.0	0	8	0.52969	2.8370499907608004	0.1	0.18670450000000005
782.5	0	8	0.5263375	2.846308019373308	0.1	0.184919375
783.0	0	8	0.522985	2.85574653566987	0.1	0.18313425000000003
783.5	0	8	0.5196325	2.8653708695864952	0.1	0.181349125
784.0	0	8	0.5162800000000001	2.875186563008175	0.1	0.17956400000000006
784.5	0	8	0.5129275	2.8851993804100737	0.1	0.17777887500000003
785.0	0	8	0.509575	2.895415320146311	0.1	0.17599375000000006
785.5	0	8	0.5062225	2.905840626432819	0.1	0.17420862499999998
786.0	0	8	0.50287	2.9164818020745424	0.1	0.17242350000000006
786.5	0	8	0.4995175	2.927345621991536	0.1	0.17063837500000004
787.0	0	8	0.496165	2.938439147603021	0.1	0.16885325000000004
787.5	0	8	0.4928125	2.9497697421336353	0.1	0.167068125
788.0	0	8	0.48946	2.9613450869115385	0.1	0.16528300000000007
788.5	0	8	0.4861075	2.973173198734234	0.1	0.16349787500000001
789.0	0	8	0.482755	2.985262448384557	0.1	0.16171275000000007
789.5	0	8	0.4794025	2.997621580386753	0.1	0.159927625
790.0	0	8	0.47605000000000003	3.010259734100573	0.1	0.15814250000000007
790.5	0	8	0.4726975	3.0231864662603853	0.1	0.15635737500000002
791.0	0	8	0.469345	3.036411775076055	0.1	0.15457225000000008
791.5	0	8	0.46599250000000003	3.0499461260233804	0.1	0.15278712500000002
792.0	0	8	0.46264	3.0638004794638465	0.1	0.15100200000000008
792.5	0	8	0.4592875	3.0779863202469557	0.1	0.14921687500000003
793.0	0	8	0.455935	3.092515689463091	0.1	0.14743174999999997
793.5	0	8	0.4525825	3.1074012185314963	0.1	0.14564662500000003
794.0	0	8	0.44923	3.12265616582616	0.1	0.14386149999999995
794.5	0	8	0.4458775	3.138294456062803	0.1	0.14207637500000006
795.0	0	8	0.442525	3.1543307226929698	0.1	0.14029124999999998
795.5	0	8	0.4391725	3.1707803535764207	0.1	0.13850612500000004
796.0	0	8	0.43582	3.1876595402315666	0.1	0.13672099999999998
796.5	0	8	0.4324675	3.204985330995185	0.1	0.13493587500000004
797.0	0	8	0.42911499999999997	3.2227756884583827	0.1	0.13315074999999998
797.5	0	8	0.4257625	3.241049551585507	0.1	0.13136562500000004
798.0	0	8	0.42241	3.259826902967654	0.1	0.1295805
798.5	0	8	0.41905749999999997	3.279128841712776	0.1	0.12779537500000004
799.0	0	8	0.415705	3.298977662531421	0.1	0.12601025000000002
799.5	0	8	0.4123525	3.319396941641233	0.1	0.12422512500000005
800.0	0	8	0.409	3.3404116301862135	0.1	0.12244
800.5	0	8	0.4083075	3.335136463019199	0.1	0.12242602499999998
801.0	0	8	0.40761499999999995	3.3298600913880616	0.1	0.12241205
801.5	0	8	0.40692249999999996	3.324582514880238	0.1	0.12239807499999998
802.0	0	8	0.40623	3.319303733082974	0.1	0.1223841
802.5	0	8	0.4055375	3.3140237455833277	0.1	0.12237012499999998
803.0	0	8	0.40484499999999995	3.308742551968168	0.1	0.12235614999999998
803.5	0	8	0.40415249999999997	3.3034601518241766	0.1	0.122342175
804.0	0	8	0.40346	3.2981765447378444	0.1	0.1223282
804.5	0	8	0.4027675	3.2928917302954748	0.1	0.122314225
805.0	0	8	0.40207499999999996	3.28760570808318	0.1	0.12230025000000001
805.5	0	8	0.4013825	3.2823184776868866	0.1	0.122286275
806.0	0	8	0.40069	3.277030038692329	0.1	0.12227229999999999
806.5	0	8	0.3999975	3.2717403906850517	0.1	0.12225832499999999
807.0	0	8	0.39930499999999997	3.266449533250412	0.1	0.12224435
807.5	0	8	0.3986125	3.2611574659735765	0.1	0.122230375
808.0	0	8	0.39792	3.255864188439522	0.1	0.1222164
808.5	0	8	0.39722749999999996	3.2505697002330356	0.1	0.12220242499999999
809.0	0	8	0.39653499999999997	3.2452740009387138	0.1	0.12218845
809.5	0	8	0.3958425	3.2399770901409646	0.1	0.12217447499999998
810.0	0	8	0.39515	3.2346789674240037	0.1	0.1221605
810.5	0	8	0.39445749999999996	3.229379632371858	0.1	0.12214652499999999
811.0	0	8	0.393765	3.2240790845683645	0.1	0.12213254999999999
811.5	0	8	0.3930725	3.218777323597168	0.1	0.12211857499999998
812.0	0	8	0.39237999999999995	3.213474349041723	0.1	0.1221046
812.5	0	8	0.39168749999999997	3.2081701604852952	0.1	0.12209062499999998
813.0	0	8	0.390995	3.2028647575109574	0.1	0.12207664999999998
813.5	0	8	0.3903025	3.197558139701592	0.1	0.12206267499999998
814.0	0	8	0.38960999999999996	3.1922503066398904	0.1	0.1220487
814.5	0	8	0.38891749999999997	3.1869412579083534	0.1	0.12203472500000001
815.0	0	8	0.388225	3.18163099308929	0.1	0.12202075
815.5	0	8	0.3875325	3.176319511764818	0.1	0.122006775
816.0	0	8	0.38683999999999996	3.171006813516863	0.1	0.12199280000000001
816.5	0	8	0.3861475	3.1656928979271606	0.1	0.121978825
817.0	0	8	0.385455	3.160377764577253	0.1	0.12196485
817.5	0	8	0.3847625	3.1550614130484917	0.1	0.12195087500000001
818.0	0	8	0.38406999999999997	3.149743842922036	0.1	0.12193689999999999
818.5	0	8	0.3833775	3.1444250537788525	0.1	0.12192292499999999
819.0	0	8	0.382685	3.139105045199717	0.1	0.12190894999999999
819.5	0	8	0.38199249999999996	3.1337838167652112	0.1	0.12189497499999999
820.0	0	8	0.3813	3.1284613680557265	0.1	0.12188099999999999
820.5	0	8	0.3806075	3.1231376986514605	0.1	0.12186702499999999
821.0	0	8	0.379915	3.1178128081324186	0.1	0.12185305
821.5	0	8	0.37922249999999996	3.112486696078413	0.1	0.12183907499999999
822.0	0	8	0.37853	3.1071593620690647	0.1	0.12182509999999999
822.5	0	8	0.3778375	3.1018308056837998	0.1	0.12181112499999999
823.0	0	8	0.377145	3.0965010265018518	0.1	0.12179714999999999
823.5	0	8	0.37645249999999997	3.091170024102262	0.1	0.121783175
824.0	0	8	0.37576	3.0858377980638783	0.1	0.1217692
824.5	0	8	0.3750675	3.080504347965354	0.1	0.121755225
825.0	0	8	0.374375	3.075169673385151	0.1	0.12174125
825.5	0	8	0.3736825	3.069833773901535	0.1	0.12172727500000001
826.0	0	8	0.37299	3.0644966490925807	0.1	0.1217133
826.5	0	8	0.3722975	3.059158298536167	0.1	0.121699325
827.0	0	8	0.37160499999999996	3.0538187218099795	0.1	0.12168534999999998
827.5	0	8	0.3709125	3.0484779184915105	0.1	0.12167137499999998
828.0	0	8	0.37022	3.043135888158057	0.1	0.1216574
828.5	0	8	0.3695275	3.0377926303867224	0.1	0.12164342500000001
829.0	0	8	0.36883499999999997	3.0324481447544156	0.1	0.12162945
829.5	0	8	0.3681425	3.0271024308378522	0.1	0.12161547499999999
830.0	0	8	0.36745	3.0217554882135502	0.1	0.1216015
830.5	0	8	0.36675749999999996	3.0164073164578356	0.1	0.12158752499999999
831.0	0	8	0.366065	3.0110579151468393	0.1	0.12157354999999997
831.5	0	8	0.3653725	3.005707283856496	0.1	0.12155957499999999
832.0	0	8	0.36468	3.0003554221625466	0.1	0.1215456
832.5	0	8	0.3639875	2.995002329640536	0.1	0.121531625
833.0	0	8	0.363295	2.989648005865815	0.1	0.12151764999999999
833.5	0	8	0.3626025	2.984292450413537	0.1	0.12150367499999999
834.0	0	8	0.36191	2.9789356628586625	0.1	0.12148969999999999
834.5	0	8	0.36121749999999997	2.973577642775954	0.1	0.12147572499999999
835.0	0	8	0.360525	2.96821838973998	0.1	0.12146175
835.5	0	8	0.3598325	2.9628579033251126	0.1	0.121447775
836.0	0	8	0.35914	2.9574961831055275	0.1	0.12143380000000001
836.5	0	8	0.3584475	2.952133228655205	0.1	0.121419825
837.0	0	8	0.357755	2.9467690395479296	0.1	0.12140585
837.5	0	8	0.3570625	2.9414036153572884	0.1	0.12139187499999998
838.0	0	8	0.35636999999999996	2.936036955656672	0.1	0.1213779
838.5	0	8	0.3556775	2.9306690600192766	0.1	0.12136392500000001
839.0	0	8	0.354985	2.9252999280180996	0.1	0.12134995000000001
839.5	0	8	0.3542925	2.9199295592259427	0.1	0.12133597500000001
840.0	0	8	0.3536	2.9145579532154104	0.1	0.121322
840.5	0	8	0.3529075	2.90918510955891	0.1	0.121308025
841.0	0	8	0.352215	2.903811027828653	0.1	0.12129404999999999
841.5	0	8	0.3515225	2.898435707596652	0.1	0.12128007499999999
842.0	0	8	0.35083	2.8930591484347232	0.1	0.1212661
842.5	0	8	0.3501375	2.8876813499144864	0.1	0.12125212499999997
843.0	0	8	0.349445	2.8823023116073614	0.1	0.12123814999999999
843.5	0	8	0.3487525	2.876922033084573	0.1	0.12122417499999999
844.0	0	8	0.34806	2.8715405139171457	0.1	0.12121019999999998
844.5	0	8	0.3473675	2.8661577536759086	0.1	0.121196225
845.0	0	8	0.346675	2.8607737519314917	0.1	0.12118224999999999
845.5	0	8	0.34598249999999997	2.855388508254326	0.1	0.121168275
846.0	0	8	0.34529	2.850002022214647	0.1	0.1211543
846.5	0	8	0.3445975	2.8446142933824885	0.1	0.121140325
847.0	0	8	0.343905	2.8392253213276883	0.1	0.12112635
847.5	0	8	0.34321250000000003	2.8338351056198845	0.1	0.121112375
848.0	0	8	0.34252	2.8284436458285165	0.1	0.1210984
848.5	0	8	0.3418275	2.823050941522826	0.1	0.12108442499999998
849.0	0	8	0.34113499999999997	2.817656992271855	0.1	0.12107044999999998
849.5	0	8	0.3404425	2.8122617976444464	0.1	0.121056475
850.0	0	8	0.33975	2.8068653572092446	0.1	0.1210425
850.5	0	8	0.3390575	2.801467670534694	0.1	0.121028525
851.0	0	8	0.33836499999999997	2.7960687371890405	0.1	0.12101455
851.5	0	8	0.3376725	2.7906685567403295	0.1	0.12100057499999999
852.0	0	8	0.33698	2.785267128756408	0.1	0.12098659999999999
852.5	0	8	0.3362875	2.779864452804922	0.1	0.120972625
853.0	0	8	0.335595	2.7744605284533184	0.1	0.12095864999999999
853.5	0	8	0.3349025	2.7690553552688453	0.1	0.12094467499999997
854.0	0	8	0.33421	2.7636489328185485	0.1	0.12093069999999999
854.5	0	8	0.33351749999999997	2.7582412606692746	0.1	0.12091672499999999
855.0	0	8	0.332825	2.7528323383876714	0.1	0.12090274999999998
855.5	0	8	0.3321325	2.7474221655401836	0.1	0.12088877499999999
856.0	0	8	0.33144	2.742010741693058	0.1	0.12087479999999998
856.5	0	8	0.33074749999999997	2.736598066412338	0.1	0.120860825
857.0	0	8	0.330055	2.73118413926387	0.1	0.12084684999999999
857.5	0	8	0.3293625	2.725768959813296	0.1	0.12083287499999999
858.0	0	8	0.32867	2.720352527626059	0.1	0.12081889999999998
858.5	0	8	0.3279775	2.7149348422673993	0.1	0.12080492499999998
859.0	0	8	0.327285	2.7095159033023584	0.1	0.12079095000000001
859.5	0	8	0.3265925	2.704095710295775	0.1	0.120776975
860.0	0	8	0.32589999999999997	2.698674262812285	0.1	0.12076300000000001
860.5	0	8	0.3252075	2.6932515604163263	0.1	0.120749025
861.0	0	8	0.324515	2.687827602672132	0.1	0.12073505
861.5	0	8	0.3238225	2.682402389143735	0.1	0.12072107499999998
862.0	0	8	0.32313	2.676975919394965	0.1	0.12070709999999998
862.5	0	8	0.3224375	2.6715481929894516	0.1	0.120693125
863.0	0	8	0.321745	2.6661192094906205	0.1	0.12067914999999999
863.5	0	8	0.32105249999999996	2.6606889684616957	0.1	0.12066517499999999
864.0	0	8	0.32036	2.6552574694656994	0.1	0.12065119999999999
864.5	0	8	0.3196675	2.649824712065451	0.1	0.120637225
865.0	0	8	0.318975	2.644390695823567	0.1	0.12062324999999997
865.5	0	8	0.31828249999999997	2.63895542030246	0.1	0.120609275
866.0	0	8	0.31759	2.6335188850643436	0.1	0.12059529999999997
866.5	0	8	0.3168975	2.628081089671224	0.1	0.12058132499999999
867.0	0	8	0.31620499999999996	2.6226420336849072	0.1	0.12056734999999998
867.5	0	8	0.3155125	2.617201716666995	0.1	0.12055337499999998
868.0	0	8	0.31482	2.611760138178886	0.1	0.12053939999999999
868.5	0	8	0.3141275	2.6063172977817755	0.1	0.12052542499999998
869.0	0	8	0.31343499999999996	2.600873195036654	0.1	0.12051144999999999
869.5	0	8	0.3127425	2.5954278295043114	0.1	0.12049747499999998
870.0	0	8	0.31205	2.5899812007453304	0.1	0.1204835
870.5	0	8	0.3113575	2.584533308320092	0.1	0.120469525
871.0	0	8	0.31066499999999997	2.5790841517887717	0.1	0.12045555
871.5	0	8	0.3099725	2.5736337307113426	0.1	0.12044157500000001
872.0	0	8	0.30928	2.5681820446475725	0.1	0.1204276
872.5	0	8	0.30858749999999996	2.562729093157024	0.1	0.120413625
873.0	0	8	0.307895	2.5572748757990573	0.1	0.12039965000000001
873.5	0	8	0.3072025	2.5518193921328263	0.1	0.120385675
874.0	0	8	0.30651	2.546362641717281	0.1	0.12037169999999998
874.5	0	8	0.30581749999999996	2.540904624111165	0.1	0.120357725
875.0	0	8	0.305125	2.53544533887302	0.1	0.12034374999999999
875.5	0	8	0.3044325	2.5299847855611795	0.1	0.12032977500000001
876.0	0	8	0.30374	2.524522963733774	0.1	0.12031580000000001
876.5	0	8	0.30304749999999997	2.519059872948727	0.1	0.12030182499999999
877.0	0	8	0.302355	2.513595512763758	0.1	0.12028784999999997
877.5	0	8	0.3016625	2.50812988273638	0.1	0.120273875
878.0	0	8	0.30096999999999996	2.5026629824239	0.1	0.1202599
878.5	0	8	0.3002775	2.4971948113834213	0.1	0.12024592499999998
879.0	0	8	0.299585	2.491725369171838	0.1	0.12023195
879.5	0	8	0.2988925	2.486254655345842	0.1	0.12021797499999999
880.0	0	8	0.29819999999999997	2.480782669461915	0.1	0.12020399999999999
880.5	0	8	0.2975075	2.475309411076335	0.1	0.120190025
881.0	0	8	0.296815	2.469834879745174	0.1	0.12017604999999998
881.5	0	8	0.29612249999999996	2.464359075024295	0.1	0.120162075
882.0	0	8	0.29542999999999997	2.458881996469357	0.1	0.1201481
882.5	0	8	0.2947375	2.453403643635811	0.1	0.120134125
883.0	0	8	0.294045	2.4479240160789013	0.1	0.12012015
883.5	0	8	0.29335249999999996	2.4424431133536637	0.1	0.120106175
884.0	0	8	0.29266	2.43696093501493	0.1	0.1200922
884.5	0	8	0.2919675	2.4314774806173225	0.1	0.12007822500000001
885.0	0	8	0.29127499999999995	2.4259927497152565	0.1	0.12006425
885.5	0	8	0.29058249999999997	2.42050674186294	0.1	0.12005027500000001
886.0	0	8	0.28989	2.415019456614374	0.1	0.1200363
886.5	0	8	0.2891975	2.4095308935233506	0.1	0.12002232500000001
887.0	0	8	0.28850499999999996	2.4040410521434548	0.1	0.12000834999999999
887.5	0	8	0.28781249999999997	2.3985499320280637	0.1	0.11999437499999999
888.0	0	8	0.28712	2.393057532730346	0.1	0.1199804
888.5	0	8	0.28642749999999995	2.387563853803262	0.1	0.11996642499999999
889.0	0	8	0.28573499999999996	2.382068894799564	0.1	0.11995245
889.5	0	8	0.2850425	2.3765726552717967	0.1	0.11993847499999999
890.0	0	8	0.28435	2.3710751347722945	0.1	0.11992449999999998
890.5	0	8	0.28365749999999995	2.3655763328531836	0.1	0.11991052499999999
891.0	0	8	0.28296499999999997	2.3600762490663825	0.1	0.11989655
891.5	0	8	0.2822725	2.3545748829636	0.1	0.119882575
892.0	0	8	0.28157999999999994	2.3490722340963353	0.1	0.11986859999999999
892.5	0	8	0.28088749999999996	2.3435683020158793	0.1	0.119854625
893.0	0	8	0.28019499999999997	2.338063086273314	0.1	0.11984064999999998
893.5	0	8	0.2795025	2.3325565864195097	0.1	0.119826675
894.0	0	8	0.27880999999999995	2.3270488020051294	0.1	0.11981269999999998
894.5	0	8	0.27811749999999996	2.321539732580626	0.1	0.119798725
895.0	0	8	0.277425	2.3160293776962426	0.1	0.11978474999999998
895.5	0	8	0.27673249999999994	2.310517736902011	0.1	0.119770775
896.0	0	8	0.27603999999999995	2.305004809747755	0.1	0.11975680000000001
896.5	0	8	0.27534749999999997	2.2994905957830873	0.1	0.119742825
897.0	0	8	0.274655	2.2939750945574104	0.1	0.11972884999999998
897.5	0	8	0.2739625	2.2884583056199155	0.1	0.11971487500000001
898.0	0	8	0.27326999999999996	2.2829402285195846	0.1	0.1197009
898.5	0	8	0.2725775	2.2774208628051893	0.1	0.119686925
899.0	0	8	0.271885	2.271900208025289	0.1	0.11967294999999999
899.5	0	8	0.27119249999999995	2.266378263728232	0.1	0.119658975
900.0	0	8	0.27049999999999996	2.2608550294621583	0.1	0.119645
900.5	0	8	0.2698075	2.2553305047749945	0.1	0.119631025
901.0	0	8	0.26911499999999994	2.2498046892144554	0.1	0.11961704999999997
901.5	0	8	0.26842249999999995	2.244277582328046	0.1	0.11960307499999999
902.0	0	8	0.26772999999999997	2.2387491836630593	0.1	0.1195891
902.5	0	8	0.2670375	2.2332194927665765	0.1	0.119575125
903.0	0	8	0.26634499999999994	2.227688509185467	0.1	0.11956114999999998
903.5	0	8	0.26565249999999996	2.222156232466388	0.1	0.11954717499999999
904.0	0	8	0.26496	2.216622662155786	0.1	0.1195332
904.5	0	8	0.2642675	2.2110877977998937	0.1	0.11951922499999999
905.0	0	8	0.26357499999999995	2.205551638944732	0.1	0.11950525000000001
905.5	0	8	0.26288249999999996	2.2000141851361112	0.1	0.11949127499999998
906.0	0	8	0.26219	2.1944754359196263	0.1	0.1194773
906.5	0	8	0.26149749999999994	2.1889353908406615	0.1	0.119463325
907.0	0	8	0.26080499999999995	2.1833940494443875	0.1	0.11944935000000001
907.5	0	8	0.26011249999999997	2.1778514112757628	0.1	0.11943537500000001
908.0	0	8	0.25942	2.172307475879532	0.1	0.1194214
908.5	0	8	0.25872749999999994	2.1667622428002273	0.1	0.119407425
909.0	0	8	0.25803499999999996	2.1612157115821677	0.1	0.11939344999999998
909.5	0	8	0.2573425	2.155667881769458	0.1	0.119379475
910.0	0	8	0.25665	2.1501187529059904	0.1	0.1193655
910.5	0	8	0.25595749999999995	2.144568324535442	0.1	0.11935152500000001
911.0	0	8	0.25526499999999996	2.1390165962012793	0.1	0.11933754999999999
911.5	0	8	0.2545725	2.1334635674467513	0.1	0.119323575
912.0	0	8	0.25388	2.127909237814895	0.1	0.11930959999999999
912.5	0	8	0.25318749999999995	2.1223536068485327	0.1	0.11929562499999999
913.0	0	8	0.25249499999999997	2.116796674090273	0.1	0.11928164999999999
913.5	0	8	0.2518025	2.111238439082509	0.1	0.11926767499999999
914.0	0	8	0.25110999999999994	2.1056789013674204	0.1	0.1192537
914.5	0	8	0.25041749999999996	2.1001180604869725	0.1	0.119239725
915.0	0	8	0.24972499999999997	2.0945559159829146	0.1	0.11922574999999999
915.5	0	8	0.24903249999999996	2.088992467396782	0.1	0.11921177499999998
916.0	0	8	0.24833999999999998	2.0834277142698943	0.1	0.11919779999999998
916.5	0	8	0.24764749999999996	2.0778616561433565	0.1	0.119183825
917.0	0	8	0.24695499999999998	2.072294292558059	0.1	0.11916985
917.5	0	8	0.24626249999999997	2.066725623054675	0.1	0.11915587500000001
918.0	0	8	0.24556999999999998	2.0611556471736643	0.1	0.1191419
918.5	0	8	0.24487749999999997	2.055584364455269	0.1	0.119127925
919.0	0	8	0.24418499999999999	2.050011774439518	0.1	0.11911395
919.5	0	8	0.24349249999999997	2.044437876666221	0.1	0.119099975
920.0	0	8	0.24279999999999996	2.038862670674974	0.1	0.119086
920.5	0	8	0.24210749999999998	2.033286156005157	0.1	0.119072025
921.0	0	8	0.24141499999999996	2.0277083321959326	0.1	0.11905805
921.5	0	8	0.24072249999999998	2.0221291987862475	0.1	0.11904407500000001
922.0	0	8	0.24002999999999997	2.016548755314832	0.1	0.11903010000000001
922.5	0	8	0.23933749999999998	2.010967001320199	0.1	0.119016125
923.0	0	8	0.23864499999999997	2.0053839363406456	0.1	0.11900215000000001
923.5	0	8	0.23795249999999998	1.9997995599142517	0.1	0.118988175
924.0	0	8	0.23725999999999997	1.99421387157888	0.1	0.1189742
924.5	0	8	0.2365675	1.988626870872176	0.1	0.118960225
925.0	0	8	0.23587499999999997	1.9830385573315679	0.1	0.11894624999999999
925.5	0	8	0.23518249999999996	1.9774489304942664	0.1	0.11893227499999998
926.0	0	8	0.23448999999999998	1.9718579898972655	0.1	0.1189183
926.5	0	8	0.2337975	1.9662657350773407	0.1	0.11890432499999998
927.0	0	8	0.23310499999999998	1.9606721655710493	0.1	0.11889034999999999
927.5	0	8	0.23241249999999997	1.9550772809147317	0.1	0.11887637499999999
928.0	0	8	0.23171999999999998	1.94948108064451	0.1	0.11886239999999998
928.5	0	8	0.23102749999999997	1.9438835642962873	0.1	0.118848425
929.0	0	8	0.23033499999999998	1.9382847314057496	0.1	0.11883445000000001
929.5	0	8	0.22964249999999997	1.9326845815083635	0.1	0.118820475
930.0	0	8	0.22895	1.9270831141393778	0.1	0.1188065
930.5	0	8	0.22825749999999997	1.9214803288338216	0.1	0.11879252500000001
931.0	0	8	0.22756499999999996	1.9158762251265062	0.1	0.11877855
931.5	0	8	0.22687249999999998	1.9102708025520234	0.1	0.11876457500000001
932.0	0	8	0.22618	1.9046640606447462	0.1	0.11875059999999998
932.5	0	8	0.22548749999999998	1.8990559989388276	0.1	0.11873662500000001
933.0	0	8	0.22479499999999997	1.8934466169682025	0.1	0.11872265000000001
933.5	0	8	0.22410249999999998	1.8878359142665857	0.1	0.118708675
934.0	0	8	0.22340999999999997	1.882223890367472	0.1	0.11869470000000001
934.5	0	8	0.22271749999999998	1.8766105448041372	0.1	0.11868072499999999
935.0	0	8	0.22202499999999997	1.8709958771096367	0.1	0.11866675
935.5	0	8	0.2213325	1.8653798868168066	0.1	0.11865277499999997
936.0	0	8	0.22063999999999998	1.8597625734582615	0.1	0.1186388
936.5	0	8	0.2199475	1.8541439365663976	0.1	0.11862482499999998
937.0	0	8	0.21925499999999998	1.848523975673389	0.1	0.11861084999999999
937.5	0	8	0.2185625	1.842902690311191	0.1	0.11859687499999999
938.0	0	8	0.21786999999999998	1.8372800800115363	0.1	0.11858289999999999
938.5	0	8	0.21717749999999997	1.8316561443059383	0.1	0.118568925
939.0	0	8	0.21648499999999998	1.8260308827256897	0.1	0.11855494999999999
939.5	0	8	0.2157925	1.8204042948018608	0.1	0.118540975
940.0	0	8	0.21509999999999999	1.8147763800653016	0.1	0.11852699999999998
940.5	0	8	0.21440749999999997	1.8091471380466406	0.1	0.118513025
941.0	0	8	0.213715	1.8035165682762857	0.1	0.11849905
941.5	0	8	0.21302249999999998	1.7978846702844218	0.1	0.11848507499999998
942.0	0	8	0.21233	1.7922514436010133	0.1	0.1184711
942.5	0	8	0.21163749999999998	1.7866168877558017	0.1	0.11845712500000001
943.0	0	8	0.210945	1.7809810022783081	0.1	0.11844315
943.5	0	8	0.21025249999999998	1.77534378669783	0.1	0.11842917499999998
944.0	0	8	0.20955999999999997	1.7697052405434435	0.1	0.1184152
944.5	0	8	0.20886749999999998	1.7640653633440024	0.1	0.118401225
945.0	0	8	0.208175	1.7584241546281378	0.1	0.11838725
945.5	0	8	0.2074825	1.7527816139242578	0.1	0.118373275
946.0	0	8	0.20678999999999997	1.7471377407605484	0.1	0.1183593
946.5	0	8	0.2060975	1.741492534664973	0.1	0.11834532499999999
947.0	0	8	0.205405	1.7358459951652712	0.1	0.11833134999999999
947.5	0	8	0.2047125	1.7301981217889597	0.1	0.11831737499999999
948.0	0	8	0.20401999999999998	1.724548914063332	0.1	0.1183034
948.5	0	8	0.2033275	1.7188983715154589	0.1	0.118289425
949.0	0	8	0.20263499999999998	1.7132464936721863	0.1	0.11827545
949.5	0	8	0.20194249999999997	1.7075932800601379	0.1	0.11826147499999999
950.0	0	8	0.20124999999999998	1.7019387302057125	0.1	0.1182475
950.5	0	8	0.20055749999999997	1.6962828436350856	0.1	0.11823352499999998
951.0	0	8	0.199865	1.6906256198742087	0.1	0.11821954999999999
951.5	0	8	0.19917249999999997	1.6849670584488083	0.1	0.11820557499999998
952.0	0	8	0.19848	1.6793071588843878	0.1	0.1181916
952.5	0	8	0.19778749999999998	1.6736459207062249	0.1	0.118177625
953.0	0	8	0.197095	1.667983343439374	0.1	0.11816365
953.5	0	8	0.19640249999999998	1.6623194266086638	0.1	0.118149675
954.0	0	8	0.19571	1.6566541697386987	0.1	0.11813570000000001
954.5	0	8	0.19501749999999998	1.6509875723538578	0.1	0.11812172499999998
955.0	0	8	0.194325	1.6453196339782952	0.1	0.11810775000000001
955.5	0	8	0.19363249999999999	1.6396503541359397	0.1	0.11809377499999998
956.0	0	8	0.19294	1.6339797323504952	0.1	0.1180798
956.5	0	8	0.1922475	1.6283077681454392	0.1	0.11806582499999999
957.0	0	8	0.19155499999999998	1.6226344610440242	0.1	0.11805184999999999
957.5	0	8	0.1908625	1.6169598105692768	0.1	0.118037875
958.0	0	8	0.19016999999999998	1.6112838162439977	0.1	0.1180239
958.5	0	8	0.1894775	1.605606477590762	0.1	0.118009925
959.0	0	8	0.18878499999999998	1.5999277941319172	0.1	0.11799594999999997
959.5	0	8	0.1880925	1.5942477653895861	0.1	0.11798197499999999
960.0	0	8	0.18739999999999998	1.588566390885664	0.1	0.11796799999999999
960.5	0	8	0.1867075	1.5828836701418203	0.1	0.11795402499999998
961.0	0	8	0.18601499999999999	1.577199602679497	0.1	0.11794004999999999
961.5	0	8	0.1853225	1.5715141880199102	0.1	0.11792607499999998
962.0	0	8	0.18463	1.5658274256840476	0.1	0.11791209999999999
962.5	0	8	0.18393749999999998	1.5601393151926715	0.1	0.11789812499999999
963.0	0	8	0.183245	1.554449856066316	0.1	0.11788415
963.5	0	8	0.1825525	1.5487590478252875	0.1	0.11787017500000001
964.0	0	8	0.18186	1.5430668899896653	0.1	0.1178562
964.5	0	8	0.18116749999999998	1.5373733820793012	0.1	0.11784222500000001
965.0	0	8	0.180475	1.5316785236138193	0.1	0.11782825000000001
965.5	0	8	0.17978249999999998	1.525982314112615	0.1	0.11781427499999998
966.0	0	8	0.17909	1.5202847530948562	0.1	0.1178003
966.5	0	8	0.1783975	1.514585840079483	0.1	0.117786325
967.0	0	8	0.177705	1.5088855745852061	0.1	0.11777235
967.5	0	8	0.1770125	1.5031839561305087	0.1	0.117758375
968.0	0	8	0.17632	1.4974809842336452	0.1	0.1177444
968.5	0	8	0.1756275	1.4917766584126404	0.1	0.117730425
969.0	0	8	0.174935	1.4860709781852919	0.1	0.11771645
969.5	0	8	0.1742425	1.4803639430691664	0.1	0.11770247500000001
970.0	0	8	0.17354999999999998	1.474655552581603	0.1	0.1176885
970.5	0	8	0.1728575	1.4689458062397107	0.1	0.117674525
971.0	0	8	0.17216499999999998	1.463234703560369	0.1	0.11766055
971.5	0	8	0.1714725	1.457522244060229	0.1	0.11764657499999999
972.0	0	8	0.17078	1.4518084272557097	0.1	0.11763259999999999
972.5	0	8	0.1700875	1.446093252663003	0.1	0.11761862499999999
973.0	0	8	0.169395	1.4403767197980692	0.1	0.11760464999999999
973.5	0	8	0.1687025	1.4346588281766393	0.1	0.11759067499999998
974.0	0	8	0.16801	1.4289395773142128	0.1	0.11757669999999998
974.5	0	8	0.1673175	1.4232189667260606	0.1	0.11756272499999999
975.0	0	8	0.166625	1.4174969959272217	0.1	0.11754875000000001
975.5	0	8	0.16593249999999998	1.4117736644325052	0.1	0.117534775
976.0	0	8	0.16524	1.406048971756489	0.1	0.11752080000000001
976.5	0	8	0.1645475	1.4003229174135206	0.1	0.117506825
977.0	0	8	0.163855	1.3945955009177156	0.1	0.11749285
977.5	0	8	0.1631625	1.388866721782959	0.1	0.117478875
978.0	0	8	0.16247	1.3831365795229043	0.1	0.11746490000000001
978.5	0	8	0.1617775	1.3774050736509738	0.1	0.117450925
979.0	0	8	0.161085	1.371672203680358	0.1	0.11743695
979.5	0	8	0.1603925	1.365937969124015	0.1	0.117422975
980.0	0	8	0.1597	1.3602023694946725	0.1	0.117409
980.5	0	8	0.1590075	1.3544654043048245	0.1	0.11739502500000001
981.0	0	8	0.15831499999999998	1.3487270730667342	0.1	0.11738105
981.5	0	8	0.1576225	1.342987375292432	0.1	0.11736707499999999
982.0	0	8	0.15693000000000001	1.3372463104937151	0.1	0.11735310000000002
982.5	0	8	0.1562375	1.3315038781821495	0.1	0.11733912499999999
983.0	0	8	0.155545	1.3257600778690672	0.1	0.11732515
983.5	0	8	0.1548525	1.3200149090655686	0.1	0.117311175
984.0	0	8	0.15416	1.31426837128252	0.1	0.11729719999999998
984.5	0	8	0.1534675	1.3085204640305552	0.1	0.11728322499999999
985.0	0	8	0.152775	1.3027711868200744	0.1	0.11726924999999998
985.5	0	8	0.1520825	1.2970205391612448	0.1	0.11725527499999999
986.0	0	8	0.15139	1.2912685205639993	0.1	0.11724129999999999
986.5	0	8	0.1506975	1.2855151305380381	0.1	0.117227325
987.0	0	8	0.150005	1.2797603685928267	0.1	0.11721335
987.5	0	8	0.14931250000000001	1.2740042342375975	0.1	0.117199375
988.0	0	8	0.14862	1.2682467269813475	0.1	0.11718540000000001
988.5	0	8	0.1479275	1.2624878463328408	0.1	0.117171425
989.0	0	8	0.147235	1.256727591800607	0.1	0.11715745
989.5	0	8	0.14654250000000002	1.25096596289294	0.1	0.11714347499999998
990.0	0	8	0.14585	1.2452029591178995	0.1	0.1171295
990.5	0	8	0.1451575	1.2394385799833114	0.1	0.11711552499999998
991.0	0	8	0.144465	1.2336728249967657	0.1	0.11710155
991.5	0	8	0.1437725	1.2279056936656174	0.1	0.11708757499999999
992.0	0	8	0.14308	1.2221371854969867	0.1	0.1170736
992.5	0	8	0.1423875	1.2163672999977575	0.1	0.117059625
993.0	0	8	0.14169500000000002	1.2105960366745796	0.1	0.11704565
993.5	0	8	0.1410025	1.2048233950338658	0.1	0.117031675
994.0	0	8	0.14031	1.1990493745817938	0.1	0.1170177
994.5	0	8	0.1396175	1.1932739748243057	0.1	0.11700372500000002
995.0	0	8	0.13892500000000002	1.187497195267107	0.1	0.11698974999999999
995.5	0	8	0.1382325	1.1817190354156664	0.1	0.11697577499999999
996.0	0	8	0.13754	1.1759394947752173	0.1	0.11696179999999998
996.5	0	8	0.1368475	1.1701585728507564	0.1	0.11694782499999999
997.0	0	8	0.13615500000000003	1.1643762691470436	0.1	0.11693385
997.5	0	8	0.1354625	1.1585925831686017	0.1	0.116919875
998.0	0	8	0.13477	1.1528075144197172	0.1	0.11690589999999998
998.5	0	8	0.13407750000000002	1.1470210624044392	0.1	0.11689192499999998
999.0	0	8	0.133385	1.1412332266265794	0.1	0.11687795
999.5	0	8	0.1326925	1.1354440065897125	0.1	0.116863975
1000.0	0	8	0.132	1.129653401797176	0.1	0.11685
1000.5	0	8	0.1317925	1.1289602053145529	0.1	0.11673795000000001
1001.0	0	8	0.131585	1.1282656768350772	0.1	0.11662589999999999
1001.5	0	8	0.1313775	1.127569812515851	0.1	0.11651385000000002
1002.0	0	8	0.13117	1.1268726084991814	0.1	0.1164018
1002.5	0	8	0.1309625	1.1261740609125053	0.1	0.11628975
1003.0	0	8	0.130755	1.1254741658683207	0.1	0.11617770000000001
1003.5	0	8	0.1305475	1.1247729194641138	0.1	0.11606564999999998
1004.0	0	8	0.13034	1.1240703177822855	0.1	0.11595359999999999
1004.5	0	8	0.1301325	1.1233663568900796	0.1	0.11584155000000002
1005.0	0	8	0.129925	1.1226610328395095	0.1	0.1157295
1005.5	0	8	0.1297175	1.121954341667283	0.1	0.11561745
1006.0	0	8	0.12951000000000001	1.1212462793947298	0.1	0.1155054
1006.5	0	8	0.12930250000000001	1.1205368420277253	0.1	0.11539334999999999
1007.0	0	8	0.12909500000000002	1.119826025556617	0.1	0.11528129999999998
1007.5	0	8	0.12888750000000002	1.1191138259561473	0.1	0.11516925
1008.0	0	8	0.12868000000000002	1.1184002391853793	0.1	0.1150572
1008.5	0	8	0.12847250000000002	1.117685261187619	0.1	0.11494514999999998
1009.0	0	8	0.12826500000000002	1.1169688878903385	0.1	0.1148331
1009.5	0	8	0.12805750000000002	1.1162511152051	0.1	0.11472104999999999
1010.0	0	8	0.12785000000000002	1.1155319390274763	0.1	0.11460899999999999
1010.5	0	8	0.1276425	1.1148113552369734	0.1	0.11449695000000001
1011.0	0	8	0.127435	1.114089359696953	0.1	0.1143849
1011.5	0	8	0.1272275	1.1133659482545504	0.1	0.11427285
1012.0	0	8	0.12702	1.1126411167405974	0.1	0.1141608
1012.5	0	8	0.1268125	1.1119148609695415	0.1	0.11404874999999999
1013.0	0	8	0.126605	1.1111871767393648	0.1	0.1139367
1013.5	0	8	0.1263975	1.110458059831504	0.1	0.11382465000000001
1014.0	0	8	0.12619	1.1097275060107674	0.1	0.11371260000000001
1014.5	0	8	0.1259825	1.1089955110252547	0.1	0.11360055
1015.0	0	8	0.125775	1.108262070606273	0.1	0.11348849999999999
1015.5	0	8	0.1255675	1.1075271804682543	0.1	0.11337644999999999
1016.0	0	8	0.12536	1.1067908363086725	0.1	0.11326439999999999
1016.5	0	8	0.1251525	1.1060530338079588	0.1	0.11315235000000001
1017.0	0	8	0.124945	1.105313768629418	0.1	0.11304029999999998
1017.5	0	8	0.1247375	1.1045730364191424	0.1	0.11292824999999998
1018.0	0	8	0.12453	1.103830832805927	0.1	0.11281619999999998
1018.5	0	8	0.1243225	1.1030871534011837	0.1	0.11270414999999999
1019.0	0	8	0.124115	1.1023419937988546	0.1	0.11259209999999999
1019.5	0	8	0.1239075	1.1015953495753248	0.1	0.11248005
1020.0	0	8	0.1237	1.100847216289335	0.1	0.112368
1020.5	0	8	0.1234925	1.1000975894818938	0.1	0.11225595000000001
1021.0	0	8	0.123285	1.0993464646761886	0.1	0.11214389999999999
1021.5	0	8	0.1230775	1.098593837377496	0.1	0.11203184999999999
1022.0	0	8	0.12287000000000001	1.0978397030730935	0.1	0.1119198
1022.5	0	8	0.12266250000000001	1.0970840572321687	0.1	0.11180775
1023.0	0	8	0.12245500000000001	1.0963268953057281	0.1	0.11169569999999998
1023.5	0	8	0.12224750000000001	1.0955682127265063	0.1	0.11158364999999998
1024.0	0	8	0.12204000000000001	1.0948080049088738	0.1	0.1114716
1024.5	0	8	0.12183250000000001	1.0940462672487452	0.1	0.11135955
1025.0	0	8	0.12162500000000001	1.093282995123486	0.1	0.11124750000000001
1025.5	0	8	0.1214175	1.0925181838918185	0.1	0.11113544999999998
1026.0	0	8	0.12121	1.0917518288937287	0.1	0.11102340000000001
1026.5	0	8	0.1210025	1.090983925450371	0.1	0.11091134999999999
1027.0	0	8	0.120795	1.090214468863973	0.1	0.1107993
1027.5	0	8	0.1205875	1.08944345441774	0.1	0.11068725
1028.0	0	8	0.12038	1.0886708773757587	0.1	0.1105752
1028.5	0	8	0.1201725	1.0878967329828997	0.1	0.11046315000000001
1029.0	0	8	0.119965	1.0871210164647205	0.1	0.11035109999999998
1029.5	0	8	0.1197575	1.0863437230273665	0.1	0.11023904999999999
1030.0	0	8	0.11955	1.0855648478574738	0.1	0.11012699999999999
1030.5	0	8	0.1193425	1.084784386122068	0.1	0.11001494999999999
1031.0	0	8	0.119135	1.0840023329684658	0.1	0.1099029
1031.5	0	8	0.1189275	1.0832186835241735	0.1	0.10979085
1032.0	0	8	0.11872	1.082433432896786	0.1	0.10967879999999999
1032.5	0	8	0.1185125	1.081646576173885	0.1	0.10956674999999999
1033.0	0	8	0.11830500000000001	1.0808581084229367	0.1	0.10945469999999999
1033.5	0	8	0.11809750000000001	1.0800680246911887	0.1	0.10934265
1034.0	0	8	0.11789	1.0792763200055662	0.1	0.1092306
1034.5	0	8	0.1176825	1.0784829893725678	0.1	0.10911854999999998
1035.0	0	8	0.117475	1.07768802777816	0.1	0.1090065
1035.5	0	8	0.1172675	1.0768914301876726	0.1	0.10889444999999999
1036.0	0	8	0.11706	1.0760931915456913	0.1	0.10878239999999999
1036.5	0	8	0.1168525	1.0752933067759514	0.1	0.10867034999999999
1037.0	0	8	0.116645	1.07449177078123	0.1	0.1085583
1037.5	0	8	0.1164375	1.0736885784432382	0.1	0.10844624999999998
1038.0	0	8	0.11623	1.0728837246225107	0.1	0.1083342
1038.5	0	8	0.1160225	1.0720772041582987	0.1	0.10822214999999998
1039.0	0	8	0.115815	1.0712690118684562	0.1	0.10811010000000001
1039.5	0	8	0.1156075	1.070459142549333	0.1	0.10799805
1040.0	0	8	0.1154	1.0696475909756595	0.1	0.107886
1040.5	0	8	0.1151925	1.0688343519004362	0.1	0.10777394999999998
1041.0	0	8	0.114985	1.0680194200548199	0.1	0.1076619
1041.5	0	8	0.1147775	1.0672027901480106	0.1	0.10754984999999999
1042.0	0	8	0.11457	1.0663844568671361	0.1	0.10743780000000001
1042.5	0	8	0.1143625	1.0655644148771382	0.1	0.10732574999999998
1043.0	0	8	0.114155	1.0647426588206546	0.1	0.1072137
1043.5	0	8	0.11394750000000001	1.0639191833179042	0.1	0.10710164999999998
1044.0	0	8	0.11374000000000001	1.0630939829665689	0.1	0.10698959999999999
1044.5	0	8	0.11353250000000001	1.0622670523416753	0.1	0.10687754999999999
1045.0	0	8	0.11332500000000001	1.0614383859954761	0.1	0.1067655
1045.5	0	8	0.11311750000000001	1.0606079784573308	0.1	0.10665345000000001
1046.0	0	8	0.11291	1.0597758242335844	0.1	0.1065414
1046.5	0	8	0.1127025	1.058941917807447	0.1	0.10642934999999998
1047.0	0	8	0.112495	1.0581062536388717	0.1	0.10631729999999999
1047.5	0	8	0.1122875	1.0572688261644316	0.1	0.10620525
1048.0	0	8	0.11208	1.0564296297971971	0.1	0.1060932
1048.5	0	8	0.1118725	1.055588658926611	0.1	0.10598115
1049.0	0	8	0.111665	1.0547459079183634	0.1	0.1058691
1049.5	0	8	0.1114575	1.0539013711142662	0.1	0.10575704999999999
1050.0	0	8	0.11125	1.0530550428321266	0.1	0.10564499999999999
1050.5	0	8	0.1110425	1.052206917365619	0.1	0.10553295
1051.0	0	8	0.110835	1.0513569889841579	0.1	0.1054209
1051.5	0	8	0.1106275	1.0505052519327673	0.1	0.10530885
1052.0	0	8	0.11042	1.0496517004319523	0.1	0.10519680000000001
1052.5	0	8	0.1102125	1.0487963286775674	0.1	0.10508474999999999
1053.0	0	8	0.110005	1.0479391308406854	0.1	0.10497269999999999
1053.5	0	8	0.1097975	1.0470801010674644	0.1	0.10486065
1054.0	0	8	0.10959	1.0462192334790155	0.1	0.1047486
1054.5	0	8	0.10938250000000001	1.0453565221712682	0.1	0.10463655
1055.0	0	8	0.109175	1.044491961214835	0.1	0.10452449999999998
1055.5	0	8	0.1089675	1.043625544654876	0.1	0.10441244999999999
1056.0	0	8	0.10876	1.0427572665109626	0.1	0.1043004
1056.5	0	8	0.1085525	1.0418871207769391	0.1	0.10418834999999999
1057.0	0	8	0.108345	1.0410151014207845	0.1	0.10407630000000001
1057.5	0	8	0.1081375	1.0401412023844736	0.1	0.10396424999999998
1058.0	0	8	0.10793	1.0392654175838356	0.1	0.10385219999999998
1058.5	0	8	0.1077225	1.038387740908414	0.1	0.10374015
1059.0	0	8	0.107515	1.0375081662213241	0.1	0.1036281
1059.5	0	8	0.1073075	1.0366266873591101	0.1	0.10351604999999998
1060.0	0	8	0.1071	1.0357432981316004	0.1	0.103404
1060.5	0	8	0.1068925	1.0348579923217638	0.1	0.10329195
1061.0	0	8	0.106685	1.0339707636855628	0.1	0.10317989999999999
1061.5	0	8	0.1064775	1.0330816059518075	0.1	0.10306785
1062.0	0	8	0.10627	1.0321905128220072	0.1	0.10295579999999999
1062.5	0	8	0.1060625	1.031297477970222	0.1	0.10284375
1063.0	0	8	0.105855	1.030402495042913	0.1	0.10273169999999998
1063.5	0	8	0.1056475	1.0295055576587917	0.1	0.10261964999999998
1064.0	0	8	0.10544	1.0286066594086685	0.1	0.10250759999999999
1064.5	0	8	0.1052325	1.0277057938552994	0.1	0.10239555
1065.0	0	8	0.10502500000000001	1.0268029545332338	0.1	0.10228349999999999
1065.5	0	8	0.1048175	1.0258981349486573	0.1	0.10217145
1066.0	0	8	0.10461	1.0249913285792391	0.1	0.1020594
1066.5	0	8	0.1044025	1.0240825288739728	0.1	0.10194734999999998
1067.0	0	8	0.104195	1.0231717292530194	0.1	0.10183529999999999
1067.5	0	8	0.1039875	1.0222589231075492	0.1	0.10172324999999999
1068.0	0	8	0.10378	1.0213441037995812	0.1	0.1016112
1068.5	0	8	0.1035725	1.0204272646618222	0.1	0.10149915
1069.0	0	8	0.103365	1.0195083989975056	0.1	0.10138710000000001
1069.5	0	8	0.1031575	1.0185875000802271	0.1	0.10127504999999999
1070.0	0	8	0.10295	1.0176645611537816	0.1	0.10116299999999999
1070.5	0	8	0.1027425	1.0167395754319974	0.1	0.10105095
1071.0	0	8	0.102535	1.0158125360985706	0.1	0.1009389
1071.5	0	8	0.1023275	1.0148834363068966	0.1	0.10082685
1072.0	0	8	0.10212	1.013952269179902	0.1	0.1007148
1072.5	0	8	0.1019125	1.013019027809876	0.1	0.10060274999999999
1073.0	0	8	0.101705	1.0120837052582976	0.1	0.1004907
1073.5	0	8	0.1014975	1.011146294555665	0.1	0.10037865
1074.0	0	8	0.10128999999999999	1.0102067887013222	0.1	0.1002666
1074.5	0	8	0.10108249999999999	1.0092651806632849	0.1	0.10015455
1075.0	0	8	0.10087499999999999	1.0083214633780644	0.1	0.10004249999999999
1075.5	0	8	0.1006675	1.0073756297504914	0.1	0.09993045
1076.0	0	8	0.10046	1.0064276726535388	0.1	0.09981839999999999
1076.5	0	8	0.1002525	1.0054775849281414	0.1	0.09970635
1077.0	0	8	0.100045	1.0045253593830168	0.1	0.0995943
1077.5	0	8	0.0998375	1.0035709887944835	0.1	0.09948225
1078.0	0	8	0.09963	1.0026144659062777	0.1	0.09937019999999999
1078.5	0	8	0.0994225	1.001655783429371	0.1	0.09925814999999999
1079.0	0	8	0.099215	1.0006949340417828	0.1	0.0991461
1079.5	1	8	0.0990075	0.9997319103883967	0.1	0.09903405000000001
1080.0	1	8	0.0988	0.9987667050807707	0.1	0.098922
1080.5	1	8	0.0985925	0.997799310696949	0.1	0.09880995
1081.0	1	8	0.098385	0.996829719781272	0.1	0.09869789999999999
1081.5	1	8	0.0981775	0.995857924844184	0.1	0.09858585000000002
1082.0	1	8	0.09797	0.9948839183620415	0.1	0.0984738
1082.5	1	8	0.0977625	0.9939076927769179	0.1	0.09836175
1083.0	1	8	0.097555	0.9929292404964087	0.1	0.0982497
1083.5	1	8	0.0973475	0.9919485538934345	0.1	0.09813764999999999
1084.0	1	8	0.09714	0.9909656253060426	0.1	0.09802559999999999
1084.5	1	8	0.0969325	0.989980447037208	0.1	0.09791354999999997
1085.0	1	8	0.096725	0.9889930113546317	0.1	0.09780149999999999
1085.5	1	8	0.09651749999999999	0.9880033104905391	0.1	0.09768944999999998
1086.0	1	8	0.09630999999999999	0.9870113366414763	0.1	0.0975774
1086.5	1	8	0.0961025	0.9860170819681046	0.1	0.09746534999999999
1087.0	1	8	0.095895	0.9850205385949936	0.1	0.0973533
1087.5	1	8	0.0956875	0.9840216986104148	0.1	0.09724125
1088.0	1	8	0.09548	0.9830205540661304	0.1	0.0971292
1088.5	1	8	0.0952725	0.982017096977184	0.1	0.09701715
1089.0	1	8	0.095065	0.981011319321687	0.1	0.0969051
1089.5	1	8	0.0948575	0.9800032130406058	0.1	0.09679305
1090.0	1	8	0.09465	0.9789927700375463	0.1	0.09668099999999998
1090.5	1	8	0.0944425	0.9779799821785367	0.1	0.09656895
1091.0	1	8	0.094235	0.9769648412918102	0.1	0.0964569
1091.5	1	8	0.0940275	0.975947339167584	0.1	0.09634485
1092.0	1	8	0.09382	0.974927467557839	0.1	0.09623280000000001
1092.5	1	8	0.0936125	0.9739052181760963	0.1	0.09612074999999998
1093.0	1	8	0.093405	0.972880582697193	0.1	0.09600870000000002
1093.5	1	8	0.09319749999999999	0.9718535527570565	0.1	0.09589665
1094.0	1	8	0.09298999999999999	0.9708241199524766	0.1	0.0957846
1094.5	1	8	0.09278249999999999	0.9697922758408759	0.1	0.09567255
1095.0	1	8	0.09257499999999999	0.9687580119400798	0.1	0.09556049999999999
1095.5	1	8	0.09236749999999999	0.9677213197280836	0.1	0.09544844999999999
1096.0	1	8	0.09215999999999999	0.9666821906428186	0.1	0.09533639999999999
1096.5	1	8	0.09195249999999999	0.965640616081916	0.1	0.09522435
1097.0	1	8	0.091745	0.9645965874024706	0.1	0.09511229999999998
1097.5	1	8	0.0915375	0.9635500959208002	0.1	0.09500025
1098.0	1	8	0.09133	0.9625011329122062	0.1	0.09488819999999999
1098.5	1	8	0.0911225	0.9614496896107301	0.1	0.09477615
1099.0	1	8	0.090915	0.9603957572089102	0.1	0.0946641
1099.5	1	8	0.0907075	0.9593393268575351	0.1	0.09455204999999998
1100.0	1	8	0.0905	0.9582803896653961	0.1	0.09443999999999998
1100.5	1	8	0.0902925	0.9572189366990378	0.1	0.09432795000000001
1101.0	1	8	0.090085	0.9561549589825072	0.1	0.09421589999999999
1101.5	1	8	0.0898775	0.9550884474971004	0.1	0.09410384999999999
1102.0	1	8	0.08967	0.9540193931811073	0.1	0.0939918
1102.5	1	8	0.0894625	0.9529477869295562	0.1	0.09387975
1103.0	1	8	0.089255	0.951873619593954	0.1	0.0937677
1103.5	1	8	0.0890475	0.9507968819820268	0.1	0.09365565
1104.0	1	8	0.08884	0.949717564857457	0.1	0.09354359999999999
1104.5	1	8	0.0886325	0.9486356589396194	0.1	0.09343155
1105.0	1	8	0.088425	0.9475511549033161	0.1	0.09331949999999999
1105.5	1	8	0.0882175	0.9464640433785069	0.1	0.09320744999999998
1106.0	1	8	0.08801	0.9453743149500407	0.1	0.09309539999999998
1106.5	1	8	0.0878025	0.9442819601573832	0.1	0.09298334999999999
1107.0	1	8	0.08759499999999999	0.9431869694943432	0.1	0.09287129999999999
1107.5	1	8	0.08738749999999999	0.9420893334087975	0.1	0.09275925
1108.0	1	8	0.08718	0.9409890423024116	0.1	0.0926472
1108.5	1	8	0.0869725	0.9398860865303617	0.1	0.09253515
1109.0	1	8	0.086765	0.9387804564010512	0.1	0.09242310000000001
1109.5	1	8	0.0865575	0.9376721421758284	0.1	0.09231104999999998
1110.0	1	8	0.08635	0.9365611340686991	0.1	0.092199
1110.5	1	8	0.0861425	0.9354474222460403	0.1	0.09208695
1111.0	1	8	0.085935	0.934330996826308	0.1	0.0919749
1111.5	1	8	0.0857275	0.9332118478797469	0.1	0.09186285
1112.0	1	8	0.08552	0.9320899654280944	0.1	0.0917508
1112.5	1	8	0.0853125	0.9309653394442854	0.1	0.09163874999999999
1113.0	1	8	0.085105	0.9298379598521526	0.1	0.09152669999999997
1113.5	1	8	0.0848975	0.9287078165261258	0.1	0.09141465
1114.0	1	8	0.08469	0.9275748992909293	0.1	0.0913026
1114.5	1	8	0.0844825	0.9264391979212759	0.1	0.09119055
1115.0	1	8	0.084275	0.9253007021415594	0.1	0.09107849999999998
1115.5	1	8	0.0840675	0.9241594016255443	0.1	0.09096645
1116.0	1	8	0.08386	0.9230152859960552	0.1	0.09085440000000002
1116.5	1	8	0.0836525	0.9218683448246602	0.1	0.09074235
1117.0	1	8	0.083445	0.9207185676313552	0.1	0.0906303
1117.5	1	8	0.0832375	0.9195659438842445	0.1	0.09051825
1118.0	1	8	0.08303	0.9184104629992192	0.1	0.09040619999999999
1118.5	1	8	0.08282250000000001	0.9172521143396335	0.1	0.09029414999999999
1119.0	1	8	0.082615	0.9160908872159775	0.1	0.09018209999999997
1119.5	1	8	0.0824075	0.9149267708855496	0.1	0.09007004999999998
1120.0	1	8	0.0822	0.9137597545521243	0.1	0.089958
1120.5	1	8	0.0819925	0.9125898273656187	0.1	0.08984595
1121.0	1	8	0.081785	0.911416978421756	0.1	0.08973389999999999
1121.5	1	8	0.0815775	0.9102411967617271	0.1	0.08962185
1122.0	1	8	0.08137	0.9090624713718498	0.1	0.0895098
1122.5	1	8	0.0811625	0.9078807911832233	0.1	0.08939775
1123.0	1	8	0.080955	0.9066961450713833	0.1	0.08928569999999998
1123.5	1	8	0.0807475	0.9055085218559519	0.1	0.08917365
1124.0	1	8	0.08054	0.9043179103002866	0.1	0.08906159999999999
1124.5	1	8	0.0803325	0.9031242991111255	0.1	0.08894954999999999
1125.0	1	8	0.080125	0.90192767693823	0.1	0.0888375
1125.5	1	8	0.0799175	0.9007280323740258	0.1	0.08872545
1126.0	1	8	0.07971	0.8995253539532396	0.1	0.08861340000000001
1126.5	1	8	0.0795025	0.8983196301525345	0.1	0.08850135
1127.0	1	8	0.079295	0.8971108493901411	0.1	0.08838930000000002
1127.5	1	8	0.0790875	0.895899000025488	0.1	0.08827725
1128.0	1	8	0.07888	0.8946840703588265	0.1	0.0881652
1128.5	1	8	0.0786725	0.8934660486308554	0.1	0.08805315000000001
1129.0	1	8	0.07846500000000001	0.8922449230223413	0.1	0.0879411
1129.5	1	8	0.07825750000000001	0.8910206816537355	0.1	0.08782904999999999
1130.0	1	8	0.07805000000000001	0.8897933125847899	0.1	0.08771699999999999
1130.5	1	8	0.07784250000000001	0.8885628038141683	0.1	0.08760494999999999
1131.0	1	8	0.07763500000000001	0.8873291432790548	0.1	0.0874929
1131.5	1	8	0.07742750000000001	0.8860923188547607	0.1	0.08738085
1132.0	1	8	0.07722000000000001	0.8848523183543261	0.1	0.0872688
1132.5	1	8	0.07701250000000001	0.8836091295281205	0.1	0.08715674999999998
1133.0	1	8	0.076805	0.8823627400634386	0.1	0.0870447
1133.5	1	8	0.0765975	0.8811131375840953	0.1	0.08693265
1134.0	1	8	0.07639	0.8798603096500139	0.1	0.0868206
1134.5	1	8	0.0761825	0.8786042437568152	0.1	0.08670855
1135.0	1	8	0.075975	0.8773449273354005	0.1	0.08659649999999999
1135.5	1	8	0.0757675	0.8760823477515324	0.1	0.08648444999999999
1136.0	1	8	0.07556	0.8748164923054125	0.1	0.0863724
1136.5	1	8	0.0753525	0.8735473482312558	0.1	0.08626035
1137.0	1	8	0.075145	0.8722749026968611	0.1	0.0861483
1137.5	1	8	0.0749375	0.870999142803179	0.1	0.08603625
1138.0	1	8	0.07473	0.8697200555838752	0.1	0.0859242
1138.5	1	8	0.0745225	0.8684376280048921	0.1	0.08581215
1139.0	1	8	0.074315	0.8671518469640059	0.1	0.0857001
1139.5	1	8	0.0741075	0.86586269929038	0.1	0.08558805
1140.0	1	8	0.07390000000000001	0.8645701717441154	0.1	0.085476
1140.5	1	8	0.07369250000000001	0.8632742510157978	0.1	0.08536395
1141.0	1	8	0.07348500000000001	0.8619749237260403	0.1	0.08525189999999999
1141.5	1	8	0.07327750000000001	0.8606721764250232	0.1	0.08513984999999999
1142.0	1	8	0.07307000000000001	0.8593659955920302	0.1	0.08502779999999997
1142.5	1	8	0.07286250000000001	0.8580563676349795	0.1	0.08491575
1143.0	1	8	0.07265500000000001	0.8567432788899543	0.1	0.0848037
1143.5	1	8	0.0724475	0.8554267156207254	0.1	0.08469165
1144.0	1	8	0.07224	0.8541066640182738	0.1	0.0845796
1144.5	1	8	0.0720325	0.8527831102003076	0.1	0.08446755
1145.0	1	8	0.071825	0.8514560402107746	0.1	0.08435550000000001
1145.5	1	8	0.0716175	0.8501254400193725	0.1	0.08424344999999998
1146.0	1	8	0.07141	0.848791295521054	0.1	0.0841314
1146.5	1	8	0.0712025	0.8474535925355291	0.1	0.08401934999999999
1147.0	1	8	0.070995	0.8461123168067619	0.1	0.08390729999999999
1147.5	1	8	0.0707875	0.8447674540024644	0.1	0.08379525
1148.0	1	8	0.07058	0.8434189897135866	0.1	0.08368319999999999
1148.5	1	8	0.0703725	0.8420669094538008	0.1	0.08357115
1149.0	1	8	0.070165	0.840711198658984	0.1	0.0834591
1149.5	1	8	0.0699575	0.8393518426866938	0.1	0.08334704999999999
1150.0	1	8	0.06975	0.8379888268156425	0.1	0.083235
1150.5	1	8	0.06954250000000001	0.8366221362451646	0.1	0.08312295
1151.0	1	8	0.06933500000000001	0.8352517560946816	0.1	0.0830109
1151.5	1	8	0.06912750000000001	0.8338776714031619	0.1	0.08289885000000001
1152.0	1	8	0.06892000000000001	0.8324998671285763	0.1	0.08278679999999998
1152.5	1	8	0.06871250000000001	0.8311183281473487	0.1	0.08267475
1153.0	1	8	0.06850500000000001	0.8297330392538037	0.1	0.08256269999999999
1153.5	1	8	0.06829750000000001	0.8283439851596078	0.1	0.08245065
1154.0	1	8	0.06809000000000001	0.8269511504932074	0.1	0.0823386
1154.5	1	8	0.06788250000000001	0.8255545197992621	0.1	0.08222655
1155.0	1	8	0.06767500000000001	0.824154077538072	0.1	0.08211449999999999
1155.5	1	8	0.0674675	0.8227498080850023	0.1	0.08200245
1156.0	1	8	0.06726	0.8213416957299023	0.1	0.0818904
1156.5	1	8	0.0670525	0.8199297246765189	0.1	0.08177835
1157.0	1	8	0.066845	0.818513879041906	0.1	0.08166629999999998
1157.5	1	8	0.0666375	0.8170941428558292	0.1	0.08155425
1158.0	1	8	0.06643	0.8156705000601655	0.1	0.08144219999999999
1158.5	1	8	0.0662225	0.8142429345082975	0.1	0.08133014999999999
1159.0	1	8	0.066015	0.8128114299645032	0.1	0.08121809999999999
1159.5	1	8	0.0658075	0.8113759701033401	0.1	0.08110605
1160.0	1	8	0.0656	0.8099365385090255	0.1	0.08099399999999998
1160.5	1	8	0.0653925	0.8084931186748096	0.1	0.08088195
1161.0	1	8	0.065185	0.8070456940023449	0.1	0.0807699
1161.5	1	8	0.06497750000000001	0.805594247801051	0.1	0.08065785
1162.0	1	8	0.06477000000000001	0.8041387632874714	0.1	0.0805458
1162.5	1	8	0.06456250000000001	0.8026792235846272	0.1	0.08043375000000001
1163.0	1	8	0.06435500000000001	0.8012156117213656	0.1	0.0803217
1163.5	1	8	0.06414750000000001	0.799747910631701	0.1	0.08020964999999998
1164.0	1	8	0.06394000000000001	0.7982761031541522	0.1	0.08009759999999999
1164.5	1	8	0.0637325	0.7968001720310732	0.1	0.07998554999999999
1165.0	1	8	0.063525	0.7953200999079796	0.1	0.07987349999999999
1165.5	1	8	0.0633175	0.793835869332867	0.1	0.07976145
1166.0	1	8	0.06311	0.7923474627555261	0.1	0.0796494
1166.5	1	8	0.0629025	0.7908548625268507	0.1	0.07953734999999999
1167.0	1	8	0.062695	0.7893580508981395	0.1	0.0794253
1167.5	1	8	0.0624875	0.7878570100203938	0.1	0.07931325
1168.0	1	8	0.06228	0.7863517219436069	0.1	0.0792012
1168.5	1	8	0.0620725	0.7848421686160492	0.1	0.07908915
1169.0	1	8	0.061865	0.7833283318835461	0.1	0.0789771
1169.5	1	8	0.061657500000000004	0.7818101934887508	0.1	0.07886504999999999
1170.0	1	8	0.061450000000000005	0.7802877350704102	0.1	0.07875299999999999
1170.5	1	8	0.061242500000000005	0.7787609381626242	0.1	0.07864094999999999
1171.0	1	8	0.061035000000000006	0.7772297841940994	0.1	0.07852889999999998
1171.5	1	8	0.06082750000000001	0.7756942544873966	0.1	0.07841685
1172.0	1	8	0.06062000000000001	0.7741543302581708	0.1	0.0783048
1172.5	1	8	0.06041250000000001	0.7726099926144049	0.1	0.07819275
1173.0	1	8	0.060205	0.7710612225556379	0.1	0.0780807
1173.5	1	8	0.0599975	0.7695080009721856	0.1	0.07796865
1174.0	1	8	0.05979	0.7679503086443539	0.1	0.0778566
1174.5	1	8	0.059582500000000004	0.7663881262416466	0.1	0.07774454999999998
1175.0	1	8	0.059375000000000004	0.7648214343219658	0.1	0.0776325
1175.5	1	8	0.059167500000000005	0.7632502133308051	0.1	0.07752044999999999
1176.0	1	8	0.058960000000000005	0.7616744436004363	0.1	0.07740839999999999
1176.5	1	8	0.0587525	0.7600941053490884	0.1	0.07729634999999999
1177.0	1	8	0.058545	0.7585091786801202	0.1	0.0771843
1177.5	1	8	0.0583375	0.7569196435811852	0.1	0.07707225
1178.0	1	8	0.05813	0.755325479923389	0.1	0.07696019999999999
1178.5	1	8	0.0579225	0.7537266674604398	0.1	0.07684815
1179.0	1	8	0.057715	0.7521231858277916	0.1	0.07673610000000002
1179.5	1	8	0.0575075	0.750515014541779	0.1	0.07662405
1180.0	1	8	0.057300000000000004	0.7489021329987454	0.1	0.076512
1180.5	1	8	0.057092500000000004	0.7472845204741627	0.1	0.07639995
1181.0	1	8	0.056885000000000005	0.7456621561217442	0.1	0.07628789999999999
1181.5	1	8	0.056677500000000006	0.7440350189725485	0.1	0.07617584999999999
1182.0	1	8	0.056470000000000006	0.7424030879340766	0.1	0.07606379999999999
1182.5	1	8	0.05626250000000001	0.7407663417893599	0.1	0.07595174999999998
1183.0	1	8	0.056055	0.7391247591960411	0.1	0.0758397
1183.5	1	8	0.0558475	0.7374783186854472	0.1	0.07572765
1184.0	1	8	0.05564	0.7358269986616518	0.1	0.0756156
1184.5	1	8	0.0554325	0.7341707774005328	0.1	0.07550355
1185.0	1	8	0.055225	0.7325096330488186	0.1	0.0753915
1185.5	1	8	0.055017500000000004	0.730843543623127	0.1	0.07527945
1186.0	1	8	0.054810000000000005	0.7291724870089961	0.1	0.0751674
1186.5	1	8	0.0546025	0.727496440959905	0.1	0.07505534999999999
1187.0	1	8	0.054395	0.7258153830962876	0.1	0.07494329999999999
1187.5	1	8	0.0541875	0.7241292909045353	0.1	0.07483125
1188.0	1	8	0.05398	0.7224381417359931	0.1	0.07471919999999999
1188.5	1	8	0.0537725	0.7207419128059442	0.1	0.07460715
1189.0	1	8	0.053565	0.7190405811925886	0.1	0.0744951
1189.5	1	8	0.0533575	0.7173341238360083	0.1	0.07438305000000002
1190.0	1	8	0.05315	0.7156225175371276	0.1	0.074271
1190.5	1	8	0.0529425	0.71390573895666	0.1	0.07415895000000002
1191.0	1	8	0.052735000000000004	0.7121837646140488	0.1	0.0740469
1191.5	1	8	0.052527500000000005	0.7104565708863954	0.1	0.07393485
1192.0	1	8	0.052320000000000005	0.70872413400738	0.1	0.07382279999999998
1192.5	1	8	0.052112500000000006	0.706986430066171	0.1	0.07371074999999999
1193.0	1	8	0.05190500000000001	0.705243435006325	0.1	0.07359869999999999
1193.5	1	8	0.0516975	0.7034951246246769	0.1	0.07348664999999999
1194.0	1	8	0.05149	0.7017414745702192	0.1	0.0733746
1194.5	1	8	0.0512825	0.6999824603429721	0.1	0.07326255
1195.0	1	8	0.051075	0.6982180572928416	0.1	0.0731505
1195.5	1	8	0.0508675	0.6964482406184688	0.1	0.07303845
1196.0	1	8	0.05066	0.6946729853660676	0.1	0.07292640000000002
1196.5	1	8	0.0504525	0.6928922664282521	0.1	0.07281435
1197.0	1	8	0.050245	0.6911060585428521	0.1	0.0727023
1197.5	1	8	0.0500375	0.6893143362917197	0.1	0.07259025
1198.0	1	8	0.04983	0.6875170740995225	0.1	0.07247819999999999
1198.5	1	8	0.0496225	0.6857142462325273	0.1	0.07236614999999999
1199.0	1	8	0.049415	0.6839058267973722	0.1	0.07225409999999999
1199.5	1	8	0.0492075	0.682091789739826	0.1	0.07214204999999999
1200.0	1	8	0.049	0.6802721088435375	0.1	0.07203
1200.5	1	8	0.04892825	0.6797192810388283	0.1	0.071983025
1201.0	1	8	0.048856500000000004	0.679165731229335	0.1	0.07193605
1201.5	1	8	0.04878475	0.678611457999703	0.1	0.071889075
1202.0	1	8	0.048713	0.6780564599308763	0.1	0.07184209999999999
1202.5	1	8	0.048641250000000004	0.6775007356000843	0.1	0.07179512500000002
1203.0	1	8	0.0485695	0.676944283580831	0.1	0.07174815
1203.5	1	8	0.04849775	0.6763871024428819	0.1	0.07170117499999999
1204.0	1	8	0.048426000000000004	0.6758291907522518	0.1	0.07165420000000002
1204.5	1	8	0.04835425	0.6752705470711929	0.1	0.071607225
1205.0	1	8	0.0482825	0.6747111699581821	0.1	0.07156024999999999
1205.5	1	8	0.048210750000000004	0.6741510579679088	0.1	0.071513275
1206.0	1	8	0.048139	0.6735902096512623	0.1	0.0714663
1206.5	1	8	0.04806725	0.6730286235553193	0.1	0.07141932499999998
1207.0	1	8	0.0479955	0.6724662982233316	0.1	0.07137235
1207.5	1	8	0.04792375	0.6719032321947134	0.1	0.071325375
1208.0	1	8	0.047852	0.6713394240050282	0.1	0.07127839999999999
1208.5	1	8	0.04778025	0.670774872185977	0.1	0.071231425
1209.0	1	8	0.0477085	0.6702095752653846	0.1	0.07118444999999998
1209.5	1	8	0.04763675	0.6696435317671875	0.1	0.07113747499999999
1210.0	1	8	0.047565	0.6690767402114207	0.1	0.07109049999999999
1210.5	1	8	0.04749325	0.668509199114205	0.1	0.071043525
1211.0	1	8	0.0474215	0.667940906987734	0.1	0.07099654999999999
1211.5	1	8	0.04734975	0.6673718623402607	0.1	0.070949575
1212.0	1	8	0.047278	0.6668020636760853	0.1	0.0709026
1212.5	1	8	0.047206250000000005	0.6662315094955412	0.1	0.07085562499999999
1213.0	1	8	0.0471345	0.6656601982949824	0.1	0.07080865
1213.5	1	8	0.04706275	0.6650881285667701	0.1	0.070761675
1214.0	1	8	0.046991000000000005	0.6645152987992597	0.1	0.07071469999999999
1214.5	1	8	0.04691925	0.6639417074767866	0.1	0.070667725
1215.0	1	8	0.0468475	0.6633673530796544	0.1	0.07062075
1215.5	1	8	0.046775750000000005	0.6627922340841199	0.1	0.07057377499999999
1216.0	1	8	0.046704	0.6622163489623802	0.1	0.0705268
1216.5	1	8	0.04663225	0.6616396961825601	0.1	0.07047982499999998
1217.0	1	8	0.046560500000000005	0.6610622742086968	0.1	0.07043284999999999
1217.5	1	8	0.04648875	0.6604840815007272	0.1	0.070385875
1218.0	1	8	0.046417	0.6599051165144749	0.1	0.0703389
1218.5	1	8	0.046345250000000004	0.6593253777016351	0.1	0.07029192499999999
1219.0	1	8	0.0462735	0.6587448635097612	0.1	0.07024495
1219.5	1	8	0.04620175	0.6581635723822518	0.1	0.070197975
1220.0	1	8	0.046130000000000004	0.6575815027583357	0.1	0.07015099999999999
1220.5	1	8	0.04605825	0.6569986530730583	0.1	0.070104025
1221.0	1	8	0.0459865	0.6564150217572678	0.1	0.07005705
1221.5	1	8	0.045914750000000004	0.6558306072376013	0.1	0.07001007499999999
1222.0	1	8	0.045843	0.6552454079364693	0.1	0.0699631
1222.5	1	8	0.04577125	0.6546594222720439	0.1	0.069916125
1223.0	1	8	0.045699500000000004	0.654072648658242	0.1	0.06986914999999999
1223.5	1	8	0.04562775	0.6534850855047125	0.1	0.069822175
1224.0	1	8	0.045556	0.652896731216822	0.1	0.0697752
1224.5	1	8	0.045484250000000004	0.6523075841956396	0.1	0.06972822499999999
1225.0	1	8	0.0454125	0.6517176428379227	0.1	0.06968125000000001
1225.5	1	8	0.04534075	0.6511269055361028	0.1	0.069634275
1226.0	1	8	0.045269000000000004	0.6505353706782705	0.1	0.06958729999999999
1226.5	1	8	0.04519725	0.6499430366481607	0.1	0.069540325
1227.0	1	8	0.0451255	0.6493499018251387	0.1	0.06949334999999998
1227.5	1	8	0.045053750000000004	0.6487559645841846	0.1	0.06944637499999999
1228.0	1	8	0.044982	0.6481612232958787	0.1	0.0693994
1228.5	1	8	0.04491025	0.6475656763263866	0.1	0.069352425
1229.0	1	8	0.0448385	0.6469693220374445	0.1	0.06930544999999999
1229.5	1	8	0.04476675	0.6463721587863435	0.1	0.069258475
1230.0	1	8	0.044695	0.6457741849259155	0.1	0.0692115
1230.5	1	8	0.04462325	0.6451753988045172	0.1	0.069164525
1231.0	1	8	0.0445515	0.6445757987660153	0.1	0.06911755
1231.5	1	8	0.04447975	0.6439753831497711	0.1	0.069070575
1232.0	1	8	0.044408	0.6433741502906253	0.1	0.0690236
1232.5	1	8	0.04433625	0.6427720985188823	0.1	0.068976625
1233.0	1	8	0.0442645	0.6421692261602954	0.1	0.06892965
1233.5	1	8	0.04419275	0.6415655315360502	0.1	0.068882675
1234.0	1	8	0.044121	0.6409610129627504	0.1	0.0688357
1234.5	1	8	0.04404925	0.6403556687524009	0.1	0.068788725
1235.0	1	8	0.0439775	0.6397494972123927	0.1	0.06874175
1235.5	1	8	0.04390575	0.6391424966454873	0.1	0.068694775
1236.0	1	8	0.043834	0.6385346653498	0.1	0.0686478
1236.5	1	8	0.04376225	0.6379260016187852	0.1	0.068600825
1237.0	1	8	0.0436905	0.6373165037412195	0.1	0.06855385
1237.5	1	8	0.04361875	0.636706170001186	0.1	0.068506875
1238.0	1	8	0.043547	0.6360949986780583	0.1	0.0684599
1238.5	1	8	0.04347525	0.635482988046484	0.1	0.06841292499999999
1239.0	1	8	0.0434035	0.6348701363763687	0.1	0.06836595
1239.5	1	8	0.04333175	0.6342564419328598	0.1	0.068318975
1240.0	1	8	0.04326	0.6336419029763299	0.1	0.06827200000000001
1240.5	1	8	0.04318825	0.6330265177623606	0.1	0.068225025
1241.0	1	8	0.0431165	0.6324102845417257	0.1	0.06817805
1241.5	1	8	0.04304475	0.6317932015603747	0.1	0.068131075
1242.0	1	8	0.042973	0.6311752670594162	0.1	0.06808410000000001
1242.5	1	8	0.04290125	0.6305564792751016	0.1	0.068037125
1243.0	1	8	0.0428295	0.6299368364388077	0.1	0.06799014999999999
1243.5	1	8	0.042757750000000004	0.62931633677702	0.1	0.067943175
1244.0	1	8	0.042686	0.6286949785113158	0.1	0.0678962
1244.5	1	8	0.04261425	0.6280727598583477	0.1	0.067849225
1245.0	1	8	0.042542500000000004	0.6274496790298258	0.1	0.06780225
1245.5	1	8	0.04247075	0.6268257342325007	0.1	0.067755275
1246.0	1	8	0.042399	0.6262009236681471	0.1	0.0677083
1246.5	1	8	0.042327250000000004	0.6255752455335453	0.1	0.067661325
1247.0	1	8	0.0422555	0.6249486980204646	0.1	0.06761435
1247.5	1	8	0.04218375	0.6243212793156461	0.1	0.067567375
1248.0	1	8	0.042112000000000004	0.6236929876007845	0.1	0.0675204
1248.5	1	8	0.04204025	0.6230638210525107	0.1	0.067473425
1249.0	1	8	0.0419685	0.6224337778423749	0.1	0.06742645
1249.5	1	8	0.04189675	0.6218028561368282	0.1	0.067379475
1250.0	1	8	0.041825	0.6211710540972042	0.1	0.06733249999999999
1250.5	1	8	0.04175325	0.6205383698797029	0.1	0.067285525
1251.0	1	8	0.0416815	0.6199048016353714	0.1	0.06723855
1251.5	1	8	0.04160975	0.6192703475100859	0.1	0.067191575
1252.0	1	8	0.041538	0.6186350056445343	0.1	0.0671446
1252.5	1	8	0.04146625	0.6179987741741978	0.1	0.067097625
1253.0	1	8	0.0413945	0.6173616512293318	0.1	0.06705065
1253.5	1	8	0.04132275	0.6167236349349494	0.1	0.06700367500000001
1254.0	1	8	0.041251	0.6160847234108014	0.1	0.0669567
1254.5	1	8	0.04117925	0.615444914771358	0.1	0.066909725
1255.0	1	8	0.0411075	0.6148042071257912	0.1	0.06686275
1255.5	1	8	0.04103575	0.6141625985779556	0.1	0.066815775
1256.0	1	8	0.040964	0.6135200872263692	0.1	0.0667688
1256.5	1	8	0.04089225	0.6128766711641955	0.1	0.066721825
1257.0	1	8	0.0408205	0.6122323484792243	0.1	0.06667485
1257.5	1	8	0.04074875	0.6115871172538521	0.1	0.066627875
1258.0	1	8	0.040677	0.6109409755650644	0.1	0.0665809
1258.5	1	8	0.04060525	0.6102939214844157	0.1	0.066533925
1259.0	1	8	0.0405335	0.6096459530780101	0.1	0.06648695
1259.5	1	8	0.04046175	0.6089970684064827	0.1	0.06643997499999998
1260.0	1	8	0.04039	0.6083472655249801	0.1	0.06639300000000001
1260.5	1	8	0.04031825	0.6076965424831404	0.1	0.066346025
1261.0	1	8	0.0402465	0.6070448973250748	0.1	0.06629905
1261.5	1	8	0.04017475	0.6063923280893467	0.1	0.066252075
1262.0	1	8	0.040103	0.6057388328089528	0.1	0.06620509999999999
1262.5	1	8	0.040031250000000004	0.6050844095113035	0.1	0.066158125
1263.0	1	8	0.0399595	0.6044290562182023	0.1	0.06611115
1263.5	1	8	0.03988775	0.6037727709458265	0.1	0.066064175
1264.0	1	8	0.039816000000000004	0.6031155517047073	0.1	0.0660172
1264.5	1	8	0.03974425	0.6024573964997089	0.1	0.065970225
1265.0	1	8	0.0396725	0.6017983033300087	0.1	0.06592325
1265.5	1	8	0.039600750000000004	0.6011382701890781	0.1	0.06587627499999998
1266.0	1	8	0.039529	0.6004772950646597	0.1	0.0658293
1266.5	1	8	0.03945725	0.5998153759387495	0.1	0.065782325
1267.0	1	8	0.039385500000000004	0.5991525107875748	0.1	0.06573535
1267.5	1	8	0.03931375	0.5984886975815736	0.1	0.065688375
1268.0	1	8	0.039242	0.5978239342853747	0.1	0.0656414
1268.5	1	8	0.039170250000000004	0.5971582188577765	0.1	0.065594425
1269.0	1	8	0.0390985	0.5964915492517253	0.1	0.06554745
1269.5	1	8	0.03902675	0.5958239234142958	0.1	0.065500475
1270.0	1	8	0.038955000000000004	0.5951553392866692	0.1	0.0654535
1270.5	1	8	0.03888325	0.5944857948041118	0.1	0.065406525
1271.0	1	8	0.0388115	0.593815287895954	0.1	0.06535955
1271.5	1	8	0.03873975	0.5931438164855697	0.1	0.065312575
1272.0	1	8	0.038668	0.5924713784903534	0.1	0.0652656
1272.5	1	8	0.03859625	0.5917979718216997	0.1	0.065218625
1273.0	1	8	0.0385245	0.5911235943849819	0.1	0.06517165
1273.5	1	8	0.03845275	0.5904482440795291	0.1	0.06512467499999998
1274.0	1	8	0.038381	0.5897719187986054	0.1	0.0650777
1274.5	1	8	0.03830925	0.5890946164293879	0.1	0.065030725
1275.0	1	8	0.0382375	0.5884163348529441	0.1	0.06498374999999999
1275.5	1	8	0.03816575	0.5877370719442103	0.1	0.064936775
1276.0	1	8	0.038094	0.5870568255719698	0.1	0.06488979999999998
1276.5	1	8	0.03802225	0.5863755935988293	0.1	0.06484282499999999
1277.0	1	8	0.0379505	0.5856933738811976	0.1	0.06479585
1277.5	1	8	0.03787875	0.5850101642692634	0.1	0.064748875
1278.0	1	8	0.037807	0.5843259626069713	0.1	0.0647019
1278.5	1	8	0.03773525	0.5836407667320006	0.1	0.06465492500000002
1279.0	1	8	0.0376635	0.5829545744757418	0.1	0.06460795
1279.5	1	8	0.03759175	0.5822673836632735	0.1	0.06456097499999999
1280.0	1	8	0.03752	0.5815791921133396	0.1	0.064514
1280.5	1	8	0.03744825	0.5808899976383276	0.1	0.06446702499999998
1281.0	1	8	0.0373765	0.5801997980442424	0.1	0.06442005
1281.5	1	8	0.03730475	0.5795085911306862	0.1	0.064373075
1282.0	1	8	0.037233	0.5788163746908331	0.1	0.0643261
1282.5	1	8	0.03716125	0.5781231465114064	0.1	0.06427912499999999
1283.0	1	8	0.0370895	0.5774289043726545	0.1	0.06423214999999999
1283.5	1	8	0.03701775	0.5767336460483282	0.1	0.064185175
1284.0	1	8	0.036946	0.5760373693056555	0.1	0.0641382
1284.5	1	8	0.03687425	0.5753400719053193	0.1	0.06409122499999999
1285.0	1	8	0.0368025	0.5746417516014318	0.1	0.06404425000000001
1285.5	1	8	0.03673075	0.5739424061415116	0.1	0.06399727499999999
1286.0	1	8	0.036659	0.5732420332664584	0.1	0.0639503
1286.5	1	8	0.03658725	0.5725406307105304	0.1	0.063903325
1287.0	1	8	0.0365155	0.5718381962013174	0.1	0.06385635000000002
1287.5	1	8	0.03644375	0.5711347274597188	0.1	0.063809375
1288.0	1	8	0.036372	0.5704302221999172	0.1	0.0637624
1288.5	1	8	0.03630025	0.5697246781293541	0.1	0.06371542499999999
1289.0	1	8	0.0362285	0.5690180929487053	0.1	0.06366845
1289.5	1	8	0.03615675	0.5683104643518561	0.1	0.063621475
1290.0	1	8	0.036085	0.5676017900258751	0.1	0.0635745
1290.5	1	8	0.03601325	0.5668920676509905	0.1	0.06352752500000002
1291.0	1	8	0.0359415	0.5661812949005641	0.1	0.06348055
1291.5	1	8	0.03586975	0.5654694694410649	0.1	0.06343357499999999
1292.0	1	8	0.035797999999999996	0.5647565889320455	0.1	0.0633866
1292.5	1	8	0.03572625	0.5640426510261152	0.1	0.063339625
1293.0	1	8	0.0356545	0.563327653368914	0.1	0.06329265
1293.5	1	8	0.03558275	0.5626115935990881	0.1	0.063245675
1294.0	1	8	0.035511	0.5618944693482619	0.1	0.0631987
1294.5	1	8	0.03543925	0.5611762782410139	0.1	0.063151725
1295.0	1	8	0.0353675	0.5604570178948495	0.1	0.06310475
1295.5	1	8	0.03529575	0.559736685920174	0.1	0.063057775
1296.0	1	8	0.035224	0.5590152799202676	0.1	0.0630108
1296.5	1	8	0.03515225	0.5582927974912579	0.1	0.062963825
1297.0	1	8	0.0350805	0.5575692362220932	0.1	0.06291685
1297.5	1	8	0.03500875	0.5568445936945158	0.1	0.062869875
1298.0	1	8	0.034937	0.5561188674830356	0.1	0.06282290000000001
1298.5	1	8	0.03486525	0.5553920551549022	0.1	0.062775925
1299.0	1	8	0.0347935	0.5546641542700778	0.1	0.06272895
1299.5	1	8	0.03472175	0.5539351623812109	0.1	0.062681975
1300.0	1	8	0.03465	0.5532050770336074	0.1	0.062635
1300.5	1	8	0.03457825	0.5524738957652042	0.1	0.062588025
1301.0	1	8	0.0345065	0.5517416161065413	0.1	0.06254105
1301.5	1	8	0.03443475	0.5510082355807331	0.1	0.062494074999999996
1302.0	1	8	0.034363	0.5502737517034417	0.1	0.0624471
1302.5	1	8	0.03429125	0.5495381619828487	0.1	0.062400124999999994
1303.0	1	8	0.0342195	0.5488014639196256	0.1	0.062353149999999996
1303.5	1	8	0.03414775	0.5480636550069073	0.1	0.062306175000000005
1304.0	1	8	0.034076	0.5473247327302632	0.1	0.0622592
1304.5	1	8	0.03400425	0.5465846945676673	0.1	0.062212225
1305.0	1	8	0.0339325	0.5458435379894716	0.1	0.06216524999999999
1305.5	1	8	0.03386075	0.5451012604583756	0.1	0.062118275
1306.0	1	8	0.033789	0.5443578594293981	0.1	0.0620713
1306.5	1	8	0.033717250000000004	0.5436133323498483	0.1	0.062024325
1307.0	1	8	0.0336455	0.5428676766592957	0.1	0.06197735
1307.5	1	8	0.03357375	0.5421208897895419	0.1	0.061930375
1308.0	1	8	0.033502000000000004	0.5413729691645902	0.1	0.061883400000000005
1308.5	1	8	0.03343025	0.5406239122006165	0.1	0.061836425
1309.0	1	8	0.0333585	0.5398737163059389	0.1	0.061789449999999996
1309.5	1	8	0.033286750000000004	0.5391223788809892	0.1	0.061742475
1310.0	1	8	0.033215	0.5383698973182809	0.1	0.06169550000000001
1310.5	1	8	0.03314325	0.5376162690023808	0.1	0.061648525
1311.0	1	8	0.033071500000000004	0.5368614913098778	0.1	0.06160155
1311.5	1	8	0.03299975	0.5361055616093524	0.1	0.06155457499999999
1312.0	1	8	0.032928	0.5353484772613465	0.1	0.0615076
1312.5	1	8	0.032856250000000004	0.5345902356183329	0.1	0.06146062500000001
1313.0	1	8	0.0327845	0.5338308340246835	0.1	0.06141365
1313.5	1	8	0.03271275	0.5330702698166391	0.1	0.061366675
1314.0	1	8	0.032641	0.5323085403222781	0.1	0.061319700000000005
1314.5	1	8	0.03256925	0.5315456428614853	0.1	0.06127272499999999
1315.0	1	8	0.0324975	0.5307815747459198	0.1	0.06122575
1315.5	1	8	0.03242575	0.5300163332789845	0.1	0.061178775000000005
1316.0	1	8	0.032354	0.5292499157557933	0.1	0.06113179999999999
1316.5	1	8	0.03228225	0.52848231946314	0.1	0.061084825
1317.0	1	8	0.0322105	0.5277135416794662	0.1	0.06103785
1317.5	1	8	0.03213875	0.5269435796748284	0.1	0.060990875
1318.0	1	8	0.032067	0.5261724307108668	0.1	0.0609439
1318.5	1	8	0.03199525	0.5254000920407722	0.1	0.060896925
1319.0	1	8	0.0319235	0.524626560909253	0.1	0.06084995
1319.5	1	8	0.03185175	0.5238518345525034	0.1	0.060802975
1320.0	1	8	0.03178	0.5230759101981697	0.1	0.06075600000000001
1320.5	1	8	0.03170825	0.5222987850653177	0.1	0.06070902500000001
1321.0	1	8	0.0316365	0.5215204563643991	0.1	0.060662049999999995
1321.5	1	8	0.03156475	0.5207409212972186	0.1	0.060615075
1322.0	1	8	0.031493	0.5199601770568996	0.1	0.0605681
1322.5	1	8	0.031421250000000005	0.5191782208278515	0.1	0.060521125
1323.0	1	8	0.0313495	0.5183950497857349	0.1	0.060474150000000004
1323.5	1	8	0.03127775	0.5176106610974285	0.1	0.06042717499999999
1324.0	1	8	0.031206	0.5168250519209939	0.1	0.06038020000000001
1324.5	1	8	0.031134250000000002	0.5160382194056425	0.1	0.06033322500000001
1325.0	1	8	0.031062500000000003	0.5152501606917	0.1	0.06028625
1325.5	1	8	0.03099075	0.5144608729105721	0.1	0.060239275
1326.0	1	8	0.030919000000000002	0.5136703531847097	0.1	0.060192300000000004
1326.5	1	8	0.030847250000000003	0.5128785986275742	0.1	0.060145325
1327.0	1	8	0.0307755	0.5120856063436018	0.1	0.06009835
1327.5	1	8	0.030703750000000002	0.5112913734281688	0.1	0.06005137500000001
1328.0	1	8	0.030632000000000003	0.5104958969675558	0.1	0.06000439999999999
1328.5	1	8	0.030560250000000004	0.5096991740389119	0.1	0.059957424999999995
1329.0	1	8	0.0304885	0.5089012017102191	0.1	0.05991045000000001
1329.5	1	8	0.030416750000000003	0.5081019770402571	0.1	0.059863475
1330.0	1	8	0.030345000000000004	0.5073014970785653	0.1	0.0598165
1330.5	1	8	0.03027325	0.5064997588654084	0.1	0.059769525000000004
1331.0	1	8	0.030201500000000003	0.505696759431739	0.1	0.05972255
1331.5	1	8	0.030129750000000004	0.5048924957991607	0.1	0.059675575
1332.0	1	8	0.030058	0.5040869649798921	0.1	0.059628600000000004
1332.5	1	8	0.029986250000000002	0.5032801639767295	0.1	0.05958162499999999
1333.0	1	8	0.029914500000000004	0.5024720897830087	0.1	0.05953465000000001
1333.5	1	8	0.02984275	0.5016627393825696	0.1	0.059487675000000004
1334.0	1	8	0.029771000000000002	0.500852109749717	0.1	0.0594407
1334.5	1	8	0.029699250000000003	0.5000401978491836	0.1	0.059393725
1335.0	1	8	0.0296275	0.4992270006360921	0.1	0.05934675
1335.5	1	8	0.029555750000000002	0.4984125150559172	0.1	0.059299775000000006
1336.0	1	8	0.029484000000000003	0.4975967380444469	0.1	0.05925280000000001
1336.5	1	8	0.02941225	0.4967796665277445	0.1	0.059205825000000004
1337.0	1	8	0.029340500000000002	0.49596129742211015	0.1	0.059158850000000006
1337.5	1	8	0.029268750000000003	0.4951416276340414	0.1	0.059111875
1338.0	1	8	0.029197	0.49432065406019476	0.1	0.05906490000000001
1338.5	1	8	0.029125250000000002	0.4934983735873466	0.1	0.059017925
1339.0	1	8	0.029053500000000003	0.49267478309235313	0.1	0.05897095
1339.5	1	8	0.02898175	0.4918498794421116	0.1	0.058923974999999996
1340.0	1	8	0.02891	0.49102365949352045	0.1	0.058877
1340.5	1	8	0.028838250000000003	0.4901961200934387	0.1	0.058830025
1341.0	1	8	0.028766500000000004	0.48936725807864684	0.1	0.05878305000000001
1341.5	1	8	0.028694750000000005	0.4885370702758059	0.1	0.05873607499999999
1342.0	1	8	0.028623000000000003	0.4877055535014168	0.1	0.0586891
1342.5	1	8	0.028551250000000004	0.4868727045617805	0.1	0.05864212500000001
1343.0	1	8	0.028479500000000005	0.4860385202529562	0.1	0.05859515
1343.5	1	8	0.028407750000000002	0.4852029973607205	0.1	0.05854817500000001
1344.0	1	8	0.028336000000000004	0.48436613266052664	0.1	0.05850120000000001
1344.5	1	8	0.028264250000000005	0.48352792291746244	0.1	0.05845422499999999
1345.0	1	8	0.028192500000000002	0.48268836488620853	0.1	0.05840725
1345.5	1	8	0.028120750000000003	0.4818474553109971	0.1	0.058360275
1346.0	1	8	0.028049000000000004	0.48100519092556937	0.1	0.058313300000000005
1346.5	1	8	0.027977250000000002	0.4801615684531331	0.1	0.058266324999999994
1347.0	1	8	0.027905500000000003	0.47931658460632076	0.1	0.05821935000000001
1347.5	1	8	0.027833750000000004	0.4784702360871463	0.1	0.058172375
1348.0	1	8	0.027762000000000002	0.477622519586962	0.1	0.058125399999999994
1348.5	1	8	0.027690250000000003	0.4767734317864164	0.1	0.058078425
1349.0	1	8	0.027618500000000004	0.47592296935540995	0.1	0.05803144999999999
1349.5	1	8	0.027546750000000002	0.4750711289530517	0.1	0.057984475
1350.0	1	8	0.027475000000000003	0.474217907227616	0.1	0.0579375
1350.5	1	8	0.027403250000000004	0.47336330081649813	0.1	0.057890525
1351.0	1	8	0.0273315	0.47250730634617	0.1	0.05784355
1351.5	1	8	0.027259750000000003	0.4716499204321364	0.1	0.057796574999999996
1352.0	1	8	0.027188000000000004	0.47079113967888964	0.1	0.057749600000000005
1352.5	1	8	0.02711625	0.4699309606798651	0.1	0.057702625
1353.0	1	8	0.027044500000000003	0.4690693800173964	0.1	0.05765565
1353.5	1	8	0.026972750000000004	0.46820639426266975	0.1	0.05760867499999999
1354.0	1	8	0.026901	0.46734199997567827	0.1	0.0575617
1354.5	1	8	0.026829250000000002	0.46647619370517723	0.1	0.05751472500000001
1355.0	1	8	0.026757500000000004	0.46560897198863715	0.1	0.05746775
1355.5	1	8	0.02668575	0.4647403313521979	0.1	0.05742077500000001
1356.0	1	8	0.026614000000000002	0.4638702683106226	0.1	0.0573738
1356.5	1	8	0.026542250000000003	0.4629987793672509	0.1	0.057326825000000005
1357.0	1	8	0.0264705	0.4621258610139517	0.1	0.05727985
1357.5	1	8	0.026398750000000002	0.46125150973107676	0.1	0.057232875
1358.0	1	8	0.026327000000000003	0.46037572198741306	0.1	0.0571859
1358.5	1	8	0.026255250000000004	0.45949849424013495	0.1	0.057138925
1359.0	1	8	0.026183500000000002	0.458619822934757	0.1	0.05709195
1359.5	1	8	0.026111750000000003	0.4577397045050857	0.1	0.057044975000000005
1360.0	1	8	0.026040000000000004	0.45685813537317105	0.1	0.05699800000000001
1360.5	1	8	0.025968250000000002	0.45597511194925816	0.1	0.05695102500000001
1361.0	1	8	0.025896500000000003	0.4550906306317389	0.1	0.056904050000000005
1361.5	1	8	0.025824750000000004	0.4542046878071023	0.1	0.05685707500000001
1362.0	1	8	0.025753	0.45331727984988585	0.1	0.0568101
1362.5	1	8	0.025681250000000003	0.45242840312262583	0.1	0.05676312500000001
1363.0	1	8	0.025609500000000004	0.45153805397580765	0.1	0.05671615
1363.5	1	8	0.02553775	0.45064622874781574	0.1	0.05666917500000001
1364.0	1	8	0.025466000000000003	0.44975292376488374	0.1	0.05662220000000001
1364.5	1	8	0.025394250000000004	0.4488581353410438	0.1	0.056575225
1365.0	1	8	0.0253225	0.44796185977807557	0.1	0.05652825
1365.5	1	8	0.025250750000000002	0.4470640933654561	0.1	0.056481275000000004
1366.0	1	8	0.025179000000000003	0.44616483238030774	0.1	0.05643430000000001
1366.5	1	8	0.02510725	0.4452640730873472	0.1	0.056387325
1367.0	1	8	0.025035500000000002	0.44436181173883377	0.1	0.05634035
1367.5	1	8	0.024963750000000003	0.443458044574517	0.1	0.056293375000000014
1368.0	1	8	0.024892000000000004	0.4425527678215851	0.1	0.056246399999999995
1368.5	1	8	0.024820250000000002	0.44164597769461167	0.1	0.056199425
1369.0	1	8	0.024748500000000003	0.44073767039550366	0.1	0.05615245000000001
1369.5	1	8	0.024676750000000004	0.439827842113448	0.1	0.056105474999999995
1370.0	1	8	0.024605000000000002	0.43891648902485797	0.1	0.0560585
1370.5	1	8	0.024533250000000003	0.43800360729332044	0.1	0.056011525000000006
1371.0	1	8	0.024461500000000004	0.4370891930695414	0.1	0.05596455
1371.5	1	8	0.02438975	0.43617324249129186	0.1	0.05591757500000001
1372.0	1	8	0.024318000000000003	0.43525575168335406	0.1	0.055870600000000006
1372.5	1	8	0.024246250000000004	0.4343367167574661	0.1	0.055823625
1373.0	1	8	0.0241745	0.4334161338122673	0.1	0.05577665000000001
1373.5	1	8	0.024102750000000003	0.43249399893324336	0.1	0.05572967500000001
1374.0	1	8	0.024031000000000004	0.4315703081926703	0.1	0.0556827
1374.5	1	8	0.02395925	0.4306450576495588	0.1	0.055635725000000004
1375.0	1	8	0.023887500000000002	0.4297182433495986	0.1	0.05558875
1375.5	1	8	0.023815750000000004	0.4287898613251017	0.1	0.05554177500000001
1376.0	1	8	0.023744	0.4278599075949458	0.1	0.05549480000000001
1376.5	1	8	0.023672250000000002	0.42692837816451773	0.1	0.055447825
1377.0	1	8	0.023600500000000003	0.4259952690256558	0.1	0.055400849999999995
1377.5	1	8	0.02352875	0.4250605761565925	0.1	0.055353875
1378.0	1	8	0.023457000000000002	0.4241242955218969	0.1	0.055306900000000006
1378.5	1	8	0.023385250000000003	0.42318642307241644	0.1	0.055259925
1379.0	1	8	0.0233135	0.4222469547452183	0.1	0.055212950000000004
1379.5	1	8	0.023241750000000002	0.4213058864635312	0.1	0.055165975
1380.0	1	8	0.023170000000000003	0.42036321413668615	0.1	0.055119
1380.5	1	8	0.02309825	0.41941893366005695	0.1	0.05507202500000001
1381.0	1	8	0.023026500000000002	0.4184730409150014	0.1	0.055025050000000006
1381.5	1	8	0.022954750000000003	0.4175255317688006	0.1	0.054978075
1382.0	1	8	0.022883	0.4165764020745989	0.1	0.05493110000000001
1382.5	1	8	0.02281125	0.4156256476713439	0.1	0.054884125000000006
1383.0	1	8	0.022739500000000003	0.4146732643837253	0.1	0.05483715
1383.5	1	8	0.02266775	0.41371924802211346	0.1	0.054790175
1384.0	1	8	0.022596	0.41276359438249866	0.1	0.054743200000000006
1384.5	1	8	0.022524250000000003	0.41180629924642886	0.1	0.054696224999999994
1385.0	1	8	0.0224525	0.41084735838094755	0.1	0.05464925
1385.5	1	8	0.02238075	0.40988676753853204	0.1	0.054602275000000006
1386.0	1	8	0.022309000000000002	0.40892452245702987	0.1	0.0545553
1386.5	1	8	0.02223725	0.40796061885959617	0.1	0.054508325
1387.0	1	8	0.0221655	0.40699505245463063	0.1	0.054461350000000006
1387.5	1	8	0.022093750000000002	0.40602781893571327	0.1	0.054414375
1388.0	1	8	0.022022000000000003	0.4050589139815404	0.1	0.05436740000000001
1388.5	1	8	0.02195025	0.4040883332558609	0.1	0.054320425000000006
1389.0	1	8	0.021878500000000002	0.40311607240741104	0.1	0.05427345
1389.5	1	8	0.021806750000000003	0.4021421270698492	0.1	0.054226475
1390.0	1	8	0.021735000000000004	0.40116649286169126	0.1	0.05417950000000001
1390.5	1	8	0.021663250000000002	0.40018916538624427	0.1	0.054132525
1391.0	1	8	0.021591500000000003	0.3992101402315406	0.1	0.05408555000000001
1391.5	1	8	0.021519750000000004	0.39822941297027176	0.1	0.054038575
1392.0	1	8	0.021448000000000002	0.3972469791597212	0.1	0.0539916
1392.5	1	8	0.021376250000000003	0.3962628343416977	0.1	0.053944624999999996
1393.0	1	8	0.021304500000000004	0.3952769740424676	0.1	0.053897650000000005
1393.5	1	8	0.02123275	0.3942893937726872	0.1	0.05385067500000001
1394.0	1	8	0.021161000000000003	0.3933000890273346	0.1	0.053803699999999996
1394.5	1	8	0.021089250000000004	0.39230905528564103	0.1	0.05375672500000001
1395.0	1	8	0.0210175	0.39131628801102225	0.1	0.05370975
1395.5	1	8	0.020945750000000003	0.39032178265100903	0.1	0.053662775
1396.0	1	8	0.020874000000000004	0.3893255346371779	0.1	0.0536158
1396.5	1	8	0.02080225	0.3883275393850808	0.1	0.053568825
1397.0	1	8	0.020730500000000002	0.3873277922941752	0.1	0.05352185000000001
1397.5	1	8	0.020658750000000003	0.38632628874775304	0.1	0.053474875000000005
1398.0	1	8	0.020587	0.3853230241128699	0.1	0.0534279
1398.5	1	8	0.020515250000000002	0.38431799374027337	0.1	0.053380924999999996
1399.0	1	8	0.020443500000000003	0.38331119296433136	0.1	0.053333950000000005
1399.5	1	8	0.02037175	0.38230261710296	0.1	0.05328697499999999
1400.0	1	8	0.020300000000000002	0.38129226145755074	0.1	0.053239999999999996
1400.5	1	8	0.02027175	0.38127347135608225	0.1	0.053168530000000006
1401.0	1	8	0.0202435	0.38125463067070003	0.1	0.05309706
1401.5	1	8	0.02021525	0.381235739196867	0.1	0.05302559000000001
1402.0	1	8	0.020187000000000004	0.38121679672894204	0.1	0.05295412
1402.5	1	8	0.020158750000000003	0.3811978030601719	0.1	0.05288265
1403.0	1	8	0.020130500000000003	0.3811787579826848	0.1	0.05281118
1403.5	1	8	0.020102250000000002	0.3811596612874815	0.1	0.052739709999999995
1404.0	1	8	0.020074	0.3811405127644288	0.1	0.052668240000000005
1404.5	1	8	0.02004575	0.3811213122022512	0.1	0.05259677
1405.0	1	8	0.0200175	0.3811020593885232	0.1	0.05252530000000001
1405.5	1	8	0.019989250000000004	0.38108275410966186	0.1	0.05245383
1406.0	1	8	0.019961000000000003	0.381063396150918	0.1	0.05238236
1406.5	1	8	0.019932750000000003	0.38104398529636946	0.1	0.05231089000000001
1407.0	1	8	0.019904500000000002	0.3810245213289122	0.1	0.05223942
1407.5	1	8	0.01987625	0.3810050040302523	0.1	0.052167950000000005
1408.0	1	8	0.019848	0.3809854331808982	0.1	0.05209648
1408.5	1	8	0.01981975	0.3809658085601521	0.1	0.05202501000000001
1409.0	1	8	0.019791500000000004	0.38094612994610194	0.1	0.05195353999999999
1409.5	1	8	0.019763250000000003	0.38092639711561244	0.1	0.05188207
1410.0	1	8	0.019735000000000003	0.38090660984431757	0.1	0.051810600000000005
1410.5	1	8	0.019706750000000002	0.3808867679066115	0.1	0.05173913
1411.0	1	8	0.0196785	0.38086687107564	0.1	0.05166766
1411.5	1	8	0.01965025	0.3808469191232919	0.1	0.05159619
1412.0	1	8	0.019622	0.38082691182019035	0.1	0.05152472000000001
1412.5	1	8	0.01959375	0.3808068489356843	0.1	0.051453250000000006
1413.0	1	8	0.019565500000000003	0.3807867302378392	0.1	0.05138178
1413.5	1	8	0.019537250000000003	0.38076655549342814	0.1	0.051310310000000005
1414.0	1	8	0.019509000000000002	0.38074632446792317	0.1	0.05123884000000001
1414.5	1	8	0.01948075	0.3807260369254859	0.1	0.051167370000000004
1415.0	1	8	0.0194525	0.38070569262895854	0.1	0.05109589999999999
1415.5	1	8	0.01942425	0.38068529133985424	0.1	0.05102443000000001
1416.0	1	8	0.019396	0.3806648328183485	0.1	0.050952960000000005
1416.5	1	8	0.019367750000000003	0.38064431682326916	0.1	0.05088149
1417.0	1	8	0.019339500000000003	0.38062374311208697	0.1	0.050810020000000004
1417.5	1	8	0.019311250000000002	0.3806031114409064	0.1	0.05073854999999999
1418.0	1	8	0.019283	0.38058242156445565	0.1	0.05066708
1418.5	1	8	0.01925475	0.3805616732360772	0.1	0.05059561
1419.0	1	8	0.0192265	0.3805408662077177	0.1	0.05052414
1419.5	1	8	0.01919825	0.38052000022991844	0.1	0.050452670000000005
1420.0	1	8	0.019170000000000003	0.3804990750518051	0.1	0.05038120000000001
1420.5	1	8	0.019141750000000003	0.3804780904210776	0.1	0.050309730000000004
1421.0	1	8	0.019113500000000002	0.38045704608400055	0.1	0.05023826000000001
1421.5	1	8	0.01908525	0.3804359417853923	0.1	0.05016679
1422.0	1	8	0.019057	0.38041477726861517	0.1	0.05009532
1422.5	1	8	0.01902875	0.38039355227556454	0.1	0.05002385000000001
1423.0	1	8	0.0190005	0.380372266546659	0.1	0.049952380000000005
1423.5	1	8	0.018972250000000003	0.3803509198208293	0.1	0.04988091
1424.0	1	8	0.018944000000000003	0.3803295118355075	0.1	0.04980944
1424.5	1	8	0.018915750000000002	0.3803080423266169	0.1	0.04973797
1425.0	1	8	0.0188875	0.38028651102856054	0.1	0.0496665
1425.5	1	8	0.01885925	0.3802649176742105	0.1	0.049595030000000005
1426.0	1	8	0.018831	0.380243261994897	0.1	0.04952356
1426.5	1	8	0.01880275	0.38022154372039685	0.1	0.04945209
1427.0	1	8	0.018774500000000003	0.38019976257892274	0.1	0.04938062
1427.5	1	8	0.018746250000000002	0.38017791829711123	0.1	0.04930915
1428.0	1	8	0.018718000000000002	0.38015601060001203	0.1	0.04923768
1428.5	1	8	0.01868975	0.3801340392110761	0.1	0.04916621
1429.0	1	8	0.0186615	0.38011200385214383	0.1	0.049094740000000005
1429.5	1	8	0.01863325	0.3800899042434338	0.1	0.049023269999999994
1430.0	1	8	0.018605	0.3800677401035304	0.1	0.048951800000000004
1430.5	1	8	0.018576750000000003	0.3800455111493724	0.1	0.04888033000000001
1431.0	1	8	0.018548500000000002	0.3800232170962403	0.1	0.04880886000000001
1431.5	1	8	0.018520250000000002	0.3800008576577449	0.1	0.04873739000000001
1432.0	1	8	0.018492	0.3799784325458144	0.1	0.04866592
1432.5	1	8	0.01846375	0.37995594147068235	0.1	0.048594450000000004
1433.0	1	8	0.0184355	0.37993338414087513	0.1	0.04852298
1433.5	1	8	0.01840725	0.3799107602631992	0.1	0.04845151
1434.0	1	8	0.018379	0.3798880695427288	0.1	0.04838004
1434.5	1	8	0.018350750000000002	0.37986531168279253	0.1	0.04830857000000001
1435.0	1	8	0.018322500000000002	0.37984248638496093	0.1	0.048237100000000005
1435.5	1	8	0.01829425	0.37981959334903337	0.1	0.048165629999999994
1436.0	1	8	0.018266	0.3797966322730244	0.1	0.048094160000000004
1436.5	1	8	0.01823775	0.3797736028531513	0.1	0.04802269
1437.0	1	8	0.0182095	0.3797505047838199	0.1	0.04795122
1437.5	1	8	0.018181250000000003	0.3797273377576116	0.1	0.04787975
1438.0	1	8	0.018153000000000002	0.37970410146526923	0.1	0.04780828
1438.5	1	8	0.018124750000000002	0.3796807955956839	0.1	0.047736810000000005
1439.0	1	8	0.0180965	0.37965741983588075	0.1	0.04766534
1439.5	1	8	0.01806825	0.37963397387100484	0.1	0.04759387
1440.0	1	8	0.01804	0.3796104573843072	0.1	0.0475224
1440.5	1	8	0.01801175	0.3795868700571306	0.1	0.04745093
1441.0	1	8	0.0179835	0.379563211568895	0.1	0.047379460000000005
1441.5	1	8	0.017955250000000002	0.37953948159708334	0.1	0.04730799
1442.0	1	8	0.017927000000000002	0.37951567981722617	0.1	0.047236520000000004
1442.5	1	8	0.01789875	0.3794918059028879	0.1	0.04716505
1443.0	1	8	0.0178705	0.3794678595256508	0.1	0.04709358000000001
1443.5	1	8	0.01784225	0.379443840355101	0.1	0.047022110000000006
1444.0	1	8	0.017814	0.3794197480588124	0.1	0.04695064
1444.5	1	8	0.01778575	0.37939558230233167	0.1	0.046879170000000005
1445.0	1	8	0.017757500000000002	0.3793713427491631	0.1	0.0468077
1445.5	1	8	0.017729250000000002	0.37934702906075224	0.1	0.046736230000000004
1446.0	1	8	0.017701	0.37932264089647094	0.1	0.04666476
1446.5	1	8	0.01767275	0.3792981779136009	0.1	0.04659329
1447.0	1	8	0.0176445	0.37927363976731776	0.1	0.046521820000000005
1447.5	1	8	0.01761625	0.3792490261106751	0.1	0.04645035
1448.0	1	8	0.017588	0.3792243365945878	0.1	0.046378880000000004
1448.5	1	8	0.01755975	0.37919957086781575	0.1	0.04630741
1449.0	1	8	0.017531500000000002	0.37917472857694684	0.1	0.04623594
1449.5	1	8	0.01750325	0.3791498093663807	0.1	0.046164470000000006
1450.0	1	8	0.017475	0.37912481287831123	0.1	0.046093
1450.5	1	8	0.01744675	0.37909973875270986	0.1	0.04602153
1451.0	1	8	0.0174185	0.379074586627308	0.1	0.04595006000000001
1451.5	1	8	0.01739025	0.3790493561375796	0.1	0.045878590000000004
1452.0	1	8	0.017362000000000002	0.3790240469167239	0.1	0.04580712
1452.5	1	8	0.017333750000000002	0.37899865859564696	0.1	0.045735649999999996
1453.0	1	8	0.0173055	0.3789731908029445	0.1	0.04566418
1453.5	1	8	0.01727725	0.37894764316488316	0.1	0.04559271
1454.0	1	8	0.017249	0.37892201530538266	0.1	0.045521240000000004
1454.5	1	8	0.01722075	0.37889630684599723	0.1	0.04544977
1455.0	1	8	0.0171925	0.3788705174058966	0.1	0.0453783
1455.5	1	8	0.017164250000000002	0.3788446466018479	0.1	0.04530683
1456.0	1	8	0.017136000000000002	0.37881869404819596	0.1	0.04523536
1456.5	1	8	0.01710775	0.37879265935684464	0.1	0.04516389
1457.0	1	8	0.0170795	0.37876654213723726	0.1	0.04509242000000001
1457.5	1	8	0.01705125	0.3787403419963372	0.1	0.04502095000000001
1458.0	1	8	0.017023	0.37871405853860823	0.1	0.04494948
1458.5	1	8	0.01699475	0.3786876913659941	0.1	0.04487801000000001
1459.0	1	8	0.016966500000000002	0.37866124007789936	0.1	0.044806540000000006
1459.5	1	8	0.016938250000000002	0.378634704271168	0.1	0.04473507000000001
1460.0	1	8	0.01691	0.378608083540064	0.1	0.0446636
1460.5	1	8	0.01688175	0.37858137747624976	0.1	0.04459213
1461.0	1	8	0.0168535	0.3785545856687659	0.1	0.04452066000000001
1461.5	1	8	0.01682525	0.3785277077040099	0.1	0.04444919
1462.0	1	8	0.016797	0.37850074316571464	0.1	0.04437772
1462.5	1	8	0.01676875	0.3784736916349273	0.1	0.04430625000000001
1463.0	1	8	0.016740500000000002	0.3784465526899874	0.1	0.04423478
1463.5	1	8	0.01671225	0.37841932590650473	0.1	0.044163310000000004
1464.0	1	8	0.016684	0.3783920108573378	0.1	0.04409184
1464.5	1	8	0.01665575	0.3783646071125708	0.1	0.04402037
1465.0	1	8	0.0166275	0.3783371142394918	0.1	0.0439489
1465.5	1	8	0.01659925	0.3783095318025691	0.1	0.043877429999999995
1466.0	1	8	0.016571	0.378281859363429	0.1	0.043805960000000005
1466.5	1	8	0.016542750000000002	0.3782540964808324	0.1	0.04373449
1467.0	1	8	0.0165145	0.3782262427106508	0.1	0.04366302
1467.5	1	8	0.01648625	0.37819829760584334	0.1	0.04359155000000001
1468.0	1	8	0.016458	0.3781702607164325	0.1	0.04352008
1468.5	1	8	0.01642975	0.37814213158948007	0.1	0.04344861
1469.0	1	8	0.0164015	0.3781139097690627	0.1	0.043377139999999995
1469.5	1	8	0.01637325	0.37808559479624715	0.1	0.043305670000000004
1470.0	1	8	0.016345000000000002	0.37805718620906603	0.1	0.04323419999999999
1470.5	1	8	0.01631675	0.3780286835424914	0.1	0.04316273
1471.0	1	8	0.0162885	0.3780000863284109	0.1	0.04309126
1471.5	1	8	0.01626025	0.3779713940956011	0.1	0.04301979
1472.0	1	8	0.016232	0.377942606369702	0.1	0.04294832
1472.5	1	8	0.01620375	0.37791372267319073	0.1	0.04287685
1473.0	1	8	0.0161755	0.3778847425253554	0.1	0.042805380000000004
1473.5	1	8	0.016147250000000002	0.3778556654422683	0.1	0.04273390999999999
1474.0	1	8	0.016119	0.3778264909367584	0.1	0.04266244000000001
1474.5	1	8	0.01609075	0.37779721851838544	0.1	0.04259097000000001
1475.0	1	8	0.0160625	0.37776784769341126	0.1	0.0425195
1475.5	1	8	0.01603425	0.37773837796477244	0.1	0.042448030000000005
1476.0	1	8	0.016006	0.37770880883205243	0.1	0.042376559999999994
1476.5	1	8	0.01597775	0.37767913979145296	0.1	0.042305090000000004
1477.0	1	8	0.015949500000000002	0.37764937033576573	0.1	0.04223362
1477.5	1	8	0.01592125	0.37761949995434296	0.1	0.042162149999999995
1478.0	1	8	0.015893	0.37758952813306884	0.1	0.042090680000000005
1478.5	1	8	0.01586475	0.37755945435432986	0.1	0.04201921
1479.0	1	8	0.0158365	0.37752927809698444	0.1	0.041947740000000004
1479.5	1	8	0.01580825	0.3774989988363338	0.1	0.04187626999999999
1480.0	1	8	0.01578	0.3774686160440906	0.1	0.0418048
1480.5	1	8	0.015751750000000002	0.377438129188349	0.1	0.04173333
1481.0	1	8	0.0157235	0.37740753773355296	0.1	0.04166186
1481.5	1	8	0.01569525	0.3773768411404654	0.1	0.04159039
1482.0	1	8	0.015667	0.3773460388661362	0.1	0.04151892
1482.5	1	8	0.01563875	0.3773151303638704	0.1	0.041447450000000004
1483.0	1	8	0.0156105	0.3772841150831956	0.1	0.04137598
1483.5	1	8	0.01558225	0.3772529924698296	0.1	0.041304509999999996
1484.0	1	8	0.015554	0.377221761965647	0.1	0.04123303999999999
1484.5	1	8	0.01552575	0.37719042300864614	0.1	0.04116157
1485.0	1	8	0.0154975	0.37715897503291546	0.1	0.041090100000000004
1485.5	1	8	0.01546925	0.377127417468599	0.1	0.04101863
1486.0	1	8	0.015441	0.3770957497418624	0.1	0.04094716
1486.5	1	8	0.01541275	0.37706397127485797	0.1	0.040875690000000006
1487.0	1	8	0.0153845	0.37703208148568945	0.1	0.04080422
1487.5	1	8	0.01535625	0.3770000797883767	0.1	0.04073275
1488.0	1	8	0.015328	0.3769679655928195	0.1	0.04066128
1488.5	1	8	0.01529975	0.3769357383047617	0.1	0.04058981000000001
1489.0	1	8	0.0152715	0.37690339732575423	0.1	0.04051834
1489.5	1	8	0.01524325	0.37687094205311805	0.1	0.04044687
1490.0	1	8	0.015215	0.376838371879907	0.1	0.040375400000000006
1490.5	1	8	0.015186749999999999	0.37680568619486976	0.1	0.04030393000000001
1491.0	1	8	0.0151585	0.37677288438241163	0.1	0.04023246
1491.5	1	8	0.01513025	0.37673996582255564	0.1	0.04016099
1492.0	1	8	0.015102	0.37670692989090415	0.1	0.04008952
1492.5	1	8	0.01507375	0.3766737759585987	0.1	0.04001805
1493.0	1	8	0.0150455	0.3766405033922804	0.1	0.03994658
1493.5	1	8	0.01501725	0.3766071115540496	0.1	0.039875110000000005
1494.0	1	8	0.014988999999999999	0.37657359980142513	0.1	0.03980364
1494.5	1	8	0.01496075	0.37653996748730306	0.1	0.039732170000000004
1495.0	1	8	0.0149325	0.37650621395991496	0.1	0.0396607
1495.5	1	8	0.01490425	0.3764723385627859	0.1	0.039589229999999996
1496.0	1	8	0.014876	0.37643834063469184	0.1	0.03951776
1496.5	1	8	0.01484775	0.3764042195096167	0.1	0.03944629
1497.0	1	8	0.0148195	0.37636997451670884	0.1	0.039374820000000005
1497.5	1	8	0.014791249999999999	0.376335604980237	0.1	0.03930335000000001
1498.0	1	8	0.014763	0.37630111021954593	0.1	0.03923188
1498.5	1	8	0.01473475	0.3762664895490114	0.1	0.03916040999999999
1499.0	1	8	0.014706499999999999	0.3762317422779947	0.1	0.03908894
1499.5	1	8	0.01467825	0.37619686771079724	0.1	0.03901747
1500.0	1	8	0.01465	0.37616186514661326	0.1	0.038946
1500.5	1	8	0.01462175	0.3761267338794835	0.1	0.038874530000000004
1501.0	1	8	0.0145935	0.37609147319824776	0.1	0.03880306
1501.5	1	8	0.01456525	0.37605608238649635	0.1	0.03873159000000001
1502.0	1	8	0.014537	0.3760205607225223	0.1	0.03866012
1502.5	1	8	0.014508749999999999	0.3759849074792717	0.1	0.03858865
1503.0	1	8	0.0144805	0.3759491219242946	0.1	0.03851718
1503.5	1	8	0.01445225	0.3759132033196942	0.1	0.03844571
1504.0	1	8	0.014424	0.37587715092207685	0.1	0.038374240000000004
1504.5	1	8	0.01439575	0.3758409639825005	0.1	0.03830277
1505.0	1	8	0.0143675	0.3758046417464224	0.1	0.0382313
1505.5	1	8	0.01433925	0.3757681834536474	0.1	0.038159830000000006
1506.0	1	8	0.014310999999999999	0.3757315883382744	0.1	0.03808836000000001
1506.5	1	8	0.01428275	0.37569485562864297	0.1	0.038016890000000005
1507.0	1	8	0.0142545	0.37565798454727867	0.1	0.03794542
1507.5	1	8	0.01422625	0.3756209743108389	0.1	0.03787395
1508.0	1	8	0.014198	0.3755838241300571	0.1	0.03780248
1508.5	1	8	0.01416975	0.3755465332096861	0.1	0.03773101
1509.0	1	8	0.0141415	0.3755091007484424	0.1	0.037659540000000005
1509.5	1	8	0.01411325	0.37547152593894817	0.1	0.03758807
1510.0	1	8	0.014085	0.375433807967673	0.1	0.0375166
1510.5	1	8	0.01405675	0.37539594601487564	0.1	0.03744512999999999
1511.0	1	8	0.0140285	0.37535793925454447	0.1	0.03737366
1511.5	1	8	0.01400025	0.37531978685433753	0.1	0.03730219
1512.0	1	8	0.013972	0.3752814879755213	0.1	0.03723072
1512.5	1	8	0.01394375	0.3752430417729098	0.1	0.037159250000000005
1513.0	1	8	0.0139155	0.3752044473948023	0.1	0.03708778
1513.5	1	8	0.01388725	0.37516570398292	0.1	0.03701631
1514.0	1	8	0.013859	0.3751268106723428	0.1	0.03694484000000001
1514.5	1	8	0.01383075	0.3750877665914452	0.1	0.03687337
1515.0	1	8	0.0138025	0.3750485708618305	0.1	0.0368019
1515.5	1	8	0.01377425	0.37500922259826525	0.1	0.03673043
1516.0	1	8	0.013746	0.37496972090861275	0.1	0.036658960000000004
1516.5	1	8	0.01371775	0.3749300648937656	0.1	0.03658749
1517.0	1	8	0.0136895	0.37489025364757717	0.1	0.036516019999999996
1517.5	1	8	0.01366125	0.3748502862567928	0.1	0.036444550000000006
1518.0	1	8	0.013633	0.37481016180098026	0.1	0.03637308
1518.5	1	8	0.01360475	0.3747698793524585	0.1	0.03630161
1519.0	1	8	0.0135765	0.37472943797622643	0.1	0.03623014
1519.5	1	8	0.01354825	0.37468883672989073	0.1	0.036158670000000004
1520.0	1	8	0.01352	0.3746480746635927	0.1	0.0360872
1520.5	1	8	0.01349175	0.3746071508199334	0.1	0.03601573
1521.0	1	8	0.0134635	0.3745660642338999	0.1	0.035944260000000006
1521.5	1	8	0.01343525	0.3745248139327886	0.1	0.03587279
1522.0	1	8	0.013407	0.37448339893612864	0.1	0.03580132
1522.5	1	8	0.01337875	0.3744418182556042	0.1	0.03572985
1523.0	1	8	0.0133505	0.3744000708949761	0.1	0.03565838
1523.5	1	8	0.01332225	0.37435815585000215	0.1	0.03558691
1524.0	1	8	0.013294	0.3743160721083562	0.1	0.03551544000000001
1524.5	1	8	0.01326575	0.3742738186495474	0.1	0.03544397
1525.0	1	8	0.0132375	0.37423139444483705	0.1	0.0353725
1525.5	1	8	0.01320925	0.3741887984571555	0.1	0.035301030000000004
1526.0	1	8	0.013181	0.3741460296410174	0.1	0.03522956
1526.5	1	8	0.01315275	0.37410308694243627	0.1	0.03515809
1527.0	1	8	0.0131245	0.37405996929883817	0.1	0.03508662
1527.5	1	8	0.01309625	0.3740166756389734	0.1	0.03501515
1528.0	1	8	0.013068	0.37397320488282854	0.1	0.034943680000000005
1528.5	1	8	0.01303975	0.3739295559415362	0.1	0.03487221
1529.0	1	8	0.0130115	0.37388572771728423	0.1	0.03480074
1529.5	1	8	0.01298325	0.37384171910322334	0.1	0.03472927
1530.0	1	8	0.012955	0.37379752898337454	0.1	0.0346578
1530.5	1	8	0.01292675	0.3737531562325347	0.1	0.03458633
1531.0	1	8	0.0128985	0.3737085997161802	0.1	0.03451486
1531.5	1	8	0.01287025	0.37366385829037146	0.1	0.034443390000000004
1532.0	1	8	0.012842	0.37361893080165437	0.1	0.03437192
1532.5	1	8	0.01281375	0.373573816086961	0.1	0.034300449999999996
1533.0	1	8	0.0127855	0.37352851297350953	0.1	0.034228980000000006
1533.5	1	8	0.01275725	0.37348302027870295	0.1	0.03415751
1534.0	1	8	0.012729	0.3734373368100255	0.1	0.03408604
1534.5	1	8	0.01270075	0.3733914613649386	0.1	0.03401457
1535.0	1	8	0.0126725	0.3733453927307759	0.1	0.033943100000000004
1535.5	1	8	0.01264425	0.37329912968463574	0.1	0.03387163
1536.0	1	8	0.012616	0.3732526709932734	0.1	0.03380016
1536.5	1	8	0.01258775	0.3732060154129911	0.1	0.033728690000000006
1537.0	1	8	0.012559500000000001	0.37315916168952756	0.1	0.03365722
1537.5	1	8	0.01253125	0.373112108557945	0.1	0.03358575
1538.0	1	8	0.012503	0.3730648547425157	0.1	0.03351428
1538.5	1	8	0.01247475	0.3730173989566068	0.1	0.03344281
1539.0	1	8	0.0124465	0.3729697399025631	0.1	0.03337134
1539.5	1	8	0.01241825	0.372921876271589	0.1	0.03329987
1540.0	1	8	0.01239	0.3728738067436289	0.1	0.033228400000000005
1540.5	1	8	0.012361750000000001	0.37282552998724555	0.1	0.033156929999999994
1541.0	1	8	0.0123335	0.372777044659497	0.1	0.03308546
1541.5	1	8	0.01230525	0.3727283494058125	0.1	0.03301399
1542.0	1	8	0.012277	0.37267944285986615	0.1	0.03294252
1542.5	1	8	0.01224875	0.37263032364344917	0.1	0.03287105
1543.0	1	8	0.0122205	0.37258099036634007	0.1	0.03279958
1543.5	1	8	0.01219225	0.3725314416261739	0.1	0.032728110000000005
1544.0	1	8	0.012164000000000001	0.3724816760083095	0.1	0.03265664
1544.5	1	8	0.01213575	0.37243169208569427	0.1	0.03258517
1545.0	1	8	0.0121075	0.3723814884187281	0.1	0.0325137
1545.5	1	8	0.01207925	0.37233106355512546	0.1	0.03244223000000001
1546.0	1	8	0.012051	0.372280416029775	0.1	0.03237076
1546.5	1	8	0.01202275	0.3722295443645975	0.1	0.03229929
1547.0	1	8	0.0119945	0.37217844706840236	0.1	0.032227820000000004
1547.5	1	8	0.011966250000000001	0.3721271226367421	0.1	0.03215635
1548.0	1	8	0.011938	0.372075569551764	0.1	0.032084879999999996
1548.5	1	8	0.01190975	0.3720237862820611	0.1	0.032013410000000006
1549.0	1	8	0.0118815	0.3719717712825207	0.1	0.03194194
1549.5	1	8	0.01185325	0.37191952299416986	0.1	0.03187047
1550.0	1	8	0.011825	0.37186703984402025	0.1	0.031799
1550.5	1	8	0.01179675	0.3718143202449103	0.1	0.031727530000000004
1551.0	1	8	0.011768500000000001	0.37176136259534515	0.1	0.03165606
1551.5	1	8	0.01174025	0.371708165279334	0.1	0.03158459
1552.0	1	8	0.011712	0.37165472666622656	0.1	0.031513120000000006
1552.5	1	8	0.01168375	0.37160104511054604	0.1	0.031441649999999995
1553.0	1	8	0.011655500000000001	0.3715471189518199	0.1	0.03137018
1553.5	1	8	0.01162725	0.37149294651440906	0.1	0.03129871
1554.0	1	8	0.011599	0.37143852610733447	0.1	0.031227240000000003
1554.5	1	8	0.011570750000000001	0.3713838560241009	0.1	0.031155769999999996
1555.0	1	8	0.0115425	0.37132893454251825	0.1	0.031084300000000002
1555.5	1	8	0.01151425	0.37127375992452155	0.1	0.031012830000000005
1556.0	1	8	0.011486	0.37121833041598684	0.1	0.030941360000000005
1556.5	1	8	0.011457750000000001	0.37116264424654577	0.1	0.03086989
1557.0	1	8	0.0114295	0.3711066996293966	0.1	0.03079842
1557.5	1	8	0.01140125	0.3710504947611136	0.1	0.03072695
1558.0	1	8	0.011373	0.3709940278214531	0.1	0.030655480000000002
1558.5	1	8	0.01134475	0.3709372969731569	0.1	0.03058401
1559.0	1	8	0.0113165	0.3708803003617529	0.1	0.030512539999999998
1559.5	1	8	0.01128825	0.37082303611535333	0.1	0.030441070000000004
1560.0	1	8	0.011260000000000001	0.3707655023444497	0.1	0.0303696
1560.5	1	8	0.01123175	0.3707076971417048	0.1	0.030298129999999996
1561.0	1	8	0.0112035	0.37064961858174206	0.1	0.03022666
1561.5	1	8	0.01117525	0.3705912647209319	0.1	0.030155190000000005
1562.0	1	8	0.011147	0.3705326335971748	0.1	0.03008372
1562.5	1	8	0.01111875	0.3704737232296812	0.1	0.03001225
1563.0	1	8	0.0110905	0.3704145316187487	0.1	0.029940780000000004
1563.5	1	8	0.011062250000000001	0.3703550567455358	0.1	0.029869310000000003
1564.0	1	8	0.011034	0.370295296571832	0.1	0.029797840000000003
1564.5	1	8	0.01100575	0.3702352490398256	0.1	0.029726370000000002
1565.0	1	8	0.0109775	0.37017491207186665	0.1	0.0296549
1565.5	1	8	0.01094925	0.37011428357022835	0.1	0.02958343
1566.0	1	8	0.010921	0.37005336141686285	0.1	0.02951196
1566.5	1	8	0.01089275	0.3699921434731555	0.1	0.029440489999999996
1567.0	1	8	0.0108645	0.3699306275796741	0.1	0.029369019999999996
1567.5	1	8	0.01083625	0.36986881155591506	0.1	0.029297550000000002
1568.0	1	8	0.010808	0.36980669320004594	0.1	0.02922608
1568.5	1	8	0.01077975	0.3697442702886439	0.1	0.02915461
1569.0	1	8	0.0107515	0.3696815405764302	0.1	0.02908314
1569.5	1	8	0.01072325	0.3696185017960014	0.1	0.02901167
1570.0	1	8	0.010695	0.3695551516575559	0.1	0.0289402
1570.5	1	8	0.01066675	0.3694914878486168	0.1	0.02886873
1571.0	1	8	0.0106385	0.3694275080337504	0.1	0.02879726
1571.5	1	8	0.01061025	0.3693632098542807	0.1	0.028725790000000005
1572.0	1	8	0.010582	0.36929859092799966	0.1	0.02865432
1572.5	1	8	0.01055375	0.36923364884887266	0.1	0.02858285
1573.0	1	8	0.0105255	0.36916838118674017	0.1	0.02851138
1573.5	1	8	0.01049725	0.36910278548701453	0.1	0.02843991
1574.0	1	8	0.010469	0.3690368592703722	0.1	0.028368440000000005
1574.5	1	8	0.01044075	0.36897060003244164	0.1	0.02829697
1575.0	1	8	0.0104125	0.3689040052434855	0.1	0.0282255
1575.5	1	8	0.01038425	0.36883707234807944	0.1	0.02815403
1576.0	1	8	0.010356	0.368769798764785	0.1	0.028082560000000003
1576.5	1	8	0.01032775	0.3687021818858173	0.1	0.028011090000000002
1577.0	1	8	0.0102995	0.36863421907670896	0.1	0.027939620000000002
1577.5	1	8	0.010271249999999999	0.368565907675967	0.1	0.02786815
1578.0	1	8	0.010243	0.36849724499472597	0.1	0.02779668
1578.5	1	8	0.01021475	0.36842822831639505	0.1	0.027725210000000004
1579.0	1	8	0.0101865	0.3683588548962997	0.1	0.027653740000000003
1579.5	1	8	0.01015825	0.36828912196131797	0.1	0.027582269999999996
1580.0	1	8	0.01013	0.3682190267095104	0.1	0.027510800000000005
1580.5	1	8	0.01010175	0.36814856630974585	0.1	0.02743933
1581.0	1	8	0.010073499999999999	0.36807773790131926	0.1	0.027367859999999997
1581.5	1	8	0.01004525	0.36800653859356497	0.1	0.027296389999999997
1582.0	1	8	0.010017	0.3679349654654633	0.1	0.02722492
1582.5	1	8	0.00998875	0.36786301556524126	0.1	0.027153449999999996
1583.0	1	8	0.009960499999999999	0.3677906859099666	0.1	0.027081980000000005
1583.5	1	8	0.00993225	0.36771797348513596	0.1	0.02701051
1584.0	1	8	0.009904	0.36764487524425515	0.1	0.02693904
1584.5	1	8	0.009875749999999999	0.36757138810841467	0.1	0.02686757
1585.0	1	8	0.009847499999999999	0.3674975089658569	0.1	0.026796100000000003
1585.5	1	8	0.00981925	0.3674232346715371	0.1	0.02672463
1586.0	1	8	0.009791	0.3673485620466766	0.1	0.02665316
1586.5	1	8	0.00976275	0.3672734878783102	0.1	0.026581690000000005
1587.0	1	8	0.0097345	0.3671980089188245	0.1	0.02651022
1587.5	1	8	0.00970625	0.36712212188549004	0.1	0.02643875
1588.0	1	8	0.009677999999999999	0.3670458234599852	0.1	0.02636728
1588.5	1	8	0.009649749999999999	0.36696911028791274	0.1	0.02629581
1589.0	1	8	0.0096215	0.3668919789783079	0.1	0.026224340000000002
1589.5	1	8	0.00959325	0.3668144261031389	0.1	0.02615287
1590.0	1	8	0.009564999999999999	0.3667364481967992	0.1	0.0260814
1590.5	1	8	0.00953675	0.366658041755591	0.1	0.02600993
1591.0	1	8	0.0095085	0.36657920323720067	0.1	0.02593846
1591.5	1	8	0.009480249999999999	0.3664999290601651	0.1	0.02586699
1592.0	1	8	0.009451999999999999	0.3664202156033295	0.1	0.025795520000000002
1592.5	1	8	0.00942375	0.36634005920529616	0.1	0.025724050000000002
1593.0	1	8	0.0093955	0.3662594561638634	0.1	0.025652579999999998
1593.5	1	8	0.009367249999999999	0.36617840273545593	0.1	0.025581109999999997
1594.0	1	8	0.009339	0.36609689513454524	0.1	0.02550964
1594.5	1	8	0.00931075	0.36601492953306	0.1	0.02543817
1595.0	1	8	0.009282499999999999	0.365932502059787	0.1	0.0253667
1595.5	1	8	0.009254249999999999	0.36584960879976175	0.1	0.025295230000000005
1596.0	1	8	0.009226	0.3657662457936485	0.1	0.025223759999999998
1596.5	1	8	0.00919775	0.3656824090371095	0.1	0.025152289999999997
1597.0	1	8	0.009169499999999999	0.36559809448016445	0.1	0.02508082
1597.5	1	8	0.00914125	0.3655132980265381	0.1	0.02500935
1598.0	1	8	0.009113	0.36542801553299636	0.1	0.024937880000000003
1598.5	1	8	0.009084749999999999	0.36534224280867234	0.1	0.024866410000000005
1599.0	1	8	0.009056499999999999	0.3652559756143793	0.1	0.024794940000000005
1599.5	1	8	0.00902825	0.3651692096619123	0.1	0.02472347
1600.0	1	8	0.009	0.36508194061333765	0.1	0.024652
1600.5	1	8	0.008988	0.3649242359957076	0.1	0.02462977
1601.0	1	8	0.008976	0.36476624644316336	0.1	0.02460754
1601.5	1	8	0.008964	0.3646079711827917	0.1	0.024585309999999996
1602.0	1	8	0.008952	0.36444940943888143	0.1	0.02456308
1602.5	1	8	0.00894	0.36429056043291086	0.1	0.02454085
1603.0	1	8	0.008928	0.3641314233835346	0.1	0.024518620000000005
1603.5	1	8	0.008915999999999999	0.36397199750657133	0.1	0.024496389999999996
1604.0	1	8	0.008903999999999999	0.36381228201499044	0.1	0.024474160000000002
1604.5	1	8	0.008891999999999999	0.36365227611889933	0.1	0.024451930000000004
1605.0	1	8	0.008879999999999999	0.3634919790255304	0.1	0.0244297
1605.5	1	8	0.008868	0.3633313899392276	0.1	0.02440747
1606.0	1	8	0.008856	0.36317050806143386	0.1	0.02438524
1606.5	1	8	0.008844	0.3630093325906774	0.1	0.024363009999999997
1607.0	1	8	0.008832	0.3628478627225586	0.1	0.02434078
1607.5	1	8	0.00882	0.36268609764973647	0.1	0.024318550000000005
1608.0	1	8	0.008808	0.36252403656191556	0.1	0.02429632
1608.5	1	8	0.008796	0.3623616786458318	0.1	0.024274090000000005
1609.0	1	8	0.008784	0.36219902308523966	0.1	0.02425186
1609.5	1	8	0.008771999999999999	0.36203606906089764	0.1	0.024229630000000005
1610.0	1	8	0.008759999999999999	0.3618728157505556	0.1	0.0242074
1610.5	1	8	0.008747999999999999	0.3617092623289396	0.1	0.024185169999999995
1611.0	1	8	0.008735999999999999	0.361545407967739	0.1	0.02416294
1611.5	1	8	0.008723999999999999	0.3613812518355922	0.1	0.02414071
1612.0	1	8	0.008712	0.3612167930980725	0.1	0.02411848
1612.5	1	8	0.0087	0.3610520309176739	0.1	0.02409625
1613.0	1	8	0.008688	0.36088696445379703	0.1	0.02407402
1613.5	1	8	0.008676	0.3607215928627349	0.1	0.024051790000000003
1614.0	1	8	0.008664	0.36055591529765835	0.1	0.024029560000000002
1614.5	1	8	0.008652	0.36038993090860166	0.1	0.02400733
1615.0	1	8	0.00864	0.36022363884244807	0.1	0.023985099999999995
1615.5	1	8	0.008628	0.36005703824291496	0.1	0.02396287
1616.0	1	8	0.008615999999999999	0.3598901282505396	0.1	0.02394064
1616.5	1	8	0.008603999999999999	0.359722908002664	0.1	0.02391841
1617.0	1	8	0.008591999999999999	0.35955537663342	0.1	0.02389618
1617.5	1	8	0.008579999999999999	0.3593875332737146	0.1	0.02387395
1618.0	1	8	0.008568	0.3592193770512147	0.1	0.023851720000000003
1618.5	1	8	0.008556	0.35905090709033216	0.1	0.023829490000000002
1619.0	1	8	0.008544	0.3588821225122084	0.1	0.02380726
1619.5	1	8	0.008532	0.3587130224346995	0.1	0.02378503
1620.0	1	8	0.00852	0.3585436059723601	0.1	0.0237628
1620.5	1	8	0.008508	0.358373872236429	0.1	0.02374057
1621.0	1	8	0.008496	0.35820382033481263	0.1	0.02371834
1621.5	1	8	0.008484	0.35803344937206993	0.1	0.023696110000000003
1622.0	1	8	0.008472	0.3578627584493965	0.1	0.02367388
1622.5	1	8	0.008459999999999999	0.35769174666460896	0.1	0.023651650000000003
1623.0	1	8	0.008447999999999999	0.3575204131121288	0.1	0.02362942
1623.5	1	8	0.008435999999999999	0.3573487568829665	0.1	0.023607190000000004
1624.0	1	8	0.008424	0.3571767770647056	0.1	0.023584960000000002
1624.5	1	8	0.008412	0.3570044727414862	0.1	0.02356273
1625.0	1	8	0.0084	0.35683184299398907	0.1	0.0235405
1625.5	1	8	0.008388	0.356658886899419	0.1	0.02351827
1626.0	1	8	0.008376	0.3564856035314887	0.1	0.02349604
1626.5	1	8	0.008364	0.3563119919604018	0.1	0.02347381
1627.0	1	8	0.008352	0.3561380512528367	0.1	0.02345158
1627.5	1	8	0.00834	0.35596378047192945	0.1	0.023429349999999998
1628.0	1	8	0.008327999999999999	0.3557891786772571	0.1	0.02340712
1628.5	1	8	0.008315999999999999	0.3556142449248211	0.1	0.02338489
1629.0	1	8	0.008303999999999999	0.35543897826702947	0.1	0.02336266
1629.5	1	8	0.008291999999999999	0.35526337775268063	0.1	0.02334043
1630.0	1	8	0.00828	0.35508744242694545	0.1	0.0233182
1630.5	1	8	0.008268	0.3549111713313504	0.1	0.02329597
1631.0	1	8	0.008256	0.35473456350376	0.1	0.023273740000000005
1631.5	1	8	0.008244	0.3545576179783592	0.1	0.023251510000000003
1632.0	1	8	0.008232	0.35438033378563605	0.1	0.02322928
1632.5	1	8	0.00822	0.35420270995236364	0.1	0.02320705
1633.0	1	8	0.008208	0.35402474550158247	0.1	0.023184820000000002
1633.5	1	8	0.008196	0.3538464394525828	0.1	0.023162589999999997
1634.0	1	8	0.008184	0.3536677908208861	0.1	0.023140360000000002
1634.5	1	8	0.008171999999999999	0.3534887986182273	0.1	0.023118129999999997
1635.0	1	8	0.008159999999999999	0.3533094618525366	0.1	0.0230959
1635.5	1	8	0.008147999999999999	0.35312977952792074	0.1	0.02307367
1636.0	1	8	0.008136	0.3529497506446452	0.1	0.02305144
1636.5	1	8	0.008124	0.3527693741991149	0.1	0.023029209999999998
1637.0	1	8	0.008112	0.35258864918385635	0.1	0.02300698
1637.5	1	8	0.0081	0.35240757458749816	0.1	0.022984750000000005
1638.0	1	8	0.008088	0.35222614939475283	0.1	0.02296252
1638.5	1	8	0.008076	0.35204437258639715	0.1	0.022940289999999995
1639.0	1	8	0.008064	0.35186224313925346	0.1	0.02291806
1639.5	1	8	0.008052	0.35167976002617074	0.1	0.02289583
1640.0	1	8	0.00804	0.3514969222160045	0.1	0.0228736
1640.5	1	8	0.008028	0.35131372867359817	0.1	0.02285137
1641.0	1	8	0.008015999999999999	0.35113017835976296	0.1	0.02282914
1641.5	1	8	0.008003999999999999	0.3509462702312588	0.1	0.02280691
1642.0	1	8	0.007991999999999999	0.350762003240774	0.1	0.02278468
1642.5	1	8	0.00798	0.3505773763369057	0.1	0.02276245
1643.0	1	8	0.007968	0.3503923884641397	0.1	0.022740220000000002
1643.5	1	8	0.007956	0.3502070385628306	0.1	0.02271799
1644.0	1	8	0.007944	0.3500213255691812	0.1	0.02269576
1644.5	1	8	0.007932	0.3498352484152225	0.1	0.022673529999999997
1645.0	1	8	0.00792	0.34964880602879306	0.1	0.0226513
1645.5	1	8	0.007908	0.34946199733351835	0.1	0.022629069999999998
1646.0	1	8	0.007896	0.3492748212487902	0.1	0.022606839999999996
1646.5	1	8	0.007883999999999999	0.3490872766897457	0.1	0.022584610000000005
1647.0	1	8	0.007872	0.3488993625672469	0.1	0.022562380000000003
1647.5	1	8	0.007859999999999999	0.3487110777878585	0.1	0.022540150000000002
1648.0	1	8	0.007847999999999999	0.34852242125382804	0.1	0.022517919999999997
1648.5	1	8	0.007836	0.34833339186306356	0.1	0.02249569
1649.0	1	8	0.007824	0.3481439885091125	0.1	0.02247346
1649.5	1	8	0.0078119999999999995	0.3479542100811403	0.1	0.02245123
1650.0	1	8	0.0078	0.3477640554639083	0.1	0.022429
1650.5	1	8	0.007788	0.3475735235377522	0.1	0.02240677
1651.0	1	8	0.007776	0.34738261317855984	0.1	0.022384539999999998
1651.5	1	8	0.007764	0.3471913232577493	0.1	0.02236231
1652.0	1	8	0.007751999999999999	0.3469996526422466	0.1	0.02234008
1652.5	1	8	0.0077399999999999995	0.34680760019446316	0.1	0.02231785
1653.0	1	8	0.007728	0.34661516477227367	0.1	0.02229562
1653.5	1	8	0.007716	0.34642234522899296	0.1	0.022273390000000004
1654.0	1	8	0.007704	0.34622914041335373	0.1	0.02225116
1654.5	1	8	0.007692	0.3460355491694832	0.1	0.022228929999999997
1655.0	1	8	0.007679999999999999	0.3458415703368803	0.1	0.0222067
1655.5	1	8	0.0076679999999999995	0.34564720275039246	0.1	0.02218447
1656.0	1	8	0.007656	0.3454524452401923	0.1	0.02216224
1656.5	1	8	0.007644	0.345257296631754	0.1	0.02214001
1657.0	1	8	0.007632	0.3450617557458298	0.1	0.02211778
1657.5	1	8	0.00762	0.3448658213984264	0.1	0.02209555
1658.0	1	8	0.007607999999999999	0.34466949240078065	0.1	0.02207332
1658.5	1	8	0.0075959999999999995	0.34447276755933603	0.1	0.022051090000000002
1659.0	1	8	0.007584	0.3442756456757181	0.1	0.022028859999999997
1659.5	1	8	0.007572	0.34407812554671025	0.1	0.02200663
1660.0	1	8	0.00756	0.34388020596422914	0.1	0.0219844
1660.5	1	8	0.007548	0.34368188571530045	0.1	0.02196217
1661.0	1	8	0.007535999999999999	0.34348316358203346	0.1	0.02193994
1661.5	1	8	0.0075239999999999994	0.3432840383415968	0.1	0.021917709999999997
1662.0	1	8	0.007512	0.3430845087661928	0.1	0.021895480000000002
1662.5	1	8	0.0075	0.3428845736230327	0.1	0.02187325
1663.0	1	8	0.007488	0.3426842316743109	0.1	0.02185102
1663.5	1	8	0.007476	0.3424834816771795	0.1	0.02182879
1664.0	1	8	0.007464	0.3422823223837231	0.1	0.02180656
1664.5	1	8	0.007451999999999999	0.3420807525409319	0.1	0.02178433
1665.0	1	8	0.0074399999999999996	0.3418787708906769	0.1	0.021762099999999996
1665.5	1	8	0.007428	0.34167637616968266	0.1	0.02173987
1666.0	1	8	0.007416	0.3414735671095018	0.1	0.02171764
1666.5	1	8	0.007404	0.34127034243648774	0.1	0.02169541
1667.0	1	8	0.007392	0.3410667008717687	0.1	0.02167318
1667.5	1	8	0.007379999999999999	0.34086264113122056	0.1	0.02165095
1668.0	1	8	0.0073679999999999995	0.34065816192543985	0.1	0.02162872
1668.5	1	8	0.007356	0.34045326195971676	0.1	0.021606489999999996
1669.0	1	8	0.007344	0.3402479399340074	0.1	0.02158426
1669.5	1	8	0.007332	0.34004219454290713	0.1	0.02156203
1670.0	1	8	0.00732	0.33983602447562183	0.1	0.021539800000000005
1670.5	1	8	0.007307999999999999	0.339629428415941	0.1	0.02151757
1671.0	1	8	0.0072959999999999995	0.3394224050422091	0.1	0.021495339999999998
1671.5	1	8	0.007284	0.33921495302729787	0.1	0.02147311
1672.0	1	8	0.007272	0.33900707103857747	0.1	0.02145088
1672.5	1	8	0.00726	0.3387987577378883	0.1	0.02142865
1673.0	1	8	0.007248	0.3385900117815123	0.1	0.02140642
1673.5	1	8	0.007235999999999999	0.3383808318201437	0.1	0.02138419
1674.0	1	8	0.0072239999999999995	0.33817121649886056	0.1	0.02136196
1674.5	1	8	0.007212	0.3379611644570948	0.1	0.021339729999999998
1675.0	1	8	0.0072	0.3377506743286033	0.1	0.0213175
1675.5	1	8	0.007188	0.33753974474143794	0.1	0.021295269999999998
1676.0	1	8	0.007176	0.337328374317916	0.1	0.02127304
1676.5	1	8	0.007164	0.3371165616745903	0.1	0.02125081
1677.0	1	8	0.0071519999999999995	0.3369043054222185	0.1	0.02122858
1677.5	1	8	0.00714	0.3366916041657334	0.1	0.021206349999999995
1678.0	1	8	0.007128	0.3364784565042116	0.1	0.021184120000000004
1678.5	1	8	0.007116	0.3362648610308437	0.1	0.021161889999999996
1679.0	1	8	0.007104	0.33605081633290224	0.1	0.02113966
1679.5	1	8	0.007091999999999999	0.33583632099171157	0.1	0.02111743
1680.0	1	8	0.0070799999999999995	0.3356213735826159	0.1	0.0210952
1680.5	1	8	0.007068	0.33540597267494804	0.1	0.02107297
1681.0	1	8	0.007056	0.3351901168319974	0.1	0.021050739999999995
1681.5	1	8	0.007044	0.33497380461097814	0.1	0.02102851
1682.0	1	8	0.007032	0.3347570345629974	0.1	0.02100628
1682.5	1	8	0.00702	0.33453980523302224	0.1	0.020984049999999997
1683.0	1	8	0.0070079999999999995	0.3343221151598478	0.1	0.020961819999999996
1683.5	1	8	0.006996	0.3341039628760639	0.1	0.02093959
1684.0	1	8	0.006984	0.3338853469080228	0.1	0.02091736
1684.5	1	8	0.006972	0.33366626577580516	0.1	0.020895129999999998
1685.0	1	8	0.00696	0.33344671799318737	0.1	0.0208729
1685.5	1	8	0.006948	0.3332267020676074	0.1	0.02085067
1686.0	1	8	0.0069359999999999995	0.3330062165001315	0.1	0.02082844
1686.5	1	8	0.006924	0.33278525978541984	0.1	0.02080621
1687.0	1	8	0.006912	0.3325638304116921	0.1	0.02078398
1687.5	1	8	0.0069	0.33234192686069336	0.1	0.02076175
1688.0	1	8	0.006888	0.33211954760765916	0.1	0.020739520000000004
1688.5	1	8	0.006876	0.33189669112128084	0.1	0.02071729
1689.0	1	8	0.006864	0.33167335586366986	0.1	0.020695060000000005
1689.5	1	8	0.006852	0.3314495402903231	0.1	0.02067283
1690.0	1	8	0.00684	0.3312252428500867	0.1	0.020650599999999998
1690.5	1	8	0.006828	0.3310004619851205	0.1	0.020628369999999997
1691.0	1	8	0.006816	0.3307751961308619	0.1	0.020606140000000002
1691.5	1	8	0.006804	0.3305494437159898	0.1	0.02058391
1692.0	1	8	0.006791999999999999	0.3303232031623875	0.1	0.02056168
1692.5	1	8	0.00678	0.3300964728851064	0.1	0.020539450000000004
1693.0	1	8	0.006768	0.3298692512923291	0.1	0.02051722
1693.5	1	8	0.006756	0.3296415367853314	0.1	0.02049499
1694.0	1	8	0.006744	0.32941332775844584	0.1	0.02047276
1694.5	1	8	0.006732	0.3291846225990231	0.1	0.02045053
1695.0	1	8	0.00672	0.32895541968739445	0.1	0.020428300000000003
1695.5	1	8	0.006708	0.32872571739683343	0.1	0.02040607
1696.0	1	8	0.006696	0.3284955140935172	0.1	0.02038384
1696.5	1	8	0.006684	0.32826480813648823	0.1	0.02036161
1697.0	1	8	0.006672	0.32803359787761477	0.1	0.020339379999999997
1697.5	1	8	0.00666	0.32780188166155194	0.1	0.02031715
1698.0	1	8	0.006647999999999999	0.32756965782570213	0.1	0.020294920000000004
1698.5	1	8	0.0066359999999999995	0.32733692470017545	0.1	0.02027269
1699.0	1	8	0.006624	0.3271036806077492	0.1	0.020250459999999998
1699.5	1	8	0.006612	0.3268699238638279	0.1	0.020228230000000003
1700.0	1	8	0.0066	0.326635652776403	0.1	0.020206000000000002
1700.5	1	8	0.006588	0.3264008656460116	0.1	0.02018377
1701.0	1	8	0.006576	0.32616556076569553	0.1	0.02016154
1701.5	1	8	0.006564	0.3259297364209598	0.1	0.02013931
1702.0	1	8	0.006552	0.32569339088973154	0.1	0.02011708
1702.5	1	8	0.00654	0.32545652244231726	0.1	0.02009485
1703.0	1	8	0.006528	0.32521912934136155	0.1	0.02007262
1703.5	1	8	0.006516	0.32498120984180356	0.1	0.02005039
1704.0	1	8	0.006504	0.3247427621908353	0.1	0.02002816
1704.5	1	8	0.006492	0.3245037846278579	0.1	0.020005929999999998
1705.0	1	8	0.00648	0.3242642753844383	0.1	0.0199837
1705.5	1	8	0.006468	0.3240242326842663	0.1	0.01996147
1706.0	1	8	0.006456	0.32378365474310955	0.1	0.01993924
1706.5	1	8	0.006444	0.3235425397687705	0.1	0.01991701
1707.0	1	8	0.006432	0.32330088596104106	0.1	0.019894779999999997
1707.5	1	8	0.00642	0.32305869151165806	0.1	0.01987255
1708.0	1	8	0.006408	0.32281595460425827	0.1	0.019850319999999998
1708.5	1	8	0.006396	0.3225726734143329	0.1	0.01982809
1709.0	1	8	0.006384	0.3223288461091818	0.1	0.01980586
1709.5	1	8	0.006372	0.3220844708478677	0.1	0.01978363
1710.0	1	8	0.00636	0.3218395457811694	0.1	0.0197614
1710.5	1	8	0.006348	0.3215940690515356	0.1	0.01973917
1711.0	1	8	0.006336	0.32134803879303786	0.1	0.01971694
1711.5	1	8	0.006324	0.32110145313132304	0.1	0.01969471
1712.0	1	8	0.006312	0.3208543101835661	0.1	0.01967248
1712.5	1	8	0.0063	0.3206066080584216	0.1	0.01965025
1713.0	1	8	0.006288	0.3203583448559763	0.1	0.019628020000000003
1713.5	1	8	0.006276	0.32010951866769977	0.1	0.019605789999999994
1714.0	1	8	0.0062640000000000005	0.31986012757639576	0.1	0.01958356
1714.5	1	8	0.006252	0.3196101696561532	0.1	0.019561330000000002
1715.0	1	8	0.00624	0.3193596429722966	0.1	0.019539099999999997
1715.5	1	8	0.006228	0.31910854558133556	0.1	0.01951687
1716.0	1	8	0.006216	0.3188568755309152	0.1	0.01949464
1716.5	1	8	0.006204	0.3186046308597652	0.1	0.01947241
1717.0	1	8	0.0061920000000000005	0.31835180959764897	0.1	0.01945018
1717.5	1	8	0.00618	0.31809840976531234	0.1	0.01942795
1718.0	1	8	0.006168	0.31784442937443186	0.1	0.01940572
1718.5	1	8	0.006156	0.3175898664275628	0.1	0.01938349
1719.0	1	8	0.006144	0.31733471891808696	0.1	0.019361259999999998
1719.5	1	8	0.006132	0.31707898483015956	0.1	0.01933903
1720.0	1	8	0.0061200000000000004	0.31682266213865656	0.1	0.0193168
1720.5	1	8	0.006108	0.31656574880912086	0.1	0.01929457
1721.0	1	8	0.006096	0.3163082427977091	0.1	0.019272339999999995
1721.5	1	8	0.006084	0.3160501420511363	0.1	0.01925011
1722.0	1	8	0.006072	0.3157914445066227	0.1	0.01922788
1722.5	1	8	0.00606	0.3155321480918376	0.1	0.019205649999999998
1723.0	1	8	0.006048	0.3152722507248447	0.1	0.01918342
1723.5	1	8	0.006036	0.3150117503140462	0.1	0.01916119
1724.0	1	8	0.006024	0.31475064475812686	0.1	0.01913896
1724.5	1	8	0.006012	0.3144889319459971	0.1	0.01911673
1725.0	1	8	0.006	0.3142266097567362	0.1	0.0190945
1725.5	1	8	0.005988	0.3139636760595357	0.1	0.01907227
1726.0	1	8	0.005976	0.3137001287136405	0.1	0.01905004
1726.5	1	8	0.0059640000000000006	0.31343596556829195	0.1	0.019027809999999996
1727.0	1	8	0.005952	0.3131711844626683	0.1	0.019005580000000005
1727.5	1	8	0.00594	0.31290578322582685	0.1	0.01898335
1728.0	1	8	0.005928	0.3126397596766436	0.1	0.01896112
1728.5	1	8	0.005916	0.3123731116237541	0.1	0.01893889
1729.0	1	8	0.005904	0.31210583686549315	0.1	0.018916660000000002
1729.5	1	8	0.005892	0.3118379331898342	0.1	0.01889443
1730.0	1	8	0.00588	0.3115693983743284	0.1	0.0188722
1730.5	1	8	0.005868	0.31130023018604275	0.1	0.018849969999999997
1731.0	1	8	0.005856	0.3110304263814988	0.1	0.01882774
1731.5	1	8	0.005844	0.3107599847066099	0.1	0.01880551
1732.0	1	8	0.005832	0.31048890289661873	0.1	0.01878328
1732.5	1	8	0.0058200000000000005	0.3102171786760336	0.1	0.01876105
1733.0	1	8	0.005808	0.30994480975856536	0.1	0.01873882
1733.5	1	8	0.005796	0.309671793847063	0.1	0.018716589999999998
1734.0	1	8	0.005784	0.3093981286334488	0.1	0.01869436
1734.5	1	8	0.005772	0.30912381179865395	0.1	0.018672130000000002
1735.0	1	8	0.00576	0.30884884101255233	0.1	0.018649900000000004
1735.5	1	8	0.0057480000000000005	0.30857321393389514	0.1	0.01862767
1736.0	1	8	0.005736	0.30829692821024385	0.1	0.01860544
1736.5	1	8	0.005724	0.308019981477904	0.1	0.01858321
1737.0	1	8	0.005712	0.307742371361857	0.1	0.018560979999999998
1737.5	1	8	0.0057	0.3074640954756928	0.1	0.01853875
1738.0	1	8	0.005688	0.3071851514215414	0.1	0.01851652
1738.5	1	8	0.0056760000000000005	0.3069055367900039	0.1	0.018494289999999997
1739.0	1	8	0.005664000000000001	0.30662524916008294	0.1	0.018472059999999995
1739.5	1	8	0.005652	0.3063442860991131	0.1	0.01844983
1740.0	1	8	0.00564	0.30606264516269077	0.1	0.0184276
1740.5	1	8	0.005628	0.3057803238946025	0.1	0.01840537
1741.0	1	8	0.005616	0.3054973198267543	0.1	0.01838314
1741.5	1	8	0.0056040000000000005	0.30521363047909933	0.1	0.018360910000000005
1742.0	1	8	0.005592	0.30492925335956567	0.1	0.01833868
1742.5	1	8	0.00558	0.30464418596398324	0.1	0.018316449999999998
1743.0	1	8	0.005568	0.30435842577601013	0.1	0.01829422
1743.5	1	8	0.005556	0.30407197026705907	0.1	0.01827199
1744.0	1	8	0.005544	0.3037848168962222	0.1	0.01824976
1744.5	1	8	0.0055320000000000005	0.3034969631101965	0.1	0.018227530000000002
1745.0	1	8	0.005520000000000001	0.3032084063432078	0.1	0.0182053
1745.5	1	8	0.005508000000000001	0.3029191440169345	0.1	0.01818307
1746.0	1	8	0.005496	0.302629173540431	0.1	0.018160839999999994
1746.5	1	8	0.005484	0.3023384923100502	0.1	0.01813861
1747.0	1	8	0.005472	0.3020470977093658	0.1	0.01811638
1747.5	1	8	0.0054600000000000004	0.3017549871090933	0.1	0.018094149999999996
1748.0	1	8	0.005448	0.30146215786701136	0.1	0.018071919999999998
1748.5	1	8	0.005436	0.3011686073278821	0.1	0.01804969
1749.0	1	8	0.005424	0.3008743328233706	0.1	0.018027459999999995
1749.5	1	8	0.005412	0.3005793316719642	0.1	0.01800523
1750.0	1	8	0.0054	0.3002836011788912	0.1	0.017983
1750.5	1	8	0.005388	0.29998713863603843	0.1	0.01796077
1751.0	1	8	0.005376000000000001	0.29968994132186905	0.1	0.01793854
1751.5	1	8	0.005364000000000001	0.2993920065013388	0.1	0.017916309999999998
1752.0	1	8	0.005352	0.29909333142581235	0.1	0.01789408
1752.5	1	8	0.00534	0.29879391333297894	0.1	0.01787185
1753.0	1	8	0.005328	0.29849374944676693	0.1	0.01784962
1753.5	1	8	0.005316	0.29819283697725807	0.1	0.01782739
1754.0	1	8	0.0053040000000000006	0.29789117312060104	0.1	0.017805159999999997
1754.5	1	8	0.005292000000000001	0.29758875505892457	0.1	0.017782929999999995
1755.0	1	8	0.00528	0.2972855799602493	0.1	0.0177607
1755.5	1	8	0.005268	0.2969816449784001	0.1	0.01773847
1756.0	1	8	0.005256	0.296676947252916	0.1	0.01771624
1756.5	1	8	0.005244	0.2963714839089613	0.1	0.017694010000000003
1757.0	1	8	0.0052320000000000005	0.29606525205723483	0.1	0.017671779999999998
1757.5	1	8	0.005220000000000001	0.29575824879387863	0.1	0.01764955
1758.0	1	8	0.005208	0.2954504712003867	0.1	0.01762732
1758.5	1	8	0.005196	0.295141916343512	0.1	0.01760509
1759.0	1	8	0.005184	0.2948325812751737	0.1	0.01758286
1759.5	1	8	0.005172	0.29452246303236274	0.1	0.01756063
1760.0	1	8	0.0051600000000000005	0.2942115586370479	0.1	0.0175384
1760.5	1	8	0.005148000000000001	0.29389986509607985	0.1	0.017516169999999998
1761.0	1	8	0.005136	0.29358737940109547	0.1	0.01749394
1761.5	1	8	0.005124	0.29327409852842107	0.1	0.01747171
1762.0	1	8	0.005112	0.2929600194389747	0.1	0.01744948
1762.5	1	8	0.0051	0.29264513907816786	0.1	0.01742725
1763.0	1	8	0.0050880000000000005	0.29232945437580654	0.1	0.01740502
1763.5	1	8	0.005076000000000001	0.29201296224599166	0.1	0.01738279
1764.0	1	8	0.005064000000000001	0.291695659587018	0.1	0.01736056
1764.5	1	8	0.005052	0.29137754328127335	0.1	0.01733833
1765.0	1	8	0.00504	0.2910586101951363	0.1	0.0173161
1765.5	1	8	0.005028	0.2907388571788732	0.1	0.017293870000000003
1766.0	1	8	0.0050160000000000005	0.29041828106653456	0.1	0.017271639999999998
1766.5	1	8	0.005004000000000001	0.2900968786758504	0.1	0.01724941
1767.0	1	8	0.004992000000000001	0.2897746468081253	0.1	0.01722718
1767.5	1	8	0.00498	0.28945158224813206	0.1	0.017204950000000004
1768.0	1	8	0.004968	0.28912768176400483	0.1	0.01718272
1768.5	1	8	0.004956	0.288802942107131	0.1	0.01716049
1769.0	1	8	0.0049440000000000005	0.28847736001204327	0.1	0.01713826
1769.5	1	8	0.004932000000000001	0.2881509321963096	0.1	0.017116029999999997
1770.0	1	8	0.004920000000000001	0.28782365536042315	0.1	0.0170938
1770.5	1	8	0.004908	0.287495526187691	0.1	0.01707157
1771.0	1	8	0.004896	0.28716654134412245	0.1	0.01704934
1771.5	1	8	0.004884	0.2868366974783155	0.1	0.017027109999999998
1772.0	1	8	0.0048720000000000005	0.28650599122134357	0.1	0.01700488
1772.5	1	8	0.004860000000000001	0.28617441918664055	0.1	0.01698265
1773.0	1	8	0.004848000000000001	0.2858419779698852	0.1	0.01696042
1773.5	1	8	0.004836	0.28550866414888487	0.1	0.01693819
1774.0	1	8	0.004824	0.28517447428345777	0.1	0.016915959999999997
1774.5	1	8	0.004812	0.2848394049153148	0.1	0.016893729999999996
1775.0	1	8	0.0048000000000000004	0.2845034525679401	0.1	0.016871499999999998
1775.5	1	8	0.004788000000000001	0.28416661374647095	0.1	0.01684927
1776.0	1	8	0.004776000000000001	0.2838288849375767	0.1	0.01682704
1776.5	1	8	0.004764000000000001	0.2834902626093363	0.1	0.01680481
1777.0	1	8	0.004752	0.2831507432111154	0.1	0.01678258
1777.5	1	8	0.00474	0.28281032317344207	0.1	0.01676035
1778.0	1	8	0.004728	0.2824689989078822	0.1	0.01673812
1778.5	1	8	0.004716000000000001	0.28212676680691257	0.1	0.016715889999999994
1779.0	1	8	0.004704000000000001	0.2817836232437944	0.1	0.01669366
1779.5	1	8	0.004692	0.2814395645724452	0.1	0.01667143
1780.0	1	8	0.00468	0.28109458712730945	0.1	0.0166492
1780.5	1	8	0.004668	0.2807486872232283	0.1	0.016626969999999998
1781.0	1	8	0.004656	0.2804018611553087	0.1	0.01660474
1781.5	1	8	0.0046440000000000006	0.28005410519879076	0.1	0.01658251
1782.0	1	8	0.004632000000000001	0.2797054156089149	0.1	0.01656028
1782.5	1	8	0.004620000000000001	0.2793557886207867	0.1	0.01653805
1783.0	1	8	0.004608	0.279005220449242	0.1	0.016515820000000004
1783.5	1	8	0.004596	0.27865370728871036	0.1	0.01649359
1784.0	1	8	0.004584	0.2783012453130768	0.1	0.016471359999999997
1784.5	1	8	0.0045720000000000005	0.27794783067554335	0.1	0.01644913
1785.0	1	8	0.004560000000000001	0.2775934595084891	0.1	0.0164269
1785.5	1	8	0.004548000000000001	0.2772381279233292	0.1	0.01640467
1786.0	1	8	0.004536	0.27688183201037214	0.1	0.016382439999999998
1786.5	1	8	0.004524	0.2765245678386769	0.1	0.01636021
1787.0	1	8	0.004512	0.27616633145590824	0.1	0.016337980000000002
1787.5	1	8	0.0045000000000000005	0.2758071188881909	0.1	0.016315749999999997
1788.0	1	8	0.004488000000000001	0.27544692613996247	0.1	0.01629352
1788.5	1	8	0.004476000000000001	0.2750857491938255	0.1	0.01627129
1789.0	1	8	0.004464000000000001	0.2747235840103982	0.1	0.01624906
1789.5	1	8	0.004452	0.2743604265281636	0.1	0.016226829999999998
1790.0	1	8	0.00444	0.27399627266331783	0.1	0.0162046
1790.5	1	8	0.0044280000000000005	0.2736311183096172	0.1	0.016182369999999998
1791.0	1	8	0.004416000000000001	0.2732649593382236	0.1	0.01616014
1791.5	1	8	0.004404000000000001	0.27289779159754896	0.1	0.01613791
1792.0	1	8	0.004392	0.2725296109130983	0.1	0.01611568
1792.5	1	8	0.00438	0.272160413087312	0.1	0.01609345
1793.0	1	8	0.004368	0.27179019389940534	0.1	0.016071219999999997
1793.5	1	8	0.0043560000000000005	0.27141894910520853	0.1	0.01604899
1794.0	1	8	0.004344000000000001	0.27104667443700414	0.1	0.01602676
1794.5	1	8	0.004332000000000001	0.2706733656033636	0.1	0.01600453
1795.0	1	8	0.004320000000000001	0.2702990182889823	0.1	0.015982299999999998
1795.5	1	8	0.004308000000000001	0.26992362815451315	0.1	0.01596007
1796.0	1	8	0.004296	0.2695471908363994	0.1	0.01593784
1796.5	1	8	0.0042840000000000005	0.2691697019467052	0.1	0.015915609999999997
1797.0	1	8	0.004272000000000001	0.2687911570729449	0.1	0.015893380000000002
1797.5	1	8	0.004260000000000001	0.26841155177791154	0.1	0.01587115
1798.0	1	8	0.004248	0.26803088159950333	0.1	0.01584892
1798.5	1	8	0.004236	0.26764914205054885	0.1	0.015826689999999997
1799.0	1	8	0.004224	0.2672663286186305	0.1	0.01580446
1799.5	1	8	0.0042120000000000005	0.266882436765907	0.1	0.01578223
1800.0	1	8	0.004200000000000001	0.26649746192893403	0.1	0.01576
600.0	0	9	3.5	8.861432513861812	0.2	0.39497
600.5	0	9	3.493225	8.858642056122465	0.2	0.3943296249999999
601.0	0	9	3.48645	8.855842520465062	0.2	0.39368925
601.5	0	9	3.479675	8.853033862519007	0.2	0.3930488749999999
602.0	0	9	3.4729	8.850216037624058	0.2	0.3924085
602.5	0	9	3.466125	8.847389000827977	0.2	0.39176812499999997
603.0	0	9	3.45935	8.844552706884132	0.2	0.39112775
603.5	0	9	3.452575	8.841707110249084	0.2	0.3904873749999999
604.0	0	9	3.4458	8.838852165080148	0.2	0.389847
604.5	0	9	3.439025	8.835987825232934	0.2	0.389206625
605.0	0	9	3.43225	8.833114044258862	0.2	0.38856625
605.5	0	9	3.425475	8.830230775402647	0.2	0.387925875
606.0	0	9	3.4187	8.827337971599762	0.2	0.3872855
606.5	0	9	3.411925	8.82443558547389	0.2	0.386645125
607.0	0	9	3.40515	8.821523569334314	0.2	0.38600475
607.5	0	9	3.398375	8.818601875173336	0.2	0.385364375
608.0	0	9	3.3916	8.815670454663602	0.2	0.38472400000000007
608.5	0	9	3.3848249999999998	8.812729259155477	0.2	0.384083625
609.0	0	9	3.37805	8.80977823967432	0.2	0.38344325
609.5	0	9	3.371275	8.806817346917784	0.2	0.382802875
610.0	0	9	3.3645	8.803846531253068	0.2	0.38216249999999996
610.5	0	9	3.357725	8.800865742714135	0.2	0.381522125
611.0	0	9	3.35095	8.797874930998926	0.2	0.38088174999999996
611.5	0	9	3.344175	8.794874045466514	0.2	0.380241375
612.0	0	9	3.3374	8.791863035134261	0.2	0.37960099999999997
612.5	0	9	3.330625	8.788841848674911	0.2	0.378960625
613.0	0	9	3.3238499999999997	8.785810434413701	0.2	0.37832024999999997
613.5	0	9	3.317075	8.782768740325388	0.2	0.377679875
614.0	0	9	3.3103	8.779716714031288	0.2	0.37703949999999997
614.5	0	9	3.303525	8.776654302796267	0.2	0.376399125
615.0	0	9	3.29675	8.7735814535257	0.2	0.37575875
615.5	0	9	3.289975	8.770498112762406	0.2	0.37511837499999995
616.0	0	9	3.2832	8.767404226683544	0.2	0.374478
616.5	0	9	3.2764249999999997	8.764299741097487	0.2	0.37383762500000006
617.0	0	9	3.26965	8.76118460144066	0.2	0.37319725000000004
617.5	0	9	3.2628749999999997	8.758058752774323	0.2	0.37255687500000007
618.0	0	9	3.2561	8.754922139781376	0.2	0.3719165
618.5	0	9	3.249325	8.751774706763058	0.2	0.371276125
619.0	0	9	3.24255	8.748616397635685	0.2	0.37063575
619.5	0	9	3.235775	8.745447155927286	0.2	0.369995375
620.0	0	9	3.229	8.742266924774269	0.2	0.36935500000000004
620.5	0	9	3.222225	8.739075646917993	0.2	0.36871462499999996
621.0	0	9	3.2154499999999997	8.735873264701347	0.2	0.36807425
621.5	0	9	3.208675	8.732659720065278	0.2	0.36743387499999997
622.0	0	9	3.2018999999999997	8.729434954545269	0.2	0.36679349999999994
622.5	0	9	3.195125	8.72619890926781	0.2	0.366153125
623.0	0	9	3.18835	8.722951524946804	0.2	0.36551274999999994
623.5	0	9	3.181575	8.719692741879953	0.2	0.3648723749999999
624.0	0	9	3.1748	8.71642249994509	0.2	0.364232
624.5	0	9	3.168025	8.713140738596497	0.2	0.363591625
625.0	0	9	3.16125	8.709847396861148	0.2	0.36295125
625.5	0	9	3.1544749999999997	8.706542413334956	0.2	0.362310875
626.0	0	9	3.1477	8.703225726178939	0.2	0.3616705
626.5	0	9	3.1409249999999997	8.699897273115367	0.2	0.361030125
627.0	0	9	3.13415	8.696556991423869	0.2	0.36038975
627.5	0	9	3.127375	8.693204817937488	0.2	0.359749375
628.0	0	9	3.1206	8.689840689038704	0.2	0.359109
628.5	0	9	3.113825	8.686464540655406	0.2	0.358468625
629.0	0	9	3.10705	8.683076308256826	0.2	0.35782824999999996
629.5	0	9	3.100275	8.67967592684942	0.2	0.35718787500000004
630.0	0	9	3.0934999999999997	8.67626333097273	0.2	0.3565475
630.5	0	9	3.086725	8.672838454695167	0.2	0.35590712500000005
631.0	0	9	3.0799499999999997	8.66940123160977	0.2	0.3552667499999999
631.5	0	9	3.073175	8.665951594829911	0.2	0.354626375
632.0	0	9	3.0664	8.662489476984966	0.2	0.35398599999999997
632.5	0	9	3.059625	8.659014810215918	0.2	0.353345625
633.0	0	9	3.05285	8.655527526170932	0.2	0.35270524999999997
633.5	0	9	3.046075	8.652027556000865	0.2	0.352064875
634.0	0	9	3.0393	8.648514830354742	0.2	0.3514245
634.5	0	9	3.0325249999999997	8.64498927937517	0.2	0.35078412499999995
635.0	0	9	3.02575	8.641450832693716	0.2	0.35014375
635.5	0	9	3.0189749999999997	8.637899419426207	0.2	0.34950337499999995
636.0	0	9	3.0122	8.634334968168021	0.2	0.348863
636.5	0	9	3.005425	8.630757406989279	0.2	0.348222625
637.0	0	9	2.9986499999999996	8.627166663430023	0.2	0.3475822499999999
637.5	0	9	2.991875	8.623562664495314	0.2	0.346941875
638.0	0	9	2.9851	8.61994533665029	0.2	0.3463015
638.5	0	9	2.978325	8.61631460581516	0.2	0.345661125
639.0	0	9	2.9715499999999997	8.612670397360159	0.2	0.34502075
639.5	0	9	2.964775	8.609012636100417	0.2	0.344380375
640.0	0	9	2.9579999999999997	8.6053412462908	0.2	0.34374000000000005
640.5	0	9	2.951225	8.601656151620684	0.2	0.343099625
641.0	0	9	2.94445	8.597957275208655	0.2	0.34245925000000005
641.5	0	9	2.9376749999999996	8.594244539597177	0.2	0.3418188749999999
642.0	0	9	2.9309	8.590517866747172	0.2	0.3411785
642.5	0	9	2.9241249999999996	8.586777178032563	0.2	0.34053812499999997
643.0	0	9	2.91735	8.583022394234737	0.2	0.33989775
643.5	0	9	2.9105749999999997	8.579253435536957	0.2	0.33925737499999997
644.0	0	9	2.9038	8.575470221518707	0.2	0.338617
644.5	0	9	2.8970249999999997	8.571672671149965	0.2	0.337976625
645.0	0	9	2.89025	8.567860702785426	0.2	0.33733624999999995
645.5	0	9	2.883475	8.564034234158646	0.2	0.336695875
646.0	0	9	2.8766999999999996	8.560193182376125	0.2	0.3360555
646.5	0	9	2.869925	8.556337463911325	0.2	0.335415125
647.0	0	9	2.8631499999999996	8.552466994598605	0.2	0.33477475000000007
647.5	0	9	2.856375	8.548581689627115	0.2	0.334134375
648.0	0	9	2.8495999999999997	8.544681463534577	0.2	0.33349399999999996
648.5	0	9	2.842825	8.540766230201038	0.2	0.332853625
649.0	0	9	2.8360499999999997	8.536835902842526	0.2	0.33221325
649.5	0	9	2.829275	8.532890394004637	0.2	0.331572875
650.0	0	9	2.8225	8.528929615556043	0.2	0.33093249999999996
650.5	0	9	2.8157249999999996	8.524953478681939	0.2	0.330292125
651.0	0	9	2.80895	8.520961893877402	0.2	0.32965174999999997
651.5	0	9	2.8021749999999996	8.51695477094067	0.2	0.329011375
652.0	0	9	2.7954	8.512932018966353	0.2	0.3283709999999999
652.5	0	9	2.7886249999999997	8.50889354633855	0.2	0.327730625
653.0	0	9	2.78185	8.504839260723914	0.2	0.32709024999999997
653.5	0	9	2.7750749999999997	8.500769069064583	0.2	0.326449875
654.0	0	9	2.7683	8.496682877571097	0.2	0.3258095
654.5	0	9	2.761525	8.492580591715157	0.2	0.325169125
655.0	0	9	2.7547499999999996	8.488462116222369	0.2	0.3245287499999999
655.5	0	9	2.747975	8.484327355064842	0.2	0.323888375
656.0	0	9	2.7411999999999996	8.480176211453744	0.2	0.32324800000000004
656.5	0	9	2.734425	8.476008587831735	0.2	0.32260762499999995
657.0	0	9	2.7276499999999997	8.471824385865332	0.2	0.32196725
657.5	0	9	2.720875	8.467623506437175	0.2	0.321326875
658.0	0	9	2.7140999999999997	8.463405849638198	0.2	0.3206865
658.5	0	9	2.707325	8.45917131475971	0.2	0.32004612499999996
659.0	0	9	2.70055	8.454919800285372	0.2	0.31940575000000004
659.5	0	9	2.693775	8.450651203883107	0.2	0.318765375
660.0	0	9	2.687	8.446365422396857	0.2	0.31812499999999994
660.5	0	9	2.6802249999999996	8.442062351838297	0.2	0.31748462499999996
661.0	0	9	2.67345	8.43774188737842	0.2	0.31684425
661.5	0	9	2.6666749999999997	8.433403923339014	0.2	0.3162038750000001
662.0	0	9	2.6599	8.429048353184065	0.2	0.3155635
662.5	0	9	2.6531249999999997	8.42467506951101	0.2	0.31492312499999997
663.0	0	9	2.64635	8.420283964041934	0.2	0.31428275
663.5	0	9	2.639575	8.415874927614611	0.2	0.313642375
664.0	0	9	2.6328	8.41144785017348	0.2	0.313002
664.5	0	9	2.626025	8.407002620760473	0.2	0.312361625
665.0	0	9	2.61925	8.402539127505744	0.2	0.31172125000000006
665.5	0	9	2.612475	8.398057257618296	0.2	0.311080875
666.0	0	9	2.6056999999999997	8.393556897376468	0.2	0.3104405
666.5	0	9	2.598925	8.38903793211833	0.2	0.30980012500000004
667.0	0	9	2.5921499999999997	8.384500246231925	0.2	0.30915974999999996
667.5	0	9	2.585375	8.379943723145427	0.2	0.308519375
668.0	0	9	2.5786	8.375368245317153	0.2	0.307879
668.5	0	9	2.571825	8.370773694225457	0.2	0.307238625
669.0	0	9	2.56505	8.36615995035849	0.2	0.30659825
669.5	0	9	2.558275	8.361526893203845	0.2	0.305957875
670.0	0	9	2.5515	8.356874401238054	0.2	0.3053175
670.5	0	9	2.5447249999999997	8.352202351915983	0.2	0.304677125
671.0	0	9	2.53795	8.347510621660046	0.2	0.30403675
671.5	0	9	2.5311749999999997	8.342799085849327	0.2	0.303396375
672.0	0	9	2.5244	8.338067618808546	0.2	0.30275599999999997
672.5	0	9	2.517625	8.333316093796869	0.2	0.302115625
673.0	0	9	2.51085	8.328544382996615	0.2	0.30147525
673.5	0	9	2.504075	8.323752357501768	0.2	0.30083487500000006
674.0	0	9	2.4973	8.318939887306398	0.2	0.3001945
674.5	0	9	2.490525	8.31410684129287	0.2	0.299554125
675.0	0	9	2.4837499999999997	8.309253087219975	0.2	0.29891375
675.5	0	9	2.476975	8.304378491710834	0.2	0.298273375
676.0	0	9	2.4701999999999997	8.299482920240699	0.2	0.297633
676.5	0	9	2.463425	8.294566237124574	0.2	0.29699262500000007
677.0	0	9	2.45665	8.289628305504682	0.2	0.29635225
677.5	0	9	2.449875	8.28466898733776	0.2	0.29571187499999996
678.0	0	9	2.4431	8.279688143382197	0.2	0.2950715
678.5	0	9	2.436325	8.27468563318501	0.2	0.294431125
679.0	0	9	2.42955	8.269661315068634	0.2	0.29379074999999993
679.5	0	9	2.4227749999999997	8.264615046117543	0.2	0.29315037499999996
680.0	0	9	2.416	8.259546682164713	0.2	0.29251
680.5	0	9	2.4092249999999997	8.254456077777876	0.2	0.291869625
681.0	0	9	2.40245	8.249343086245629	0.2	0.29122925
681.5	0	9	2.3956749999999998	8.244207559563318	0.2	0.29058887499999997
682.0	0	9	2.3889	8.23904934841877	0.2	0.2899485
682.5	0	9	2.382125	8.233868302177825	0.2	0.28930812499999997
683.0	0	9	2.37535	8.228664268869661	0.2	0.28866775
683.5	0	9	2.368575	8.223437095171944	0.2	0.288027375
684.0	0	9	2.3617999999999997	8.218186626395765	0.2	0.287387
684.5	0	9	2.355025	8.21291270647039	0.2	0.286746625
685.0	0	9	2.34825	8.207615177927782	0.2	0.28610624999999995
685.5	0	9	2.341475	8.202293881886934	0.2	0.2854658749999999
686.0	0	9	2.3346999999999998	8.196948658037991	0.2	0.2848255
686.5	0	9	2.327925	8.191579344626149	0.2	0.284185125
687.0	0	9	2.32115	8.186185778435325	0.2	0.28354475
687.5	0	9	2.314375	8.180767794771644	0.2	0.28290437500000004
688.0	0	9	2.3076	8.175325227446647	0.2	0.2822639999999999
688.5	0	9	2.3008249999999997	8.169857908760317	0.2	0.281623625
689.0	0	9	2.29405	8.164365669483857	0.2	0.28098325
689.5	0	9	2.287275	8.158848338842214	0.2	0.280342875
690.0	0	9	2.2805	8.153305744496386	0.2	0.27970249999999997
690.5	0	9	2.2737249999999998	8.147737712525482	0.2	0.279062125
691.0	0	9	2.26695	8.142144067408527	0.2	0.27842174999999997
691.5	0	9	2.260175	8.136524632006015	0.2	0.277781375
692.0	0	9	2.2534	8.130879227541216	0.2	0.27714099999999997
692.5	0	9	2.246625	8.125207673581208	0.2	0.276500625
693.0	0	9	2.23985	8.119509788017666	0.2	0.27586025
693.5	0	9	2.233075	8.113785387047356	0.2	0.275219875
694.0	0	9	2.2263	8.108034285152389	0.2	0.2745795
694.5	0	9	2.219525	8.102256295080156	0.2	0.273939125
695.0	0	9	2.2127499999999998	8.096451227823032	0.2	0.27329875
695.5	0	9	2.205975	8.090618892597742	0.2	0.272658375
696.0	0	9	2.1992	8.084759096824476	0.2	0.272018
696.5	0	9	2.192425	8.078871646105682	0.2	0.27137762499999996
697.0	0	9	2.18565	8.072956344204576	0.2	0.27073725
697.5	0	9	2.178875	8.067012993023337	0.2	0.270096875
698.0	0	9	2.1721	8.061041392580991	0.2	0.2694565
698.5	0	9	2.165325	8.055041340990986	0.2	0.26881612499999996
699.0	0	9	2.15855	8.049012634438423	0.2	0.26817575
699.5	0	9	2.1517749999999998	8.042955067157004	0.2	0.2675353750000001
700.0	0	9	2.145	8.03686843140561	0.2	0.266895
700.5	0	9	2.138225	8.030752517444533	0.2	0.26625462499999997
701.0	0	9	2.13145	8.024607113511419	0.2	0.26561424999999994
701.5	0	9	2.124675	8.018432005796797	0.2	0.264973875
702.0	0	9	2.1179	8.012226978419308	0.2	0.26433349999999994
702.5	0	9	2.111125	8.00599181340052	0.2	0.263693125
703.0	0	9	2.10435	7.999726290639425	0.2	0.26305275
703.5	0	9	2.097575	7.993430187886529	0.2	0.262412375
704.0	0	9	2.0908	7.987103280717571	0.2	0.261772
704.5	0	9	2.084025	7.980745342506869	0.2	0.261131625
705.0	0	9	2.0772500000000003	7.974356144400247	0.2	0.26049124999999995
705.5	0	9	2.070475	7.967935455287577	0.2	0.259850875
706.0	0	9	2.0637	7.961483041774927	0.2	0.25921050000000007
706.5	0	9	2.056925	7.95499866815627	0.2	0.258570125
707.0	0	9	2.05015	7.948482096384772	0.2	0.25792974999999996
707.5	0	9	2.043375	7.941933086043682	0.2	0.257289375
708.0	0	9	2.0366	7.935351394316751	0.2	0.256649
708.5	0	9	2.029825	7.9287367759582335	0.2	0.256008625
709.0	0	9	2.02305	7.922088983262408	0.2	0.2553682499999999
709.5	0	9	2.0162750000000003	7.915407766032675	0.2	0.254727875
710.0	0	9	2.0095	7.908692871550154	0.2	0.2540875
710.5	0	9	2.002725	7.9019440445418345	0.2	0.253447125
711.0	0	9	1.9959500000000001	7.895161027148209	0.2	0.25280674999999997
711.5	0	9	1.9891750000000001	7.888343558890435	0.2	0.252166375
712.0	0	9	1.9824000000000002	7.881491376637007	0.2	0.251526
712.5	0	9	1.975625	7.874604214569886	0.2	0.250885625
713.0	0	9	1.96885	7.86768180415013	0.2	0.25024525
713.5	0	9	1.962075	7.860723874082989	0.2	0.249604875
714.0	0	9	1.9553	7.853730150282471	0.2	0.24896449999999998
714.5	0	9	1.948525	7.846700355835343	0.2	0.24832412499999998
715.0	0	9	1.94175	7.839634210964588	0.2	0.24768374999999998
715.5	0	9	1.9349750000000001	7.832531432992284	0.2	0.247043375
716.0	0	9	1.9282000000000001	7.825391736301913	0.2	0.24640299999999996
716.5	0	9	1.9214250000000002	7.818214832300071	0.2	0.24576262499999998
717.0	0	9	1.91465	7.811000429377587	0.2	0.24512224999999996
717.5	0	9	1.9078750000000002	7.803748232870025	0.2	0.24448187499999996
718.0	0	9	1.9011	7.796457945017563	0.2	0.2438415
718.5	0	9	1.894325	7.789129264924248	0.2	0.243201125
719.0	0	9	1.88755	7.781761888516589	0.2	0.24256075
719.5	0	9	1.880775	7.774355508501507	0.2	0.241920375
720.0	0	9	1.874	7.766909814323608	0.2	0.24128
720.5	0	9	1.8672250000000001	7.759424492121778	0.2	0.240639625
721.0	0	9	1.8604500000000002	7.7518992246850775	0.2	0.23999925000000003
721.5	0	9	1.8536750000000002	7.744333691407934	0.2	0.239358875
722.0	0	9	1.8469000000000002	7.736727568244607	0.2	0.23871849999999997
722.5	0	9	1.840125	7.7290805276629255	0.2	0.23807812500000003
723.0	0	9	1.83335	7.721392238597274	0.2	0.23743775
723.5	0	9	1.826575	7.713662366400811	0.2	0.23679737499999998
724.0	0	9	1.8198	7.705890572796911	0.2	0.23615699999999998
724.5	0	9	1.813025	7.698076515829828	0.2	0.235516625
725.0	0	9	1.8062500000000001	7.6902198498145315	0.2	0.23487624999999995
725.5	0	9	1.7994750000000002	7.682320225285731	0.2	0.23423587499999998
726.0	0	9	1.7927000000000002	7.674377288946064	0.2	0.23359549999999998
726.5	0	9	1.7859250000000002	7.666390683613423	0.2	0.23295512499999999
727.0	0	9	1.77915	7.6583600481674114	0.2	0.23231474999999996
727.5	0	9	1.7723750000000003	7.650285017494923	0.2	0.231674375
728.0	0	9	1.7656	7.642165222434794	0.2	0.23103400000000002
728.5	0	9	1.758825	7.634000289721559	0.2	0.230393625
729.0	0	9	1.75205	7.625789841928244	0.2	0.22975324999999996
729.5	0	9	1.7452750000000001	7.6175334974082105	0.2	0.229112875
730.0	0	9	1.7385000000000002	7.609230870236025	0.2	0.2284725
730.5	0	9	1.7317250000000002	7.600881570147319	0.2	0.227832125
731.0	0	9	1.7249500000000002	7.5924852024776435	0.2	0.22719175000000003
731.5	0	9	1.718175	7.584041368100282	0.2	0.226551375
732.0	0	9	1.7114000000000003	7.575549663363007	0.2	0.22591099999999997
732.5	0	9	1.704625	7.567009680023749	0.2	0.225270625
733.0	0	9	1.69785	7.558421005185189	0.2	0.22463024999999995
733.5	0	9	1.691075	7.549783221228193	0.2	0.22398987499999998
734.0	0	9	1.6843000000000001	7.541095905744138	0.2	0.22334949999999995
734.5	0	9	1.6775250000000002	7.532358631466045	0.2	0.22270912499999995
735.0	0	9	1.6707500000000002	7.523570966198532	0.2	0.22206874999999995
735.5	0	9	1.6639750000000002	7.51473247274655	0.2	0.22142837499999996
736.0	0	9	1.6572000000000002	7.505842708842874	0.2	0.22078799999999998
736.5	0	9	1.6504250000000003	7.496901227074334	0.2	0.22014762499999999
737.0	0	9	1.64365	7.487907574806755	0.2	0.21950725000000001
737.5	0	9	1.6368750000000003	7.478861294108578	0.2	0.21886687500000002
738.0	0	9	1.6301	7.469761921673125	0.2	0.2182265
738.5	0	9	1.6233250000000001	7.4606089887395175	0.2	0.217586125
739.0	0	9	1.6165500000000002	7.451402021012166	0.2	0.21694575000000002
739.5	0	9	1.6097750000000002	7.44214053857885	0.2	0.216305375
740.0	0	9	1.6030000000000002	7.432824055827326	0.2	0.215665
740.5	0	9	1.5962250000000002	7.42345208136045	0.2	0.215024625
741.0	0	9	1.5894500000000003	7.414024117909783	0.2	0.21438424999999997
741.5	0	9	1.582675	7.404539662247632	0.2	0.213743875
742.0	0	9	1.5759000000000003	7.394998205097524	0.2	0.2131035
742.5	0	9	1.569125	7.385399231043034	0.2	0.212463125
743.0	0	9	1.5623500000000003	7.375742218434991	0.2	0.21182274999999998
743.5	0	9	1.5555750000000002	7.36602663929696	0.2	0.21118237499999995
744.0	0	9	1.5488000000000002	7.356251959229039	0.2	0.21054199999999998
744.5	0	9	1.5420250000000002	7.346417637309861	0.2	0.20990162499999998
745.0	0	9	1.5352500000000002	7.336523125996812	0.2	0.20926124999999995
745.5	0	9	1.5284750000000003	7.326567871024414	0.2	0.20862087499999996
746.0	0	9	1.5217	7.31655131130082	0.2	0.20798049999999998
746.5	0	9	1.5149250000000003	7.3064728788024045	0.2	0.207340125
747.0	0	9	1.50815	7.296331998466376	0.2	0.20669974999999996
747.5	0	9	1.5013750000000003	7.28612808808141	0.2	0.206059375
748.0	0	9	1.4946000000000002	7.275860558176216	0.2	0.205419
748.5	0	9	1.4878250000000002	7.265528811906029	0.2	0.204778625
749.0	0	9	1.4810500000000002	7.2551322449369495	0.2	0.20413825
749.5	0	9	1.4742750000000002	7.244670245328116	0.2	0.203497875
750.0	0	9	1.4675000000000002	7.234142193411633	0.2	0.2028575
750.5	0	9	1.4607250000000003	7.223547461670224	0.2	0.202217125
751.0	0	9	1.4539500000000003	7.21288541461255	0.2	0.20157675
751.5	0	9	1.4471750000000003	7.202155408646147	0.2	0.200936375
752.0	0	9	1.4404000000000003	7.191356791947919	0.2	0.200296
752.5	0	9	1.4336250000000001	7.180488904332147	0.2	0.199655625
753.0	0	9	1.4268500000000002	7.169551077115951	0.2	0.19901524999999998
753.5	0	9	1.4200750000000002	7.158542632982127	0.2	0.19837487499999998
754.0	0	9	1.4133000000000002	7.147462885839347	0.2	0.19773449999999998
754.5	0	9	1.4065250000000002	7.136311140679614	0.2	0.19709412499999998
755.0	0	9	1.3997500000000003	7.125086693432935	0.2	0.19645374999999998
755.5	0	9	1.3929750000000003	7.113788830819143	0.2	0.19581337499999998
756.0	0	9	1.3862000000000003	7.102416830196802	0.2	0.19517299999999999
756.5	0	9	1.3794250000000001	7.090969959409123	0.2	0.194532625
757.0	0	9	1.3726500000000001	7.079447476626839	0.2	0.19389225
757.5	0	9	1.3658750000000002	7.067848630187936	0.2	0.193251875
758.0	0	9	1.3591000000000002	7.056172658434207	0.2	0.1926115
758.5	0	9	1.3523250000000002	7.0444187895445225	0.2	0.191971125
759.0	0	9	1.3455500000000002	7.032586241364759	0.2	0.19133075
759.5	0	9	1.3387750000000003	7.020674221234293	0.2	0.19069037500000002
760.0	0	9	1.3320000000000003	7.008681925808999	0.2	0.19005
760.5	0	9	1.325225	6.996608540880644	0.2	0.18940962500000003
761.0	0	9	1.3184500000000001	6.984453241192621	0.2	0.18876925
761.5	0	9	1.3116750000000001	6.972215190251896	0.2	0.18812887499999997
762.0	0	9	1.3049000000000002	6.959893540137129	0.2	0.18748850000000003
762.5	0	9	1.2981250000000002	6.947487431302831	0.2	0.18684812499999998
763.0	0	9	1.2913500000000002	6.9349959923794815	0.2	0.18620774999999998
763.5	0	9	1.2845750000000002	6.922418339969514	0.2	0.185567375
764.0	0	9	1.2778000000000003	6.909753578439062	0.2	0.18492699999999995
764.5	0	9	1.2710250000000003	6.897000799705353	0.2	0.18428662499999998
765.0	0	9	1.26425	6.884159083019665	0.2	0.18364624999999998
765.5	0	9	1.2574750000000001	6.87122749474573	0.2	0.18300587499999998
766.0	0	9	1.2507000000000001	6.858205088133448	0.2	0.18236549999999999
766.5	0	9	1.2439250000000002	6.845090903087838	0.2	0.181725125
767.0	0	9	1.2371500000000002	6.83188396593308	0.2	0.18108475
767.5	0	9	1.2303750000000002	6.818583289171526	0.2	0.180444375
768.0	0	9	1.2236000000000002	6.805187871237571	0.2	0.179804
768.5	0	9	1.216825	6.791696696246239	0.2	0.179163625
769.0	0	9	1.2100500000000003	6.778108733736364	0.2	0.17852325
769.5	0	9	1.203275	6.764422938408209	0.2	0.177882875
770.0	0	9	1.1965000000000001	6.750638249855425	0.2	0.1772425
770.5	0	9	1.1897250000000001	6.736753592291147	0.2	0.17660212499999997
771.0	0	9	1.1829500000000002	6.72276787426813	0.2	0.17596175000000003
771.5	0	9	1.1761750000000002	6.7086799883927455	0.2	0.175321375
772.0	0	9	1.1694000000000002	6.6944888110326835	0.2	0.174681
772.5	0	9	1.1626250000000002	6.680193202018209	0.2	0.17404062499999998
773.0	0	9	1.15585	6.665792004336788	0.2	0.17340024999999998
773.5	0	9	1.149075	6.65128404382094	0.2	0.172759875
774.0	0	9	1.1423	6.6366681288291	0.2	0.17211949999999998
774.5	0	9	1.1355250000000001	6.621943049919343	0.2	0.17147912499999995
775.0	0	9	1.1287500000000001	6.607107579515773	0.2	0.17083874999999998
775.5	0	9	1.1219750000000002	6.592160471567371	0.2	0.17019837499999999
776.0	0	9	1.1152000000000002	6.5771004611991195	0.2	0.169558
776.5	0	9	1.108425	6.5619262643551854	0.2	0.168917625
777.0	0	9	1.1016500000000002	6.5466365774339685	0.2	0.16827725
777.5	0	9	1.094875	6.531230076914761	0.2	0.167636875
778.0	0	9	1.0881	6.515705418975847	0.2	0.1669965
778.5	0	9	1.081325	6.500061239103761	0.2	0.16635612499999997
779.0	0	9	1.0745500000000001	6.4842961516934885	0.2	0.16571575
779.5	0	9	1.0677750000000001	6.46840874963937	0.2	0.165075375
780.0	0	9	1.0610000000000002	6.452397603916443	0.2	0.164435
780.5	0	9	1.0542250000000002	6.436261263151952	0.2	0.16379462499999997
781.0	0	9	1.04745	6.419998253186785	0.2	0.16315425
781.5	0	9	1.040675	6.4036070766265345	0.2	0.162513875
782.0	0	9	1.0339	6.387086212381891	0.2	0.1618735
782.5	0	9	1.027125	6.370434115198104	0.2	0.16123312499999998
783.0	0	9	1.02035	6.3536492151731645	0.2	0.16059274999999998
783.5	0	9	1.0135750000000001	6.336729917264437	0.2	0.159952375
784.0	0	9	1.0068000000000001	6.31967460078337	0.2	0.15931199999999998
784.5	0	9	1.0000250000000002	6.302481618877983	0.2	0.158671625
785.0	0	9	0.9932500000000001	6.28514929800277	0.2	0.15803124999999998
785.5	0	9	0.9864750000000001	6.267675937375659	0.2	0.15739087499999996
786.0	0	9	0.9797	6.250059808421664	0.2	0.1567505
786.5	0	9	0.972925	6.232299154202843	0.2	0.156110125
787.0	0	9	0.9661500000000001	6.214392188834163	0.2	0.15546975
787.5	0	9	0.9593750000000001	6.1963370968848785	0.2	0.15482937499999996
788.0	0	9	0.9526000000000001	6.178132032764984	0.2	0.154189
788.5	0	9	0.945825	6.159775120096322	0.2	0.153548625
789.0	0	9	0.93905	6.1412644510678795	0.2	0.15290825
789.5	0	9	0.9322750000000001	6.122598085774824	0.2	0.15226787499999997
790.0	0	9	0.9255000000000001	6.103774051540784	0.2	0.1516275
790.5	0	9	0.918725	6.084790342222888	0.2	0.150987125
791.0	0	9	0.91195	6.065644917499048	0.2	0.15034675
791.5	0	9	0.9051750000000001	6.0463357021369335	0.2	0.149706375
792.0	0	9	0.8984000000000001	6.026860585244122	0.2	0.14906599999999998
792.5	0	9	0.891625	6.007217419498824	0.2	0.14842562499999998
793.0	0	9	0.88485	5.987404020360626	0.2	0.14778524999999998
793.5	0	9	0.878075	5.967418165260599	0.2	0.14714487499999998
794.0	0	9	0.8713000000000001	5.947257592770189	0.2	0.14650449999999998
794.5	0	9	0.864525	5.926920001748203	0.2	0.14586412499999998
795.0	0	9	0.85775	5.906403050465231	0.2	0.14522374999999998
795.5	0	9	0.850975	5.885704355704796	0.2	0.14458337500000001
796.0	0	9	0.8442000000000001	5.864821491840521	0.2	0.143943
796.5	0	9	0.837425	5.84375198988853	0.2	0.14330262500000002
797.0	0	9	0.83065	5.822493336534367	0.2	0.14266225
797.5	0	9	0.823875	5.801042973133542	0.2	0.14202187499999996
798.0	0	9	0.8171	5.779398294684949	0.2	0.1413815
798.5	0	9	0.8103250000000001	5.757556648776257	0.2	0.14074112499999997
799.0	0	9	0.80355	5.7355153345003504	0.2	0.14010075000000002
799.5	0	9	0.796775	5.71327160134196	0.2	0.13946037499999997
800.0	0	9	0.79	5.690822648033425	0.2	0.13882
800.5	0	9	0.7886525000000001	5.680063250056853	0.2	0.138845725
801.0	0	9	0.787305	5.669307838292176	0.2	0.13887145
801.5	0	9	0.7859575000000001	5.6585564105245485	0.2	0.138897175
802.0	0	9	0.78461	5.647808964540764	0.2	0.1389229
802.5	0	9	0.7832625000000001	5.637065498129256	0.2	0.138948625
803.0	0	9	0.781915	5.626326009080093	0.2	0.13897435
803.5	0	9	0.7805675000000001	5.6155904951849855	0.2	0.139000075
804.0	0	9	0.77922	5.604858954237271	0.2	0.1390258
804.5	0	9	0.7778725000000001	5.594131384031926	0.2	0.139051525
805.0	0	9	0.776525	5.583407782365557	0.2	0.13907724999999999
805.5	0	9	0.7751775000000001	5.572688147036396	0.2	0.139102975
806.0	0	9	0.77383	5.561972475844309	0.2	0.1391287
806.5	0	9	0.7724825000000001	5.5512607665907865	0.2	0.139154425
807.0	0	9	0.771135	5.540553017078944	0.2	0.13918015
807.5	0	9	0.7697875000000001	5.529849225113524	0.2	0.139205875
808.0	0	9	0.76844	5.519149388500886	0.2	0.1392316
808.5	0	9	0.7670925000000001	5.508453505049017	0.2	0.139257325
809.0	0	9	0.765745	5.497761572567517	0.2	0.13928305
809.5	0	9	0.7643975000000001	5.487073588867608	0.2	0.13930877500000002
810.0	0	9	0.76305	5.476389551762127	0.2	0.1393345
810.5	0	9	0.7617025000000001	5.465709459065526	0.2	0.139360225
811.0	0	9	0.760355	5.455033308593872	0.2	0.13938595
811.5	0	9	0.7590075000000001	5.444361098164842	0.2	0.13941167499999998
812.0	0	9	0.75766	5.433692825597724	0.2	0.1394374
812.5	0	9	0.7563125	5.423028488713415	0.2	0.139463125
813.0	0	9	0.754965	5.412368085334419	0.2	0.13948885
813.5	0	9	0.7536175	5.401711613284849	0.2	0.139514575
814.0	0	9	0.75227	5.391059070390417	0.2	0.1395403
814.5	0	9	0.7509225	5.380410454478445	0.2	0.139566025
815.0	0	9	0.749575	5.369765763377851	0.2	0.13959175
815.5	0	9	0.7482275	5.359124994919154	0.2	0.139617475
816.0	0	9	0.74688	5.348488146934473	0.2	0.1396432
816.5	0	9	0.7455325	5.337855217257526	0.2	0.139668925
817.0	0	9	0.744185	5.3272262037236215	0.2	0.13969465
817.5	0	9	0.7428375	5.316601104169667	0.2	0.13972037500000004
818.0	0	9	0.74149	5.305979916434161	0.2	0.1397461
818.5	0	9	0.7401425	5.295362638357195	0.2	0.139771825
819.0	0	9	0.738795	5.284749267780444	0.2	0.13979755
819.5	0	9	0.7374475	5.27413980254718	0.2	0.139823275
820.0	0	9	0.7361	5.263534240502255	0.2	0.139849
820.5	0	9	0.7347525	5.252932579492113	0.2	0.139874725
821.0	0	9	0.733405	5.2423348173647755	0.2	0.13990045
821.5	0	9	0.7320575	5.231740951969852	0.2	0.13992617499999999
822.0	0	9	0.73071	5.221150981158527	0.2	0.1399519
822.5	0	9	0.7293625	5.21056490278357	0.2	0.139977625
823.0	0	9	0.728015	5.199982714699327	0.2	0.14000335
823.5	0	9	0.7266675	5.18940441476172	0.2	0.140029075
824.0	0	9	0.72532	5.178830000828246	0.2	0.1400548
824.5	0	9	0.7239725	5.16825947075798	0.2	0.140080525
825.0	0	9	0.7226250000000001	5.157692822411564	0.2	0.14010625
825.5	0	9	0.7212775	5.14713005365121	0.2	0.140131975
826.0	0	9	0.71993	5.136571162340706	0.2	0.1401577
826.5	0	9	0.7185825	5.126016146345404	0.2	0.140183425
827.0	0	9	0.7172350000000001	5.115465003532224	0.2	0.14020915
827.5	0	9	0.7158875	5.104917731769647	0.2	0.140234875
828.0	0	9	0.71454	5.094374328927724	0.2	0.14026059999999999
828.5	0	9	0.7131925	5.083834792878066	0.2	0.140286325
829.0	0	9	0.7118450000000001	5.073299121493842	0.2	0.14031205
829.5	0	9	0.7104975	5.062767312649783	0.2	0.140337775
830.0	0	9	0.7091500000000001	5.052239364222181	0.2	0.1403635
830.5	0	9	0.7078025	5.041715274088877	0.2	0.140389225
831.0	0	9	0.706455	5.031195040129274	0.2	0.14041494999999998
831.5	0	9	0.7051075	5.020678660224326	0.2	0.140440675
832.0	0	9	0.70376	5.010166132256541	0.2	0.1404664
832.5	0	9	0.7024125	4.999657454109973	0.2	0.140492125
833.0	0	9	0.701065	4.989152623670232	0.2	0.14051785
833.5	0	9	0.6997175	4.978651638824471	0.2	0.140543575
834.0	0	9	0.69837	4.968154497461395	0.2	0.14056929999999998
834.5	0	9	0.6970225	4.957661197471248	0.2	0.14059502499999998
835.0	0	9	0.695675	4.947171736745823	0.2	0.14062075
835.5	0	9	0.6943275	4.93668611317845	0.2	0.140646475
836.0	0	9	0.69298	4.926204324664006	0.2	0.14067220000000002
836.5	0	9	0.6916325	4.915726369098905	0.2	0.140697925
837.0	0	9	0.690285	4.9052522443810975	0.2	0.14072365
837.5	0	9	0.6889375	4.894781948410072	0.2	0.140749375
838.0	0	9	0.68759	4.884315479086856	0.2	0.1407751
838.5	0	9	0.6862425	4.873852834314004	0.2	0.140800825
839.0	0	9	0.684895	4.863394011995608	0.2	0.14082655
839.5	0	9	0.6835475	4.852939010037289	0.2	0.140852275
840.0	0	9	0.6822	4.842487826346201	0.2	0.140878
840.5	0	9	0.6808525	4.83204045883102	0.2	0.140903725
841.0	0	9	0.679505	4.821596905401958	0.2	0.14092944999999998
841.5	0	9	0.6781575	4.811157163970745	0.2	0.14095517499999996
842.0	0	9	0.67681	4.800721232450638	0.2	0.1409809
842.5	0	9	0.6754625	4.790289108756415	0.2	0.14100662499999997
843.0	0	9	0.674115	4.7798607908043795	0.2	0.14103235
843.5	0	9	0.6727675	4.769436276512351	0.2	0.14105807500000003
844.0	0	9	0.67142	4.759015563799671	0.2	0.1410838
844.5	0	9	0.6700725	4.748598650587195	0.2	0.14110952499999999
845.0	0	9	0.668725	4.738185534797296	0.2	0.14113525
845.5	0	9	0.6673775	4.72777621435386	0.2	0.14116097500000002
846.0	0	9	0.66603	4.717370687182291	0.2	0.1411867
846.5	0	9	0.6646825000000001	4.706968951209499	0.2	0.141212425
847.0	0	9	0.663335	4.696571004363906	0.2	0.14123814999999998
847.5	0	9	0.6619875	4.686176844575444	0.2	0.141263875
848.0	0	9	0.66064	4.675786469775554	0.2	0.1412896
848.5	0	9	0.6592925000000001	4.665399877897179	0.2	0.141315325
849.0	0	9	0.657945	4.655017066874769	0.2	0.14134105
849.5	0	9	0.6565975	4.644638034644279	0.2	0.141366775
850.0	0	9	0.65525	4.634262779143165	0.2	0.14139250000000003
850.5	0	9	0.6539025	4.623891298310384	0.2	0.141418225
851.0	0	9	0.652555	4.613523590086392	0.2	0.14144394999999998
851.5	0	9	0.6512075	4.603159652413142	0.2	0.14146967499999996
852.0	0	9	0.64986	4.592799483234084	0.2	0.1414954
852.5	0	9	0.6485125	4.5824430804941665	0.2	0.141521125
853.0	0	9	0.647165	4.572090442139828	0.2	0.14154685000000003
853.5	0	9	0.6458175	4.561741566119003	0.2	0.141572575
854.0	0	9	0.64447	4.551396450381113	0.2	0.1415983
854.5	0	9	0.6431225	4.541055092877074	0.2	0.14162402500000001
855.0	0	9	0.641775	4.530717491559287	0.2	0.14164974999999996
855.5	0	9	0.6404275	4.520383644381641	0.2	0.14167547499999997
856.0	0	9	0.63908	4.510053549299512	0.2	0.1417012
856.5	0	9	0.6377325	4.49972720426976	0.2	0.14172692500000003
857.0	0	9	0.636385	4.489404607250728	0.2	0.14175265
857.5	0	9	0.6350375	4.479085756202243	0.2	0.14177837499999998
858.0	0	9	0.63369	4.468770649085605	0.2	0.1418041
858.5	0	9	0.6323425	4.458459283863602	0.2	0.141829825
859.0	0	9	0.630995	4.448151658500496	0.2	0.14185554999999997
859.5	0	9	0.6296475	4.4378477709620245	0.2	0.141881275
860.0	0	9	0.6283	4.427547619215401	0.2	0.141907
860.5	0	9	0.6269525	4.417251201229314	0.2	0.141932725
861.0	0	9	0.625605	4.406958514973924	0.2	0.14195844999999999
861.5	0	9	0.6242575	4.39666955842086	0.2	0.141984175
862.0	0	9	0.62291	4.386384329543222	0.2	0.1420099
862.5	0	9	0.6215625	4.376102826315581	0.2	0.14203562500000003
863.0	0	9	0.620215	4.365825046713972	0.2	0.14206135
863.5	0	9	0.6188675	4.3555509887158985	0.2	0.142087075
864.0	0	9	0.61752	4.345280650300325	0.2	0.14211279999999998
864.5	0	9	0.6161725	4.335014029447682	0.2	0.142138525
865.0	0	9	0.614825	4.324751124139859	0.2	0.14216425
865.5	0	9	0.6134775	4.314491932360211	0.2	0.142189975
866.0	0	9	0.61213	4.304236452093545	0.2	0.1422157
866.5	0	9	0.6107825	4.293984681326132	0.2	0.142241425
867.0	0	9	0.609435	4.2837366180456975	0.2	0.14226715
867.5	0	9	0.6080875	4.273492260241421	0.2	0.14229287499999999
868.0	0	9	0.60674	4.263251605903936	0.2	0.1423186
868.5	0	9	0.6053925	4.253014653025332	0.2	0.142344325
869.0	0	9	0.6040449999999999	4.242781399599143	0.2	0.14237005
869.5	0	9	0.6026975	4.23255184362036	0.2	0.142395775
870.0	0	9	0.6013499999999999	4.222325983085418	0.2	0.14242150000000003
870.5	0	9	0.6000025	4.2121038159922035	0.2	0.142447225
871.0	0	9	0.5986549999999999	4.201885340340043	0.2	0.14247295000000001
871.5	0	9	0.5973075	4.191670554129714	0.2	0.142498675
872.0	0	9	0.5959599999999999	4.1814594553634326	0.2	0.14252439999999997
872.5	0	9	0.5946125	4.17125204204486	0.2	0.14255012499999997
873.0	0	9	0.5932649999999999	4.161048312179096	0.2	0.14257584999999998
873.5	0	9	0.5919175	4.150848263772683	0.2	0.142601575
874.0	0	9	0.59057	4.140651894833598	0.2	0.14262729999999998
874.5	0	9	0.5892225	4.130459203371257	0.2	0.142653025
875.0	0	9	0.5878749999999999	4.120270187396511	0.2	0.14267875
875.5	0	9	0.5865275	4.110084844921647	0.2	0.14270447499999997
876.0	0	9	0.58518	4.0999031739603815	0.2	0.1427302
876.5	0	9	0.5838325	4.089725172527865	0.2	0.14275592499999998
877.0	0	9	0.5824849999999999	4.079550838640679	0.2	0.14278165
877.5	0	9	0.5811375	4.069380170316834	0.2	0.142807375
878.0	0	9	0.57979	4.059213165575767	0.2	0.1428331
878.5	0	9	0.5784425	4.049049822438341	0.2	0.142858825
879.0	0	9	0.577095	4.038890138926847	0.2	0.14288455
879.5	0	9	0.5757475	4.028734113064998	0.2	0.142910275
880.0	0	9	0.5744	4.018581742877931	0.2	0.14293600000000004
880.5	0	9	0.5730525	4.008433026392204	0.2	0.14296172499999998
881.0	0	9	0.571705	3.9982879616357945	0.2	0.14298744999999996
881.5	0	9	0.5703575	3.9881465466380983	0.2	0.143013175
882.0	0	9	0.56901	3.9780087794299317	0.2	0.1430389
882.5	0	9	0.5676625	3.967874658043524	0.2	0.143064625
883.0	0	9	0.566315	3.957744180512522	0.2	0.14309035
883.5	0	9	0.5649675	3.9476173448719853	0.2	0.143116075
884.0	0	9	0.56362	3.9374941491583875	0.2	0.14314179999999996
884.5	0	9	0.5622725	3.927374591409609	0.2	0.143167525
885.0	0	9	0.560925	3.917258669664946	0.2	0.14319325
885.5	0	9	0.5595775	3.907146381965099	0.2	0.143218975
886.0	0	9	0.55823	3.897037726352179	0.2	0.1432447
886.5	0	9	0.5568825	3.8869327008697008	0.2	0.143270425
887.0	0	9	0.555535	3.8768313035625876	0.2	0.14329614999999998
887.5	0	9	0.5541874999999999	3.86673353247716	0.2	0.143321875
888.0	0	9	0.55284	3.8566393856611483	0.2	0.1433476
888.5	0	9	0.5514924999999999	3.8465488611636784	0.2	0.143373325
889.0	0	9	0.550145	3.8364619570352803	0.2	0.14339905
889.5	0	9	0.5487974999999999	3.8263786713278787	0.2	0.143424775
890.0	0	9	0.54745	3.816299002094799	0.2	0.14345050000000004
890.5	0	9	0.5461024999999999	3.806222947390761	0.2	0.14347622499999999
891.0	0	9	0.544755	3.79615050527188	0.2	0.14350194999999996
891.5	0	9	0.5434074999999999	3.786081673795663	0.2	0.143527675
892.0	0	9	0.54206	3.7760164510210137	0.2	0.1435534
892.5	0	9	0.5407124999999999	3.7659548350082224	0.2	0.143579125
893.0	0	9	0.539365	3.7558968238189725	0.2	0.14360485
893.5	0	9	0.5380174999999999	3.745842415516334	0.2	0.14363057499999998
894.0	0	9	0.53667	3.7357916081647655	0.2	0.1436563
894.5	0	9	0.5353224999999999	3.7257443998301105	0.2	0.143682025
895.0	0	9	0.533975	3.7157007885796	0.2	0.14370775
895.5	0	9	0.5326274999999999	3.7056607724818447	0.2	0.143733475
896.0	0	9	0.53128	3.695624349606842	0.2	0.1437592
896.5	0	9	0.5299324999999999	3.6855915180259675	0.2	0.143784925
897.0	0	9	0.528585	3.6755622758119793	0.2	0.14381065
897.5	0	9	0.5272375	3.665536621039011	0.2	0.143836375
898.0	0	9	0.52589	3.655514551782575	0.2	0.1438621
898.5	0	9	0.5245424999999999	3.645496066119562	0.2	0.14388782499999997
899.0	0	9	0.523195	3.6354811621282357	0.2	0.14391355
899.5	0	9	0.5218475	3.6254698378882346	0.2	0.143939275
900.0	0	9	0.5205	3.6154620914805675	0.2	0.143965
900.5	0	9	0.5191525	3.6054579209876194	0.2	0.143990725
901.0	0	9	0.517805	3.5954573244931396	0.2	0.14401644999999996
901.5	0	9	0.5164575	3.5854603000822505	0.2	0.144042175
902.0	0	9	0.51511	3.5754668458414396	0.2	0.1440679
902.5	0	9	0.5137625	3.565476959858564	0.2	0.144093625
903.0	0	9	0.512415	3.5554906402228426	0.2	0.14411935
903.5	0	9	0.5110675	3.5455078850248616	0.2	0.14414507499999998
904.0	0	9	0.50972	3.535528692356566	0.2	0.1441708
904.5	0	9	0.5083725	3.5255530603112666	0.2	0.144196525
905.0	0	9	0.507025	3.5155809869836308	0.2	0.14422225
905.5	0	9	0.5056775	3.5056124704696896	0.2	0.144247975
906.0	0	9	0.50433	3.495647508866827	0.2	0.1442737
906.5	0	9	0.5029825	3.4856861002737882	0.2	0.144299425
907.0	0	9	0.5016349999999999	3.475728242790671	0.2	0.14432514999999999
907.5	0	9	0.5002875	3.4657739345189285	0.2	0.144350875
908.0	0	9	0.49893999999999994	3.4558231735613663	0.2	0.1443766
908.5	0	9	0.4975925	3.445875958022144	0.2	0.144402325
909.0	0	9	0.496245	3.435932286006769	0.2	0.14442805
909.5	0	9	0.4948975	3.425992155622101	0.2	0.144453775
910.0	0	9	0.49355	3.4160555649763467	0.2	0.14447949999999996
910.5	0	9	0.4922025	3.406122512179058	0.2	0.144505225
911.0	0	9	0.490855	3.3961929953411363	0.2	0.14453095000000002
911.5	0	9	0.4895075	3.3862670125748258	0.2	0.144556675
912.0	0	9	0.48816	3.3763445619937142	0.2	0.1445824
912.5	0	9	0.4868125	3.366425641712732	0.2	0.14460812500000003
913.0	0	9	0.485465	3.3565102498481507	0.2	0.14463385
913.5	0	9	0.4841175	3.3465983845175824	0.2	0.14465957499999998
914.0	0	9	0.48277	3.3366900438399756	0.2	0.1446853
914.5	0	9	0.4814225	3.3267852259356188	0.2	0.144711025
915.0	0	9	0.480075	3.3168839289261363	0.2	0.14473675
915.5	0	9	0.4787275	3.3069861509344873	0.2	0.14476247500000003
916.0	0	9	0.47737999999999997	3.2970918900849653	0.2	0.1447882
916.5	0	9	0.47603249999999997	3.287201144503196	0.2	0.144813925
917.0	0	9	0.47468499999999997	3.2773139123161372	0.2	0.14483965
917.5	0	9	0.47333749999999997	3.267430191652077	0.2	0.144865375
918.0	0	9	0.47198999999999997	3.2575499806406327	0.2	0.1448911
918.5	0	9	0.47064249999999996	3.2476732774127504	0.2	0.14491682499999997
919.0	0	9	0.46929499999999996	3.2378000801007016	0.2	0.14494255
919.5	0	9	0.46794749999999996	3.2279303868380853	0.2	0.144968275
920.0	0	9	0.46659999999999996	3.218064195759825	0.2	0.14499399999999998
920.5	0	9	0.46525249999999996	3.2082015050021644	0.2	0.145019725
921.0	0	9	0.46390499999999996	3.1983423127026733	0.2	0.14504545
921.5	0	9	0.46255749999999995	3.1884866170002413	0.2	0.14507117499999997
922.0	0	9	0.46120999999999995	3.178634416035077	0.2	0.14509690000000003
922.5	0	9	0.45986249999999995	3.1687857079487083	0.2	0.14512262500000003
923.0	0	9	0.458515	3.158940490883982	0.2	0.14514834999999998
923.5	0	9	0.45716749999999995	3.1490987629850578	0.2	0.14517407499999999
924.0	0	9	0.45582	3.139260522397414	0.2	0.1451998
924.5	0	9	0.45447249999999995	3.1294257672678407	0.2	0.145225525
925.0	0	9	0.453125	3.119594495744443	0.2	0.14525124999999997
925.5	0	9	0.45177749999999994	3.109766705976635	0.2	0.145276975
926.0	0	9	0.45043	3.099942396115144	0.2	0.1453027
926.5	0	9	0.4490825	3.090121564312006	0.2	0.14532842499999998
927.0	0	9	0.447735	3.080304208720563	0.2	0.14535415
927.5	0	9	0.4463875	3.0704903274954667	0.2	0.145379875
928.0	0	9	0.44504	3.060679918792674	0.2	0.1454056
928.5	0	9	0.4436925	3.0508729807694457	0.2	0.145431325
929.0	0	9	0.442345	3.041069511584347	0.2	0.14545705
929.5	0	9	0.4409975	3.031269509397246	0.2	0.145482775
930.0	0	9	0.43965	3.021472972369312	0.2	0.14550849999999999
930.5	0	9	0.4383025	3.011679898663012	0.2	0.145534225
931.0	0	9	0.436955	3.0018902864421153	0.2	0.14555995000000002
931.5	0	9	0.4356075	2.9921041338716874	0.2	0.145585675
932.0	0	9	0.43426	2.982321439118091	0.2	0.1456114
932.5	0	9	0.4329125	2.9725422003489834	0.2	0.145637125
933.0	0	9	0.431565	2.9627664157333187	0.2	0.14566284999999998
933.5	0	9	0.4302175	2.952994083441341	0.2	0.14568857499999996
934.0	0	9	0.42887	2.943225201644588	0.2	0.1457143
934.5	0	9	0.42752249999999997	2.9334597685158896	0.2	0.14574002500000002
935.0	0	9	0.42617499999999997	2.9236977822293646	0.2	0.14576574999999997
935.5	0	9	0.42482749999999997	2.9139392409604192	0.2	0.145791475
936.0	0	9	0.42347999999999997	2.9041841428857498	0.2	0.1458172
936.5	0	9	0.42213249999999997	2.8944324861833373	0.2	0.14584292499999998
937.0	0	9	0.42078499999999996	2.884684269032448	0.2	0.14586865
937.5	0	9	0.41943749999999996	2.874939489613633	0.2	0.145894375
938.0	0	9	0.41808999999999996	2.8651981461087264	0.2	0.1459201
938.5	0	9	0.4167425	2.8554602367008446	0.2	0.145945825
939.0	0	9	0.41539499999999996	2.8457257595743823	0.2	0.14597155
939.5	0	9	0.4140475	2.835994712915019	0.2	0.14599727499999998
940.0	0	9	0.41269999999999996	2.826267094909706	0.2	0.146023
940.5	0	9	0.4113525	2.816542903746678	0.2	0.146048725
941.0	0	9	0.41000499999999995	2.8068221376154416	0.2	0.14607445
941.5	0	9	0.4086575	2.7971047947067826	0.2	0.146100175
942.0	0	9	0.40730999999999995	2.7873908732127566	0.2	0.1461259
942.5	0	9	0.4059625	2.7776803713266958	0.2	0.146151625
943.0	0	9	0.404615	2.7679732872432017	0.2	0.14617734999999998
943.5	0	9	0.4032675	2.7582696191581473	0.2	0.146203075
944.0	0	9	0.40192	2.748569365268675	0.2	0.1462288
944.5	0	9	0.4005725	2.738872523773196	0.2	0.146254525
945.0	0	9	0.399225	2.729179092871389	0.2	0.14628025
945.5	0	9	0.3978775	2.719489070764198	0.2	0.14630597500000003
946.0	0	9	0.39653	2.709802455653833	0.2	0.14633169999999998
946.5	0	9	0.3951825	2.7001192457437675	0.2	0.14635742499999999
947.0	0	9	0.393835	2.690439439238738	0.2	0.14638315
947.5	0	9	0.3924875	2.680763034344742	0.2	0.146408875
948.0	0	9	0.39114	2.6710900292690387	0.2	0.1464346
948.5	0	9	0.3897925	2.6614204222201474	0.2	0.146460325
949.0	0	9	0.388445	2.6517542114078436	0.2	0.14648605
949.5	0	9	0.3870975	2.6420913950431633	0.2	0.14651177499999996
950.0	0	9	0.38575	2.6324319713383946	0.2	0.1465375
950.5	0	9	0.3844025	2.622775938507085	0.2	0.14656322499999996
951.0	0	9	0.383055	2.613123294764032	0.2	0.14658895000000002
951.5	0	9	0.3817075	2.6034740383252903	0.2	0.146614675
952.0	0	9	0.38036	2.5938281674081627	0.2	0.1466404
952.5	0	9	0.3790125	2.5841856802312058	0.2	0.14666612499999998
953.0	0	9	0.377665	2.5745465750142222	0.2	0.14669184999999998
953.5	0	9	0.37631749999999997	2.5649108499782662	0.2	0.146717575
954.0	0	9	0.37496999999999997	2.555278503345638	0.2	0.14674330000000002
954.5	0	9	0.37362249999999997	2.545649533339885	0.2	0.146769025
955.0	0	9	0.37227499999999997	2.5360239381858	0.2	0.14679475000000003
955.5	0	9	0.37092749999999997	2.5264017161094183	0.2	0.146820475
956.0	0	9	0.36957999999999996	2.5167828653380204	0.2	0.14684619999999998
956.5	0	9	0.36823249999999996	2.5071673841001267	0.2	0.146871925
957.0	0	9	0.36688499999999996	2.4975552706255	0.2	0.14689765
957.5	0	9	0.36553749999999996	2.4879465231451428	0.2	0.146923375
958.0	0	9	0.36419	2.478341139891296	0.2	0.1469491
958.5	0	9	0.36284249999999996	2.468739119097437	0.2	0.146974825
959.0	0	9	0.361495	2.4591404589982826	0.2	0.14700055
959.5	0	9	0.3601475	2.4495451578297827	0.2	0.14702627499999998
960.0	0	9	0.3588	2.439953213829122	0.2	0.14705199999999996
960.5	0	9	0.3574525	2.4303646252347186	0.2	0.147077725
961.0	0	9	0.356105	2.420779390286224	0.2	0.14710345
961.5	0	9	0.3547575	2.411197507224519	0.2	0.147129175
962.0	0	9	0.35341	2.401618974291716	0.2	0.1471549
962.5	0	9	0.3520625	2.3920437897311553	0.2	0.14718062499999998
963.0	0	9	0.350715	2.382471951787406	0.2	0.14720634999999999
963.5	0	9	0.3493675	2.3729034587062636	0.2	0.147232075
964.0	0	9	0.34802	2.3633383087347495	0.2	0.1472578
964.5	0	9	0.3466725	2.3537765001211097	0.2	0.147283525
965.0	0	9	0.345325	2.3442180311148144	0.2	0.14730925
965.5	0	9	0.3439775	2.3346628999665557	0.2	0.147334975
966.0	0	9	0.34263	2.3251111049282476	0.2	0.14736069999999998
966.5	0	9	0.3412825	2.315562644253024	0.2	0.147386425
967.0	0	9	0.339935	2.306017516195239	0.2	0.14741214999999996
967.5	0	9	0.3385875	2.2964757190104645	0.2	0.147437875
968.0	0	9	0.33724	2.2869372509554897	0.2	0.14746360000000003
968.5	0	9	0.3358925	2.2774021102883206	0.2	0.147489325
969.0	0	9	0.334545	2.2678702952681777	0.2	0.14751505
969.5	0	9	0.3331975	2.2583418041554952	0.2	0.147540775
970.0	0	9	0.33185	2.2488166352119214	0.2	0.1475665
970.5	0	9	0.3305025	2.2392947867003157	0.2	0.147592225
971.0	0	9	0.329155	2.229776256884749	0.2	0.14761795
971.5	0	9	0.3278075	2.220261044030501	0.2	0.14764367500000003
972.0	0	9	0.32646	2.2107491464040616	0.2	0.14766940000000003
972.5	0	9	0.32511249999999997	2.2012405622731284	0.2	0.14769512499999998
973.0	0	9	0.32376499999999997	2.191735289906604	0.2	0.14772085
973.5	0	9	0.3224175	2.182233327574599	0.2	0.14774657499999996
974.0	0	9	0.32106999999999997	2.172734673548425	0.2	0.1477723
974.5	0	9	0.3197225	2.1632393261006024	0.2	0.14779802500000003
975.0	0	9	0.31837499999999996	2.153747283504849	0.2	0.14782375000000003
975.5	0	9	0.3170275	2.144258544036088	0.2	0.14784947500000004
976.0	0	9	0.31567999999999996	2.13477310597044	0.2	0.14787519999999998
976.5	0	9	0.3143325	2.1252909675852267	0.2	0.147900925
977.0	0	9	0.312985	2.115812127158967	0.2	0.14792665000000002
977.5	0	9	0.3116375	2.1063365829713785	0.2	0.147952375
978.0	0	9	0.31029	2.096864333303374	0.2	0.14797810000000003
978.5	0	9	0.3089425	2.087395376437062	0.2	0.14800382499999998
979.0	0	9	0.307595	2.077929710655744	0.2	0.14802955
979.5	0	9	0.3062475	2.068467334243917	0.2	0.148055275
980.0	0	9	0.3049	2.0590082454872674	0.2	0.148081
980.5	0	9	0.3035525	2.0495524426726743	0.2	0.148106725
981.0	0	9	0.302205	2.040099924088206	0.2	0.14813245000000003
981.5	0	9	0.3008575	2.030650688023121	0.2	0.148158175
982.0	0	9	0.29951	2.021204732767865	0.2	0.14818389999999998
982.5	0	9	0.2981625	2.0117620566140695	0.2	0.14820962499999998
983.0	0	9	0.296815	2.002322657854554	0.2	0.14823535
983.5	0	9	0.2954675	1.9928865347833207	0.2	0.148261075
984.0	0	9	0.29412	1.9834536856955576	0.2	0.1482868
984.5	0	9	0.2927725	1.9740241088876342	0.2	0.14831252500000003
985.0	0	9	0.291425	1.9645978026571027	0.2	0.14833825
985.5	0	9	0.2900775	1.9551747653026958	0.2	0.14836397499999995
986.0	0	9	0.28873	1.9457549951243247	0.2	0.14838969999999999
986.5	0	9	0.2873825	1.9363384904230811	0.2	0.148415425
987.0	0	9	0.286035	1.9269252495012332	0.2	0.14844115
987.5	0	9	0.2846875	1.9175152706622267	0.2	0.148466875
988.0	0	9	0.28334000000000004	1.9081085522106829	0.2	0.1484926
988.5	0	9	0.2819925	1.8987050924523958	0.2	0.148518325
989.0	0	9	0.28064500000000003	1.889304889694337	0.2	0.14854404999999996
989.5	0	9	0.2792975	1.8799079422446456	0.2	0.148569775
990.0	0	9	0.27795000000000003	1.8705142484126374	0.2	0.1485955
990.5	0	9	0.2766025	1.8611238065087943	0.2	0.148621225
991.0	0	9	0.275255	1.8517366148447716	0.2	0.14864695
991.5	0	9	0.27390749999999997	1.8423526717333898	0.2	0.148672675
992.0	0	9	0.27256	1.8329719754886404	0.2	0.14869839999999998
992.5	0	9	0.2712125	1.8235945244256777	0.2	0.14872412499999998
993.0	0	9	0.269865	1.814220316860824	0.2	0.14874985
993.5	0	9	0.2685175	1.8048493511115653	0.2	0.148775575
994.0	0	9	0.26717	1.7954816254965515	0.2	0.14880130000000003
994.5	0	9	0.2658225	1.7861171383355947	0.2	0.148827025
995.0	0	9	0.264475	1.7767558879496683	0.2	0.14885275
995.5	0	9	0.2631275	1.7673978726609072	0.2	0.14887847499999998
996.0	0	9	0.26178	1.758043090792604	0.2	0.1489042
996.5	0	9	0.2604325	1.748691540669211	0.2	0.14892992499999996
997.0	0	9	0.259085	1.739343220616338	0.2	0.14895565
997.5	0	9	0.2577375	1.7299981289607511	0.2	0.148981375
998.0	0	9	0.25639	1.7206562640303718	0.2	0.1490071
998.5	0	9	0.2550425	1.7113176241542762	0.2	0.14903282499999998
999.0	0	9	0.253695	1.7019822076626938	0.2	0.14905854999999998
999.5	0	9	0.2523475	1.6926500128870066	0.2	0.14908427499999996
1000.0	0	9	0.251	1.6833210381597479	0.2	0.14911
1000.5	0	9	0.250605	1.6825953885317904	0.2	0.14893955
1001.0	0	9	0.25021	1.6818680760991362	0.2	0.1487691
1001.5	0	9	0.249815	1.681139095139828	0.2	0.14859865
1002.0	0	9	0.24942	1.6804084399056247	0.2	0.14842819999999995
1002.5	0	9	0.249025	1.6796761046218496	0.2	0.14825775
1003.0	0	9	0.24863	1.6789420834872402	0.2	0.1480873
1003.5	0	9	0.248235	1.6782063706737942	0.2	0.14791685
1004.0	0	9	0.24784	1.6774689603266137	0.2	0.1477464
1004.5	0	9	0.247445	1.6767298465637526	0.2	0.14757594999999998
1005.0	0	9	0.24705	1.6759890234760575	0.2	0.1474055
1005.5	0	9	0.246655	1.675246485127013	0.2	0.14723505
1006.0	0	9	0.24626	1.6745022255525805	0.2	0.1470646
1006.5	0	9	0.245865	1.6737562387610398	0.2	0.14689415
1007.0	0	9	0.24547	1.6730085187328292	0.2	0.14672369999999998
1007.5	0	9	0.245075	1.6722590594203812	0.2	0.14655325
1008.0	0	9	0.24468	1.6715078547479625	0.2	0.14638279999999998
1008.5	0	9	0.244285	1.670754898611506	0.2	0.14621235
1009.0	0	9	0.24389	1.6700001848784491	0.2	0.14604190000000003
1009.5	0	9	0.243495	1.6692437073875663	0.2	0.14587144999999999
1010.0	0	9	0.2431	1.6684854599487993	0.2	0.14570100000000002
1010.5	0	9	0.242705	1.6677254363430911	0.2	0.14553054999999998
1011.0	0	9	0.24231	1.6669636303222137	0.2	0.1453601
1011.5	0	9	0.241915	1.6662000356085986	0.2	0.14518965
1012.0	0	9	0.24152	1.6654346458951645	0.2	0.1450192
1012.5	0	9	0.241125	1.6646674548451403	0.2	0.14484875
1013.0	0	9	0.24073	1.663898456091895	0.2	0.1446783
1013.5	0	9	0.240335	1.6631276432387583	0.2	0.14450785
1014.0	0	9	0.23994	1.6623550098588444	0.2	0.1443374
1014.5	0	9	0.239545	1.661580549494874	0.2	0.14416695
1015.0	0	9	0.23915	1.6608042556589917	0.2	0.1439965
1015.5	0	9	0.238755	1.660026121832589	0.2	0.14382604999999998
1016.0	0	9	0.23836	1.6592461414661175	0.2	0.1436556
1016.5	0	9	0.237965	1.6584643079789094	0.2	0.14348515
1017.0	0	9	0.23757	1.6576806147589886	0.2	0.1433147
1017.5	0	9	0.237175	1.6568950551628863	0.2	0.14314425
1018.0	0	9	0.23678	1.656107622515454	0.2	0.14297379999999996
1018.5	0	9	0.236385	1.655318310109672	0.2	0.14280335
1019.0	0	9	0.23599	1.6545271112064608	0.2	0.1426329
1019.5	0	9	0.235595	1.6537340190344896	0.2	0.14246245
1020.0	0	9	0.2352	1.652939026789981	0.2	0.142292
1020.5	0	9	0.23480499999999999	1.6521421276365196	0.2	0.14212154999999999
1021.0	0	9	0.23441	1.6513433147048526	0.2	0.1419511
1021.5	0	9	0.234015	1.6505425810926948	0.2	0.14178065
1022.0	0	9	0.23362	1.6497399198645295	0.2	0.1416102
1022.5	0	9	0.233225	1.6489353240514069	0.2	0.14143975
1023.0	0	9	0.23283	1.6481287866507446	0.2	0.1412693
1023.5	0	9	0.232435	1.6473203006261214	0.2	0.14109884999999997
1024.0	0	9	0.23204	1.6465098589070764	0.2	0.14092839999999998
1024.5	0	9	0.231645	1.6456974543888996	0.2	0.14075795
1025.0	0	9	0.23125	1.6448830799324266	0.2	0.14058749999999998
1025.5	0	9	0.230855	1.6440667283638277	0.2	0.14041705
1026.0	0	9	0.23046	1.6432483924743986	0.2	0.14024660000000003
1026.5	0	9	0.230065	1.642428065020348	0.2	0.14007614999999998
1027.0	0	9	0.22966999999999999	1.6416057387225824	0.2	0.1399057
1027.5	0	9	0.229275	1.6407814062664932	0.2	0.13973525
1028.0	0	9	0.22888	1.639955060301738	0.2	0.1395648
1028.5	0	9	0.228485	1.6391266934420226	0.2	0.13939435
1029.0	0	9	0.22809	1.6382962982648814	0.2	0.13922389999999998
1029.5	0	9	0.227695	1.6374638673114548	0.2	0.13905345
1030.0	0	9	0.2273	1.6366293930862668	0.2	0.138883
1030.5	0	9	0.226905	1.635792868057	0.2	0.13871255
1031.0	0	9	0.22651	1.6349542846542675	0.2	0.1385421
1031.5	0	9	0.226115	1.6341136352713872	0.2	0.13837164999999998
1032.0	0	9	0.22572	1.6332709122641482	0.2	0.1382012
1032.5	0	9	0.225325	1.6324261079505837	0.2	0.13803074999999998
1033.0	0	9	0.22493	1.6315792146107329	0.2	0.13786029999999996
1033.5	0	9	0.22453499999999998	1.630730224486409	0.2	0.13768985
1034.0	0	9	0.22414	1.629879129780962	0.2	0.13751939999999999
1034.5	0	9	0.223745	1.6290259226590376	0.2	0.13734895
1035.0	0	9	0.22335	1.62817059524634	0.2	0.13717849999999995
1035.5	0	9	0.222955	1.6273131396293867	0.2	0.13700805
1036.0	0	9	0.22256	1.626453547855268	0.2	0.1368376
1036.5	0	9	0.222165	1.625591811931397	0.2	0.13666714999999996
1037.0	0	9	0.22177	1.6247279238252645	0.2	0.13649670000000003
1037.5	0	9	0.221375	1.6238618754641898	0.2	0.13632624999999998
1038.0	0	9	0.22098	1.6229936587350668	0.2	0.13615580000000002
1038.5	0	9	0.220585	1.6221232654841127	0.2	0.13598535
1039.0	0	9	0.22019	1.6212506875166128	0.2	0.1358149
1039.5	0	9	0.219795	1.6203759165966614	0.2	0.13564445
1040.0	0	9	0.21939999999999998	1.619498944446905	0.2	0.13547399999999998
1040.5	0	9	0.219005	1.61861976274828	0.2	0.13530355
1041.0	0	9	0.21861	1.6177383631397488	0.2	0.1351331
1041.5	0	9	0.218215	1.6168547372180377	0.2	0.13496265
1042.0	0	9	0.21781999999999999	1.6159688765373663	0.2	0.1347922
1042.5	0	9	0.21742499999999998	1.615080772609181	0.2	0.13462174999999998
1043.0	0	9	0.21703	1.614190416901882	0.2	0.1344513
1043.5	0	9	0.216635	1.6132978008405516	0.2	0.13428085
1044.0	0	9	0.21624	1.6124029158066786	0.2	0.1341104
1044.5	0	9	0.215845	1.61150575313788	0.2	0.13393995000000003
1045.0	0	9	0.21545	1.6106063041276226	0.2	0.13376949999999999
1045.5	0	9	0.215055	1.6097045600249402	0.2	0.13359905
1046.0	0	9	0.21466	1.6088005120341515	0.2	0.1334286
1046.5	0	9	0.21426499999999998	1.6078941513145726	0.2	0.13325815
1047.0	0	9	0.21387	1.6069854689802288	0.2	0.1330877
1047.5	0	9	0.213475	1.606074456099566	0.2	0.13291725
1048.0	0	9	0.21308	1.605161103695155	0.2	0.1327468
1048.5	0	9	0.21268499999999999	1.6042454027434	0.2	0.13257635
1049.0	0	9	0.21228999999999998	1.60332734417424	0.2	0.1324059
1049.5	0	9	0.211895	1.6024069188708474	0.2	0.13223545
1050.0	0	9	0.2115	1.6014841176693295	0.2	0.132065
1050.5	0	9	0.211105	1.6005589313584223	0.2	0.13189455
1051.0	0	9	0.21070999999999998	1.5996313506791844	0.2	0.1317241
1051.5	0	9	0.210315	1.5987013663246896	0.2	0.13155365
1052.0	0	9	0.20992	1.597768968939712	0.2	0.1313832
1052.5	0	9	0.209525	1.596834149120417	0.2	0.13121275
1053.0	0	9	0.20912999999999998	1.595896897414041	0.2	0.1310423
1053.5	0	9	0.208735	1.594957204318576	0.2	0.13087184999999998
1054.0	0	9	0.20834	1.5940150602824454	0.2	0.1307014
1054.5	0	9	0.207945	1.5930704557041835	0.2	0.13053095
1055.0	0	9	0.20754999999999998	1.5921233809321076	0.2	0.1303605
1055.5	0	9	0.207155	1.5911738262639887	0.2	0.13019005
1056.0	0	9	0.20676	1.5902217819467221	0.2	0.13001959999999996
1056.5	0	9	0.206365	1.5892672381759911	0.2	0.12984915
1057.0	0	9	0.20597	1.5883101850959331	0.2	0.1296787
1057.5	0	9	0.20557499999999998	1.5873506127987984	0.2	0.12950825
1058.0	0	9	0.20518	1.5863885113246088	0.2	0.1293378
1058.5	0	9	0.204785	1.5854238706608135	0.2	0.12916735
1059.0	0	9	0.20439	1.5844566807419402	0.2	0.1289969
1059.5	0	9	0.20399499999999998	1.5834869314492483	0.2	0.12882644999999995
1060.0	0	9	0.2036	1.582514612610372	0.2	0.128656
1060.5	0	9	0.203205	1.581539713998967	0.2	0.12848555
1061.0	0	9	0.20281	1.5805622253343528	0.2	0.1283151
1061.5	0	9	0.20241499999999998	1.5795821362811477	0.2	0.12814465
1062.0	0	9	0.20201999999999998	1.5785994364489093	0.2	0.12797419999999998
1062.5	0	9	0.201625	1.5776141153917629	0.2	0.12780375
1063.0	0	9	0.20123	1.576626162608034	0.2	0.1276333
1063.5	0	9	0.20083499999999999	1.5756355675398754	0.2	0.12746285
1064.0	0	9	0.20043999999999998	1.5746423195728887	0.2	0.1272924
1064.5	0	9	0.200045	1.5736464080357486	0.2	0.12712194999999998
1065.0	0	9	0.19965	1.5726478221998166	0.2	0.1269515
1065.5	0	9	0.199255	1.5716465512787596	0.2	0.12678105
1066.0	0	9	0.19885999999999998	1.57064258442816	0.2	0.1266106
1066.5	0	9	0.198465	1.5696359107451232	0.2	0.12644015
1067.0	0	9	0.19807	1.5686265192678848	0.2	0.12626969999999998
1067.5	0	9	0.197675	1.56761439897541	0.2	0.12609925000000002
1068.0	0	9	0.19727999999999998	1.5665995387869969	0.2	0.1259288
1068.5	0	9	0.19688499999999998	1.5655819275618676	0.2	0.12575835
1069.0	0	9	0.19649	1.5645615540987627	0.2	0.1255879
1069.5	0	9	0.196095	1.5635384071355303	0.2	0.12541744999999999
1070.0	0	9	0.19569999999999999	1.562512475348711	0.2	0.125247
1070.5	0	9	0.195305	1.561483747353121	0.2	0.12507655
1071.0	0	9	0.19491	1.5604522117014301	0.2	0.12490609999999999
1071.5	0	9	0.194515	1.5594178568837376	0.2	0.12473565
1072.0	0	9	0.19412	1.5583806713271442	0.2	0.1245652
1072.5	0	9	0.19372499999999998	1.55734064339532	0.2	0.12439475
1073.0	0	9	0.19333	1.55629776138807	0.2	0.12422429999999998
1073.5	0	9	0.192935	1.5552520135408938	0.2	0.12405385
1074.0	0	9	0.19254	1.5542033880245456	0.2	0.1238834
1074.5	0	9	0.19214499999999998	1.5531518729445866	0.2	0.12371295
1075.0	0	9	0.19174999999999998	1.552097456340935	0.2	0.12354250000000001
1075.5	0	9	0.191355	1.5510401261874145	0.2	0.12337205
1076.0	0	9	0.19096	1.5499798703912937	0.2	0.1232016
1076.5	0	9	0.19056499999999998	1.5489166767928282	0.2	0.12303115000000002
1077.0	0	9	0.19017	1.5478505331647958	0.2	0.12286069999999999
1077.5	0	9	0.189775	1.5467814272120237	0.2	0.12269025
1078.0	0	9	0.18938	1.5457093465709215	0.2	0.1225198
1078.5	0	9	0.188985	1.5446342788090006	0.2	0.12234935
1079.0	0	9	0.18858999999999998	1.5435562114243948	0.2	0.1221789
1079.5	0	9	0.188195	1.5424751318453764	0.2	0.12200844999999999
1080.0	0	9	0.1878	1.541391027429866	0.2	0.121838
1080.5	0	9	0.187405	1.5403038854649411	0.2	0.12166754999999999
1081.0	0	9	0.18700999999999998	1.539213693166339	0.2	0.12149709999999998
1081.5	0	9	0.18661499999999998	1.5381204376779545	0.2	0.12132665
1082.0	0	9	0.18622	1.537024106071336	0.2	0.12115619999999999
1082.5	0	9	0.185825	1.535924685345175	0.2	0.12098574999999999
1083.0	0	9	0.18542999999999998	1.5348221624247922	0.2	0.12081529999999999
1083.5	0	9	0.185035	1.53371652416162	0.2	0.12064484999999998
1084.0	0	9	0.18464	1.5326077573326782	0.2	0.1204744
1084.5	0	9	0.184245	1.5314958486400487	0.2	0.12030394999999999
1085.0	0	9	0.18384999999999999	1.530380784710343	0.2	0.1201335
1085.5	0	9	0.18345499999999998	1.5292625520941654	0.2	0.11996305
1086.0	0	9	0.18306	1.528141137265574	0.2	0.11979260000000001
1086.5	0	9	0.182665	1.527016526621533	0.2	0.11962214999999998
1087.0	0	9	0.18227	1.5258887064813644	0.2	0.1194517
1087.5	0	9	0.18187499999999998	1.5247576630861932	0.2	0.11928125
1088.0	0	9	0.18147999999999997	1.5236233825983871	0.2	0.1191108
1088.5	0	9	0.181085	1.522485851100993	0.2	0.11894034999999999
1089.0	0	9	0.18069	1.5213450545971663	0.2	0.11876990000000001
1089.5	0	9	0.18029499999999998	1.520200979009599	0.2	0.11859945000000001
1090.0	0	9	0.1799	1.519053610179939	0.2	0.118429
1090.5	0	9	0.179505	1.5179029338682066	0.2	0.11825855
1091.0	0	9	0.17911	1.5167489357522053	0.2	0.1180881
1091.5	0	9	0.17871499999999998	1.515591601426928	0.2	0.11791765
1092.0	0	9	0.17831999999999998	1.5144309164039569	0.2	0.1177472
1092.5	0	9	0.177925	1.5132668661108595	0.2	0.11757675000000001
1093.0	0	9	0.17753	1.5120994358905784	0.2	0.11740629999999999
1093.5	0	9	0.177135	1.5109286110008158	0.2	0.11723584999999999
1094.0	0	9	0.17673999999999998	1.5097543766134143	0.2	0.1170654
1094.5	0	9	0.17634499999999997	1.508576717813729	0.2	0.11689495000000001
1095.0	0	9	0.17595	1.5073956195999982	0.2	0.11672450000000001
1095.5	0	9	0.175555	1.5062110668827038	0.2	0.11655404999999998
1096.0	0	9	0.17515999999999998	1.5050230444839305	0.2	0.1163836
1096.5	0	9	0.174765	1.5038315371367181	0.2	0.11621315000000002
1097.0	0	9	0.17437	1.5026365294844053	0.2	0.11604269999999998
1097.5	0	9	0.173975	1.5014380060799717	0.2	0.11587224999999998
1098.0	0	9	0.17357999999999998	1.5002359513853716	0.2	0.1157018
1098.5	0	9	0.17318499999999998	1.4990303497708628	0.2	0.11553135
1099.0	0	9	0.17279	1.4978211855143295	0.2	0.11536089999999999
1099.5	0	9	0.172395	1.4966084428005968	0.2	0.11519044999999999
1100.0	0	9	0.172	1.4953921057207442	0.2	0.11502
1100.5	0	9	0.17160499999999998	1.494172158271408	0.2	0.11484955
1101.0	0	9	0.17120999999999997	1.49294858435408	0.2	0.1146791
1101.5	0	9	0.170815	1.4917213677743997	0.2	0.11450864999999999
1102.0	0	9	0.17042	1.490490492241438	0.2	0.1143382
1102.5	0	9	0.17002499999999998	1.4892559413669797	0.2	0.11416775
1103.0	0	9	0.16962999999999998	1.4880176986647928	0.2	0.11399729999999998
1103.5	0	9	0.169235	1.4867757475498968	0.2	0.11382685000000002
1104.0	0	9	0.16884	1.4855300713378217	0.2	0.1136564
1104.5	0	9	0.16844499999999998	1.4842806532438595	0.2	0.11348595
1105.0	0	9	0.16804999999999998	1.4830274763823128	0.2	0.11331550000000001
1105.5	0	9	0.167655	1.4817705237657326	0.2	0.11314505000000001
1106.0	0	9	0.16726	1.4805097783041496	0.2	0.1129746
1106.5	0	9	0.16686499999999999	1.479245222804303	0.2	0.11280414999999998
1107.0	0	9	0.16646999999999998	1.4779768399688546	0.2	0.1126337
1107.5	0	9	0.166075	1.4767046123956047	0.2	0.11246325
1108.0	0	9	0.16568	1.4754285225766923	0.2	0.1122928
1108.5	0	9	0.165285	1.474148552897794	0.2	0.11212235000000001
1109.0	0	9	0.16488999999999998	1.4728646856373138	0.2	0.1119519
1109.5	0	9	0.164495	1.4715769029655636	0.2	0.11178145
1110.0	0	9	0.1641	1.470285186943939	0.2	0.111611
1110.5	0	9	0.163705	1.468989519524087	0.2	0.11144055
1111.0	0	9	0.16330999999999998	1.4676898825470632	0.2	0.11127010000000001
1111.5	0	9	0.16291499999999998	1.466386257742486	0.2	0.11109965000000001
1112.0	0	9	0.16252	1.4650786267276785	0.2	0.1109292
1112.5	0	9	0.162125	1.4637669710068053	0.2	0.11075874999999999
1113.0	0	9	0.16172999999999998	1.4624512719700002	0.2	0.11058830000000001
1113.5	0	9	0.161335	1.4611315108924872	0.2	0.11041784999999998
1114.0	0	9	0.16094	1.4598076689336892	0.2	0.11024740000000001
1114.5	0	9	0.160545	1.458479727136335	0.2	0.11007695
1115.0	0	9	0.16015	1.4571476664255527	0.2	0.10990649999999999
1115.5	0	9	0.15975499999999998	1.4558114676079554	0.2	0.10973605
1116.0	0	9	0.15936	1.4544711113707223	0.2	0.1095656
1116.5	0	9	0.158965	1.4531265782806642	0.2	0.10939515000000001
1117.0	0	9	0.15857	1.4517778487832877	0.2	0.10922470000000001
1117.5	0	9	0.15817499999999998	1.4504249032018468	0.2	0.10905424999999998
1118.0	0	9	0.15778	1.4490677217363832	0.2	0.10888379999999999
1118.5	0	9	0.157385	1.4477062844627637	0.2	0.10871334999999999
1119.0	0	9	0.15699	1.446340571331704	0.2	0.10854289999999998
1119.5	0	9	0.15659499999999998	1.444970562167783	0.2	0.10837245000000001
1120.0	0	9	0.1562	1.4435962366684536	0.2	0.10820199999999999
1120.5	0	9	0.155805	1.4422175744030332	0.2	0.10803155
1121.0	0	9	0.15541	1.4408345548116976	0.2	0.1078611
1121.5	0	9	0.155015	1.4394471572044554	0.2	0.10769065
1122.0	0	9	0.15462	1.4380553607601176	0.2	0.10752020000000001
1122.5	0	9	0.154225	1.4366591445252552	0.2	0.10734975
1123.0	0	9	0.15383	1.4352584874131478	0.2	0.1071793
1123.5	0	9	0.153435	1.4338533682027232	0.2	0.10700885
1124.0	0	9	0.15304	1.4324437655374846	0.2	0.1068384
1124.5	0	9	0.152645	1.4310296579244282	0.2	0.10666794999999998
1125.0	0	9	0.15225	1.4296110237329516	0.2	0.10649749999999998
1125.5	0	9	0.151855	1.4281878411937505	0.2	0.10632705
1126.0	0	9	0.15145999999999998	1.4267600883977065	0.2	0.1061566
1126.5	0	9	0.151065	1.4253277432947606	0.2	0.10598615
1127.0	0	9	0.15067	1.423890783692779	0.2	0.10581570000000001
1127.5	0	9	0.150275	1.4224491872564076	0.2	0.10564525
1128.0	0	9	0.14988	1.4210029315059143	0.2	0.10547480000000001
1128.5	0	9	0.149485	1.4195519938160202	0.2	0.10530434999999999
1129.0	0	9	0.14909	1.4180963514147196	0.2	0.10513390000000002
1129.5	0	9	0.148695	1.4166359813820906	0.2	0.10496345
1130.0	0	9	0.1483	1.4151708606490891	0.2	0.104793
1130.5	0	9	0.147905	1.4137009659963362	0.2	0.10462255000000002
1131.0	0	9	0.14751	1.4122262740528913	0.2	0.10445209999999999
1131.5	0	9	0.147115	1.410746761295012	0.2	0.10428165
1132.0	0	9	0.14672	1.4092624040449058	0.2	0.1041112
1132.5	0	9	0.146325	1.4077731784694647	0.2	0.10394074999999998
1133.0	0	9	0.14593	1.4062790605789903	0.2	0.10377030000000001
1133.5	0	9	0.145535	1.4047800262259067	0.2	0.10359985000000001
1134.0	0	9	0.14514	1.4032760511034579	0.2	0.1034294
1134.5	0	9	0.144745	1.4017671107443956	0.2	0.10325894999999999
1135.0	0	9	0.14435	1.4002531805196508	0.2	0.10308849999999999
1135.5	0	9	0.143955	1.3987342356369945	0.2	0.10291805000000001
1136.0	0	9	0.14356	1.397210251139686	0.2	0.10274760000000001
1136.5	0	9	0.143165	1.3956812019051024	0.2	0.10257715
1137.0	0	9	0.14277	1.3941470626433623	0.2	0.10240669999999999
1137.5	0	9	0.142375	1.3926078078959274	0.2	0.10223624999999999
1138.0	0	9	0.14198	1.3910634120341976	0.2	0.1020658
1138.5	0	9	0.14158500000000002	1.389513849258087	0.2	0.10189535
1139.0	0	9	0.14119	1.387959093594587	0.2	0.10172490000000002
1139.5	0	9	0.140795	1.3863991188963163	0.2	0.10155445
1140.0	0	9	0.1404	1.3848338988400537	0.2	0.10138399999999999
1140.5	0	9	0.140005	1.3832634069252585	0.2	0.10121354999999999
1141.0	0	9	0.13961	1.3816876164725747	0.2	0.1010431
1141.5	0	9	0.139215	1.3801065006223192	0.2	0.10087265000000001
1142.0	0	9	0.13882	1.378520032332958	0.2	0.10070219999999999
1142.5	0	9	0.13842500000000002	1.3769281843795618	0.2	0.10053175
1143.0	0	9	0.13803	1.3753309293522504	0.2	0.1003613
1143.5	0	9	0.137635	1.3737282396546193	0.2	0.10019085
1144.0	0	9	0.13724	1.3721200875021495	0.2	0.1000204
1144.5	0	9	0.136845	1.3705064449206035	0.2	0.09984994999999999
1145.0	0	9	0.13645000000000002	1.3688872837444008	0.2	0.09967950000000002
1145.5	0	9	0.136055	1.3672625756149819	0.2	0.09950905
1146.0	0	9	0.13566	1.3656322919791501	0.2	0.0993386
1146.5	0	9	0.135265	1.3639964040874009	0.2	0.09916815000000001
1147.0	0	9	0.13487	1.3623548829922312	0.2	0.09899769999999998
1147.5	0	9	0.134475	1.360707699546431	0.2	0.09882724999999999
1148.0	0	9	0.13408	1.3590548244013592	0.2	0.09865679999999999
1148.5	0	9	0.133685	1.3573962280052008	0.2	0.09848635
1149.0	0	9	0.13329000000000002	1.3557318806012049	0.2	0.09831590000000001
1149.5	0	9	0.132895	1.3540617522259057	0.2	0.09814545
1150.0	0	9	0.1325	1.3523858127073232	0.2	0.09797500000000002
1150.5	0	9	0.132105	1.3507040316631485	0.2	0.09780455
1151.0	0	9	0.13171	1.3490163784989055	0.2	0.0976341
1151.5	0	9	0.13131500000000002	1.3473228224060971	0.2	0.09746365
1152.0	0	9	0.13092	1.3456233323603295	0.2	0.0972932
1152.5	0	9	0.130525	1.3439178771194185	0.2	0.09712275000000001
1153.0	0	9	0.13013	1.3422064252214747	0.2	0.0969523
1153.5	0	9	0.12973500000000002	1.3404889449829696	0.2	0.09678185
1154.0	0	9	0.12934	1.3387654044967778	0.2	0.0966114
1154.5	0	9	0.128945	1.3370357716302048	0.2	0.09644095000000001
1155.0	0	9	0.12855	1.3353000140229871	0.2	0.09627050000000001
1155.5	0	9	0.12815500000000002	1.3335580990852764	0.2	0.09610004999999999
1156.0	0	9	0.12776	1.3318099939955967	0.2	0.09592960000000002
1156.5	0	9	0.127365	1.330055665698787	0.2	0.09575915000000002
1157.0	0	9	0.12697	1.3282950809039145	0.2	0.0955887
1157.5	0	9	0.126575	1.3265282060821697	0.2	0.09541825
1158.0	0	9	0.12618000000000001	1.3247550074647396	0.2	0.0952478
1158.5	0	9	0.125785	1.3229754510406526	0.2	0.09507735
1159.0	0	9	0.12539	1.3211895025546088	0.2	0.0949069
1159.5	0	9	0.12499500000000001	1.3193971275047778	0.2	0.09473645
1160.0	0	9	0.1246	1.317598291140579	0.2	0.094566
1160.5	0	9	0.12420500000000001	1.315792958460436	0.2	0.09439555
1161.0	0	9	0.12381	1.3139810942095047	0.2	0.0942251
1161.5	0	9	0.12341500000000001	1.3121626628773804	0.2	0.09405465
1162.0	0	9	0.12302	1.3103376286957764	0.2	0.09388419999999999
1162.5	0	9	0.12262500000000001	1.3085059556361793	0.2	0.09371375
1163.0	0	9	0.12223	1.3066676074074788	0.2	0.0935433
1163.5	0	9	0.121835	1.304822547453569	0.2	0.09337285000000001
1164.0	0	9	0.12144	1.3029707389509284	0.2	0.0932024
1164.5	0	9	0.121045	1.301112144806166	0.2	0.09303195
1165.0	0	9	0.12065000000000001	1.2992467276535486	0.2	0.0928615
1165.5	0	9	0.120255	1.297374449852494	0.2	0.09269105
1166.0	0	9	0.11986000000000001	1.29549527348504	0.2	0.09252060000000001
1166.5	0	9	0.119465	1.2936091603532858	0.2	0.09235015
1167.0	0	9	0.11907000000000001	1.291716071976802	0.2	0.0921797
1167.5	0	9	0.118675	1.289815969590014	0.2	0.09200925000000001
1168.0	0	9	0.11828000000000001	1.2879088141395576	0.2	0.0918388
1168.5	0	9	0.117885	1.285994566281601	0.2	0.09166835
1169.0	0	9	0.11749000000000001	1.2840731863791413	0.2	0.09149789999999998
1169.5	0	9	0.117095	1.2821446344992662	0.2	0.09132744999999999
1170.0	0	9	0.1167	1.2802088704103909	0.2	0.09115699999999999
1170.5	0	9	0.116305	1.2782658535794578	0.2	0.09098655
1171.0	0	9	0.11591	1.2763155431691076	0.2	0.09081610000000001
1171.5	0	9	0.115515	1.2743578980348202	0.2	0.09064565000000001
1172.0	0	9	0.11512	1.2723928767220187	0.2	0.0904752
1172.5	0	9	0.11472500000000001	1.2704204374631456	0.2	0.09030475000000002
1173.0	0	9	0.11433	1.2684405381747015	0.2	0.0901343
1173.5	0	9	0.11393500000000001	1.2664531364542535	0.2	0.08996385000000001
1174.0	0	9	0.11354	1.2644581895774079	0.2	0.0897934
1174.5	0	9	0.113145	1.262455654494747	0.2	0.08962295000000002
1175.0	0	9	0.11275	1.2604454878287359	0.2	0.0894525
1175.5	0	9	0.11235500000000001	1.2584276458705865	0.2	0.08928205
1176.0	0	9	0.11196	1.256402084577092	0.2	0.08911160000000001
1176.5	0	9	0.111565	1.2543687595674218	0.2	0.08894115
1177.0	0	9	0.11117	1.2523276261198797	0.2	0.08877070000000001
1177.5	0	9	0.110775	1.2502786391686254	0.2	0.08860025
1178.0	0	9	0.11038	1.2482217533003581	0.2	0.08842979999999999
1178.5	0	9	0.109985	1.2461569227509606	0.2	0.08825935
1179.0	0	9	0.10959	1.2440841014021065	0.2	0.08808889999999998
1179.5	0	9	0.109195	1.242003242777824	0.2	0.08791845000000001
1180.0	0	9	0.10880000000000001	1.2399143000410267	0.2	0.08774799999999999
1180.5	0	9	0.108405	1.237817225989994	0.2	0.08757755
1181.0	0	9	0.10801	1.2357119730548205	0.2	0.0874071
1181.5	0	9	0.107615	1.2335984932938164	0.2	0.08723664999999999
1182.0	0	9	0.10722000000000001	1.2314767383898688	0.2	0.08706620000000001
1182.5	0	9	0.106825	1.2293466596467608	0.2	0.08689575
1183.0	0	9	0.10643	1.2272082079854436	0.2	0.0867253
1183.5	0	9	0.106035	1.2250613339402703	0.2	0.08655485
1184.0	0	9	0.10564	1.2229059876551784	0.2	0.0863844
1184.5	0	9	0.105245	1.2207421188798333	0.2	0.08621395000000001
1185.0	0	9	0.10485	1.2185696769657206	0.2	0.08604350000000001
1185.5	0	9	0.104455	1.216388610862197	0.2	0.08587305000000002
1186.0	0	9	0.10406	1.214198869112489	0.2	0.0857026
1186.5	0	9	0.10366500000000001	1.2120003998496471	0.2	0.08553215000000002
1187.0	0	9	0.10327	1.2097931507924515	0.2	0.08536169999999998
1187.5	0	9	0.102875	1.2075770692412657	0.2	0.08519125000000001
1188.0	0	9	0.10248	1.2053521020738454	0.2	0.08502080000000001
1188.5	0	9	0.10208500000000001	1.2031181957410901	0.2	0.08485035
1189.0	0	9	0.10169	1.2008752962627496	0.2	0.0846799
1189.5	0	9	0.101295	1.1986233492230751	0.2	0.08450944999999999
1190.0	0	9	0.1009	1.1963622997664187	0.2	0.08433900000000001
1190.5	0	9	0.10050500000000001	1.1940920925927796	0.2	0.08416855000000001
1191.0	0	9	0.10011	1.1918126719532942	0.2	0.0839981
1191.5	0	9	0.099715	1.1895239816456742	0.2	0.08382765
1192.0	0	9	0.09931999999999999	1.1872259650095867	0.2	0.0836572
1192.5	0	9	0.098925	1.1849185649219787	0.2	0.08348675
1193.0	0	9	0.09853	1.1826017237923432	0.2	0.0833163
1193.5	0	9	0.098135	1.1802753835579285	0.2	0.08314585000000001
1194.0	0	9	0.09774	1.1779394856788878	0.2	0.0829754
1194.5	0	9	0.097345	1.1755939711333683	0.2	0.08280495
1195.0	0	9	0.09695000000000001	1.1732387804125397	0.2	0.0826345
1195.5	0	9	0.096555	1.170873853515562	0.2	0.08246405000000001
1196.0	0	9	0.09616	1.1684991299444913	0.2	0.08229360000000001
1196.5	0	9	0.095765	1.1661145486991182	0.2	0.08212315
1197.0	0	9	0.09537000000000001	1.1637200482717471	0.2	0.08195269999999999
1197.5	0	9	0.094975	1.161315566641906	0.2	0.08178224999999999
1198.0	0	9	0.09458	1.1589010412709926	0.2	0.0816118
1198.5	0	9	0.09418499999999999	1.156476409096853	0.2	0.08144135000000001
1199.0	0	9	0.09379	1.15404160652829	0.2	0.08127090000000001
1199.5	0	9	0.093395	1.1515965694395038	0.2	0.08110044999999999
1200.0	0	9	0.093	1.149141233164463	0.2	0.08093
1200.5	0	9	0.09286225	1.1483675020860493	0.2	0.08086457500000001
1201.0	0	9	0.0927245	1.1475925179905977	0.2	0.08079915
1201.5	0	9	0.09258675	1.1468162778318478	0.2	0.08073372499999999
1202.0	0	9	0.092449	1.1460387785536574	0.2	0.0806683
1202.5	0	9	0.09231125	1.145260017089961	0.2	0.080602875
1203.0	0	9	0.0921735	1.1444799903647311	0.2	0.08053745
1203.5	0	9	0.09203575	1.1436986952919352	0.2	0.080472025
1204.0	0	9	0.091898	1.1429161287754983	0.2	0.08040660000000001
1204.5	0	9	0.09176025	1.14213228770926	0.2	0.080341175
1205.0	0	9	0.0916225	1.1413471689769326	0.2	0.08027575
1205.5	0	9	0.09148475	1.1405607694520625	0.2	0.080210325
1206.0	0	9	0.091347	1.139773085997986	0.2	0.0801449
1206.5	0	9	0.09120925	1.13898411546779	0.2	0.080079475
1207.0	0	9	0.0910715	1.1381938547042676	0.2	0.08001405
1207.5	0	9	0.09093375	1.137402300539878	0.2	0.079948625
1208.0	0	9	0.090796	1.1366094497967032	0.2	0.0798832
1208.5	0	9	0.09065825	1.1358152992864057	0.2	0.07981777500000001
1209.0	0	9	0.0905205	1.1350198458101861	0.2	0.07975235000000001
1209.5	0	9	0.09038275	1.1342230861587392	0.2	0.079686925
1210.0	0	9	0.090245	1.1334250171122122	0.2	0.0796215
1210.5	0	9	0.09010725	1.1326256354401596	0.2	0.079556075
1211.0	0	9	0.0899695	1.1318249379015015	0.2	0.07949065000000001
1211.5	0	9	0.08983175	1.1310229212444787	0.2	0.079425225
1212.0	0	9	0.089694	1.1302195822066081	0.2	0.07935980000000002
1212.5	0	9	0.08955625	1.1294149175146408	0.2	0.07929437500000001
1213.0	0	9	0.0894185	1.1286089238845143	0.2	0.07922895000000002
1213.5	0	9	0.08928075	1.127801598021311	0.2	0.07916352500000001
1214.0	0	9	0.089143	1.1269929366192108	0.2	0.0790981
1214.5	0	9	0.08900525	1.126182936361448	0.2	0.079032675
1215.0	0	9	0.0888675	1.1253715939202644	0.2	0.07896725
1215.5	0	9	0.08872975	1.1245589059568646	0.2	0.07890182500000001
1216.0	0	9	0.088592	1.1237448691213703	0.2	0.0788364
1216.5	0	9	0.08845425	1.1229294800527732	0.2	0.07877097500000001
1217.0	0	9	0.0883165	1.1221127353788902	0.2	0.07870555
1217.5	0	9	0.08817875	1.1212946317163153	0.2	0.078640125
1218.0	0	9	0.08804100000000001	1.1204751656703749	0.2	0.0785747
1218.5	0	9	0.08790325	1.1196543338350786	0.2	0.07850927500000002
1219.0	0	9	0.0877655	1.1188321327930741	0.2	0.07844385000000001
1219.5	0	9	0.08762775	1.1180085591155986	0.2	0.07837842499999999
1220.0	0	9	0.08749	1.11718360936243	0.2	0.07831300000000001
1220.5	0	9	0.08735225	1.1163572800818429	0.2	0.078247575
1221.0	0	9	0.0872145	1.1155295678105552	0.2	0.07818215
1221.5	0	9	0.08707675000000001	1.1147004690736844	0.2	0.078116725
1222.0	0	9	0.086939	1.1138699803846956	0.2	0.0780513
1222.5	0	9	0.08680125	1.1130380982453554	0.2	0.077985875
1223.0	0	9	0.0866635	1.11220481914568	0.2	0.07792045000000002
1223.5	0	9	0.08652575	1.111370139563888	0.2	0.07785502500000001
1224.0	0	9	0.086388	1.1105340559663504	0.2	0.0777896
1224.5	0	9	0.08625025	1.109696564807539	0.2	0.077724175
1225.0	0	9	0.08611250000000001	1.108857662529979	0.2	0.07765875
1225.5	0	9	0.08597475	1.1080173455641964	0.2	0.077593325
1226.0	0	9	0.085837	1.1071756103286687	0.2	0.0775279
1226.5	0	9	0.08569925	1.1063324532297736	0.2	0.07746247499999999
1227.0	0	9	0.0855615	1.105487870661737	0.2	0.07739705000000001
1227.5	0	9	0.08542375	1.1046418590065836	0.2	0.077331625
1228.0	0	9	0.085286	1.103794414634083	0.2	0.07726620000000001
1228.5	0	9	0.08514825000000001	1.1029455339017	0.2	0.077200775
1229.0	0	9	0.0850105	1.1020952131545394	0.2	0.07713535
1229.5	0	9	0.08487275	1.1012434487252971	0.2	0.077069925
1230.0	0	9	0.084735	1.1003902369342051	0.2	0.0770045
1230.5	0	9	0.08459725	1.099535574088979	0.2	0.076939075
1231.0	0	9	0.0844595	1.0986794564847644	0.2	0.07687365
1231.5	0	9	0.08432175	1.0978218804040842	0.2	0.07680822500000001
1232.0	0	9	0.08418400000000001	1.096962842116785	0.2	0.0767428
1232.5	0	9	0.08404625	1.0961023378799808	0.2	0.07667737500000002
1233.0	0	9	0.0839085	1.0952403639380017	0.2	0.07661195
1233.5	0	9	0.08377075	1.0943769165223372	0.2	0.076546525
1234.0	0	9	0.083633	1.0935119918515817	0.2	0.0764811
1234.5	0	9	0.08349525000000001	1.0926455861313795	0.2	0.076415675
1235.0	0	9	0.0833575	1.0917776955543694	0.2	0.07635025000000001
1235.5	0	9	0.08321975000000001	1.0909083163001292	0.2	0.076284825
1236.0	0	9	0.083082	1.0900374445351182	0.2	0.07621940000000002
1236.5	0	9	0.08294425	1.0891650764126233	0.2	0.07615397499999998
1237.0	0	9	0.0828065	1.0882912080726994	0.2	0.07608855
1237.5	0	9	0.08266875	1.0874158356421155	0.2	0.076023125
1238.0	0	9	0.08253100000000001	1.086538955234295	0.2	0.0759577
1238.5	0	9	0.08239325	1.0856605629492593	0.2	0.075892275
1239.0	0	9	0.08225550000000001	1.0847806548735706	0.2	0.07582685000000002
1239.5	0	9	0.08211775	1.083899227080272	0.2	0.07576142500000001
1240.0	0	9	0.08198	1.083016275628831	0.2	0.075696
1240.5	0	9	0.08184225	1.0821317965650796	0.2	0.075630575
1241.0	0	9	0.0817045	1.0812457859211555	0.2	0.07556515
1241.5	0	9	0.08156675000000001	1.0803582397154428	0.2	0.075499725
1242.0	0	9	0.081429	1.0794691539525123	0.2	0.07543430000000001
1242.5	0	9	0.08129125000000001	1.0785785246230624	0.2	0.075368875
1243.0	0	9	0.0811535	1.0776863477038567	0.2	0.07530345000000001
1243.5	0	9	0.08101575	1.0767926191576667	0.2	0.075238025
1244.0	0	9	0.080878	1.075897334933207	0.2	0.0751726
1244.5	0	9	0.08074025	1.0750004909650777	0.2	0.075107175
1245.0	0	9	0.08060250000000001	1.0741020831737	0.2	0.07504175
1245.5	0	9	0.08046475	1.0732021074652567	0.2	0.07497632499999998
1246.0	0	9	0.08032700000000001	1.072300559731628	0.2	0.0749109
1246.5	0	9	0.08018925	1.0713974358503302	0.2	0.07484547500000001
1247.0	0	9	0.0800515	1.0704927316844532	0.2	0.07478005
1247.5	0	9	0.07991375	1.0695864430825959	0.2	0.074714625
1248.0	0	9	0.079776	1.0686785658788038	0.2	0.0746492
1248.5	0	9	0.07963825000000001	1.0677690958925048	0.2	0.074583775
1249.0	0	9	0.0795005	1.0668580289284453	0.2	0.07451835
1249.5	0	9	0.07936275000000001	1.065945360776625	0.2	0.07445292500000002
1250.0	0	9	0.079225	1.065031087212233	0.2	0.07438750000000002
1250.5	0	9	0.07908725	1.0641152039955828	0.2	0.074322075
1251.0	0	9	0.0789495	1.0631977068720444	0.2	0.07425665000000001
1251.5	0	9	0.07881175	1.0622785915719817	0.2	0.074191225
1252.0	0	9	0.07867400000000001	1.061357853810684	0.2	0.0741258
1252.5	0	9	0.07853625	1.0604354892883003	0.2	0.074060375
1253.0	0	9	0.07839850000000001	1.059511493689772	0.2	0.07399495
1253.5	0	9	0.07826075	1.0585858626847664	0.2	0.073929525
1254.0	0	9	0.078123	1.0576585919276076	0.2	0.0738641
1254.5	0	9	0.07798525	1.05672967705721	0.2	0.073798675
1255.0	0	9	0.0778475	1.055799113697009	0.2	0.07373325
1255.5	0	9	0.07770975000000001	1.054866897454893	0.2	0.073667825
1256.0	0	9	0.077572	1.053933023923133	0.2	0.0736024
1256.5	0	9	0.07743425	1.0529974886783144	0.2	0.073536975
1257.0	0	9	0.0772965	1.0520602872812674	0.2	0.07347155
1257.5	0	9	0.07715875	1.051121415276995	0.2	0.073406125
1258.0	0	9	0.077021	1.050180868194604	0.2	0.07334070000000001
1258.5	0	9	0.07688325	1.0492386415472341	0.2	0.07327527499999999
1259.0	0	9	0.07674550000000001	1.048294730831985	0.2	0.07320985
1259.5	0	9	0.07660775	1.0473491315298467	0.2	0.073144425
1260.0	0	9	0.07647	1.0464018391056253	0.2	0.073079
1260.5	0	9	0.07633225	1.045452849007873	0.2	0.073013575
1261.0	0	9	0.0761945	1.044502156668812	0.2	0.07294815
1261.5	0	9	0.07605675	1.0435497575042645	0.2	0.07288272500000001
1262.0	0	9	0.075919	1.0425956469135769	0.2	0.0728173
1262.5	0	9	0.07578125	1.0416398202795458	0.2	0.07275187500000001
1263.0	0	9	0.0756435	1.0406822729683456	0.2	0.07268645
1263.5	0	9	0.07550575	1.03972300032945	0.2	0.072621025
1264.0	0	9	0.075368	1.0387619976955604	0.2	0.0725556
1264.5	0	9	0.07523025	1.0377992603825277	0.2	0.072490175
1265.0	0	9	0.0750925	1.0368347836892775	0.2	0.07242475000000001
1265.5	0	9	0.07495475	1.0358685628977329	0.2	0.072359325
1266.0	0	9	0.074817	1.034900593272738	0.2	0.07229390000000001
1266.5	0	9	0.07467925	1.0339308700619805	0.2	0.072228475
1267.0	0	9	0.0745415	1.032959388495913	0.2	0.07216305
1267.5	0	9	0.07440375	1.031986143787677	0.2	0.072097625
1268.0	0	9	0.074266	1.031011131133021	0.2	0.0720322
1268.5	0	9	0.07412825	1.0300343457102252	0.2	0.07196677500000001
1269.0	0	9	0.0739905	1.0290557826800193	0.2	0.07190135
1269.5	0	9	0.07385275	1.0280754371855028	0.2	0.07183592500000001
1270.0	0	9	0.073715	1.0270933043520667	0.2	0.0717705
1270.5	0	9	0.07357725	1.0261093792873097	0.2	0.07170507500000001
1271.0	0	9	0.0734395	1.02512365708096	0.2	0.07163965
1271.5	0	9	0.07330175	1.024136132804791	0.2	0.071574225
1272.0	0	9	0.073164	1.0231468015125413	0.2	0.0715088
1272.5	0	9	0.07302625	1.0221556582398297	0.2	0.071443375
1273.0	0	9	0.0728885	1.0211626980040756	0.2	0.07137795
1273.5	0	9	0.07275075	1.0201679158044117	0.2	0.071312525
1274.0	0	9	0.072613	1.0191713066216026	0.2	0.07124710000000002
1274.5	0	9	0.07247525	1.0181728654179605	0.2	0.071181675
1275.0	0	9	0.0723375	1.0171725871372577	0.2	0.07111624999999999
1275.5	0	9	0.07219975	1.016170466704644	0.2	0.071050825
1276.0	0	9	0.072062	1.0151664990265603	0.2	0.0709854
1276.5	0	9	0.07192425	1.014160678990651	0.2	0.070919975
1277.0	0	9	0.0717865	1.0131530014656787	0.2	0.07085455
1277.5	0	9	0.07164875	1.0121434613014355	0.2	0.07078912500000001
1278.0	0	9	0.07151099999999999	1.0111320533286576	0.2	0.0707237
1278.5	0	9	0.07137325	1.0101187723589344	0.2	0.070658275
1279.0	0	9	0.0712355	1.0091036131846214	0.2	0.07059285
1279.5	0	9	0.07109775	1.00808657057875	0.2	0.070527425
1280.0	0	9	0.07096	1.0070676392949391	0.2	0.070462
1280.5	0	9	0.07082225	1.0060468140673038	0.2	0.07039657499999999
1281.0	0	9	0.0706845	1.0050240896103646	0.2	0.07033115
1281.5	0	9	0.07054674999999999	1.0039994606189575	0.2	0.07026572499999999
1282.0	0	9	0.070409	1.0029729217681405	0.2	0.07020030000000001
1282.5	0	9	0.07027125	1.0019444677131026	0.2	0.070134875
1283.0	0	9	0.0701335	1.0009140930890708	0.2	0.07006945000000002
1283.5	1	9	0.06999575	0.9998817925112163	0.2	0.07000402499999998
1284.0	1	9	0.069858	0.9988475605745611	0.2	0.0699386
1284.5	1	9	0.06972025	0.9978113918538837	0.2	0.06987317500000001
1285.0	1	9	0.06958249999999999	0.9967732809036245	0.2	0.06980775
1285.5	1	9	0.06944475	0.9957332222577895	0.2	0.06974232500000002
1286.0	1	9	0.069307	0.9946912104298554	0.2	0.0696769
1286.5	1	9	0.06916925	0.9936472399126723	0.2	0.06961147500000002
1287.0	1	9	0.0690315	0.9926013051783674	0.2	0.06954604999999998
1287.5	1	9	0.06889375	0.9915534006782466	0.2	0.06948062500000002
1288.0	1	9	0.068756	0.9905035208426971	0.2	0.06941520000000001
1288.5	1	9	0.06861824999999999	0.9894516600810888	0.2	0.069349775
1289.0	1	9	0.0684805	0.9883978127816743	0.2	0.06928435000000001
1289.5	1	9	0.06834275	0.9873419733114895	0.2	0.069218925
1290.0	1	9	0.068205	0.9862841360162536	0.2	0.0691535
1290.5	1	9	0.06806725	0.9852242952202677	0.2	0.069088075
1291.0	1	9	0.06792949999999999	0.9841624452263131	0.2	0.06902265
1291.5	1	9	0.06779175	0.9830985803155505	0.2	0.06895722500000001
1292.0	1	9	0.06765399999999999	0.9820326947474154	0.2	0.06889179999999999
1292.5	1	9	0.06751625	0.9809647827595162	0.2	0.06882637500000001
1293.0	1	9	0.0673785	0.9798948385675299	0.2	0.06876095
1293.5	1	9	0.06724074999999999	0.9788228563650977	0.2	0.06869552500000002
1294.0	1	9	0.067103	0.9777488303237208	0.2	0.0686301
1294.5	1	9	0.06696524999999999	0.9766727545926527	0.2	0.06856467499999999
1295.0	1	9	0.0668275	0.9755946232987952	0.2	0.06849925
1295.5	1	9	0.06668974999999999	0.9745144305465899	0.2	0.068433825
1296.0	1	9	0.066552	0.9734321704179124	0.2	0.0683684
1296.5	1	9	0.06641425	0.9723478369719619	0.2	0.068302975
1297.0	1	9	0.06627649999999999	0.971261424245155	0.2	0.06823755000000001
1297.5	1	9	0.06613875	0.9701729262510153	0.2	0.06817212500000001
1298.0	1	9	0.06600099999999999	0.969082336980062	0.2	0.0681067
1298.5	1	9	0.06586325	0.9679896503997022	0.2	0.068041275
1299.0	1	9	0.06572549999999999	0.966894860454117	0.2	0.06797585
1299.5	1	9	0.06558775	0.9657979610641518	0.2	0.067910425
1300.0	1	9	0.06545	0.9646989461272016	0.2	0.067845
1300.5	1	9	0.06531224999999999	0.9635978095170998	0.2	0.06777957500000001
1301.0	1	9	0.0651745	0.9624945450840038	0.2	0.06771415
1301.5	1	9	0.06503674999999999	0.9613891466542789	0.2	0.067648725
1302.0	1	9	0.064899	0.9602816080303862	0.2	0.0675833
1302.5	1	9	0.06476124999999999	0.9591719229907634	0.2	0.067517875
1303.0	1	9	0.0646235	0.9580600852897115	0.2	0.06745245
1303.5	1	9	0.06448575	0.9569460886572748	0.2	0.06738702499999999
1304.0	1	9	0.06434799999999999	0.955829926799125	0.2	0.06732160000000002
1304.5	1	9	0.06421025	0.9547115933964427	0.2	0.067256175
1305.0	1	9	0.06407249999999999	0.9535910821057956	0.2	0.06719075000000001
1305.5	1	9	0.06393475	0.9524683865590222	0.2	0.067125325
1306.0	1	9	0.06379699999999999	0.951343500363108	0.2	0.0670599
1306.5	1	9	0.06365925	0.9502164171000669	0.2	0.066994475
1307.0	1	9	0.0635215	0.9490871303268161	0.2	0.06692904999999999
1307.5	1	9	0.06338374999999999	0.9479556335750564	0.2	0.06686362500000001
1308.0	1	9	0.063246	0.9468219203511471	0.2	0.0667982
1308.5	1	9	0.06310824999999999	0.9456859841359809	0.2	0.06673277500000001
1309.0	1	9	0.0629705	0.9445478183848616	0.2	0.06666735
1309.5	1	9	0.06283274999999999	0.9434074165273749	0.2	0.066601925
1310.0	1	9	0.062695	0.9422647719672661	0.2	0.0665365
1310.5	1	9	0.06255725	0.9411198780823086	0.2	0.066471075
1311.0	1	9	0.062419499999999996	0.9399727282241795	0.2	0.06640565000000001
1311.5	1	9	0.06228175	0.9388233157183292	0.2	0.06634022499999999
1312.0	1	9	0.06214399999999999	0.9376716338638514	0.2	0.06627480000000001
1312.5	1	9	0.06200624999999999	0.9365176759333552	0.2	0.066209375
1313.0	1	9	0.06186849999999999	0.9353614351728312	0.2	0.06614395
1313.5	1	9	0.061730749999999994	0.934202904801522	0.2	0.066078525
1314.0	1	9	0.061592999999999995	0.9330420780117884	0.2	0.0660131
1314.5	1	9	0.061455249999999996	0.9318789479689767	0.2	0.06594767500000001
1315.0	1	9	0.0613175	0.9307135078112845	0.2	0.06588224999999999
1315.5	1	9	0.06117974999999999	0.9295457506496246	0.2	0.06581682500000001
1316.0	1	9	0.06104199999999999	0.928375669567492	0.2	0.0657514
1316.5	1	9	0.06090424999999999	0.9272032576208237	0.2	0.06568597500000002
1317.0	1	9	0.060766499999999994	0.9260285078378647	0.2	0.06562055
1317.5	1	9	0.060628749999999995	0.9248514132190273	0.2	0.065555125
1318.0	1	9	0.060490999999999996	0.9236719667367538	0.2	0.06548970000000001
1318.5	1	9	0.06035325	0.9224901613353758	0.2	0.065424275
1319.0	1	9	0.06021549999999999	0.9213059899309731	0.2	0.06535885000000001
1319.5	1	9	0.06007774999999999	0.9201194454112338	0.2	0.065293425
1320.0	1	9	0.05993999999999999	0.9189305206353098	0.2	0.06522800000000001
1320.5	1	9	0.059802249999999994	0.9177392084336752	0.2	0.06516257500000001
1321.0	1	9	0.059664499999999995	0.9165455016079811	0.2	0.06509715
1321.5	1	9	0.059526749999999996	0.9153493929309116	0.2	0.06503172500000001
1322.0	1	9	0.059389	0.9141508751460371	0.2	0.06496630000000002
1322.5	1	9	0.05925124999999999	0.9129499409676679	0.2	0.064900875
1323.0	1	9	0.05911349999999999	0.9117465830807064	0.2	0.06483545
1323.5	1	9	0.05897574999999999	0.9105407941404992	0.2	0.06477002500000001
1324.0	1	9	0.058837999999999994	0.9093325667726868	0.2	0.0647046
1324.5	1	9	0.058700249999999995	0.9081218935730536	0.2	0.06463917500000001
1325.0	1	9	0.058562499999999997	0.9069087671073772	0.2	0.06457375
1325.5	1	9	0.05842474999999999	0.9056931799112748	0.2	0.064508325
1326.0	1	9	0.05828699999999999	0.9044751244900523	0.2	0.0644429
1326.5	1	9	0.05814924999999999	0.903254593318548	0.2	0.064377475
1327.0	1	9	0.058011499999999994	0.9020315788409791	0.2	0.06431205000000001
1327.5	1	9	0.057873749999999995	0.9008060734707853	0.2	0.064246625
1328.0	1	9	0.057735999999999996	0.8995780695904718	0.2	0.06418120000000001
1328.5	1	9	0.05759824999999999	0.8983475595514518	0.2	0.064115775
1329.0	1	9	0.0574605	0.8971145356738877	0.2	0.06405035
1329.5	1	9	0.05732274999999999	0.8958789902465306	0.2	0.063984925
1330.0	1	9	0.05718499999999999	0.8946409155265606	0.2	0.0639195
1330.5	1	9	0.057047249999999994	0.8934003037394244	0.2	0.06385407500000001
1331.0	1	9	0.056909499999999995	0.892157147078673	0.2	0.06378865
1331.5	1	9	0.056771749999999996	0.8909114377057971	0.2	0.06372322500000001
1332.0	1	9	0.05663399999999999	0.8896631677500635	0.2	0.0636578
1332.5	1	9	0.05649624999999999	0.8884123293083485	0.2	0.063592375
1333.0	1	9	0.05635849999999999	0.8871589144449716	0.2	0.06352695
1333.5	1	9	0.05622074999999999	0.8859029151915273	0.2	0.063461525
1334.0	1	9	0.056082999999999994	0.8846443235467164	0.2	0.06339610000000001
1334.5	1	9	0.055945249999999995	0.8833831314761763	0.2	0.063330675
1335.0	1	9	0.055807499999999996	0.8821193309123095	0.2	0.06326525000000001
1335.5	1	9	0.05566974999999999	0.8808529137541122	0.2	0.063199825
1336.0	1	9	0.05553199999999999	0.8795838718670009	0.2	0.06313440000000001
1336.5	1	9	0.05539424999999999	0.8783121970826384	0.2	0.063068975
1337.0	1	9	0.05525649999999999	0.8770378811987577	0.2	0.06300355
1337.5	1	9	0.055118749999999994	0.8757609159789871	0.2	0.06293812500000001
1338.0	1	9	0.054980999999999995	0.8744812931526719	0.2	0.0628727
1338.5	1	9	0.054843249999999996	0.8731990044146956	0.2	0.06280727500000001
1339.0	1	9	0.05470549999999999	0.8719140414253005	0.2	0.06274185
1339.5	1	9	0.05456774999999999	0.8706263958099075	0.2	0.06267642500000001
1340.0	1	9	0.05442999999999999	0.8693360591589336	0.2	0.062611
1340.5	1	9	0.05429224999999999	0.868043023027608	0.2	0.062545575
1341.0	1	9	0.054154499999999994	0.8667472789357898	0.2	0.06248015
1341.5	1	9	0.054016749999999995	0.8654488183677809	0.2	0.06241472500000001
1342.0	1	9	0.053878999999999996	0.8641476327721401	0.2	0.062349299999999996
1342.5	1	9	0.05374124999999999	0.8628437135614955	0.2	0.062283875
1343.0	1	9	0.05360349999999999	0.8615370521123555	0.2	0.06221845
1343.5	1	9	0.05346574999999999	0.8602276397649188	0.2	0.062153024999999994
1344.0	1	9	0.05332799999999999	0.8589154678228823	0.2	0.06208760000000001
1344.5	1	9	0.053190249999999994	0.8576005275532499	0.2	0.06202217500000001
1345.0	1	9	0.053052499999999995	0.8562828101861377	0.2	0.061956750000000005
1345.5	1	9	0.052914749999999997	0.8549623069145796	0.2	0.061891325000000004
1346.0	1	9	0.05277699999999999	0.8536390088943305	0.2	0.061825899999999996
1346.5	1	9	0.05263924999999999	0.8523129072436697	0.2	0.061760475000000016
1347.0	1	9	0.05250149999999999	0.8509839930432018	0.2	0.06169505000000001
1347.5	1	9	0.052363749999999994	0.8496522573356562	0.2	0.06162962500000001
1348.0	1	9	0.052225999999999995	0.8483176911256866	0.2	0.0615642
1348.5	1	9	0.05208824999999999	0.8469802853796679	0.2	0.06149877500000001
1349.0	1	9	0.0519505	0.8456400310254933	0.2	0.061433350000000005
1349.5	1	9	0.05181274999999999	0.8442969189523678	0.2	0.061367925000000004
1350.0	1	9	0.05167499999999999	0.8429509400106029	0.2	0.06130250000000001
1350.5	1	9	0.05153724999999999	0.8416020850114084	0.2	0.061237074999999995
1351.0	1	9	0.051399499999999994	0.8402503447266828	0.2	0.06117165000000001
1351.5	1	9	0.051261749999999995	0.8388957098888042	0.2	0.061106225
1352.0	1	9	0.05112399999999999	0.8375381711904166	0.2	0.061040800000000006
1352.5	1	9	0.05098624999999999	0.836177719284219	0.2	0.060975375
1353.0	1	9	0.05084849999999999	0.8348143447827487	0.2	0.060909950000000004
1353.5	1	9	0.05071074999999999	0.8334480382581668	0.2	0.060844525
1354.0	1	9	0.05057299999999999	0.8320787902420402	0.2	0.06077910000000001
1354.5	1	9	0.050435249999999994	0.8307065912251232	0.2	0.060713675000000016
1355.0	1	9	0.050297499999999995	0.8293314316571376	0.2	0.06064825
1355.5	1	9	0.05015974999999999	0.8279533019465498	0.2	0.06058282500000001
1356.0	1	9	0.05002199999999999	0.82657219246035	0.2	0.060517400000000006
1356.5	1	9	0.04988424999999999	0.8251880935238259	0.2	0.060451975000000005
1357.0	1	9	0.04974649999999999	0.8238009954203376	0.2	0.06038655000000001
1357.5	1	9	0.04960874999999999	0.82241088839109	0.2	0.060321125
1358.0	1	9	0.049470999999999994	0.821017762634904	0.2	0.06025570000000001
1358.5	1	9	0.049333249999999995	0.8196216083079866	0.2	0.060190274999999994
1359.0	1	9	0.04919549999999999	0.8182224155236975	0.2	0.06012485000000001
1359.5	1	9	0.04905774999999999	0.8168201743523184	0.2	0.06005942500000001
1360.0	1	9	0.04891999999999999	0.8154148748208152	0.2	0.059994000000000006
1360.5	1	9	0.04878224999999999	0.8140065069126037	0.2	0.059928575000000005
1361.0	1	9	0.04864449999999999	0.8125950605673105	0.2	0.059863150000000004
1361.5	1	9	0.048506749999999994	0.8111805256805336	0.2	0.05979772500000002
1362.0	1	9	0.048368999999999995	0.8097628921036021	0.2	0.05973230000000001
1362.5	1	9	0.04823124999999999	0.808342149643332	0.2	0.059666875000000015
1363.0	1	9	0.04809349999999999	0.8069182880617836	0.2	0.05960145000000001
1363.5	1	9	0.04795574999999999	0.8054912970760139	0.2	0.059536025000000006
1364.0	1	9	0.04781799999999999	0.8040611663578304	0.2	0.059470600000000005
1364.5	1	9	0.047680249999999993	0.8026278855335414	0.2	0.059405175
1365.0	1	9	0.047542499999999994	0.8011914441837047	0.2	0.059339750000000004
1365.5	1	9	0.047404749999999996	0.7997518318428762	0.2	0.059274325
1366.0	1	9	0.04726699999999999	0.7983090379993545	0.2	0.05920890000000001
1366.5	1	9	0.04712924999999999	0.7968630520949266	0.2	0.059143475
1367.0	1	9	0.04699149999999999	0.7954138635246083	0.2	0.05907805000000001
1367.5	1	9	0.04685374999999999	0.7939614616363869	0.2	0.059012625000000006
1368.0	1	9	0.046715999999999994	0.792505835730959	0.2	0.05894720000000001
1368.5	1	9	0.046578249999999995	0.7910469750614684	0.2	0.05888177500000001
1369.0	1	9	0.046440499999999996	0.789584868833241	0.2	0.058816349999999996
1369.5	1	9	0.04630274999999999	0.788119506203519	0.2	0.05875092500000001
1370.0	1	9	0.04616499999999999	0.7866508762811937	0.2	0.0586855
1370.5	1	9	0.04602724999999999	0.7851789681265332	0.2	0.058620075000000015
1371.0	1	9	0.04588949999999999	0.7837037707509137	0.2	0.05855465000000001
1371.5	1	9	0.045751749999999994	0.7822252731165439	0.2	0.058489225000000006
1372.0	1	9	0.045613999999999995	0.7807434641361909	0.2	0.058423800000000005
1372.5	1	9	0.045476249999999996	0.7792583326729025	0.2	0.058358375000000004
1373.0	1	9	0.04533849999999999	0.7777698675397279	0.2	0.05829295000000001
1373.5	1	9	0.04520074999999999	0.7762780574994385	0.2	0.058227524999999995
1374.0	1	9	0.04506299999999999	0.7747828912642423	0.2	0.058162100000000015
1374.5	1	9	0.04492524999999999	0.773284357495502	0.2	0.05809667500000001
1375.0	1	9	0.044787499999999994	0.7717824448034463	0.2	0.058031250000000006
1375.5	1	9	0.044649749999999995	0.7702771417468826	0.2	0.057965825000000006
1376.0	1	9	0.044511999999999996	0.7687684368329061	0.2	0.0579004
1376.5	1	9	0.04437424999999999	0.7672563185166067	0.2	0.05783497500000001
1377.0	1	9	0.04423649999999999	0.765740775200776	0.2	0.05776955000000001
1377.5	1	9	0.04409874999999999	0.764221795235609	0.2	0.05770412500000001
1378.0	1	9	0.04396099999999999	0.7626993669184071	0.2	0.0576387
1378.5	1	9	0.043823249999999994	0.7611734784932764	0.2	0.05757327500000001
1379.0	1	9	0.043685499999999995	0.7596441181508262	0.2	0.057507850000000006
1379.5	1	9	0.043547749999999996	0.7581112740278634	0.2	0.05744242500000001
1380.0	1	9	0.04340999999999999	0.7565749342070862	0.2	0.057377000000000004
1380.5	1	9	0.04327225	0.7550350867167758	0.2	0.057311575
1381.0	1	9	0.04313449999999999	0.7534917195304834	0.2	0.057246150000000016
1381.5	1	9	0.04299674999999999	0.7519448205667205	0.2	0.05718072500000001
1382.0	1	9	0.042858999999999994	0.7503943776886401	0.2	0.05711530000000001
1382.5	1	9	0.042721249999999995	0.7488403787037218	0.2	0.05704987500000001
1383.0	1	9	0.042583499999999996	0.7472828113634508	0.2	0.05698445
1383.5	1	9	0.04244574999999999	0.7457216633629966	0.2	0.056919025000000005
1384.0	1	9	0.042308	0.7441569223408895	0.2	0.056853600000000004
1384.5	1	9	0.04217024999999999	0.7425885758786928	0.2	0.05678817500000001
1385.0	1	9	0.042032499999999993	0.7410166115006764	0.2	0.056722749999999995
1385.5	1	9	0.041894749999999994	0.7394410166734837	0.2	0.056657325000000015
1386.0	1	9	0.041756999999999996	0.7378617788058007	0.2	0.0565919
1386.5	1	9	0.041619249999999997	0.7362788852480185	0.2	0.056526475000000014
1387.0	1	9	0.04148149999999999	0.7346923232918975	0.2	0.05646105
1387.5	1	9	0.04134375	0.7331020801702259	0.2	0.056395625000000005
1388.0	1	9	0.04120599999999999	0.7315081430564775	0.2	0.056330200000000004
1388.5	1	9	0.041068249999999994	0.7299104990644678	0.2	0.056264775
1389.0	1	9	0.040930499999999995	0.7283091352480053	0.2	0.05619935000000001
1389.5	1	9	0.040792749999999996	0.7267040386005431	0.2	0.056133925
1390.0	1	9	0.040655	0.7250951960548256	0.2	0.05606850000000001
1390.5	1	9	0.04051724999999999	0.7234825944825348	0.2	0.056003075000000006
1391.0	1	9	0.0403795	0.7218662206939332	0.2	0.05593765
1391.5	1	9	0.04024174999999999	0.720246061437503	0.2	0.055872225
1392.0	1	9	0.040103999999999994	0.7186221033995855	0.2	0.05580680000000001
1392.5	1	9	0.039966249999999995	0.7169943332040156	0.2	0.05574137500000002
1393.0	1	9	0.039828499999999996	0.7153627374117549	0.2	0.05567595
1393.5	1	9	0.03969075	0.713727302520521	0.2	0.05561052500000001
1394.0	1	9	0.03955299999999999	0.7120880149644161	0.2	0.0555451
1394.5	1	9	0.03941525	0.7104448611135519	0.2	0.055479675000000006
1395.0	1	9	0.03927749999999999	0.7087978272736704	0.2	0.05541425000000001
1395.5	1	9	0.039139749999999994	0.7071468996857655	0.2	0.05534882500000001
1396.0	1	9	0.039001999999999995	0.7054920645256982	0.2	0.05528340000000001
1396.5	1	9	0.038864249999999996	0.703833307903812	0.2	0.055217975
1397.0	1	9	0.0387265	0.7021706158645428	0.2	0.055152550000000015
1397.5	1	9	0.03858875	0.7005039743860294	0.2	0.055087124999999994
1398.0	1	9	0.038451	0.6988333693797174	0.2	0.05502170000000001
1398.5	1	9	0.03831324999999999	0.6971587866899638	0.2	0.054956275000000006
1399.0	1	9	0.038175499999999994	0.6954802120936365	0.2	0.054890850000000005
1399.5	1	9	0.038037749999999995	0.6937976312997116	0.2	0.054825425000000004
1400.0	1	9	0.037899999999999996	0.6921110299488676	0.2	0.05476
1400.5	1	9	0.03784725	0.6919694176658825	0.2	0.05469497499999999
1401.0	1	9	0.037794499999999995	0.6918274682660334	0.2	0.05462995000000001
1401.5	1	9	0.03774175	0.6916851805440949	0.2	0.054564925
1402.0	1	9	0.03768899999999999	0.6915425532890884	0.2	0.054499900000000004
1402.5	1	9	0.037636249999999996	0.6913995852842502	0.2	0.054434875
1403.0	1	9	0.0375835	0.6912562753069945	0.2	0.054369850000000004
1403.5	1	9	0.037530749999999995	0.6911126221288807	0.2	0.054304825
1404.0	1	9	0.037478	0.6909686245155771	0.2	0.0542398
1404.5	1	9	0.03742524999999999	0.6908242812268255	0.2	0.054174774999999994
1405.0	1	9	0.037372499999999996	0.6906795910164063	0.2	0.054109750000000005
1405.5	1	9	0.03731975	0.6905345526321024	0.2	0.054044724999999995
1406.0	1	9	0.037266999999999995	0.690389164815662	0.2	0.053979700000000005
1406.5	1	9	0.03721425	0.6902434263027645	0.2	0.053914674999999995
1407.0	1	9	0.0371615	0.6900973358229812	0.2	0.053849650000000006
1407.5	1	9	0.037108749999999996	0.6899508920997403	0.2	0.053784625
1408.0	1	9	0.037056	0.6898040938502892	0.2	0.053719600000000006
1408.5	1	9	0.037003249999999994	0.6896569397856566	0.2	0.053654574999999996
1409.0	1	9	0.0369505	0.6895094286106153	0.2	0.05358955
1409.5	1	9	0.03689775	0.6893615590236438	0.2	0.053524525
1410.0	1	9	0.036844999999999996	0.6892133297168884	0.2	0.0534595
1410.5	1	9	0.03679225	0.6890647393761246	0.2	0.053394475000000004
1411.0	1	9	0.036739499999999994	0.6889157866807176	0.2	0.05332945
1411.5	1	9	0.03668675	0.6887664703035843	0.2	0.05326442500000001
1412.0	1	9	0.036634	0.6886167889111531	0.2	0.05319940000000001
1412.5	1	9	0.036581249999999996	0.688466741163324	0.2	0.05313437500000001
1413.0	1	9	0.0365285	0.6883163257134296	0.2	0.05306935
1413.5	1	9	0.036475749999999994	0.6881655412081937	0.2	0.053004325
1414.0	1	9	0.036423	0.6880143862876916	0.2	0.05293930000000001
1414.5	1	9	0.03637025	0.6878628595853087	0.2	0.052874275000000005
1415.0	1	9	0.036317499999999996	0.6877109597276991	0.2	0.05280925
1415.5	1	9	0.03626475	0.6875586853347451	0.2	0.052744225000000006
1416.0	1	9	0.036212	0.6874060350195144	0.2	0.0526792
1416.5	1	9	0.03615925	0.6872530073882179	0.2	0.05261417500000001
1417.0	1	9	0.0361065	0.687099601040169	0.2	0.05254915
1417.5	1	9	0.036053749999999996	0.6869458145677382	0.2	0.052484125
1418.0	1	9	0.036001	0.6867916465563124	0.2	0.0524191
1418.5	1	9	0.03594825	0.6866370955842501	0.2	0.052354075
1419.0	1	9	0.0358955	0.6864821602228381	0.2	0.052289050000000004
1419.5	1	9	0.03584275	0.6863268390362481	0.2	0.05222402500000001
1420.0	1	9	0.035789999999999995	0.686171130581491	0.2	0.052159000000000004
1420.5	1	9	0.03573725	0.686015033408374	0.2	0.052093974999999994
1421.0	1	9	0.0356845	0.6858585460594534	0.2	0.052028950000000004
1421.5	1	9	0.03563175	0.6857016670699912	0.2	0.051963925
1422.0	1	9	0.035579	0.6855443949679086	0.2	0.051898900000000005
1422.5	1	9	0.035526249999999995	0.6853867282737398	0.2	0.051833875
1423.0	1	9	0.0354735	0.6852286655005857	0.2	0.05176885
1423.5	1	9	0.03542075	0.6850702051540675	0.2	0.051703825
1424.0	1	9	0.035368	0.6849113457322787	0.2	0.0516388
1424.5	1	9	0.03531525	0.6847520857257394	0.2	0.05157377500000001
1425.0	1	9	0.0352625	0.6845924236173465	0.2	0.051508750000000006
1425.5	1	9	0.03520975	0.6844323578823267	0.2	0.051443725
1426.0	1	9	0.035157	0.6842718869881877	0.2	0.0513787
1426.5	1	9	0.03510425	0.6841110093946691	0.2	0.051313675
1427.0	1	9	0.0350515	0.6839497235536935	0.2	0.05124865000000001
1427.5	1	9	0.03499875	0.6837880279093167	0.2	0.051183625
1428.0	1	9	0.034946	0.6836259208976772	0.2	0.05111859999999999
1428.5	1	9	0.03489325	0.6834634009469464	0.2	0.05105357500000001
1429.0	1	9	0.034840499999999996	0.6833004664772777	0.2	0.050988549999999994
1429.5	1	9	0.03478775	0.683137115900755	0.2	0.050923525000000004
1430.0	1	9	0.034735	0.6829733476213415	0.2	0.05085850000000001
1430.5	1	9	0.03468225	0.6828091600348272	0.2	0.05079347500000001
1431.0	1	9	0.0346295	0.6826445515287772	0.2	0.05072845
1431.5	1	9	0.034576749999999996	0.6824795204824781	0.2	0.05066342500000001
1432.0	1	9	0.034524	0.6823140652668859	0.2	0.0505984
1432.5	1	9	0.03447125	0.682148184244571	0.2	0.050533375000000005
1433.0	1	9	0.0344185	0.6819818757696655	0.2	0.05046835
1433.5	1	9	0.03436575	0.681815138187808	0.2	0.050403325
1434.0	1	9	0.034312999999999996	0.6816479698360889	0.2	0.0503383
1434.5	1	9	0.03426025	0.6814803690429954	0.2	0.050273275000000006
1435.0	1	9	0.0342075	0.6813123341283553	0.2	0.05020825000000001
1435.5	1	9	0.03415475	0.6811438634032813	0.2	0.050143225
1436.0	1	9	0.034102	0.6809749551701139	0.2	0.05007820000000001
1436.5	1	9	0.03404925	0.6808056077223652	0.2	0.050013175
1437.0	1	9	0.0339965	0.6806358193446603	0.2	0.049948150000000004
1437.5	1	9	0.03394375	0.6804655883126809	0.2	0.049883125
1438.0	1	9	0.033891	0.6802949128931051	0.2	0.049818100000000004
1438.5	1	9	0.03383825	0.6801237913435502	0.2	0.049753074999999994
1439.0	1	9	0.0337855	0.6799522219125121	0.2	0.049688050000000004
1439.5	1	9	0.03373275	0.679780202839307	0.2	0.049623025
1440.0	1	9	0.03368	0.6796077323540094	0.2	0.04955800000000001
1440.5	1	9	0.03362725	0.679434808677393	0.2	0.049492974999999995
1441.0	1	9	0.0335745	0.6792614300208687	0.2	0.049427950000000005
1441.5	1	9	0.03352175	0.679087594586423	0.2	0.049362925
1442.0	1	9	0.033469	0.6789133005665555	0.2	0.0492979
1442.5	1	9	0.03341625	0.6787385461442177	0.2	0.049232875
1443.0	1	9	0.033363500000000004	0.6785633294927479	0.2	0.04916785
1443.5	1	9	0.03331075	0.6783876487758087	0.2	0.049102825
1444.0	1	9	0.033258	0.6782115021473232	0.2	0.04903779999999999
1444.5	1	9	0.03320525	0.6780348877514087	0.2	0.048972775
1445.0	1	9	0.0331525	0.677857803722314	0.2	0.04890775
1445.5	1	9	0.03309975	0.6776802481843508	0.2	0.048842725000000003
1446.0	1	9	0.033047	0.6775022192518302	0.2	0.04877770000000001
1446.5	1	9	0.03299425	0.677323715028994	0.2	0.048712675
1447.0	1	9	0.0329415	0.6771447336099482	0.2	0.04864765
1447.5	1	9	0.03288875	0.6769652730785954	0.2	0.048582625000000004
1448.0	1	9	0.032836000000000004	0.676785331508566	0.2	0.0485176
1448.5	1	9	0.03278325	0.6766049069631489	0.2	0.04845257500000001
1449.0	1	9	0.0327305	0.6764239974952235	0.2	0.04838755
1449.5	1	9	0.03267775	0.6762426011471875	0.2	0.048322525
1450.0	1	9	0.032625	0.6760607159508885	0.2	0.0482575
1450.5	1	9	0.032572250000000004	0.6758783399275511	0.2	0.048192475
1451.0	1	9	0.0325195	0.6756954710877057	0.2	0.04812745
1451.5	1	9	0.03246675	0.6755121074311169	0.2	0.048062425000000006
1452.0	1	9	0.032414	0.6753282469467096	0.2	0.047997399999999996
1452.5	1	9	0.03236125	0.6751438876124958	0.2	0.04793237499999999
1453.0	1	9	0.032308500000000004	0.6749590273955003	0.2	0.04786735000000001
1453.5	1	9	0.03225575	0.6747736642516865	0.2	0.047802325
1454.0	1	9	0.032203	0.6745877961258806	0.2	0.0477373
1454.5	1	9	0.03215025	0.6744014209516956	0.2	0.047672275
1455.0	1	9	0.0320975	0.6742145366514554	0.2	0.047607250000000004
1455.5	1	9	0.032044750000000004	0.6740271411361164	0.2	0.047542225
1456.0	1	9	0.031992	0.6738392323051906	0.2	0.04747720000000001
1456.5	1	9	0.03193925	0.6736508080466673	0.2	0.047412175
1457.0	1	9	0.0318865	0.6734618662369328	0.2	0.047347150000000005
1457.5	1	9	0.03183375	0.6732724047406922	0.2	0.047282125
1458.0	1	9	0.031781000000000004	0.6730824214108871	0.2	0.047217100000000005
1458.5	1	9	0.03172825	0.6728919140886164	0.2	0.04715207500000001
1459.0	1	9	0.0316755	0.6727008806030532	0.2	0.047087050000000005
1459.5	1	9	0.03162275	0.6725093187713629	0.2	0.047022025
1460.0	1	9	0.03157	0.67231722639862	0.2	0.046957
1460.5	1	9	0.031517250000000004	0.672124601277724	0.2	0.046891975
1461.0	1	9	0.0314645	0.671931441189315	0.2	0.046826950000000006
1461.5	1	9	0.03141175	0.6717377439016893	0.2	0.046761924999999996
1462.0	1	9	0.031359	0.6715435071707115	0.2	0.0466969
1462.5	1	9	0.03130625	0.6713487287397301	0.2	0.046631874999999996
1463.0	1	9	0.031253500000000004	0.6711534063394884	0.2	0.04656684999999999
1463.5	1	9	0.03120075	0.6709575376880369	0.2	0.046501825000000004
1464.0	1	9	0.031148000000000002	0.6707611204906454	0.2	0.0464368
1464.5	1	9	0.03109525	0.6705641524397115	0.2	0.046371775000000004
1465.0	1	9	0.0310425	0.6703666312146718	0.2	0.04630675
1465.5	1	9	0.03098975	0.6701685544819099	0.2	0.046241725000000004
1466.0	1	9	0.030937	0.6699699198946655	0.2	0.046176699999999994
1466.5	1	9	0.030884250000000002	0.6697707250929401	0.2	0.046111675000000005
1467.0	1	9	0.0308315	0.6695709677034052	0.2	0.046046649999999995
1467.5	1	9	0.03077875	0.6693706453393068	0.2	0.045981625
1468.0	1	9	0.030726	0.6691697556003711	0.2	0.0459166
1468.5	1	9	0.03067325	0.6689682960727085	0.2	0.045851575000000006
1469.0	1	9	0.030620500000000002	0.6687662643287167	0.2	0.045786549999999995
1469.5	1	9	0.03056775	0.668563657926983	0.2	0.045721525
1470.0	1	9	0.030515	0.6683604744121866	0.2	0.0456565
1470.5	1	9	0.03046225	0.6681567113149991	0.2	0.045591475
1471.0	1	9	0.0304095	0.6679523661519841	0.2	0.04552645000000001
1471.5	1	9	0.030356750000000002	0.667747436425497	0.2	0.045461425
1472.0	1	9	0.030304	0.6675419196235824	0.2	0.0453964
1472.5	1	9	0.03025125	0.6673358132198726	0.2	0.045331375
1473.0	1	9	0.0301985	0.6671291146734826	0.2	0.045266350000000004
1473.5	1	9	0.03014575	0.6669218214289072	0.2	0.045201324999999994
1474.0	1	9	0.030093	0.6667139309159147	0.2	0.045136300000000004
1474.5	1	9	0.03004025	0.6665054405494408	0.2	0.045071275
1475.0	1	9	0.0299875	0.6662963477294821	0.2	0.04500624999999999
1475.5	1	9	0.02993475	0.6660866498409868	0.2	0.044941225
1476.0	1	9	0.029882	0.6658763442537469	0.2	0.044876200000000005
1476.5	1	9	0.02982925	0.6656654283222879	0.2	0.044811175
1477.0	1	9	0.0297765	0.6654538993857573	0.2	0.04474615
1477.5	1	9	0.02972375	0.665241754767813	0.2	0.044681125
1478.0	1	9	0.029671	0.6650289917765111	0.2	0.044616100000000006
1478.5	1	9	0.02961825	0.6648156077041911	0.2	0.04455107500000001
1479.0	1	9	0.0295655	0.6646015998273617	0.2	0.04448605
1479.5	1	9	0.02951275	0.6643869654065839	0.2	0.044421025
1480.0	1	9	0.02946	0.6641717016863559	0.2	0.044356
1480.5	1	9	0.02940725	0.6639558058949933	0.2	0.044290974999999996
1481.0	1	9	0.0293545	0.6637392752445114	0.2	0.04422595
1481.5	1	9	0.02930175	0.6635221069305047	0.2	0.044160925000000004
1482.0	1	9	0.029249	0.6633042981320258	0.2	0.04409590000000001
1482.5	1	9	0.02919625	0.6630858460114635	0.2	0.044030875000000004
1483.0	1	9	0.0291435	0.6628667477144192	0.2	0.04396585
1483.5	1	9	0.02909075	0.6626470003695829	0.2	0.043900825000000004
1484.0	1	9	0.029038	0.662426601088608	0.2	0.0438358
1484.5	1	9	0.02898525	0.6622055469659837	0.2	0.04377077499999999
1485.0	1	9	0.0289325	0.6619838350789083	0.2	0.04370575
1485.5	1	9	0.02887975	0.6617614624871607	0.2	0.043640725
1486.0	1	9	0.028827	0.6615384262329692	0.2	0.0435757
1486.5	1	9	0.02877425	0.6613147233408814	0.2	0.043510675
1487.0	1	9	0.0287215	0.6610903508176308	0.2	0.043445649999999995
1487.5	1	9	0.02866875	0.6608653056520047	0.2	0.043380625000000006
1488.0	1	9	0.028616	0.6606395848147087	0.2	0.043315599999999996
1488.5	1	9	0.02856325	0.6604131852582307	0.2	0.043250575
1489.0	1	9	0.0285105	0.6601861039167036	0.2	0.043185549999999996
1489.5	1	9	0.02845775	0.6599583377057677	0.2	0.043120525
1490.0	1	9	0.028405	0.6597298835224303	0.2	0.0430555
1490.5	1	9	0.02835225	0.6595007382449252	0.2	0.042990475
1491.0	1	9	0.0282995	0.6592708987325699	0.2	0.042925450000000004
1491.5	1	9	0.02824675	0.6590403618256235	0.2	0.042860425
1492.0	1	9	0.028194	0.6588091243451399	0.2	0.0427954
1492.5	1	9	0.02814125	0.6585771830928233	0.2	0.042730375
1493.0	1	9	0.0280885	0.6583445348508801	0.2	0.042665350000000005
1493.5	1	9	0.028035749999999998	0.6581111763818702	0.2	0.042600325
1494.0	1	9	0.027983	0.6578771044285571	0.2	0.0425353
1494.5	1	9	0.02793025	0.6576423157137551	0.2	0.042470275
1495.0	1	9	0.0278775	0.6574068069401783	0.2	0.042405250000000005
1495.5	1	9	0.02782475	0.6571705747902851	0.2	0.042340225
1496.0	1	9	0.027771999999999998	0.6569336159261221	0.2	0.042275200000000006
1496.5	1	9	0.02771925	0.6566959269891679	0.2	0.042210175
1497.0	1	9	0.0276665	0.6564575046001735	0.2	0.04214515
1497.5	1	9	0.02761375	0.6562183453590026	0.2	0.042080124999999996
1498.0	1	9	0.027561	0.6559784458444702	0.2	0.0420151
1498.5	1	9	0.027508249999999998	0.6557378026141788	0.2	0.041950075
1499.0	1	9	0.0274555	0.6554964122043545	0.2	0.04188505
1499.5	1	9	0.02740275	0.65525427112968	0.2	0.041820025000000004
1500.0	1	9	0.02735	0.6550113758831277	0.2	0.041755
1500.5	1	9	0.02729725	0.6547677229357897	0.2	0.041689975
1501.0	1	9	0.027244499999999998	0.6545233087367072	0.2	0.041624949999999994
1501.5	1	9	0.02719175	0.654278129712698	0.2	0.041559925
1502.0	1	9	0.027139	0.6540321822681824	0.2	0.041494899999999994
1502.5	1	9	0.02708625	0.6537854627850072	0.2	0.041429875
1503.0	1	9	0.0270335	0.6535379676222686	0.2	0.04136485
1503.5	1	9	0.026980749999999998	0.653289693116133	0.2	0.041299825
1504.0	1	9	0.026928	0.653040635579656	0.2	0.0412348
1504.5	1	9	0.02687525	0.6527907913026	0.2	0.041169775
1505.0	1	9	0.0268225	0.6525401565512501	0.2	0.04110475
1505.5	1	9	0.02676975	0.6522887275682281	0.2	0.041039725
1506.0	1	9	0.026717	0.6520365005723043	0.2	0.04097470000000001
1506.5	1	9	0.02666425	0.6517834717582088	0.2	0.040909675
1507.0	1	9	0.0266115	0.651529637296439	0.2	0.04084465
1507.5	1	9	0.02655875	0.6512749933330677	0.2	0.04077962499999999
1508.0	1	9	0.026506	0.6510195359895466	0.2	0.040714600000000004
1508.5	1	9	0.02645325	0.6507632613625112	0.2	0.04064957500000001
1509.0	1	9	0.0264005	0.6505061655235799	0.2	0.04058455
1509.5	1	9	0.02634775	0.6502482445191546	0.2	0.040519525
1510.0	1	9	0.026295	0.6499894943702182	0.2	0.04045450000000001
1510.5	1	9	0.026242249999999998	0.6497299110721295	0.2	0.040389475
1511.0	1	9	0.0261895	0.649469490594416	0.2	0.04032445
1511.5	1	9	0.02613675	0.6492082288805665	0.2	0.040259424999999995
1512.0	1	9	0.026084	0.6489461218478195	0.2	0.040194400000000005
1512.5	1	9	0.02603125	0.6486831653869515	0.2	0.04012937500000001
1513.0	1	9	0.0259785	0.6484193553620613	0.2	0.04006435
1513.5	1	9	0.02592575	0.6481546876103534	0.2	0.039999324999999995
1514.0	1	9	0.025873	0.6478891579419196	0.2	0.0399343
1514.5	1	9	0.02582025	0.6476227621395172	0.2	0.039869275
1515.0	1	9	0.0257675	0.6473554959583462	0.2	0.03980424999999999
1515.5	1	9	0.02571475	0.6470873551258234	0.2	0.039739225
1516.0	1	9	0.025662	0.6468183353413554	0.2	0.0396742
1516.5	1	9	0.02560925	0.6465484322761077	0.2	0.039609175
1517.0	1	9	0.0255565	0.6462776415727737	0.2	0.03954415000000001
1517.5	1	9	0.02550375	0.6460059588453391	0.2	0.039479125000000004
1518.0	1	9	0.025451	0.6457333796788459	0.2	0.0394141
1518.5	1	9	0.02539825	0.6454598996291527	0.2	0.03934907499999999
1519.0	1	9	0.0253455	0.6451855142226934	0.2	0.03928405
1519.5	1	9	0.02529275	0.6449102189562336	0.2	0.039219025
1520.0	1	9	0.02524	0.6446340092966235	0.2	0.039154
1520.5	1	9	0.02518725	0.64435688068055	0.2	0.039088975000000005
1521.0	1	9	0.0251345	0.6440788285142842	0.2	0.03902395
1521.5	1	9	0.02508175	0.6437998481734287	0.2	0.038958925000000005
1522.0	1	9	0.025029	0.643519935002661	0.2	0.0388939
1522.5	1	9	0.02497625	0.6432390843154739	0.2	0.038828875
1523.0	1	9	0.0249235	0.6429572913939147	0.2	0.03876385
1523.5	1	9	0.02487075	0.6426745514883203	0.2	0.038698825000000006
1524.0	1	9	0.024818	0.6423908598170515	0.2	0.038633799999999996
1524.5	1	9	0.02476525	0.6421062115662216	0.2	0.038568775
1525.0	1	9	0.0247125	0.6418206018894262	0.2	0.03850375
1525.5	1	9	0.02465975	0.641534025907467	0.2	0.038438725
1526.0	1	9	0.024607	0.6412464787080736	0.2	0.0383737
1526.5	1	9	0.02455425	0.6409579553456234	0.2	0.038308675
1527.0	1	9	0.0245015	0.6406684508408584	0.2	0.038243650000000004
1527.5	1	9	0.02444875	0.6403779601805984	0.2	0.03817862500000001
1528.0	1	9	0.024396	0.640086478317451	0.2	0.0381136
1528.5	1	9	0.02434325	0.6397940001695201	0.2	0.038048575
1529.0	1	9	0.0242905	0.6395005206201104	0.2	0.03798355000000001
1529.5	1	9	0.024237750000000002	0.6392060345174292	0.2	0.037918525
1530.0	1	9	0.024185	0.6389105366742839	0.2	0.0378535
1530.5	1	9	0.02413225	0.6386140218677785	0.2	0.037788475
1531.0	1	9	0.0240795	0.6383164848390059	0.2	0.03772345
1531.5	1	9	0.02402675	0.6380179202927365	0.2	0.037658425
1532.0	1	9	0.023974000000000002	0.6377183228971044	0.2	0.03759339999999999
1532.5	1	9	0.02392125	0.637417687283289	0.2	0.037528375
1533.0	1	9	0.0238685	0.6371160080451962	0.2	0.03746335
1533.5	1	9	0.02381575	0.6368132797391328	0.2	0.037398324999999996
1534.0	1	9	0.023763	0.6365094968834794	0.2	0.0373333
1534.5	1	9	0.023710250000000002	0.63620465395836	0.2	0.037268275000000003
1535.0	1	9	0.0236575	0.6358987454053073	0.2	0.03720325
1535.5	1	9	0.02360475	0.6355917656269249	0.2	0.037138225
1536.0	1	9	0.023552	0.6352837089865455	0.2	0.0370732
1536.5	1	9	0.02349925	0.6349745698078869	0.2	0.03700817500000001
1537.0	1	9	0.023446500000000002	0.6346643423747028	0.2	0.03694315
1537.5	1	9	0.02339375	0.6343530209304297	0.2	0.036878125000000005
1538.0	1	9	0.023341	0.6340405996778321	0.2	0.0368131
1538.5	1	9	0.02328825	0.633727072778642	0.2	0.036748075000000005
1539.0	1	9	0.0232355	0.6334124343531957	0.2	0.03668305
1539.5	1	9	0.023182750000000002	0.6330966784800656	0.2	0.036618025
1540.0	1	9	0.02313	0.6327797991956885	0.2	0.036553
1540.5	1	9	0.02307725	0.6324617904939914	0.2	0.036487975000000006
1541.0	1	9	0.0230245	0.6321426463260116	0.2	0.036422949999999996
1541.5	1	9	0.02297175	0.6318223605995117	0.2	0.036357925
1542.0	1	9	0.022919000000000002	0.6315009271785942	0.2	0.0362929
1542.5	1	9	0.02286625	0.6311783398833081	0.2	0.036227875
1543.0	1	9	0.0228135	0.6308545924892536	0.2	0.036162849999999996
1543.5	1	9	0.02276075	0.6305296787271809	0.2	0.036097825
1544.0	1	9	0.022708	0.6302035922825869	0.2	0.036032800000000004
1544.5	1	9	0.022655250000000002	0.629876326795305	0.2	0.035967775
1545.0	1	9	0.0226025	0.6295478758590917	0.2	0.03590275
1545.5	1	9	0.02254975	0.6292182330212088	0.2	0.035837724999999994
1546.0	1	9	0.022497000000000003	0.6288873917820014	0.2	0.035772700000000004
1546.5	1	9	0.02244425	0.6285553455944695	0.2	0.035707675
1547.0	1	9	0.0223915	0.6282220878638374	0.2	0.03564265
1547.5	1	9	0.02233875	0.6278876119471156	0.2	0.035577625
1548.0	1	9	0.022286	0.6275519111526612	0.2	0.035512600000000005
1548.5	1	9	0.022233250000000003	0.6272149787397305	0.2	0.035447574999999995
1549.0	1	9	0.022180500000000002	0.6268768079180275	0.2	0.03538255
1549.5	1	9	0.02212775	0.6265373918472487	0.2	0.035317525
1550.0	1	9	0.022075	0.6261967236366216	0.2	0.0352525
1550.5	1	9	0.02202225	0.625854796344438	0.2	0.035187474999999996
1551.0	1	9	0.0219695	0.6255116029775827	0.2	0.03512245
1551.5	1	9	0.021916750000000002	0.6251671364910572	0.2	0.035057425
1552.0	1	9	0.021864	0.6248213897874968	0.2	0.0349924
1552.5	1	9	0.02181125	0.6244743557166836	0.2	0.034927375
1553.0	1	9	0.0217585	0.6241260270750537	0.2	0.03486235
1553.5	1	9	0.02170575	0.6237763966051987	0.2	0.034797325000000004
1554.0	1	9	0.021653000000000002	0.6234254569953617	0.2	0.03473230000000001
1554.5	1	9	0.02160025	0.6230732008789269	0.2	0.034667275000000004
1555.0	1	9	0.0215475	0.6227196208339053	0.2	0.03460225
1555.5	1	9	0.02149475	0.6223647093824126	0.2	0.03453722500000001
1556.0	1	9	0.021442000000000003	0.6220084589901428	0.2	0.0344722
1556.5	1	9	0.021389250000000002	0.6216508620658338	0.2	0.034407175
1557.0	1	9	0.0213365	0.621291910960729	0.2	0.03434215
1557.5	1	9	0.02128375	0.6209315979680325	0.2	0.034277125000000006
1558.0	1	9	0.021231	0.6205699153223568	0.2	0.034212099999999995
1558.5	1	9	0.021178250000000003	0.6202068551991643	0.2	0.034147075
1559.0	1	9	0.021125500000000002	0.6198424097142045	0.2	0.03408205
1559.5	1	9	0.02107275	0.6194765709229423	0.2	0.034017025
1560.0	1	9	0.02102	0.6191093308199812	0.2	0.033951999999999996
1560.5	1	9	0.02096725	0.6187406813384788	0.2	0.03388697500000001
1561.0	1	9	0.020914500000000003	0.618370614349557	0.2	0.03382195
1561.5	1	9	0.020861750000000002	0.6179991216617036	0.2	0.033756925
1562.0	1	9	0.020809	0.6176261950201681	0.2	0.0336919
1562.5	1	9	0.02075625	0.617251826106351	0.2	0.033626875
1563.0	1	9	0.0207035	0.6168760065371842	0.2	0.033561850000000004
1563.5	1	9	0.020650750000000002	0.6164987278645067	0.2	0.033496825
1564.0	1	9	0.020598	0.6161199815744293	0.2	0.0334318
1564.5	1	9	0.02054525	0.6157397590866963	0.2	0.033366775
1565.0	1	9	0.0204925	0.6153580517540369	0.2	0.033301750000000005
1565.5	1	9	0.020439750000000003	0.6149748508615094	0.2	0.033236725
1566.0	1	9	0.020387000000000002	0.6145901476258377	0.2	0.0331717
1566.5	1	9	0.02033425	0.614203933194741	0.2	0.033106675
1567.0	1	9	0.0202815	0.6138161986462541	0.2	0.03304164999999999
1567.5	1	9	0.02022875	0.6134269349880409	0.2	0.03297662499999999
1568.0	1	9	0.020176000000000003	0.6130361331566987	0.2	0.03291159999999999
1568.5	1	9	0.020123250000000002	0.6126437840170551	0.2	0.032846575
1569.0	1	9	0.0200705	0.6122498783614564	0.2	0.03278155
1569.5	1	9	0.02001775	0.6118544069090468	0.2	0.032716524999999996
1570.0	1	9	0.019965000000000004	0.6114573603050397	0.2	0.0326515
1570.5	1	9	0.019912250000000003	0.61105872911998	0.2	0.032586475000000004
1571.0	1	9	0.019859500000000002	0.6106585038489982	0.2	0.03252145
1571.5	1	9	0.01980675	0.610256674911054	0.2	0.03245642499999999
1572.0	1	9	0.019754	0.609853232648172	0.2	0.0323914
1572.5	1	9	0.019701250000000003	0.6094481673246691	0.2	0.032326375000000004
1573.0	1	9	0.019648500000000003	0.6090414691263696	0.2	0.03226135
1573.5	1	9	0.019595750000000002	0.6086331281598134	0.2	0.032196325
1574.0	1	9	0.019543	0.6082231344514539	0.2	0.0321313
1574.5	1	9	0.01949025	0.607811477946846	0.2	0.032066275000000005
1575.0	1	9	0.019437500000000003	0.607398148509824	0.2	0.032001249999999995
1575.5	1	9	0.019384750000000003	0.606983135921669	0.2	0.031936225
1576.0	1	9	0.019332000000000002	0.6065664298802681	0.2	0.0318712
1576.5	1	9	0.01927925	0.6061480199992612	0.2	0.031806175000000006
1577.0	1	9	0.0192265	0.6057278958071779	0.2	0.031741149999999996
1577.5	1	9	0.019173750000000003	0.605306046746564	0.2	0.031676125
1578.0	1	9	0.019121000000000003	0.6048824621730975	0.2	0.0316111
1578.5	1	9	0.019068250000000002	0.6044571313546931	0.2	0.031546075
1579.0	1	9	0.0190155	0.6040300434705959	0.2	0.03148105
1579.5	1	9	0.01896275	0.6036011876104631	0.2	0.031416025
1580.0	1	9	0.018910000000000003	0.6031705527734362	0.2	0.031351000000000004
1580.5	1	9	0.018857250000000002	0.6027381278671994	0.2	0.031285975
1581.0	1	9	0.018804500000000002	0.6023039017070269	0.2	0.03122095
1581.5	1	9	0.01875175	0.6018678630148199	0.2	0.031155925
1582.0	1	9	0.018699	0.6014300004181288	0.2	0.0310909
1582.5	1	9	0.018646250000000003	0.6009903024491655	0.2	0.031025875
1583.0	1	9	0.018593500000000002	0.6005487575438013	0.2	0.03096085
1583.5	1	9	0.01854075	0.6001053540405541	0.2	0.030895825
1584.0	1	9	0.018488	0.5996600801795607	0.2	0.0308308
1584.5	1	9	0.01843525	0.5992129241015381	0.2	0.030765775000000002
1585.0	1	9	0.018382500000000003	0.5987638738467302	0.2	0.030700750000000002
1585.5	1	9	0.018329750000000002	0.5983129173538411	0.2	0.030635725
1586.0	1	9	0.018277	0.5978600424589559	0.2	0.0305707
1586.5	1	9	0.01822425	0.5974052368944467	0.2	0.030505675000000003
1587.0	1	9	0.018171500000000004	0.5969484882878652	0.2	0.03044065
1587.5	1	9	0.018118750000000003	0.5964897841608199	0.2	0.030375625
1588.0	1	9	0.018066000000000002	0.5960291119278405	0.2	0.0303106
1588.5	1	9	0.01801325	0.5955664588952269	0.2	0.030245575000000004
1589.0	1	9	0.017960500000000004	0.5951018122598828	0.2	0.030180549999999997
1589.5	1	9	0.017907750000000004	0.5946351591081346	0.2	0.030115524999999997
1590.0	1	9	0.017855000000000003	0.5941664864145356	0.2	0.0300505
1590.5	1	9	0.017802250000000002	0.5936957810406539	0.2	0.029985475
1591.0	1	9	0.0177495	0.5932230297338442	0.2	0.029920450000000005
1591.5	1	9	0.017696750000000004	0.5927482191260048	0.2	0.029855425
1592.0	1	9	0.017644000000000003	0.5922713357323165	0.2	0.0297904
1592.5	1	9	0.017591250000000003	0.5917923659499671	0.2	0.029725375
1593.0	1	9	0.017538500000000002	0.5913112960568572	0.2	0.02966035
1593.5	1	9	0.01748575	0.5908281122102901	0.2	0.029595325
1594.0	1	9	0.017433000000000004	0.5903428004456441	0.2	0.0295303
1594.5	1	9	0.017380250000000003	0.5898553466750269	0.2	0.029465275
1595.0	1	9	0.017327500000000003	0.5893657366859126	0.2	0.02940025
1595.5	1	9	0.017274750000000002	0.5888739561397603	0.2	0.029335225000000003
1596.0	1	9	0.017222	0.5883799905706145	0.2	0.0292702
1596.5	1	9	0.017169250000000004	0.5878838253836864	0.2	0.029205175
1597.0	1	9	0.017116500000000003	0.5873854458539164	0.2	0.029140150000000004
1597.5	1	9	0.017063750000000003	0.586884837124518	0.2	0.029075125
1598.0	1	9	0.017011000000000002	0.5863819842055009	0.2	0.0290101
1598.5	1	9	0.01695825	0.5858768719721749	0.2	0.028945075000000004
1599.0	1	9	0.016905500000000004	0.5853694851636339	0.2	0.02888005
1599.5	1	9	0.016852750000000003	0.5848598083812179	0.2	0.028815025
1600.0	1	9	0.016800000000000002	0.5843478260869566	0.2	0.02875
1600.5	1	9	0.01677775	0.5840935023068347	0.2	0.028724425000000005
1601.0	1	9	0.016755500000000003	0.5838387252450883	0.2	0.02869885
1601.5	1	9	0.01673325	0.5835834936888096	0.2	0.028673275
1602.0	1	9	0.016711000000000004	0.5833278064207599	0.2	0.0286477
1602.5	1	9	0.016688750000000002	0.5830716622193496	0.2	0.028622125
1603.0	1	9	0.0166665	0.5828150598586193	0.2	0.028596550000000005
1603.5	1	9	0.016644250000000003	0.5825579981082201	0.2	0.028570975000000002
1604.0	1	9	0.016622	0.5823004757333932	0.2	0.028545400000000002
1604.5	1	9	0.016599750000000003	0.5820424914949514	0.2	0.028519825000000006
1605.0	1	9	0.016577500000000002	0.5817840441492582	0.2	0.02849425
1605.5	1	9	0.016555250000000004	0.5815251324482085	0.2	0.028468675000000002
1606.0	1	9	0.016533000000000003	0.5812657551392078	0.2	0.028443100000000006
1606.5	1	9	0.01651075	0.5810059109651526	0.2	0.028417525000000003
1607.0	1	9	0.016488500000000003	0.5807455986644102	0.2	0.028391950000000003
1607.5	1	9	0.01646625	0.5804848169707973	0.2	0.028366375
1608.0	1	9	0.016444000000000004	0.5802235646135607	0.2	0.028340800000000003
1608.5	1	9	0.016421750000000002	0.5799618403173559	0.2	0.028315225
1609.0	1	9	0.0163995	0.5796996428022263	0.2	0.02828965
1609.5	1	9	0.016377250000000003	0.5794369707835831	0.2	0.028264075
1610.0	1	9	0.016355	0.5791738229721834	0.2	0.0282385
1610.5	1	9	0.016332750000000004	0.5789101980741098	0.2	0.028212924999999996
1611.0	1	9	0.016310500000000002	0.5786460947907484	0.2	0.02818735
1611.5	1	9	0.01628825	0.5783815118187685	0.2	0.028161775000000003
1612.0	1	9	0.016266000000000003	0.5781164478501006	0.2	0.0281362
1612.5	1	9	0.01624375	0.5778509015719145	0.2	0.028110625
1613.0	1	9	0.016221500000000003	0.5775848716665986	0.2	0.02808505
1613.5	1	9	0.016199250000000002	0.5773183568117366	0.2	0.028059475
1614.0	1	9	0.016177000000000004	0.5770513556800875	0.2	0.0280339
1614.5	1	9	0.016154750000000002	0.5767838669395617	0.2	0.028008325
1615.0	1	9	0.0161325	0.5765158892532006	0.2	0.02798275
1615.5	1	9	0.016110250000000003	0.576247421279153	0.2	0.027957175
1616.0	1	9	0.016088	0.5759784616706526	0.2	0.027931600000000004
1616.5	1	9	0.016065750000000004	0.5757090090759971	0.2	0.027906025000000004
1617.0	1	9	0.016043500000000002	0.5754390621385237	0.2	0.02788045
1617.5	1	9	0.01602125	0.5751686194965873	0.2	0.027854874999999998
1618.0	1	9	0.015999000000000003	0.5748976797835376	0.2	0.0278293
1618.5	1	9	0.01597675	0.5746262416276956	0.2	0.027803725
1619.0	1	9	0.015954500000000003	0.5743543036523312	0.2	0.02777815
1619.5	1	9	0.015932250000000002	0.5740818644756388	0.2	0.027752574999999998
1620.0	1	9	0.01591	0.5738089227107152	0.2	0.027727
1620.5	1	9	0.015887750000000003	0.5735354769655352	0.2	0.027701425000000005
1621.0	1	9	0.0158655	0.573261525842928	0.2	0.027675850000000005
1621.5	1	9	0.015843250000000003	0.572987067940554	0.2	0.027650275000000002
1622.0	1	9	0.015821	0.5727121018508798	0.2	0.027624700000000002
1622.5	1	9	0.01579875	0.5724366261611554	0.2	0.027599125000000002
1623.0	1	9	0.015776500000000002	0.5721606394533892	0.2	0.027573550000000002
1623.5	1	9	0.01575425	0.5718841403043237	0.2	0.027547975
1624.0	1	9	0.015732000000000003	0.5716071272854112	0.2	0.027522400000000006
1624.5	1	9	0.01570975	0.5713295989627893	0.2	0.027496825000000003
1625.0	1	9	0.0156875	0.5710515538972561	0.2	0.027471250000000006
1625.5	1	9	0.015665250000000002	0.5707729906442455	0.2	0.027445675
1626.0	1	9	0.015643	0.570493907753801	0.2	0.0274201
1626.5	1	9	0.015620750000000003	0.5702143037705528	0.2	0.027394525
1627.0	1	9	0.015598500000000001	0.5699341772336901	0.2	0.027368949999999996
1627.5	1	9	0.015576250000000002	0.5696535266769374	0.2	0.027343375
1628.0	1	9	0.015554000000000002	0.569372350628528	0.2	0.027317800000000003
1628.5	1	9	0.015531750000000002	0.5690906476111788	0.2	0.027292224999999996
1629.0	1	9	0.015509500000000002	0.5688084161420638	0.2	0.027266649999999996
1629.5	1	9	0.015487250000000001	0.5685256547327887	0.2	0.027241074999999997
1630.0	1	9	0.015465000000000001	0.5682423618893646	0.2	0.027215499999999997
1630.5	1	9	0.015442750000000002	0.5679585361121813	0.2	0.027189925000000004
1631.0	1	9	0.015420500000000002	0.5676741758959813	0.2	0.027164350000000004
1631.5	1	9	0.015398250000000002	0.5673892797298331	0.2	0.027138775
1632.0	1	9	0.015376	0.567103846097104	0.2	0.027113200000000004
1632.5	1	9	0.015353750000000001	0.5668178734754339	0.2	0.027087625000000004
1633.0	1	9	0.015331500000000001	0.5665313603367077	0.2	0.02706205
1633.5	1	9	0.015309250000000002	0.5662443051470283	0.2	0.027036474999999997
1634.0	1	9	0.015287000000000002	0.565956706366689	0.2	0.0270109
1634.5	1	9	0.015264750000000002	0.5656685624501466	0.2	0.026985324999999998
1635.0	1	9	0.0152425	0.5653798718459927	0.2	0.026959749999999998
1635.5	1	9	0.015220250000000001	0.5650906329969267	0.2	0.026934175
1636.0	1	9	0.015198000000000001	0.5648008443397279	0.2	0.0269086
1636.5	1	9	0.015175750000000002	0.5645105043052261	0.2	0.026883025
1637.0	1	9	0.015153500000000002	0.5642196113182749	0.2	0.026857449999999998
1637.5	1	9	0.015131250000000002	0.5639281637977219	0.2	0.026831875000000005
1638.0	1	9	0.015109000000000001	0.5636361601563812	0.2	0.026806299999999998
1638.5	1	9	0.015086750000000001	0.5633435988010034	0.2	0.026780725000000002
1639.0	1	9	0.015064500000000002	0.5630504781322474	0.2	0.026755150000000002
1639.5	1	9	0.015042250000000002	0.5627567965446514	0.2	0.026729575000000005
1640.0	1	9	0.015020000000000002	0.5624625524266028	0.2	0.026704000000000002
1640.5	1	9	0.01499775	0.5621677441603093	0.2	0.026678425
1641.0	1	9	0.014975500000000001	0.5618723701217694	0.2	0.02665285
1641.5	1	9	0.014953250000000001	0.5615764286807419	0.2	0.026627275
1642.0	1	9	0.014931000000000002	0.5612799182007165	0.2	0.026601700000000002
1642.5	1	9	0.014908750000000002	0.5609828370388836	0.2	0.026576125000000003
1643.0	1	9	0.0148865	0.5606851835461036	0.2	0.026550549999999996
1643.5	1	9	0.01486425	0.5603869560668766	0.2	0.026524975000000003
1644.0	1	9	0.014842000000000001	0.5600881529393119	0.2	0.026499399999999996
1644.5	1	9	0.014819750000000001	0.5597887724950966	0.2	0.026473825000000003
1645.0	1	9	0.014797500000000002	0.5594888130594653	0.2	0.026448249999999996
1645.5	1	9	0.014775250000000002	0.559188272951168	0.2	0.026422674999999996
1646.0	1	9	0.014753000000000002	0.5588871504824394	0.2	0.0263971
1646.5	1	9	0.01473075	0.5585854439589671	0.2	0.026371524999999996
1647.0	1	9	0.014708500000000001	0.5582831516798598	0.2	0.02634595
1647.5	1	9	0.014686250000000001	0.5579802719376149	0.2	0.026320375
1648.0	1	9	0.014664000000000002	0.5576768030180873	0.2	0.0262948
1648.5	1	9	0.014641750000000002	0.5573727432004562	0.2	0.026269225
1649.0	1	9	0.0146195	0.5570680907571927	0.2	0.026243650000000004
1649.5	1	9	0.01459725	0.556762843954028	0.2	0.026218074999999997
1650.0	1	9	0.014575000000000001	0.5564570010499189	0.2	0.0261925
1650.5	1	9	0.014552750000000001	0.5561505602970163	0.2	0.026166925
1651.0	1	9	0.014530500000000002	0.5558435199406305	0.2	0.02614135
1651.5	1	9	0.01450825	0.5555358782191989	0.2	0.026115775000000004
1652.0	1	9	0.014486	0.5552276333642517	0.2	0.026090199999999997
1652.5	1	9	0.014463750000000001	0.5549187836003779	0.2	0.026064625
1653.0	1	9	0.014441500000000001	0.5546093271451916	0.2	0.026039049999999998
1653.5	1	9	0.014419250000000002	0.5542992622092974	0.2	0.026013474999999998
1654.0	1	9	0.014397000000000002	0.553988586996256	0.2	0.0259879
1654.5	1	9	0.01437475	0.5536772997025498	0.2	0.025962325
1655.0	1	9	0.0143525	0.5533653985175475	0.2	0.02593675
1655.5	1	9	0.014330250000000001	0.5530528816234694	0.2	0.025911174999999998
1656.0	1	9	0.014308000000000001	0.5527397471953519	0.2	0.025885599999999998
1656.5	1	9	0.014285750000000002	0.5524259934010118	0.2	0.025860025000000002
1657.0	1	9	0.014263500000000002	0.5521116184010111	0.2	0.025834450000000002
1657.5	1	9	0.01424125	0.5517966203486203	0.2	0.025808875000000005
1658.0	1	9	0.014219	0.5514809973897833	0.2	0.025783300000000002
1658.5	1	9	0.014196750000000001	0.5511647476630797	0.2	0.025757725000000006
1659.0	1	9	0.014174500000000001	0.5508478692996894	0.2	0.02573215
1659.5	1	9	0.014152250000000002	0.5505303604233548	0.2	0.025706575
1660.0	1	9	0.014130000000000002	0.5502122191503447	0.2	0.025681
1660.5	1	9	0.01410775	0.5498934435894163	0.2	0.025655425000000003
1661.0	1	9	0.0140855	0.5495740318417783	0.2	0.02562985
1661.5	1	9	0.014063250000000001	0.5492539820010526	0.2	0.025604275
1662.0	1	9	0.014041000000000001	0.5489332921532369	0.2	0.0255787
1662.5	1	9	0.014018750000000002	0.5486119603766664	0.2	0.025553125
1663.0	1	9	0.013996500000000002	0.548289984741975	0.2	0.025527549999999996
1663.5	1	9	0.01397425	0.5479673633120572	0.2	0.025501975
1664.0	1	9	0.013952	0.5476440941420295	0.2	0.0254764
1664.5	1	9	0.013929750000000001	0.5473201752791904	0.2	0.025450825
1665.0	1	9	0.013907500000000001	0.5469956047629817	0.2	0.02542525
1665.5	1	9	0.013885250000000002	0.546670380624949	0.2	0.025399675000000003
1666.0	1	9	0.013863000000000002	0.5463445008887016	0.2	0.025374099999999997
1666.5	1	9	0.01384075	0.5460179635698724	0.2	0.025348525
1667.0	1	9	0.013818500000000001	0.5456907666760784	0.2	0.025322950000000004
1667.5	1	9	0.013796250000000001	0.5453629082068792	0.2	0.025297375000000004
1668.0	1	9	0.013774000000000002	0.5450343861537367	0.2	0.025271799999999997
1668.5	1	9	0.013751750000000002	0.5447051984999738	0.2	0.025246225
1669.0	1	9	0.013729500000000002	0.5443753432207339	0.2	0.025220649999999997
1669.5	1	9	0.01370725	0.5440448182829383	0.2	0.025195075
1670.0	1	9	0.013685000000000001	0.5437136216452453	0.2	0.0251695
1670.5	1	9	0.013662750000000001	0.5433817512580077	0.2	0.025143924999999998
1671.0	1	9	0.013640500000000002	0.5430492050632307	0.2	0.025118349999999998
1671.5	1	9	0.013618250000000002	0.5427159809945293	0.2	0.025092775
1672.0	1	9	0.013596	0.5423820769770856	0.2	0.025067199999999998
1672.5	1	9	0.01357375	0.5420474909276055	0.2	0.025041625000000005
1673.0	1	9	0.013551500000000001	0.5417122207542757	0.2	0.025016050000000005
1673.5	1	9	0.013529250000000001	0.54137626435672	0.2	0.024990474999999998
1674.0	1	9	0.013507000000000002	0.5410396196259549	0.2	0.024964899999999998
1674.5	1	9	0.013484750000000002	0.5407022844443465	0.2	0.024939325
1675.0	1	9	0.013462500000000002	0.5403642566855653	0.2	0.02491375
1675.5	1	9	0.01344025	0.5400255342145417	0.2	0.024888175
1676.0	1	9	0.013418000000000001	0.5396861148874214	0.2	0.0248626
1676.5	1	9	0.013395750000000001	0.5393459965515195	0.2	0.024837025
1677.0	1	9	0.013373500000000002	0.5390051770452755	0.2	0.024811450000000002
1677.5	1	9	0.013351250000000002	0.5386636541982077	0.2	0.024785875
1678.0	1	9	0.013329	0.5383214258308664	0.2	0.0247603
1678.5	1	9	0.013306750000000001	0.5379784897547881	0.2	0.024734725
1679.0	1	9	0.013284500000000001	0.5376348437724487	0.2	0.024709149999999996
1679.5	1	9	0.013262250000000001	0.5372904856772166	0.2	0.024683575
1680.0	1	9	0.013240000000000002	0.5369454132533052	0.2	0.024658000000000003
1680.5	1	9	0.013217750000000002	0.536599624275726	0.2	0.024632425
1681.0	1	9	0.013195500000000002	0.5362531165102401	0.2	0.02460685
1681.5	1	9	0.013173250000000001	0.5359058877133103	0.2	0.024581275
1682.0	1	9	0.013151000000000001	0.5355579356320529	0.2	0.0245557
1682.5	1	9	0.013128750000000002	0.5352092580041888	0.2	0.024530124999999996
1683.0	1	9	0.013106500000000002	0.5348598525579944	0.2	0.024504550000000003
1683.5	1	9	0.013084250000000002	0.5345097170122525	0.2	0.024478974999999997
1684.0	1	9	0.013062	0.5341588490762021	0.2	0.0244534
1684.5	1	9	0.013039750000000001	0.5338072464494895	0.2	0.024427825
1685.0	1	9	0.013017500000000001	0.5334549068221168	0.2	0.024402250000000004
1685.5	1	9	0.012995250000000002	0.5331018278743923	0.2	0.024376674999999997
1686.0	1	9	0.012973000000000002	0.5327480072768788	0.2	0.024351099999999997
1686.5	1	9	0.012950750000000002	0.5323934426903428	0.2	0.024325525
1687.0	1	9	0.0129285	0.5320381317657032	0.2	0.02429995
1687.5	1	9	0.012906250000000001	0.531682072143979	0.2	0.024274375
1688.0	1	9	0.012884000000000001	0.531325261456237	0.2	0.0242488
1688.5	1	9	0.012861750000000002	0.5309676973235398	0.2	0.024223225
1689.0	1	9	0.012839500000000002	0.5306093773568922	0.2	0.02419765
1689.5	1	9	0.012817250000000002	0.5302502991571887	0.2	0.024172075
1690.0	1	9	0.012795	0.5298904603151595	0.2	0.0241465
1690.5	1	9	0.012772750000000001	0.5295298584113172	0.2	0.024120925
1691.0	1	9	0.012750500000000001	0.5291684910159015	0.2	0.02409535
1691.5	1	9	0.012728250000000002	0.5288063556888255	0.2	0.024069775
1692.0	1	9	0.012706000000000002	0.5284434499796209	0.2	0.024044200000000005
1692.5	1	9	0.01268375	0.5280797714273818	0.2	0.024018625000000002
1693.0	1	9	0.012661500000000001	0.5277153175607103	0.2	0.02399305
1693.5	1	9	0.012639250000000001	0.5273500858976593	0.2	0.023967475
1694.0	1	9	0.012617000000000001	0.5269840739456769	0.2	0.0239419
1694.5	1	9	0.012594750000000002	0.5266172792015497	0.2	0.023916325
1695.0	1	9	0.012572500000000002	0.5262496991513453	0.2	0.023890749999999995
1695.5	1	9	0.012550250000000002	0.5258813312703554	0.2	0.023865174999999995
1696.0	1	9	0.012528000000000001	0.5255121730230373	0.2	0.0238396
1696.5	1	9	0.012505750000000001	0.5251422218629569	0.2	0.023814025
1697.0	1	9	0.012483500000000002	0.5247714752327286	0.2	0.02378845
1697.5	1	9	0.012461250000000002	0.5243999305639575	0.2	0.023762875
1698.0	1	9	0.012439000000000002	0.5240275852771799	0.2	0.0237373
1698.5	1	9	0.01241675	0.5236544367818031	0.2	0.023711725
1699.0	1	9	0.012394500000000001	0.5232804824760462	0.2	0.02368615
1699.5	1	9	0.012372250000000001	0.5229057197468786	0.2	0.023660574999999996
1700.0	1	9	0.012350000000000002	0.5225301459699598	0.2	0.023635000000000003
1700.5	1	9	0.012327750000000002	0.5221537585095783	0.2	0.023609425
1701.0	1	9	0.012305500000000002	0.5217765547185893	0.2	0.02358385
1701.5	1	9	0.01228325	0.521398531938353	0.2	0.023558275
1702.0	1	9	0.012261000000000001	0.5210196874986721	0.2	0.0235327
1702.5	1	9	0.012238750000000001	0.5206400187177292	0.2	0.023507125
1703.0	1	9	0.012216500000000002	0.5202595229020232	0.2	0.02348155
1703.5	1	9	0.012194250000000002	0.5198781973463052	0.2	0.023455974999999997
1704.0	1	9	0.012172000000000002	0.5194960393335155	0.2	0.0234304
1704.5	1	9	0.01214975	0.519113046134718	0.2	0.023404825
1705.0	1	9	0.012127500000000001	0.5187292150090358	0.2	0.023379250000000004
1705.5	1	9	0.012105250000000001	0.5183445432035858	0.2	0.023353674999999997
1706.0	1	9	0.012083000000000002	0.5179590279534125	0.2	0.023328099999999997
1706.5	1	9	0.012060750000000002	0.5175726664814222	0.2	0.023302524999999998
1707.0	1	9	0.012038500000000002	0.5171854559983161	0.2	0.023276949999999994
1707.5	1	9	0.012016250000000001	0.5167973937025231	0.2	0.023251374999999998
1708.0	1	9	0.011994000000000001	0.5164084767801326	0.2	0.023225799999999994
1708.5	1	9	0.011971750000000001	0.516018702404826	0.2	0.023200224999999994
1709.0	1	9	0.011949500000000002	0.5156280677378084	0.2	0.023174649999999998
1709.5	1	9	0.011927250000000002	0.5152365699277403	0.2	0.023149074999999998
1710.0	1	9	0.011905000000000002	0.5148442061106668	0.2	0.023123499999999995
1710.5	1	9	0.011882750000000001	0.5144509734099493	0.2	0.023097924999999995
1711.0	1	9	0.011860500000000001	0.5140568689361943	0.2	0.02307235
1711.5	1	9	0.011838250000000002	0.5136618897871829	0.2	0.023046775
1712.0	1	9	0.011816000000000002	0.5132660330477995	0.2	0.0230212
1712.5	1	9	0.011793750000000002	0.5128692957899602	0.2	0.022995624999999995
1713.0	1	9	0.011771500000000002	0.5124716750725402	0.2	0.02297005
1713.5	1	9	0.011749250000000001	0.5120731679413019	0.2	0.022944475
1714.0	1	9	0.011727000000000001	0.5116737714288209	0.2	0.022918899999999996
1714.5	1	9	0.011704750000000002	0.5112734825544127	0.2	0.022893325000000003
1715.0	1	9	0.011682500000000002	0.5108722983240591	0.2	0.02286775
1715.5	1	9	0.011660250000000002	0.5104702157303322	0.2	0.022842175000000003
1716.0	1	9	0.011638000000000003	0.5100672317523208	0.2	0.0228166
1716.5	1	9	0.011615750000000001	0.5096633433555534	0.2	0.022791025
1717.0	1	9	0.011593500000000001	0.5092585474919231	0.2	0.02276545
1717.5	1	9	0.011571250000000002	0.5088528410996104	0.2	0.022739874999999996
1718.0	1	9	0.011549000000000002	0.5084462211030056	0.2	0.022714300000000003
1718.5	1	9	0.011526750000000002	0.5080386844126323	0.2	0.022688725000000003
1719.0	1	9	0.011504500000000003	0.5076302279250678	0.2	0.022663150000000003
1719.5	1	9	0.011482250000000001	0.5072208485228652	0.2	0.022637575000000004
1720.0	1	9	0.011460000000000001	0.5068105430744738	0.2	0.022612
1720.5	1	9	0.011437750000000002	0.506399308434159	0.2	0.022586425
1721.0	1	9	0.011415500000000002	0.5059871414419227	0.2	0.02256085
1721.5	1	9	0.011393250000000002	0.5055740389234212	0.2	0.022535275
1722.0	1	9	0.011371000000000003	0.505159997689885	0.2	0.022509699999999997
1722.5	1	9	0.011348750000000001	0.5047450145380352	0.2	0.022484125
1723.0	1	9	0.011326500000000001	0.5043290862500028	0.2	0.02245855
1723.5	1	9	0.011304250000000002	0.5039122095932439	0.2	0.022432975000000004
1724.0	1	9	0.011282000000000002	0.5034943813204567	0.2	0.022407400000000004
1724.5	1	9	0.011259750000000002	0.503075598169497	0.2	0.022381825
1725.0	1	9	0.011237500000000001	0.5026558568632933	0.2	0.02235625
1725.5	1	9	0.011215250000000001	0.5022351541097616	0.2	0.022330675
1726.0	1	9	0.011193000000000002	0.501813486601719	0.2	0.022305099999999998
1726.5	1	9	0.011170750000000002	0.5013908510167969	0.2	0.022279524999999998
1727.0	1	9	0.011148500000000002	0.5009672440173544	0.2	0.022253949999999998
1727.5	1	9	0.011126250000000002	0.5005426622503896	0.2	0.022228374999999998
1728.0	1	9	0.011104000000000003	0.5001171023474519	0.2	0.022202799999999995
1728.5	1	9	0.011081750000000001	0.4996905609245522	0.2	0.022177224999999995
1729.0	1	9	0.011059500000000002	0.4992630345820741	0.2	0.02215165
1729.5	1	9	0.011037250000000002	0.4988345199046827	0.2	0.022126075
1730.0	1	9	0.011015000000000002	0.49840501346123406	0.2	0.0221005
1730.5	1	9	0.010992750000000003	0.4979745118046835	0.2	0.022074925000000002
1731.0	1	9	0.010970500000000001	0.4975430114719936	0.2	0.02204935
1731.5	1	9	0.010948250000000001	0.4971105089840412	0.2	0.022023775
1732.0	1	9	0.010926000000000002	0.4966770008455238	0.2	0.021998200000000002
1732.5	1	9	0.010903750000000002	0.4962424835448656	0.2	0.021972625000000003
1733.0	1	9	0.010881500000000002	0.4958069535541224	0.2	0.02194705
1733.5	1	9	0.010859250000000003	0.49537040732888654	0.2	0.021921475000000003
1734.0	1	9	0.010837000000000003	0.49493284130819026	0.2	0.0218959
1734.5	1	9	0.010814750000000001	0.4944942519144092	0.2	0.021870325
1735.0	1	9	0.010792500000000002	0.49405463555316503	0.2	0.02184475
1735.5	1	9	0.010770250000000002	0.49361398861322675	0.2	0.021819175000000003
1736.0	1	9	0.010748000000000002	0.4931723074664123	0.2	0.0217936
1736.5	1	9	0.010725750000000003	0.49272958846748854	0.2	0.021768025
1737.0	1	9	0.010703500000000001	0.49228582795407144	0.2	0.02174245
1737.5	1	9	0.010681250000000002	0.49184102224652493	0.2	0.021716875000000004
1738.0	1	9	0.010659000000000002	0.4913951676478589	0.2	0.0216913
1738.5	1	9	0.010636750000000002	0.49094826044362716	0.2	0.021665724999999997
1739.0	1	9	0.010614500000000002	0.4905002969018239	0.2	0.021640149999999997
1739.5	1	9	0.010592250000000003	0.49005127327278025	0.2	0.021614574999999997
1740.0	1	9	0.010570000000000001	0.48960118578905937	0.2	0.021588999999999997
1740.5	1	9	0.010547750000000002	0.4891500306653513	0.2	0.021563424999999997
1741.0	1	9	0.010525500000000002	0.4886978040983665	0.2	0.02153785
1741.5	1	9	0.010503250000000002	0.4882445022667293	0.2	0.021512274999999997
1742.0	1	9	0.010481000000000002	0.48779012133086996	0.2	0.021486699999999997
1742.5	1	9	0.010458750000000003	0.48733465743291665	0.2	0.021461124999999998
1743.0	1	9	0.010436500000000001	0.48687810669658593	0.2	0.021435549999999998
1743.5	1	9	0.010414250000000002	0.486420465227073	0.2	0.021409974999999998
1744.0	1	9	0.010392000000000002	0.4859617291109408	0.2	0.021384399999999998
1744.5	1	9	0.010369750000000002	0.4855018944160085	0.2	0.021358825
1745.0	1	9	0.010347500000000003	0.4850409571912392	0.2	0.021333249999999995
1745.5	1	9	0.010325250000000001	0.48457891346662657	0.2	0.021307674999999998
1746.0	1	9	0.010303000000000001	0.4841157592530813	0.2	0.021282099999999998
1746.5	1	9	0.010280750000000002	0.48365149054231593	0.2	0.021256525000000002
1747.0	1	9	0.010258500000000002	0.48318610330672923	0.2	0.021230949999999995
1747.5	1	9	0.010236250000000002	0.48271959349928983	0.2	0.021205375
1748.0	1	9	0.010214000000000003	0.482251957053419	0.2	0.0211798
1748.5	1	9	0.010191750000000003	0.4817831898828723	0.2	0.021154225
1749.0	1	9	0.010169500000000001	0.48131328788162053	0.2	0.02112865
1749.5	1	9	0.010147250000000002	0.4808422469237304	0.2	0.021103075
1750.0	1	9	0.010125000000000002	0.4803700628632429	0.2	0.0210775
1750.5	1	9	0.010102750000000002	0.47989673153405227	0.2	0.021051924999999996
1751.0	1	9	0.010080500000000003	0.4794222487497832	0.2	0.02102635
1751.5	1	9	0.010058250000000001	0.4789466103036674	0.2	0.021000775000000003
1752.0	1	9	0.010036000000000002	0.4784698119684199	0.2	0.020975200000000003
1752.5	1	9	0.010013750000000002	0.4779918494961128	0.2	0.020949625
1753.0	1	9	0.009991500000000002	0.47751271861804967	0.2	0.02092405
1753.5	1	9	0.009969250000000002	0.47703241504463856	0.2	0.020898475
1754.0	1	9	0.009947000000000003	0.4765509344652637	0.2	0.0208729
1754.5	1	9	0.009924750000000001	0.4760682725481567	0.2	0.020847325000000003
1755.0	1	9	0.009902500000000002	0.47558442494026687	0.2	0.02082175
1755.5	1	9	0.009880250000000002	0.47509938726712975	0.2	0.020796175
1756.0	1	9	0.009858000000000002	0.4746131551327358	0.2	0.020770600000000004
1756.5	1	9	0.009835750000000002	0.4741257241193974	0.2	0.020745025
1757.0	1	9	0.009813500000000003	0.47363708978761515	0.2	0.02071945
1757.5	1	9	0.009791250000000001	0.4731472476759428	0.2	0.020693875
1758.0	1	9	0.009769000000000002	0.4726561933008521	0.2	0.0206683
1758.5	1	9	0.009746750000000002	0.4721639221565952	0.2	0.020642725
1759.0	1	9	0.009724500000000002	0.4716704297150674	0.2	0.02061715
1759.5	1	9	0.009702250000000003	0.4711757114256681	0.2	0.020591575
1760.0	1	9	0.009680000000000001	0.470679762715161	0.2	0.020566
1760.5	1	9	0.009657750000000001	0.4701825789875332	0.2	0.020540425
1761.0	1	9	0.009635500000000002	0.469684155623853	0.2	0.02051485
1761.5	1	9	0.009613250000000002	0.46918448798212736	0.2	0.020489274999999998
1762.0	1	9	0.009591000000000002	0.46868357139715705	0.2	0.0204637
1762.5	1	9	0.00956875	0.46818140118039214	0.2	0.020438124999999994
1763.0	1	9	0.009546500000000001	0.4676779726197855	0.2	0.020412549999999998
1763.5	1	9	0.009524250000000001	0.4671732809796452	0.2	0.020386974999999998
1764.0	1	9	0.009502000000000002	0.46666732150048634	0.2	0.020361399999999998
1764.5	1	9	0.009479750000000002	0.4661600893988812	0.2	0.020335825
1765.0	1	9	0.009457500000000002	0.46565157986730854	0.2	0.02031025
1765.5	1	9	0.009435250000000001	0.46514178807400175	0.2	0.020284675
1766.0	1	9	0.009413000000000001	0.4646307091627961	0.2	0.0202591
1766.5	1	9	0.009390750000000002	0.4641183382529738	0.2	0.020233525
1767.0	1	9	0.009368500000000002	0.46360467043910947	0.2	0.02020795
1767.5	1	9	0.009346250000000002	0.463089700790913	0.2	0.020182374999999995
1768.0	1	9	0.009324000000000002	0.4625734243530721	0.2	0.0201568
1768.5	1	9	0.009301750000000001	0.4620558361450931	0.2	0.020131225
1769.0	1	9	0.009279500000000001	0.46153693116114136	0.2	0.020105649999999996
1769.5	1	9	0.009257250000000002	0.4610167043698793	0.2	0.020080074999999996
1770.0	1	9	0.009235000000000002	0.4604951507143037	0.2	0.020054499999999996
1770.5	1	9	0.009212750000000002	0.45997226511158257	0.2	0.020028924999999996
1771.0	1	9	0.0091905	0.4594480424528893	0.2	0.020003349999999993
1771.5	1	9	0.009168250000000001	0.45892247760323673	0.2	0.019977774999999996
1772.0	1	9	0.009146000000000001	0.45839556540130927	0.2	0.019952199999999996
1772.5	1	9	0.009123750000000002	0.45786730065929393	0.2	0.019926624999999996
1773.0	1	9	0.009101500000000002	0.4573376781627102	0.2	0.019901049999999993
1773.5	1	9	0.00907925	0.45680669267023816	0.2	0.019875474999999997
1774.0	1	9	0.009057	0.4562743389135463	0.2	0.019849899999999993
1774.5	1	9	0.009034750000000001	0.4557406115971163	0.2	0.019824324999999993
1775.0	1	9	0.009012500000000001	0.4552055053980682	0.2	0.019798749999999997
1775.5	1	9	0.008990250000000002	0.4546690149659831	0.2	0.019773174999999997
1776.0	1	9	0.008968000000000002	0.45413113492272494	0.2	0.0197476
1776.5	1	9	0.008945750000000002	0.45359185986226075	0.2	0.019722025
1777.0	1	9	0.008923500000000001	0.45305118435047953	0.2	0.019696449999999997
1777.5	1	9	0.008901250000000001	0.4525091029250098	0.2	0.019670874999999997
1778.0	1	9	0.008879000000000001	0.4519656100950356	0.2	0.019645299999999997
1778.5	1	9	0.008856750000000002	0.4514207003411109	0.2	0.019619724999999998
1779.0	1	9	0.008834500000000002	0.4508743681149732	0.2	0.019594149999999998
1779.5	1	9	0.00881225	0.45032660783935474	0.2	0.019568574999999998
1780.0	1	9	0.008790000000000001	0.4497774139077932	0.2	0.019542999999999994
1780.5	1	9	0.008767750000000001	0.4492267806844398	0.2	0.019517424999999998
1781.0	1	9	0.008745500000000002	0.44867470250386715	0.2	0.019491849999999995
1781.5	1	9	0.008723250000000002	0.4481211736708745	0.2	0.019466274999999998
1782.0	1	9	0.008701	0.4475661884602921	0.2	0.019440699999999998
1782.5	1	9	0.00867875	0.44700974111678404	0.2	0.019415125
1783.0	1	9	0.008656500000000001	0.4464518258546486	0.2	0.01938955
1783.5	1	9	0.008634250000000001	0.4458924368576184	0.2	0.019363975
1784.0	1	9	0.008612000000000002	0.4453315682786581	0.2	0.019338400000000002
1784.5	1	9	0.008589750000000002	0.4447692142397605	0.2	0.019312825
1785.0	1	9	0.0085675	0.4442053688317412	0.2	0.01928725
1785.5	1	9	0.00854525	0.4436400261140322	0.2	0.019261675
1786.0	1	9	0.008523000000000001	0.44307318011447233	0.2	0.0192361
1786.5	1	9	0.008500750000000001	0.4425048248290977	0.2	0.019210525
1787.0	1	9	0.008478500000000002	0.4419349542219293	0.2	0.01918495
1787.5	1	9	0.008456250000000002	0.44136356222475953	0.2	0.019159375
1788.0	1	9	0.008434	0.44079064273693674	0.2	0.019133800000000003
1788.5	1	9	0.00841175	0.4402161896251484	0.2	0.019108224999999996
1789.0	1	9	0.008389500000000001	0.43964019672320154	0.2	0.01908265
1789.5	1	9	0.008367250000000001	0.4390626578318027	0.2	0.019057075
1790.0	1	9	0.008345000000000002	0.4384835667183355	0.2	0.0190315
1790.5	1	9	0.00832275	0.43790291711663604	0.2	0.019005924999999996
1791.0	1	9	0.0083005	0.43732070272676743	0.2	0.01898035
1791.5	1	9	0.008278250000000001	0.4367369172147916	0.2	0.018954775
1792.0	1	9	0.008256000000000001	0.4361515542125394	0.2	0.0189292
1792.5	1	9	0.008233750000000001	0.43556460731737967	0.2	0.018903625
1793.0	1	9	0.0082115	0.43497607009198513	0.2	0.01887805
1793.5	1	9	0.00818925	0.4343859360640977	0.2	0.018852475
1794.0	1	9	0.008167	0.4337941987262906	0.2	0.0188269
1794.5	1	9	0.008144750000000001	0.4332008515357296	0.2	0.018801324999999997
1795.0	1	9	0.008122500000000001	0.4326058879139317	0.2	0.018775749999999997
1795.5	1	9	0.008100250000000002	0.4320093012465218	0.2	0.018750174999999997
1796.0	1	9	0.008078000000000002	0.4314110848829883	0.2	0.018724599999999997
1796.5	1	9	0.00805575	0.430811232136435	0.2	0.018699024999999998
1797.0	1	9	0.0080335	0.43020973628333287	0.2	0.018673449999999998
1797.5	1	9	0.008011250000000001	0.42960659056326805	0.2	0.018647874999999998
1798.0	1	9	0.007989000000000001	0.4290017881786891	0.2	0.018622299999999998
1798.5	1	9	0.007966750000000002	0.4283953222946515	0.2	0.018596724999999995
1799.0	1	9	0.0079445	0.42778718603855986	0.2	0.018571149999999998
1799.5	1	9	0.00792225	0.42717737249990906	0.2	0.018545574999999998
1800.0	1	9	0.0079	0.42656587473002167	0.2	0.01852
600.0	0	10	5.2	18.741440207597492	0.3	0.27746
600.5	0	10	5.189875	18.723318515760663	0.3	0.27718777499999997
601.0	0	10	5.17975	18.7051611944508	0.3	0.27691555
601.5	0	10	5.169625	18.686968138486623	0.3	0.276643325
602.0	0	10	5.1595	18.66873924227244	0.3	0.2763711
602.5	0	10	5.149375	18.65047439979609	0.3	0.276098875
603.0	0	10	5.1392500000000005	18.632173504626913	0.3	0.27582665
603.5	0	10	5.129125	18.613836449913663	0.3	0.27555442499999994
604.0	0	10	5.119	18.595463128382438	0.3	0.2752822
604.5	0	10	5.108875	18.577053432334594	0.3	0.27500997499999996
605.0	0	10	5.09875	18.558607253644613	0.3	0.27473774999999995
605.5	0	10	5.088625	18.540124483758028	0.3	0.27446552499999993
606.0	0	10	5.0785	18.52160501368925	0.3	0.2741933
606.5	0	10	5.0683750000000005	18.503048734019465	0.3	0.27392107499999996
607.0	0	10	5.05825	18.484455534894447	0.3	0.27364885
607.5	0	10	5.048125	18.465825306022417	0.3	0.273376625
608.0	0	10	5.038	18.44715793667184	0.3	0.27310439999999997
608.5	0	10	5.027875	18.428453315669238	0.3	0.272832175
609.0	0	10	5.01775	18.409711331397002	0.3	0.27255995
609.5	0	10	5.007625	18.390931871791135	0.3	0.272287725
610.0	0	10	4.9975000000000005	18.372114824339057	0.3	0.2720155
610.5	0	10	4.987375	18.35326007607732	0.3	0.271743275
611.0	0	10	4.97725	18.334367513589385	0.3	0.27147105
611.5	0	10	4.967125	18.31543702300333	0.3	0.2711988249999999
612.0	0	10	4.957	18.296468489989543	0.3	0.2709265999999999
612.5	0	10	4.946875	18.277461799758456	0.3	0.270654375
613.0	0	10	4.93675	18.258416837058217	0.3	0.27038215
613.5	0	10	4.9266250000000005	18.239333486172345	0.3	0.270109925
614.0	0	10	4.9165	18.220211630917404	0.3	0.2698376999999999
614.5	0	10	4.906375	18.20105115464063	0.3	0.26956547499999994
615.0	0	10	4.89625	18.18185194021759	0.3	0.26929325
615.5	0	10	4.886125	18.16261387004975	0.3	0.26902102499999997
616.0	0	10	4.876	18.143336826062107	0.3	0.2687488
616.5	0	10	4.865875	18.124020689700767	0.3	0.26847657500000005
617.0	0	10	4.8557500000000005	18.104665341930513	0.3	0.26820435
617.5	0	10	4.845625	18.085270663232343	0.3	0.26793212499999997
618.0	0	10	4.8355	18.065836533601036	0.3	0.26765989999999995
618.5	0	10	4.825375	18.046362832542677	0.3	0.267387675
619.0	0	10	4.81525	18.026849439072134	0.3	0.26711545
619.5	0	10	4.805125	18.00729623171059	0.3	0.26684322499999996
620.0	0	10	4.795	17.98770308848299	0.3	0.26657100000000006
620.5	0	10	4.784875	17.968069886915554	0.3	0.266298775
621.0	0	10	4.77475	17.948396504033152	0.3	0.26602655
621.5	0	10	4.7646250000000006	17.928682816356805	0.3	0.26575432499999996
622.0	0	10	4.7545	17.90892869990105	0.3	0.2654821
622.5	0	10	4.744375	17.889134030171387	0.3	0.265209875
623.0	0	10	4.73425	17.869298682161638	0.3	0.26493764999999997
623.5	0	10	4.724125	17.84942253035129	0.3	0.264665425
624.0	0	10	4.714	17.829505448702918	0.3	0.2643932
624.5	0	10	4.703875	17.809547310659443	0.3	0.26412097500000004
625.0	0	10	4.69375	17.789547989141507	0.3	0.26384874999999997
625.5	0	10	4.683625	17.769507356544747	0.3	0.263576525
626.0	0	10	4.6735	17.74942528473709	0.3	0.2633043
626.5	0	10	4.663375	17.72930164505603	0.3	0.2630320749999999
627.0	0	10	4.65325	17.709136308305855	0.3	0.26275985
627.5	0	10	4.643125	17.68892914475492	0.3	0.262487625
628.0	0	10	4.633	17.668680024132833	0.3	0.2622154
628.5	0	10	4.6228750000000005	17.64838881562767	0.3	0.261943175
629.0	0	10	4.61275	17.628055387883144	0.3	0.26167094999999996
629.5	0	10	4.602625	17.607679608995795	0.3	0.26139872500000005
630.0	0	10	4.5925	17.587261346512133	0.3	0.2611265
630.5	0	10	4.582375	17.566800467425733	0.3	0.26085427499999997
631.0	0	10	4.57225	17.54629683817439	0.3	0.26058205
631.5	0	10	4.562125	17.52575032463719	0.3	0.260309825
632.0	0	10	4.552	17.505160792131598	0.3	0.2600376
632.5	0	10	4.541875	17.48452810541051	0.3	0.25976537499999997
633.0	0	10	4.53175	17.463852128659273	0.3	0.25949315
633.5	0	10	4.521625	17.443132725492745	0.3	0.259220925
634.0	0	10	4.5115	17.422369758952257	0.3	0.2589487
634.5	0	10	4.501375	17.401563091502624	0.3	0.25867647499999996
635.0	0	10	4.49125	17.380712585029077	0.3	0.25840425
635.5	0	10	4.4811250000000005	17.359818100834257	0.3	0.258132025
636.0	0	10	4.471	17.338879499635077	0.3	0.2578598
636.5	0	10	4.460875	17.31789664155967	0.3	0.257587575
637.0	0	10	4.45075	17.29686938614428	0.3	0.25731535
637.5	0	10	4.440625	17.275797592330083	0.3	0.257043125
638.0	0	10	4.4305	17.254681118460077	0.3	0.25677089999999997
638.5	0	10	4.420375	17.233519822275884	0.3	0.256498675
639.0	0	10	4.41025	17.212313560914573	0.3	0.25622645
639.5	0	10	4.400125	17.191062190905427	0.3	0.255954225
640.0	0	10	4.39	17.169765568166707	0.3	0.25568199999999996
640.5	0	10	4.379875	17.14842354800242	0.3	0.255409775
641.0	0	10	4.36975	17.127035985099017	0.3	0.25513755
641.5	0	10	4.359625	17.105602733522108	0.3	0.254865325
642.0	0	10	4.3495	17.084123646713127	0.3	0.2545931
642.5	0	10	4.339375	17.06259857748602	0.3	0.254320875
643.0	0	10	4.32925	17.041027378023855	0.3	0.25404865
643.5	0	10	4.319125	17.019409899875452	0.3	0.25377642499999997
644.0	0	10	4.309	16.997745993951973	0.3	0.2535042
644.5	0	10	4.298875	16.976035510523502	0.3	0.253231975
645.0	0	10	4.28875	16.954278299215588	0.3	0.25295975000000004
645.5	0	10	4.278625	16.93247420900577	0.3	0.25268752499999997
646.0	0	10	4.2684999999999995	16.910623088220085	0.3	0.2524153
646.5	0	10	4.258375	16.88872478452958	0.3	0.25214307499999994
647.0	0	10	4.24825	16.866779144946705	0.3	0.25187085000000003
647.5	0	10	4.238125	16.844786015821832	0.3	0.25159862499999996
648.0	0	10	4.228	16.822745242839588	0.3	0.2513264
648.5	0	10	4.217875	16.800656671015332	0.3	0.251054175
649.0	0	10	4.20775	16.778520144691434	0.3	0.25078195
649.5	0	10	4.197625	16.75633550753369	0.3	0.250509725
650.0	0	10	4.1875	16.7341026025276	0.3	0.2502375
650.5	0	10	4.177375	16.711821271974678	0.3	0.24996527499999996
651.0	0	10	4.16725	16.689491357488727	0.3	0.24969304999999997
651.5	0	10	4.157125	16.66711269999207	0.3	0.24942082499999998
652.0	0	10	4.147	16.644685139711804	0.3	0.2491486
652.5	0	10	4.136875	16.622208516175952	0.3	0.24887637499999998
653.0	0	10	4.12675	16.599682668209685	0.3	0.24860415
653.5	0	10	4.116625	16.57710743393142	0.3	0.248331925
654.0	0	10	4.1065	16.55448265074899	0.3	0.2480597
654.5	0	10	4.096375	16.531808155355716	0.3	0.24778747499999995
655.0	0	10	4.08625	16.509083783726457	0.3	0.24751525
655.5	0	10	4.076125	16.48630937111371	0.3	0.24724302499999995
656.0	0	10	4.066	16.463484752043563	0.3	0.24697079999999996
656.5	0	10	4.055875	16.44060976031175	0.3	0.24669857499999998
657.0	0	10	4.04575	16.41768422897957	0.3	0.24642635000000002
657.5	0	10	4.035625	16.394707990369852	0.3	0.24615412500000003
658.0	0	10	4.0255	16.371680876062857	0.3	0.24588190000000001
658.5	0	10	4.015375	16.34860271689216	0.3	0.24560967499999997
659.0	0	10	4.00525	16.325473342940512	0.3	0.24533744999999998
659.5	0	10	3.995125	16.302292583535667	0.3	0.24506522500000003
660.0	0	10	3.985	16.279060267246205	0.3	0.24479299999999998
660.5	0	10	3.974875	16.255776221877262	0.3	0.244520775
661.0	0	10	3.96475	16.232440274466317	0.3	0.24424855
661.5	0	10	3.954625	16.20905225127889	0.3	0.243976325
662.0	0	10	3.9445	16.185611977804232	0.3	0.2437041
662.5	0	10	3.934375	16.162119278750986	0.3	0.24343187500000002
663.0	0	10	3.92425	16.13857397804282	0.3	0.24315964999999998
663.5	0	10	3.914125	16.11497589881403	0.3	0.24288742499999996
664.0	0	10	3.904	16.0913248634051	0.3	0.24261519999999995
664.5	0	10	3.893875	16.067620693358247	0.3	0.242342975
665.0	0	10	3.88375	16.04386320941295	0.3	0.24207075
665.5	0	10	3.873625	16.020052231501413	0.3	0.241798525
666.0	0	10	3.8635	15.996187578744014	0.3	0.2415263
666.5	0	10	3.8533749999999998	15.972269069444733	0.3	0.24125407499999998
667.0	0	10	3.84325	15.948296521086545	0.3	0.24098185000000003
667.5	0	10	3.833125	15.924269750326769	0.3	0.240709625
668.0	0	10	3.823	15.900188572992388	0.3	0.2404374
668.5	0	10	3.812875	15.876052804075362	0.3	0.240165175
669.0	0	10	3.80275	15.851862257727875	0.3	0.23989294999999997
669.5	0	10	3.792625	15.827616747257569	0.3	0.23962072499999995
670.0	0	10	3.7824999999999998	15.80331608512274	0.3	0.23934849999999996
670.5	0	10	3.772375	15.778960082927508	0.3	0.239076275
671.0	0	10	3.76225	15.754548551416946	0.3	0.23880405
671.5	0	10	3.752125	15.730081300472172	0.3	0.23853182499999995
672.0	0	10	3.742	15.705558139105413	0.3	0.2382596
672.5	0	10	3.731875	15.680978875455054	0.3	0.23798737499999997
673.0	0	10	3.72175	15.65634331678061	0.3	0.23771514999999996
673.5	0	10	3.7116249999999997	15.631651269457702	0.3	0.23744292499999997
674.0	0	10	3.7015	15.606902538972985	0.3	0.23717069999999996
674.5	0	10	3.691375	15.582096929919029	0.3	0.236898475
675.0	0	10	3.68125	15.557234245989193	0.3	0.23662624999999998
675.5	0	10	3.671125	15.532314289972426	0.3	0.23635402500000002
676.0	0	10	3.661	15.507336863748074	0.3	0.23608179999999998
676.5	0	10	3.650875	15.482301768280614	0.3	0.23580957500000002
677.0	0	10	3.6407499999999997	15.457208803614375	0.3	0.23553734999999998
677.5	0	10	3.6306249999999998	15.432057768868207	0.3	0.23526512500000002
678.0	0	10	3.6205	15.406848462230135	0.3	0.23499289999999998
678.5	0	10	3.610375	15.381580680951945	0.3	0.234720675
679.0	0	10	3.60025	15.356254221343756	0.3	0.23444845
679.5	0	10	3.590125	15.330868878768543	0.3	0.234176225
680.0	0	10	3.58	15.305424447636637	0.3	0.233904
680.5	0	10	3.5698749999999997	15.27992072140016	0.3	0.23363177499999999
681.0	0	10	3.5597499999999997	15.254357492547443	0.3	0.23335955000000003
681.5	0	10	3.549625	15.228734552597402	0.3	0.23308732499999996
682.0	0	10	3.5395	15.203051692093855	0.3	0.2328151
682.5	0	10	3.529375	15.177308700599836	0.3	0.232542875
683.0	0	10	3.51925	15.151505366691831	0.3	0.23227065000000002
683.5	0	10	3.509125	15.125641477954	0.3	0.23199842499999998
684.0	0	10	3.4989999999999997	15.099716820972336	0.3	0.23172620000000002
684.5	0	10	3.4888749999999997	15.073731181328816	0.3	0.23145397499999995
685.0	0	10	3.47875	15.04768434359546	0.3	0.23118175000000002
685.5	0	10	3.468625	15.02157609132841	0.3	0.230909525
686.0	0	10	3.4585	14.995406207061912	0.3	0.23063729999999996
686.5	0	10	3.448375	14.969174472302281	0.3	0.23036507499999997
687.0	0	10	3.43825	14.94288066752183	0.3	0.23009285
687.5	0	10	3.4281249999999996	14.916524572152737	0.3	0.229820625
688.0	0	10	3.4179999999999997	14.89010596458089	0.3	0.22954839999999996
688.5	0	10	3.4078749999999998	14.863624622139652	0.3	0.229276175
689.0	0	10	3.39775	14.837080321103631	0.3	0.22900394999999998
689.5	0	10	3.387625	14.810472836682361	0.3	0.22873172500000002
690.0	0	10	3.3775	14.783801943013971	0.3	0.22845949999999995
690.5	0	10	3.367375	14.757067413158776	0.3	0.228187275
691.0	0	10	3.3572499999999996	14.730269019092857	0.3	0.22791504999999998
691.5	0	10	3.3471249999999997	14.70340653170158	0.3	0.227642825
692.0	0	10	3.3369999999999997	14.676479720773047	0.3	0.22737059999999998
692.5	0	10	3.326875	14.649488354991531	0.3	0.227098375
693.0	0	10	3.31675	14.622432201930861	0.3	0.22682615000000003
693.5	0	10	3.306625	14.595311028047737	0.3	0.226553925
694.0	0	10	3.2965	14.568124598675016	0.3	0.22628169999999995
694.5	0	10	3.2863749999999996	14.540872678014937	0.3	0.226009475
695.0	0	10	3.2762499999999997	14.51355502913232	0.3	0.22573725
695.5	0	10	3.2661249999999997	14.486171413947684	0.3	0.22546502499999999
696.0	0	10	3.256	14.458721593230333	0.3	0.2251928
696.5	0	10	3.245875	14.431205326591398	0.3	0.22492057499999998
697.0	0	10	3.23575	14.403622372476807	0.3	0.22464835
697.5	0	10	3.225625	14.375972488160228	0.3	0.22437612499999998
698.0	0	10	3.2154999999999996	14.348255429735937	0.3	0.2241039
698.5	0	10	3.2053749999999996	14.320470952111668	0.3	0.22383167500000004
699.0	0	10	3.1952499999999997	14.292618809001363	0.3	0.22355945
699.5	0	10	3.1851249999999998	14.264698752917907	0.3	0.22328722499999998
700.0	0	10	3.175	14.236710535165797	0.3	0.22301499999999996
700.5	0	10	3.164875	14.208653905833758	0.3	0.222742775
701.0	0	10	3.15475	14.180528613787308	0.3	0.22247055
701.5	0	10	3.144625	14.152334406661256	0.3	0.22219832500000003
702.0	0	10	3.1344999999999996	14.12407103085216	0.3	0.2219261
702.5	0	10	3.1243749999999997	14.095738231510726	0.3	0.22165387500000003
703.0	0	10	3.1142499999999997	14.067335752534142	0.3	0.22138164999999999
703.5	0	10	3.104125	14.038863336558357	0.3	0.221109425
704.0	0	10	3.094	14.010320724950326	0.3	0.22083719999999998
704.5	0	10	3.083875	13.981707657800156	0.3	0.22056497500000002
705.0	0	10	3.07375	13.953023873913237	0.3	0.22029274999999998
705.5	0	10	3.0636249999999996	13.924269110802275	0.3	0.220020525
706.0	0	10	3.0534999999999997	13.895443104679305	0.3	0.2197483
706.5	0	10	3.0433749999999997	13.866545590447615	0.3	0.21947607499999996
707.0	0	10	3.03325	13.837576301693607	0.3	0.21920384999999998
707.5	0	10	3.023125	13.80853497067863	0.3	0.21893162500000002
708.0	0	10	3.013	13.779421328330727	0.3	0.2186594
708.5	0	10	3.002875	13.75023510423632	0.3	0.218387175
709.0	0	10	2.99275	13.72097602663183	0.3	0.21811495
709.5	0	10	2.9826249999999996	13.691643822395262	0.3	0.217842725
710.0	0	10	2.9724999999999997	13.662238217037695	0.3	0.2175705
710.5	0	10	2.9623749999999998	13.632758934694719	0.3	0.21729827499999996
711.0	0	10	2.95225	13.603205698117806	0.3	0.21702604999999997
711.5	0	10	2.942125	13.57357822866563	0.3	0.216753825
712.0	0	10	2.932	13.543876246295298	0.3	0.2164816
712.5	0	10	2.921875	13.51409946955353	0.3	0.21620937499999995
713.0	0	10	2.9117499999999996	13.484247615567769	0.3	0.21593715
713.5	0	10	2.9016249999999997	13.454320400037231	0.3	0.21566492500000004
714.0	0	10	2.8914999999999997	13.42431753722387	0.3	0.2153927
714.5	0	10	2.881375	13.394238739943281	0.3	0.21512047499999998
715.0	0	10	2.87125	13.364083719555547	0.3	0.21484824999999996
715.5	0	10	2.861125	13.333852185956003	0.3	0.214576025
716.0	0	10	2.851	13.303543847565933	0.3	0.21430379999999996
716.5	0	10	2.8408749999999996	13.27315841132319	0.3	0.21403157499999997
717.0	0	10	2.8307499999999997	13.242695582672757	0.3	0.21375935
717.5	0	10	2.8206249999999997	13.21215506555723	0.3	0.213487125
718.0	0	10	2.8104999999999998	13.181536562407224	0.3	0.21321489999999996
718.5	0	10	2.800375	13.150839774131699	0.3	0.212942675
719.0	0	10	2.79025	13.120064400108241	0.3	0.21267045
719.5	0	10	2.780125	13.089210138173236	0.3	0.21239822499999997
720.0	0	10	2.7699999999999996	13.058276684611975	0.3	0.21212599999999998
720.5	0	10	2.7598749999999996	13.027263734148706	0.3	0.21185377499999997
721.0	0	10	2.7497499999999997	12.996170979936576	0.3	0.21158155
721.5	0	10	2.7396249999999998	12.96499811354752	0.3	0.21130932500000002
722.0	0	10	2.7295	12.933744824962057	0.3	0.21103709999999998
722.5	0	10	2.719375	12.902410802559013	0.3	0.210764875
723.0	0	10	2.70925	12.87099573310517	0.3	0.21049264999999998
723.5	0	10	2.6991249999999996	12.839499301744821	0.3	0.21022042500000002
724.0	0	10	2.6889999999999996	12.807921191989262	0.3	0.20994819999999997
724.5	0	10	2.6788749999999997	12.77626108570617	0.3	0.209675975
725.0	0	10	2.6687499999999997	12.744518663108945	0.3	0.20940374999999997
725.5	0	10	2.658625	12.712693602745928	0.3	0.20913152499999996
726.0	0	10	2.6485	12.680785581489548	0.3	0.2088593
726.5	0	10	2.638375	12.648794274525399	0.3	0.208587075
727.0	0	10	2.6282499999999995	12.616719355341203	0.3	0.20831485000000002
727.5	0	10	2.6181249999999996	12.58456049571572	0.3	0.20804262499999998
728.0	0	10	2.6079999999999997	12.55231736570753	0.3	0.20777039999999997
728.5	0	10	2.5978749999999997	12.519989633643764	0.3	0.207498175
729.0	0	10	2.5877499999999998	12.487576966108733	0.3	0.20722594999999996
729.5	0	10	2.577625	12.455079027932452	0.3	0.20695372499999998
730.0	0	10	2.5675	12.422495482179102	0.3	0.2066815
730.5	0	10	2.5573749999999995	12.389825990135373	0.3	0.20640927500000003
731.0	0	10	2.5472499999999996	12.357070211298744	0.3	0.20613705
731.5	0	10	2.5371249999999996	12.32422780336563	0.3	0.20586482499999997
732.0	0	10	2.5269999999999997	12.291298422219475	0.3	0.20559260000000001
732.5	0	10	2.5168749999999998	12.258281721918731	0.3	0.20532037500000003
733.0	0	10	2.50675	12.22517735468474	0.3	0.20504814999999998
733.5	0	10	2.496625	12.191984970889521	0.3	0.204775925
734.0	0	10	2.4864999999999995	12.158704219043466	0.3	0.20450370000000004
734.5	0	10	2.4763749999999995	12.125334745782938	0.3	0.204231475
735.0	0	10	2.4662499999999996	12.09187619585775	0.3	0.20395924999999998
735.5	0	10	2.4561249999999997	12.058328212118566	0.3	0.203687025
736.0	0	10	2.4459999999999997	12.0246904355042	0.3	0.2034148
736.5	0	10	2.435875	11.990962505028795	0.3	0.203142575
737.0	0	10	2.42575	11.957144057768916	0.3	0.20287034999999995
737.5	0	10	2.4156249999999995	11.923234728850524	0.3	0.20259812500000002
738.0	0	10	2.4054999999999995	11.889234151435874	0.3	0.20232590000000003
738.5	0	10	2.3953749999999996	11.855141956710264	0.3	0.202053675
739.0	0	10	2.3852499999999996	11.820957773868706	0.3	0.20178145
739.5	0	10	2.3751249999999997	11.78668123010249	0.3	0.20150922500000004
740.0	0	10	2.3649999999999998	11.752311950585627	0.3	0.201237
740.5	0	10	2.354875	11.717849558461179	0.3	0.20096477499999996
741.0	0	10	2.3447499999999994	11.683293674827489	0.3	0.20069255
741.5	0	10	2.3346249999999995	11.648643918724307	0.3	0.20042032500000004
742.0	0	10	2.3244999999999996	11.613899907118777	0.3	0.2001481
742.5	0	10	2.3143749999999996	11.579061254891316	0.3	0.19987587499999998
743.0	0	10	2.3042499999999997	11.5441275748214	0.3	0.19960365000000002
743.5	0	10	2.2941249999999997	11.509098477573216	0.3	0.199331425
744.0	0	10	2.284	11.473973571681189	0.3	0.1990592
744.5	0	10	2.2738749999999994	11.4387524635354	0.3	0.19878697499999998
745.0	0	10	2.2637499999999995	11.403434757366893	0.3	0.19851475
745.5	0	10	2.2536249999999995	11.368020055232849	0.3	0.19824252500000003
746.0	0	10	2.2434999999999996	11.33250795700163	0.3	0.1979703
746.5	0	10	2.2333749999999997	11.296898060337712	0.3	0.19769807500000003
747.0	0	10	2.2232499999999997	11.261189960686504	0.3	0.19742585
747.5	0	10	2.213125	11.22538325125901	0.3	0.197153625
748.0	0	10	2.2029999999999994	11.189477523016393	0.3	0.19688139999999996
748.5	0	10	2.1928749999999995	11.153472364654395	0.3	0.19660917499999997
749.0	0	10	2.1827499999999995	11.11736736258763	0.3	0.19633695
749.5	0	10	2.1726249999999996	11.081162100933758	0.3	0.196064725
750.0	0	10	2.1624999999999996	11.044856161497503	0.3	0.1957925
750.5	0	10	2.1523749999999997	11.008449123754556	0.3	0.195520275
751.0	0	10	2.1422499999999998	10.971940564835345	0.3	0.19524805
751.5	0	10	2.132125	10.93533005950866	0.3	0.194975825
752.0	0	10	2.1219999999999994	10.898617180165132	0.3	0.19470359999999995
752.5	0	10	2.1118749999999995	10.861801496800604	0.3	0.19443137500000002
753.0	0	10	2.1017499999999996	10.82488257699933	0.3	0.19415915
753.5	0	10	2.0916249999999996	10.787859985917049	0.3	0.193886925
754.0	0	10	2.0814999999999997	10.750733286263904	0.3	0.19361469999999997
754.5	0	10	2.0713749999999997	10.71350203828724	0.3	0.193342475
755.0	0	10	2.06125	10.676165799754234	0.3	0.19307025
755.5	0	10	2.051125	10.638724125934381	0.3	0.192798025
756.0	0	10	2.0409999999999995	10.60117656958184	0.3	0.1925258
756.5	0	10	2.0308749999999995	10.563522680917634	0.3	0.192253575
757.0	0	10	2.0207499999999996	10.525762007611675	0.3	0.19198134999999997
757.5	0	10	2.0106249999999997	10.487894094764659	0.3	0.191709125
758.0	0	10	2.0004999999999997	10.449918484889798	0.3	0.1914369
758.5	0	10	1.9903749999999998	10.4118347178944	0.3	0.191164675
759.0	0	10	1.9802499999999996	10.373642331061285	0.3	0.19089245
759.5	0	10	1.9701249999999997	10.335340859030042	0.3	0.19062022499999998
760.0	0	10	1.9599999999999997	10.296929833778131	0.3	0.190348
760.5	0	10	1.9498749999999998	10.258408784601825	0.3	0.190075775
761.0	0	10	1.9397499999999996	10.219777238096968	0.3	0.18980354999999996
761.5	0	10	1.9296249999999997	10.181034718139598	0.3	0.189531325
762.0	0	10	1.9194999999999998	10.14218074586638	0.3	0.18925909999999999
762.5	0	10	1.9093749999999998	10.10321483965487	0.3	0.188986875
763.0	0	10	1.8992499999999997	10.064136515103623	0.3	0.18871464999999996
763.5	0	10	1.8891249999999997	10.024945285012118	0.3	0.18844242500000002
764.0	0	10	1.8789999999999998	9.985640659360513	0.3	0.1881702
764.5	0	10	1.8688749999999996	9.946222145289218	0.3	0.187897975
765.0	0	10	1.8587499999999997	9.906689247078292	0.3	0.18762574999999998
765.5	0	10	1.8486249999999997	9.86704146612667	0.3	0.187353525
766.0	0	10	1.8384999999999998	9.827278300931198	0.3	0.1870813
766.5	0	10	1.8283749999999999	9.787399247065487	0.3	0.186809075
767.0	0	10	1.8182499999999997	9.747403797158578	0.3	0.18653684999999995
767.5	0	10	1.8081249999999998	9.707291440873433	0.3	0.18626462500000002
768.0	0	10	1.7979999999999998	9.667061664885232	0.3	0.1859924
768.5	0	10	1.7878749999999997	9.626713952859456	0.3	0.185720175
769.0	0	10	1.7777499999999997	9.58624778542982	0.3	0.18544795
769.5	0	10	1.7676249999999998	9.545662640175971	0.3	0.185175725
770.0	0	10	1.7574999999999998	9.504957991601023	0.3	0.1849035
770.5	0	10	1.747375	9.464133311108858	0.3	0.18463127499999998
771.0	0	10	1.7372499999999997	9.42318806698125	0.3	0.18435905000000002
771.5	0	10	1.7271249999999998	9.382121724354796	0.3	0.18408682500000004
772.0	0	10	1.7169999999999999	9.340933745197606	0.3	0.1838146
772.5	0	10	1.7068749999999997	9.299623588285812	0.3	0.18354237499999995
773.0	0	10	1.6967499999999998	9.258190709179862	0.3	0.18327015
773.5	0	10	1.6866249999999998	9.216634560200614	0.3	0.182997925
774.0	0	10	1.6764999999999999	9.17495459040518	0.3	0.1827257
774.5	0	10	1.6663749999999997	9.1331502455626	0.3	0.182453475
775.0	0	10	1.6562499999999998	9.091220968129266	0.3	0.18218125
775.5	0	10	1.6461249999999998	9.049166197224134	0.3	0.181909025
776.0	0	10	1.6359999999999997	9.006985368603718	0.3	0.1816368
776.5	0	10	1.6258749999999997	8.964677914636857	0.3	0.18136457499999997
777.0	0	10	1.6157499999999998	8.922243264279246	0.3	0.18109235000000004
777.5	0	10	1.6056249999999999	8.879680843047751	0.3	0.180820125
778.0	0	10	1.5955	8.83699007299448	0.3	0.18054789999999998
778.5	0	10	1.585375	8.794170372680618	0.3	0.180275675
779.0	0	10	1.5752499999999998	8.751221157150042	0.3	0.18000345
779.5	0	10	1.5651249999999999	8.708141837902678	0.3	0.17973122500000002
780.0	0	10	1.5549999999999997	8.664931822867619	0.3	0.17945899999999995
780.5	0	10	1.5448749999999998	8.621590516376	0.3	0.179186775
781.0	0	10	1.5347499999999998	8.57811731913363	0.3	0.17891455
781.5	0	10	1.524625	8.534511628193375	0.3	0.178642325
782.0	0	10	1.5145	8.490772836927265	0.3	0.1783701
782.5	0	10	1.5043749999999998	8.44690033499838	0.3	0.17809787500000002
783.0	0	10	1.4942499999999999	8.402893508332458	0.3	0.17782565
783.5	0	10	1.4841249999999997	8.358751739089234	0.3	0.177553425
784.0	0	10	1.4739999999999998	8.314474405633534	0.3	0.1772812
784.5	0	10	1.4638749999999998	8.270060882506097	0.3	0.177008975
785.0	0	10	1.4537499999999999	8.225510540394117	0.3	0.17673675
785.5	0	10	1.443625	8.18082274610152	0.3	0.17646452499999998
786.0	0	10	1.4335	8.135996862518963	0.3	0.1761923
786.5	0	10	1.4233749999999998	8.09103224859357	0.3	0.175920075
787.0	0	10	1.41325	8.045928259298362	0.3	0.17564785
787.5	0	10	1.4031249999999997	8.000684245601406	0.3	0.17537562499999998
788.0	0	10	1.3929999999999998	7.955299554434693	0.3	0.1751034
788.5	0	10	1.3828749999999999	7.909773528662722	0.3	0.17483117499999998
789.0	0	10	1.37275	7.86410550705077	0.3	0.17455895
789.5	0	10	1.362625	7.818294824232884	0.3	0.174286725
790.0	0	10	1.3525	7.7723408106795695	0.3	0.17401450000000002
790.5	0	10	1.3423749999999999	7.726242792665169	0.3	0.17374227500000003
791.0	0	10	1.33225	7.680000092234942	0.3	0.17347005
791.5	0	10	1.3221249999999998	7.633612027171818	0.3	0.17319782499999997
792.0	0	10	1.3119999999999998	7.587077910962863	0.3	0.17292560000000004
792.5	0	10	1.301875	7.540397052765403	0.3	0.172653375
793.0	0	10	1.29175	7.493568757372834	0.3	0.17238115
793.5	0	10	1.281625	7.446592325180115	0.3	0.172108925
794.0	0	10	1.2715	7.39946705214893	0.3	0.17183669999999998
794.5	0	10	1.261375	7.352192229772509	0.3	0.171564475
795.0	0	10	1.25125	7.304767145040129	0.3	0.17129224999999998
795.5	0	10	1.2411249999999998	7.257191080401256	0.3	0.17102002500000002
796.0	0	10	1.2309999999999999	7.209463313729371	0.3	0.1707478
796.5	0	10	1.220875	7.16158311828542	0.3	0.170475575
797.0	0	10	1.21075	7.113549762680934	0.3	0.17020334999999998
797.5	0	10	1.200625	7.065362510840789	0.3	0.16993112500000002
798.0	0	10	1.1905	7.017020621965602	0.3	0.1696589
798.5	0	10	1.180375	6.968523350493775	0.3	0.169386675
799.0	0	10	1.1702499999999998	6.919869946063153	0.3	0.16911445
799.5	0	10	1.1601249999999999	6.871059653472345	0.3	0.168842225
800.0	0	10	1.15	6.822091712641632	0.3	0.16857
800.5	0	10	1.1480249999999999	6.813651577744415	0.3	0.16848895
801.0	0	10	1.14605	6.805203318846681	0.3	0.1684079
801.5	0	10	1.144075	6.7967469242132195	0.3	0.16832685
802.0	0	10	1.1421	6.788282382086209	0.3	0.1682458
802.5	0	10	1.1401249999999998	6.77980968068516	0.3	0.16816475000000003
803.0	0	10	1.13815	6.771328808206864	0.3	0.1680837
803.5	0	10	1.136175	6.762839752825327	0.3	0.16800265
804.0	0	10	1.1341999999999999	6.754342502691731	0.3	0.16792160000000003
804.5	0	10	1.1322249999999998	6.745837045934369	0.3	0.16784055
805.0	0	10	1.13025	6.737323370658591	0.3	0.1677595
805.5	0	10	1.128275	6.728801464946747	0.3	0.16767845
806.0	0	10	1.1262999999999999	6.7202713168581365	0.3	0.1675974
806.5	0	10	1.1243249999999998	6.711732914428948	0.3	0.16751635
807.0	0	10	1.12235	6.703186245672208	0.3	0.1674353
807.5	0	10	1.120375	6.6946312985777165	0.3	0.16735425
808.0	0	10	1.1183999999999998	6.686068061112	0.3	0.1672732
808.5	0	10	1.116425	6.677496521218251	0.3	0.16719214999999998
809.0	0	10	1.11445	6.668916666816268	0.3	0.16711109999999998
809.5	0	10	1.1124749999999999	6.660328485802405	0.3	0.16703004999999996
810.0	0	10	1.1104999999999998	6.651731966049511	0.3	0.166949
810.5	0	10	1.108525	6.643127095406878	0.3	0.16686795
811.0	0	10	1.10655	6.634513861700169	0.3	0.16678690000000002
811.5	0	10	1.1045749999999999	6.625892252731383	0.3	0.16670584999999996
812.0	0	10	1.1025999999999998	6.617262256278776	0.3	0.1666248
812.5	0	10	1.100625	6.608623860096822	0.3	0.16654374999999996
813.0	0	10	1.09865	6.5999770519161345	0.3	0.1664627
813.5	0	10	1.0966749999999998	6.591321819443429	0.3	0.16638165000000002
814.0	0	10	1.0947	6.582658150361454	0.3	0.1663006
814.5	0	10	1.092725	6.5739860323289285	0.3	0.16621955
815.0	0	10	1.0907499999999999	6.565305452980494	0.3	0.1661385
815.5	0	10	1.0887749999999998	6.556616399926651	0.3	0.16605745
816.0	0	10	1.0868	6.547918860753698	0.3	0.1659764
816.5	0	10	1.084825	6.539212823023671	0.3	0.16589535
817.0	0	10	1.0828499999999999	6.530498274274293	0.3	0.1658143
817.5	0	10	1.0808749999999998	6.5217752020189055	0.3	0.16573325
818.0	0	10	1.0789	6.513043593746415	0.3	0.1656522
818.5	0	10	1.076925	6.5043034369212265	0.3	0.16557115
819.0	0	10	1.0749499999999999	6.495554718983189	0.3	0.1654901
819.5	0	10	1.072975	6.486797427347536	0.3	0.16540905
820.0	0	10	1.071	6.478031549404819	0.3	0.165328
820.5	0	10	1.069025	6.469257072520854	0.3	0.16524694999999998
821.0	0	10	1.0670499999999998	6.460473984036655	0.3	0.16516590000000003
821.5	0	10	1.065075	6.451682271268381	0.3	0.16508485
822.0	0	10	1.0631	6.4428819215072615	0.3	0.1650038
822.5	0	10	1.0611249999999999	6.434072922019551	0.3	0.16492275
823.0	0	10	1.0591499999999998	6.425255260046455	0.3	0.1648417
823.5	0	10	1.057175	6.416428922804079	0.3	0.16476065
824.0	0	10	1.0552	6.407593897483355	0.3	0.16467960000000004
824.5	0	10	1.0532249999999999	6.398750171249988	0.3	0.16459855
825.0	0	10	1.05125	6.389897731244397	0.3	0.1645175
825.5	0	10	1.049275	6.3810365645816365	0.3	0.16443644999999998
826.0	0	10	1.0473	6.372166658351353	0.3	0.16435539999999998
826.5	0	10	1.0453249999999998	6.363287999617712	0.3	0.16427434999999999
827.0	0	10	1.04335	6.354400575419339	0.3	0.16419329999999996
827.5	0	10	1.041375	6.345504372769248	0.3	0.16411225
828.0	0	10	1.0393999999999999	6.3365993786547925	0.3	0.1640312
828.5	0	10	1.0374249999999998	6.32768558003759	0.3	0.16395015
829.0	0	10	1.03545	6.318762963853466	0.3	0.1638691
829.5	0	10	1.033475	6.309831517012383	0.3	0.16378804999999996
830.0	0	10	1.0314999999999999	6.300891226398382	0.3	0.163707
830.5	0	10	1.0295249999999998	6.291942078869519	0.3	0.16362595
831.0	0	10	1.02755	6.282984061257795	0.3	0.1635449
831.5	0	10	1.025575	6.274017160369096	0.3	0.16346385
832.0	0	10	1.0235999999999998	6.265041362983128	0.3	0.1633828
832.5	0	10	1.0216249999999998	6.25605665585335	0.3	0.16330174999999997
833.0	0	10	1.01965	6.247063025706911	0.3	0.1632207
833.5	0	10	1.0176749999999999	6.238060459244579	0.3	0.16313964999999997
834.0	0	10	1.0156999999999998	6.229048943140686	0.3	0.16305859999999997
834.5	0	10	1.013725	6.220028464043054	0.3	0.16297755
835.0	0	10	1.01175	6.210999008572927	0.3	0.16289650000000003
835.5	0	10	1.0097749999999999	6.201960563324917	0.3	0.16281545
836.0	0	10	1.0077999999999998	6.192913114866923	0.3	0.1627344
836.5	0	10	1.005825	6.1838566497400755	0.3	0.16265335
837.0	0	10	1.00385	6.174791154458662	0.3	0.1625723
837.5	0	10	1.0018749999999998	6.165716615510065	0.3	0.16249125
838.0	0	10	0.9998999999999999	6.156633019354695	0.3	0.1624102
838.5	0	10	0.997925	6.147540352425919	0.3	0.16232915
839.0	0	10	0.9959499999999999	6.138438601129997	0.3	0.1622481
839.5	0	10	0.9939749999999998	6.129327751846012	0.3	0.16216705
840.0	0	10	0.9919999999999999	6.120207790925804	0.3	0.162086
840.5	0	10	0.9900249999999999	6.111078704693899	0.3	0.16200495000000004
841.0	0	10	0.9880499999999999	6.1019404794474426	0.3	0.16192390000000004
841.5	0	10	0.9860749999999999	6.092793101456134	0.3	0.16184285
842.0	0	10	0.9840999999999999	6.0836365569621496	0.3	0.1617618
842.5	0	10	0.9821249999999999	6.074470832180084	0.3	0.16168074999999998
843.0	0	10	0.9801499999999999	6.065295913296868	0.3	0.16159969999999999
843.5	0	10	0.9781749999999999	6.056111786471717	0.3	0.16151864999999999
844.0	0	10	0.9762	6.046918437836044	0.3	0.1614376
844.5	0	10	0.9742249999999999	6.037715853493397	0.3	0.16135655
845.0	0	10	0.9722499999999998	6.028504019519393	0.3	0.1612755
845.5	0	10	0.9702749999999999	6.019282921961643	0.3	0.16119445
846.0	0	10	0.9682999999999999	6.010052546839679	0.3	0.1611134
846.5	0	10	0.9663249999999999	6.00081288014489	0.3	0.16103235
847.0	0	10	0.9643499999999999	5.991563907840446	0.3	0.1609513
847.5	0	10	0.9623749999999999	5.982305615861229	0.3	0.16087025000000002
848.0	0	10	0.9603999999999999	5.973037990113764	0.3	0.16078919999999997
848.5	0	10	0.9584249999999999	5.963761016476139	0.3	0.16070815
849.0	0	10	0.9564499999999999	5.954474680797947	0.3	0.1606271
849.5	0	10	0.9544749999999999	5.9451789689001995	0.3	0.16054605
850.0	0	10	0.9524999999999999	5.935873866575265	0.3	0.160465
850.5	0	10	0.950525	5.926559359586792	0.3	0.16038395
851.0	0	10	0.9485499999999999	5.917235433669633	0.3	0.1603029
851.5	0	10	0.9465749999999999	5.907902074529784	0.3	0.16022185000000003
852.0	0	10	0.9445999999999999	5.898559267844297	0.3	0.1601408
852.5	0	10	0.9426249999999999	5.889206999261213	0.3	0.16005975
853.0	0	10	0.9406499999999999	5.879845254399491	0.3	0.15997869999999997
853.5	0	10	0.9386749999999999	5.870474018848932	0.3	0.15989765
854.0	0	10	0.9366999999999999	5.8610932781701015	0.3	0.1598166
854.5	0	10	0.9347249999999999	5.851703017894263	0.3	0.15973555
855.0	0	10	0.9327499999999999	5.842303223523294	0.3	0.1596545
855.5	0	10	0.9307749999999999	5.832893880529624	0.3	0.15957345
856.0	0	10	0.9287999999999998	5.823474974356143	0.3	0.1594924
856.5	0	10	0.9268249999999999	5.814046490416146	0.3	0.15941135
857.0	0	10	0.92485	5.804608414093239	0.3	0.15933029999999998
857.5	0	10	0.9228749999999999	5.795160730741274	0.3	0.15924925
858.0	0	10	0.9208999999999999	5.785703425684275	0.3	0.1591682
858.5	0	10	0.9189249999999999	5.776236484216355	0.3	0.15908715
859.0	0	10	0.9169499999999999	5.766759891601643	0.3	0.15900609999999998
859.5	0	10	0.9149749999999999	5.757273633074207	0.3	0.15892504999999998
860.0	0	10	0.9129999999999999	5.747777693837979	0.3	0.15884399999999999
860.5	0	10	0.9110249999999999	5.738272059066677	0.3	0.15876294999999999
861.0	0	10	0.9090499999999999	5.728756713903728	0.3	0.1586819
861.5	0	10	0.9070749999999999	5.719231643462188	0.3	0.15860085
862.0	0	10	0.9050999999999999	5.709696832824669	0.3	0.1585198
862.5	0	10	0.903125	5.700152267043258	0.3	0.15843875
863.0	0	10	0.9011499999999999	5.690597931139439	0.3	0.1583577
863.5	0	10	0.899175	5.681033810104017	0.3	0.15827665
864.0	0	10	0.8971999999999999	5.671459888897036	0.3	0.1581956
864.5	0	10	0.8952249999999999	5.661876152447703	0.3	0.15811455
865.0	0	10	0.8932499999999999	5.652282585654307	0.3	0.1580335
865.5	0	10	0.8912749999999999	5.642679173384142	0.3	0.15795245
866.0	0	10	0.8892999999999999	5.633065900473422	0.3	0.1578714
866.5	0	10	0.8873249999999999	5.623442751727213	0.3	0.15779034999999997
867.0	0	10	0.8853499999999999	5.613809711919334	0.3	0.1577093
867.5	0	10	0.8833749999999999	5.604166765792299	0.3	0.15762825
868.0	0	10	0.8813999999999999	5.594513898057216	0.3	0.1575472
868.5	0	10	0.8794249999999999	5.5848510933937225	0.3	0.15746615
869.0	0	10	0.8774499999999998	5.575178336449891	0.3	0.15738510000000003
869.5	0	10	0.8754749999999999	5.565495611842161	0.3	0.15730405
870.0	0	10	0.8734999999999999	5.555802904155244	0.3	0.157223
870.5	0	10	0.8715249999999999	5.546100197942051	0.3	0.15714195
871.0	0	10	0.8695499999999999	5.536387477723609	0.3	0.1570609
871.5	0	10	0.8675749999999999	5.526664727988973	0.3	0.15697985
872.0	0	10	0.8655999999999999	5.5169319331951545	0.3	0.1568988
872.5	0	10	0.8636249999999999	5.507189077767024	0.3	0.15681775000000003
873.0	0	10	0.8616499999999999	5.497436146097244	0.3	0.15673669999999998
873.5	0	10	0.8596749999999999	5.48767312254617	0.3	0.15665565
874.0	0	10	0.8576999999999999	5.477899991441778	0.3	0.1565746
874.5	0	10	0.8557249999999998	5.468116737079578	0.3	0.15649355
875.0	0	10	0.8537499999999999	5.458323343722528	0.3	0.15641249999999998
875.5	0	10	0.851775	5.44851979560095	0.3	0.15633144999999998
876.0	0	10	0.8497999999999999	5.438706076912442	0.3	0.15625040000000004
876.5	0	10	0.8478249999999999	5.428882171821808	0.3	0.15616934999999996
877.0	0	10	0.8458499999999999	5.419048064460949	0.3	0.1560883
877.5	0	10	0.8438749999999999	5.4092037389288	0.3	0.15600725
878.0	0	10	0.8418999999999999	5.399349179291228	0.3	0.1559262
878.5	0	10	0.8399249999999999	5.389484369580959	0.3	0.15584515
879.0	0	10	0.8379499999999999	5.379609293797479	0.3	0.1557641
879.5	0	10	0.8359749999999999	5.3697239359069595	0.3	0.15568305
880.0	0	10	0.8339999999999999	5.35982827984216	0.3	0.15560200000000002
880.5	0	10	0.8320249999999999	5.349922309502353	0.3	0.15552095
881.0	0	10	0.8300499999999998	5.340006008753222	0.3	0.1554399
881.5	0	10	0.8280749999999999	5.330079361426787	0.3	0.15535885
882.0	0	10	0.8260999999999998	5.320142351321309	0.3	0.1552778
882.5	0	10	0.8241249999999999	5.310194962201205	0.3	0.15519675
883.0	0	10	0.8221499999999999	5.30023717779696	0.3	0.1551157
883.5	0	10	0.8201749999999999	5.290268981805035	0.3	0.15503464999999997
884.0	0	10	0.8181999999999999	5.280290357887781	0.3	0.15495359999999997
884.5	0	10	0.8162249999999999	5.2703012896733465	0.3	0.15487255
885.0	0	10	0.8142499999999999	5.260301760755596	0.3	0.1547915
885.5	0	10	0.8122749999999999	5.250291754694009	0.3	0.15471045
886.0	0	10	0.8102999999999999	5.2402712550135995	0.3	0.1546294
886.5	0	10	0.8083249999999998	5.230240245204817	0.3	0.15454835
887.0	0	10	0.8063499999999999	5.220198708723464	0.3	0.1544673
887.5	0	10	0.8043749999999998	5.210146628990599	0.3	0.15438625
888.0	0	10	0.8023999999999999	5.20008398939245	0.3	0.1543052
888.5	0	10	0.8004249999999999	5.190010773280319	0.3	0.15422415
889.0	0	10	0.7984499999999999	5.179926963970491	0.3	0.15414310000000003
889.5	0	10	0.7964749999999998	5.169832544744145	0.3	0.15406205
890.0	0	10	0.7944999999999999	5.15972749884726	0.3	0.153981
890.5	0	10	0.7925249999999999	5.149611809490516	0.3	0.15389995
891.0	0	10	0.7905499999999999	5.139485459849211	0.3	0.15381890000000004
891.5	0	10	0.7885749999999999	5.129348433063165	0.3	0.15373784999999998
892.0	0	10	0.7865999999999999	5.11920071223662	0.3	0.15365679999999998
892.5	0	10	0.7846249999999999	5.109042280438154	0.3	0.15357575
893.0	0	10	0.7826499999999998	5.098873120700584	0.3	0.15349469999999998
893.5	0	10	0.7806749999999999	5.088693216020869	0.3	0.15341364999999998
894.0	0	10	0.7787	5.078502549360019	0.3	0.15333259999999996
894.5	0	10	0.7767249999999999	5.068301103642997	0.3	0.15325155
895.0	0	10	0.7747499999999998	5.058088861758628	0.3	0.1531705
895.5	0	10	0.7727749999999999	5.047865806559498	0.3	0.15308945
896.0	0	10	0.7707999999999999	5.037631920861861	0.3	0.15300840000000002
896.5	0	10	0.7688249999999999	5.027387187445542	0.3	0.15292735
897.0	0	10	0.7668499999999999	5.01713158905384	0.3	0.1528463
897.5	0	10	0.7648749999999999	5.006865108393433	0.3	0.15276525
898.0	0	10	0.7628999999999999	4.99658772813428	0.3	0.15268419999999996
898.5	0	10	0.7609249999999999	4.9862994309095185	0.3	0.15260315
899.0	0	10	0.7589499999999999	4.9760001993153775	0.3	0.1525221
899.5	0	10	0.7569749999999998	4.9656900159110675	0.3	0.15244105
900.0	0	10	0.7549999999999999	4.955368863218692	0.3	0.15236
900.5	0	10	0.7530249999999999	4.945036723723141	0.3	0.15227895
901.0	0	10	0.7510499999999999	4.934693579871995	0.3	0.1521979
901.5	0	10	0.7490749999999999	4.924339414075429	0.3	0.15211685000000003
902.0	0	10	0.7470999999999999	4.913974208706106	0.3	0.1520358
902.5	0	10	0.7451249999999999	4.903597946099085	0.3	0.15195475
903.0	0	10	0.7431499999999999	4.89321060855171	0.3	0.1518737
903.5	0	10	0.7411749999999999	4.882812178323522	0.3	0.15179265
904.0	0	10	0.7391999999999999	4.872402637636146	0.3	0.1517116
904.5	0	10	0.7372249999999999	4.861981968673199	0.3	0.15163055
905.0	0	10	0.73525	4.851550153580183	0.3	0.1515495
905.5	0	10	0.7332749999999999	4.841107174464384	0.3	0.15146845
906.0	0	10	0.7313	4.830653013394773	0.3	0.15138740000000003
906.5	0	10	0.7293249999999999	4.820187652401898	0.3	0.15130635
907.0	0	10	0.7273499999999999	4.809711073477784	0.3	0.1512253
907.5	0	10	0.7253749999999999	4.79922325857583	0.3	0.15114425
908.0	0	10	0.7233999999999999	4.788724189610705	0.3	0.1510632
908.5	0	10	0.7214249999999999	4.778213848458245	0.3	0.15098214999999995
909.0	0	10	0.7194499999999999	4.767692216955343	0.3	0.1509011
909.5	0	10	0.7174749999999999	4.757159276899855	0.3	0.15082004999999998
910.0	0	10	0.7154999999999999	4.746615010050483	0.3	0.150739
910.5	0	10	0.713525	4.736059398126684	0.3	0.15065794999999998
911.0	0	10	0.7115499999999999	4.725492422808545	0.3	0.15057689999999999
911.5	0	10	0.709575	4.714914065736696	0.3	0.15049585
912.0	0	10	0.7075999999999999	4.704324308512194	0.3	0.1504148
912.5	0	10	0.705625	4.693723132696417	0.3	0.15033375
913.0	0	10	0.7036499999999999	4.683110519810958	0.3	0.1502527
913.5	0	10	0.7016749999999999	4.6724864513375195	0.3	0.15017165
914.0	0	10	0.6996999999999999	4.661850908717801	0.3	0.1500906
914.5	0	10	0.6977249999999999	4.6512038733533965	0.3	0.15000955
915.0	0	10	0.6957499999999999	4.6405453266056815	0.3	0.1499285
915.5	0	10	0.6937749999999999	4.629875249795709	0.3	0.14984745
916.0	0	10	0.6918	4.619193624204094	0.3	0.1497664
916.5	0	10	0.6898249999999999	4.608500431070909	0.3	0.14968535
917.0	0	10	0.68785	4.597795651595575	0.3	0.1496043
917.5	0	10	0.6858749999999999	4.587079266936747	0.3	0.14952325
918.0	0	10	0.6839	4.576351258212205	0.3	0.14944219999999997
918.5	0	10	0.6819249999999999	4.565611606498744	0.3	0.14936115
919.0	0	10	0.6799499999999999	4.554860292832065	0.3	0.1492801
919.5	0	10	0.677975	4.544097298206657	0.3	0.14919905
920.0	0	10	0.6759999999999999	4.533322603575691	0.3	0.14911800000000003
920.5	0	10	0.674025	4.522536189850906	0.3	0.14903695
921.0	0	10	0.6720499999999999	4.511738037902493	0.3	0.1489559
921.5	0	10	0.670075	4.5009281285589875	0.3	0.14887485
922.0	0	10	0.6680999999999999	4.490106442607151	0.3	0.1487938
922.5	0	10	0.666125	4.479272960791862	0.3	0.14871275
923.0	0	10	0.6641499999999999	4.468427663815995	0.3	0.1486317
923.5	0	10	0.662175	4.457570532340315	0.3	0.14855065000000003
924.0	0	10	0.6601999999999999	4.446701546983355	0.3	0.1484696
924.5	0	10	0.658225	4.435820688321302	0.3	0.14838855
925.0	0	10	0.65625	4.424927936887886	0.3	0.14830749999999998
925.5	0	10	0.6542749999999999	4.414023273174254	0.3	0.14822645
926.0	0	10	0.6523	4.4031066776288705	0.3	0.14814539999999998
926.5	0	10	0.6503249999999999	4.392178130657379	0.3	0.14806435
927.0	0	10	0.64835	4.381237612622506	0.3	0.14798329999999998
927.5	0	10	0.6463749999999999	4.370285103843924	0.3	0.14790224999999999
928.0	0	10	0.6444	4.35932058459815	0.3	0.14782119999999999
928.5	0	10	0.6424249999999999	4.348344035118416	0.3	0.14774015
929.0	0	10	0.64045	4.337355435594556	0.3	0.1476591
929.5	0	10	0.6384749999999999	4.326354766172883	0.3	0.14757805
930.0	0	10	0.6365	4.315342006956073	0.3	0.147497
930.5	0	10	0.634525	4.304317138003046	0.3	0.14741595
931.0	0	10	0.63255	4.293280139328835	0.3	0.1473349
931.5	0	10	0.630575	4.282230990904482	0.3	0.14725385000000002
932.0	0	10	0.6285999999999999	4.271169672656904	0.3	0.1471728
932.5	0	10	0.626625	4.260096164468775	0.3	0.14709175
933.0	0	10	0.6246499999999999	4.249010446178407	0.3	0.1470107
933.5	0	10	0.622675	4.237912497579624	0.3	0.14692965
934.0	0	10	0.6207	4.2268022984216405	0.3	0.14684859999999997
934.5	0	10	0.618725	4.215679828408937	0.3	0.14676754999999997
935.0	0	10	0.6167499999999999	4.204545067201139	0.3	0.1466865
935.5	0	10	0.614775	4.193397994412895	0.3	0.14660545
936.0	0	10	0.6128	4.1822385896137435	0.3	0.1465244
936.5	0	10	0.610825	4.171066832327996	0.3	0.14644335
937.0	0	10	0.60885	4.159882702034609	0.3	0.1463623
937.5	0	10	0.6068749999999999	4.148686178167058	0.3	0.14628125
938.0	0	10	0.6049	4.137477240113214	0.3	0.14620020000000003
938.5	0	10	0.6029249999999999	4.126255867215214	0.3	0.14611915
939.0	0	10	0.60095	4.115022038769335	0.3	0.1460381
939.5	0	10	0.598975	4.103775734025866	0.3	0.14595705
940.0	0	10	0.597	4.092516932188982	0.3	0.145876
940.5	0	10	0.5950249999999999	4.081245612416616	0.3	0.14579495
941.0	0	10	0.59305	4.069961753820328	0.3	0.1457139
941.5	0	10	0.591075	4.058665335465178	0.3	0.14563285000000004
942.0	0	10	0.5891	4.047356336369594	0.3	0.1455518
942.5	0	10	0.587125	4.036034735505249	0.3	0.14547074999999998
943.0	0	10	0.58515	4.024700511796915	0.3	0.1453897
943.5	0	10	0.583175	4.013353644122357	0.3	0.14530864999999998
944.0	0	10	0.5811999999999999	4.001994111312174	0.3	0.1452276
944.5	0	10	0.579225	3.990621892149693	0.3	0.14514654999999999
945.0	0	10	0.57725	3.979236965370816	0.3	0.1450655
945.5	0	10	0.575275	3.9678393096638986	0.3	0.14498444999999996
946.0	0	10	0.5733	3.9564289036696176	0.3	0.14490340000000002
946.5	0	10	0.571325	3.945005725980831	0.3	0.14482235000000002
947.0	0	10	0.56935	3.933569755142451	0.3	0.1447413
947.5	0	10	0.567375	3.9221209696513037	0.3	0.14466025
948.0	0	10	0.5654	3.9106593479559995	0.3	0.1445792
948.5	0	10	0.5634250000000001	3.899184868456794	0.3	0.14449815
949.0	0	10	0.56145	3.8876975095054536	0.3	0.1444171
949.5	0	10	0.559475	3.876197249405121	0.3	0.14433604999999997
950.0	0	10	0.5575	3.8646840664101765	0.3	0.14425500000000002
950.5	0	10	0.555525	3.8531579387261017	0.3	0.14417395
951.0	0	10	0.55355	3.8416188445093407	0.3	0.1440929
951.5	0	10	0.551575	3.830066761867166	0.3	0.14401185
952.0	0	10	0.5496	3.818501668857534	0.3	0.1439308
952.5	0	10	0.547625	3.8069235434889532	0.3	0.14384975
953.0	0	10	0.54565	3.7953323637203367	0.3	0.1437687
953.5	0	10	0.543675	3.783728107460871	0.3	0.14368765
954.0	0	10	0.5417	3.772110752569868	0.3	0.14360659999999997
954.5	0	10	0.539725	3.7604802768566294	0.3	0.14352555
955.0	0	10	0.53775	3.7488366580803025	0.3	0.1434445
955.5	0	10	0.535775	3.737179873949741	0.3	0.14336345000000003
956.0	0	10	0.5337999999999999	3.725509902123359	0.3	0.1432824
956.5	0	10	0.531825	3.713826720208992	0.3	0.14320135
957.0	0	10	0.52985	3.702130305763753	0.3	0.14312029999999998
957.5	0	10	0.527875	3.6904206362938843	0.3	0.14303925
958.0	0	10	0.5259	3.6786976892546215	0.3	0.14295819999999998
958.5	0	10	0.523925	3.6669614420500407	0.3	0.14287714999999998
959.0	0	10	0.52195	3.6552118720329205	0.3	0.14279609999999998
959.5	0	10	0.519975	3.643448956504587	0.3	0.14271505
960.0	0	10	0.518	3.6316726727147812	0.3	0.14263399999999998
960.5	0	10	0.516025	3.6198829978614957	0.3	0.14255295
961.0	0	10	0.51405	3.6080799090908457	0.3	0.14247189999999998
961.5	0	10	0.512075	3.596263383496903	0.3	0.14239084999999996
962.0	0	10	0.5101	3.5844333981215635	0.3	0.14230979999999996
962.5	0	10	0.5081249999999999	3.5725899299543866	0.3	0.14222875
963.0	0	10	0.50615	3.5607329559324565	0.3	0.1421477
963.5	0	10	0.504175	3.548862452940223	0.3	0.14206664999999996
964.0	0	10	0.5022	3.5369783978093556	0.3	0.1419856
964.5	0	10	0.500225	3.5250807673185958	0.3	0.14190455000000002
965.0	0	10	0.49824999999999997	3.5131695381936	0.3	0.1418235
965.5	0	10	0.49627499999999997	3.5012446871067913	0.3	0.14174245
966.0	0	10	0.49429999999999996	3.489306190677206	0.3	0.1416614
966.5	0	10	0.492325	3.477354025470343	0.3	0.14158035
967.0	0	10	0.49035	3.4653881679980043	0.3	0.1414993
967.5	0	10	0.488375	3.45340859471815	0.3	0.14141825
968.0	0	10	0.4864	3.441415282034737	0.3	0.1413372
968.5	0	10	0.484425	3.4294082062975666	0.3	0.14125615
969.0	0	10	0.48245	3.4173873438021296	0.3	0.14117509999999997
969.5	0	10	0.480475	3.4053526707894486	0.3	0.14109405
970.0	0	10	0.4785	3.393304163445923	0.3	0.14101300000000003
970.5	0	10	0.476525	3.381241797903172	0.3	0.14093195
971.0	0	10	0.47454999999999997	3.3691655502378755	0.3	0.1408509
971.5	0	10	0.47257499999999997	3.3570753964716165	0.3	0.14076985
972.0	0	10	0.4706	3.3449713125707237	0.3	0.1406888
972.5	0	10	0.46862499999999996	3.3328532744461095	0.3	0.14060775
973.0	0	10	0.46665	3.320721257953115	0.3	0.1405267
973.5	0	10	0.464675	3.3085752388913434	0.3	0.14044565
974.0	0	10	0.4627	3.296415193004504	0.3	0.1403646
974.5	0	10	0.460725	3.2842410959802484	0.3	0.14028355
975.0	0	10	0.45875	3.2720529234500098	0.3	0.14020249999999998
975.5	0	10	0.456775	3.259850650988839	0.3	0.14012144999999998
976.0	0	10	0.4548	3.2476342541152405	0.3	0.1400404
976.5	0	10	0.452825	3.2354037082910145	0.3	0.13995934999999998
977.0	0	10	0.45085	3.223158988921083	0.3	0.1398783
977.5	0	10	0.44887499999999997	3.210900071353335	0.3	0.13979725
978.0	0	10	0.44689999999999996	3.198626930878452	0.3	0.13971619999999998
978.5	0	10	0.444925	3.1863395427297503	0.3	0.13963514999999999
979.0	0	10	0.44294999999999995	3.174037882083006	0.3	0.1395541
979.5	0	10	0.440975	3.1617219240562964	0.3	0.13947305
980.0	0	10	0.439	3.149391643709826	0.3	0.13939199999999996
980.5	0	10	0.437025	3.1370470160457598	0.3	0.13931095
981.0	0	10	0.43505	3.124688016008056	0.3	0.1392299
981.5	0	10	0.433075	3.1123146184822943	0.3	0.13914885000000002
982.0	0	10	0.4311	3.099926798295508	0.3	0.1390678
982.5	0	10	0.429125	3.08752453021601	0.3	0.13898675
983.0	0	10	0.42715	3.075107788953225	0.3	0.1389057
983.5	0	10	0.42517499999999997	3.062676549157516	0.3	0.13882465000000002
984.0	0	10	0.4232	3.0502307854200126	0.3	0.1387436
984.5	0	10	0.42122499999999996	3.0377704722724337	0.3	0.13866255
985.0	0	10	0.41925	3.0252955841869227	0.3	0.1385815
985.5	0	10	0.41727499999999995	3.0128060955758627	0.3	0.13850045
986.0	0	10	0.4153	3.00030198079171	0.3	0.1384194
986.5	0	10	0.41332499999999994	2.9877832141268126	0.3	0.13833835
987.0	0	10	0.41135	2.9752497698132396	0.3	0.1382573
987.5	0	10	0.409375	2.962701622022598	0.3	0.13817625
988.0	0	10	0.4074	2.9501387448658605	0.3	0.1380952
988.5	0	10	0.405425	2.9375611123931855	0.3	0.13801415
989.0	0	10	0.40345	2.924968698593738	0.3	0.1379331
989.5	0	10	0.40147499999999997	2.9123614773955118	0.3	0.13785205
990.0	0	10	0.39949999999999997	2.8997394226651467	0.3	0.137771
990.5	0	10	0.397525	2.8871025082077524	0.3	0.13768995
991.0	0	10	0.39554999999999996	2.874450707766721	0.3	0.1376089
991.5	0	10	0.393575	2.8617839950235533	0.3	0.13752785
992.0	0	10	0.39159999999999995	2.8491023435976683	0.3	0.13744679999999998
992.5	0	10	0.389625	2.836405727046225	0.3	0.13736575
993.0	0	10	0.38764999999999994	2.8236941188639375	0.3	0.13728469999999998
993.5	0	10	0.385675	2.8109674924828894	0.3	0.13720365
994.0	0	10	0.3837	2.7982258212723505	0.3	0.13712259999999998
994.5	0	10	0.381725	2.785469078538589	0.3	0.13704155
995.0	0	10	0.37975	2.772697237524688	0.3	0.13696049999999999
995.5	0	10	0.37777499999999997	2.7599102714103543	0.3	0.13687944999999999
996.0	0	10	0.37579999999999997	2.7471081533117347	0.3	0.1367984
996.5	0	10	0.37382499999999996	2.7342908562812256	0.3	0.13671735
997.0	0	10	0.37185	2.721458353307284	0.3	0.1366363
997.5	0	10	0.36987499999999995	2.7086106173142372	0.3	0.13655525
998.0	0	10	0.3679	2.6957476211620954	0.3	0.1364742
998.5	0	10	0.36592499999999994	2.682869337646355	0.3	0.13639315
999.0	0	10	0.36395	2.6699757394978145	0.3	0.13631209999999996
999.5	0	10	0.36197499999999994	2.6570667993823727	0.3	0.13623105
1000.0	0	10	0.36	2.6441424899008448	0.3	0.13615
1000.5	0	10	0.3594275	2.642119767667089	0.3	0.13603755
1001.0	0	10	0.358855	2.6400936986619836	0.3	0.1359251
1001.5	0	10	0.3582825	2.6380642745723613	0.3	0.13581265
1002.0	0	10	0.35771	2.636031487057499	0.3	0.1357002
1002.5	0	10	0.3571375	2.6339953277490036	0.3	0.13558775
1003.0	0	10	0.35656499999999997	2.6319557882506994	0.3	0.1354753
1003.5	0	10	0.3559925	2.629912860138509	0.3	0.13536285
1004.0	0	10	0.35541999999999996	2.62786653496034	0.3	0.1352504
1004.5	0	10	0.3548475	2.6258168042359675	0.3	0.13513795
1005.0	0	10	0.354275	2.623763659456918	0.3	0.1350255
1005.5	0	10	0.3537025	2.6217070920863472	0.3	0.13491305
1006.0	0	10	0.35313	2.619647093558931	0.3	0.1348006
1006.5	0	10	0.35255749999999997	2.617583655280735	0.3	0.13468815
1007.0	0	10	0.351985	2.615516768629106	0.3	0.13457570000000002
1007.5	0	10	0.35141249999999996	2.613446424952542	0.3	0.13446325000000003
1008.0	0	10	0.35084	2.611372615570581	0.3	0.1343508
1008.5	0	10	0.3502675	2.60929533177367	0.3	0.13423835
1009.0	0	10	0.349695	2.6072145648230505	0.3	0.1341259
1009.5	0	10	0.3491225	2.605130305950634	0.3	0.13401345
1010.0	0	10	0.34854999999999997	2.603042546358877	0.3	0.133901
1010.5	0	10	0.3479775	2.6009512772206587	0.3	0.13378855000000003
1011.0	0	10	0.34740499999999996	2.5988564896791573	0.3	0.1336761
1011.5	0	10	0.3468325	2.5967581748477224	0.3	0.13356365
1012.0	0	10	0.34625999999999996	2.594656323809752	0.3	0.1334512
1012.5	0	10	0.3456875	2.592550927618565	0.3	0.13333875
1013.0	0	10	0.345115	2.5904419772972758	0.3	0.1332263
1013.5	0	10	0.3445425	2.588329463838661	0.3	0.13311385
1014.0	0	10	0.34397	2.5862133782050414	0.3	0.1330014
1014.5	0	10	0.34339749999999997	2.5840937113281424	0.3	0.13288895
1015.0	0	10	0.342825	2.5819704541089727	0.3	0.1327765
1015.5	0	10	0.34225249999999996	2.579843597417687	0.3	0.13266405
1016.0	0	10	0.34168	2.577713132093464	0.3	0.1325516
1016.5	0	10	0.3411075	2.5755790489443644	0.3	0.13243915
1017.0	0	10	0.340535	2.5734413387472066	0.3	0.1323267
1017.5	0	10	0.3399625	2.5712999922474316	0.3	0.13221425
1018.0	0	10	0.33938999999999997	2.5691550001589682	0.3	0.1321018
1018.5	0	10	0.3388175	2.5670063531641	0.3	0.13198935
1019.0	0	10	0.33824499999999996	2.5648540419133297	0.3	0.1318769
1019.5	0	10	0.3376725	2.5626980570252447	0.3	0.13176445
1020.0	0	10	0.33709999999999996	2.560538389086379	0.3	0.131652
1020.5	0	10	0.3365275	2.5583750286510782	0.3	0.13153955
1021.0	0	10	0.335955	2.5562079662413613	0.3	0.1314271
1021.5	0	10	0.3353825	2.554037192346779	0.3	0.13131465
1022.0	0	10	0.33481	2.5518626974242813	0.3	0.1312022
1022.5	0	10	0.33423749999999997	2.5496844718980696	0.3	0.13108975
1023.0	0	10	0.333665	2.5475025061594643	0.3	0.1309773
1023.5	0	10	0.33309249999999996	2.545316790566756	0.3	0.13086484999999998
1024.0	0	10	0.33252	2.54312731544507	0.3	0.1307524
1024.5	0	10	0.33194749999999995	2.540934071086218	0.3	0.13063995
1025.0	0	10	0.331375	2.5387370477485587	0.3	0.1305275
1025.5	0	10	0.3308025	2.536536235656851	0.3	0.13041505
1026.0	0	10	0.33022999999999997	2.5343316250021104	0.3	0.1303026
1026.5	0	10	0.3296575	2.5321232059414633	0.3	0.13019015
1027.0	0	10	0.32908499999999996	2.5299109685979992	0.3	0.1300777
1027.5	0	10	0.3285125	2.5276949030606257	0.3	0.12996525
1028.0	0	10	0.32793999999999995	2.525474999383918	0.3	0.12985279999999996
1028.5	0	10	0.3273675	2.5232512475879707	0.3	0.12974035
1029.0	0	10	0.32679499999999995	2.5210236376582507	0.3	0.1296279
1029.5	0	10	0.32622249999999997	2.518792159545444	0.3	0.12951545
1030.0	0	10	0.32565	2.5165568031653054	0.3	0.129403
1030.5	0	10	0.32507749999999996	2.514317558398506	0.3	0.12929055
1031.0	0	10	0.324505	2.512074415090484	0.3	0.12917809999999996
1031.5	0	10	0.32393249999999996	2.5098273630512837	0.3	0.12906565000000003
1032.0	0	10	0.32336	2.5075763920554124	0.3	0.1289532
1032.5	0	10	0.32278749999999995	2.505321491841672	0.3	0.12884075
1033.0	0	10	0.322215	2.5030626521130164	0.3	0.1287283
1033.5	0	10	0.32164249999999994	2.500799862536382	0.3	0.12861585
1034.0	0	10	0.32106999999999997	2.498533112742542	0.3	0.1285034
1034.5	0	10	0.3204975	2.4962623923259386	0.3	0.12839095
1035.0	0	10	0.31992499999999996	2.4939876908445298	0.3	0.1282785
1035.5	0	10	0.3193525	2.491708997819625	0.3	0.12816605
1036.0	0	10	0.31877999999999995	2.4894263027357293	0.3	0.1280536
1036.5	0	10	0.3182075	2.4871395950403756	0.3	0.12794115
1037.0	0	10	0.317635	2.484848864143968	0.3	0.1278287
1037.5	0	10	0.31706249999999997	2.4825540994196116	0.3	0.12771625
1038.0	0	10	0.31649	2.4802552902029564	0.3	0.1276038
1038.5	0	10	0.31591749999999996	2.477952425792024	0.3	0.12749135
1039.0	0	10	0.315345	2.4756454954470484	0.3	0.1273789
1039.5	0	10	0.31477249999999996	2.473334488390302	0.3	0.12726645
1040.0	0	10	0.3142	2.471019393805936	0.3	0.12715400000000002
1040.5	0	10	0.31362749999999995	2.4687002008398036	0.3	0.12704155
1041.0	0	10	0.31305499999999997	2.4663768985992967	0.3	0.1269291
1041.5	0	10	0.3124825	2.464049476153171	0.3	0.12681665
1042.0	0	10	0.31190999999999997	2.4617179225313763	0.3	0.1267042
1042.5	0	10	0.3113375	2.4593822267248853	0.3	0.12659175
1043.0	0	10	0.31076499999999996	2.4570423776855184	0.3	0.1264793
1043.5	0	10	0.3101925	2.4546983643257705	0.3	0.12636685
1044.0	0	10	0.30961999999999995	2.452350175518635	0.3	0.1262544
1044.5	0	10	0.3090475	2.44999780009743	0.3	0.12614195
1045.0	0	10	0.30847499999999994	2.447641226855617	0.3	0.1260295
1045.5	0	10	0.30790249999999997	2.445280444546628	0.3	0.12591705
1046.0	0	10	0.30733	2.442915441883683	0.3	0.1258046
1046.5	0	10	0.30675749999999996	2.440546207539611	0.3	0.12569215000000003
1047.0	0	10	0.306185	2.438172730146672	0.3	0.1255797
1047.5	0	10	0.30561249999999995	2.435794998296368	0.3	0.12546725
1048.0	0	10	0.30504	2.4334130005392693	0.3	0.1253548
1048.5	0	10	0.30446749999999995	2.4310267253848235	0.3	0.12524235
1049.0	0	10	0.30389499999999997	2.428636161301176	0.3	0.1251299
1049.5	0	10	0.30332249999999994	2.426241296714978	0.3	0.12501745
1050.0	0	10	0.30274999999999996	2.4238421200112086	0.3	0.12490499999999999
1050.5	0	10	0.3021775	2.4214386195329767	0.3	0.12479255000000002
1051.0	0	10	0.30160499999999996	2.4190307835813414	0.3	0.12468009999999999
1051.5	0	10	0.3010325	2.4166186004151156	0.3	0.12456765
1052.0	0	10	0.30045999999999995	2.41420205825068	0.3	0.12445519999999997
1052.5	0	10	0.2998875	2.411781145261786	0.3	0.12434275000000002
1053.0	0	10	0.29931499999999994	2.4093558495793697	0.3	0.12423029999999999
1053.5	0	10	0.29874249999999997	2.4069261592913507	0.3	0.12411785
1054.0	0	10	0.29817	2.404492062442442	0.3	0.12400539999999999
1054.5	0	10	0.29759749999999996	2.402053547033951	0.3	0.12389295
1055.0	0	10	0.297025	2.399610601023586	0.3	0.12378049999999999
1055.5	0	10	0.29645249999999995	2.3971632123252524	0.3	0.12366805
1056.0	0	10	0.29588	2.3947113688088604	0.3	0.12355559999999997
1056.5	0	10	0.29530749999999995	2.392255058300116	0.3	0.12344314999999999
1057.0	0	10	0.29473499999999997	2.3897942685803293	0.3	0.12333069999999999
1057.5	0	10	0.2941625	2.3873289873862027	0.3	0.12321825000000002
1058.0	0	10	0.29358999999999996	2.3848592024096344	0.3	0.12310579999999999
1058.5	0	10	0.2930175	2.382384901297509	0.3	0.12299335
1059.0	0	10	0.29244499999999995	2.3799060716514933	0.3	0.12288089999999999
1059.5	0	10	0.2918725	2.377422701027829	0.3	0.12276845000000002
1060.0	0	10	0.29129999999999995	2.3749347769371245	0.3	0.122656
1060.5	0	10	0.29072749999999997	2.372442286844146	0.3	0.12254355
1061.0	0	10	0.290155	2.369945218167606	0.3	0.12243109999999999
1061.5	0	10	0.28958249999999996	2.3674435582799513	0.3	0.12231864999999999
1062.0	0	10	0.28901	2.3649372945071527	0.3	0.12220619999999999
1062.5	0	10	0.28843749999999996	2.3624264141284868	0.3	0.12209375000000001
1063.0	0	10	0.287865	2.3599109043763264	0.3	0.1219813
1063.5	0	10	0.28729249999999995	2.3573907524359172	0.3	0.12186885000000001
1064.0	0	10	0.28672	2.3548659454451673	0.3	0.1217564
1064.5	0	10	0.2861475	2.3523364704944223	0.3	0.12164395000000001
1065.0	0	10	0.28557499999999997	2.349802314626249	0.3	0.12153149999999999
1065.5	0	10	0.2850025	2.3472634648352133	0.3	0.12141904999999999
1066.0	0	10	0.28442999999999996	2.344719908067656	0.3	0.1213066
1066.5	0	10	0.2838575	2.3421716312214738	0.3	0.12119415
1067.0	0	10	0.28328499999999995	2.339618621145887	0.3	0.12108170000000001
1067.5	0	10	0.2827125	2.3370608646412205	0.3	0.12096925000000001
1068.0	0	10	0.28213999999999995	2.334498348458671	0.3	0.12085680000000001
1068.5	0	10	0.28156749999999997	2.331931059300083	0.3	0.12074434999999999
1069.0	0	10	0.280995	2.329358983817713	0.3	0.12063190000000001
1069.5	0	10	0.28042249999999996	2.3267821086140037	0.3	0.12051945
1070.0	0	10	0.27985	2.324200420241348	0.3	0.12040699999999999
1070.5	0	10	0.27927749999999996	2.3216139052018563	0.3	0.12029455
1071.0	0	10	0.278705	2.3190225499471215	0.3	0.1201821
1071.5	0	10	0.2781325	2.316426340877982	0.3	0.12006965
1072.0	0	10	0.27756	2.3138252643442825	0.3	0.1199572
1072.5	0	10	0.2769875	2.311219306644638	0.3	0.11984475
1073.0	0	10	0.27641499999999997	2.30860845402619	0.3	0.11973229999999999
1073.5	0	10	0.2758425	2.305992692684366	0.3	0.11961985000000001
1074.0	0	10	0.27526999999999996	2.303372008762637	0.3	0.1195074
1074.5	0	10	0.2746975	2.300746388352271	0.3	0.11939495
1075.0	0	10	0.27412499999999995	2.298115817492088	0.3	0.11928249999999999
1075.5	0	10	0.2735525	2.2954802821682123	0.3	0.11917005
1076.0	0	10	0.27298	2.2928397683138244	0.3	0.1190576
1076.5	0	10	0.27240749999999997	2.2901942618089093	0.3	0.11894514999999999
1077.0	0	10	0.271835	2.287543748480006	0.3	0.1188327
1077.5	0	10	0.27126249999999996	2.2848882140999534	0.3	0.11872024999999999
1078.0	0	10	0.27069	2.2822276443876373	0.3	0.11860779999999999
1078.5	0	10	0.2701175	2.2795620250077326	0.3	0.11849534999999999
1079.0	0	10	0.269545	2.276891341570446	0.3	0.1183829
1079.5	0	10	0.2689725	2.2742155796312606	0.3	0.11827044999999999
1080.0	0	10	0.26839999999999997	2.2715347246906683	0.3	0.118158
1080.5	0	10	0.2678275	2.2688487621939157	0.3	0.11804555000000001
1081.0	0	10	0.26725499999999996	2.2661576775307353	0.3	0.11793310000000001
1081.5	0	10	0.2666825	2.263461456035084	0.3	0.11782065
1082.0	0	10	0.26610999999999996	2.2607600829848726	0.3	0.11770819999999999
1082.5	0	10	0.2655375	2.258053543601703	0.3	0.11759575
1083.0	0	10	0.264965	2.2553418230505953	0.3	0.11748330000000001
1083.5	0	10	0.2643925	2.252624906439716	0.3	0.11737085000000001
1084.0	0	10	0.26382	2.2499027788201102	0.3	0.1172584
1084.5	0	10	0.26324749999999997	2.24717542518542	0.3	0.11714595
1085.0	0	10	0.262675	2.244442830471617	0.3	0.1170335
1085.5	0	10	0.2621025	2.2417049795567183	0.3	0.11692104999999998
1086.0	0	10	0.26153	2.23896185726051	0.3	0.1168086
1086.5	0	10	0.2609575	2.2362134483442686	0.3	0.11669614999999998
1087.0	0	10	0.260385	2.233459737510475	0.3	0.11658369999999998
1087.5	0	10	0.2598125	2.230700709402535	0.3	0.11647125
1088.0	0	10	0.25923999999999997	2.2279363486044885	0.3	0.11635880000000001
1088.5	0	10	0.2586675	2.2251666396407286	0.3	0.11624634999999998
1089.0	0	10	0.25809499999999996	2.2223915669757064	0.3	0.11613389999999998
1089.5	0	10	0.2575225	2.219611115013646	0.3	0.11602145
1090.0	0	10	0.25695	2.2168252680982494	0.3	0.11590900000000001
1090.5	0	10	0.2563775	2.214034010512403	0.3	0.11579655
1091.0	0	10	0.255805	2.2112373264778826	0.3	0.1156841
1091.5	0	10	0.2552325	2.2084352001550553	0.3	0.11557164999999998
1092.0	0	10	0.25466	2.205627615642582	0.3	0.11545919999999998
1092.5	0	10	0.2540875	2.2028145569771147	0.3	0.11534675000000001
1093.0	0	10	0.253515	2.1999960081329952	0.3	0.11523429999999998
1093.5	0	10	0.2529425	2.1971719530219502	0.3	0.11512185000000001
1094.0	0	10	0.25237	2.1943423754927855	0.3	0.1150094
1094.5	0	10	0.2517975	2.191507259331079	0.3	0.11489695
1095.0	0	10	0.251225	2.1886665882588674	0.3	0.1147845
1095.5	0	10	0.2506525	2.185820345934341	0.3	0.11467205
1096.0	0	10	0.25007999999999997	2.1829685159515217	0.3	0.11455960000000001
1096.5	0	10	0.2495075	2.1801110818399585	0.3	0.11444715
1097.0	0	10	0.248935	2.1772480270643997	0.3	0.11433469999999998
1097.5	0	10	0.24836249999999999	2.1743793350244807	0.3	0.11422225
1098.0	0	10	0.24779	2.171504989054402	0.3	0.11410980000000001
1098.5	0	10	0.2472175	2.1686249724226045	0.3	0.11399735
1099.0	0	10	0.246645	2.165739268331447	0.3	0.11388489999999998
1099.5	0	10	0.2460725	2.162847859916878	0.3	0.11377245
1100.0	0	10	0.2455	2.1599507302481085	0.3	0.11366
1100.5	0	10	0.2449275	2.1570478623272806	0.3	0.11354755
1101.0	0	10	0.244355	2.1541392390891354	0.3	0.11343510000000001
1101.5	0	10	0.24378249999999999	2.151224843400679	0.3	0.11332265000000001
1102.0	0	10	0.24321	2.1483046580608463	0.3	0.1132102
1102.5	0	10	0.2426375	2.14537866580016	0.3	0.11309774999999998
1103.0	0	10	0.242065	2.142446849280393	0.3	0.1129853
1103.5	0	10	0.2414925	2.139509191094227	0.3	0.11287285
1104.0	0	10	0.24092	2.1365656737649035	0.3	0.1127604
1104.5	0	10	0.2403475	2.1336162797458806	0.3	0.11264795
1105.0	0	10	0.239775	2.130660991420485	0.3	0.1125355
1105.5	0	10	0.23920249999999998	2.127699791101558	0.3	0.11242305
1106.0	0	10	0.23863	2.124732661031105	0.3	0.1123106
1106.5	0	10	0.2380575	2.12175958337994	0.3	0.11219815000000001
1107.0	0	10	0.237485	2.1187805402473288	0.3	0.1120857
1107.5	0	10	0.2369125	2.115795513660629	0.3	0.11197325
1108.0	0	10	0.23634	2.112804485574929	0.3	0.1118608
1108.5	0	10	0.2357675	2.1098074378726843	0.3	0.11174835
1109.0	0	10	0.235195	2.1068043523633526	0.3	0.1116359
1109.5	0	10	0.23462249999999998	2.103795210783024	0.3	0.11152344999999998
1110.0	0	10	0.23405	2.100779994794051	0.3	0.111411
1110.5	0	10	0.2334775	2.097758685984678	0.3	0.11129855
1111.0	0	10	0.232905	2.094731265868665	0.3	0.1111861
1111.5	0	10	0.2323325	2.091697715884911	0.3	0.11107364999999998
1112.0	0	10	0.23176	2.0886580173970724	0.3	0.11096119999999998
1112.5	0	10	0.2311875	2.0856121516931854	0.3	0.11084875000000001
1113.0	0	10	0.230615	2.0825600999852805	0.3	0.11073629999999998
1113.5	0	10	0.23004249999999998	2.0795018434089934	0.3	0.11062385000000001
1114.0	0	10	0.22947	2.0764373630231816	0.3	0.11051139999999998
1114.5	0	10	0.2288975	2.073366639809527	0.3	0.11039895
1115.0	0	10	0.228325	2.0702896546721496	0.3	0.11028649999999998
1115.5	0	10	0.2277525	2.0672063884372047	0.3	0.11017404999999998
1116.0	0	10	0.22718	2.06411682185249	0.3	0.1100616
1116.5	0	10	0.2266075	2.0610209355870417	0.3	0.10994915
1117.0	0	10	0.22603499999999999	2.0579187102307333	0.3	0.1098367
1117.5	0	10	0.2254625	2.0548101262938685	0.3	0.10972425000000001
1118.0	0	10	0.22489	2.0516951642067736	0.3	0.1096118
1118.5	0	10	0.2243175	2.0485738043193864	0.3	0.10949935000000001
1119.0	0	10	0.223745	2.0454460269008448	0.3	0.1093869
1119.5	0	10	0.2231725	2.042311812139068	0.3	0.10927445
1120.0	0	10	0.2226	2.039171140140342	0.3	0.10916199999999998
1120.5	0	10	0.2220275	2.036023990928894	0.3	0.10904955
1121.0	0	10	0.22145499999999999	2.032870344446474	0.3	0.1089371
1121.5	0	10	0.22088249999999998	2.0297101805519246	0.3	0.10882465
1122.0	0	10	0.22031	2.026543479020754	0.3	0.1087122
1122.5	0	10	0.2197375	2.0233702195447045	0.3	0.10859974999999998
1123.0	0	10	0.219165	2.020190381731318	0.3	0.1084873
1123.5	0	10	0.2185925	2.0170039451035	0.3	0.10837485
1124.0	0	10	0.21802	2.013810889099078	0.3	0.1082624
1124.5	0	10	0.2174475	2.010611193070362	0.3	0.10814995
1125.0	0	10	0.21687499999999998	2.0074048362836976	0.3	0.1080375
1125.5	0	10	0.2163025	2.004191797919019	0.3	0.10792505000000001
1126.0	0	10	0.21573	2.0009720570693963	0.3	0.10781260000000001
1126.5	0	10	0.2151575	1.9977455927405858	0.3	0.10770015
1127.0	0	10	0.214585	1.9945123838505703	0.3	0.1075877
1127.5	0	10	0.2140125	1.9912724092291016	0.3	0.10747525
1128.0	0	10	0.21344	1.988025647617238	0.3	0.1073628
1128.5	0	10	0.2128675	1.9847720776668794	0.3	0.10725034999999998
1129.0	0	10	0.212295	1.9815116779402995	0.3	0.1071379
1129.5	0	10	0.21172249999999998	1.9782444269096742	0.3	0.10702545
1130.0	0	10	0.21115	1.9749703029566097	0.3	0.106913
1130.5	0	10	0.2105775	1.971689284371663	0.3	0.10680055000000001
1131.0	0	10	0.210005	1.9684013493538643	0.3	0.1066881
1131.5	0	10	0.2094325	1.9651064760102332	0.3	0.10657565
1132.0	0	10	0.20886	1.9618046423552928	0.3	0.10646319999999998
1132.5	0	10	0.20828750000000001	1.958495826310581	0.3	0.10635075
1133.0	0	10	0.20771499999999998	1.9551800057041575	0.3	0.10623829999999998
1133.5	0	10	0.2071425	1.9518571582701105	0.3	0.10612585000000001
1134.0	0	10	0.20657	1.948527261648056	0.3	0.10601339999999998
1134.5	0	10	0.2059975	1.9451902933826375	0.3	0.10590094999999998
1135.0	0	10	0.205425	1.941846230923021	0.3	0.1057885
1135.5	0	10	0.2048525	1.9384950516223876	0.3	0.10567605000000001
1136.0	0	10	0.20428	1.935136732737421	0.3	0.1055636
1136.5	0	10	0.20370749999999999	1.9317712514277938	0.3	0.10545115
1137.0	0	10	0.203135	1.9283985847556504	0.3	0.10533869999999998
1137.5	0	10	0.2025625	1.9250187096850835	0.3	0.10522625
1138.0	0	10	0.20199	1.9216316030816127	0.3	0.1051138
1138.5	0	10	0.2014175	1.9182372417116542	0.3	0.10500135000000001
1139.0	0	10	0.200845	1.914835602241991	0.3	0.10488890000000001
1139.5	0	10	0.2002725	1.9114266612392385	0.3	0.10477645
1140.0	0	10	0.1997	1.9080103951693035	0.3	0.10466400000000002
1140.5	0	10	0.1991275	1.9045867803968475	0.3	0.10455155000000001
1141.0	0	10	0.19855499999999998	1.901155793184736	0.3	0.10443909999999999
1141.5	0	10	0.1979825	1.8977174096934966	0.3	0.10432665
1142.0	0	10	0.19741	1.8942716059807587	0.3	0.10421420000000002
1142.5	0	10	0.1968375	1.890818358000706	0.3	0.10410174999999999
1143.0	0	10	0.196265	1.887357641603511	0.3	0.1039893
1143.5	0	10	0.1956925	1.8838894325347757	0.3	0.10387684999999998
1144.0	0	10	0.19512	1.880413706434962	0.3	0.10376440000000002
1144.5	0	10	0.19454749999999998	1.8769304388388255	0.3	0.10365194999999999
1145.0	0	10	0.193975	1.8734396051748365	0.3	0.1035395
1145.5	0	10	0.1934025	1.8699411807646067	0.3	0.10342704999999999
1146.0	0	10	0.19283	1.8664351408223039	0.3	0.1033146
1146.5	0	10	0.1922575	1.86292146045407	0.3	0.10320214999999999
1147.0	0	10	0.191685	1.8594001146574293	0.3	0.1030897
1147.5	0	10	0.1911125	1.855871078320697	0.3	0.10297724999999999
1148.0	0	10	0.19054	1.852334326222381	0.3	0.1028648
1148.5	0	10	0.1899675	1.848789833030583	0.3	0.10275235
1149.0	0	10	0.189395	1.8452375733023902	0.3	0.1026399
1149.5	0	10	0.1888225	1.8416775214832712	0.3	0.10252744999999999
1150.0	0	10	0.18825	1.8381096519064588	0.3	0.102415
1150.5	0	10	0.1876775	1.8345339387923372	0.3	0.10230254999999999
1151.0	0	10	0.187105	1.8309503562478164	0.3	0.1021901
1151.5	0	10	0.1865325	1.8273588782657124	0.3	0.10207764999999999
1152.0	0	10	0.18596000000000001	1.8237594787241138	0.3	0.10196519999999999
1152.5	0	10	0.1853875	1.8201521313857507	0.3	0.10185274999999999
1153.0	0	10	0.184815	1.8165368098973562	0.3	0.1017403
1153.5	0	10	0.1842425	1.8129134877890265	0.3	0.10162784999999999
1154.0	0	10	0.18367	1.8092821384735713	0.3	0.1015154
1154.5	0	10	0.1830975	1.8056427352458682	0.3	0.10140294999999999
1155.0	0	10	0.182525	1.801995251282203	0.3	0.10129049999999999
1155.5	0	10	0.1819525	1.7983396596396155	0.3	0.10117804999999999
1156.0	0	10	0.18138	1.7946759332552322	0.3	0.1010656
1156.5	0	10	0.1808075	1.7910040449456013	0.3	0.10095314999999999
1157.0	0	10	0.180235	1.7873239674060175	0.3	0.1008407
1157.5	0	10	0.1796625	1.7836356732098495	0.3	0.10072824999999998
1158.0	0	10	0.17909	1.779939134807853	0.3	0.1006158
1158.5	0	10	0.1785175	1.776234324527491	0.3	0.10050334999999999
1159.0	0	10	0.177945	1.7725212145722369	0.3	0.10039090000000002
1159.5	0	10	0.1773725	1.7687997770208854	0.3	0.10027844999999999
1160.0	0	10	0.1768	1.7650699838268475	0.3	0.100166
1160.5	0	10	0.1762275	1.7613318068174495	0.3	0.10005354999999999
1161.0	0	10	0.175655	1.7575852176932212	0.3	0.09994110000000002
1161.5	0	10	0.1750825	1.7538301880271847	0.3	0.09982865
1162.0	0	10	0.17451	1.7500666892641314	0.3	0.0997162
1162.5	0	10	0.1739375	1.7462946927199028	0.3	0.09960374999999998
1163.0	0	10	0.173365	1.7425141695806565	0.3	0.0994913
1163.5	0	10	0.17279250000000002	1.738725090902139	0.3	0.09937884999999999
1164.0	0	10	0.17222	1.7349274276089393	0.3	0.09926639999999999
1164.5	0	10	0.1716475	1.7311211504937527	0.3	0.09915394999999999
1165.0	0	10	0.171075	1.7273062302166264	0.3	0.0990415
1165.5	0	10	0.1705025	1.7234826373042096	0.3	0.09892904999999999
1166.0	0	10	0.16993	1.719650342148991	0.3	0.0988166
1166.5	0	10	0.1693575	1.7158093150085383	0.3	0.09870414999999999
1167.0	0	10	0.168785	1.7119595260047245	0.3	0.09859169999999999
1167.5	0	10	0.1682125	1.7081009451229574	0.3	0.09847925
1168.0	0	10	0.16764	1.7042335422113966	0.3	0.0983668
1168.5	0	10	0.1670675	1.7003572869801695	0.3	0.09825434999999999
1169.0	0	10	0.166495	1.6964721490005796	0.3	0.0981419
1169.5	0	10	0.1659225	1.6925780977043126	0.3	0.09802944999999999
1170.0	0	10	0.16535	1.68867510238263	0.3	0.097917
1170.5	0	10	0.1647775	1.684763132185568	0.3	0.09780455
1171.0	0	10	0.164205	1.680842156121119	0.3	0.09769210000000002
1171.5	0	10	0.16363250000000001	1.6769121430544178	0.3	0.09757964999999999
1172.0	0	10	0.16306	1.6729730617069127	0.3	0.09746719999999999
1172.5	0	10	0.1624875	1.669024880655541	0.3	0.09735474999999999
1173.0	0	10	0.161915	1.6650675683318885	0.3	0.0972423
1173.5	0	10	0.1613425	1.6611010930213526	0.3	0.09712984999999998
1174.0	0	10	0.16077	1.6571254228622905	0.3	0.0970174
1174.5	0	10	0.1601975	1.653140525845171	0.3	0.09690494999999999
1175.0	0	10	0.15962500000000002	1.6491463698117108	0.3	0.09679249999999999
1175.5	0	10	0.1590525	1.6451429224540124	0.3	0.09668004999999999
1176.0	0	10	0.15848	1.641130151313691	0.3	0.0965676
1176.5	0	10	0.1579075	1.637108023781001	0.3	0.09645514999999999
1177.0	0	10	0.157335	1.6330765070939468	0.3	0.0963427
1177.5	0	10	0.1567625	1.6290355683373994	0.3	0.09623024999999998
1178.0	0	10	0.15619	1.6249851744421948	0.3	0.0961178
1178.5	0	10	0.1556175	1.6209252921842376	0.3	0.09600534999999999
1179.0	0	10	0.155045	1.616855888183588	0.3	0.0958929
1179.5	0	10	0.1544725	1.6127769289035498	0.3	0.09578045
1180.0	0	10	0.1539	1.6086883806497472	0.3	0.095668
1180.5	0	10	0.1533275	1.6045902095691982	0.3	0.09555555
1181.0	0	10	0.152755	1.6004823816493805	0.3	0.0954431
1181.5	0	10	0.1521825	1.5963648627172897	0.3	0.09533065
1182.0	0	10	0.15161	1.5922376184384917	0.3	0.0952182
1182.5	0	10	0.1510375	1.588100614316169	0.3	0.09510575
1183.0	0	10	0.15046500000000002	1.5839538156901594	0.3	0.0949933
1183.5	0	10	0.1498925	1.5797971877359869	0.3	0.09488085
1184.0	0	10	0.14932	1.5756306954638888	0.3	0.09476840000000002
1184.5	0	10	0.1487475	1.5714543037178328	0.3	0.09465595000000002
1185.0	0	10	0.148175	1.5672679771745281	0.3	0.0945435
1185.5	0	10	0.1476025	1.5630716803424296	0.3	0.09443105
1186.0	0	10	0.14703	1.5588653775607355	0.3	0.0943186
1186.5	0	10	0.14645750000000002	1.5546490329983766	0.3	0.09420615
1187.0	0	10	0.145885	1.550422610652998	0.3	0.0940937
1187.5	0	10	0.1453125	1.546186074349937	0.3	0.09398125
1188.0	0	10	0.14474	1.5419393877411878	0.3	0.0938688
1188.5	0	10	0.1441675	1.5376825143043644	0.3	0.09375635
1189.0	0	10	0.143595	1.5334154173416528	0.3	0.0936439
1189.5	0	10	0.1430225	1.5291380599787558	0.3	0.09353144999999999
1190.0	0	10	0.14245	1.5248504051638316	0.3	0.093419
1190.5	0	10	0.1418775	1.520552415666424	0.3	0.09330655
1191.0	0	10	0.14130500000000001	1.5162440540763849	0.3	0.09319409999999999
1191.5	0	10	0.1407325	1.5119252828027867	0.3	0.09308164999999999
1192.0	0	10	0.14016	1.5075960640728328	0.3	0.0929692
1192.5	0	10	0.1395875	1.5032563599307536	0.3	0.09285675
1193.0	0	10	0.139015	1.498906132236698	0.3	0.0927443
1193.5	0	10	0.1384425	1.4945453426656166	0.3	0.09263185
1194.0	0	10	0.13787	1.490173952706135	0.3	0.0925194
1194.5	0	10	0.13729750000000002	1.485791923659422	0.3	0.09240695
1195.0	0	10	0.13672499999999999	1.4813992166380443	0.3	0.0922945
1195.5	0	10	0.1361525	1.4769957925648216	0.3	0.09218205
1196.0	0	10	0.13558	1.4725816121716615	0.3	0.0920696
1196.5	0	10	0.1350075	1.468156635998397	0.3	0.09195715
1197.0	0	10	0.134435	1.4637208243916089	0.3	0.09184469999999999
1197.5	0	10	0.1338625	1.4592741375034406	0.3	0.09173225000000002
1198.0	0	10	0.13329000000000002	1.4548165352904068	0.3	0.0916198
1198.5	0	10	0.1327175	1.4503479775121888	0.3	0.09150735
1199.0	0	10	0.132145	1.4458684237304271	0.3	0.0913949
1199.5	0	10	0.1315725	1.4413778333074978	0.3	0.09128245
1200.0	0	10	0.131	1.4368761654052868	0.3	0.09117
1200.5	0	10	0.1308075	1.4361690739601134	0.3	0.09108085
1201.0	0	10	0.130615	1.4354605969555467	0.3	0.0909917
1201.5	0	10	0.1304225	1.4347507303150462	0.3	0.09090255
1202.0	0	10	0.13023	1.4340394699460652	0.3	0.0908134
1202.5	0	10	0.1300375	1.4333268117399702	0.3	0.09072425
1203.0	0	10	0.12984500000000002	1.4326127515719629	0.3	0.0906351
1203.5	0	10	0.1296525	1.4318972853009992	0.3	0.09054595
1204.0	0	10	0.12946	1.4311804087697109	0.3	0.0904568
1204.5	0	10	0.1292675	1.4304621178043249	0.3	0.09036765000000001
1205.0	0	10	0.129075	1.4297424082145804	0.3	0.0902785
1205.5	0	10	0.1288825	1.4290212757936498	0.3	0.09018935
1206.0	0	10	0.12869	1.4282987163180547	0.3	0.0901002
1206.5	0	10	0.12849750000000001	1.4275747255475857	0.3	0.09001105000000001
1207.0	0	10	0.128305	1.4268492992252166	0.3	0.0899219
1207.5	0	10	0.12811250000000002	1.426122433077024	0.3	0.08983275
1208.0	0	10	0.12792	1.4253941228121003	0.3	0.08974359999999999
1208.5	0	10	0.1277275	1.4246643641224723	0.3	0.08965445
1209.0	0	10	0.127535	1.4239331526830146	0.3	0.0895653
1209.5	0	10	0.1273425	1.4232004841513632	0.3	0.08947615
1210.0	0	10	0.12715	1.4224663541678322	0.3	0.089387
1210.5	0	10	0.1269575	1.4217307583553245	0.3	0.08929785
1211.0	0	10	0.12676500000000002	1.420993692319247	0.3	0.0892087
1211.5	0	10	0.1265725	1.4202551516474218	0.3	0.08911955000000002
1212.0	0	10	0.12638	1.4195151319099992	0.3	0.0890304
1212.5	0	10	0.1261875	1.418773628659368	0.3	0.08894124999999999
1213.0	0	10	0.125995	1.4180306374300662	0.3	0.0888521
1213.5	0	10	0.1258025	1.4172861537386938	0.3	0.08876295000000001
1214.0	0	10	0.12561	1.4165401730838196	0.3	0.0886738
1214.5	0	10	0.12541750000000002	1.415792690945892	0.3	0.08858465
1215.0	0	10	0.125225	1.4150437027871474	0.3	0.08849549999999999
1215.5	0	10	0.1250325	1.4142932040515188	0.3	0.08840635
1216.0	0	10	0.12484	1.4135411901645434	0.3	0.0883172
1216.5	0	10	0.12464750000000001	1.4127876565332682	0.3	0.08822804999999999
1217.0	0	10	0.12445500000000001	1.4120325985461584	0.3	0.08813890000000002
1217.5	0	10	0.1242625	1.4112760115730028	0.3	0.08804975000000001
1218.0	0	10	0.12407	1.4105178909648184	0.3	0.0879606
1218.5	0	10	0.1238775	1.4097582320537558	0.3	0.08787145
1219.0	0	10	0.123685	1.4089970301530035	0.3	0.08778230000000001
1219.5	0	10	0.1234925	1.4082342805566912	0.3	0.08769315
1220.0	0	10	0.1233	1.4074699785397928	0.3	0.087604
1220.5	0	10	0.12310750000000001	1.406704119358029	0.3	0.08751485
1221.0	0	10	0.122915	1.4059366982477692	0.3	0.0874257
1221.5	0	10	0.1227225	1.4051677104259328	0.3	0.08733655
1222.0	0	10	0.12253	1.4043971510898892	0.3	0.0872474
1222.5	0	10	0.1223375	1.4036250154173586	0.3	0.08715825
1223.0	0	10	0.122145	1.4028512985663113	0.3	0.0870691
1223.5	0	10	0.1219525	1.4020759956748654	0.3	0.08697995
1224.0	0	10	0.12176000000000001	1.4012991018611867	0.3	0.0868908
1224.5	0	10	0.12156750000000001	1.4005206122233853	0.3	0.08680165
1225.0	0	10	0.12137500000000001	1.399740521839412	0.3	0.08671249999999998
1225.5	0	10	0.1211825	1.3989588257669554	0.3	0.08662334999999999
1226.0	0	10	0.12099	1.3981755190433376	0.3	0.0865342
1226.5	0	10	0.1207975	1.397390596685409	0.3	0.08644505
1227.0	0	10	0.120605	1.396604053689441	0.3	0.0863559
1227.5	0	10	0.1204125	1.395815885031023	0.3	0.08626675
1228.0	0	10	0.12022000000000001	1.3950260856649526	0.3	0.0861776
1228.5	0	10	0.12002750000000001	1.3942346505251286	0.3	0.08608845
1229.0	0	10	0.119835	1.3934415745244437	0.3	0.0859993
1229.5	0	10	0.1196425	1.3926468525546747	0.3	0.08591015
1230.0	0	10	0.11945	1.3918504794863729	0.3	0.085821
1230.5	0	10	0.1192575	1.391052450168753	0.3	0.08573185
1231.0	0	10	0.119065	1.3902527594295837	0.3	0.0856427
1231.5	0	10	0.1188725	1.3894514020750746	0.3	0.08555355
1232.0	0	10	0.11868000000000001	1.3886483728897647	0.3	0.08546440000000001
1232.5	0	10	0.1184875	1.387843666636408	0.3	0.08537525
1233.0	0	10	0.118295	1.3870372780558613	0.3	0.0852861
1233.5	0	10	0.1181025	1.3862292018669684	0.3	0.08519694999999998
1234.0	0	10	0.11791	1.3854194327664444	0.3	0.08510780000000001
1234.5	0	10	0.1177175	1.3846079654287617	0.3	0.08501865
1235.0	0	10	0.117525	1.3837947945060314	0.3	0.0849295
1235.5	0	10	0.1173325	1.3829799146278865	0.3	0.08484035
1236.0	0	10	0.11714000000000001	1.3821633204013632	0.3	0.08475119999999998
1236.5	0	10	0.11694750000000001	1.3813450064107826	0.3	0.08466205
1237.0	0	10	0.116755	1.380524967217631	0.3	0.0845729
1237.5	0	10	0.1165625	1.3797031973604392	0.3	0.08448375
1238.0	0	10	0.11637	1.3788796913546602	0.3	0.0843946
1238.5	0	10	0.1161775	1.3780544436925488	0.3	0.08430545
1239.0	0	10	0.115985	1.377227448843039	0.3	0.0842163
1239.5	0	10	0.1157925	1.3763987012516175	0.3	0.08412715
1240.0	0	10	0.11560000000000001	1.3755681953402032	0.3	0.084038
1240.5	0	10	0.1154075	1.37473592550702	0.3	0.08394885
1241.0	0	10	0.115215	1.373901886126471	0.3	0.0838597
1241.5	0	10	0.1150225	1.373066071549011	0.3	0.08377055
1242.0	0	10	0.11483	1.3722284761010213	0.3	0.0836814
1242.5	0	10	0.1146375	1.371389094084679	0.3	0.08359224999999999
1243.0	0	10	0.114445	1.3705479197778287	0.3	0.08350309999999998
1243.5	0	10	0.1142525	1.3697049474338525	0.3	0.08341395
1244.0	0	10	0.11406	1.3688601712815391	0.3	0.0833248
1244.5	0	10	0.1138675	1.3680135855249524	0.3	0.08323564999999998
1245.0	0	10	0.113675	1.3671651843432977	0.3	0.0831465
1245.5	0	10	0.1134825	1.36631496189079	0.3	0.08305735
1246.0	0	10	0.11329	1.3654629122965183	0.3	0.0829682
1246.5	0	10	0.1130975	1.364609029664312	0.3	0.08287905000000001
1247.0	0	10	0.112905	1.3637533080726032	0.3	0.0827899
1247.5	0	10	0.1127125	1.3628957415742904	0.3	0.08270074999999999
1248.0	0	10	0.11252000000000001	1.3620363241966018	0.3	0.08261160000000002
1248.5	0	10	0.1123275	1.3611750499409554	0.3	0.08252245
1249.0	0	10	0.112135	1.3603119127828196	0.3	0.0824333
1249.5	0	10	0.1119425	1.3594469066715729	0.3	0.08234415
1250.0	0	10	0.11175	1.358580025530363	0.3	0.082255
1250.5	0	10	0.1115575	1.3577112632559634	0.3	0.08216585000000001
1251.0	0	10	0.111365	1.3568406137186315	0.3	0.0820767
1251.5	0	10	0.11117250000000001	1.3559680707619635	0.3	0.08198754999999999
1252.0	0	10	0.11098	1.3550936282027488	0.3	0.0818984
1252.5	0	10	0.1107875	1.3542172798308258	0.3	0.08180925000000001
1253.0	0	10	0.110595	1.3533390194089336	0.3	0.0817201
1253.5	0	10	0.1104025	1.3524588406725637	0.3	0.08163095
1254.0	0	10	0.11021	1.3515767373298113	0.3	0.0815418
1254.5	0	10	0.1100175	1.3506927030612264	0.3	0.08145265
1255.0	0	10	0.109825	1.3498067315196618	0.3	0.0813635
1255.5	0	10	0.10963250000000001	1.3489188163301216	0.3	0.08127435
1256.0	0	10	0.10944	1.3480289510896075	0.3	0.0811852
1256.5	0	10	0.1092475	1.3471371293669667	0.3	0.08109605
1257.0	0	10	0.109055	1.3462433447027353	0.3	0.08100689999999999
1257.5	0	10	0.1088625	1.3453475906089827	0.3	0.08091774999999998
1258.0	0	10	0.10867	1.344449860569155	0.3	0.0808286
1258.5	0	10	0.1084775	1.343550148037917	0.3	0.08073945
1259.0	0	10	0.108285	1.342648446440993	0.3	0.0806503
1259.5	0	10	0.10809250000000001	1.3417447491750056	0.3	0.08056115000000001
1260.0	0	10	0.1079	1.3408390496073168	0.3	0.080472
1260.5	0	10	0.1077075	1.3399313410758638	0.3	0.08038285
1261.0	0	10	0.107515	1.3390216168889963	0.3	0.0802937
1261.5	0	10	0.1073225	1.338109870325312	0.3	0.08020455
1262.0	0	10	0.10713	1.337196094633491	0.3	0.0801154
1262.5	0	10	0.1069375	1.3362802830321303	0.3	0.08002625
1263.0	0	10	0.106745	1.3353624287095731	0.3	0.0799371
1263.5	0	10	0.1065525	1.334442524823743	0.3	0.07984795
1264.0	0	10	0.10636	1.3335205645019734	0.3	0.0797588
1264.5	0	10	0.1061675	1.3325965408408347	0.3	0.07966965
1265.0	0	10	0.105975	1.3316704469059633	0.3	0.07958049999999998
1265.5	0	10	0.1057825	1.3307422757318879	0.3	0.07949135
1266.0	0	10	0.10559	1.329812020321855	0.3	0.07940219999999999
1266.5	0	10	0.1053975	1.3288796736476534	0.3	0.07931304999999998
1267.0	0	10	0.105205	1.3279452286494353	0.3	0.0792239
1267.5	0	10	0.1050125	1.3270086782355413	0.3	0.07913474999999999
1268.0	0	10	0.10482	1.3260700152823182	0.3	0.07904559999999998
1268.5	0	10	0.1046275	1.3251292326339394	0.3	0.07895645
1269.0	0	10	0.104435	1.3241863231022235	0.3	0.07886730000000002
1269.5	0	10	0.1042425	1.323241279466451	0.3	0.07877815
1270.0	0	10	0.10405	1.3222940944731794	0.3	0.078689
1270.5	0	10	0.1038575	1.3213447608360576	0.3	0.07859985
1271.0	0	10	0.10366500000000001	1.3203932712356405	0.3	0.0785107
1271.5	0	10	0.1034725	1.319439618319199	0.3	0.07842155
1272.0	0	10	0.10328	1.3184837947005326	0.3	0.07833240000000001
1272.5	0	10	0.1030875	1.3175257929597761	0.3	0.07824325
1273.0	0	10	0.102895	1.31656560564321	0.3	0.0781541
1273.5	0	10	0.1027025	1.3156032252630663	0.3	0.07806495
1274.0	0	10	0.10251	1.3146386442973335	0.3	0.0779758
1274.5	0	10	0.1023175	1.3136718551895608	0.3	0.07788665
1275.0	0	10	0.102125	1.3127028503486617	0.3	0.07779749999999999
1275.5	0	10	0.1019325	1.3117316221487139	0.3	0.07770835
1276.0	0	10	0.10174	1.31075816292876	0.3	0.0776192
1276.5	0	10	0.1015475	1.309782464992606	0.3	0.07753005
1277.0	0	10	0.101355	1.308804520608619	0.3	0.07744090000000001
1277.5	0	10	0.1011625	1.3078243220095216	0.3	0.07735174999999998
1278.0	0	10	0.10097	1.3068418613921873	0.3	0.07726259999999999
1278.5	0	10	0.10077749999999999	1.3058571309174332	0.3	0.07717345
1279.0	0	10	0.100585	1.3048701227098125	0.3	0.0770843
1279.5	0	10	0.1003925	1.303880828857402	0.3	0.07699515
1280.0	0	10	0.1002	1.3028892414115933	0.3	0.076906
1280.5	0	10	0.1000075	1.3018953523868788	0.3	0.07681684999999999
1281.0	0	10	0.099815	1.3008991537606367	0.3	0.0767277
1281.5	0	10	0.0996225	1.2999006374729167	0.3	0.07663855
1282.0	0	10	0.09943	1.2988997954262216	0.3	0.0765494
1282.5	0	10	0.0992375	1.2978966194852883	0.3	0.07646025
1283.0	0	10	0.099045	1.2968911014768676	0.3	0.0763711
1283.5	0	10	0.0988525	1.2958832331895027	0.3	0.07628195000000002
1284.0	0	10	0.09866	1.2948730063733056	0.3	0.07619279999999999
1284.5	0	10	0.0984675	1.2938604127397306	0.3	0.07610365
1285.0	0	10	0.098275	1.2928454439613495	0.3	0.0760145
1285.5	0	10	0.0980825	1.2918280916716223	0.3	0.07592535
1286.0	0	10	0.09789	1.2908083474646674	0.3	0.07583619999999999
1286.5	0	10	0.09769749999999999	1.2897862028950302	0.3	0.07574705
1287.0	0	10	0.097505	1.2887616494774503	0.3	0.0756579
1287.5	0	10	0.0973125	1.2877346786866264	0.3	0.07556875
1288.0	0	10	0.09712	1.286705281956979	0.3	0.07547960000000001
1288.5	0	10	0.0969275	1.2856734506824141	0.3	0.07539045
1289.0	0	10	0.096735	1.2846391762160811	0.3	0.07530130000000002
1289.5	0	10	0.0965425	1.283602449870134	0.3	0.07521215
1290.0	0	10	0.09634999999999999	1.2825632629154853	0.3	0.075123
1290.5	0	10	0.09615749999999999	1.2815216065815627	0.3	0.07503385000000001
1291.0	0	10	0.095965	1.2804774720560625	0.3	0.0749447
1291.5	0	10	0.0957725	1.2794308504847003	0.3	0.07485554999999999
1292.0	0	10	0.09558	1.2783817329709604	0.3	0.07476639999999998
1292.5	0	10	0.0953875	1.2773301105758448	0.3	0.07467724999999999
1293.0	0	10	0.095195	1.2762759743176193	0.3	0.07458809999999998
1293.5	0	10	0.09500249999999999	1.275219315171556	0.3	0.07449895
1294.0	0	10	0.09481	1.2741601240696792	0.3	0.0744098
1294.5	0	10	0.0946175	1.2730983919005012	0.3	0.07432065
1295.0	0	10	0.094425	1.2720341095087664	0.3	0.0742315
1295.5	0	10	0.0942325	1.2709672676951838	0.3	0.07414234999999998
1296.0	0	10	0.09404	1.2698978572161634	0.3	0.0740532
1296.5	0	10	0.0938475	1.268825868783551	0.3	0.07396405
1297.0	0	10	0.093655	1.2677512930643562	0.3	0.0738749
1297.5	0	10	0.0934625	1.266674120680484	0.3	0.07378575
1298.0	0	10	0.09326999999999999	1.26559434220846	0.3	0.0736966
1298.5	0	10	0.0930775	1.2645119481791585	0.3	0.07360745
1299.0	0	10	0.092885	1.2634269290775222	0.3	0.0735183
1299.5	0	10	0.0926925	1.2623392753422857	0.3	0.07342915
1300.0	0	10	0.0925	1.261248977365694	0.3	0.07334
1300.5	0	10	0.0923075	1.2601560254932194	0.3	0.07325085
1301.0	0	10	0.092115	1.2590604100232774	0.3	0.07316169999999998
1301.5	0	10	0.0919225	1.2579621212069376	0.3	0.07307254999999999
1302.0	0	10	0.09172999999999999	1.256861149247637	0.3	0.0729834
1302.5	0	10	0.0915375	1.2557574843008878	0.3	0.07289425000000001
1303.0	0	10	0.091345	1.2546511164739833	0.3	0.0728051
1303.5	0	10	0.0911525	1.2535420358257026	0.3	0.07271595
1304.0	0	10	0.09096	1.2524302323660137	0.3	0.07262679999999999
1304.5	0	10	0.0907675	1.2513156960557725	0.3	0.07253765
1305.0	0	10	0.090575	1.250198416806421	0.3	0.07244850000000001
1305.5	0	10	0.09038249999999999	1.2490783844796836	0.3	0.07235935
1306.0	0	10	0.09018999999999999	1.2479555888872589	0.3	0.0722702
1306.5	0	10	0.0899975	1.246830019790513	0.3	0.07218105
1307.0	0	10	0.089805	1.2457016669001648	0.3	0.0720919
1307.5	0	10	0.0896125	1.2445705198759769	0.3	0.07200275
1308.0	0	10	0.08942	1.2434365683264363	0.3	0.0719136
1308.5	0	10	0.0892275	1.2422998018084372	0.3	0.07182445
1309.0	0	10	0.08903499999999999	1.241160209826961	0.3	0.0717353
1309.5	0	10	0.08884249999999999	1.240017781834753	0.3	0.07164615
1310.0	0	10	0.08864999999999999	1.2388725072319968	0.3	0.071557
1310.5	0	10	0.0884575	1.2377243753659861	0.3	0.07146785
1311.0	0	10	0.088265	1.2365733755307955	0.3	0.0713787
1311.5	0	10	0.0880725	1.2354194969669468	0.3	0.07128955000000001
1312.0	0	10	0.08788	1.234262728861074	0.3	0.0712004
1312.5	0	10	0.0876875	1.2331030603455853	0.3	0.07111125
1313.0	0	10	0.08749499999999999	1.2319404804983236	0.3	0.0710221
1313.5	0	10	0.08730249999999999	1.230774978342223	0.3	0.07093295
1314.0	0	10	0.08710999999999999	1.2296065428449632	0.3	0.0708438
1314.5	0	10	0.0869175	1.2284351629186208	0.3	0.07075465
1315.0	0	10	0.086725	1.2272608274193206	0.3	0.0706655
1315.5	0	10	0.0865325	1.22608352514688	0.3	0.07057635
1316.0	0	10	0.08634	1.2249032448444541	0.3	0.07048719999999999
1316.5	0	10	0.08614749999999999	1.2237199751981767	0.3	0.07039804999999999
1317.0	0	10	0.08595499999999999	1.2225337048367988	0.3	0.07030889999999998
1317.5	0	10	0.08576249999999999	1.2213444223313241	0.3	0.07021975
1318.0	0	10	0.08557	1.2201521161946425	0.3	0.0701306
1318.5	0	10	0.0853775	1.2189567748811594	0.3	0.07004145000000002
1319.0	0	10	0.085185	1.2177583867864246	0.3	0.0699523
1319.5	0	10	0.0849925	1.2165569402467538	0.3	0.06986315
1320.0	0	10	0.08479999999999999	1.2153524235388538	0.3	0.069774
1320.5	0	10	0.08460749999999999	1.2141448248794393	0.3	0.06968484999999999
1321.0	0	10	0.08441499999999999	1.212934132424848	0.3	0.0695957
1321.5	0	10	0.08422249999999999	1.2117203342706548	0.3	0.06950655
1322.0	0	10	0.08403	1.2105034184512817	0.3	0.06941739999999999
1322.5	0	10	0.0838375	1.2092833729396026	0.3	0.06932825
1323.0	0	10	0.083645	1.2080601856465494	0.3	0.0692391
1323.5	0	10	0.08345249999999999	1.2068338444207116	0.3	0.06914995
1324.0	0	10	0.08325999999999999	1.2056043370479343	0.3	0.0690608
1324.5	0	10	0.08306749999999999	1.2043716512509124	0.3	0.06897165
1325.0	0	10	0.08287499999999999	1.2031357746887814	0.3	0.0688825
1325.5	0	10	0.08268249999999999	1.2018966949567071	0.3	0.06879335
1326.0	0	10	0.08249	1.2006543995854693	0.3	0.06870419999999999
1326.5	0	10	0.0822975	1.1994088760410435	0.3	0.06861505
1327.0	0	10	0.08210499999999998	1.19816011172418	0.3	0.0685259
1327.5	0	10	0.08191249999999999	1.1969080939699794	0.3	0.06843674999999999
1328.0	0	10	0.08171999999999999	1.1956528100474633	0.3	0.0683476
1328.5	0	10	0.08152749999999999	1.1943942471591429	0.3	0.06825844999999998
1329.0	0	10	0.08133499999999999	1.1931323924405852	0.3	0.0681693
1329.5	0	10	0.08114249999999999	1.1918672329599742	0.3	0.06808015
1330.0	0	10	0.08095	1.1905987557176685	0.3	0.067991
1330.5	0	10	0.08075749999999998	1.189326947645756	0.3	0.06790185
1331.0	0	10	0.08056499999999998	1.188051795607607	0.3	0.0678127
1331.5	0	10	0.08037249999999999	1.18677328639742	0.3	0.06772355
1332.0	0	10	0.08017999999999999	1.1854914067397655	0.3	0.0676344
1332.5	0	10	0.07998749999999999	1.1842061432891282	0.3	0.06754525
1333.0	0	10	0.07979499999999999	1.1829174826294435	0.3	0.06745609999999999
1333.5	0	10	0.07960249999999999	1.1816254112736289	0.3	0.06736695000000001
1334.0	0	10	0.07940999999999998	1.180329915663116	0.3	0.0672778
1334.5	0	10	0.07921749999999998	1.1790309821673748	0.3	0.06718865
1335.0	0	10	0.07902499999999998	1.1777285970834355	0.3	0.0670995
1335.5	0	10	0.07883249999999999	1.1764227466354076	0.3	0.06701035
1336.0	0	10	0.07863999999999999	1.1751134169739932	0.3	0.0669212
1336.5	0	10	0.07844749999999999	1.1738005941759977	0.3	0.06683205
1337.0	0	10	0.07825499999999999	1.1724842642438371	0.3	0.0667429
1337.5	0	10	0.07806249999999998	1.171164413105039	0.3	0.06665374999999998
1338.0	0	10	0.07786999999999998	1.1698410266117423	0.3	0.0665646
1338.5	0	10	0.07767749999999998	1.1685140905401918	0.3	0.06647544999999999
1339.0	0	10	0.07748499999999998	1.167183590590227	0.3	0.0663863
1339.5	0	10	0.07729249999999999	1.1658495123847705	0.3	0.06629715
1340.0	0	10	0.07709999999999999	1.1645118414693088	0.3	0.06620799999999999
1340.5	0	10	0.07690749999999999	1.1631705633113703	0.3	0.06611885
1341.0	0	10	0.07671499999999998	1.1618256632999995	0.3	0.0660297
1341.5	0	10	0.07652249999999998	1.160477126745227	0.3	0.06594055
1342.0	0	10	0.07632999999999998	1.159124938877533	0.3	0.0658514
1342.5	0	10	0.07613749999999998	1.1577690848473097	0.3	0.06576225
1343.0	0	10	0.07594499999999998	1.156409549724316	0.3	0.0656731
1343.5	0	10	0.07575249999999999	1.155046318497132	0.3	0.06558395
1344.0	0	10	0.07555999999999999	1.1536793760726043	0.3	0.06549479999999999
1344.5	0	10	0.07536749999999998	1.1523087072752887	0.3	0.06540565
1345.0	0	10	0.07517499999999998	1.1509342968468914	0.3	0.0653165
1345.5	0	10	0.07498249999999998	1.1495561294457002	0.3	0.06522734999999999
1346.0	0	10	0.07478999999999998	1.148174189646014	0.3	0.0651382
1346.5	0	10	0.07459749999999998	1.1467884619375683	0.3	0.06504905
1347.0	0	10	0.07440499999999999	1.1453989307249546	0.3	0.0649599
1347.5	0	10	0.07421249999999999	1.1440055803270346	0.3	0.06487075
1348.0	0	10	0.07401999999999997	1.142608394976351	0.3	0.0647816
1348.5	0	10	0.07382749999999998	1.1412073588185325	0.3	0.06469245
1349.0	0	10	0.07363499999999998	1.1398024559116946	0.3	0.0646033
1349.5	0	10	0.07344249999999998	1.138393670225834	0.3	0.06451414999999999
1350.0	0	10	0.07324999999999998	1.1369809856422195	0.3	0.06442499999999998
1350.5	0	10	0.07305749999999998	1.1355643859527773	0.3	0.06433585
1351.0	0	10	0.07286499999999999	1.1341438548594713	0.3	0.06424669999999999
1351.5	0	10	0.07267249999999999	1.1327193759736771	0.3	0.06415755
1352.0	0	10	0.07247999999999999	1.1312909328155532	0.3	0.0640684
1352.5	0	10	0.07228749999999998	1.1298585088134039	0.3	0.06397925
1353.0	0	10	0.07209499999999998	1.1284220873030402	0.3	0.0638901
1353.5	0	10	0.07190249999999998	1.1269816515271323	0.3	0.06380095
1354.0	0	10	0.07170999999999998	1.1255371846345572	0.3	0.0637118
1354.5	0	10	0.07151749999999998	1.1240886696797443	0.3	0.06362265
1355.0	0	10	0.07132499999999999	1.1226360896220104	0.3	0.06353349999999999
1355.5	0	10	0.07113249999999999	1.1211794273248916	0.3	0.06344435
1356.0	0	10	0.07093999999999999	1.1197186655554712	0.3	0.0633552
1356.5	0	10	0.07074749999999999	1.1182537869836982	0.3	0.06326604999999999
1357.0	0	10	0.07055499999999998	1.1167847741817023	0.3	0.0631769
1357.5	0	10	0.07036249999999998	1.1153116096231042	0.3	0.06308775
1358.0	0	10	0.07016999999999998	1.1138342756823165	0.3	0.0629986
1358.5	0	10	0.06997749999999998	1.1123527546338423	0.3	0.06290945000000002
1359.0	0	10	0.06978499999999999	1.1108670286515663	0.3	0.0628203
1359.5	0	10	0.06959249999999999	1.1093770798080378	0.3	0.06273115
1360.0	0	10	0.06939999999999999	1.1078828900737523	0.3	0.062642
1360.5	0	10	0.06920749999999999	1.1063844413164228	0.3	0.06255285
1361.0	0	10	0.06901499999999998	1.1048817153002461	0.3	0.06246369999999999
1361.5	0	10	0.06882249999999998	1.1033746936851645	0.3	0.06237455
1362.0	0	10	0.06862999999999998	1.1018633580261183	0.3	0.06228539999999999
1362.5	0	10	0.06843749999999998	1.1003476897722932	0.3	0.06219624999999999
1363.0	0	10	0.06824499999999999	1.0988276702663622	0.3	0.0621071
1363.5	0	10	0.06805249999999999	1.09730328074372	0.3	0.06201795
1364.0	0	10	0.06785999999999999	1.09577450233171	0.3	0.061928799999999985
1364.5	0	10	0.06766749999999999	1.0942413160488456	0.3	0.06183965
1365.0	0	10	0.067475	1.0927037028040258	0.3	0.06175049999999999
1365.5	0	10	0.06728249999999998	1.0911616433957412	0.3	0.06166135
1366.0	0	10	0.06708999999999998	1.0896151185112761	0.3	0.06157219999999999
1366.5	0	10	0.06689749999999998	1.0880641087259006	0.3	0.06148305
1367.0	0	10	0.06670499999999999	1.0865085945020594	0.3	0.0613939
1367.5	0	10	0.06651249999999999	1.0849485561885497	0.3	0.06130475
1368.0	0	10	0.06631999999999999	1.0833839740196942	0.3	0.0612156
1368.5	0	10	0.06612749999999999	1.0818148281145068	0.3	0.06112645
1369.0	0	10	0.065935	1.08024109847585	0.3	0.0610373
1369.5	0	10	0.06574249999999998	1.0786627649895852	0.3	0.060948149999999986
1370.0	0	10	0.06554999999999998	1.077079807423717	0.3	0.060859
1370.5	0	10	0.06535749999999999	1.0754922054275267	0.3	0.06076985000000001
1371.0	0	10	0.06516499999999999	1.0738999385307024	0.3	0.06068069999999999
1371.5	0	10	0.06497249999999999	1.0723029861424571	0.3	0.06059154999999999
1372.0	0	10	0.06477999999999999	1.0707013275506425	0.3	0.0605024
1372.5	0	10	0.06458749999999999	1.0690949419208533	0.3	0.06041325
1373.0	0	10	0.064395	1.0674838082955236	0.3	0.0603241
1373.5	0	10	0.0642025	1.0658679055930154	0.3	0.060234949999999995
1374.0	0	10	0.06400999999999998	1.0642472126066989	0.3	0.06014579999999999
1374.5	0	10	0.06381749999999999	1.062621708004026	0.3	0.06005664999999999
1375.0	0	10	0.06362499999999999	1.0609913703255929	0.3	0.05996749999999999
1375.5	0	10	0.06343249999999999	1.0593561779841962	0.3	0.05987835
1376.0	0	10	0.06323999999999999	1.0577161092638805	0.3	0.059789199999999994
1376.5	0	10	0.06304749999999999	1.0560711423189761	0.3	0.05970005
1377.0	0	10	0.062855	1.0544212551731311	0.3	0.059610899999999994
1377.5	0	10	0.0626625	1.0527664257183298	0.3	0.059521750000000005
1378.0	0	10	0.06246999999999999	1.0511066317139077	0.3	0.0594326
1378.5	0	10	0.06227749999999999	1.049441850785554	0.3	0.059343450000000006
1379.0	0	10	0.062084999999999994	1.0477720604243068	0.3	0.05925429999999999
1379.5	0	10	0.06189249999999999	1.0460972379855369	0.3	0.05916515000000001
1380.0	0	10	0.06169999999999999	1.0444173606879272	0.3	0.059076000000000004
1380.5	0	10	0.06150749999999999	1.0427324056124374	0.3	0.05898684999999999
1381.0	0	10	0.061314999999999995	1.0410423497012615	0.3	0.058897700000000004
1381.5	0	10	0.061122499999999996	1.0393471697567787	0.3	0.058808549999999994
1382.0	0	10	0.06092999999999999	1.037646842440488	0.3	0.05871939999999999
1382.5	0	10	0.06073749999999999	1.0359413442719414	0.3	0.05863025
1383.0	0	10	0.060544999999999995	1.0342306516276598	0.3	0.0585411
1383.5	0	10	0.06035249999999999	1.0325147407400437	0.3	0.05845194999999999
1384.0	0	10	0.06015999999999999	1.0307935876962722	0.3	0.0583628
1384.5	0	10	0.05996749999999999	1.0290671684371924	0.3	0.058273649999999996
1385.0	0	10	0.059774999999999995	1.027335458756198	0.3	0.05818449999999999
1385.5	0	10	0.0595825	1.025598434298098	0.3	0.05809534999999999
1386.0	0	10	0.05939	1.023856070557975	0.3	0.058006199999999994
1386.5	0	10	0.05919749999999999	1.0221083428800326	0.3	0.057917050000000005
1387.0	0	10	0.059004999999999995	1.0203552264564337	0.3	0.05782789999999999
1387.5	0	10	0.0588125	1.0185966963261242	0.3	0.05773875
1388.0	0	10	0.05861999999999999	1.0168327273736504	0.3	0.0576496
1388.5	0	10	0.05842749999999999	1.015063294327963	0.3	0.05756045
1389.0	0	10	0.058234999999999995	1.0132883717612096	0.3	0.05747129999999999
1389.5	0	10	0.0580425	1.0115079340875166	0.3	0.05738215000000001
1390.0	0	10	0.05785	1.0097219555617616	0.3	0.05729299999999999
1390.5	0	10	0.057657499999999993	1.007930410278329	0.3	0.05720385
1391.0	0	10	0.057464999999999995	1.0061332721698617	0.3	0.0571147
1391.5	0	10	0.0572725	1.004330515005993	0.3	0.057025549999999994
1392.0	0	10	0.05707999999999999	1.0025221123920725	0.3	0.0569364
1392.5	0	10	0.056887499999999994	1.0007080377678779	0.3	0.056847249999999995
1393.0	1	10	0.056694999999999995	0.9988882644063137	0.3	0.0567581
1393.5	1	10	0.0565025	0.9970627654120996	0.3	0.05666894999999999
1394.0	1	10	0.05631	0.9952315137204444	0.3	0.056579800000000006
1394.5	1	10	0.0561175	0.9933944820957097	0.3	0.056490649999999996
1395.0	1	10	0.055925	0.9915516431300587	0.3	0.05640149999999999
1395.5	1	10	0.0557325	0.9897029692420934	0.3	0.05631235
1396.0	1	10	0.05554	0.9878484326754793	0.3	0.05622319999999999
1396.5	1	10	0.055347499999999994	0.9859880054975545	0.3	0.05613404999999999
1397.0	1	10	0.055154999999999996	0.9841216595979295	0.3	0.056044899999999995
1397.5	1	10	0.0549625	0.9822493666870696	0.3	0.05595575
1398.0	1	10	0.05477	0.9803710982948668	0.3	0.055866599999999995
1398.5	1	10	0.0545775	0.9784868257691953	0.3	0.05577744999999999
1399.0	1	10	0.054385	0.9765965202744563	0.3	0.055688299999999996
1399.5	1	10	0.0541925	0.9747001527901057	0.3	0.055599149999999986
1400.0	1	10	0.054	0.9727976941091696	0.3	0.05551
1400.5	1	10	0.05392375	0.9725089644681082	0.3	0.055448075
1401.0	1	10	0.0538475	0.9722195891933273	0.3	0.05538614999999999
1401.5	1	10	0.05377125	0.9719295661168322	0.3	0.055324225
1402.0	1	10	0.053695	0.9716388930609113	0.3	0.05526229999999999
1402.5	1	10	0.05361875	0.9713475678380808	0.3	0.055200374999999996
1403.0	1	10	0.0535425	0.9710555882510299	0.3	0.055138450000000006
1403.5	1	10	0.05346625	0.9707629520925658	0.3	0.055076525
1404.0	1	10	0.05339	0.9704696571455578	0.3	0.0550146
1404.5	1	10	0.05331375	0.9701757011828814	0.3	0.054952675
1405.0	1	10	0.0532375	0.9698810819673626	0.3	0.05489075
1405.5	1	10	0.05316125	0.9695857972517193	0.3	0.054828825
1406.0	1	10	0.053085	0.9692898447785068	0.3	0.05476689999999999
1406.5	1	10	0.05300875	0.9689932222800578	0.3	0.054704974999999996
1407.0	1	10	0.0529325	0.9686959274784259	0.3	0.05464305
1407.5	1	10	0.05285625	0.9683979580853272	0.3	0.05458112499999999
1408.0	1	10	0.05278	0.9680993118020808	0.3	0.0545192
1408.5	1	10	0.05270375	0.9677999863195506	0.3	0.054457275
1409.0	1	10	0.0526275	0.9674999793180852	0.3	0.054395349999999995
1409.5	1	10	0.05255125	0.9671992884674582	0.3	0.054333425000000005
1410.0	1	10	0.052475	0.9668979114268078	0.3	0.0542715
1410.5	1	10	0.05239875	0.9665958458445765	0.3	0.054209574999999996
1411.0	1	10	0.0523225	0.9662930893584487	0.3	0.05414765
1411.5	1	10	0.05224625	0.9659896395952907	0.3	0.054085725
1412.0	1	10	0.05217	0.9656854941710876	0.3	0.0540238
1412.5	1	10	0.05209375	0.9653806506908813	0.3	0.05396187499999999
1413.0	1	10	0.0520175	0.9650751067487077	0.3	0.05389994999999999
1413.5	1	10	0.05194125	0.9647688599275327	0.3	0.053838025
1414.0	1	10	0.051865	0.9644619077991896	0.3	0.0537761
1414.5	1	10	0.05178875	0.9641542479243143	0.3	0.053714174999999996
1415.0	1	10	0.0517125	0.9638458778522803	0.3	0.053652250000000005
1415.5	1	10	0.05163625	0.9635367951211344	0.3	0.053590324999999994
1416.0	1	10	0.05156	0.9632269972575307	0.3	0.0535284
1416.5	1	10	0.05148375	0.9629164817766648	0.3	0.053466475
1417.0	1	10	0.0514075	0.9626052461822074	0.3	0.05340454999999999
1417.5	1	10	0.05133125	0.9622932879662373	0.3	0.05334262499999999
1418.0	1	10	0.051255	0.9619806046091737	0.3	0.0532807
1418.5	1	10	0.05117875	0.9616671935797095	0.3	0.053218774999999996
1419.0	1	10	0.0511025	0.9613530523347414	0.3	0.05315685
1419.5	1	10	0.05102625	0.9610381783193028	0.3	0.053094924999999994
1420.0	1	10	0.05095	0.9607225689664927	0.3	0.053033
1420.5	1	10	0.05087375	0.9604062216974075	0.3	0.052971075
1421.0	1	10	0.0507975	0.9600891339210705	0.3	0.05290914999999999
1421.5	1	10	0.05072125	0.95977130303436	0.3	0.052847225
1422.0	1	10	0.050645	0.9594527264219395	0.3	0.05278529999999999
1422.5	1	10	0.05056875	0.9591334014561853	0.3	0.052723374999999996
1423.0	1	10	0.0504925	0.9588133254971142	0.3	0.05266145
1423.5	1	10	0.05041625	0.958492495892311	0.3	0.05259952499999999
1424.0	1	10	0.050339999999999996	0.9581709099768546	0.3	0.052537600000000004
1424.5	1	10	0.050263749999999996	0.9578485650732458	0.3	0.05247567499999999
1425.0	1	10	0.050187499999999996	0.957525458491331	0.3	0.052413749999999995
1425.5	1	10	0.050111249999999996	0.9572015875282285	0.3	0.05235182499999999
1426.0	1	10	0.050034999999999996	0.9568769494682529	0.3	0.05228989999999999
1426.5	1	10	0.049958749999999996	0.9565515415828395	0.3	0.052227974999999996
1427.0	1	10	0.049882499999999996	0.956225361130467	0.3	0.052166050000000005
1427.5	1	10	0.049806249999999996	0.9558984053565815	0.3	0.05210412500000001
1428.0	1	10	0.049729999999999996	0.9555706714935187	0.3	0.0520422
1428.5	1	10	0.049653749999999997	0.9552421567604249	0.3	0.051980275
1429.0	1	10	0.0495775	0.9549128583631799	0.3	0.05191835
1429.5	1	10	0.04950125	0.9545827734943163	0.3	0.05185642499999999
1430.0	1	10	0.049425	0.9542518993329406	0.3	0.05179450000000001
1430.5	1	10	0.04934875	0.9539202330446532	0.3	0.05173257499999999
1431.0	1	10	0.0492725	0.9535877717814658	0.3	0.05167065
1431.5	1	10	0.04919625	0.953254512681722	0.3	0.051608724999999994
1432.0	1	10	0.04912	0.9529204528700133	0.3	0.0515468
1432.5	1	10	0.04904375	0.9525855894570978	0.3	0.051484875000000006
1433.0	1	10	0.0489675	0.9522499195398164	0.3	0.05142294999999999
1433.5	1	10	0.04889125	0.9519134402010084	0.3	0.051361025
1434.0	1	10	0.048815	0.951576148509428	0.3	0.05129910000000001
1434.5	1	10	0.04873875	0.9512380415196584	0.3	0.05123717499999999
1435.0	1	10	0.0486625	0.9508991162720261	0.3	0.05117525
1435.5	1	10	0.04858625	0.9505593697925149	0.3	0.05111332500000001
1436.0	1	10	0.04851	0.9502187990926791	0.3	0.0510514
1436.5	1	10	0.04843375	0.9498774011695551	0.3	0.050989475
1437.0	1	10	0.0483575	0.9495351730055737	0.3	0.05092754999999999
1437.5	1	10	0.04828125	0.9491921115684708	0.3	0.050865625000000005
1438.0	1	10	0.048205	0.9488482138111988	0.3	0.05080369999999999
1438.5	1	10	0.04812875	0.948503476671835	0.3	0.050741774999999996
1439.0	1	10	0.0480525	0.9481578970734917	0.3	0.05067985
1439.5	1	10	0.04797625	0.9478114719242245	0.3	0.050617924999999994
1440.0	1	10	0.0479	0.9474641981169396	0.3	0.050556000000000004
1440.5	1	10	0.04782375	0.9471160725293016	0.3	0.050494075
1441.0	1	10	0.0477475	0.9467670920236397	0.3	0.050432149999999995
1441.5	1	10	0.04767125	0.9464172534468528	0.3	0.050370225
1442.0	1	10	0.047595	0.9460665536303154	0.3	0.0503083
1442.5	1	10	0.04751875	0.9457149893897819	0.3	0.050246374999999996
1443.0	1	10	0.0474425	0.9453625575252892	0.3	0.05018444999999999
1443.5	1	10	0.04736625	0.9450092548210609	0.3	0.050122525
1444.0	1	10	0.04729	0.944655078045409	0.3	0.05006059999999999
1444.5	1	10	0.04721375	0.9443000239506347	0.3	0.04999867499999999
1445.0	1	10	0.0471375	0.9439440892729303	0.3	0.04993675
1445.5	1	10	0.04706125	0.9435872707322783	0.3	0.049874825
1446.0	1	10	0.046985	0.943229565032351	0.3	0.0498129
1446.5	1	10	0.04690875	0.9428709688604093	0.3	0.049750974999999996
1447.0	1	10	0.0468325	0.9425114788871995	0.3	0.04968905
1447.5	1	10	0.04675625	0.9421510917668514	0.3	0.049627124999999994
1448.0	1	10	0.04668	0.9417898041367734	0.3	0.049565200000000004
1448.5	1	10	0.04660375	0.941427612617549	0.3	0.049503275000000006
1449.0	1	10	0.0465275	0.9410645138128308	0.3	0.049441349999999995
1449.5	1	10	0.04645125	0.9407005043092341	0.3	0.049379425
1450.0	1	10	0.046375	0.9403355806762306	0.3	0.0493175
1450.5	1	10	0.04629875	0.9399697394660402	0.3	0.049255574999999996
1451.0	1	10	0.0462225	0.9396029772135225	0.3	0.04919365
1451.5	1	10	0.04614625	0.9392352904360675	0.3	0.04913172500000001
1452.0	1	10	0.04607	0.9388666756334855	0.3	0.0490698
1452.5	1	10	0.04599375	0.9384971292878951	0.3	0.049007875
1453.0	1	10	0.0459175	0.9381266478636128	0.3	0.04894595000000001
1453.5	1	10	0.04584125	0.9377552278070392	0.3	0.048884025
1454.0	1	10	0.045765	0.9373828655465455	0.3	0.0488221
1454.5	1	10	0.04568875	0.9370095574923594	0.3	0.04876017499999999
1455.0	1	10	0.0456125	0.936635300036449	0.3	0.04869824999999999
1455.5	1	10	0.04553625	0.9362600895524076	0.3	0.048636324999999994
1456.0	1	10	0.04546	0.9358839223953359	0.3	0.048574400000000004
1456.5	1	10	0.04538375	0.9355067949017237	0.3	0.048512475000000006
1457.0	1	10	0.0453075	0.9351287033893321	0.3	0.048450549999999995
1457.5	1	10	0.04523125	0.9347496441570721	0.3	0.048388625
1458.0	1	10	0.045155	0.9343696134848852	0.3	0.0483267
1458.5	1	10	0.04507875	0.9339886076336211	0.3	0.04826477499999999
1459.0	1	10	0.0450025	0.9336066228449148	0.3	0.04820285
1459.5	1	10	0.04492625	0.9332236553410638	0.3	0.048140925
1460.0	1	10	0.04485	0.9328397013249028	0.3	0.048079
1460.5	1	10	0.04477375	0.9324547569796786	0.3	0.048017075
1461.0	1	10	0.0446975	0.9320688184689235	0.3	0.04795515
1461.5	1	10	0.04462125	0.9316818819363282	0.3	0.047893225000000005
1462.0	1	10	0.044545	0.9312939435056125	0.3	0.0478313
1462.5	1	10	0.04446875	0.9309049992803968	0.3	0.047769374999999996
1463.0	1	10	0.0443925	0.930515045344071	0.3	0.047707450000000005
1463.5	1	10	0.04431625	0.9301240777596639	0.3	0.047645524999999994
1464.0	1	10	0.04424	0.929732092569709	0.3	0.0475836
1464.5	1	10	0.04416375	0.9293390857961131	0.3	0.047521675
1465.0	1	10	0.0440875	0.9289450534400203	0.3	0.047459749999999995
1465.5	1	10	0.04401125	0.9285499914816767	0.3	0.047397825
1466.0	1	10	0.043935	0.9281538958802938	0.3	0.0473359
1466.5	1	10	0.04385875	0.927756762573911	0.3	0.04727397499999999
1467.0	1	10	0.0437825	0.9273585874792559	0.3	0.04721205
1467.5	1	10	0.04370625	0.9269593664916053	0.3	0.047150125
1468.0	1	10	0.04363	0.9265590954846438	0.3	0.047088200000000004
1468.5	1	10	0.04355375	0.9261577703103212	0.3	0.047026275000000006
1469.0	1	10	0.0434775	0.9257553867987101	0.3	0.04696435000000001
1469.5	1	10	0.04340125	0.9253519407578606	0.3	0.046902425
1470.0	1	10	0.043325	0.9249474279736554	0.3	0.0468405
1470.5	1	10	0.04324875	0.9245418442096622	0.3	0.046778575
1471.0	1	10	0.0431725	0.9241351852069873	0.3	0.04671665
1471.5	1	10	0.04309625	0.9237274466841248	0.3	0.046654725
1472.0	1	10	0.04302	0.9233186243368076	0.3	0.0465928
1472.5	1	10	0.04294375	0.922908713837855	0.3	0.046530875000000006
1473.0	1	10	0.0428675	0.9224977108370215	0.3	0.046468949999999995
1473.5	1	10	0.04279125	0.9220856109608406	0.3	0.046407025
1474.0	1	10	0.042715	0.9216724098124721	0.3	0.04634510000000001
1474.5	1	10	0.04263875	0.9212581029715443	0.3	0.046283174999999996
1475.0	1	10	0.0425625	0.9208426859939963	0.3	0.04622125
1475.5	1	10	0.04248625	0.9204261544119201	0.3	0.046159324999999994
1476.0	1	10	0.04241	0.9200085037333994	0.3	0.0460974
1476.5	1	10	0.04233375	0.9195897294423486	0.3	0.046035475000000006
1477.0	1	10	0.0422575	0.9191698269983501	0.3	0.04597355000000001
1477.5	1	10	0.04218125	0.9187487918364904	0.3	0.04591162499999999
1478.0	1	10	0.042105000000000004	0.9183266193671933	0.3	0.0458497
1478.5	1	10	0.042028750000000004	0.9179033049760553	0.3	0.045787775
1479.0	1	10	0.0419525	0.9174788440236759	0.3	0.04572585
1479.5	1	10	0.04187625	0.9170532318454885	0.3	0.045663925
1480.0	1	10	0.0418	0.9166264637515898	0.3	0.045602
1480.5	1	10	0.04172375	0.9161985350265672	0.3	0.04554007499999999
1481.0	1	10	0.0416475	0.9157694409293254	0.3	0.045478149999999995
1481.5	1	10	0.04157125	0.915339176692911	0.3	0.04541622499999999
1482.0	1	10	0.041495	0.9149077375243361	0.3	0.0453543
1482.5	1	10	0.04141875	0.9144751186044009	0.3	0.045292374999999996
1483.0	1	10	0.0413425	0.914041315087513	0.3	0.04523045
1483.5	1	10	0.04126625	0.9136063221015076	0.3	0.045168524999999994
1484.0	1	10	0.04119	0.9131701347474649	0.3	0.0451066
1484.5	1	10	0.04111375	0.9127327480995256	0.3	0.045044675
1485.0	1	10	0.0410375	0.9122941572047062	0.3	0.04498275
1485.5	1	10	0.04096125	0.9118543570827117	0.3	0.044920825
1486.0	1	10	0.040885	0.9114133427257467	0.3	0.0448589
1486.5	1	10	0.04080875	0.9109711090983262	0.3	0.04479697500000001
1487.0	1	10	0.0407325	0.9105276511370838	0.3	0.04473504999999999
1487.5	1	10	0.04065625	0.9100829637505771	0.3	0.044673125
1488.0	1	10	0.04058	0.9096370418190948	0.3	0.0446112
1488.5	1	10	0.04050375	0.9091898801944588	0.3	0.044549275
1489.0	1	10	0.0404275	0.908741473699827	0.3	0.04448735
1489.5	1	10	0.04035125	0.9082918171294929	0.3	0.044425425
1490.0	1	10	0.040275	0.9078409052486841	0.3	0.0443635
1490.5	1	10	0.04019875	0.9073887327933601	0.3	0.044301575
1491.0	1	10	0.0401225	0.906935294470006	0.3	0.04423965
1491.5	1	10	0.04004625	0.9064805849554272	0.3	0.044177725
1492.0	1	10	0.03997	0.9060245988965405	0.3	0.0441158
1492.5	1	10	0.03989375	0.905567330910164	0.3	0.044053875
1493.0	1	10	0.0398175	0.9051087755828054	0.3	0.04399195
1493.5	1	10	0.03974125	0.9046489274704488	0.3	0.043930025
1494.0	1	10	0.039665	0.904187781098338	0.3	0.0438681
1494.5	1	10	0.03958875	0.9037253309607606	0.3	0.043806175
1495.0	1	10	0.0395125	0.9032615715208284	0.3	0.04374425
1495.5	1	10	0.03943625	0.902796497210256	0.3	0.04368232500000001
1496.0	1	10	0.03936	0.9023301024291386	0.3	0.043620400000000004
1496.5	1	10	0.03928375	0.9018623815457267	0.3	0.043558475
1497.0	1	10	0.0392075	0.9013933288961997	0.3	0.04349655000000001
1497.5	1	10	0.03913125	0.9009229387844375	0.3	0.043434625000000004
1498.0	1	10	0.039055	0.9004512054817893	0.3	0.04337269999999999
1498.5	1	10	0.03897875	0.8999781232268415	0.3	0.043310774999999996
1499.0	1	10	0.0389025	0.8995036862251828	0.3	0.04324885
1499.5	1	10	0.03882625	0.8990278886491687	0.3	0.043186925
1500.0	1	10	0.03875	0.8985507246376813	0.3	0.043125
1500.5	1	10	0.03867375	0.8980721882958892	0.3	0.043063075000000006
1501.0	1	10	0.0385975	0.8975922736950058	0.3	0.04300115
1501.5	1	10	0.03852125	0.897110974872043	0.3	0.042939225
1502.0	1	10	0.038445	0.8966282858295648	0.3	0.04287730000000001
1502.5	1	10	0.03836875	0.8961442005354384	0.3	0.042815375
1503.0	1	10	0.0382925	0.8956587129225829	0.3	0.04275345
1503.5	1	10	0.03821625	0.895171816888715	0.3	0.042691525
1504.0	1	10	0.03814	0.8946835062960946	0.3	0.042629600000000004
1504.5	1	10	0.03806375	0.8941937749712664	0.3	0.04256767499999999
1505.0	1	10	0.0379875	0.8937026167047988	0.3	0.042505749999999995
1505.5	1	10	0.03791125	0.893210025251023	0.3	0.042443825
1506.0	1	10	0.037835	0.8927159943277673	0.3	0.0423819
1506.5	1	10	0.03775875	0.8922205176160903	0.3	0.042319974999999996
1507.0	1	10	0.0376825	0.8917235887600115	0.3	0.04225805
1507.5	1	10	0.03760625	0.8912252013662392	0.3	0.04219612500000001
1508.0	1	10	0.03753	0.8907253490038972	0.3	0.0421342
1508.5	1	10	0.03745375	0.8902240252042468	0.3	0.042072275
1509.0	1	10	0.0373775	0.8897212234604092	0.3	0.04201035
1509.5	1	10	0.03730125	0.8892169372270831	0.3	0.041948425
1510.0	1	10	0.037225	0.8887111599202607	0.3	0.0418865
1510.5	1	10	0.03714875	0.8882038849169418	0.3	0.041824574999999996
1511.0	1	10	0.0370725	0.8876951055548439	0.3	0.041762650000000005
1511.5	1	10	0.03699625	0.887184815132111	0.3	0.04170072500000001
1512.0	1	10	0.03692	0.8866730069070193	0.3	0.04163880000000001
1512.5	1	10	0.03684375	0.8861596740976806	0.3	0.04157687499999999
1513.0	1	10	0.0367675	0.8856448098817414	0.3	0.041514949999999995
1513.5	1	10	0.03669125	0.8851284073960828	0.3	0.041453025
1514.0	1	10	0.036615	0.8846104597365134	0.3	0.04139110000000001
1514.5	1	10	0.03653875	0.8840909599574636	0.3	0.041329174999999996
1515.0	1	10	0.0364625	0.8835699010716731	0.3	0.04126725
1515.5	1	10	0.03638625	0.8830472760498795	0.3	0.041205324999999994
1516.0	1	10	0.03631	0.8825230778205011	0.3	0.0411434
1516.5	1	10	0.03623375	0.8819972992693179	0.3	0.041081475000000006
1517.0	1	10	0.0361575	0.8814699332391506	0.3	0.04101955000000001
1517.5	1	10	0.03608125	0.8809409725295352	0.3	0.040957625
1518.0	1	10	0.036005	0.8804104098963951	0.3	0.04089569999999999
1518.5	1	10	0.03592875	0.8798782380517108	0.3	0.040833775
1519.0	1	10	0.0358525	0.8793444496631868	0.3	0.04077185
1519.5	1	10	0.03577625	0.8788090373539131	0.3	0.040709925
1520.0	1	10	0.0357	0.8782719937020271	0.3	0.04064800000000001
1520.5	1	10	0.03562375	0.8777333112403701	0.3	0.040586075
1521.0	1	10	0.0355475	0.8771929824561404	0.3	0.04052415
1521.5	1	10	0.03547125	0.8766509997905455	0.3	0.040462225
1522.0	1	10	0.035395	0.8761073556384483	0.3	0.04040029999999999
1522.5	1	10	0.03531875	0.8755620423480125	0.3	0.04033837499999999
1523.0	1	10	0.0352425	0.8750150522203423	0.3	0.04027645
1523.5	1	10	0.03516625	0.8744663775091215	0.3	0.040214524999999994
1524.0	1	10	0.035089999999999996	0.8739160104202467	0.3	0.0401526
1524.5	1	10	0.035013749999999996	0.8733639431114592	0.3	0.040090675
1525.0	1	10	0.034937499999999996	0.8728101676919713	0.3	0.040028749999999995
1525.5	1	10	0.034861249999999996	0.8722546762220916	0.3	0.039966825
1526.0	1	10	0.034784999999999996	0.8716974607128447	0.3	0.0399049
1526.5	1	10	0.03470875	0.8711385131255885	0.3	0.039842975
1527.0	1	10	0.0346325	0.8705778253716279	0.3	0.03978105
1527.5	1	10	0.03455625	0.8700153893118239	0.3	0.039719124999999994
1528.0	1	10	0.03448	0.8694511967562005	0.3	0.0396572
1528.5	1	10	0.03440375	0.868885239463547	0.3	0.039595275
1529.0	1	10	0.0343275	0.8683175091410162	0.3	0.03953335
1529.5	1	10	0.03425125	0.8677479974437202	0.3	0.039471425000000004
1530.0	1	10	0.034175	0.8671766959743208	0.3	0.0394095
1530.5	1	10	0.03409875	0.8666035962826172	0.3	0.039347574999999996
1531.0	1	10	0.0340225	0.8660286898651287	0.3	0.039285650000000005
1531.5	1	10	0.03394625	0.8654519681646757	0.3	0.039223725
1532.0	1	10	0.03387	0.8648734225699534	0.3	0.0391618
1532.5	1	10	0.03379375	0.8642930444151036	0.3	0.039099875
1533.0	1	10	0.0337175	0.8637108249792829	0.3	0.03903795
1533.5	1	10	0.03364125	0.8631267554862252	0.3	0.03897602499999999
1534.0	1	10	0.033565	0.8625408271038003	0.3	0.03891410000000001
1534.5	1	10	0.03348875	0.86195303094357	0.3	0.038852175
1535.0	1	10	0.0334125	0.8613633580603373	0.3	0.03879025
1535.5	1	10	0.03333625	0.8607717994516932	0.3	0.038728325
1536.0	1	10	0.03326	0.8601783460575588	0.3	0.038666400000000004
1536.5	1	10	0.03318375	0.8595829887597227	0.3	0.038604475
1537.0	1	10	0.0331075	0.8589857183813733	0.3	0.038542549999999995
1537.5	1	10	0.03303125	0.8583865256866279	0.3	0.038480625000000004
1538.0	1	10	0.032955	0.8577854013800571	0.3	0.0384187
1538.5	1	10	0.03287875	0.857182336106203	0.3	0.038356774999999996
1539.0	1	10	0.0328025	0.8565773204490942	0.3	0.038294850000000005
1539.5	1	10	0.03272625	0.855970344931757	0.3	0.038232925
1540.0	1	10	0.03265	0.8553614000157188	0.3	0.038171
1540.5	1	10	0.03257375	0.8547504761005088	0.3	0.038109075
1541.0	1	10	0.0324975	0.8541375635231547	0.3	0.03804715
1541.5	1	10	0.03242125	0.8535226525576721	0.3	0.037985225
1542.0	1	10	0.032345	0.8529057334145499	0.3	0.0379233
1542.5	1	10	0.03226875	0.8522867962402315	0.3	0.037861375
1543.0	1	10	0.0321925	0.8516658311165903	0.3	0.03779945
1543.5	1	10	0.03211625	0.8510428280603988	0.3	0.037737525
1544.0	1	10	0.03204	0.8504177770227945	0.3	0.037675600000000004
1544.5	1	10	0.03196375	0.8497906678887399	0.3	0.037613675
1545.0	1	10	0.0318875	0.8491614904764757	0.3	0.03755175
1545.5	1	10	0.03181125	0.848530234536971	0.3	0.037489825000000004
1546.0	1	10	0.031735	0.8478968897533657	0.3	0.0374279
1546.5	1	10	0.03165875	0.8472614457404096	0.3	0.037365975
1547.0	1	10	0.0315825	0.8466238920438932	0.3	0.037304050000000005
1547.5	1	10	0.03150625	0.8459842181400765	0.3	0.037242125
1548.0	1	10	0.03143	0.845342413435108	0.3	0.0371802
1548.5	1	10	0.03135375	0.8446984672644405	0.3	0.037118275
1549.0	1	10	0.0312775	0.8440523688922411	0.3	0.03705635
1549.5	1	10	0.03120125	0.8434041075107939	0.3	0.036994425
1550.0	1	10	0.031125	0.8427536722398971	0.3	0.0369325
1550.5	1	10	0.03104875	0.8421010521262551	0.3	0.036870575
1551.0	1	10	0.0309725	0.8414462361428632	0.3	0.03680865
1551.5	1	10	0.03089625	0.8407892131883862	0.3	0.036746725
1552.0	1	10	0.03082	0.8401299720865317	0.3	0.0366848
1552.5	1	10	0.03074375	0.8394685015854162	0.3	0.036622875000000006
1553.0	1	10	0.0306675	0.8388047903569245	0.3	0.03656095000000001
1553.5	1	10	0.03059125	0.8381388269960635	0.3	0.036499025000000004
1554.0	1	10	0.030515	0.8374706000203089	0.3	0.03643710000000001
1554.5	1	10	0.03043875	0.836800097868945	0.3	0.036375175
1555.0	1	10	0.0303625	0.8361273089023977	0.3	0.036313250000000005
1555.5	1	10	0.03028625	0.8354522214015626	0.3	0.036251325
1556.0	1	10	0.03021	0.834774823567122	0.3	0.0361894
1556.5	1	10	0.03013375	0.8340951035188593	0.3	0.036127475
1557.0	1	10	0.0300575	0.8334130492949643	0.3	0.03606555
1557.5	1	10	0.02998125	0.832728648851331	0.3	0.036003625
1558.0	1	10	0.029905	0.8320418900608486	0.3	0.0359417
1558.5	1	10	0.02982875	0.8313527607126856	0.3	0.035879775
1559.0	1	10	0.0297525	0.8306612485115662	0.3	0.03581785
1559.5	1	10	0.02967625	0.8299673410770383	0.3	0.035755925
1560.0	1	10	0.0296	0.8292710259427354	0.3	0.035694000000000004
1560.5	1	10	0.02952375	0.8285722905556301	0.3	0.035632075
1561.0	1	10	0.0294475	0.8278711222752786	0.3	0.03557015
1561.5	1	10	0.02937125	0.82716750837306	0.3	0.035508225000000004
1562.0	1	10	0.029295	0.8264614360314053	0.3	0.0354463
1562.5	1	10	0.02921875	0.8257528923430186	0.3	0.035384375
1563.0	1	10	0.029142500000000002	0.8250418643100916	0.3	0.035322450000000005
1563.5	1	10	0.029066250000000002	0.8243283388435084	0.3	0.03526052500000001
1564.0	1	10	0.028990000000000002	0.8236123027620418	0.3	0.0351986
1564.5	1	10	0.02891375	0.8228937427915417	0.3	0.035136675000000006
1565.0	1	10	0.0288375	0.8221726455641165	0.3	0.03507475
1565.5	1	10	0.02876125	0.8214489976173017	0.3	0.035012825
1566.0	1	10	0.028685	0.8207227853932231	0.3	0.0349509
1566.5	1	10	0.02860875	0.8199939952377505	0.3	0.034888975
1567.0	1	10	0.0285325	0.8192626133996419	0.3	0.03482705
1567.5	1	10	0.02845625	0.8185286260296777	0.3	0.034765125
1568.0	1	10	0.02838	0.8177920191797874	0.3	0.0347032
1568.5	1	10	0.02830375	0.8170527788021659	0.3	0.034641275
1569.0	1	10	0.0282275	0.8163108907483801	0.3	0.034579349999999995
1569.5	1	10	0.02815125	0.8155663407684668	0.3	0.034517425000000004
1570.0	1	10	0.028075	0.8148191145100202	0.3	0.03445549999999999
1570.5	1	10	0.02799875	0.8140691975172688	0.3	0.034393574999999996
1571.0	1	10	0.0279225	0.8133165752301447	0.3	0.034331650000000005
1571.5	1	10	0.02784625	0.8125612329833403	0.3	0.034269725
1572.0	1	10	0.02777	0.8118031560053556	0.3	0.0342078
1572.5	1	10	0.02769375	0.8110423294175356	0.3	0.034145875000000006
1573.0	1	10	0.0276175	0.8102787382330979	0.3	0.03408395
1573.5	1	10	0.02754125	0.8095123673561465	0.3	0.034022025
1574.0	1	10	0.027465	0.8087432015806785	0.3	0.0339601
1574.5	1	10	0.02738875	0.8079712255895781	0.3	0.033898175
1575.0	1	10	0.0273125	0.8071964239536001	0.3	0.03383625
1575.5	1	10	0.02723625	0.8064187811303408	0.3	0.033774325
1576.0	1	10	0.02716	0.8056382814632004	0.3	0.033712400000000003
1576.5	1	10	0.02708375	0.8048549091803311	0.3	0.033650475
1577.0	1	10	0.0270075	0.8040686483935746	0.3	0.03358855
1577.5	1	10	0.02693125	0.803279483097389	0.3	0.033526625000000004
1578.0	1	10	0.026855	0.8024873971677619	0.3	0.0334647
1578.5	1	10	0.02677875	0.8016923743611122	0.3	0.033402775
1579.0	1	10	0.0267025	0.8008943983131803	0.3	0.033340850000000005
1579.5	1	10	0.02662625	0.800093452537905	0.3	0.033278925
1580.0	1	10	0.02655	0.7992895204262879	0.3	0.033216999999999997
1580.5	1	10	0.02647375	0.7984825852452452	0.3	0.033155075
1581.0	1	10	0.0263975	0.7976726301364482	0.3	0.03309315
1581.5	1	10	0.02632125	0.7968596381151472	0.3	0.033031225
1582.0	1	10	0.026245	0.7960435920689855	0.3	0.0329693
1582.5	1	10	0.02616875	0.7952244747567984	0.3	0.032907375
1583.0	1	10	0.0260925	0.7944022688073996	0.3	0.03284544999999999
1583.5	1	10	0.02601625	0.7935769567183517	0.3	0.032783525
1584.0	1	10	0.02594	0.7927485208547259	0.3	0.0327216
1584.5	1	10	0.02586375	0.7919169434478451	0.3	0.032659675
1585.0	1	10	0.0257875	0.7910822065940134	0.3	0.03259775
1585.5	1	10	0.025711249999999998	0.7902442922532315	0.3	0.032535825000000004
1586.0	1	10	0.025634999999999998	0.7894031822478975	0.3	0.0324739
1586.5	1	10	0.025558749999999998	0.7885588582614912	0.3	0.032411975
1587.0	1	10	0.025482499999999998	0.7877113018372458	0.3	0.032350050000000005
1587.5	1	10	0.02540625	0.7868604943768025	0.3	0.032288125
1588.0	1	10	0.02533	0.7860064171388498	0.3	0.032226199999999997
1588.5	1	10	0.02525375	0.7851490512377473	0.3	0.032164275000000006
1589.0	1	10	0.0251775	0.7842883776421351	0.3	0.03210235
1589.5	1	10	0.02510125	0.7834243771735238	0.3	0.032040425
1590.0	1	10	0.025025	0.7825570305048705	0.3	0.03197849999999999
1590.5	1	10	0.02494875	0.7816863181591382	0.3	0.031916575
1591.0	1	10	0.0248725	0.7808122205078379	0.3	0.03185465
1591.5	1	10	0.02479625	0.7799347177695526	0.3	0.031792725
1592.0	1	10	0.02472	0.7790537900084459	0.3	0.03173080000000001
1592.5	1	10	0.02464375	0.7781694171327526	0.3	0.031668875
1593.0	1	10	0.0245675	0.7772815788932497	0.3	0.03160695
1593.5	1	10	0.02449125	0.7763902548817125	0.3	0.031545025000000004
1594.0	1	10	0.024415	0.7754954245293506	0.3	0.0314831
1594.5	1	10	0.02433875	0.7745970671052244	0.3	0.031421175
1595.0	1	10	0.0242625	0.7736951617146455	0.3	0.031359250000000005
1595.5	1	10	0.02418625	0.7727896872975566	0.3	0.031297325
1596.0	1	10	0.02411	0.7718806226268912	0.3	0.031235400000000003
1596.5	1	10	0.02403375	0.7709679463069163	0.3	0.031173475
1597.0	1	10	0.0239575	0.7700516367715526	0.3	0.031111549999999998
1597.5	1	10	0.02388125	0.7691316722826765	0.3	0.031049624999999997
1598.0	1	10	0.023805	0.7682080309284005	0.3	0.030987700000000003
1598.5	1	10	0.02372875	0.7672806906213344	0.3	0.030925775000000003
1599.0	1	10	0.0236525	0.7663496290968236	0.3	0.03086385
1599.5	1	10	0.02357625	0.7654148239111679	0.3	0.030801925
1600.0	1	10	0.0235	0.7644762524398179	0.3	0.030739999999999996
1600.5	1	10	0.02346875	0.7642104474793063	0.3	0.030709799999999995
1601.0	1	10	0.0234375	0.7639441192192857	0.3	0.0306796
1601.5	1	10	0.02340625	0.7636772661128766	0.3	0.0306494
1602.0	1	10	0.023375	0.7634098866070962	0.3	0.0306192
1602.5	1	10	0.02334375	0.7631419791428291	0.3	0.030589
1603.0	1	10	0.0233125	0.7628735421547966	0.3	0.0305588
1603.5	1	10	0.02328125	0.7626045740715264	0.3	0.0305286
1604.0	1	10	0.02325	0.7623350733153215	0.3	0.0304984
1604.5	1	10	0.02321875	0.7620650383022298	0.3	0.0304682
1605.0	1	10	0.0231875	0.7617944674420133	0.3	0.030438
1605.5	1	10	0.02315625	0.7615233591381159	0.3	0.0304078
1606.0	1	10	0.023125	0.761251711787633	0.3	0.0303776
1606.5	1	10	0.02309375	0.7609795237812794	0.3	0.0303474
1607.0	1	10	0.0230625	0.7607067935033578	0.3	0.0303172
1607.5	1	10	0.02303125	0.7604335193317264	0.3	0.030287
1608.0	1	10	0.023	0.7601596996377673	0.3	0.0302568
1608.5	1	10	0.02296875	0.7598853327863537	0.3	0.0302266
1609.0	1	10	0.0229375	0.7596104171358176	0.3	0.030196399999999998
1609.5	1	10	0.02290625	0.7593349510379166	0.3	0.0301662
1610.0	1	10	0.022875	0.7590589328378019	0.3	0.030136
1610.5	1	10	0.02284375	0.7587823608739844	0.3	0.0301058
1611.0	1	10	0.0228125	0.7585052334783013	0.3	0.0300756
1611.5	1	10	0.02278125	0.7582275489758832	0.3	0.030045399999999996
1612.0	1	10	0.02275	0.7579493056851195	0.3	0.0300152
1612.5	1	10	0.02271875	0.7576705019176254	0.3	0.029985
1613.0	1	10	0.0226875	0.7573911359782072	0.3	0.029954799999999997
1613.5	1	10	0.02265625	0.7571112061648276	0.3	0.0299246
1614.0	1	10	0.022625	0.756830710768572	0.3	0.0298944
1614.5	1	10	0.02259375	0.7565496480736131	0.3	0.029864200000000004
1615.0	1	10	0.0225625	0.7562680163571763	0.3	0.029834000000000003
1615.5	1	10	0.02253125	0.755985813889504	0.3	0.029803800000000002
1616.0	1	10	0.0225	0.7557030389338205	0.3	0.029773600000000004
1616.5	1	10	0.02246875	0.7554196897462966	0.3	0.029743400000000003
1617.0	1	10	0.0224375	0.7551357645760134	0.3	0.0297132
1617.5	1	10	0.02240625	0.754851261664926	0.3	0.029683
1618.0	1	10	0.022375	0.7545661792478282	0.3	0.029652799999999997
1618.5	1	10	0.02234375	0.7542805155523148	0.3	0.0296226
1619.0	1	10	0.0223125	0.7539942687987455	0.3	0.0295924
1619.5	1	10	0.02228125	0.7537074372002084	0.3	0.029562199999999997
1620.0	1	10	0.02225	0.7534200189624813	0.3	0.029532000000000003
1620.5	1	10	0.02221875	0.7531320122839962	0.3	0.0295018
1621.0	1	10	0.0221875	0.7528434153558001	0.3	0.0294716
1621.5	1	10	0.02215625	0.7525542263615181	0.3	0.029441399999999996
1622.0	1	10	0.022125	0.7522644434773148	0.3	0.0294112
1622.5	1	10	0.02209375	0.7519740648718559	0.3	0.029381
1623.0	1	10	0.0220625	0.7516830887062703	0.3	0.029350800000000003
1623.5	1	10	0.02203125	0.7513915131341105	0.3	0.0293206
1624.0	1	10	0.022	0.7510993363013136	0.3	0.029290400000000005
1624.5	1	10	0.021968750000000002	0.7508065563461631	0.3	0.0292602
1625.0	1	10	0.0219375	0.7505131713992473	0.3	0.029229999999999996
1625.5	1	10	0.021906250000000002	0.7502191795834219	0.3	0.029199799999999998
1626.0	1	10	0.021875	0.7499245790137677	0.3	0.029169599999999997
1626.5	1	10	0.021843750000000002	0.7496293677975525	0.3	0.029139400000000003
1627.0	1	10	0.0218125	0.7493335440341885	0.3	0.0291092
1627.5	1	10	0.021781250000000002	0.7490371058151931	0.3	0.029079000000000004
1628.0	1	10	0.021750000000000002	0.748740051224147	0.3	0.029048800000000003
1628.5	1	10	0.021718750000000002	0.7484423783366532	0.3	0.0290186
1629.0	1	10	0.021687500000000002	0.7481440852202951	0.3	0.0289884
1629.5	1	10	0.021656250000000002	0.7478451699345955	0.3	0.028958199999999996
1630.0	1	10	0.021625000000000002	0.7475456305309736	0.3	0.028927999999999995
1630.5	1	10	0.021593750000000002	0.747245465052703	0.3	0.028897800000000005
1631.0	1	10	0.021562500000000002	0.7469446715348697	0.3	0.028867599999999997
1631.5	1	10	0.021531250000000002	0.7466432480043278	0.3	0.0288374
1632.0	1	10	0.021500000000000002	0.746341192479658	0.3	0.028807199999999998
1632.5	1	10	0.02146875	0.7460385029711228	0.3	0.028777
1633.0	1	10	0.0214375	0.745735177480624	0.3	0.0287468
1633.5	1	10	0.02140625	0.7454312140016577	0.3	0.028716599999999995
1634.0	1	10	0.021375	0.7451266105192705	0.3	0.028686399999999997
1634.5	1	10	0.02134375	0.7448213650100154	0.3	0.0286562
1635.0	1	10	0.0213125	0.7445154754419061	0.3	0.028626
1635.5	1	10	0.02128125	0.7442089397743725	0.3	0.0285958
1636.0	1	10	0.02125	0.7439017559582155	0.3	0.0285656
1636.5	1	10	0.02121875	0.7435939219355608	0.3	0.028535399999999995
1637.0	1	10	0.0211875	0.7432854356398131	0.3	0.0285052
1637.5	1	10	0.02115625	0.7429762949956102	0.3	0.028475
1638.0	1	10	0.021125	0.742666497918776	0.3	0.0284448
1638.5	1	10	0.02109375	0.7423560423162742	0.3	0.028414599999999998
1639.0	1	10	0.0210625	0.74204492608616	0.3	0.0283844
1639.5	1	10	0.02103125	0.7417331471175347	0.3	0.028354199999999996
1640.0	1	10	0.021	0.7414207032904958	0.3	0.028324
1640.5	1	10	0.02096875	0.7411075924760901	0.3	0.028293800000000004
1641.0	1	10	0.0209375	0.7407938125362657	0.3	0.0282636
1641.5	1	10	0.02090625	0.7404793613238222	0.3	0.0282334
1642.0	1	10	0.020875	0.7401642366823623	0.3	0.0282032
1642.5	1	10	0.02084375	0.7398484364462429	0.3	0.028173
1643.0	1	10	0.0208125	0.7395319584405248	0.3	0.0281428
1643.5	1	10	0.02078125	0.7392148004809231	0.3	0.0281126
1644.0	1	10	0.02075	0.7388969603737573	0.3	0.028082399999999997
1644.5	1	10	0.02071875	0.7385784359158997	0.3	0.0280522
1645.0	1	10	0.0206875	0.7382592248947256	0.3	0.028022
1645.5	1	10	0.02065625	0.7379393250880615	0.3	0.027991800000000004
1646.0	1	10	0.020625	0.7376187342641337	0.3	0.0279616
1646.5	1	10	0.02059375	0.7372974501815163	0.3	0.027931399999999995
1647.0	1	10	0.0205625	0.7369754705890786	0.3	0.0279012
1647.5	1	10	0.02053125	0.7366527932259338	0.3	0.027870999999999996
1648.0	1	10	0.0205	0.7363294158213846	0.3	0.027840799999999995
1648.5	1	10	0.02046875	0.7360053360948704	0.3	0.027810599999999998
1649.0	1	10	0.0204375	0.7356805517559143	0.3	0.0277804
1649.5	1	10	0.02040625	0.7353550605040685	0.3	0.0277502
1650.0	1	10	0.020375	0.73502886002886	0.3	0.02772
1650.5	1	10	0.02034375	0.7347019480097364	0.3	0.027689800000000004
1651.0	1	10	0.0203125	0.7343743221160104	0.3	0.0276596
1651.5	1	10	0.02028125	0.7340459800068044	0.3	0.0276294
1652.0	1	10	0.02025	0.7337169193309951	0.3	0.0275992
1652.5	1	10	0.02021875	0.7333871377271574	0.3	0.027569
1653.0	1	10	0.0201875	0.7330566328235073	0.3	0.0275388
1653.5	1	10	0.02015625	0.7327254022378457	0.3	0.027508599999999998
1654.0	1	10	0.020125	0.7323934435775009	0.3	0.027478399999999997
1654.5	1	10	0.02009375	0.7320607544392711	0.3	0.0274482
1655.0	1	10	0.0200625	0.7317273324093662	0.3	0.027417999999999998
1655.5	1	10	0.02003125	0.7313931750633493	0.3	0.0273878
1656.0	1	10	0.02	0.731058279966079	0.3	0.027357599999999996
1656.5	1	10	0.01996875	0.7307226446716483	0.3	0.0273274
1657.0	1	10	0.0199375	0.730386266723327	0.3	0.027297199999999997
1657.5	1	10	0.01990625	0.7300491436535006	0.3	0.027267
1658.0	1	10	0.019875	0.7297112729836105	0.3	0.0272368
1658.5	1	10	0.01984375	0.7293726522240926	0.3	0.0272066
1659.0	1	10	0.0198125	0.7290332788743175	0.3	0.0271764
1659.5	1	10	0.01978125	0.7286931504225269	0.3	0.0271462
1660.0	1	10	0.01975	0.7283522643457737	0.3	0.027115999999999998
1660.5	1	10	0.01971875	0.7280106181098583	0.3	0.0270858
1661.0	1	10	0.0196875	0.7276682091692663	0.3	0.027055599999999996
1661.5	1	10	0.01965625	0.7273250349671051	0.3	0.027025399999999995
1662.0	1	10	0.019625	0.7269810929350403	0.3	0.0269952
1662.5	1	10	0.01959375	0.726636380493232	0.3	0.026965
1663.0	1	10	0.0195625	0.7262908950502696	0.3	0.0269348
1663.5	1	10	0.01953125	0.7259446340031073	0.3	0.0269046
1664.0	1	10	0.0195	0.7255975947369988	0.3	0.0268744
1664.5	1	10	0.01946875	0.7252497746254313	0.3	0.026844199999999995
1665.0	1	10	0.0194375	0.724901171030059	0.3	0.026813999999999998
1665.5	1	10	0.01940625	0.7245517813006369	0.3	0.0267838
1666.0	1	10	0.019375	0.7242016027749537	0.3	0.0267536
1666.5	1	10	0.01934375	0.7238506327787632	0.3	0.0267234
1667.0	1	10	0.0193125	0.7234988686257174	0.3	0.0266932
1667.5	1	10	0.01928125	0.7231463076172974	0.3	0.026663
1668.0	1	10	0.01925	0.7227929470427443	0.3	0.026632799999999998
1668.5	1	10	0.01921875	0.72243878417899	0.3	0.026602600000000004
1669.0	1	10	0.0191875	0.7220838162905873	0.3	0.0265724
1669.5	1	10	0.01915625	0.7217280406296389	0.3	0.0265422
1670.0	1	10	0.019125	0.7213714544357271	0.3	0.026512
1670.5	1	10	0.01909375	0.7210140549358427	0.3	0.026481800000000003
1671.0	1	10	0.0190625	0.7206558393443119	0.3	0.0264516
1671.5	1	10	0.01903125	0.720296804862725	0.3	0.026421399999999998
1672.0	1	10	0.019	0.7199369486798629	0.3	0.026391200000000004
1672.5	1	10	0.01896875	0.7195762679716248	0.3	0.026361
1673.0	1	10	0.0189375	0.7192147599009524	0.3	0.0263308
1673.5	1	10	0.01890625	0.7188524216177578	0.3	0.0263006
1674.0	1	10	0.018875000000000003	0.7184892502588466	0.3	0.026270400000000003
1674.5	1	10	0.01884375	0.7181252429478434	0.3	0.026240199999999998
1675.0	1	10	0.018812500000000003	0.7177603967951165	0.3	0.026209999999999997
1675.5	1	10	0.01878125	0.7173947088976997	0.3	0.0261798
1676.0	1	10	0.018750000000000003	0.7170281763392176	0.3	0.0261496
1676.5	1	10	0.01871875	0.7166607961898053	0.3	0.026119399999999997
1677.0	1	10	0.018687500000000003	0.7162925655060333	0.3	0.0260892
1677.5	1	10	0.018656250000000003	0.7159234813308263	0.3	0.026059000000000002
1678.0	1	10	0.018625000000000003	0.715553540693386	0.3	0.026028799999999998
1678.5	1	10	0.018593750000000003	0.7151827406091098	0.3	0.0259986
1679.0	1	10	0.018562500000000003	0.7148110780795122	0.3	0.025968399999999996
1679.5	1	10	0.018531250000000003	0.7144385500921422	0.3	0.0259382
1680.0	1	10	0.018500000000000003	0.7140651536205034	0.3	0.025908
1680.5	1	10	0.018468750000000003	0.7136908856239712	0.3	0.0258778
1681.0	1	10	0.018437500000000002	0.7133157430477106	0.3	0.0258476
1681.5	1	10	0.018406250000000002	0.7129397228225925	0.3	0.025817400000000004
1682.0	1	10	0.018375000000000002	0.7125628218651114	0.3	0.025787200000000003
1682.5	1	10	0.018343750000000002	0.7121850370772995	0.3	0.025757
1683.0	1	10	0.018312500000000002	0.7118063653466424	0.3	0.0257268
1683.5	1	10	0.018281250000000002	0.7114268035459945	0.3	0.0256966
1684.0	1	10	0.018250000000000002	0.7110463485334914	0.3	0.0256664
1684.5	1	10	0.018218750000000002	0.7106649971524642	0.3	0.025636199999999998
1685.0	1	10	0.018187500000000002	0.7102827462313521	0.3	0.025606
1685.5	1	10	0.018156250000000002	0.7098995925836143	0.3	0.025575799999999996
1686.0	1	10	0.018125000000000002	0.7095155330076413	0.3	0.0255456
1686.5	1	10	0.018093750000000002	0.7091305642866662	0.3	0.025515399999999997
1687.0	1	10	0.018062500000000002	0.7087446831886743	0.3	0.025485199999999996
1687.5	1	10	0.018031250000000002	0.7083578864663133	0.3	0.025454999999999995
1688.0	1	10	0.018000000000000002	0.7079701708568014	0.3	0.0254248
1688.5	1	10	0.017968750000000002	0.7075815330818364	0.3	0.0253946
1689.0	1	10	0.017937500000000002	0.7071919698475029	0.3	0.025364400000000002
1689.5	1	10	0.017906250000000002	0.706801477844179	0.3	0.025334200000000005
1690.0	1	10	0.017875000000000002	0.7064100537464433	0.3	0.025304
1690.5	1	10	0.017843750000000002	0.7060176942129796	0.3	0.025273799999999996
1691.0	1	10	0.017812500000000002	0.7056243958864823	0.3	0.025243599999999995
1691.5	1	10	0.017781250000000002	0.7052301553935606	0.3	0.0252134
1692.0	1	10	0.017750000000000002	0.7048349693446425	0.3	0.025183200000000003
1692.5	1	10	0.017718750000000002	0.7044388343338768	0.3	0.025153
1693.0	1	10	0.017687500000000002	0.7040417469390355	0.3	0.0251228
1693.5	1	10	0.017656250000000002	0.7036437037214159	0.3	0.025092600000000003
1694.0	1	10	0.017625000000000002	0.7032447012257407	0.3	0.0250624
1694.5	1	10	0.017593750000000002	0.7028447359800578	0.3	0.025032199999999998
1695.0	1	10	0.0175625	0.7024438044956404	0.3	0.025002000000000003
1695.5	1	10	0.01753125	0.7020419032668851	0.3	0.0249718
1696.0	1	10	0.0175	0.7016390287712095	0.3	0.0249416
1696.5	1	10	0.01746875	0.70123517746895	0.3	0.0249114
1697.0	1	10	0.0174375	0.7008303458032572	0.3	0.0248812
1697.5	1	10	0.01740625	0.7004245301999921	0.3	0.024850999999999998
1698.0	1	10	0.017375	0.7000177270676208	0.3	0.0248208
1698.5	1	10	0.01734375	0.6996099327971087	0.3	0.024790599999999996
1699.0	1	10	0.0173125	0.6992011437618133	0.3	0.0247604
1699.5	1	10	0.01728125	0.6987913563173772	0.3	0.0247302
1700.0	1	10	0.01725	0.6983805668016195	0.3	0.0247
1700.5	1	10	0.01721875	0.6979687715344268	0.3	0.0246698
1701.0	1	10	0.0171875	0.6975559668176433	0.3	0.024639599999999994
1701.5	1	10	0.01715625	0.6971421489349598	0.3	0.0246094
1702.0	1	10	0.017125	0.6967273141518032	0.3	0.0245792
1702.5	1	10	0.01709375	0.6963114587152226	0.3	0.024549
1703.0	1	10	0.0170625	0.6958945788537776	0.3	0.0245188
1703.5	1	10	0.01703125	0.695476670777423	0.3	0.0244886
1704.0	1	10	0.017	0.6950577306773952	0.3	0.024458399999999998
1704.5	1	10	0.01696875	0.6946377547260952	0.3	0.024428200000000004
1705.0	1	10	0.0169375	0.6942167390769736	0.3	0.024398
1705.5	1	10	0.01690625	0.6937946798644113	0.3	0.024367799999999995
1706.0	1	10	0.016875	0.6933715732036027	0.3	0.024337600000000004
1706.5	1	10	0.01684375	0.6929474151904359	0.3	0.024307399999999996
1707.0	1	10	0.0168125	0.6925222019013726	0.3	0.024277199999999995
1707.5	1	10	0.01678125	0.6920959293933271	0.3	0.024246999999999998
1708.0	1	10	0.01675	0.6916685937035447	0.3	0.0242168
1708.5	1	10	0.01671875	0.6912401908494787	0.3	0.024186599999999996
1709.0	1	10	0.0166875	0.6908107168286666	0.3	0.024156399999999998
1709.5	1	10	0.01665625	0.6903801676186055	0.3	0.024126199999999997
1710.0	1	10	0.016625	0.6899485391766269	0.3	0.024096
1710.5	1	10	0.01659375	0.6895158274397694	0.3	0.0240658
1711.0	1	10	0.0165625	0.6890820283246518	0.3	0.024035599999999997
1711.5	1	10	0.01653125	0.6886471377273448	0.3	0.024005399999999996
1712.0	1	10	0.0165	0.6882111515232407	0.3	0.0239752
1712.5	1	10	0.01646875	0.6877740655669242	0.3	0.023945
1713.0	1	10	0.0164375	0.6873358756920401	0.3	0.0239148
1713.5	1	10	0.01640625	0.6868965777111612	0.3	0.0238846
1714.0	1	10	0.016375	0.6864561674156551	0.3	0.023854399999999998
1714.5	1	10	0.01634375	0.6860146405755493	0.3	0.0238242
1715.0	1	10	0.0163125	0.6855719929393965	0.3	0.023794
1715.5	1	10	0.01628125	0.6851282202341377	0.3	0.0237638
1716.0	1	10	0.01625	0.6846833181649644	0.3	0.0237336
1716.5	1	10	0.01621875	0.684237282415181	0.3	0.0237034
1717.0	1	10	0.0161875	0.6837901086460639	0.3	0.0236732
1717.5	1	10	0.01615625	0.6833417924967222	0.3	0.023642999999999997
1718.0	1	10	0.016125	0.6828923295839545	0.3	0.023612799999999996
1718.5	1	10	0.01609375	0.6824417155021075	0.3	0.0235826
1719.0	1	10	0.0160625	0.6819899458229309	0.3	0.023552400000000005
1719.5	1	10	0.01603125	0.6815370160954333	0.3	0.0235222
1720.0	1	10	0.016	0.6810829218457347	0.3	0.023492000000000002
1720.5	1	10	0.01596875	0.6806276585769209	0.3	0.023461799999999998
1721.0	1	10	0.0159375	0.6801712217688933	0.3	0.0234316
1721.5	1	10	0.01590625	0.679713606878221	0.3	0.023401399999999996
1722.0	1	10	0.015875	0.6792548093379887	0.3	0.0233712
1722.5	1	10	0.01584375	0.6787948245576453	0.3	0.023341000000000004
1723.0	1	10	0.0158125	0.6783336479228512	0.3	0.0233108
1723.5	1	10	0.01578125	0.6778712747953232	0.3	0.023280600000000002
1724.0	1	10	0.01575	0.6774077005126794	0.3	0.0232504
1724.5	1	10	0.01571875	0.6769429203882826	0.3	0.0232202
1725.0	1	10	0.0156875	0.6764769297110824	0.3	0.02319
1725.5	1	10	0.01565625	0.6760097237454554	0.3	0.0231598
1726.0	1	10	0.015625	0.6755412977310459	0.3	0.023129600000000004
1726.5	1	10	0.015593750000000002	0.6750716468826031	0.3	0.0230994
1727.0	1	10	0.015562500000000002	0.6746007663898186	0.3	0.023069199999999998
1727.5	1	10	0.015531250000000002	0.6741286514171623	0.3	0.023039
1728.0	1	10	0.015500000000000002	0.673655297103717	0.3	0.023008799999999996
1728.5	1	10	0.015468750000000002	0.6731806985630109	0.3	0.022978600000000002
1729.0	1	10	0.015437500000000002	0.6727048508828503	0.3	0.0229484
1729.5	1	10	0.015406250000000002	0.6722277491251495	0.3	0.0229182
1730.0	1	10	0.015375000000000002	0.6717493883257604	0.3	0.022887999999999995
1730.5	1	10	0.015343750000000001	0.6712697634942997	0.3	0.022857799999999998
1731.0	1	10	0.015312500000000001	0.6707888696139761	0.3	0.0228276
1731.5	1	10	0.015281250000000001	0.6703067016414154	0.3	0.022797399999999995
1732.0	1	10	0.015250000000000001	0.6698232545064831	0.3	0.022767199999999998
1732.5	1	10	0.015218750000000001	0.6693385231121081	0.3	0.022737
1733.0	1	10	0.015187500000000001	0.6688525023341026	0.3	0.0227068
1733.5	1	10	0.015156250000000001	0.6683651870209821	0.3	0.022676599999999998
1734.0	1	10	0.015125000000000001	0.6678765719937828	0.3	0.022646399999999997
1734.5	1	10	0.015093750000000001	0.6673866520458787	0.3	0.0226162
1735.0	1	10	0.015062500000000001	0.6668954219427964	0.3	0.022586000000000005
1735.5	1	10	0.015031250000000001	0.666402876422029	0.3	0.0225558
1736.0	1	10	0.015000000000000001	0.6659090101928473	0.3	0.0225256
1736.5	1	10	0.014968750000000001	0.6654138179361114	0.3	0.022495400000000002
1737.0	1	10	0.014937500000000001	0.6649172943040793	0.3	0.022465199999999998
1737.5	1	10	0.014906250000000001	0.664419433920214	0.3	0.022435
1738.0	1	10	0.014875000000000001	0.6639202313789903	0.3	0.022404800000000002
1738.5	1	10	0.014843750000000001	0.6634196812456983	0.3	0.0223746
1739.0	1	10	0.014812500000000001	0.6629177780562467	0.3	0.022344400000000004
1739.5	1	10	0.014781250000000001	0.6624145163169641	0.3	0.022314200000000003
1740.0	1	10	0.014750000000000001	0.6619098905043979	0.3	0.022283999999999998
1740.5	1	10	0.014718750000000001	0.6614038950651125	0.3	0.0222538
1741.0	1	10	0.014687500000000001	0.6608965244154863	0.3	0.0222236
1741.5	1	10	0.014656250000000001	0.6603877729415052	0.3	0.0221934
1742.0	1	10	0.014625	0.6598776349985562	0.3	0.022163199999999997
1742.5	1	10	0.01459375	0.6593661049112186	0.3	0.022133
1743.0	1	10	0.0145625	0.6588531769730532	0.3	0.0221028
1743.5	1	10	0.01453125	0.6583388454463907	0.3	0.022072599999999998
1744.0	1	10	0.0145	0.6578231045621167	0.3	0.0220424
1744.5	1	10	0.01446875	0.6573059485194575	0.3	0.0220122
1745.0	1	10	0.0144375	0.656787371485761	0.3	0.021982
1745.5	1	10	0.01440625	0.6562673675962791	0.3	0.0219518
1746.0	1	10	0.014375	0.6557459309539451	0.3	0.0219216
1746.5	1	10	0.01434375	0.6552230556291513	0.3	0.0218914
1747.0	1	10	0.0143125	0.6546987356595247	0.3	0.021861199999999997
1747.5	1	10	0.01428125	0.6541729650497	0.3	0.021830999999999996
1748.0	1	10	0.01425	0.653645737771091	0.3	0.0218008
1748.5	1	10	0.01421875	0.6531170477616602	0.3	0.0217706
1749.0	1	10	0.0141875	0.6525868889256867	0.3	0.021740400000000003
1749.5	1	10	0.01415625	0.6520552551335318	0.3	0.021710199999999995
1750.0	1	10	0.014125	0.6515221402214023	0.3	0.021679999999999998
1750.5	1	10	0.01409375	0.6509875379911132	0.3	0.021649799999999997
1751.0	1	10	0.0140625	0.6504514422098466	0.3	0.0216196
1751.5	1	10	0.01403125	0.6499138466099104	0.3	0.0215894
1752.0	1	10	0.014	0.6493747448884931	0.3	0.0215592
1752.5	1	10	0.01396875	0.6488341307074179	0.3	0.021529
1753.0	1	10	0.0139375	0.6482919976928946	0.3	0.0214988
1753.5	1	10	0.01390625	0.6477483394352683	0.3	0.021468599999999997
1754.0	1	10	0.013875	0.6472031494887678	0.3	0.0214384
1754.5	1	10	0.01384375	0.6466564213712503	0.3	0.0214082
1755.0	1	10	0.0138125	0.6461081485639442	0.3	0.021378000000000005
1755.5	1	10	0.01378125	0.6455583245111909	0.3	0.0213478
1756.0	1	10	0.01375	0.6450069426201824	0.3	0.0213176
1756.5	1	10	0.01371875	0.6444539962606989	0.3	0.021287399999999998
1757.0	1	10	0.0136875	0.6438994787648421	0.3	0.0212572
1757.5	1	10	0.01365625	0.6433433834267678	0.3	0.021227
1758.0	1	10	0.013625	0.6427857035024154	0.3	0.021196800000000002
1758.5	1	10	0.01359375	0.6422264322092353	0.3	0.0211666
1759.0	1	10	0.0135625	0.6416655627259136	0.3	0.0211364
1759.5	1	10	0.01353125	0.6411030881920953	0.3	0.0211062
1760.0	1	10	0.0135	0.6405390017081041	0.3	0.021075999999999998
1760.5	1	10	0.01346875	0.6399732963346606	0.3	0.0210458
1761.0	1	10	0.0134375	0.639405965092598	0.3	0.021015599999999995
1761.5	1	10	0.01340625	0.6388370009625739	0.3	0.0209854
1762.0	1	10	0.013375	0.6382663968847827	0.3	0.0209552
1762.5	1	10	0.01334375	0.6376941457586619	0.3	0.020925
1763.0	1	10	0.0133125	0.6371202404425982	0.3	0.020894799999999998
1763.5	1	10	0.01328125	0.6365446737536307	0.3	0.020864599999999994
1764.0	1	10	0.01325	0.6359674384671504	0.3	0.020834400000000003
1764.5	1	10	0.01321875	0.6353885273165996	0.3	0.0208042
1765.0	1	10	0.0131875	0.6348079329931645	0.3	0.020774
1765.5	1	10	0.01315625	0.63422564814547	0.3	0.0207438
1766.0	1	10	0.013125	0.6336416653792677	0.3	0.020713600000000002
1766.5	1	10	0.01309375	0.6330559772571241	0.3	0.020683399999999998
1767.0	1	10	0.0130625	0.6324685762981039	0.3	0.0206532
1767.5	1	10	0.01303125	0.6318794549774523	0.3	0.020623
1768.0	1	10	0.013	0.6312886057262732	0.3	0.0205928
1768.5	1	10	0.01296875	0.6306960209312051	0.3	0.0205626
1769.0	1	10	0.012937500000000001	0.6301016929340945	0.3	0.0205324
1769.5	1	10	0.012906250000000001	0.629505614031665	0.3	0.020502199999999995
1770.0	1	10	0.012875000000000001	0.6289077764751858	0.3	0.020471999999999997
1770.5	1	10	0.012843750000000001	0.6283081724701348	0.3	0.0204418
1771.0	1	10	0.012812500000000001	0.6277067941758608	0.3	0.020411600000000002
1771.5	1	10	0.012781250000000001	0.627103633705241	0.3	0.0203814
1772.0	1	10	0.012750000000000001	0.6264986831243367	0.3	0.020351200000000003
1772.5	1	10	0.012718750000000001	0.6258919344520447	0.3	0.020321
1773.0	1	10	0.0126875	0.6252833796597473	0.3	0.020290799999999998
1773.5	1	10	0.01265625	0.6246730106709576	0.3	0.020260599999999997
1774.0	1	10	0.012625	0.6240608193609618	0.3	0.0202304
1774.5	1	10	0.01259375	0.6234467975564598	0.3	0.0202002
1775.0	1	10	0.0125625	0.6228309370352009	0.3	0.020169999999999997
1775.5	1	10	0.01253125	0.622213229525616	0.3	0.0201398
1776.0	1	10	0.0125	0.6215936667064488	0.3	0.0201096
1776.5	1	10	0.01246875	0.6209722402063808	0.3	0.020079399999999997
1777.0	1	10	0.0124375	0.6203489416036551	0.3	0.0200492
1777.5	1	10	0.01240625	0.6197237624256957	0.3	0.020019
1778.0	1	10	0.012375	0.6190966941487233	0.3	0.019988800000000004
1778.5	1	10	0.01234375	0.6184677281973686	0.3	0.0199586
1779.0	1	10	0.0123125	0.6178368559442806	0.3	0.0199284
1779.5	1	10	0.01228125	0.6172040687097327	0.3	0.019898199999999998
1780.0	1	10	0.01225	0.6165693577612242	0.3	0.019867999999999997
1780.5	1	10	0.01221875	0.6159327143130792	0.3	0.0198378
1781.0	1	10	0.0121875	0.6152941295260405	0.3	0.0198076
1781.5	1	10	0.01215625	0.6146535945068614	0.3	0.0197774
1782.0	1	10	0.012125	0.6140111003078917	0.3	0.019747200000000003
1782.5	1	10	0.01209375	0.6133666379266624	0.3	0.019717
1783.0	1	10	0.0120625	0.6127201983054636	0.3	0.019686799999999997
1783.5	1	10	0.01203125	0.6120717723309219	0.3	0.0196566
1784.0	1	10	0.012	0.6114213508335712	0.3	0.0196264
1784.5	1	10	0.01196875	0.6107689245874199	0.3	0.019596200000000005
1785.0	1	10	0.0119375	0.6101144843095165	0.3	0.019566
1785.5	1	10	0.01190625	0.6094580206595072	0.3	0.0195358
1786.0	1	10	0.011875	0.6087995242391929	0.3	0.019505599999999998
1786.5	1	10	0.01184375	0.6081389855920803	0.3	0.019475399999999997
1787.0	1	10	0.0118125	0.6074763952029293	0.3	0.0194452
1787.5	1	10	0.01178125	0.6068117434972958	0.3	0.019415
1788.0	1	10	0.01175	0.6061450208410714	0.3	0.0193848
1788.5	1	10	0.01171875	0.6054762175400163	0.3	0.0193546
1789.0	1	10	0.0116875	0.6048053238392913	0.3	0.0193244
1789.5	1	10	0.01165625	0.6041323299229822	0.3	0.019294199999999994
1790.0	1	10	0.011625	0.6034572259136213	0.3	0.019264
1790.5	1	10	0.01159375	0.602780001871705	0.3	0.019233800000000002
1791.0	1	10	0.0115625	0.602100647795205	0.3	0.0192036
1791.5	1	10	0.01153125	0.6014191536190764	0.3	0.0191734
1792.0	1	10	0.0115	0.6007355092147604	0.3	0.0191432
1792.5	1	10	0.01146875	0.6000497043896824	0.3	0.019112999999999998
1793.0	1	10	0.0114375	0.5993617288867462	0.3	0.019082799999999997
1793.5	1	10	0.01140625	0.5986715723838216	0.3	0.0190526
1794.0	1	10	0.011375	0.597979224493229	0.3	0.0190224
1794.5	1	10	0.01134375	0.5972846747612177	0.3	0.0189922
1795.0	1	10	0.0113125	0.5965879126674402	0.3	0.018962
1795.5	1	10	0.01128125	0.5958889276244204	0.3	0.018931799999999995
1796.0	1	10	0.01125	0.5951877089770179	0.3	0.018901599999999998
1796.5	1	10	0.01121875	0.5944842460018865	0.3	0.018871399999999997
1797.0	1	10	0.0111875	0.5937785279069274	0.3	0.0188412
1797.5	1	10	0.01115625	0.5930705438307373	0.3	0.018810999999999998
1798.0	1	10	0.011125	0.5923602828420514	0.3	0.0187808
1798.5	1	10	0.01109375	0.5916477339391806	0.3	0.018750600000000003
1799.0	1	10	0.0110625	0.5909328860494434	0.3	0.018720399999999998
1799.5	1	10	0.01103125	0.5902157280285926	0.3	0.018690199999999997
1800.0	1	10	0.011	0.5894962486602358	0.3	0.01866
