#mT Tbq_005 Tbq_01 Tbq_02 Tbq_03
600.0 0.8745 1.75 3.5 5.2
600.5 0.8728250000000001 1.7466475 3.493225 5.189875
601.0 0.8711500000000001 1.743295 3.48645 5.17975
601.5 0.8694750000000001 1.7399425 3.479675 5.169625
602.0 0.8678 1.73659 3.4729 5.1595
602.5 0.866125 1.7332375 3.466125 5.149375
603.0 0.86445 1.729885 3.45935 5.1392500000000005
603.5 0.8627750000000001 1.7265325 3.452575 5.129125
604.0 0.8611000000000001 1.72318 3.4458 5.119
604.5 0.8594250000000001 1.7198275 3.439025 5.108875
605.0 0.85775 1.716475 3.43225 5.09875
605.5 0.856075 1.7131224999999999 3.425475 5.088625
606.0 0.8544 1.70977 3.4187 5.0785
606.5 0.8527250000000001 1.7064175 3.411925 5.0683750000000005
607.0 0.8510500000000001 1.703065 3.40515 5.05825
607.5 0.8493750000000001 1.6997125 3.398375 5.048125
608.0 0.8477 1.69636 3.3916 5.038
608.5 0.846025 1.6930075 3.3848249999999998 5.027875
609.0 0.84435 1.689655 3.37805 5.01775
609.5 0.8426750000000001 1.6863025 3.371275 5.007625
610.0 0.8410000000000001 1.68295 3.3645 4.9975000000000005
610.5 0.8393250000000001 1.6795975 3.357725 4.987375
611.0 0.83765 1.676245 3.35095 4.97725
611.5 0.835975 1.6728925 3.344175 4.967125
612.0 0.8343 1.66954 3.3374 4.957
612.5 0.8326250000000001 1.6661875 3.330625 4.946875
613.0 0.8309500000000001 1.662835 3.3238499999999997 4.93675
613.5 0.8292750000000001 1.6594825 3.317075 4.9266250000000005
614.0 0.8276000000000001 1.65613 3.3103 4.9165
614.5 0.825925 1.6527775 3.303525 4.906375
615.0 0.82425 1.649425 3.29675 4.89625
615.5 0.8225750000000001 1.6460725 3.289975 4.886125
616.0 0.8209000000000001 1.64272 3.2832 4.876
616.5 0.8192250000000001 1.6393675 3.2764249999999997 4.865875
617.0 0.8175500000000001 1.636015 3.26965 4.8557500000000005
617.5 0.815875 1.6326625 3.2628749999999997 4.845625
618.0 0.8142 1.62931 3.2561 4.8355
618.5 0.812525 1.6259575 3.249325 4.825375
619.0 0.8108500000000001 1.622605 3.24255 4.81525
619.5 0.8091750000000001 1.6192525 3.235775 4.805125
620.0 0.8075000000000001 1.6159 3.229 4.795
620.5 0.805825 1.6125475 3.222225 4.784875
621.0 0.80415 1.609195 3.2154499999999997 4.77475
621.5 0.802475 1.6058425 3.208675 4.7646250000000006
622.0 0.8008000000000001 1.60249 3.2018999999999997 4.7545
622.5 0.7991250000000001 1.5991374999999999 3.195125 4.744375
623.0 0.7974500000000001 1.595785 3.18835 4.73425
623.5 0.7957750000000001 1.5924325 3.181575 4.724125
624.0 0.7941 1.58908 3.1748 4.714
624.5 0.792425 1.5857275 3.168025 4.703875
625.0 0.7907500000000001 1.5823749999999999 3.16125 4.69375
625.5 0.7890750000000001 1.5790225 3.1544749999999997 4.683625
626.0 0.7874000000000001 1.57567 3.1477 4.6735
626.5 0.785725 1.5723175 3.1409249999999997 4.663375
627.0 0.78405 1.568965 3.13415 4.65325
627.5 0.782375 1.5656124999999999 3.127375 4.643125
628.0 0.7807000000000001 1.56226 3.1206 4.633
628.5 0.7790250000000001 1.5589075 3.113825 4.6228750000000005
629.0 0.7773500000000001 1.555555 3.10705 4.61275
629.5 0.7756750000000001 1.5522025 3.100275 4.602625
630.0 0.774 1.54885 3.0934999999999997 4.5925
630.5 0.772325 1.5454975 3.086725 4.582375
631.0 0.7706500000000001 1.5421449999999999 3.0799499999999997 4.57225
631.5 0.7689750000000001 1.5387925 3.073175 4.562125
632.0 0.7673000000000001 1.53544 3.0664 4.552
632.5 0.7656250000000001 1.5320875 3.059625 4.541875
633.0 0.76395 1.528735 3.05285 4.53175
633.5 0.762275 1.5253825 3.046075 4.521625
634.0 0.7606 1.52203 3.0393 4.5115
634.5 0.7589250000000001 1.5186775 3.0325249999999997 4.501375
635.0 0.7572500000000001 1.515325 3.02575 4.49125
635.5 0.7555750000000001 1.5119725 3.0189749999999997 4.4811250000000005
636.0 0.7539 1.50862 3.0122 4.471
636.5 0.752225 1.5052675 3.005425 4.460875
637.0 0.75055 1.501915 2.9986499999999996 4.45075
637.5 0.7488750000000001 1.4985625 2.991875 4.440625
638.0 0.7472000000000001 1.49521 2.9851 4.4305
638.5 0.7455250000000001 1.4918575 2.978325 4.420375
639.0 0.7438500000000001 1.488505 2.9715499999999997 4.41025
639.5 0.742175 1.4851524999999999 2.964775 4.400125
640.0 0.7405 1.4818 2.9579999999999997 4.39
640.5 0.7388250000000001 1.4784475 2.951225 4.379875
641.0 0.7371500000000001 1.475095 2.94445 4.36975
641.5 0.7354750000000001 1.4717425 2.9376749999999996 4.359625
642.0 0.7338 1.4683899999999999 2.9309 4.3495
642.5 0.7321250000000001 1.4650375 2.9241249999999996 4.339375
643.0 0.73045 1.461685 2.91735 4.32925
643.5 0.7287750000000001 1.4583325 2.9105749999999997 4.319125
644.0 0.7271000000000001 1.45498 2.9038 4.309
644.5 0.7254250000000001 1.4516274999999998 2.8970249999999997 4.298875
645.0 0.7237500000000001 1.448275 2.89025 4.28875
645.5 0.722075 1.4449224999999999 2.883475 4.278625
646.0 0.7204 1.44157 2.8766999999999996 4.2684999999999995
646.5 0.7187250000000001 1.4382175 2.869925 4.258375
647.0 0.7170500000000001 1.4348649999999998 2.8631499999999996 4.24825
647.5 0.7153750000000001 1.4315125 2.856375 4.238125
648.0 0.7137 1.42816 2.8495999999999997 4.228
648.5 0.7120250000000001 1.4248075 2.842825 4.217875
649.0 0.71035 1.421455 2.8360499999999997 4.20775
649.5 0.708675 1.4181024999999998 2.829275 4.197625
650.0 0.7070000000000001 1.41475 2.8225 4.1875
650.5 0.7053250000000001 1.4113974999999999 2.8157249999999996 4.177375
651.0 0.7036500000000001 1.408045 2.80895 4.16725
651.5 0.7019750000000001 1.4046925 2.8021749999999996 4.157125
652.0 0.7003 1.40134 2.7954 4.147
652.5 0.698625 1.3979875 2.7886249999999997 4.136875
653.0 0.6969500000000001 1.3946349999999998 2.78185 4.12675
653.5 0.6952750000000001 1.3912825 2.7750749999999997 4.116625
654.0 0.6936000000000001 1.3879299999999999 2.7683 4.1065
654.5 0.6919250000000001 1.3845775 2.761525 4.096375
655.0 0.69025 1.381225 2.7547499999999996 4.08625
655.5 0.688575 1.3778725 2.747975 4.076125
656.0 0.6869000000000001 1.37452 2.7411999999999996 4.066
656.5 0.6852250000000001 1.3711674999999999 2.734425 4.055875
657.0 0.6835500000000001 1.367815 2.7276499999999997 4.04575
657.5 0.6818750000000001 1.3644625 2.720875 4.035625
658.0 0.6802 1.36111 2.7140999999999997 4.0255
658.5 0.678525 1.3577575 2.707325 4.015375
659.0 0.6768500000000001 1.3544049999999999 2.70055 4.00525
659.5 0.6751750000000001 1.3510525 2.693775 3.995125
660.0 0.6735000000000001 1.3477 2.687 3.985
660.5 0.6718250000000001 1.3443475 2.6802249999999996 3.974875
661.0 0.67015 1.340995 2.67345 3.96475
661.5 0.668475 1.3376424999999998 2.6666749999999997 3.954625
662.0 0.6668000000000001 1.33429 2.6599 3.9445
662.5 0.6651250000000001 1.3309374999999999 2.6531249999999997 3.934375
663.0 0.6634500000000001 1.327585 2.64635 3.92425
663.5 0.6617750000000001 1.3242325 2.639575 3.914125
664.0 0.6601000000000001 1.3208799999999998 2.6328 3.904
664.5 0.658425 1.3175275 2.626025 3.893875
665.0 0.6567500000000001 1.3141749999999999 2.61925 3.88375
665.5 0.6550750000000001 1.3108225 2.612475 3.873625
666.0 0.6534000000000001 1.30747 2.6056999999999997 3.8635
666.5 0.6517250000000001 1.3041175 2.598925 3.8533749999999998
667.0 0.6500500000000001 1.300765 2.5921499999999997 3.84325
667.5 0.648375 1.2974124999999999 2.585375 3.833125
668.0 0.6467 1.29406 2.5786 3.823
668.5 0.6450250000000001 1.2907075 2.571825 3.812875
669.0 0.6433500000000001 1.287355 2.56505 3.80275
669.5 0.6416750000000001 1.2840025 2.558275 3.792625
670.0 0.6400000000000001 1.2806499999999998 2.5515 3.7824999999999998
670.5 0.638325 1.2772975 2.5447249999999997 3.772375
671.0 0.63665 1.2739449999999999 2.53795 3.76225
671.5 0.6349750000000001 1.2705925 2.5311749999999997 3.752125
672.0 0.6333000000000001 1.26724 2.5244 3.742
672.5 0.6316250000000001 1.2638875 2.517625 3.731875
673.0 0.6299500000000001 1.260535 2.51085 3.72175
673.5 0.6282750000000001 1.2571824999999999 2.504075 3.7116249999999997
674.0 0.6266 1.25383 2.4973 3.7015
674.5 0.6249250000000001 1.2504775 2.490525 3.691375
675.0 0.6232500000000001 1.247125 2.4837499999999997 3.68125
675.5 0.6215750000000001 1.2437725 2.476975 3.671125
676.0 0.6199000000000001 1.2404199999999999 2.4701999999999997 3.661
676.5 0.618225 1.2370675 2.463425 3.650875
677.0 0.61655 1.233715 2.45665 3.6407499999999997
677.5 0.6148750000000001 1.2303625 2.449875 3.6306249999999998
678.0 0.6132000000000001 1.22701 2.4431 3.6205
678.5 0.6115250000000001 1.2236574999999998 2.436325 3.610375
679.0 0.6098500000000001 1.220305 2.42955 3.60025
679.5 0.6081750000000001 1.2169524999999999 2.4227749999999997 3.590125
680.0 0.6065 1.2136 2.416 3.58
680.5 0.6048250000000001 1.2102475 2.4092249999999997 3.5698749999999997
681.0 0.6031500000000001 1.2068949999999998 2.40245 3.5597499999999997
681.5 0.6014750000000001 1.2035425 2.3956749999999998 3.549625
682.0 0.5998000000000001 1.2001899999999999 2.3889 3.5395
682.5 0.5981250000000001 1.1968375 2.382125 3.529375
683.0 0.59645 1.193485 2.37535 3.51925
683.5 0.594775 1.1901324999999998 2.368575 3.509125
684.0 0.5931000000000001 1.18678 2.3617999999999997 3.4989999999999997
684.5 0.5914250000000001 1.1834274999999999 2.355025 3.4888749999999997
685.0 0.5897500000000001 1.180075 2.34825 3.47875
685.5 0.5880750000000001 1.1767225 2.341475 3.468625
686.0 0.5864 1.1733699999999998 2.3346999999999998 3.4585
686.5 0.584725 1.1700175 2.327925 3.448375
687.0 0.5830500000000001 1.1666649999999998 2.32115 3.43825
687.5 0.5813750000000001 1.1633125 2.314375 3.4281249999999996
688.0 0.5797000000000001 1.1599599999999999 2.3076 3.4179999999999997
688.5 0.5780250000000001 1.1566074999999998 2.3008249999999997 3.4078749999999998
689.0 0.5763500000000001 1.153255 2.29405 3.39775
689.5 0.574675 1.1499025 2.287275 3.387625
690.0 0.5730000000000001 1.14655 2.2805 3.3775
690.5 0.5713250000000001 1.1431974999999999 2.2737249999999998 3.367375
691.0 0.5696500000000001 1.139845 2.26695 3.3572499999999996
691.5 0.5679750000000001 1.1364925 2.260175 3.3471249999999997
692.0 0.5663 1.13314 2.2534 3.3369999999999997
692.5 0.5646250000000002 1.1297875 2.246625 3.326875
693.0 0.5629500000000001 1.1264349999999999 2.23985 3.31675
693.5 0.5612750000000001 1.1230825 2.233075 3.306625
694.0 0.5596000000000001 1.11973 2.2263 3.2965
694.5 0.5579250000000001 1.1163775 2.219525 3.2863749999999996
695.0 0.5562500000000001 1.113025 2.2127499999999998 3.2762499999999997
695.5 0.554575 1.1096724999999998 2.205975 3.2661249999999997
696.0 0.5529000000000001 1.10632 2.1992 3.256
696.5 0.5512250000000001 1.1029674999999999 2.192425 3.245875
697.0 0.5495500000000001 1.099615 2.18565 3.23575
697.5 0.5478750000000001 1.0962625 2.178875 3.225625
698.0 0.5462 1.0929099999999998 2.1721 3.2154999999999996
698.5 0.5445250000000001 1.0895575 2.165325 3.2053749999999996
699.0 0.54285 1.0862049999999999 2.15855 3.1952499999999997
699.5 0.5411750000000001 1.0828525 2.1517749999999998 3.1851249999999998
700.0 0.5395000000000001 1.0795 2.145 3.175
700.5 0.5378250000000001 1.0761474999999998 2.138225 3.164875
701.0 0.5361500000000001 1.072795 2.13145 3.15475
701.5 0.534475 1.0694424999999999 2.124675 3.144625
702.0 0.5328 1.06609 2.1179 3.1344999999999996
702.5 0.5311250000000001 1.0627375 2.111125 3.1243749999999997
703.0 0.5294500000000001 1.059385 2.10435 3.1142499999999997
703.5 0.5277750000000001 1.0560325 2.097575 3.104125
704.0 0.5261000000000001 1.0526799999999998 2.0908 3.094
704.5 0.524425 1.0493275 2.084025 3.083875
705.0 0.52275 1.0459749999999999 2.0772500000000003 3.07375
705.5 0.5210750000000001 1.0426225 2.070475 3.0636249999999996
706.0 0.5194000000000001 1.03927 2.0637 3.0534999999999997
706.5 0.5177250000000001 1.0359174999999998 2.056925 3.0433749999999997
707.0 0.5160500000000001 1.032565 2.05015 3.03325
707.5 0.514375 1.0292124999999999 2.043375 3.023125
708.0 0.5127 1.02586 2.0366 3.013
708.5 0.5110250000000001 1.0225075 2.029825 3.002875
709.0 0.5093500000000001 1.019155 2.02305 2.99275
709.5 0.5076750000000001 1.0158025 2.0162750000000003 2.9826249999999996
710.0 0.5060000000000001 1.0124499999999999 2.0095 2.9724999999999997
710.5 0.504325 1.0090975 2.002725 2.9623749999999998
711.0 0.50265 1.005745 1.9959500000000001 2.95225
711.5 0.5009750000000001 1.0023925 1.9891750000000001 2.942125
712.0 0.4993000000000001 0.9990399999999999 1.9824000000000002 2.932
712.5 0.4976250000000001 0.9956875 1.975625 2.921875
713.0 0.49595000000000006 0.992335 1.96885 2.9117499999999996
713.5 0.4942750000000001 0.9889825 1.962075 2.9016249999999997
714.0 0.49260000000000004 0.98563 1.9553 2.8914999999999997
714.5 0.49092500000000006 0.9822774999999999 1.948525 2.881375
715.0 0.4892500000000001 0.9789249999999999 1.94175 2.87125
715.5 0.4875750000000001 0.9755725 1.9349750000000001 2.861125
716.0 0.48590000000000005 0.97222 1.9282000000000001 2.851
716.5 0.48422500000000007 0.9688675 1.9214250000000002 2.8408749999999996
717.0 0.48255000000000003 0.9655149999999999 1.91465 2.8307499999999997
717.5 0.48087500000000005 0.9621624999999999 1.9078750000000002 2.8206249999999997
718.0 0.47920000000000007 0.9588099999999999 1.9011 2.8104999999999998
718.5 0.47752500000000003 0.9554575 1.894325 2.800375
719.0 0.47585000000000005 0.952105 1.88755 2.79025
719.5 0.47417500000000007 0.9487525 1.880775 2.780125
720.0 0.47250000000000003 0.9454 1.874 2.7699999999999996
720.5 0.47082500000000005 0.9420474999999999 1.8672250000000001 2.7598749999999996
721.0 0.46915000000000007 0.938695 1.8604500000000002 2.7497499999999997
721.5 0.4674750000000001 0.9353425 1.8536750000000002 2.7396249999999998
722.0 0.46580000000000005 0.93199 1.8469000000000002 2.7295
722.5 0.46412500000000007 0.9286375 1.840125 2.719375
723.0 0.46245 0.925285 1.83335 2.70925
723.5 0.46077500000000005 0.9219325 1.826575 2.6991249999999996
724.0 0.45910000000000006 0.91858 1.8198 2.6889999999999996
724.5 0.457425 0.9152275 1.813025 2.6788749999999997
725.0 0.45575000000000004 0.911875 1.8062500000000001 2.6687499999999997
725.5 0.45407500000000006 0.9085225 1.7994750000000002 2.658625
726.0 0.4524 0.90517 1.7927000000000002 2.6485
726.5 0.45072500000000004 0.9018174999999999 1.7859250000000002 2.638375
727.0 0.44905000000000006 0.898465 1.77915 2.6282499999999995
727.5 0.447375 0.8951125 1.7723750000000003 2.6181249999999996
728.0 0.44570000000000004 0.89176 1.7656 2.6079999999999997
728.5 0.44402500000000006 0.8884075 1.758825 2.5978749999999997
729.0 0.44235 0.885055 1.75205 2.5877499999999998
729.5 0.44067500000000004 0.8817025000000001 1.7452750000000001 2.577625
730.0 0.43900000000000006 0.87835 1.7385000000000002 2.5675
730.5 0.437325 0.8749975 1.7317250000000002 2.5573749999999995
731.0 0.43565000000000004 0.871645 1.7249500000000002 2.5472499999999996
731.5 0.433975 0.8682925 1.718175 2.5371249999999996
732.0 0.4323 0.86494 1.7114000000000003 2.5269999999999997
732.5 0.43062500000000004 0.8615875 1.704625 2.5168749999999998
733.0 0.42895000000000005 0.8582350000000001 1.69785 2.50675
733.5 0.427275 0.8548825 1.691075 2.496625
734.0 0.42560000000000003 0.85153 1.6843000000000001 2.4864999999999995
734.5 0.423925 0.8481775 1.6775250000000002 2.4763749999999995
735.0 0.42225 0.844825 1.6707500000000002 2.4662499999999996
735.5 0.42057500000000003 0.8414725000000001 1.6639750000000002 2.4561249999999997
736.0 0.41890000000000005 0.83812 1.6572000000000002 2.4459999999999997
736.5 0.417225 0.8347675 1.6504250000000003 2.435875
737.0 0.41555000000000003 0.831415 1.64365 2.42575
737.5 0.413875 0.8280625 1.6368750000000003 2.4156249999999995
738.0 0.4122 0.82471 1.6301 2.4054999999999995
738.5 0.41052500000000003 0.8213575 1.6233250000000001 2.3953749999999996
739.0 0.40885000000000005 0.8180050000000001 1.6165500000000002 2.3852499999999996
739.5 0.407175 0.8146525 1.6097750000000002 2.3751249999999997
740.0 0.4055 0.8113 1.6030000000000002 2.3649999999999998
740.5 0.403825 0.8079475 1.5962250000000002 2.354875
741.0 0.40215 0.8045950000000001 1.5894500000000003 2.3447499999999994
741.5 0.400475 0.8012425000000001 1.582675 2.3346249999999995
742.0 0.39880000000000004 0.79789 1.5759000000000003 2.3244999999999996
742.5 0.397125 0.7945375000000001 1.569125 2.3143749999999996
743.0 0.39545 0.791185 1.5623500000000003 2.3042499999999997
743.5 0.393775 0.7878325 1.5555750000000002 2.2941249999999997
744.0 0.3921 0.7844800000000001 1.5488000000000002 2.284
744.5 0.390425 0.7811275 1.5420250000000002 2.2738749999999994
745.0 0.38875000000000004 0.7777750000000001 1.5352500000000002 2.2637499999999995
745.5 0.387075 0.7744225 1.5284750000000003 2.2536249999999995
746.0 0.38539999999999996 0.7710700000000001 1.5217 2.2434999999999996
746.5 0.383725 0.7677175 1.5149250000000003 2.2333749999999997
747.0 0.38205 0.7643650000000001 1.50815 2.2232499999999997
747.5 0.380375 0.7610125000000001 1.5013750000000003 2.213125
748.0 0.37870000000000004 0.75766 1.4946000000000002 2.2029999999999994
748.5 0.377025 0.7543075000000001 1.4878250000000002 2.1928749999999995
749.0 0.37534999999999996 0.750955 1.4810500000000002 2.1827499999999995
749.5 0.373675 0.7476025000000001 1.4742750000000002 2.1726249999999996
750.0 0.372 0.7442500000000001 1.4675000000000002 2.1624999999999996
750.5 0.370325 0.7408975000000001 1.4607250000000003 2.1523749999999997
751.0 0.36865 0.7375450000000001 1.4539500000000003 2.1422499999999998
751.5 0.366975 0.7341925 1.4471750000000003 2.132125
752.0 0.3653 0.73084 1.4404000000000003 2.1219999999999994
752.5 0.363625 0.7274875000000001 1.4336250000000001 2.1118749999999995
753.0 0.36195 0.7241350000000001 1.4268500000000002 2.1017499999999996
753.5 0.360275 0.7207825000000001 1.4200750000000002 2.0916249999999996
754.0 0.3586 0.7174300000000001 1.4133000000000002 2.0814999999999997
754.5 0.356925 0.7140775 1.4065250000000002 2.0713749999999997
755.0 0.35525 0.710725 1.3997500000000003 2.06125
755.5 0.353575 0.7073725000000001 1.3929750000000003 2.051125
756.0 0.3519 0.7040200000000001 1.3862000000000003 2.0409999999999995
756.5 0.350225 0.7006675000000001 1.3794250000000001 2.0308749999999995
757.0 0.34854999999999997 0.697315 1.3726500000000001 2.0207499999999996
757.5 0.346875 0.6939625 1.3658750000000002 2.0106249999999997
758.0 0.3452 0.6906100000000001 1.3591000000000002 2.0004999999999997
758.5 0.34352499999999997 0.6872575000000001 1.3523250000000002 1.9903749999999998
759.0 0.34185 0.6839050000000001 1.3455500000000002 1.9802499999999996
759.5 0.340175 0.6805525000000001 1.3387750000000003 1.9701249999999997
760.0 0.3385 0.6772 1.3320000000000003 1.9599999999999997
760.5 0.336825 0.6738475 1.325225 1.9498749999999998
761.0 0.33515 0.6704950000000001 1.3184500000000001 1.9397499999999996
761.5 0.33347499999999997 0.6671425000000001 1.3116750000000001 1.9296249999999997
762.0 0.3318 0.6637900000000001 1.3049000000000002 1.9194999999999998
762.5 0.330125 0.6604375 1.2981250000000002 1.9093749999999998
763.0 0.32845 0.657085 1.2913500000000002 1.8992499999999997
763.5 0.326775 0.6537325 1.2845750000000002 1.8891249999999997
764.0 0.3251 0.6503800000000001 1.2778000000000003 1.8789999999999998
764.5 0.323425 0.6470275000000001 1.2710250000000003 1.8688749999999996
765.0 0.32175 0.643675 1.26425 1.8587499999999997
765.5 0.320075 0.6403225 1.2574750000000001 1.8486249999999997
766.0 0.3184 0.63697 1.2507000000000001 1.8384999999999998
766.5 0.316725 0.6336175000000001 1.2439250000000002 1.8283749999999999
767.0 0.31505 0.6302650000000001 1.2371500000000002 1.8182499999999997
767.5 0.313375 0.6269125000000001 1.2303750000000002 1.8081249999999998
768.0 0.3117 0.62356 1.2236000000000002 1.7979999999999998
768.5 0.310025 0.6202075 1.216825 1.7878749999999997
769.0 0.30835 0.616855 1.2100500000000003 1.7777499999999997
769.5 0.306675 0.6135025000000001 1.203275 1.7676249999999998
770.0 0.305 0.6101500000000001 1.1965000000000001 1.7574999999999998
770.5 0.303325 0.6067975000000001 1.1897250000000001 1.747375
771.0 0.30165 0.603445 1.1829500000000002 1.7372499999999997
771.5 0.299975 0.6000925 1.1761750000000002 1.7271249999999998
772.0 0.2983 0.59674 1.1694000000000002 1.7169999999999999
772.5 0.296625 0.5933875000000001 1.1626250000000002 1.7068749999999997
773.0 0.29495 0.5900350000000001 1.15585 1.6967499999999998
773.5 0.293275 0.5866825 1.149075 1.6866249999999998
774.0 0.29159999999999997 0.58333 1.1423 1.6764999999999999
774.5 0.289925 0.5799775 1.1355250000000001 1.6663749999999997
775.0 0.28825 0.576625 1.1287500000000001 1.6562499999999998
775.5 0.286575 0.5732725000000001 1.1219750000000002 1.6461249999999998
776.0 0.2849 0.56992 1.1152000000000002 1.6359999999999997
776.5 0.283225 0.5665675 1.108425 1.6258749999999997
777.0 0.28154999999999997 0.563215 1.1016500000000002 1.6157499999999998
777.5 0.279875 0.5598625 1.094875 1.6056249999999999
778.0 0.2782 0.5565100000000001 1.0881 1.5955
778.5 0.276525 0.5531575 1.081325 1.585375
779.0 0.27485 0.549805 1.0745500000000001 1.5752499999999998
779.5 0.273175 0.5464525 1.0677750000000001 1.5651249999999999
780.0 0.27149999999999996 0.5431 1.0610000000000002 1.5549999999999997
780.5 0.269825 0.5397475 1.0542250000000002 1.5448749999999998
781.0 0.26815 0.536395 1.04745 1.5347499999999998
781.5 0.266475 0.5330425000000001 1.040675 1.524625
782.0 0.2648 0.52969 1.0339 1.5145
782.5 0.263125 0.5263375 1.027125 1.5043749999999998
783.0 0.26144999999999996 0.522985 1.02035 1.4942499999999999
783.5 0.259775 0.5196325 1.0135750000000001 1.4841249999999997
784.0 0.2581 0.5162800000000001 1.0068000000000001 1.4739999999999998
784.5 0.256425 0.5129275 1.0000250000000002 1.4638749999999998
785.0 0.25475 0.509575 0.9932500000000001 1.4537499999999999
785.5 0.253075 0.5062225 0.9864750000000001 1.443625
786.0 0.2514 0.50287 0.9797 1.4335
786.5 0.24972499999999997 0.4995175 0.972925 1.4233749999999998
787.0 0.24805 0.496165 0.9661500000000001 1.41325
787.5 0.24637499999999998 0.4928125 0.9593750000000001 1.4031249999999997
788.0 0.2447 0.48946 0.9526000000000001 1.3929999999999998
788.5 0.243025 0.4861075 0.945825 1.3828749999999999
789.0 0.24134999999999998 0.482755 0.93905 1.37275
789.5 0.239675 0.4794025 0.9322750000000001 1.362625
790.0 0.238 0.47605000000000003 0.9255000000000001 1.3525
790.5 0.23632499999999998 0.4726975 0.918725 1.3423749999999999
791.0 0.23465 0.469345 0.91195 1.33225
791.5 0.232975 0.46599250000000003 0.9051750000000001 1.3221249999999998
792.0 0.2313 0.46264 0.8984000000000001 1.3119999999999998
792.5 0.229625 0.4592875 0.891625 1.301875
793.0 0.22794999999999999 0.455935 0.88485 1.29175
793.5 0.226275 0.4525825 0.878075 1.281625
794.0 0.2246 0.44923 0.8713000000000001 1.2715
794.5 0.22292499999999998 0.4458775 0.864525 1.261375
795.0 0.22125 0.442525 0.85775 1.25125
795.5 0.219575 0.4391725 0.850975 1.2411249999999998
796.0 0.21789999999999998 0.43582 0.8442000000000001 1.2309999999999999
796.5 0.216225 0.4324675 0.837425 1.220875
797.0 0.21455 0.42911499999999997 0.83065 1.21075
797.5 0.21287499999999998 0.4257625 0.823875 1.200625
798.0 0.2112 0.42241 0.8171 1.1905
798.5 0.209525 0.41905749999999997 0.8103250000000001 1.180375
799.0 0.20784999999999998 0.415705 0.80355 1.1702499999999998
799.5 0.206175 0.4123525 0.796775 1.1601249999999999
800.0 0.2045 0.409 0.79 1.15
800.5 0.2041535 0.4083075 0.7886525000000001 1.1480249999999999
801.0 0.203807 0.40761499999999995 0.787305 1.14605
801.5 0.2034605 0.40692249999999996 0.7859575000000001 1.144075
802.0 0.203114 0.40623 0.78461 1.1421
802.5 0.2027675 0.4055375 0.7832625000000001 1.1401249999999998
803.0 0.202421 0.40484499999999995 0.781915 1.13815
803.5 0.2020745 0.40415249999999997 0.7805675000000001 1.136175
804.0 0.201728 0.40346 0.77922 1.1341999999999999
804.5 0.2013815 0.4027675 0.7778725000000001 1.1322249999999998
805.0 0.201035 0.40207499999999996 0.776525 1.13025
805.5 0.2006885 0.4013825 0.7751775000000001 1.128275
806.0 0.200342 0.40069 0.77383 1.1262999999999999
806.5 0.1999955 0.3999975 0.7724825000000001 1.1243249999999998
807.0 0.199649 0.39930499999999997 0.771135 1.12235
807.5 0.1993025 0.3986125 0.7697875000000001 1.120375
808.0 0.198956 0.39792 0.76844 1.1183999999999998
808.5 0.1986095 0.39722749999999996 0.7670925000000001 1.116425
809.0 0.198263 0.39653499999999997 0.765745 1.11445
809.5 0.1979165 0.3958425 0.7643975000000001 1.1124749999999999
810.0 0.19757 0.39515 0.76305 1.1104999999999998
810.5 0.1972235 0.39445749999999996 0.7617025000000001 1.108525
811.0 0.196877 0.393765 0.760355 1.10655
811.5 0.1965305 0.3930725 0.7590075000000001 1.1045749999999999
812.0 0.196184 0.39237999999999995 0.75766 1.1025999999999998
812.5 0.1958375 0.39168749999999997 0.7563125 1.100625
813.0 0.195491 0.390995 0.754965 1.09865
813.5 0.1951445 0.3903025 0.7536175 1.0966749999999998
814.0 0.194798 0.38960999999999996 0.75227 1.0947
814.5 0.1944515 0.38891749999999997 0.7509225 1.092725
815.0 0.194105 0.388225 0.749575 1.0907499999999999
815.5 0.1937585 0.3875325 0.7482275 1.0887749999999998
816.0 0.193412 0.38683999999999996 0.74688 1.0868
816.5 0.1930655 0.3861475 0.7455325 1.084825
817.0 0.192719 0.385455 0.744185 1.0828499999999999
817.5 0.1923725 0.3847625 0.7428375 1.0808749999999998
818.0 0.192026 0.38406999999999997 0.74149 1.0789
818.5 0.1916795 0.3833775 0.7401425 1.076925
819.0 0.191333 0.382685 0.738795 1.0749499999999999
819.5 0.1909865 0.38199249999999996 0.7374475 1.072975
820.0 0.19064 0.3813 0.7361 1.071
820.5 0.1902935 0.3806075 0.7347525 1.069025
821.0 0.189947 0.379915 0.733405 1.0670499999999998
821.5 0.1896005 0.37922249999999996 0.7320575 1.065075
822.0 0.189254 0.37853 0.73071 1.0631
822.5 0.1889075 0.3778375 0.7293625 1.0611249999999999
823.0 0.18856099999999998 0.377145 0.728015 1.0591499999999998
823.5 0.1882145 0.37645249999999997 0.7266675 1.057175
824.0 0.18786799999999998 0.37576 0.72532 1.0552
824.5 0.1875215 0.3750675 0.7239725 1.0532249999999999
825.0 0.18717499999999998 0.374375 0.7226250000000001 1.05125
825.5 0.1868285 0.3736825 0.7212775 1.049275
826.0 0.18648199999999998 0.37299 0.71993 1.0473
826.5 0.1861355 0.3722975 0.7185825 1.0453249999999998
827.0 0.18578899999999998 0.37160499999999996 0.7172350000000001 1.04335
827.5 0.1854425 0.3709125 0.7158875 1.041375
828.0 0.18509599999999998 0.37022 0.71454 1.0393999999999999
828.5 0.1847495 0.3695275 0.7131925 1.0374249999999998
829.0 0.18440299999999998 0.36883499999999997 0.7118450000000001 1.03545
829.5 0.18405649999999998 0.3681425 0.7104975 1.033475
830.0 0.18370999999999998 0.36745 0.7091500000000001 1.0314999999999999
830.5 0.18336349999999998 0.36675749999999996 0.7078025 1.0295249999999998
831.0 0.18301699999999999 0.366065 0.706455 1.02755
831.5 0.18267049999999999 0.3653725 0.7051075 1.025575
832.0 0.18232399999999999 0.36468 0.70376 1.0235999999999998
832.5 0.1819775 0.3639875 0.7024125 1.0216249999999998
833.0 0.181631 0.363295 0.701065 1.01965
833.5 0.1812845 0.3626025 0.6997175 1.0176749999999999
834.0 0.180938 0.36191 0.69837 1.0156999999999998
834.5 0.1805915 0.36121749999999997 0.6970225 1.013725
835.0 0.180245 0.360525 0.695675 1.01175
835.5 0.1798985 0.3598325 0.6943275 1.0097749999999999
836.0 0.179552 0.35914 0.69298 1.0077999999999998
836.5 0.1792055 0.3584475 0.6916325 1.005825
837.0 0.178859 0.357755 0.690285 1.00385
837.5 0.1785125 0.3570625 0.6889375 1.0018749999999998
838.0 0.178166 0.35636999999999996 0.68759 0.9998999999999999
838.5 0.1778195 0.3556775 0.6862425 0.997925
839.0 0.177473 0.354985 0.684895 0.9959499999999999
839.5 0.1771265 0.3542925 0.6835475 0.9939749999999998
840.0 0.17678 0.3536 0.6822 0.9919999999999999
840.5 0.1764335 0.3529075 0.6808525 0.9900249999999999
841.0 0.176087 0.352215 0.679505 0.9880499999999999
841.5 0.1757405 0.3515225 0.6781575 0.9860749999999999
842.0 0.175394 0.35083 0.67681 0.9840999999999999
842.5 0.1750475 0.3501375 0.6754625 0.9821249999999999
843.0 0.174701 0.349445 0.674115 0.9801499999999999
843.5 0.1743545 0.3487525 0.6727675 0.9781749999999999
844.0 0.174008 0.34806 0.67142 0.9762
844.5 0.1736615 0.3473675 0.6700725 0.9742249999999999
845.0 0.173315 0.346675 0.668725 0.9722499999999998
845.5 0.1729685 0.34598249999999997 0.6673775 0.9702749999999999
846.0 0.172622 0.34529 0.66603 0.9682999999999999
846.5 0.1722755 0.3445975 0.6646825000000001 0.9663249999999999
847.0 0.171929 0.343905 0.663335 0.9643499999999999
847.5 0.1715825 0.34321250000000003 0.6619875 0.9623749999999999
848.0 0.171236 0.34252 0.66064 0.9603999999999999
848.5 0.1708895 0.3418275 0.6592925000000001 0.9584249999999999
849.0 0.170543 0.34113499999999997 0.657945 0.9564499999999999
849.5 0.1701965 0.3404425 0.6565975 0.9544749999999999
850.0 0.16985 0.33975 0.65525 0.9524999999999999
850.5 0.1695035 0.3390575 0.6539025 0.950525
851.0 0.169157 0.33836499999999997 0.652555 0.9485499999999999
851.5 0.1688105 0.3376725 0.6512075 0.9465749999999999
852.0 0.168464 0.33698 0.64986 0.9445999999999999
852.5 0.1681175 0.3362875 0.6485125 0.9426249999999999
853.0 0.167771 0.335595 0.647165 0.9406499999999999
853.5 0.1674245 0.3349025 0.6458175 0.9386749999999999
854.0 0.167078 0.33421 0.64447 0.9366999999999999
854.5 0.1667315 0.33351749999999997 0.6431225 0.9347249999999999
855.0 0.166385 0.332825 0.641775 0.9327499999999999
855.5 0.1660385 0.3321325 0.6404275 0.9307749999999999
856.0 0.165692 0.33144 0.63908 0.9287999999999998
856.5 0.1653455 0.33074749999999997 0.6377325 0.9268249999999999
857.0 0.164999 0.330055 0.636385 0.92485
857.5 0.1646525 0.3293625 0.6350375 0.9228749999999999
858.0 0.164306 0.32867 0.63369 0.9208999999999999
858.5 0.1639595 0.3279775 0.6323425 0.9189249999999999
859.0 0.163613 0.327285 0.630995 0.9169499999999999
859.5 0.1632665 0.3265925 0.6296475 0.9149749999999999
860.0 0.16292 0.32589999999999997 0.6283 0.9129999999999999
860.5 0.1625735 0.3252075 0.6269525 0.9110249999999999
861.0 0.162227 0.324515 0.625605 0.9090499999999999
861.5 0.1618805 0.3238225 0.6242575 0.9070749999999999
862.0 0.161534 0.32313 0.62291 0.9050999999999999
862.5 0.16118749999999998 0.3224375 0.6215625 0.903125
863.0 0.160841 0.321745 0.620215 0.9011499999999999
863.5 0.16049449999999998 0.32105249999999996 0.6188675 0.899175
864.0 0.16014799999999998 0.32036 0.61752 0.8971999999999999
864.5 0.15980149999999999 0.3196675 0.6161725 0.8952249999999999
865.0 0.15945499999999999 0.318975 0.614825 0.8932499999999999
865.5 0.15910849999999999 0.31828249999999997 0.6134775 0.8912749999999999
866.0 0.158762 0.31759 0.61213 0.8892999999999999
866.5 0.1584155 0.3168975 0.6107825 0.8873249999999999
867.0 0.158069 0.31620499999999996 0.609435 0.8853499999999999
867.5 0.1577225 0.3155125 0.6080875 0.8833749999999999
868.0 0.157376 0.31482 0.60674 0.8813999999999999
868.5 0.1570295 0.3141275 0.6053925 0.8794249999999999
869.0 0.156683 0.31343499999999996 0.6040449999999999 0.8774499999999998
869.5 0.1563365 0.3127425 0.6026975 0.8754749999999999
870.0 0.15599 0.31205 0.6013499999999999 0.8734999999999999
870.5 0.1556435 0.3113575 0.6000025 0.8715249999999999
871.0 0.155297 0.31066499999999997 0.5986549999999999 0.8695499999999999
871.5 0.1549505 0.3099725 0.5973075 0.8675749999999999
872.0 0.154604 0.30928 0.5959599999999999 0.8655999999999999
872.5 0.1542575 0.30858749999999996 0.5946125 0.8636249999999999
873.0 0.153911 0.307895 0.5932649999999999 0.8616499999999999
873.5 0.1535645 0.3072025 0.5919175 0.8596749999999999
874.0 0.153218 0.30651 0.59057 0.8576999999999999
874.5 0.1528715 0.30581749999999996 0.5892225 0.8557249999999998
875.0 0.152525 0.305125 0.5878749999999999 0.8537499999999999
875.5 0.1521785 0.3044325 0.5865275 0.851775
876.0 0.151832 0.30374 0.58518 0.8497999999999999
876.5 0.1514855 0.30304749999999997 0.5838325 0.8478249999999999
877.0 0.151139 0.302355 0.5824849999999999 0.8458499999999999
877.5 0.1507925 0.3016625 0.5811375 0.8438749999999999
878.0 0.150446 0.30096999999999996 0.57979 0.8418999999999999
878.5 0.1500995 0.3002775 0.5784425 0.8399249999999999
879.0 0.149753 0.299585 0.577095 0.8379499999999999
879.5 0.1494065 0.2988925 0.5757475 0.8359749999999999
880.0 0.14906 0.29819999999999997 0.5744 0.8339999999999999
880.5 0.1487135 0.2975075 0.5730525 0.8320249999999999
881.0 0.148367 0.296815 0.571705 0.8300499999999998
881.5 0.1480205 0.29612249999999996 0.5703575 0.8280749999999999
882.0 0.147674 0.29542999999999997 0.56901 0.8260999999999998
882.5 0.1473275 0.2947375 0.5676625 0.8241249999999999
883.0 0.146981 0.294045 0.566315 0.8221499999999999
883.5 0.1466345 0.29335249999999996 0.5649675 0.8201749999999999
884.0 0.146288 0.29266 0.56362 0.8181999999999999
884.5 0.1459415 0.2919675 0.5622725 0.8162249999999999
885.0 0.145595 0.29127499999999995 0.560925 0.8142499999999999
885.5 0.1452485 0.29058249999999997 0.5595775 0.8122749999999999
886.0 0.144902 0.28989 0.55823 0.8102999999999999
886.5 0.1445555 0.2891975 0.5568825 0.8083249999999998
887.0 0.14420899999999998 0.28850499999999996 0.555535 0.8063499999999999
887.5 0.1438625 0.28781249999999997 0.5541874999999999 0.8043749999999998
888.0 0.14351599999999998 0.28712 0.55284 0.8023999999999999
888.5 0.1431695 0.28642749999999995 0.5514924999999999 0.8004249999999999
889.0 0.14282299999999998 0.28573499999999996 0.550145 0.7984499999999999
889.5 0.1424765 0.2850425 0.5487974999999999 0.7964749999999998
890.0 0.14212999999999998 0.28435 0.54745 0.7944999999999999
890.5 0.14178349999999998 0.28365749999999995 0.5461024999999999 0.7925249999999999
891.0 0.14143699999999998 0.28296499999999997 0.544755 0.7905499999999999
891.5 0.14109049999999998 0.2822725 0.5434074999999999 0.7885749999999999
892.0 0.14074399999999998 0.28157999999999994 0.54206 0.7865999999999999
892.5 0.14039749999999998 0.28088749999999996 0.5407124999999999 0.7846249999999999
893.0 0.14005099999999998 0.28019499999999997 0.539365 0.7826499999999998
893.5 0.13970449999999998 0.2795025 0.5380174999999999 0.7806749999999999
894.0 0.13935799999999998 0.27880999999999995 0.53667 0.7787
894.5 0.13901149999999998 0.27811749999999996 0.5353224999999999 0.7767249999999999
895.0 0.13866499999999998 0.277425 0.533975 0.7747499999999998
895.5 0.13831849999999998 0.27673249999999994 0.5326274999999999 0.7727749999999999
896.0 0.13797199999999998 0.27603999999999995 0.53128 0.7707999999999999
896.5 0.13762549999999998 0.27534749999999997 0.5299324999999999 0.7688249999999999
897.0 0.13727899999999998 0.274655 0.528585 0.7668499999999999
897.5 0.13693249999999998 0.2739625 0.5272375 0.7648749999999999
898.0 0.13658599999999999 0.27326999999999996 0.52589 0.7628999999999999
898.5 0.13623949999999999 0.2725775 0.5245424999999999 0.7609249999999999
899.0 0.13589299999999999 0.271885 0.523195 0.7589499999999999
899.5 0.1355465 0.27119249999999995 0.5218475 0.7569749999999998
900.0 0.1352 0.27049999999999996 0.5205 0.7549999999999999
900.5 0.1348535 0.2698075 0.5191525 0.7530249999999999
901.0 0.134507 0.26911499999999994 0.517805 0.7510499999999999
901.5 0.1341605 0.26842249999999995 0.5164575 0.7490749999999999
902.0 0.133814 0.26772999999999997 0.51511 0.7470999999999999
902.5 0.1334675 0.2670375 0.5137625 0.7451249999999999
903.0 0.133121 0.26634499999999994 0.512415 0.7431499999999999
903.5 0.1327745 0.26565249999999996 0.5110675 0.7411749999999999
904.0 0.132428 0.26496 0.50972 0.7391999999999999
904.5 0.1320815 0.2642675 0.5083725 0.7372249999999999
905.0 0.131735 0.26357499999999995 0.507025 0.73525
905.5 0.1313885 0.26288249999999996 0.5056775 0.7332749999999999
906.0 0.131042 0.26219 0.50433 0.7313
906.5 0.1306955 0.26149749999999994 0.5029825 0.7293249999999999
907.0 0.130349 0.26080499999999995 0.5016349999999999 0.7273499999999999
907.5 0.1300025 0.26011249999999997 0.5002875 0.7253749999999999
908.0 0.129656 0.25942 0.49893999999999994 0.7233999999999999
908.5 0.1293095 0.25872749999999994 0.4975925 0.7214249999999999
909.0 0.128963 0.25803499999999996 0.496245 0.7194499999999999
909.5 0.1286165 0.2573425 0.4948975 0.7174749999999999
910.0 0.12827 0.25665 0.49355 0.7154999999999999
910.5 0.1279235 0.25595749999999995 0.4922025 0.713525
911.0 0.127577 0.25526499999999996 0.490855 0.7115499999999999
911.5 0.1272305 0.2545725 0.4895075 0.709575
912.0 0.126884 0.25388 0.48816 0.7075999999999999
912.5 0.1265375 0.25318749999999995 0.4868125 0.705625
913.0 0.126191 0.25249499999999997 0.485465 0.7036499999999999
913.5 0.1258445 0.2518025 0.4841175 0.7016749999999999
914.0 0.125498 0.25110999999999994 0.48277 0.6996999999999999
914.5 0.1251515 0.25041749999999996 0.4814225 0.6977249999999999
915.0 0.12480499999999999 0.24972499999999997 0.480075 0.6957499999999999
915.5 0.12445849999999999 0.24903249999999996 0.4787275 0.6937749999999999
916.0 0.12411199999999999 0.24833999999999998 0.47737999999999997 0.6918
916.5 0.12376549999999999 0.24764749999999996 0.47603249999999997 0.6898249999999999
917.0 0.12341899999999999 0.24695499999999998 0.47468499999999997 0.68785
917.5 0.12307249999999999 0.24626249999999997 0.47333749999999997 0.6858749999999999
918.0 0.12272599999999999 0.24556999999999998 0.47198999999999997 0.6839
918.5 0.12237949999999999 0.24487749999999997 0.47064249999999996 0.6819249999999999
919.0 0.12203299999999999 0.24418499999999999 0.46929499999999996 0.6799499999999999
919.5 0.12168649999999999 0.24349249999999997 0.46794749999999996 0.677975
920.0 0.12133999999999999 0.24279999999999996 0.46659999999999996 0.6759999999999999
920.5 0.12099349999999999 0.24210749999999998 0.46525249999999996 0.674025
921.0 0.12064699999999999 0.24141499999999996 0.46390499999999996 0.6720499999999999
921.5 0.12030049999999999 0.24072249999999998 0.46255749999999995 0.670075
922.0 0.11995399999999999 0.24002999999999997 0.46120999999999995 0.6680999999999999
922.5 0.11960749999999999 0.23933749999999998 0.45986249999999995 0.666125
923.0 0.11926099999999998 0.23864499999999997 0.458515 0.6641499999999999
923.5 0.11891449999999998 0.23795249999999998 0.45716749999999995 0.662175
924.0 0.11856799999999998 0.23725999999999997 0.45582 0.6601999999999999
924.5 0.11822149999999998 0.2365675 0.45447249999999995 0.658225
925.0 0.11787499999999998 0.23587499999999997 0.453125 0.65625
925.5 0.11752849999999998 0.23518249999999996 0.45177749999999994 0.6542749999999999
926.0 0.11718199999999998 0.23448999999999998 0.45043 0.6523
926.5 0.11683549999999998 0.2337975 0.4490825 0.6503249999999999
927.0 0.11648899999999998 0.23310499999999998 0.447735 0.64835
927.5 0.11614249999999998 0.23241249999999997 0.4463875 0.6463749999999999
928.0 0.11579599999999998 0.23171999999999998 0.44504 0.6444
928.5 0.11544949999999998 0.23102749999999997 0.4436925 0.6424249999999999
929.0 0.11510299999999998 0.23033499999999998 0.442345 0.64045
929.5 0.11475649999999998 0.22964249999999997 0.4409975 0.6384749999999999
930.0 0.11440999999999998 0.22895 0.43965 0.6365
930.5 0.11406349999999998 0.22825749999999997 0.4383025 0.634525
931.0 0.11371699999999998 0.22756499999999996 0.436955 0.63255
931.5 0.11337049999999999 0.22687249999999998 0.4356075 0.630575
932.0 0.11302399999999999 0.22618 0.43426 0.6285999999999999
932.5 0.11267749999999999 0.22548749999999998 0.4329125 0.626625
933.0 0.11233099999999999 0.22479499999999997 0.431565 0.6246499999999999
933.5 0.11198449999999999 0.22410249999999998 0.4302175 0.622675
934.0 0.11163799999999999 0.22340999999999997 0.42887 0.6207
934.5 0.11129149999999999 0.22271749999999998 0.42752249999999997 0.618725
935.0 0.11094499999999999 0.22202499999999997 0.42617499999999997 0.6167499999999999
935.5 0.11059849999999999 0.2213325 0.42482749999999997 0.614775
936.0 0.11025199999999999 0.22063999999999998 0.42347999999999997 0.6128
936.5 0.10990549999999999 0.2199475 0.42213249999999997 0.610825
937.0 0.10955899999999999 0.21925499999999998 0.42078499999999996 0.60885
937.5 0.10921249999999999 0.2185625 0.41943749999999996 0.6068749999999999
938.0 0.10886599999999999 0.21786999999999998 0.41808999999999996 0.6049
938.5 0.10851949999999999 0.21717749999999997 0.4167425 0.6029249999999999
939.0 0.10817299999999999 0.21648499999999998 0.41539499999999996 0.60095
939.5 0.10782649999999999 0.2157925 0.4140475 0.598975
940.0 0.10747999999999999 0.21509999999999999 0.41269999999999996 0.597
940.5 0.10713349999999999 0.21440749999999997 0.4113525 0.5950249999999999
941.0 0.10678699999999999 0.213715 0.41000499999999995 0.59305
941.5 0.1064405 0.21302249999999998 0.4086575 0.591075
942.0 0.106094 0.21233 0.40730999999999995 0.5891
942.5 0.10574749999999998 0.21163749999999998 0.4059625 0.587125
943.0 0.10540099999999998 0.210945 0.404615 0.58515
943.5 0.10505449999999998 0.21025249999999998 0.4032675 0.583175
944.0 0.10470799999999998 0.20955999999999997 0.40192 0.5811999999999999
944.5 0.10436149999999998 0.20886749999999998 0.4005725 0.579225
945.0 0.10401499999999998 0.208175 0.399225 0.57725
945.5 0.10366849999999998 0.2074825 0.3978775 0.575275
946.0 0.10332199999999998 0.20678999999999997 0.39653 0.5733
946.5 0.10297549999999998 0.2060975 0.3951825 0.571325
947.0 0.10262899999999998 0.205405 0.393835 0.56935
947.5 0.10228249999999998 0.2047125 0.3924875 0.567375
948.0 0.10193599999999998 0.20401999999999998 0.39114 0.5654
948.5 0.10158949999999999 0.2033275 0.3897925 0.5634250000000001
949.0 0.10124299999999999 0.20263499999999998 0.388445 0.56145
949.5 0.10089649999999999 0.20194249999999997 0.3870975 0.559475
950.0 0.10054999999999999 0.20124999999999998 0.38575 0.5575
950.5 0.10020349999999999 0.20055749999999997 0.3844025 0.555525
951.0 0.09985699999999999 0.199865 0.383055 0.55355
951.5 0.09951049999999999 0.19917249999999997 0.3817075 0.551575
952.0 0.09916399999999999 0.19848 0.38036 0.5496
952.5 0.09881749999999999 0.19778749999999998 0.3790125 0.547625
953.0 0.09847099999999999 0.197095 0.377665 0.54565
953.5 0.09812449999999999 0.19640249999999998 0.37631749999999997 0.543675
954.0 0.09777799999999999 0.19571 0.37496999999999997 0.5417
954.5 0.09743149999999999 0.19501749999999998 0.37362249999999997 0.539725
955.0 0.09708499999999999 0.194325 0.37227499999999997 0.53775
955.5 0.09673849999999999 0.19363249999999999 0.37092749999999997 0.535775
956.0 0.09639199999999999 0.19294 0.36957999999999996 0.5337999999999999
956.5 0.09604549999999999 0.1922475 0.36823249999999996 0.531825
957.0 0.09569899999999999 0.19155499999999998 0.36688499999999996 0.52985
957.5 0.09535249999999999 0.1908625 0.36553749999999996 0.527875
958.0 0.095006 0.19016999999999998 0.36419 0.5259
958.5 0.0946595 0.1894775 0.36284249999999996 0.523925
959.0 0.094313 0.18878499999999998 0.361495 0.52195
959.5 0.0939665 0.1880925 0.3601475 0.519975
960.0 0.09362 0.18739999999999998 0.3588 0.518
960.5 0.0932735 0.1867075 0.3574525 0.516025
961.0 0.092927 0.18601499999999999 0.356105 0.51405
961.5 0.09258049999999998 0.1853225 0.3547575 0.512075
962.0 0.09223399999999998 0.18463 0.35341 0.5101
962.5 0.09188749999999998 0.18393749999999998 0.3520625 0.5081249999999999
963.0 0.09154099999999998 0.183245 0.350715 0.50615
963.5 0.09119449999999998 0.1825525 0.3493675 0.504175
964.0 0.09084799999999998 0.18186 0.34802 0.5022
964.5 0.09050149999999998 0.18116749999999998 0.3466725 0.500225
965.0 0.09015499999999999 0.180475 0.345325 0.49824999999999997
965.5 0.08980849999999999 0.17978249999999998 0.3439775 0.49627499999999997
966.0 0.08946199999999999 0.17909 0.34263 0.49429999999999996
966.5 0.08911549999999999 0.1783975 0.3412825 0.492325
967.0 0.08876899999999999 0.177705 0.339935 0.49035
967.5 0.08842249999999999 0.1770125 0.3385875 0.488375
968.0 0.08807599999999999 0.17632 0.33724 0.4864
968.5 0.08772949999999999 0.1756275 0.3358925 0.484425
969.0 0.08738299999999999 0.174935 0.334545 0.48245
969.5 0.08703649999999999 0.1742425 0.3331975 0.480475
970.0 0.08668999999999999 0.17354999999999998 0.33185 0.4785
970.5 0.08634349999999999 0.1728575 0.3305025 0.476525
971.0 0.08599699999999999 0.17216499999999998 0.329155 0.47454999999999997
971.5 0.08565049999999999 0.1714725 0.3278075 0.47257499999999997
972.0 0.08530399999999999 0.17078 0.32646 0.4706
972.5 0.08495749999999999 0.1700875 0.32511249999999997 0.46862499999999996
973.0 0.08461099999999999 0.169395 0.32376499999999997 0.46665
973.5 0.08426449999999999 0.1687025 0.3224175 0.464675
974.0 0.08391799999999999 0.16801 0.32106999999999997 0.4627
974.5 0.08357149999999999 0.1673175 0.3197225 0.460725
975.0 0.083225 0.166625 0.31837499999999996 0.45875
975.5 0.0828785 0.16593249999999998 0.3170275 0.456775
976.0 0.082532 0.16524 0.31567999999999996 0.4548
976.5 0.0821855 0.1645475 0.3143325 0.452825
977.0 0.081839 0.163855 0.312985 0.45085
977.5 0.0814925 0.1631625 0.3116375 0.44887499999999997
978.0 0.081146 0.16247 0.31029 0.44689999999999996
978.5 0.0807995 0.1617775 0.3089425 0.444925
979.0 0.080453 0.161085 0.307595 0.44294999999999995
979.5 0.0801065 0.1603925 0.3062475 0.440975
980.0 0.07976 0.1597 0.3049 0.439
980.5 0.0794135 0.1590075 0.3035525 0.437025
981.0 0.079067 0.15831499999999998 0.302205 0.43505
981.5 0.0787205 0.1576225 0.3008575 0.433075
982.0 0.078374 0.15693000000000001 0.29951 0.4311
982.5 0.0780275 0.1562375 0.2981625 0.429125
983.0 0.077681 0.155545 0.296815 0.42715
983.5 0.0773345 0.1548525 0.2954675 0.42517499999999997
984.0 0.076988 0.15416 0.29412 0.4232
984.5 0.0766415 0.1534675 0.2927725 0.42122499999999996
985.0 0.076295 0.152775 0.291425 0.41925
985.5 0.0759485 0.1520825 0.2900775 0.41727499999999995
986.0 0.075602 0.15139 0.28873 0.4153
986.5 0.0752555 0.1506975 0.2873825 0.41332499999999994
987.0 0.074909 0.150005 0.286035 0.41135
987.5 0.0745625 0.14931250000000001 0.2846875 0.409375
988.0 0.074216 0.14862 0.28334000000000004 0.4074
988.5 0.0738695 0.1479275 0.2819925 0.405425
989.0 0.073523 0.147235 0.28064500000000003 0.40345
989.5 0.0731765 0.14654250000000002 0.2792975 0.40147499999999997
990.0 0.07283 0.14585 0.27795000000000003 0.39949999999999997
990.5 0.0724835 0.1451575 0.2766025 0.397525
991.0 0.072137 0.144465 0.275255 0.39554999999999996
991.5 0.07179050000000001 0.1437725 0.27390749999999997 0.393575
992.0 0.071444 0.14308 0.27256 0.39159999999999995
992.5 0.0710975 0.1423875 0.2712125 0.389625
993.0 0.070751 0.14169500000000002 0.269865 0.38764999999999994
993.5 0.0704045 0.1410025 0.2685175 0.385675
994.0 0.070058 0.14031 0.26717 0.3837
994.5 0.0697115 0.1396175 0.2658225 0.381725
995.0 0.069365 0.13892500000000002 0.264475 0.37975
995.5 0.0690185 0.1382325 0.2631275 0.37777499999999997
996.0 0.068672 0.13754 0.26178 0.37579999999999997
996.5 0.0683255 0.1368475 0.2604325 0.37382499999999996
997.0 0.067979 0.13615500000000003 0.259085 0.37185
997.5 0.0676325 0.1354625 0.2577375 0.36987499999999995
998.0 0.067286 0.13477 0.25639 0.3679
998.5 0.0669395 0.13407750000000002 0.2550425 0.36592499999999994
999.0 0.066593 0.133385 0.253695 0.36395
999.5 0.0662465 0.1326925 0.2523475 0.36197499999999994
1000.0 0.0659 0.132 0.251 0.36
1000.5 0.06579675 0.1317925 0.250605 0.3594275
1001.0 0.0656935 0.131585 0.25021 0.358855
1001.5 0.06559025 0.1313775 0.249815 0.3582825
1002.0 0.065487 0.13117 0.24942 0.35771
1002.5 0.06538375 0.1309625 0.249025 0.3571375
1003.0 0.0652805 0.130755 0.24863 0.35656499999999997
1003.5 0.06517725 0.1305475 0.248235 0.3559925
1004.0 0.065074 0.13034 0.24784 0.35541999999999996
1004.5 0.06497075 0.1301325 0.247445 0.3548475
1005.0 0.0648675 0.129925 0.24705 0.354275
1005.5 0.06476425 0.1297175 0.246655 0.3537025
1006.0 0.064661 0.12951000000000001 0.24626 0.35313
1006.5 0.06455775 0.12930250000000001 0.245865 0.35255749999999997
1007.0 0.0644545 0.12909500000000002 0.24547 0.351985
1007.5 0.06435125 0.12888750000000002 0.245075 0.35141249999999996
1008.0 0.064248 0.12868000000000002 0.24468 0.35084
1008.5 0.06414475 0.12847250000000002 0.244285 0.3502675
1009.0 0.0640415 0.12826500000000002 0.24389 0.349695
1009.5 0.06393825 0.12805750000000002 0.243495 0.3491225
1010.0 0.063835 0.12785000000000002 0.2431 0.34854999999999997
1010.5 0.06373175 0.1276425 0.242705 0.3479775
1011.0 0.0636285 0.127435 0.24231 0.34740499999999996
1011.5 0.06352525 0.1272275 0.241915 0.3468325
1012.0 0.063422 0.12702 0.24152 0.34625999999999996
1012.5 0.06331875000000001 0.1268125 0.241125 0.3456875
1013.0 0.0632155 0.126605 0.24073 0.345115
1013.5 0.06311225 0.1263975 0.240335 0.3445425
1014.0 0.063009 0.12619 0.23994 0.34397
1014.5 0.06290575 0.1259825 0.239545 0.34339749999999997
1015.0 0.0628025 0.125775 0.23915 0.342825
1015.5 0.06269925 0.1255675 0.238755 0.34225249999999996
1016.0 0.062596 0.12536 0.23836 0.34168
1016.5 0.06249275 0.1251525 0.237965 0.3411075
1017.0 0.0623895 0.124945 0.23757 0.340535
1017.5 0.06228625 0.1247375 0.237175 0.3399625
1018.0 0.062183 0.12453 0.23678 0.33938999999999997
1018.5 0.06207975 0.1243225 0.236385 0.3388175
1019.0 0.061976500000000004 0.124115 0.23599 0.33824499999999996
1019.5 0.06187325 0.1239075 0.235595 0.3376725
1020.0 0.06177 0.1237 0.2352 0.33709999999999996
1020.5 0.06166675 0.1234925 0.23480499999999999 0.3365275
1021.0 0.0615635 0.123285 0.23441 0.335955
1021.5 0.06146025 0.1230775 0.234015 0.3353825
1022.0 0.061357 0.12287000000000001 0.23362 0.33481
1022.5 0.06125375 0.12266250000000001 0.233225 0.33423749999999997
1023.0 0.061150499999999997 0.12245500000000001 0.23283 0.333665
1023.5 0.06104725 0.12224750000000001 0.232435 0.33309249999999996
1024.0 0.060944 0.12204000000000001 0.23204 0.33252
1024.5 0.06084075 0.12183250000000001 0.231645 0.33194749999999995
1025.0 0.0607375 0.12162500000000001 0.23125 0.331375
1025.5 0.06063425 0.1214175 0.230855 0.3308025
1026.0 0.060531 0.12121 0.23046 0.33022999999999997
1026.5 0.06042775 0.1210025 0.230065 0.3296575
1027.0 0.0603245 0.120795 0.22966999999999999 0.32908499999999996
1027.5 0.060221250000000004 0.1205875 0.229275 0.3285125
1028.0 0.060118 0.12038 0.22888 0.32793999999999995
1028.5 0.06001475 0.1201725 0.228485 0.3273675
1029.0 0.0599115 0.119965 0.22809 0.32679499999999995
1029.5 0.05980825 0.1197575 0.227695 0.32622249999999997
1030.0 0.059705 0.11955 0.2273 0.32565
1030.5 0.05960175 0.1193425 0.226905 0.32507749999999996
1031.0 0.0594985 0.119135 0.22651 0.324505
1031.5 0.05939525 0.1189275 0.226115 0.32393249999999996
1032.0 0.059292 0.11872 0.22572 0.32336
1032.5 0.05918875 0.1185125 0.225325 0.32278749999999995
1033.0 0.0590855 0.11830500000000001 0.22493 0.322215
1033.5 0.05898225 0.11809750000000001 0.22453499999999998 0.32164249999999994
1034.0 0.058879 0.11789 0.22414 0.32106999999999997
1034.5 0.05877575 0.1176825 0.223745 0.3204975
1035.0 0.0586725 0.117475 0.22335 0.31992499999999996
1035.5 0.05856925 0.1172675 0.222955 0.3193525
1036.0 0.058466 0.11706 0.22256 0.31877999999999995
1036.5 0.05836275 0.1168525 0.222165 0.3182075
1037.0 0.0582595 0.116645 0.22177 0.317635
1037.5 0.05815625 0.1164375 0.221375 0.31706249999999997
1038.0 0.058053 0.11623 0.22098 0.31649
1038.5 0.05794975 0.1160225 0.220585 0.31591749999999996
1039.0 0.0578465 0.115815 0.22019 0.315345
1039.5 0.057743249999999996 0.1156075 0.219795 0.31477249999999996
1040.0 0.05764 0.1154 0.21939999999999998 0.3142
1040.5 0.05753675 0.1151925 0.219005 0.31362749999999995
1041.0 0.0574335 0.114985 0.21861 0.31305499999999997
1041.5 0.05733025 0.1147775 0.218215 0.3124825
1042.0 0.057227 0.11457 0.21781999999999999 0.31190999999999997
1042.5 0.05712375 0.1143625 0.21742499999999998 0.3113375
1043.0 0.0570205 0.114155 0.21703 0.31076499999999996
1043.5 0.05691725 0.11394750000000001 0.216635 0.3101925
1044.0 0.056814 0.11374000000000001 0.21624 0.30961999999999995
1044.5 0.056710750000000004 0.11353250000000001 0.215845 0.3090475
1045.0 0.0566075 0.11332500000000001 0.21545 0.30847499999999994
1045.5 0.05650425 0.11311750000000001 0.215055 0.30790249999999997
1046.0 0.056401 0.11291 0.21466 0.30733
1046.5 0.05629775 0.1127025 0.21426499999999998 0.30675749999999996
1047.0 0.0561945 0.112495 0.21387 0.306185
1047.5 0.05609125 0.1122875 0.213475 0.30561249999999995
1048.0 0.055987999999999996 0.11208 0.21308 0.30504
1048.5 0.05588475 0.1118725 0.21268499999999999 0.30446749999999995
1049.0 0.0557815 0.111665 0.21228999999999998 0.30389499999999997
1049.5 0.05567825 0.1114575 0.211895 0.30332249999999994
1050.0 0.055575 0.11125 0.2115 0.30274999999999996
1050.5 0.05547175 0.1110425 0.211105 0.3021775
1051.0 0.0553685 0.110835 0.21070999999999998 0.30160499999999996
1051.5 0.05526525 0.1106275 0.210315 0.3010325
1052.0 0.055162 0.11042 0.20992 0.30045999999999995
1052.5 0.05505875 0.1102125 0.209525 0.2998875
1053.0 0.0549555 0.110005 0.20912999999999998 0.29931499999999994
1053.5 0.05485225 0.1097975 0.208735 0.29874249999999997
1054.0 0.054749 0.10959 0.20834 0.29817
1054.5 0.05464575 0.10938250000000001 0.207945 0.29759749999999996
1055.0 0.0545425 0.109175 0.20754999999999998 0.297025
1055.5 0.05443925 0.1089675 0.207155 0.29645249999999995
1056.0 0.054336 0.10876 0.20676 0.29588
1056.5 0.054232749999999996 0.1085525 0.206365 0.29530749999999995
1057.0 0.0541295 0.108345 0.20597 0.29473499999999997
1057.5 0.05402625 0.1081375 0.20557499999999998 0.2941625
1058.0 0.053923 0.10793 0.20518 0.29358999999999996
1058.5 0.05381975 0.1077225 0.204785 0.2930175
1059.0 0.0537165 0.107515 0.20439 0.29244499999999995
1059.5 0.05361325 0.1073075 0.20399499999999998 0.2918725
1060.0 0.05351 0.1071 0.2036 0.29129999999999995
1060.5 0.05340675 0.1068925 0.203205 0.29072749999999997
1061.0 0.0533035 0.106685 0.20281 0.290155
1061.5 0.05320025 0.1064775 0.20241499999999998 0.28958249999999996
1062.0 0.053097 0.10627 0.20201999999999998 0.28901
1062.5 0.05299375 0.1060625 0.201625 0.28843749999999996
1063.0 0.0528905 0.105855 0.20123 0.287865
1063.5 0.05278725 0.1056475 0.20083499999999999 0.28729249999999995
1064.0 0.052684 0.10544 0.20043999999999998 0.28672
1064.5 0.05258075 0.1052325 0.200045 0.2861475
1065.0 0.052477499999999996 0.10502500000000001 0.19965 0.28557499999999997
1065.5 0.05237425 0.1048175 0.199255 0.2850025
1066.0 0.052271 0.10461 0.19885999999999998 0.28442999999999996
1066.5 0.05216775 0.1044025 0.198465 0.2838575
1067.0 0.0520645 0.104195 0.19807 0.28328499999999995
1067.5 0.05196125 0.1039875 0.197675 0.2827125
1068.0 0.051858 0.10378 0.19727999999999998 0.28213999999999995
1068.5 0.05175475 0.1035725 0.19688499999999998 0.28156749999999997
1069.0 0.0516515 0.103365 0.19649 0.280995
1069.5 0.05154825 0.1031575 0.196095 0.28042249999999996
1070.0 0.051445 0.10295 0.19569999999999999 0.27985
1070.5 0.05134175 0.1027425 0.195305 0.27927749999999996
1071.0 0.0512385 0.102535 0.19491 0.278705
1071.5 0.05113525 0.1023275 0.194515 0.2781325
1072.0 0.051032 0.10212 0.19412 0.27756
1072.5 0.05092875 0.1019125 0.19372499999999998 0.2769875
1073.0 0.050825499999999996 0.101705 0.19333 0.27641499999999997
1073.5 0.050722249999999997 0.1014975 0.192935 0.2758425
1074.0 0.050619 0.10128999999999999 0.19254 0.27526999999999996
1074.5 0.05051575 0.10108249999999999 0.19214499999999998 0.2746975
1075.0 0.0504125 0.10087499999999999 0.19174999999999998 0.27412499999999995
1075.5 0.05030925 0.1006675 0.191355 0.2735525
1076.0 0.050206 0.10046 0.19096 0.27298
1076.5 0.05010275 0.1002525 0.19056499999999998 0.27240749999999997
1077.0 0.0499995 0.100045 0.19017 0.271835
1077.5 0.04989625 0.0998375 0.189775 0.27126249999999996
1078.0 0.049793 0.09963 0.18938 0.27069
1078.5 0.04968975 0.0994225 0.188985 0.2701175
1079.0 0.0495865 0.099215 0.18858999999999998 0.269545
1079.5 0.04948325 0.0990075 0.188195 0.2689725
1080.0 0.04938 0.0988 0.1878 0.26839999999999997
1080.5 0.04927675 0.0985925 0.187405 0.2678275
1081.0 0.0491735 0.098385 0.18700999999999998 0.26725499999999996
1081.5 0.049070249999999996 0.0981775 0.18661499999999998 0.2666825
1082.0 0.048967 0.09797 0.18622 0.26610999999999996
1082.5 0.04886375 0.0977625 0.185825 0.2655375
1083.0 0.0487605 0.097555 0.18542999999999998 0.264965
1083.5 0.04865725 0.0973475 0.185035 0.2643925
1084.0 0.048554 0.09714 0.18464 0.26382
1084.5 0.04845075 0.0969325 0.184245 0.26324749999999997
1085.0 0.0483475 0.096725 0.18384999999999999 0.262675
1085.5 0.04824425 0.09651749999999999 0.18345499999999998 0.2621025
1086.0 0.048140999999999996 0.09630999999999999 0.18306 0.26153
1086.5 0.04803775 0.0961025 0.182665 0.2609575
1087.0 0.0479345 0.095895 0.18227 0.260385
1087.5 0.04783125 0.0956875 0.18187499999999998 0.2598125
1088.0 0.047728 0.09548 0.18147999999999997 0.25923999999999997
1088.5 0.04762475 0.0952725 0.181085 0.2586675
1089.0 0.0475215 0.095065 0.18069 0.25809499999999996
1089.5 0.047418249999999995 0.0948575 0.18029499999999998 0.2575225
1090.0 0.047314999999999996 0.09465 0.1799 0.25695
1090.5 0.04721175 0.0944425 0.179505 0.2563775
1091.0 0.0471085 0.094235 0.17911 0.255805
1091.5 0.04700525 0.0940275 0.17871499999999998 0.2552325
1092.0 0.046902 0.09382 0.17831999999999998 0.25466
1092.5 0.04679875 0.0936125 0.177925 0.2540875
1093.0 0.0466955 0.093405 0.17753 0.253515
1093.5 0.04659225 0.09319749999999999 0.177135 0.2529425
1094.0 0.046489 0.09298999999999999 0.17673999999999998 0.25237
1094.5 0.04638575 0.09278249999999999 0.17634499999999997 0.2517975
1095.0 0.0462825 0.09257499999999999 0.17595 0.251225
1095.5 0.04617925 0.09236749999999999 0.175555 0.2506525
1096.0 0.046076 0.09215999999999999 0.17515999999999998 0.25007999999999997
1096.5 0.04597275 0.09195249999999999 0.174765 0.2495075
1097.0 0.0458695 0.091745 0.17437 0.248935
1097.5 0.04576625 0.0915375 0.173975 0.24836249999999999
1098.0 0.045662999999999995 0.09133 0.17357999999999998 0.24779
1098.5 0.045559749999999996 0.0911225 0.17318499999999998 0.2472175
1099.0 0.0454565 0.090915 0.17279 0.246645
1099.5 0.04535325 0.0907075 0.172395 0.2460725
1100.0 0.04525 0.0905 0.172 0.2455
1100.5 0.04514675 0.0902925 0.17160499999999998 0.2449275
1101.0 0.0450435 0.090085 0.17120999999999997 0.244355
1101.5 0.04494025 0.0898775 0.170815 0.24378249999999999
1102.0 0.044837 0.08967 0.17042 0.24321
1102.5 0.044733749999999996 0.0894625 0.17002499999999998 0.2426375
1103.0 0.0446305 0.089255 0.16962999999999998 0.242065
1103.5 0.04452725 0.0890475 0.169235 0.2414925
1104.0 0.044424 0.08884 0.16884 0.24092
1104.5 0.04432075 0.0886325 0.16844499999999998 0.2403475
1105.0 0.0442175 0.088425 0.16804999999999998 0.239775
1105.5 0.04411425 0.0882175 0.167655 0.23920249999999998
1106.0 0.044011 0.08801 0.16726 0.23863
1106.5 0.043907749999999995 0.0878025 0.16686499999999999 0.2380575
1107.0 0.043804499999999996 0.08759499999999999 0.16646999999999998 0.237485
1107.5 0.04370125 0.08738749999999999 0.166075 0.2369125
1108.0 0.043598 0.08718 0.16568 0.23634
1108.5 0.04349475 0.0869725 0.165285 0.2357675
1109.0 0.0433915 0.086765 0.16488999999999998 0.235195
1109.5 0.04328825 0.0865575 0.164495 0.23462249999999998
1110.0 0.043185 0.08635 0.1641 0.23405
1110.5 0.04308175 0.0861425 0.163705 0.2334775
1111.0 0.042978499999999996 0.085935 0.16330999999999998 0.232905
1111.5 0.04287525 0.0857275 0.16291499999999998 0.2323325
1112.0 0.042772 0.08552 0.16252 0.23176
1112.5 0.04266875 0.0853125 0.162125 0.2311875
1113.0 0.0425655 0.085105 0.16172999999999998 0.230615
1113.5 0.04246225 0.0848975 0.161335 0.23004249999999998
1114.0 0.042359 0.08469 0.16094 0.22947
1114.5 0.04225575 0.0844825 0.160545 0.2288975
1115.0 0.042152499999999996 0.084275 0.16015 0.228325
1115.5 0.042049249999999996 0.0840675 0.15975499999999998 0.2277525
1116.0 0.041946 0.08386 0.15936 0.22718
1116.5 0.04184275 0.0836525 0.158965 0.2266075
1117.0 0.0417395 0.083445 0.15857 0.22603499999999999
1117.5 0.04163625 0.0832375 0.15817499999999998 0.2254625
1118.0 0.041533 0.08303 0.15778 0.22489
1118.5 0.04142975 0.08282250000000001 0.157385 0.2243175
1119.0 0.0413265 0.082615 0.15699 0.223745
1119.5 0.041223249999999996 0.0824075 0.15659499999999998 0.2231725
1120.0 0.04112 0.0822 0.1562 0.2226
1120.5 0.04101675 0.0819925 0.155805 0.2220275
1121.0 0.0409135 0.081785 0.15541 0.22145499999999999
1121.5 0.04081025 0.0815775 0.155015 0.22088249999999998
1122.0 0.040707 0.08137 0.15462 0.22031
1122.5 0.04060375 0.0811625 0.154225 0.2197375
1123.0 0.040500499999999995 0.080955 0.15383 0.219165
1123.5 0.040397249999999996 0.0807475 0.153435 0.2185925
1124.0 0.040293999999999996 0.08054 0.15304 0.21802
1124.5 0.04019075 0.0803325 0.152645 0.2174475
1125.0 0.0400875 0.080125 0.15225 0.21687499999999998
1125.5 0.03998425 0.0799175 0.151855 0.2163025
1126.0 0.039881 0.07971 0.15145999999999998 0.21573
1126.5 0.03977775 0.0795025 0.151065 0.2151575
1127.0 0.0396745 0.079295 0.15067 0.214585
1127.5 0.03957125 0.0790875 0.150275 0.2140125
1128.0 0.039467999999999996 0.07888 0.14988 0.21344
1128.5 0.03936475 0.0786725 0.149485 0.2128675
1129.0 0.0392615 0.07846500000000001 0.14909 0.212295
1129.5 0.03915825 0.07825750000000001 0.148695 0.21172249999999998
1130.0 0.039055 0.07805000000000001 0.1483 0.21115
1130.5 0.03895175 0.07784250000000001 0.147905 0.2105775
1131.0 0.0388485 0.07763500000000001 0.14751 0.210005
1131.5 0.038745249999999995 0.07742750000000001 0.147115 0.2094325
1132.0 0.038641999999999996 0.07722000000000001 0.14672 0.20886
1132.5 0.03853875 0.07701250000000001 0.146325 0.20828750000000001
1133.0 0.0384355 0.076805 0.14593 0.20771499999999998
1133.5 0.03833225 0.0765975 0.145535 0.2071425
1134.0 0.038229 0.07639 0.14514 0.20657
1134.5 0.03812575 0.0761825 0.144745 0.2059975
1135.0 0.0380225 0.075975 0.14435 0.205425
1135.5 0.03791925 0.0757675 0.143955 0.2048525
1136.0 0.037815999999999995 0.07556 0.14356 0.20428
1136.5 0.037712749999999996 0.0753525 0.143165 0.20370749999999999
1137.0 0.0376095 0.075145 0.14277 0.203135
1137.5 0.03750625 0.0749375 0.142375 0.2025625
1138.0 0.037403 0.07473 0.14198 0.20199
1138.5 0.03729975 0.0745225 0.14158500000000002 0.2014175
1139.0 0.0371965 0.074315 0.14119 0.200845
1139.5 0.037093249999999994 0.0741075 0.140795 0.2002725
1140.0 0.036989999999999995 0.07390000000000001 0.1404 0.1997
1140.5 0.036886749999999996 0.07369250000000001 0.140005 0.1991275
1141.0 0.0367835 0.07348500000000001 0.13961 0.19855499999999998
1141.5 0.03668025 0.07327750000000001 0.139215 0.1979825
1142.0 0.036577 0.07307000000000001 0.13882 0.19741
1142.5 0.03647375 0.07286250000000001 0.13842500000000002 0.1968375
1143.0 0.0363705 0.07265500000000001 0.13803 0.196265
1143.5 0.03626725 0.0724475 0.137635 0.1956925
1144.0 0.036164 0.07224 0.13724 0.19512
1144.5 0.03606075 0.0720325 0.136845 0.19454749999999998
1145.0 0.035957499999999996 0.071825 0.13645000000000002 0.193975
1145.5 0.03585425 0.0716175 0.136055 0.1934025
1146.0 0.035751 0.07141 0.13566 0.19283
1146.5 0.03564775 0.0712025 0.135265 0.1922575
1147.0 0.0355445 0.070995 0.13487 0.191685
1147.5 0.03544125 0.0707875 0.134475 0.1911125
1148.0 0.035337999999999994 0.07058 0.13408 0.19054
1148.5 0.035234749999999995 0.0703725 0.133685 0.1899675
1149.0 0.035131499999999996 0.070165 0.13329000000000002 0.189395
1149.5 0.03502825 0.0699575 0.132895 0.1888225
1150.0 0.034925 0.06975 0.1325 0.18825
1150.5 0.03482175 0.06954250000000001 0.132105 0.1876775
1151.0 0.0347185 0.06933500000000001 0.13171 0.187105
1151.5 0.03461525 0.06912750000000001 0.13131500000000002 0.1865325
1152.0 0.034512 0.06892000000000001 0.13092 0.18596000000000001
1152.5 0.034408749999999995 0.06871250000000001 0.130525 0.1853875
1153.0 0.034305499999999996 0.06850500000000001 0.13013 0.184815
1153.5 0.03420225 0.06829750000000001 0.12973500000000002 0.1842425
1154.0 0.034099 0.06809000000000001 0.12934 0.18367
1154.5 0.03399575 0.06788250000000001 0.128945 0.1830975
1155.0 0.0338925 0.06767500000000001 0.12855 0.182525
1155.5 0.03378925 0.0674675 0.12815500000000002 0.1819525
1156.0 0.033686 0.06726 0.12776 0.18138
1156.5 0.033582749999999995 0.0670525 0.127365 0.1808075
1157.0 0.033479499999999995 0.066845 0.12697 0.180235
1157.5 0.033376249999999996 0.0666375 0.126575 0.1796625
1158.0 0.033273 0.06643 0.12618000000000001 0.17909
1158.5 0.03316975 0.0662225 0.125785 0.1785175
1159.0 0.0330665 0.066015 0.12539 0.177945
1159.5 0.03296325 0.0658075 0.12499500000000001 0.1773725
1160.0 0.03286 0.0656 0.1246 0.1768
1160.5 0.03275675 0.0653925 0.12420500000000001 0.1762275
1161.0 0.032653499999999995 0.065185 0.12381 0.175655
1161.5 0.032550249999999996 0.06497750000000001 0.12341500000000001 0.1750825
1162.0 0.032447 0.06477000000000001 0.12302 0.17451
1162.5 0.03234375 0.06456250000000001 0.12262500000000001 0.1739375
1163.0 0.0322405 0.06435500000000001 0.12223 0.173365
1163.5 0.03213725 0.06414750000000001 0.121835 0.17279250000000002
1164.0 0.032034 0.06394000000000001 0.12144 0.17222
1164.5 0.03193075 0.0637325 0.121045 0.1716475
1165.0 0.0318275 0.063525 0.12065000000000001 0.171075
1165.5 0.031724249999999996 0.0633175 0.120255 0.1705025
1166.0 0.031620999999999996 0.06311 0.11986000000000001 0.16993
1166.5 0.03151775 0.0629025 0.119465 0.1693575
1167.0 0.0314145 0.062695 0.11907000000000001 0.168785
1167.5 0.03131125 0.0624875 0.118675 0.1682125
1168.0 0.031208 0.06228 0.11828000000000001 0.16764
1168.5 0.03110475 0.0620725 0.117885 0.1670675
1169.0 0.031001499999999998 0.061865 0.11749000000000001 0.166495
1169.5 0.03089825 0.061657500000000004 0.117095 0.1659225
1170.0 0.030795 0.061450000000000005 0.1167 0.16535
1170.5 0.030691749999999997 0.061242500000000005 0.116305 0.1647775
1171.0 0.030588499999999998 0.061035000000000006 0.11591 0.164205
1171.5 0.03048525 0.06082750000000001 0.115515 0.16363250000000001
1172.0 0.030382 0.06062000000000001 0.11512 0.16306
1172.5 0.03027875 0.06041250000000001 0.11472500000000001 0.1624875
1173.0 0.0301755 0.060205 0.11433 0.161915
1173.5 0.03007225 0.0599975 0.11393500000000001 0.1613425
1174.0 0.029969 0.05979 0.11354 0.16077
1174.5 0.02986575 0.059582500000000004 0.113145 0.1601975
1175.0 0.029762499999999997 0.059375000000000004 0.11275 0.15962500000000002
1175.5 0.029659249999999998 0.059167500000000005 0.11235500000000001 0.1590525
1176.0 0.029556 0.058960000000000005 0.11196 0.15848
1176.5 0.02945275 0.0587525 0.111565 0.1579075
1177.0 0.0293495 0.058545 0.11117 0.157335
1177.5 0.029246249999999998 0.0583375 0.110775 0.1567625
1178.0 0.029143 0.05813 0.11038 0.15619
1178.5 0.02903975 0.0579225 0.109985 0.1556175
1179.0 0.0289365 0.057715 0.10959 0.155045
1179.5 0.028833249999999998 0.0575075 0.109195 0.1544725
1180.0 0.02873 0.057300000000000004 0.10880000000000001 0.1539
1180.5 0.02862675 0.057092500000000004 0.108405 0.1533275
1181.0 0.0285235 0.056885000000000005 0.10801 0.152755
1181.5 0.02842025 0.056677500000000006 0.107615 0.1521825
1182.0 0.028317 0.056470000000000006 0.10722000000000001 0.15161
1182.5 0.02821375 0.05626250000000001 0.106825 0.1510375
1183.0 0.0281105 0.056055 0.10643 0.15046500000000002
1183.5 0.028007249999999997 0.0558475 0.106035 0.1498925
1184.0 0.027903999999999998 0.05564 0.10564 0.14932
1184.5 0.02780075 0.0554325 0.105245 0.1487475
1185.0 0.0276975 0.055225 0.10485 0.148175
1185.5 0.02759425 0.055017500000000004 0.104455 0.1476025
1186.0 0.027491 0.054810000000000005 0.10406 0.14703
1186.5 0.02738775 0.0546025 0.10366500000000001 0.14645750000000002
1187.0 0.0272845 0.054395 0.10327 0.145885
1187.5 0.02718125 0.0541875 0.102875 0.1453125
1188.0 0.027077999999999998 0.05398 0.10248 0.14474
1188.5 0.02697475 0.0537725 0.10208500000000001 0.1441675
1189.0 0.0268715 0.053565 0.10169 0.143595
1189.5 0.02676825 0.0533575 0.101295 0.1430225
1190.0 0.026665 0.05315 0.1009 0.14245
1190.5 0.026561750000000002 0.0529425 0.10050500000000001 0.1418775
1191.0 0.0264585 0.052735000000000004 0.10011 0.14130500000000001
1191.5 0.02635525 0.052527500000000005 0.099715 0.1407325
1192.0 0.026251999999999998 0.052320000000000005 0.09931999999999999 0.14016
1192.5 0.02614875 0.052112500000000006 0.098925 0.1395875
1193.0 0.0260455 0.05190500000000001 0.09853 0.139015
1193.5 0.02594225 0.0516975 0.098135 0.1384425
1194.0 0.025839 0.05149 0.09774 0.13787
1194.5 0.02573575 0.0512825 0.097345 0.13729750000000002
1195.0 0.025632500000000003 0.051075 0.09695000000000001 0.13672499999999999
1195.5 0.02552925 0.0508675 0.096555 0.1361525
1196.0 0.025426 0.05066 0.09616 0.13558
1196.5 0.025322749999999998 0.0504525 0.095765 0.1350075
1197.0 0.0252195 0.050245 0.09537000000000001 0.134435
1197.5 0.02511625 0.0500375 0.094975 0.1338625
1198.0 0.025013 0.04983 0.09458 0.13329000000000002
1198.5 0.02490975 0.0496225 0.09418499999999999 0.1327175
1199.0 0.024806500000000002 0.049415 0.09379 0.132145
1199.5 0.02470325 0.0492075 0.093395 0.1315725
1200.0 0.0246 0.049 0.093 0.131
1200.5 0.02456375 0.04892825 0.09286225 0.1308075
1201.0 0.0245275 0.048856500000000004 0.0927245 0.130615
1201.5 0.02449125 0.04878475 0.09258675 0.1304225
1202.0 0.024455 0.048713 0.092449 0.13023
1202.5 0.02441875 0.048641250000000004 0.09231125 0.1300375
1203.0 0.0243825 0.0485695 0.0921735 0.12984500000000002
1203.5 0.02434625 0.04849775 0.09203575 0.1296525
1204.0 0.024310000000000002 0.048426000000000004 0.091898 0.12946
1204.5 0.02427375 0.04835425 0.09176025 0.1292675
1205.0 0.024237500000000002 0.0482825 0.0916225 0.129075
1205.5 0.02420125 0.048210750000000004 0.09148475 0.1288825
1206.0 0.024165 0.048139 0.091347 0.12869
1206.5 0.02412875 0.04806725 0.09120925 0.12849750000000001
1207.0 0.0240925 0.0479955 0.0910715 0.128305
1207.5 0.02405625 0.04792375 0.09093375 0.12811250000000002
1208.0 0.02402 0.047852 0.090796 0.12792
1208.5 0.02398375 0.04778025 0.09065825 0.1277275
1209.0 0.0239475 0.0477085 0.0905205 0.127535
1209.5 0.023911250000000002 0.04763675 0.09038275 0.1273425
1210.0 0.023875 0.047565 0.090245 0.12715
1210.5 0.02383875 0.04749325 0.09010725 0.1269575
1211.0 0.0238025 0.0474215 0.0899695 0.12676500000000002
1211.5 0.02376625 0.04734975 0.08983175 0.1265725
1212.0 0.02373 0.047278 0.089694 0.12638
1212.5 0.02369375 0.047206250000000005 0.08955625 0.1261875
1213.0 0.0236575 0.0471345 0.0894185 0.125995
1213.5 0.02362125 0.04706275 0.08928075 0.1258025
1214.0 0.023585000000000002 0.046991000000000005 0.089143 0.12561
1214.5 0.02354875 0.04691925 0.08900525 0.12541750000000002
1215.0 0.0235125 0.0468475 0.0888675 0.125225
1215.5 0.02347625 0.046775750000000005 0.08872975 0.1250325
1216.0 0.02344 0.046704 0.088592 0.12484
1216.5 0.02340375 0.04663225 0.08845425 0.12464750000000001
1217.0 0.0233675 0.046560500000000005 0.0883165 0.12445500000000001
1217.5 0.02333125 0.04648875 0.08817875 0.1242625
1218.0 0.023295 0.046417 0.08804100000000001 0.12407
1218.5 0.02325875 0.046345250000000004 0.08790325 0.1238775
1219.0 0.0232225 0.0462735 0.0877655 0.123685
1219.5 0.02318625 0.04620175 0.08762775 0.1234925
1220.0 0.02315 0.046130000000000004 0.08749 0.1233
1220.5 0.02311375 0.04605825 0.08735225 0.12310750000000001
1221.0 0.0230775 0.0459865 0.0872145 0.122915
1221.5 0.02304125 0.045914750000000004 0.08707675000000001 0.1227225
1222.0 0.023005 0.045843 0.086939 0.12253
1222.5 0.02296875 0.04577125 0.08680125 0.1223375
1223.0 0.0229325 0.045699500000000004 0.0866635 0.122145
1223.5 0.02289625 0.04562775 0.08652575 0.1219525
1224.0 0.022860000000000002 0.045556 0.086388 0.12176000000000001
1224.5 0.02282375 0.045484250000000004 0.08625025 0.12156750000000001
1225.0 0.0227875 0.0454125 0.08611250000000001 0.12137500000000001
1225.5 0.02275125 0.04534075 0.08597475 0.1211825
1226.0 0.022715 0.045269000000000004 0.085837 0.12099
1226.5 0.02267875 0.04519725 0.08569925 0.1207975
1227.0 0.0226425 0.0451255 0.0855615 0.120605
1227.5 0.02260625 0.045053750000000004 0.08542375 0.1204125
1228.0 0.02257 0.044982 0.085286 0.12022000000000001
1228.5 0.02253375 0.04491025 0.08514825000000001 0.12002750000000001
1229.0 0.0224975 0.0448385 0.0850105 0.119835
1229.5 0.022461250000000002 0.04476675 0.08487275 0.1196425
1230.0 0.022425 0.044695 0.084735 0.11945
1230.5 0.02238875 0.04462325 0.08459725 0.1192575
1231.0 0.0223525 0.0445515 0.0844595 0.119065
1231.5 0.02231625 0.04447975 0.08432175 0.1188725
1232.0 0.02228 0.044408 0.08418400000000001 0.11868000000000001
1232.5 0.02224375 0.04433625 0.08404625 0.1184875
1233.0 0.0222075 0.0442645 0.0839085 0.118295
1233.5 0.02217125 0.04419275 0.08377075 0.1181025
1234.0 0.022135000000000002 0.044121 0.083633 0.11791
1234.5 0.02209875 0.04404925 0.08349525000000001 0.1177175
1235.0 0.0220625 0.0439775 0.0833575 0.117525
1235.5 0.02202625 0.04390575 0.08321975000000001 0.1173325
1236.0 0.02199 0.043834 0.083082 0.11714000000000001
1236.5 0.02195375 0.04376225 0.08294425 0.11694750000000001
1237.0 0.0219175 0.0436905 0.0828065 0.116755
1237.5 0.02188125 0.04361875 0.08266875 0.1165625
1238.0 0.021845 0.043547 0.08253100000000001 0.11637
1238.5 0.021808750000000002 0.04347525 0.08239325 0.1161775
1239.0 0.0217725 0.0434035 0.08225550000000001 0.115985
1239.5 0.02173625 0.04333175 0.08211775 0.1157925
1240.0 0.0217 0.04326 0.08198 0.11560000000000001
1240.5 0.02166375 0.04318825 0.08184225 0.1154075
1241.0 0.0216275 0.0431165 0.0817045 0.115215
1241.5 0.02159125 0.04304475 0.08156675000000001 0.1150225
1242.0 0.021555 0.042973 0.081429 0.11483
1242.5 0.02151875 0.04290125 0.08129125000000001 0.1146375
1243.0 0.0214825 0.0428295 0.0811535 0.114445
1243.5 0.02144625 0.042757750000000004 0.08101575 0.1142525
1244.0 0.02141 0.042686 0.080878 0.11406
1244.5 0.02137375 0.04261425 0.08074025 0.1138675
1245.0 0.0213375 0.042542500000000004 0.08060250000000001 0.113675
1245.5 0.02130125 0.04247075 0.08046475 0.1134825
1246.0 0.021265 0.042399 0.08032700000000001 0.11329
1246.5 0.02122875 0.042327250000000004 0.08018925 0.1130975
1247.0 0.0211925 0.0422555 0.0800515 0.112905
1247.5 0.02115625 0.04218375 0.07991375 0.1127125
1248.0 0.02112 0.042112000000000004 0.079776 0.11252000000000001
1248.5 0.021083750000000002 0.04204025 0.07963825000000001 0.1123275
1249.0 0.0210475 0.0419685 0.0795005 0.112135
1249.5 0.021011250000000002 0.04189675 0.07936275000000001 0.1119425
1250.0 0.020975 0.041825 0.079225 0.11175
1250.5 0.02093875 0.04175325 0.07908725 0.1115575
1251.0 0.0209025 0.0416815 0.0789495 0.111365
1251.5 0.02086625 0.04160975 0.07881175 0.11117250000000001
1252.0 0.02083 0.041538 0.07867400000000001 0.11098
1252.5 0.02079375 0.04146625 0.07853625 0.1107875
1253.0 0.0207575 0.0413945 0.07839850000000001 0.110595
1253.5 0.02072125 0.04132275 0.07826075 0.1104025
1254.0 0.020685000000000002 0.041251 0.078123 0.11021
1254.5 0.02064875 0.04117925 0.07798525 0.1100175
1255.0 0.0206125 0.0411075 0.0778475 0.109825
1255.5 0.02057625 0.04103575 0.07770975000000001 0.10963250000000001
1256.0 0.02054 0.040964 0.077572 0.10944
1256.5 0.02050375 0.04089225 0.07743425 0.1092475
1257.0 0.0204675 0.0408205 0.0772965 0.109055
1257.5 0.02043125 0.04074875 0.07715875 0.1088625
1258.0 0.020395 0.040677 0.077021 0.10867
1258.5 0.020358750000000002 0.04060525 0.07688325 0.1084775
1259.0 0.0203225 0.0405335 0.07674550000000001 0.108285
1259.5 0.020286250000000002 0.04046175 0.07660775 0.10809250000000001
1260.0 0.02025 0.04039 0.07647 0.1079
1260.5 0.02021375 0.04031825 0.07633225 0.1077075
1261.0 0.0201775 0.0402465 0.0761945 0.107515
1261.5 0.02014125 0.04017475 0.07605675 0.1073225
1262.0 0.020105 0.040103 0.075919 0.10713
1262.5 0.02006875 0.040031250000000004 0.07578125 0.1069375
1263.0 0.0200325 0.0399595 0.0756435 0.106745
1263.5 0.01999625 0.03988775 0.07550575 0.1065525
1264.0 0.019960000000000002 0.039816000000000004 0.075368 0.10636
1264.5 0.01992375 0.03974425 0.07523025 0.1061675
1265.0 0.019887500000000002 0.0396725 0.0750925 0.105975
1265.5 0.01985125 0.039600750000000004 0.07495475 0.1057825
1266.0 0.019815 0.039529 0.074817 0.10559
1266.5 0.01977875 0.03945725 0.07467925 0.1053975
1267.0 0.0197425 0.039385500000000004 0.0745415 0.105205
1267.5 0.01970625 0.03931375 0.07440375 0.1050125
1268.0 0.01967 0.039242 0.074266 0.10482
1268.5 0.019633750000000002 0.039170250000000004 0.07412825 0.1046275
1269.0 0.0195975 0.0390985 0.0739905 0.104435
1269.5 0.019561250000000002 0.03902675 0.07385275 0.1042425
1270.0 0.019525 0.038955000000000004 0.073715 0.10405
1270.5 0.01948875 0.03888325 0.07357725 0.1038575
1271.0 0.0194525 0.0388115 0.0734395 0.10366500000000001
1271.5 0.01941625 0.03873975 0.07330175 0.1034725
1272.0 0.01938 0.038668 0.073164 0.10328
1272.5 0.01934375 0.03859625 0.07302625 0.1030875
1273.0 0.019307500000000002 0.0385245 0.0728885 0.102895
1273.5 0.01927125 0.03845275 0.07275075 0.1027025
1274.0 0.019235000000000002 0.038381 0.072613 0.10251
1274.5 0.01919875 0.03830925 0.07247525 0.1023175
1275.0 0.0191625 0.0382375 0.0723375 0.102125
1275.5 0.01912625 0.03816575 0.07219975 0.1019325
1276.0 0.01909 0.038094 0.072062 0.10174
1276.5 0.01905375 0.03802225 0.07192425 0.1015475
1277.0 0.0190175 0.0379505 0.0717865 0.101355
1277.5 0.01898125 0.03787875 0.07164875 0.1011625
1278.0 0.018945 0.037807 0.07151099999999999 0.10097
1278.5 0.018908750000000002 0.03773525 0.07137325 0.10077749999999999
1279.0 0.0188725 0.0376635 0.0712355 0.100585
1279.5 0.01883625 0.03759175 0.07109775 0.1003925
1280.0 0.0188 0.03752 0.07096 0.1002
1280.5 0.01876375 0.03744825 0.07082225 0.1000075
1281.0 0.0187275 0.0373765 0.0706845 0.099815
1281.5 0.01869125 0.03730475 0.07054674999999999 0.0996225
1282.0 0.018655 0.037233 0.070409 0.09943
1282.5 0.01861875 0.03716125 0.07027125 0.0992375
1283.0 0.018582500000000002 0.0370895 0.0701335 0.099045
1283.5 0.01854625 0.03701775 0.06999575 0.0988525
1284.0 0.01851 0.036946 0.069858 0.09866
1284.5 0.01847375 0.03687425 0.06972025 0.0984675
1285.0 0.018437500000000002 0.0368025 0.06958249999999999 0.098275
1285.5 0.01840125 0.03673075 0.06944475 0.0980825
1286.0 0.018365 0.036659 0.069307 0.09789
1286.5 0.01832875 0.03658725 0.06916925 0.09769749999999999
1287.0 0.0182925 0.0365155 0.0690315 0.097505
1287.5 0.01825625 0.03644375 0.06889375 0.0973125
1288.0 0.01822 0.036372 0.068756 0.09712
1288.5 0.018183750000000002 0.03630025 0.06861824999999999 0.0969275
1289.0 0.0181475 0.0362285 0.0684805 0.096735
1289.5 0.018111250000000002 0.03615675 0.06834275 0.0965425
1290.0 0.018075 0.036085 0.068205 0.09634999999999999
1290.5 0.01803875 0.03601325 0.06806725 0.09615749999999999
1291.0 0.0180025 0.0359415 0.06792949999999999 0.095965
1291.5 0.01796625 0.03586975 0.06779175 0.0957725
1292.0 0.01793 0.035797999999999996 0.06765399999999999 0.09558
1292.5 0.01789375 0.03572625 0.06751625 0.0953875
1293.0 0.017857500000000002 0.0356545 0.0673785 0.095195
1293.5 0.01782125 0.03558275 0.06724074999999999 0.09500249999999999
1294.0 0.017785000000000002 0.035511 0.067103 0.09481
1294.5 0.01774875 0.03543925 0.06696524999999999 0.0946175
1295.0 0.0177125 0.0353675 0.0668275 0.094425
1295.5 0.01767625 0.03529575 0.06668974999999999 0.0942325
1296.0 0.01764 0.035224 0.066552 0.09404
1296.5 0.01760375 0.03515225 0.06641425 0.0938475
1297.0 0.0175675 0.0350805 0.06627649999999999 0.093655
1297.5 0.01753125 0.03500875 0.06613875 0.0934625
1298.0 0.017495 0.034937 0.06600099999999999 0.09326999999999999
1298.5 0.017458750000000002 0.03486525 0.06586325 0.0930775
1299.0 0.0174225 0.0347935 0.06572549999999999 0.092885
1299.5 0.01738625 0.03472175 0.06558775 0.0926925
1300.0 0.01735 0.03465 0.06545 0.0925
1300.5 0.01731375 0.03457825 0.06531224999999999 0.0923075
1301.0 0.0172775 0.0345065 0.0651745 0.092115
1301.5 0.01724125 0.03443475 0.06503674999999999 0.0919225
1302.0 0.017205 0.034363 0.064899 0.09172999999999999
1302.5 0.01716875 0.03429125 0.06476124999999999 0.0915375
1303.0 0.017132500000000002 0.0342195 0.0646235 0.091345
1303.5 0.01709625 0.03414775 0.06448575 0.0911525
1304.0 0.017060000000000002 0.034076 0.06434799999999999 0.09096
1304.5 0.01702375 0.03400425 0.06421025 0.0907675
1305.0 0.016987500000000003 0.0339325 0.06407249999999999 0.090575
1305.5 0.01695125 0.03386075 0.06393475 0.09038249999999999
1306.0 0.016915 0.033789 0.06379699999999999 0.09018999999999999
1306.5 0.01687875 0.033717250000000004 0.06365925 0.0899975
1307.0 0.0168425 0.0336455 0.0635215 0.089805
1307.5 0.016806250000000002 0.03357375 0.06338374999999999 0.0896125
1308.0 0.01677 0.033502000000000004 0.063246 0.08942
1308.5 0.016733750000000002 0.03343025 0.06310824999999999 0.0892275
1309.0 0.0166975 0.0333585 0.0629705 0.08903499999999999
1309.5 0.016661250000000002 0.033286750000000004 0.06283274999999999 0.08884249999999999
1310.0 0.016625 0.033215 0.062695 0.08864999999999999
1310.5 0.01658875 0.03314325 0.06255725 0.0884575
1311.0 0.0165525 0.033071500000000004 0.062419499999999996 0.088265
1311.5 0.01651625 0.03299975 0.06228175 0.0880725
1312.0 0.01648 0.032928 0.06214399999999999 0.08788
1312.5 0.01644375 0.032856250000000004 0.06200624999999999 0.0876875
1313.0 0.016407500000000002 0.0327845 0.06186849999999999 0.08749499999999999
1313.5 0.01637125 0.03271275 0.061730749999999994 0.08730249999999999
1314.0 0.016335000000000002 0.032641 0.061592999999999995 0.08710999999999999
1314.5 0.01629875 0.03256925 0.061455249999999996 0.0869175
1315.0 0.0162625 0.0324975 0.0613175 0.086725
1315.5 0.01622625 0.03242575 0.06117974999999999 0.0865325
1316.0 0.01619 0.032354 0.06104199999999999 0.08634
1316.5 0.01615375 0.03228225 0.06090424999999999 0.08614749999999999
1317.0 0.0161175 0.0322105 0.060766499999999994 0.08595499999999999
1317.5 0.016081250000000002 0.03213875 0.060628749999999995 0.08576249999999999
1318.0 0.016045 0.032067 0.060490999999999996 0.08557
1318.5 0.016008750000000002 0.03199525 0.06035325 0.0853775
1319.0 0.0159725 0.0319235 0.06021549999999999 0.085185
1319.5 0.01593625 0.03185175 0.06007774999999999 0.0849925
1320.0 0.0159 0.03178 0.05993999999999999 0.08479999999999999
1320.5 0.01586375 0.03170825 0.059802249999999994 0.08460749999999999
1321.0 0.0158275 0.0316365 0.059664499999999995 0.08441499999999999
1321.5 0.01579125 0.03156475 0.059526749999999996 0.08422249999999999
1322.0 0.015755 0.031493 0.059389 0.08403
1322.5 0.01571875 0.031421250000000005 0.05925124999999999 0.0838375
1323.0 0.015682500000000002 0.0313495 0.05911349999999999 0.083645
1323.5 0.01564625 0.03127775 0.05897574999999999 0.08345249999999999
1324.0 0.01561 0.031206 0.058837999999999994 0.08325999999999999
1324.5 0.01557375 0.031134250000000002 0.058700249999999995 0.08306749999999999
1325.0 0.015537500000000001 0.031062500000000003 0.058562499999999997 0.08287499999999999
1325.5 0.015501250000000001 0.03099075 0.05842474999999999 0.08268249999999999
1326.0 0.015465000000000001 0.030919000000000002 0.05828699999999999 0.08249
1326.5 0.015428750000000001 0.030847250000000003 0.05814924999999999 0.0822975
1327.0 0.0153925 0.0307755 0.058011499999999994 0.08210499999999998
1327.5 0.015356250000000002 0.030703750000000002 0.057873749999999995 0.08191249999999999
1328.0 0.01532 0.030632000000000003 0.057735999999999996 0.08171999999999999
1328.5 0.01528375 0.030560250000000004 0.05759824999999999 0.08152749999999999
1329.0 0.0152475 0.0304885 0.0574605 0.08133499999999999
1329.5 0.01521125 0.030416750000000003 0.05732274999999999 0.08114249999999999
1330.0 0.015175000000000001 0.030345000000000004 0.05718499999999999 0.08095
1330.5 0.015138750000000001 0.03027325 0.057047249999999994 0.08075749999999998
1331.0 0.015102500000000001 0.030201500000000003 0.056909499999999995 0.08056499999999998
1331.5 0.01506625 0.030129750000000004 0.056771749999999996 0.08037249999999999
1332.0 0.015030000000000002 0.030058 0.05663399999999999 0.08017999999999999
1332.5 0.01499375 0.029986250000000002 0.05649624999999999 0.07998749999999999
1333.0 0.0149575 0.029914500000000004 0.05635849999999999 0.07979499999999999
1333.5 0.01492125 0.02984275 0.05622074999999999 0.07960249999999999
1334.0 0.014885 0.029771000000000002 0.056082999999999994 0.07940999999999998
1334.5 0.01484875 0.029699250000000003 0.055945249999999995 0.07921749999999998
1335.0 0.014812500000000001 0.0296275 0.055807499999999996 0.07902499999999998
1335.5 0.014776250000000001 0.029555750000000002 0.05566974999999999 0.07883249999999999
1336.0 0.014740000000000001 0.029484000000000003 0.05553199999999999 0.07863999999999999
1336.5 0.014703750000000002 0.02941225 0.05539424999999999 0.07844749999999999
1337.0 0.0146675 0.029340500000000002 0.05525649999999999 0.07825499999999999
1337.5 0.014631250000000002 0.029268750000000003 0.055118749999999994 0.07806249999999998
1338.0 0.014595 0.029197 0.054980999999999995 0.07786999999999998
1338.5 0.01455875 0.029125250000000002 0.054843249999999996 0.07767749999999998
1339.0 0.0145225 0.029053500000000003 0.05470549999999999 0.07748499999999998
1339.5 0.01448625 0.02898175 0.05456774999999999 0.07729249999999999
1340.0 0.014450000000000001 0.02891 0.05442999999999999 0.07709999999999999
1340.5 0.014413750000000001 0.028838250000000003 0.05429224999999999 0.07690749999999999
1341.0 0.014377500000000001 0.028766500000000004 0.054154499999999994 0.07671499999999998
1341.5 0.01434125 0.028694750000000005 0.054016749999999995 0.07652249999999998
1342.0 0.014305000000000002 0.028623000000000003 0.053878999999999996 0.07632999999999998
1342.5 0.01426875 0.028551250000000004 0.05374124999999999 0.07613749999999998
1343.0 0.0142325 0.028479500000000005 0.05360349999999999 0.07594499999999998
1343.5 0.01419625 0.028407750000000002 0.05346574999999999 0.07575249999999999
1344.0 0.01416 0.028336000000000004 0.05332799999999999 0.07555999999999999
1344.5 0.014123750000000001 0.028264250000000005 0.053190249999999994 0.07536749999999998
1345.0 0.014087500000000001 0.028192500000000002 0.053052499999999995 0.07517499999999998
1345.5 0.014051250000000001 0.028120750000000003 0.052914749999999997 0.07498249999999998
1346.0 0.014015000000000001 0.028049000000000004 0.05277699999999999 0.07478999999999998
1346.5 0.013978750000000002 0.027977250000000002 0.05263924999999999 0.07459749999999998
1347.0 0.0139425 0.027905500000000003 0.05250149999999999 0.07440499999999999
1347.5 0.01390625 0.027833750000000004 0.052363749999999994 0.07421249999999999
1348.0 0.01387 0.027762000000000002 0.052225999999999995 0.07401999999999997
1348.5 0.01383375 0.027690250000000003 0.05208824999999999 0.07382749999999998
1349.0 0.0137975 0.027618500000000004 0.0519505 0.07363499999999998
1349.5 0.013761250000000001 0.027546750000000002 0.05181274999999999 0.07344249999999998
1350.0 0.013725000000000001 0.027475000000000003 0.05167499999999999 0.07324999999999998
1350.5 0.013688750000000001 0.027403250000000004 0.05153724999999999 0.07305749999999998
1351.0 0.013652500000000001 0.0273315 0.051399499999999994 0.07286499999999999
1351.5 0.013616250000000002 0.027259750000000003 0.051261749999999995 0.07267249999999999
1352.0 0.013580000000000002 0.027188000000000004 0.05112399999999999 0.07247999999999999
1352.5 0.01354375 0.02711625 0.05098624999999999 0.07228749999999998
1353.0 0.0135075 0.027044500000000003 0.05084849999999999 0.07209499999999998
1353.5 0.01347125 0.026972750000000004 0.05071074999999999 0.07190249999999998
1354.0 0.013435 0.026901 0.05057299999999999 0.07170999999999998
1354.5 0.013398750000000001 0.026829250000000002 0.050435249999999994 0.07151749999999998
1355.0 0.013362500000000001 0.026757500000000004 0.050297499999999995 0.07132499999999999
1355.5 0.013326250000000001 0.02668575 0.05015974999999999 0.07113249999999999
1356.0 0.013290000000000001 0.026614000000000002 0.05002199999999999 0.07093999999999999
1356.5 0.013253750000000002 0.026542250000000003 0.04988424999999999 0.07074749999999999
1357.0 0.0132175 0.0264705 0.04974649999999999 0.07055499999999998
1357.5 0.01318125 0.026398750000000002 0.04960874999999999 0.07036249999999998
1358.0 0.013145 0.026327000000000003 0.049470999999999994 0.07016999999999998
1358.5 0.01310875 0.026255250000000004 0.049333249999999995 0.06997749999999998
1359.0 0.0130725 0.026183500000000002 0.04919549999999999 0.06978499999999999
1359.5 0.013036250000000001 0.026111750000000003 0.04905774999999999 0.06959249999999999
1360.0 0.013000000000000001 0.026040000000000004 0.04891999999999999 0.06939999999999999
1360.5 0.012963750000000001 0.025968250000000002 0.04878224999999999 0.06920749999999999
1361.0 0.012927500000000001 0.025896500000000003 0.04864449999999999 0.06901499999999998
1361.5 0.01289125 0.025824750000000004 0.048506749999999994 0.06882249999999998
1362.0 0.012855 0.025753 0.048368999999999995 0.06862999999999998
1362.5 0.01281875 0.025681250000000003 0.04823124999999999 0.06843749999999998
1363.0 0.0127825 0.025609500000000004 0.04809349999999999 0.06824499999999999
1363.5 0.01274625 0.02553775 0.04795574999999999 0.06805249999999999
1364.0 0.01271 0.025466000000000003 0.04781799999999999 0.06785999999999999
1364.5 0.012673750000000001 0.025394250000000004 0.047680249999999993 0.06766749999999999
1365.0 0.012637500000000001 0.0253225 0.047542499999999994 0.067475
1365.5 0.012601250000000001 0.025250750000000002 0.047404749999999996 0.06728249999999998
1366.0 0.012565 0.025179000000000003 0.04726699999999999 0.06708999999999998
1366.5 0.01252875 0.02510725 0.04712924999999999 0.06689749999999998
1367.0 0.0124925 0.025035500000000002 0.04699149999999999 0.06670499999999999
1367.5 0.01245625 0.024963750000000003 0.04685374999999999 0.06651249999999999
1368.0 0.01242 0.024892000000000004 0.046715999999999994 0.06631999999999999
1368.5 0.01238375 0.024820250000000002 0.046578249999999995 0.06612749999999999
1369.0 0.0123475 0.024748500000000003 0.046440499999999996 0.065935
1369.5 0.012311250000000001 0.024676750000000004 0.04630274999999999 0.06574249999999998
1370.0 0.012275000000000001 0.024605000000000002 0.04616499999999999 0.06554999999999998
1370.5 0.01223875 0.024533250000000003 0.04602724999999999 0.06535749999999999
1371.0 0.0122025 0.024461500000000004 0.04588949999999999 0.06516499999999999
1371.5 0.01216625 0.02438975 0.045751749999999994 0.06497249999999999
1372.0 0.01213 0.024318000000000003 0.045613999999999995 0.06477999999999999
1372.5 0.01209375 0.024246250000000004 0.045476249999999996 0.06458749999999999
1373.0 0.0120575 0.0241745 0.04533849999999999 0.064395
1373.5 0.01202125 0.024102750000000003 0.04520074999999999 0.0642025
1374.0 0.011985 0.024031000000000004 0.04506299999999999 0.06400999999999998
1374.5 0.011948750000000001 0.02395925 0.04492524999999999 0.06381749999999999
1375.0 0.0119125 0.023887500000000002 0.044787499999999994 0.06362499999999999
1375.5 0.01187625 0.023815750000000004 0.044649749999999995 0.06343249999999999
1376.0 0.01184 0.023744 0.044511999999999996 0.06323999999999999
1376.5 0.01180375 0.023672250000000002 0.04437424999999999 0.06304749999999999
1377.0 0.0117675 0.023600500000000003 0.04423649999999999 0.062855
1377.5 0.01173125 0.02352875 0.04409874999999999 0.0626625
1378.0 0.011695 0.023457000000000002 0.04396099999999999 0.06246999999999999
1378.5 0.01165875 0.023385250000000003 0.043823249999999994 0.06227749999999999
1379.0 0.011622500000000001 0.0233135 0.043685499999999995 0.062084999999999994
1379.5 0.01158625 0.023241750000000002 0.043547749999999996 0.06189249999999999
1380.0 0.011550000000000001 0.023170000000000003 0.04340999999999999 0.06169999999999999
1380.5 0.01151375 0.02309825 0.04327225 0.06150749999999999
1381.0 0.0114775 0.023026500000000002 0.04313449999999999 0.061314999999999995
1381.5 0.01144125 0.022954750000000003 0.04299674999999999 0.061122499999999996
1382.0 0.011405 0.022883 0.042858999999999994 0.06092999999999999
1382.5 0.01136875 0.02281125 0.042721249999999995 0.06073749999999999
1383.0 0.0113325 0.022739500000000003 0.042583499999999996 0.060544999999999995
1383.5 0.01129625 0.02266775 0.04244574999999999 0.06035249999999999
1384.0 0.01126 0.022596 0.042308 0.06015999999999999
1384.5 0.011223750000000001 0.022524250000000003 0.04217024999999999 0.05996749999999999
1385.0 0.0111875 0.0224525 0.042032499999999993 0.059774999999999995
1385.5 0.01115125 0.02238075 0.041894749999999994 0.0595825
1386.0 0.011115 0.022309000000000002 0.041756999999999996 0.05939
1386.5 0.01107875 0.02223725 0.041619249999999997 0.05919749999999999
1387.0 0.0110425 0.0221655 0.04148149999999999 0.059004999999999995
1387.5 0.01100625 0.022093750000000002 0.04134375 0.0588125
1388.0 0.01097 0.022022000000000003 0.04120599999999999 0.05861999999999999
1388.5 0.010933749999999999 0.02195025 0.041068249999999994 0.05842749999999999
1389.0 0.010897500000000001 0.021878500000000002 0.040930499999999995 0.058234999999999995
1389.5 0.01086125 0.021806750000000003 0.040792749999999996 0.0580425
1390.0 0.010825 0.021735000000000004 0.040655 0.05785
1390.5 0.01078875 0.021663250000000002 0.04051724999999999 0.057657499999999993
1391.0 0.0107525 0.021591500000000003 0.0403795 0.057464999999999995
1391.5 0.01071625 0.021519750000000004 0.04024174999999999 0.0572725
1392.0 0.01068 0.021448000000000002 0.040103999999999994 0.05707999999999999
1392.5 0.01064375 0.021376250000000003 0.039966249999999995 0.056887499999999994
1393.0 0.010607499999999999 0.021304500000000004 0.039828499999999996 0.056694999999999995
1393.5 0.01057125 0.02123275 0.03969075 0.0565025
1394.0 0.010535 0.021161000000000003 0.03955299999999999 0.05631
1394.5 0.01049875 0.021089250000000004 0.03941525 0.0561175
1395.0 0.0104625 0.0210175 0.03927749999999999 0.055925
1395.5 0.01042625 0.020945750000000003 0.039139749999999994 0.0557325
1396.0 0.01039 0.020874000000000004 0.039001999999999995 0.05554
1396.5 0.01035375 0.02080225 0.038864249999999996 0.055347499999999994
1397.0 0.0103175 0.020730500000000002 0.0387265 0.055154999999999996
1397.5 0.010281249999999999 0.020658750000000003 0.03858875 0.0549625
1398.0 0.010245 0.020587 0.038451 0.05477
1398.5 0.010208749999999999 0.020515250000000002 0.03831324999999999 0.0545775
1399.0 0.0101725 0.020443500000000003 0.038175499999999994 0.054385
1399.5 0.01013625 0.02037175 0.038037749999999995 0.0541925
1400.0 0.0101 0.020300000000000002 0.037899999999999996 0.054
1400.5 0.010086 0.02027175 0.03784725 0.05392375
1401.0 0.010072 0.0202435 0.037794499999999995 0.0538475
1401.5 0.010058 0.02021525 0.03774175 0.05377125
1402.0 0.010043999999999999 0.020187000000000004 0.03768899999999999 0.053695
1402.5 0.010029999999999999 0.020158750000000003 0.037636249999999996 0.05361875
1403.0 0.010015999999999999 0.020130500000000003 0.0375835 0.0535425
1403.5 0.010001999999999999 0.020102250000000002 0.037530749999999995 0.05346625
1404.0 0.009988 0.020074 0.037478 0.05339
1404.5 0.009974 0.02004575 0.03742524999999999 0.05331375
1405.0 0.00996 0.0200175 0.037372499999999996 0.0532375
1405.5 0.009946 0.019989250000000004 0.03731975 0.05316125
1406.0 0.009932 0.019961000000000003 0.037266999999999995 0.053085
1406.5 0.009918 0.019932750000000003 0.03721425 0.05300875
1407.0 0.009904 0.019904500000000002 0.0371615 0.0529325
1407.5 0.00989 0.01987625 0.037108749999999996 0.05285625
1408.0 0.009876 0.019848 0.037056 0.05278
1408.5 0.009862 0.01981975 0.037003249999999994 0.05270375
1409.0 0.009847999999999999 0.019791500000000004 0.0369505 0.0526275
1409.5 0.009833999999999999 0.019763250000000003 0.03689775 0.05255125
1410.0 0.009819999999999999 0.019735000000000003 0.036844999999999996 0.052475
1410.5 0.009805999999999999 0.019706750000000002 0.03679225 0.05239875
1411.0 0.009792 0.0196785 0.036739499999999994 0.0523225
1411.5 0.009778 0.01965025 0.03668675 0.05224625
1412.0 0.009764 0.019622 0.036634 0.05217
1412.5 0.00975 0.01959375 0.036581249999999996 0.05209375
1413.0 0.009736 0.019565500000000003 0.0365285 0.0520175
1413.5 0.009722 0.019537250000000003 0.036475749999999994 0.05194125
1414.0 0.009708 0.019509000000000002 0.036423 0.051865
1414.5 0.009694 0.01948075 0.03637025 0.05178875
1415.0 0.00968 0.0194525 0.036317499999999996 0.0517125
1415.5 0.009666 0.01942425 0.03626475 0.05163625
1416.0 0.009651999999999999 0.019396 0.036212 0.05156
1416.5 0.009637999999999999 0.019367750000000003 0.03615925 0.05148375
1417.0 0.009623999999999999 0.019339500000000003 0.0361065 0.0514075
1417.5 0.009609999999999999 0.019311250000000002 0.036053749999999996 0.05133125
1418.0 0.009596 0.019283 0.036001 0.051255
1418.5 0.009582 0.01925475 0.03594825 0.05117875
1419.0 0.009568 0.0192265 0.0358955 0.0511025
1419.5 0.009554 0.01919825 0.03584275 0.05102625
1420.0 0.00954 0.019170000000000003 0.035789999999999995 0.05095
1420.5 0.009526 0.019141750000000003 0.03573725 0.05087375
1421.0 0.009512 0.019113500000000002 0.0356845 0.0507975
1421.5 0.009498 0.01908525 0.03563175 0.05072125
1422.0 0.009484 0.019057 0.035579 0.050645
1422.5 0.00947 0.01902875 0.035526249999999995 0.05056875
1423.0 0.009455999999999999 0.0190005 0.0354735 0.0504925
1423.5 0.009441999999999999 0.018972250000000003 0.03542075 0.05041625
1424.0 0.009427999999999999 0.018944000000000003 0.035368 0.050339999999999996
1424.5 0.009413999999999999 0.018915750000000002 0.03531525 0.050263749999999996
1425.0 0.009399999999999999 0.0188875 0.0352625 0.050187499999999996
1425.5 0.009386 0.01885925 0.03520975 0.050111249999999996
1426.0 0.009372 0.018831 0.035157 0.050034999999999996
1426.5 0.009358 0.01880275 0.03510425 0.049958749999999996
1427.0 0.009344 0.018774500000000003 0.0350515 0.049882499999999996
1427.5 0.00933 0.018746250000000002 0.03499875 0.049806249999999996
1428.0 0.009316 0.018718000000000002 0.034946 0.049729999999999996
1428.5 0.009302 0.01868975 0.03489325 0.049653749999999997
1429.0 0.009288 0.0186615 0.034840499999999996 0.0495775
1429.5 0.009274 0.01863325 0.03478775 0.04950125
1430.0 0.00926 0.018605 0.034735 0.049425
1430.5 0.009245999999999999 0.018576750000000003 0.03468225 0.04934875
1431.0 0.009231999999999999 0.018548500000000002 0.0346295 0.0492725
1431.5 0.009217999999999999 0.018520250000000002 0.034576749999999996 0.04919625
1432.0 0.009204 0.018492 0.034524 0.04912
1432.5 0.00919 0.01846375 0.03447125 0.04904375
1433.0 0.009176 0.0184355 0.0344185 0.0489675
1433.5 0.009162 0.01840725 0.03436575 0.04889125
1434.0 0.009148 0.018379 0.034312999999999996 0.048815
1434.5 0.009134 0.018350750000000002 0.03426025 0.04873875
1435.0 0.00912 0.018322500000000002 0.0342075 0.0486625
1435.5 0.009106 0.01829425 0.03415475 0.04858625
1436.0 0.009092 0.018266 0.034102 0.04851
1436.5 0.009078 0.01823775 0.03404925 0.04843375
1437.0 0.009064 0.0182095 0.0339965 0.0483575
1437.5 0.009049999999999999 0.018181250000000003 0.03394375 0.04828125
1438.0 0.009035999999999999 0.018153000000000002 0.033891 0.048205
1438.5 0.009021999999999999 0.018124750000000002 0.03383825 0.04812875
1439.0 0.009007999999999999 0.0180965 0.0337855 0.0480525
1439.5 0.008993999999999999 0.01806825 0.03373275 0.04797625
1440.0 0.00898 0.01804 0.03368 0.0479
1440.5 0.008966 0.01801175 0.03362725 0.04782375
1441.0 0.008952 0.0179835 0.0335745 0.0477475
1441.5 0.008938 0.017955250000000002 0.03352175 0.04767125
1442.0 0.008924 0.017927000000000002 0.033469 0.047595
1442.5 0.00891 0.01789875 0.03341625 0.04751875
1443.0 0.008896 0.0178705 0.033363500000000004 0.0474425
1443.5 0.008882 0.01784225 0.03331075 0.04736625
1444.0 0.008868 0.017814 0.033258 0.04729
1444.5 0.008853999999999999 0.01778575 0.03320525 0.04721375
1445.0 0.008839999999999999 0.017757500000000002 0.0331525 0.0471375
1445.5 0.008825999999999999 0.017729250000000002 0.03309975 0.04706125
1446.0 0.008812 0.017701 0.033047 0.046985
1446.5 0.008798 0.01767275 0.03299425 0.04690875
1447.0 0.008784 0.0176445 0.0329415 0.0468325
1447.5 0.00877 0.01761625 0.03288875 0.04675625
1448.0 0.008756 0.017588 0.032836000000000004 0.04668
1448.5 0.008742 0.01755975 0.03278325 0.04660375
1449.0 0.008728 0.017531500000000002 0.0327305 0.0465275
1449.5 0.008714 0.01750325 0.03267775 0.04645125
1450.0 0.0087 0.017475 0.032625 0.046375
1450.5 0.008686 0.01744675 0.032572250000000004 0.04629875
1451.0 0.008672 0.0174185 0.0325195 0.0462225
1451.5 0.008657999999999999 0.01739025 0.03246675 0.04614625
1452.0 0.008643999999999999 0.017362000000000002 0.032414 0.04607
1452.5 0.008629999999999999 0.017333750000000002 0.03236125 0.04599375
1453.0 0.008615999999999999 0.0173055 0.032308500000000004 0.0459175
1453.5 0.008601999999999999 0.01727725 0.03225575 0.04584125
1454.0 0.008588 0.017249 0.032203 0.045765
1454.5 0.008574 0.01722075 0.03215025 0.04568875
1455.0 0.00856 0.0171925 0.0320975 0.0456125
1455.5 0.008546 0.017164250000000002 0.032044750000000004 0.04553625
1456.0 0.008532 0.017136000000000002 0.031992 0.04546
1456.5 0.008518 0.01710775 0.03193925 0.04538375
1457.0 0.008504 0.0170795 0.0318865 0.0453075
1457.5 0.00849 0.01705125 0.03183375 0.04523125
1458.0 0.008476 0.017023 0.031781000000000004 0.045155
1458.5 0.008461999999999999 0.01699475 0.03172825 0.04507875
1459.0 0.008447999999999999 0.016966500000000002 0.0316755 0.0450025
1459.5 0.008433999999999999 0.016938250000000002 0.03162275 0.04492625
1460.0 0.008419999999999999 0.01691 0.03157 0.04485
1460.5 0.008405999999999999 0.01688175 0.031517250000000004 0.04477375
1461.0 0.008392 0.0168535 0.0314645 0.0446975
1461.5 0.008378 0.01682525 0.03141175 0.04462125
1462.0 0.008364 0.016797 0.031359 0.044545
1462.5 0.00835 0.01676875 0.03130625 0.04446875
1463.0 0.008336 0.016740500000000002 0.031253500000000004 0.0443925
1463.5 0.008322 0.01671225 0.03120075 0.04431625
1464.0 0.008308 0.016684 0.031148000000000002 0.04424
1464.5 0.008294 0.01665575 0.03109525 0.04416375
1465.0 0.00828 0.0166275 0.0310425 0.0440875
1465.5 0.008265999999999999 0.01659925 0.03098975 0.04401125
1466.0 0.008251999999999999 0.016571 0.030937 0.043935
1466.5 0.008237999999999999 0.016542750000000002 0.030884250000000002 0.04385875
1467.0 0.008223999999999999 0.0165145 0.0308315 0.0437825
1467.5 0.008209999999999999 0.01648625 0.03077875 0.04370625
1468.0 0.008195999999999998 0.016458 0.030726 0.04363
1468.5 0.008182 0.01642975 0.03067325 0.04355375
1469.0 0.008168 0.0164015 0.030620500000000002 0.0434775
1469.5 0.008154 0.01637325 0.03056775 0.04340125
1470.0 0.00814 0.016345000000000002 0.030515 0.043325
1470.5 0.008126 0.01631675 0.03046225 0.04324875
1471.0 0.008112 0.0162885 0.0304095 0.0431725
1471.5 0.008098 0.01626025 0.030356750000000002 0.04309625
1472.0 0.008084 0.016232 0.030304 0.04302
1472.5 0.008069999999999999 0.01620375 0.03025125 0.04294375
1473.0 0.008055999999999999 0.0161755 0.0301985 0.0428675
1473.5 0.008041999999999999 0.016147250000000002 0.03014575 0.04279125
1474.0 0.008027999999999999 0.016119 0.030093 0.042715
1474.5 0.008013999999999999 0.01609075 0.03004025 0.04263875
1475.0 0.008 0.0160625 0.0299875 0.0425625
1475.5 0.007986 0.01603425 0.02993475 0.04248625
1476.0 0.007972 0.016006 0.029882 0.04241
1476.5 0.007958 0.01597775 0.02982925 0.04233375
1477.0 0.007944 0.015949500000000002 0.0297765 0.0422575
1477.5 0.00793 0.01592125 0.02972375 0.04218125
1478.0 0.007916 0.015893 0.029671 0.042105000000000004
1478.5 0.007902 0.01586475 0.02961825 0.042028750000000004
1479.0 0.007888 0.0158365 0.0295655 0.0419525
1479.5 0.007873999999999999 0.01580825 0.02951275 0.04187625
1480.0 0.007859999999999999 0.01578 0.02946 0.0418
1480.5 0.007845999999999999 0.015751750000000002 0.02940725 0.04172375
1481.0 0.007831999999999999 0.0157235 0.0293545 0.0416475
1481.5 0.007817999999999999 0.01569525 0.02930175 0.04157125
1482.0 0.007803999999999999 0.015667 0.029249 0.041495
1482.5 0.007789999999999999 0.01563875 0.02919625 0.04141875
1483.0 0.007775999999999999 0.0156105 0.0291435 0.0413425
1483.5 0.007761999999999999 0.01558225 0.02909075 0.04126625
1484.0 0.007748 0.015554 0.029038 0.04119
1484.5 0.0077339999999999996 0.01552575 0.02898525 0.04111375
1485.0 0.007719999999999999 0.0154975 0.0289325 0.0410375
1485.5 0.007705999999999999 0.01546925 0.02887975 0.04096125
1486.0 0.007691999999999999 0.015441 0.028827 0.040885
1486.5 0.007677999999999999 0.01541275 0.02877425 0.04080875
1487.0 0.007663999999999999 0.0153845 0.0287215 0.0407325
1487.5 0.007649999999999999 0.01535625 0.02866875 0.04065625
1488.0 0.0076359999999999996 0.015328 0.028616 0.04058
1488.5 0.0076219999999999994 0.01529975 0.02856325 0.04050375
1489.0 0.007607999999999999 0.0152715 0.0285105 0.0404275
1489.5 0.007593999999999999 0.01524325 0.02845775 0.04035125
1490.0 0.007579999999999999 0.015215 0.028405 0.040275
1490.5 0.007566 0.015186749999999999 0.02835225 0.04019875
1491.0 0.007552 0.0151585 0.0282995 0.0401225
1491.5 0.0075379999999999996 0.01513025 0.02824675 0.04004625
1492.0 0.0075239999999999994 0.015102 0.028194 0.03997
1492.5 0.007509999999999999 0.01507375 0.02814125 0.03989375
1493.0 0.007495999999999999 0.0150455 0.0280885 0.0398175
1493.5 0.007481999999999999 0.01501725 0.028035749999999998 0.03974125
1494.0 0.007467999999999999 0.014988999999999999 0.027983 0.039665
1494.5 0.007453999999999999 0.01496075 0.02793025 0.03958875
1495.0 0.0074399999999999996 0.0149325 0.0278775 0.0395125
1495.5 0.0074259999999999994 0.01490425 0.02782475 0.03943625
1496.0 0.007411999999999999 0.014876 0.027771999999999998 0.03936
1496.5 0.007397999999999999 0.01484775 0.02771925 0.03928375
1497.0 0.007383999999999999 0.0148195 0.0276665 0.0392075
1497.5 0.007369999999999999 0.014791249999999999 0.02761375 0.03913125
1498.0 0.007356 0.014763 0.027561 0.039055
1498.5 0.007342 0.01473475 0.027508249999999998 0.03897875
1499.0 0.0073279999999999994 0.014706499999999999 0.0274555 0.0389025
1499.5 0.007313999999999999 0.01467825 0.02740275 0.03882625
1500.0 0.007299999999999999 0.01465 0.02735 0.03875
1500.5 0.007285999999999999 0.01462175 0.02729725 0.03867375
1501.0 0.007271999999999999 0.0145935 0.027244499999999998 0.0385975
1501.5 0.007257999999999999 0.01456525 0.02719175 0.03852125
1502.0 0.007244 0.014537 0.027139 0.038445
1502.5 0.0072299999999999994 0.014508749999999999 0.02708625 0.03836875
1503.0 0.007215999999999999 0.0144805 0.0270335 0.0382925
1503.5 0.007201999999999999 0.01445225 0.026980749999999998 0.03821625
1504.0 0.007187999999999999 0.014424 0.026928 0.03814
1504.5 0.007173999999999999 0.01439575 0.02687525 0.03806375
1505.0 0.00716 0.0143675 0.0268225 0.0379875
1505.5 0.007146 0.01433925 0.02676975 0.03791125
1506.0 0.0071319999999999995 0.014310999999999999 0.026717 0.037835
1506.5 0.007117999999999999 0.01428275 0.02666425 0.03775875
1507.0 0.007103999999999999 0.0142545 0.0266115 0.0376825
1507.5 0.007089999999999999 0.01422625 0.02655875 0.03760625
1508.0 0.007075999999999999 0.014198 0.026506 0.03753
1508.5 0.007062 0.01416975 0.02645325 0.03745375
1509.0 0.007048 0.0141415 0.0264005 0.0373775
1509.5 0.0070339999999999995 0.01411325 0.02634775 0.03730125
1510.0 0.007019999999999999 0.014085 0.026295 0.037225
1510.5 0.007005999999999999 0.01405675 0.026242249999999998 0.03714875
1511.0 0.006991999999999999 0.0140285 0.0261895 0.0370725
1511.5 0.006977999999999999 0.01400025 0.02613675 0.03699625
1512.0 0.006964 0.013972 0.026084 0.03692
1512.5 0.00695 0.01394375 0.02603125 0.03684375
1513.0 0.0069359999999999995 0.0139155 0.0259785 0.0367675
1513.5 0.006921999999999999 0.01388725 0.02592575 0.03669125
1514.0 0.006907999999999999 0.013859 0.025873 0.036615
1514.5 0.006893999999999999 0.01383075 0.02582025 0.03653875
1515.0 0.006879999999999999 0.0138025 0.0257675 0.0364625
1515.5 0.006866 0.01377425 0.02571475 0.03638625
1516.0 0.006852 0.013746 0.025662 0.03631
1516.5 0.0068379999999999995 0.01371775 0.02560925 0.03623375
1517.0 0.006823999999999999 0.0136895 0.0255565 0.0361575
1517.5 0.006809999999999999 0.01366125 0.02550375 0.03608125
1518.0 0.006795999999999999 0.013633 0.025451 0.036005
1518.5 0.006782 0.01360475 0.02539825 0.03592875
1519.0 0.006768 0.0135765 0.0253455 0.0358525
1519.5 0.006754 0.01354825 0.02529275 0.03577625
1520.0 0.0067399999999999995 0.01352 0.02524 0.0357
1520.5 0.006725999999999999 0.01349175 0.02518725 0.03562375
1521.0 0.006711999999999999 0.0134635 0.0251345 0.0355475
1521.5 0.006697999999999999 0.01343525 0.02508175 0.03547125
1522.0 0.006684 0.013407 0.025029 0.035395
1522.5 0.00667 0.01337875 0.02497625 0.03531875
1523.0 0.006656 0.0133505 0.0249235 0.0352425
1523.5 0.0066419999999999995 0.01332225 0.02487075 0.03516625
1524.0 0.006627999999999999 0.013294 0.024818 0.035089999999999996
1524.5 0.006613999999999999 0.01326575 0.02476525 0.035013749999999996
1525.0 0.0066 0.0132375 0.0247125 0.034937499999999996
1525.5 0.006586 0.01320925 0.02465975 0.034861249999999996
1526.0 0.006572 0.013181 0.024607 0.034784999999999996
1526.5 0.006558 0.01315275 0.02455425 0.03470875
1527.0 0.0065439999999999995 0.0131245 0.0245015 0.0346325
1527.5 0.006529999999999999 0.01309625 0.02444875 0.03455625
1528.0 0.006515999999999999 0.013068 0.024396 0.03448
1528.5 0.006502 0.01303975 0.02434325 0.03440375
1529.0 0.006488 0.0130115 0.0242905 0.0343275
1529.5 0.006474 0.01298325 0.024237750000000002 0.03425125
1530.0 0.00646 0.012955 0.024185 0.034175
1530.5 0.0064459999999999995 0.01292675 0.02413225 0.03409875
1531.0 0.006431999999999999 0.0128985 0.0240795 0.0340225
1531.5 0.006418 0.01287025 0.02402675 0.03394625
1532.0 0.006404 0.012842 0.023974000000000002 0.03387
1532.5 0.00639 0.01281375 0.02392125 0.03379375
1533.0 0.006376 0.0127855 0.0238685 0.0337175
1533.5 0.006362 0.01275725 0.02381575 0.03364125
1534.0 0.0063479999999999995 0.012729 0.023763 0.033565
1534.5 0.006333999999999999 0.01270075 0.023710250000000002 0.03348875
1535.0 0.006319999999999999 0.0126725 0.0236575 0.0334125
1535.5 0.006306 0.01264425 0.02360475 0.03333625
1536.0 0.006292 0.012616 0.023552 0.03326
1536.5 0.006278 0.01258775 0.02349925 0.03318375
1537.0 0.006264 0.012559500000000001 0.023446500000000002 0.0331075
1537.5 0.0062499999999999995 0.01253125 0.02339375 0.03303125
1538.0 0.006236 0.012503 0.023341 0.032955
1538.5 0.006222 0.01247475 0.02328825 0.03287875
1539.0 0.006208 0.0124465 0.0232355 0.0328025
1539.5 0.006194 0.01241825 0.023182750000000002 0.03272625
1540.0 0.00618 0.01239 0.02313 0.03265
1540.5 0.006166 0.012361750000000001 0.02307725 0.03257375
1541.0 0.0061519999999999995 0.0123335 0.0230245 0.0324975
1541.5 0.006137999999999999 0.01230525 0.02297175 0.03242125
1542.0 0.006124 0.012277 0.022919000000000002 0.032345
1542.5 0.00611 0.01224875 0.02286625 0.03226875
1543.0 0.006096 0.0122205 0.0228135 0.0321925
1543.5 0.006082 0.01219225 0.02276075 0.03211625
1544.0 0.006068 0.012164000000000001 0.022708 0.03204
1544.5 0.006054 0.01213575 0.022655250000000002 0.03196375
1545.0 0.00604 0.0121075 0.0226025 0.0318875
1545.5 0.006026 0.01207925 0.02254975 0.03181125
1546.0 0.006012 0.012051 0.022497000000000003 0.031735
1546.5 0.005998 0.01202275 0.02244425 0.03165875
1547.0 0.005984 0.0119945 0.0223915 0.0315825
1547.5 0.00597 0.011966250000000001 0.02233875 0.03150625
1548.0 0.0059559999999999995 0.011938 0.022286 0.03143
1548.5 0.005941999999999999 0.01190975 0.022233250000000003 0.03135375
1549.0 0.005928 0.0118815 0.022180500000000002 0.0312775
1549.5 0.005914 0.01185325 0.02212775 0.03120125
1550.0 0.0059 0.011825 0.022075 0.031125
1550.5 0.005886 0.01179675 0.02202225 0.03104875
1551.0 0.005872 0.011768500000000001 0.0219695 0.0309725
1551.5 0.0058579999999999995 0.01174025 0.021916750000000002 0.03089625
1552.0 0.005844 0.011712 0.021864 0.03082
1552.5 0.00583 0.01168375 0.02181125 0.03074375
1553.0 0.005816 0.011655500000000001 0.0217585 0.0306675
1553.5 0.005802 0.01162725 0.02170575 0.03059125
1554.0 0.005788 0.011599 0.021653000000000002 0.030515
1554.5 0.005774 0.011570750000000001 0.02160025 0.03043875
1555.0 0.0057599999999999995 0.0115425 0.0215475 0.0303625
1555.5 0.005746 0.01151425 0.02149475 0.03028625
1556.0 0.005732 0.011486 0.021442000000000003 0.03021
1556.5 0.005718 0.011457750000000001 0.021389250000000002 0.03013375
1557.0 0.005704 0.0114295 0.0213365 0.0300575
1557.5 0.00569 0.01140125 0.02128375 0.02998125
1558.0 0.005676 0.011373 0.021231 0.029905
1558.5 0.0056619999999999995 0.01134475 0.021178250000000003 0.02982875
1559.0 0.005648 0.0113165 0.021125500000000002 0.0297525
1559.5 0.005634 0.01128825 0.02107275 0.02967625
1560.0 0.00562 0.011260000000000001 0.02102 0.0296
1560.5 0.005606 0.01123175 0.02096725 0.02952375
1561.0 0.005592 0.0112035 0.020914500000000003 0.0294475
1561.5 0.005578 0.01117525 0.020861750000000002 0.02937125
1562.0 0.0055639999999999995 0.011147 0.020809 0.029295
1562.5 0.005549999999999999 0.01111875 0.02075625 0.02921875
1563.0 0.005536 0.0110905 0.0207035 0.029142500000000002
1563.5 0.005522 0.011062250000000001 0.020650750000000002 0.029066250000000002
1564.0 0.005508 0.011034 0.020598 0.028990000000000002
1564.5 0.005494 0.01100575 0.02054525 0.02891375
1565.0 0.00548 0.0109775 0.0204925 0.0288375
1565.5 0.0054659999999999995 0.01094925 0.020439750000000003 0.02876125
1566.0 0.005452 0.010921 0.020387000000000002 0.028685
1566.5 0.005438 0.01089275 0.02033425 0.02860875
1567.0 0.005424 0.0108645 0.0202815 0.0285325
1567.5 0.00541 0.01083625 0.02022875 0.02845625
1568.0 0.005396 0.010808 0.020176000000000003 0.02838
1568.5 0.005382 0.01077975 0.020123250000000002 0.02830375
1569.0 0.0053679999999999995 0.0107515 0.0200705 0.0282275
1569.5 0.005353999999999999 0.01072325 0.02001775 0.02815125
1570.0 0.00534 0.010695 0.019965000000000004 0.028075
1570.5 0.005326 0.01066675 0.019912250000000003 0.02799875
1571.0 0.005312 0.0106385 0.019859500000000002 0.0279225
1571.5 0.005298 0.01061025 0.01980675 0.02784625
1572.0 0.005284 0.010582 0.019754 0.02777
1572.5 0.0052699999999999995 0.01055375 0.019701250000000003 0.02769375
1573.0 0.005256 0.0105255 0.019648500000000003 0.0276175
1573.5 0.005242 0.01049725 0.019595750000000002 0.02754125
1574.0 0.005228 0.010469 0.019543 0.027465
1574.5 0.005214 0.01044075 0.01949025 0.02738875
1575.0 0.0052 0.0104125 0.019437500000000003 0.0273125
1575.5 0.005186 0.01038425 0.019384750000000003 0.02723625
1576.0 0.0051719999999999995 0.010356 0.019332000000000002 0.02716
1576.5 0.005157999999999999 0.01032775 0.01927925 0.02708375
1577.0 0.005144 0.0102995 0.0192265 0.0270075
1577.5 0.00513 0.010271249999999999 0.019173750000000003 0.02693125
1578.0 0.005116 0.010243 0.019121000000000003 0.026855
1578.5 0.005102 0.01021475 0.019068250000000002 0.02677875
1579.0 0.005088 0.0101865 0.0190155 0.0267025
1579.5 0.0050739999999999995 0.01015825 0.01896275 0.02662625
1580.0 0.00506 0.01013 0.018910000000000003 0.02655
1580.5 0.005046 0.01010175 0.018857250000000002 0.02647375
1581.0 0.005032 0.010073499999999999 0.018804500000000002 0.0263975
1581.5 0.005018 0.01004525 0.01875175 0.02632125
1582.0 0.005004 0.010017 0.018699 0.026245
1582.5 0.00499 0.00998875 0.018646250000000003 0.02616875
1583.0 0.0049759999999999995 0.009960499999999999 0.018593500000000002 0.0260925
1583.5 0.004961999999999999 0.00993225 0.01854075 0.02601625
1584.0 0.004947999999999999 0.009904 0.018488 0.02594
1584.5 0.004934 0.009875749999999999 0.01843525 0.02586375
1585.0 0.00492 0.009847499999999999 0.018382500000000003 0.0257875
1585.5 0.004906 0.00981925 0.018329750000000002 0.025711249999999998
1586.0 0.004892 0.009791 0.018277 0.025634999999999998
1586.5 0.0048779999999999995 0.00976275 0.01822425 0.025558749999999998
1587.0 0.004864 0.0097345 0.018171500000000004 0.025482499999999998
1587.5 0.00485 0.00970625 0.018118750000000003 0.02540625
1588.0 0.004836 0.009677999999999999 0.018066000000000002 0.02533
1588.5 0.004822 0.009649749999999999 0.01801325 0.02525375
1589.0 0.004808 0.0096215 0.017960500000000004 0.0251775
1589.5 0.004794 0.00959325 0.017907750000000004 0.02510125
1590.0 0.0047799999999999995 0.009564999999999999 0.017855000000000003 0.025025
1590.5 0.004765999999999999 0.00953675 0.017802250000000002 0.02494875
1591.0 0.004751999999999999 0.0095085 0.0177495 0.0248725
1591.5 0.004738 0.009480249999999999 0.017696750000000004 0.02479625
1592.0 0.004724 0.009451999999999999 0.017644000000000003 0.02472
1592.5 0.00471 0.00942375 0.017591250000000003 0.02464375
1593.0 0.004696 0.0093955 0.017538500000000002 0.0245675
1593.5 0.0046819999999999995 0.009367249999999999 0.01748575 0.02449125
1594.0 0.004668 0.009339 0.017433000000000004 0.024415
1594.5 0.004654 0.00931075 0.017380250000000003 0.02433875
1595.0 0.00464 0.009282499999999999 0.017327500000000003 0.0242625
1595.5 0.004626 0.009254249999999999 0.017274750000000002 0.02418625
1596.0 0.004612 0.009226 0.017222 0.02411
1596.5 0.004598 0.00919775 0.017169250000000004 0.02403375
1597.0 0.0045839999999999995 0.009169499999999999 0.017116500000000003 0.0239575
1597.5 0.004569999999999999 0.00914125 0.017063750000000003 0.02388125
1598.0 0.004555999999999999 0.009113 0.017011000000000002 0.023805
1598.5 0.004542 0.009084749999999999 0.01695825 0.02372875
1599.0 0.004528 0.009056499999999999 0.016905500000000004 0.0236525
1599.5 0.004514 0.00902825 0.016852750000000003 0.02357625
1600.0 0.0045 0.009 0.016800000000000002 0.0235
1600.5 0.004494 0.008988 0.01677775 0.02346875
1601.0 0.004488 0.008976 0.016755500000000003 0.0234375
1601.5 0.004482 0.008964 0.01673325 0.02340625
1602.0 0.004476 0.008952 0.016711000000000004 0.023375
1602.5 0.00447 0.00894 0.016688750000000002 0.02334375
1603.0 0.004464 0.008928 0.0166665 0.0233125
1603.5 0.004457999999999999 0.008915999999999999 0.016644250000000003 0.02328125
1604.0 0.004451999999999999 0.008903999999999999 0.016622 0.02325
1604.5 0.004445999999999999 0.008891999999999999 0.016599750000000003 0.02321875
1605.0 0.0044399999999999995 0.008879999999999999 0.016577500000000002 0.0231875
1605.5 0.004434 0.008868 0.016555250000000004 0.02315625
1606.0 0.004428 0.008856 0.016533000000000003 0.023125
1606.5 0.004422 0.008844 0.01651075 0.02309375
1607.0 0.004416 0.008832 0.016488500000000003 0.0230625
1607.5 0.00441 0.00882 0.01646625 0.02303125
1608.0 0.004404 0.008808 0.016444000000000004 0.023
1608.5 0.004398 0.008796 0.016421750000000002 0.02296875
1609.0 0.004392 0.008784 0.0163995 0.0229375
1609.5 0.004385999999999999 0.008771999999999999 0.016377250000000003 0.02290625
1610.0 0.004379999999999999 0.008759999999999999 0.016355 0.022875
1610.5 0.004373999999999999 0.008747999999999999 0.016332750000000004 0.02284375
1611.0 0.0043679999999999995 0.008735999999999999 0.016310500000000002 0.0228125
1611.5 0.0043619999999999996 0.008723999999999999 0.01628825 0.02278125
1612.0 0.004356 0.008712 0.016266000000000003 0.02275
1612.5 0.00435 0.0087 0.01624375 0.02271875
1613.0 0.004344 0.008688 0.016221500000000003 0.0226875
1613.5 0.004338 0.008676 0.016199250000000002 0.02265625
1614.0 0.004332 0.008664 0.016177000000000004 0.022625
1614.5 0.004326 0.008652 0.016154750000000002 0.02259375
1615.0 0.00432 0.00864 0.0161325 0.0225625
1615.5 0.004314 0.008628 0.016110250000000003 0.02253125
1616.0 0.004307999999999999 0.008615999999999999 0.016088 0.0225
1616.5 0.004301999999999999 0.008603999999999999 0.016065750000000004 0.02246875
1617.0 0.0042959999999999995 0.008591999999999999 0.016043500000000002 0.0224375
1617.5 0.0042899999999999995 0.008579999999999999 0.01602125 0.02240625
1618.0 0.004284 0.008568 0.015999000000000003 0.022375
1618.5 0.004278 0.008556 0.01597675 0.02234375
1619.0 0.004272 0.008544 0.015954500000000003 0.0223125
1619.5 0.004266 0.008532 0.015932250000000002 0.02228125
1620.0 0.00426 0.00852 0.01591 0.02225
1620.5 0.004254 0.008508 0.015887750000000003 0.02221875
1621.0 0.004248 0.008496 0.0158655 0.0221875
1621.5 0.004242 0.008484 0.015843250000000003 0.02215625
1622.0 0.004236 0.008472 0.015821 0.022125
1622.5 0.004229999999999999 0.008459999999999999 0.01579875 0.02209375
1623.0 0.0042239999999999995 0.008447999999999999 0.015776500000000002 0.0220625
1623.5 0.0042179999999999995 0.008435999999999999 0.01575425 0.02203125
1624.0 0.004212 0.008424 0.015732000000000003 0.022
1624.5 0.004206 0.008412 0.01570975 0.021968750000000002
1625.0 0.0042 0.0084 0.0156875 0.0219375
1625.5 0.004194 0.008388 0.015665250000000002 0.021906250000000002
1626.0 0.004188 0.008376 0.015643 0.021875
1626.5 0.004182 0.008364 0.015620750000000003 0.021843750000000002
1627.0 0.004176 0.008352 0.015598500000000001 0.0218125
1627.5 0.00417 0.00834 0.015576250000000002 0.021781250000000002
1628.0 0.004163999999999999 0.008327999999999999 0.015554000000000002 0.021750000000000002
1628.5 0.004157999999999999 0.008315999999999999 0.015531750000000002 0.021718750000000002
1629.0 0.0041519999999999994 0.008303999999999999 0.015509500000000002 0.021687500000000002
1629.5 0.0041459999999999995 0.008291999999999999 0.015487250000000001 0.021656250000000002
1630.0 0.00414 0.00828 0.015465000000000001 0.021625000000000002
1630.5 0.004134 0.008268 0.015442750000000002 0.021593750000000002
1631.0 0.004128 0.008256 0.015420500000000002 0.021562500000000002
1631.5 0.004122 0.008244 0.015398250000000002 0.021531250000000002
1632.0 0.004116 0.008232 0.015376 0.021500000000000002
1632.5 0.00411 0.00822 0.015353750000000001 0.02146875
1633.0 0.004104 0.008208 0.015331500000000001 0.0214375
1633.5 0.004098 0.008196 0.015309250000000002 0.02140625
1634.0 0.004092 0.008184 0.015287000000000002 0.021375
1634.5 0.004085999999999999 0.008171999999999999 0.015264750000000002 0.02134375
1635.0 0.004079999999999999 0.008159999999999999 0.0152425 0.0213125
1635.5 0.0040739999999999995 0.008147999999999999 0.015220250000000001 0.02128125
1636.0 0.004068 0.008136 0.015198000000000001 0.02125
1636.5 0.004062 0.008124 0.015175750000000002 0.02121875
1637.0 0.004056 0.008112 0.015153500000000002 0.0211875
1637.5 0.00405 0.0081 0.015131250000000002 0.02115625
1638.0 0.004044 0.008088 0.015109000000000001 0.021125
1638.5 0.004038 0.008076 0.015086750000000001 0.02109375
1639.0 0.004032 0.008064 0.015064500000000002 0.0210625
1639.5 0.004026 0.008052 0.015042250000000002 0.02103125
1640.0 0.00402 0.00804 0.015020000000000002 0.021
1640.5 0.004014 0.008028 0.01499775 0.02096875
1641.0 0.004007999999999999 0.008015999999999999 0.014975500000000001 0.0209375
1641.5 0.0040019999999999995 0.008003999999999999 0.014953250000000001 0.02090625
1642.0 0.0039959999999999996 0.007991999999999999 0.014931000000000002 0.020875
1642.5 0.00399 0.00798 0.014908750000000002 0.02084375
1643.0 0.003984 0.007968 0.0148865 0.0208125
1643.5 0.003978 0.007956 0.01486425 0.02078125
1644.0 0.003972 0.007944 0.014842000000000001 0.02075
1644.5 0.003966 0.007932 0.014819750000000001 0.02071875
1645.0 0.00396 0.00792 0.014797500000000002 0.0206875
1645.5 0.003954 0.007908 0.014775250000000002 0.02065625
1646.0 0.003948 0.007896 0.014753000000000002 0.020625
1646.5 0.003941999999999999 0.007883999999999999 0.01473075 0.02059375
1647.0 0.003936 0.007872 0.014708500000000001 0.0205625
1647.5 0.0039299999999999995 0.007859999999999999 0.014686250000000001 0.02053125
1648.0 0.0039239999999999995 0.007847999999999999 0.014664000000000002 0.0205
1648.5 0.003918 0.007836 0.014641750000000002 0.02046875
1649.0 0.003912 0.007824 0.0146195 0.0204375
1649.5 0.0039059999999999997 0.0078119999999999995 0.01459725 0.02040625
1650.0 0.0039 0.0078 0.014575000000000001 0.020375
1650.5 0.003894 0.007788 0.014552750000000001 0.02034375
1651.0 0.003888 0.007776 0.014530500000000002 0.0203125
1651.5 0.003882 0.007764 0.01450825 0.02028125
1652.0 0.0038759999999999997 0.007751999999999999 0.014486 0.02025
1652.5 0.0038699999999999997 0.0077399999999999995 0.014463750000000001 0.02021875
1653.0 0.003864 0.007728 0.014441500000000001 0.0201875
1653.5 0.003858 0.007716 0.014419250000000002 0.02015625
1654.0 0.003852 0.007704 0.014397000000000002 0.020125
1654.5 0.003846 0.007692 0.01437475 0.02009375
1655.0 0.0038399999999999997 0.007679999999999999 0.0143525 0.0200625
1655.5 0.0038339999999999997 0.0076679999999999995 0.014330250000000001 0.02003125
1656.0 0.003828 0.007656 0.014308000000000001 0.02
1656.5 0.003822 0.007644 0.014285750000000002 0.01996875
1657.0 0.003816 0.007632 0.014263500000000002 0.0199375
1657.5 0.00381 0.00762 0.01424125 0.01990625
1658.0 0.0038039999999999997 0.007607999999999999 0.014219 0.019875
1658.5 0.0037979999999999997 0.0075959999999999995 0.014196750000000001 0.01984375
1659.0 0.003792 0.007584 0.014174500000000001 0.0198125
1659.5 0.003786 0.007572 0.014152250000000002 0.01978125
1660.0 0.00378 0.00756 0.014130000000000002 0.01975
1660.5 0.003774 0.007548 0.01410775 0.01971875
1661.0 0.0037679999999999996 0.007535999999999999 0.0140855 0.0196875
1661.5 0.0037619999999999997 0.0075239999999999994 0.014063250000000001 0.01965625
1662.0 0.003756 0.007512 0.014041000000000001 0.019625
1662.5 0.00375 0.0075 0.014018750000000002 0.01959375
1663.0 0.003744 0.007488 0.013996500000000002 0.0195625
1663.5 0.003738 0.007476 0.01397425 0.01953125
1664.0 0.003732 0.007464 0.013952 0.0195
1664.5 0.0037259999999999997 0.007451999999999999 0.013929750000000001 0.01946875
1665.0 0.0037199999999999998 0.0074399999999999996 0.013907500000000001 0.0194375
1665.5 0.003714 0.007428 0.013885250000000002 0.01940625
1666.0 0.003708 0.007416 0.013863000000000002 0.019375
1666.5 0.003702 0.007404 0.01384075 0.01934375
1667.0 0.003696 0.007392 0.013818500000000001 0.0193125
1667.5 0.0036899999999999997 0.007379999999999999 0.013796250000000001 0.01928125
1668.0 0.0036839999999999998 0.0073679999999999995 0.013774000000000002 0.01925
1668.5 0.003678 0.007356 0.013751750000000002 0.01921875
1669.0 0.003672 0.007344 0.013729500000000002 0.0191875
1669.5 0.003666 0.007332 0.01370725 0.01915625
1670.0 0.00366 0.00732 0.013685000000000001 0.019125
1670.5 0.0036539999999999997 0.007307999999999999 0.013662750000000001 0.01909375
1671.0 0.0036479999999999998 0.0072959999999999995 0.013640500000000002 0.0190625
1671.5 0.003642 0.007284 0.013618250000000002 0.01903125
1672.0 0.003636 0.007272 0.013596 0.019
1672.5 0.00363 0.00726 0.01357375 0.01896875
1673.0 0.003624 0.007248 0.013551500000000001 0.0189375
1673.5 0.0036179999999999997 0.007235999999999999 0.013529250000000001 0.01890625
1674.0 0.0036119999999999998 0.0072239999999999995 0.013507000000000002 0.018875000000000003
1674.5 0.003606 0.007212 0.013484750000000002 0.01884375
1675.0 0.0036 0.0072 0.013462500000000002 0.018812500000000003
1675.5 0.003594 0.007188 0.01344025 0.01878125
1676.0 0.003588 0.007176 0.013418000000000001 0.018750000000000003
1676.5 0.003582 0.007164 0.013395750000000001 0.01871875
1677.0 0.0035759999999999998 0.0071519999999999995 0.013373500000000002 0.018687500000000003
1677.5 0.00357 0.00714 0.013351250000000002 0.018656250000000003
1678.0 0.003564 0.007128 0.013329 0.018625000000000003
1678.5 0.003558 0.007116 0.013306750000000001 0.018593750000000003
1679.0 0.003552 0.007104 0.013284500000000001 0.018562500000000003
1679.5 0.0035459999999999997 0.007091999999999999 0.013262250000000001 0.018531250000000003
1680.0 0.0035399999999999997 0.0070799999999999995 0.013240000000000002 0.018500000000000003
1680.5 0.003534 0.007068 0.013217750000000002 0.018468750000000003
1681.0 0.003528 0.007056 0.013195500000000002 0.018437500000000002
1681.5 0.003522 0.007044 0.013173250000000001 0.018406250000000002
1682.0 0.003516 0.007032 0.013151000000000001 0.018375000000000002
1682.5 0.00351 0.00702 0.013128750000000002 0.018343750000000002
1683.0 0.0035039999999999997 0.0070079999999999995 0.013106500000000002 0.018312500000000002
1683.5 0.003498 0.006996 0.013084250000000002 0.018281250000000002
1684.0 0.003492 0.006984 0.013062 0.018250000000000002
1684.5 0.003486 0.006972 0.013039750000000001 0.018218750000000002
1685.0 0.00348 0.00696 0.013017500000000001 0.018187500000000002
1685.5 0.003474 0.006948 0.012995250000000002 0.018156250000000002
1686.0 0.0034679999999999997 0.0069359999999999995 0.012973000000000002 0.018125000000000002
1686.5 0.003462 0.006924 0.012950750000000002 0.018093750000000002
1687.0 0.003456 0.006912 0.0129285 0.018062500000000002
1687.5 0.00345 0.0069 0.012906250000000001 0.018031250000000002
1688.0 0.003444 0.006888 0.012884000000000001 0.018000000000000002
1688.5 0.003438 0.006876 0.012861750000000002 0.017968750000000002
1689.0 0.003432 0.006864 0.012839500000000002 0.017937500000000002
1689.5 0.003426 0.006852 0.012817250000000002 0.017906250000000002
1690.0 0.00342 0.00684 0.012795 0.017875000000000002
1690.5 0.003414 0.006828 0.012772750000000001 0.017843750000000002
1691.0 0.003408 0.006816 0.012750500000000001 0.017812500000000002
1691.5 0.003402 0.006804 0.012728250000000002 0.017781250000000002
1692.0 0.0033959999999999997 0.006791999999999999 0.012706000000000002 0.017750000000000002
1692.5 0.00339 0.00678 0.01268375 0.017718750000000002
1693.0 0.003384 0.006768 0.012661500000000001 0.017687500000000002
1693.5 0.003378 0.006756 0.012639250000000001 0.017656250000000002
1694.0 0.003372 0.006744 0.012617000000000001 0.017625000000000002
1694.5 0.003366 0.006732 0.012594750000000002 0.017593750000000002
1695.0 0.00336 0.00672 0.012572500000000002 0.0175625
1695.5 0.003354 0.006708 0.012550250000000002 0.01753125
1696.0 0.003348 0.006696 0.012528000000000001 0.0175
1696.5 0.003342 0.006684 0.012505750000000001 0.01746875
1697.0 0.003336 0.006672 0.012483500000000002 0.0174375
1697.5 0.00333 0.00666 0.012461250000000002 0.01740625
1698.0 0.0033239999999999997 0.006647999999999999 0.012439000000000002 0.017375
1698.5 0.0033179999999999998 0.0066359999999999995 0.01241675 0.01734375
1699.0 0.003312 0.006624 0.012394500000000001 0.0173125
1699.5 0.003306 0.006612 0.012372250000000001 0.01728125
1700.0 0.0033 0.0066 0.012350000000000002 0.01725
1700.5 0.003294 0.006588 0.012327750000000002 0.01721875
1701.0 0.003288 0.006576 0.012305500000000002 0.0171875
1701.5 0.003282 0.006564 0.01228325 0.01715625
1702.0 0.003276 0.006552 0.012261000000000001 0.017125
1702.5 0.00327 0.00654 0.012238750000000001 0.01709375
1703.0 0.003264 0.006528 0.012216500000000002 0.0170625
1703.5 0.003258 0.006516 0.012194250000000002 0.01703125
1704.0 0.003252 0.006504 0.012172000000000002 0.017
1704.5 0.003246 0.006492 0.01214975 0.01696875
1705.0 0.00324 0.00648 0.012127500000000001 0.0169375
1705.5 0.003234 0.006468 0.012105250000000001 0.01690625
1706.0 0.003228 0.006456 0.012083000000000002 0.016875
1706.5 0.003222 0.006444 0.012060750000000002 0.01684375
1707.0 0.003216 0.006432 0.012038500000000002 0.0168125
1707.5 0.00321 0.00642 0.012016250000000001 0.01678125
1708.0 0.003204 0.006408 0.011994000000000001 0.01675
1708.5 0.003198 0.006396 0.011971750000000001 0.01671875
1709.0 0.003192 0.006384 0.011949500000000002 0.0166875
1709.5 0.003186 0.006372 0.011927250000000002 0.01665625
1710.0 0.00318 0.00636 0.011905000000000002 0.016625
1710.5 0.003174 0.006348 0.011882750000000001 0.01659375
1711.0 0.003168 0.006336 0.011860500000000001 0.0165625
1711.5 0.003162 0.006324 0.011838250000000002 0.01653125
1712.0 0.003156 0.006312 0.011816000000000002 0.0165
1712.5 0.00315 0.0063 0.011793750000000002 0.01646875
1713.0 0.003144 0.006288 0.011771500000000002 0.0164375
1713.5 0.003138 0.006276 0.011749250000000001 0.01640625
1714.0 0.0031320000000000002 0.0062640000000000005 0.011727000000000001 0.016375
1714.5 0.003126 0.006252 0.011704750000000002 0.01634375
1715.0 0.00312 0.00624 0.011682500000000002 0.0163125
1715.5 0.003114 0.006228 0.011660250000000002 0.01628125
1716.0 0.003108 0.006216 0.011638000000000003 0.01625
1716.5 0.003102 0.006204 0.011615750000000001 0.01621875
1717.0 0.0030960000000000002 0.0061920000000000005 0.011593500000000001 0.0161875
1717.5 0.00309 0.00618 0.011571250000000002 0.01615625
1718.0 0.003084 0.006168 0.011549000000000002 0.016125
1718.5 0.003078 0.006156 0.011526750000000002 0.01609375
1719.0 0.003072 0.006144 0.011504500000000003 0.0160625
1719.5 0.003066 0.006132 0.011482250000000001 0.01603125
1720.0 0.0030600000000000002 0.0061200000000000004 0.011460000000000001 0.016
1720.5 0.003054 0.006108 0.011437750000000002 0.01596875
1721.0 0.003048 0.006096 0.011415500000000002 0.0159375
1721.5 0.003042 0.006084 0.011393250000000002 0.01590625
1722.0 0.003036 0.006072 0.011371000000000003 0.015875
1722.5 0.00303 0.00606 0.011348750000000001 0.01584375
1723.0 0.003024 0.006048 0.011326500000000001 0.0158125
1723.5 0.003018 0.006036 0.011304250000000002 0.01578125
1724.0 0.003012 0.006024 0.011282000000000002 0.01575
1724.5 0.003006 0.006012 0.011259750000000002 0.01571875
1725.0 0.003 0.006 0.011237500000000001 0.0156875
1725.5 0.002994 0.005988 0.011215250000000001 0.01565625
1726.0 0.002988 0.005976 0.011193000000000002 0.015625
1726.5 0.0029820000000000003 0.0059640000000000006 0.011170750000000002 0.015593750000000002
1727.0 0.002976 0.005952 0.011148500000000002 0.015562500000000002
1727.5 0.00297 0.00594 0.011126250000000002 0.015531250000000002
1728.0 0.002964 0.005928 0.011104000000000003 0.015500000000000002
1728.5 0.002958 0.005916 0.011081750000000001 0.015468750000000002
1729.0 0.002952 0.005904 0.011059500000000002 0.015437500000000002
1729.5 0.002946 0.005892 0.011037250000000002 0.015406250000000002
1730.0 0.00294 0.00588 0.011015000000000002 0.015375000000000002
1730.5 0.002934 0.005868 0.010992750000000003 0.015343750000000001
1731.0 0.002928 0.005856 0.010970500000000001 0.015312500000000001
1731.5 0.002922 0.005844 0.010948250000000001 0.015281250000000001
1732.0 0.002916 0.005832 0.010926000000000002 0.015250000000000001
1732.5 0.0029100000000000003 0.0058200000000000005 0.010903750000000002 0.015218750000000001
1733.0 0.002904 0.005808 0.010881500000000002 0.015187500000000001
1733.5 0.002898 0.005796 0.010859250000000003 0.015156250000000001
1734.0 0.002892 0.005784 0.010837000000000003 0.015125000000000001
1734.5 0.002886 0.005772 0.010814750000000001 0.015093750000000001
1735.0 0.00288 0.00576 0.010792500000000002 0.015062500000000001
1735.5 0.0028740000000000003 0.0057480000000000005 0.010770250000000002 0.015031250000000001
1736.0 0.002868 0.005736 0.010748000000000002 0.015000000000000001
1736.5 0.002862 0.005724 0.010725750000000003 0.014968750000000001
1737.0 0.002856 0.005712 0.010703500000000001 0.014937500000000001
1737.5 0.00285 0.0057 0.010681250000000002 0.014906250000000001
1738.0 0.002844 0.005688 0.010659000000000002 0.014875000000000001
1738.5 0.0028380000000000002 0.0056760000000000005 0.010636750000000002 0.014843750000000001
1739.0 0.0028320000000000003 0.005664000000000001 0.010614500000000002 0.014812500000000001
1739.5 0.002826 0.005652 0.010592250000000003 0.014781250000000001
1740.0 0.00282 0.00564 0.010570000000000001 0.014750000000000001
1740.5 0.002814 0.005628 0.010547750000000002 0.014718750000000001
1741.0 0.002808 0.005616 0.010525500000000002 0.014687500000000001
1741.5 0.0028020000000000002 0.0056040000000000005 0.010503250000000002 0.014656250000000001
1742.0 0.002796 0.005592 0.010481000000000002 0.014625
1742.5 0.00279 0.00558 0.010458750000000003 0.01459375
1743.0 0.002784 0.005568 0.010436500000000001 0.0145625
1743.5 0.002778 0.005556 0.010414250000000002 0.01453125
1744.0 0.002772 0.005544 0.010392000000000002 0.0145
1744.5 0.0027660000000000002 0.0055320000000000005 0.010369750000000002 0.01446875
1745.0 0.0027600000000000003 0.005520000000000001 0.010347500000000003 0.0144375
1745.5 0.0027540000000000004 0.005508000000000001 0.010325250000000001 0.01440625
1746.0 0.002748 0.005496 0.010303000000000001 0.014375
1746.5 0.002742 0.005484 0.010280750000000002 0.01434375
1747.0 0.002736 0.005472 0.010258500000000002 0.0143125
1747.5 0.0027300000000000002 0.0054600000000000004 0.010236250000000002 0.01428125
1748.0 0.002724 0.005448 0.010214000000000003 0.01425
1748.5 0.002718 0.005436 0.010191750000000003 0.01421875
1749.0 0.002712 0.005424 0.010169500000000001 0.0141875
1749.5 0.002706 0.005412 0.010147250000000002 0.01415625
1750.0 0.0027 0.0054 0.010125000000000002 0.014125
1750.5 0.002694 0.005388 0.010102750000000002 0.01409375
1751.0 0.0026880000000000003 0.005376000000000001 0.010080500000000003 0.0140625
1751.5 0.002682 0.005364000000000001 0.010058250000000001 0.01403125
1752.0 0.002676 0.005352 0.010036000000000002 0.014
1752.5 0.00267 0.00534 0.010013750000000002 0.01396875
1753.0 0.002664 0.005328 0.009991500000000002 0.0139375
1753.5 0.002658 0.005316 0.009969250000000002 0.01390625
1754.0 0.0026520000000000003 0.0053040000000000006 0.009947000000000003 0.013875
1754.5 0.002646 0.005292000000000001 0.009924750000000001 0.01384375
1755.0 0.00264 0.00528 0.009902500000000002 0.0138125
1755.5 0.002634 0.005268 0.009880250000000002 0.01378125
1756.0 0.002628 0.005256 0.009858000000000002 0.01375
1756.5 0.002622 0.005244 0.009835750000000002 0.01371875
1757.0 0.0026160000000000003 0.0052320000000000005 0.009813500000000003 0.0136875
1757.5 0.00261 0.005220000000000001 0.009791250000000001 0.01365625
1758.0 0.002604 0.005208 0.009769000000000002 0.013625
1758.5 0.002598 0.005196 0.009746750000000002 0.01359375
1759.0 0.002592 0.005184 0.009724500000000002 0.0135625
1759.5 0.002586 0.005172 0.009702250000000003 0.01353125
1760.0 0.0025800000000000003 0.0051600000000000005 0.009680000000000001 0.0135
1760.5 0.002574 0.005148000000000001 0.009657750000000001 0.01346875
1761.0 0.002568 0.005136 0.009635500000000002 0.0134375
1761.5 0.002562 0.005124 0.009613250000000002 0.01340625
1762.0 0.002556 0.005112 0.009591000000000002 0.013375
1762.5 0.00255 0.0051 0.00956875 0.01334375
1763.0 0.0025440000000000003 0.0050880000000000005 0.009546500000000001 0.0133125
1763.5 0.002538 0.005076000000000001 0.009524250000000001 0.01328125
1764.0 0.002532 0.005064000000000001 0.009502000000000002 0.01325
1764.5 0.002526 0.005052 0.009479750000000002 0.01321875
1765.0 0.00252 0.00504 0.009457500000000002 0.0131875
1765.5 0.002514 0.005028 0.009435250000000001 0.01315625
1766.0 0.0025080000000000002 0.0050160000000000005 0.009413000000000001 0.013125
1766.5 0.002502 0.005004000000000001 0.009390750000000002 0.01309375
1767.0 0.002496 0.004992000000000001 0.009368500000000002 0.0130625
1767.5 0.00249 0.00498 0.009346250000000002 0.01303125
1768.0 0.002484 0.004968 0.009324000000000002 0.013
1768.5 0.002478 0.004956 0.009301750000000001 0.01296875
1769.0 0.0024720000000000002 0.0049440000000000005 0.009279500000000001 0.012937500000000001
1769.5 0.002466 0.004932000000000001 0.009257250000000002 0.012906250000000001
1770.0 0.00246 0.004920000000000001 0.009235000000000002 0.012875000000000001
1770.5 0.002454 0.004908 0.009212750000000002 0.012843750000000001
1771.0 0.002448 0.004896 0.0091905 0.012812500000000001
1771.5 0.002442 0.004884 0.009168250000000001 0.012781250000000001
1772.0 0.002436 0.0048720000000000005 0.009146000000000001 0.012750000000000001
1772.5 0.00243 0.004860000000000001 0.009123750000000002 0.012718750000000001
1773.0 0.002424 0.004848000000000001 0.009101500000000002 0.0126875
1773.5 0.002418 0.004836 0.00907925 0.01265625
1774.0 0.002412 0.004824 0.009057 0.012625
1774.5 0.002406 0.004812 0.009034750000000001 0.01259375
1775.0 0.0024000000000000002 0.0048000000000000004 0.009012500000000001 0.0125625
1775.5 0.002394 0.004788000000000001 0.008990250000000002 0.01253125
1776.0 0.002388 0.004776000000000001 0.008968000000000002 0.0125
1776.5 0.002382 0.004764000000000001 0.008945750000000002 0.01246875
1777.0 0.002376 0.004752 0.008923500000000001 0.0124375
1777.5 0.00237 0.00474 0.008901250000000001 0.01240625
1778.0 0.0023639999999999998 0.004728 0.008879000000000001 0.012375
1778.5 0.002358 0.004716000000000001 0.008856750000000002 0.01234375
1779.0 0.002352 0.004704000000000001 0.008834500000000002 0.0123125
1779.5 0.002346 0.004692 0.00881225 0.01228125
1780.0 0.00234 0.00468 0.008790000000000001 0.01225
1780.5 0.002334 0.004668 0.008767750000000001 0.01221875
1781.0 0.002328 0.004656 0.008745500000000002 0.0121875
1781.5 0.002322 0.0046440000000000006 0.008723250000000002 0.01215625
1782.0 0.002316 0.004632000000000001 0.008701 0.012125
1782.5 0.00231 0.004620000000000001 0.00867875 0.01209375
1783.0 0.002304 0.004608 0.008656500000000001 0.0120625
1783.5 0.002298 0.004596 0.008634250000000001 0.01203125
1784.0 0.0022919999999999998 0.004584 0.008612000000000002 0.012
1784.5 0.002286 0.0045720000000000005 0.008589750000000002 0.01196875
1785.0 0.00228 0.004560000000000001 0.0085675 0.0119375
1785.5 0.002274 0.004548000000000001 0.00854525 0.01190625
1786.0 0.002268 0.004536 0.008523000000000001 0.011875
1786.5 0.002262 0.004524 0.008500750000000001 0.01184375
1787.0 0.0022559999999999998 0.004512 0.008478500000000002 0.0118125
1787.5 0.00225 0.0045000000000000005 0.008456250000000002 0.01178125
1788.0 0.002244 0.004488000000000001 0.008434 0.01175
1788.5 0.002238 0.004476000000000001 0.00841175 0.01171875
1789.0 0.002232 0.004464000000000001 0.008389500000000001 0.0116875
1789.5 0.002226 0.004452 0.008367250000000001 0.01165625
1790.0 0.0022199999999999998 0.00444 0.008345000000000002 0.011625
1790.5 0.002214 0.0044280000000000005 0.00832275 0.01159375
1791.0 0.002208 0.004416000000000001 0.0083005 0.0115625
1791.5 0.002202 0.004404000000000001 0.008278250000000001 0.01153125
1792.0 0.002196 0.004392 0.008256000000000001 0.0115
1792.5 0.00219 0.00438 0.008233750000000001 0.01146875
1793.0 0.002184 0.004368 0.0082115 0.0114375
1793.5 0.002178 0.0043560000000000005 0.00818925 0.01140625
1794.0 0.002172 0.004344000000000001 0.008167 0.011375
1794.5 0.002166 0.004332000000000001 0.008144750000000001 0.01134375
1795.0 0.00216 0.004320000000000001 0.008122500000000001 0.0113125
1795.5 0.0021539999999999997 0.004308000000000001 0.008100250000000002 0.01128125
1796.0 0.0021479999999999997 0.004296 0.008078000000000002 0.01125
1796.5 0.002142 0.0042840000000000005 0.00805575 0.01121875
1797.0 0.002136 0.004272000000000001 0.0080335 0.0111875
1797.5 0.00213 0.004260000000000001 0.008011250000000001 0.01115625
1798.0 0.002124 0.004248 0.007989000000000001 0.011125
1798.5 0.002118 0.004236 0.007966750000000002 0.01109375
1799.0 0.0021119999999999997 0.004224 0.0079445 0.0110625
1799.5 0.002106 0.0042120000000000005 0.00792225 0.01103125
1800.0 0.0021 0.004200000000000001 0.0079 0.011
