mass result channel_or_id theo_cross_section ratio observed_limit width_to_mass_ratio
600.0 0 11 7.0 8.861432513861812 0.78994 0.2
600.5 0 11 6.98645 8.858642056122465 0.7886592499999998 0.2
601.0 0 11 6.9729 8.855842520465062 0.7873785 0.2
601.5 0 11 6.95935 8.853033862519007 0.7860977499999998 0.2
602.0 0 11 6.9458 8.850216037624058 0.784817 0.2
602.5 0 11 6.93225 8.847389000827977 0.7835362499999999 0.2
603.0 0 11 6.9187 8.844552706884132 0.7822555 0.2
603.5 0 11 6.90515 8.841707110249084 0.7809747499999998 0.2
604.0 0 11 6.8916 8.838852165080148 0.779694 0.2
604.5 0 11 6.87805 8.835987825232934 0.77841325 0.2
605.0 0 11 6.8645 8.833114044258862 0.7771325 0.2
605.5 0 11 6.85095 8.830230775402647 0.77585175 0.2
606.0 0 11 6.8374 8.827337971599762 0.774571 0.2
606.5 0 11 6.82385 8.82443558547389 0.77329025 0.2
607.0 0 11 6.8103 8.821523569334314 0.7720095 0.2
607.5 0 11 6.79675 8.818601875173336 0.77072875 0.2
608.0 0 11 6.7832 8.815670454663602 0.7694480000000001 0.2
608.5 0 11 6.7696499999999995 8.812729259155477 0.76816725 0.2
609.0 0 11 6.7561 8.80977823967432 0.7668865 0.2
609.5 0 11 6.74255 8.806817346917784 0.76560575 0.2
610.0 0 11 6.729 8.803846531253068 0.7643249999999999 0.2
610.5 0 11 6.71545 8.800865742714135 0.76304425 0.2
611.0 0 11 6.7019 8.797874930998926 0.7617634999999999 0.2
611.5 0 11 6.68835 8.794874045466514 0.76048275 0.2
612.0 0 11 6.6748 8.791863035134261 0.7592019999999999 0.2
612.5 0 11 6.66125 8.788841848674911 0.75792125 0.2
613.0 0 11 6.6476999999999995 8.785810434413701 0.7566404999999999 0.2
613.5 0 11 6.63415 8.782768740325388 0.75535975 0.2
614.0 0 11 6.6206 8.779716714031288 0.7540789999999999 0.2
614.5 0 11 6.60705 8.776654302796267 0.75279825 0.2
615.0 0 11 6.5935 8.7735814535257 0.7515175 0.2
615.5 0 11 6.57995 8.770498112762406 0.7502367499999999 0.2
616.0 0 11 6.5664 8.767404226683544 0.748956 0.2
616.5 0 11 6.552849999999999 8.764299741097487 0.7476752500000001 0.2
617.0 0 11 6.5393 8.76118460144066 0.7463945000000001 0.2
617.5 0 11 6.5257499999999995 8.758058752774323 0.7451137500000001 0.2
618.0 0 11 6.5122 8.754922139781376 0.743833 0.2
618.5 0 11 6.49865 8.751774706763058 0.74255225 0.2
619.0 0 11 6.4851 8.748616397635685 0.7412715 0.2
619.5 0 11 6.47155 8.745447155927286 0.73999075 0.2
620.0 0 11 6.458 8.742266924774269 0.7387100000000001 0.2
620.5 0 11 6.44445 8.739075646917993 0.7374292499999999 0.2
621.0 0 11 6.430899999999999 8.735873264701347 0.7361485 0.2
621.5 0 11 6.41735 8.732659720065278 0.7348677499999999 0.2
622.0 0 11 6.4037999999999995 8.729434954545269 0.7335869999999999 0.2
622.5 0 11 6.39025 8.72619890926781 0.73230625 0.2
623.0 0 11 6.3767 8.722951524946804 0.7310254999999999 0.2
623.5 0 11 6.36315 8.719692741879953 0.7297447499999998 0.2
624.0 0 11 6.3496 8.71642249994509 0.728464 0.2
624.5 0 11 6.33605 8.713140738596497 0.72718325 0.2
625.0 0 11 6.3225 8.709847396861148 0.7259025 0.2
625.5 0 11 6.308949999999999 8.706542413334956 0.72462175 0.2
626.0 0 11 6.2954 8.703225726178939 0.723341 0.2
626.5 0 11 6.2818499999999995 8.699897273115367 0.72206025 0.2
627.0 0 11 6.2683 8.696556991423869 0.7207795 0.2
627.5 0 11 6.25475 8.693204817937488 0.71949875 0.2
628.0 0 11 6.2412 8.689840689038704 0.718218 0.2
628.5 0 11 6.22765 8.686464540655406 0.71693725 0.2
629.0 0 11 6.2141 8.683076308256826 0.7156564999999999 0.2
629.5 0 11 6.20055 8.67967592684942 0.7143757500000001 0.2
630.0 0 11 6.186999999999999 8.67626333097273 0.713095 0.2
630.5 0 11 6.17345 8.672838454695167 0.7118142500000001 0.2
631.0 0 11 6.1598999999999995 8.66940123160977 0.7105334999999998 0.2
631.5 0 11 6.14635 8.665951594829911 0.70925275 0.2
632.0 0 11 6.1328 8.662489476984966 0.7079719999999999 0.2
632.5 0 11 6.11925 8.659014810215918 0.70669125 0.2
633.0 0 11 6.1057 8.655527526170932 0.7054104999999999 0.2
633.5 0 11 6.09215 8.652027556000865 0.70412975 0.2
634.0 0 11 6.0786 8.648514830354742 0.702849 0.2
634.5 0 11 6.065049999999999 8.64498927937517 0.7015682499999999 0.2
635.0 0 11 6.0515 8.641450832693716 0.7002875 0.2
635.5 0 11 6.0379499999999995 8.637899419426207 0.6990067499999999 0.2
636.0 0 11 6.0244 8.634334968168021 0.697726 0.2
636.5 0 11 6.01085 8.630757406989279 0.69644525 0.2
637.0 0 11 5.997299999999999 8.627166663430023 0.6951644999999999 0.2
637.5 0 11 5.98375 8.623562664495314 0.69388375 0.2
638.0 0 11 5.9702 8.61994533665029 0.692603 0.2
638.5 0 11 5.95665 8.61631460581516 0.69132225 0.2
639.0 0 11 5.943099999999999 8.612670397360159 0.6900415 0.2
639.5 0 11 5.92955 8.609012636100417 0.68876075 0.2
640.0 0 11 5.9159999999999995 8.6053412462908 0.6874800000000001 0.2
640.5 0 11 5.90245 8.601656151620684 0.68619925 0.2
641.0 0 11 5.8889 8.597957275208655 0.6849185000000001 0.2
641.5 0 11 5.875349999999999 8.594244539597177 0.6836377499999998 0.2
642.0 0 11 5.8618 8.590517866747172 0.682357 0.2
642.5 0 11 5.848249999999999 8.586777178032563 0.6810762499999999 0.2
643.0 0 11 5.8347 8.583022394234737 0.6797955 0.2
643.5 0 11 5.821149999999999 8.579253435536957 0.6785147499999999 0.2
644.0 0 11 5.8076 8.575470221518707 0.677234 0.2
644.5 0 11 5.7940499999999995 8.571672671149965 0.67595325 0.2
645.0 0 11 5.7805 8.567860702785426 0.6746724999999999 0.2
645.5 0 11 5.76695 8.564034234158646 0.67339175 0.2
646.0 0 11 5.753399999999999 8.560193182376125 0.672111 0.2
646.5 0 11 5.73985 8.556337463911325 0.67083025 0.2
647.0 0 11 5.726299999999999 8.552466994598605 0.6695495000000001 0.2
647.5 0 11 5.71275 8.548581689627115 0.66826875 0.2
648.0 0 11 5.699199999999999 8.544681463534577 0.6669879999999999 0.2
648.5 0 11 5.68565 8.540766230201038 0.66570725 0.2
649.0 0 11 5.6720999999999995 8.536835902842526 0.6644265 0.2
649.5 0 11 5.65855 8.532890394004637 0.66314575 0.2
650.0 0 11 5.645 8.528929615556043 0.6618649999999999 0.2
650.5 0 11 5.631449999999999 8.524953478681939 0.66058425 0.2
651.0 0 11 5.6179 8.520961893877402 0.6593034999999999 0.2
651.5 0 11 5.604349999999999 8.51695477094067 0.65802275 0.2
652.0 0 11 5.5908 8.512932018966353 0.6567419999999998 0.2
652.5 0 11 5.577249999999999 8.50889354633855 0.65546125 0.2
653.0 0 11 5.5637 8.504839260723914 0.6541804999999999 0.2
653.5 0 11 5.5501499999999995 8.500769069064583 0.65289975 0.2
654.0 0 11 5.5366 8.496682877571097 0.651619 0.2
654.5 0 11 5.52305 8.492580591715157 0.65033825 0.2
655.0 0 11 5.509499999999999 8.488462116222369 0.6490574999999998 0.2
655.5 0 11 5.49595 8.484327355064842 0.64777675 0.2
656.0 0 11 5.482399999999999 8.480176211453744 0.6464960000000001 0.2
656.5 0 11 5.46885 8.476008587831735 0.6452152499999999 0.2
657.0 0 11 5.455299999999999 8.471824385865332 0.6439345 0.2
657.5 0 11 5.44175 8.467623506437175 0.64265375 0.2
658.0 0 11 5.4281999999999995 8.463405849638198 0.641373 0.2
658.5 0 11 5.41465 8.45917131475971 0.6400922499999999 0.2
659.0 0 11 5.4011 8.454919800285372 0.6388115000000001 0.2
659.5 0 11 5.38755 8.450651203883107 0.63753075 0.2
660.0 0 11 5.374 8.446365422396857 0.6362499999999999 0.2
660.5 0 11 5.360449999999999 8.442062351838297 0.6349692499999999 0.2
661.0 0 11 5.3469 8.43774188737842 0.6336885 0.2
661.5 0 11 5.333349999999999 8.433403923339014 0.6324077500000002 0.2
662.0 0 11 5.3198 8.429048353184065 0.631127 0.2
662.5 0 11 5.3062499999999995 8.42467506951101 0.6298462499999999 0.2
663.0 0 11 5.2927 8.420283964041934 0.6285655 0.2
663.5 0 11 5.27915 8.415874927614611 0.62728475 0.2
664.0 0 11 5.2656 8.41144785017348 0.626004 0.2
664.5 0 11 5.25205 8.407002620760473 0.62472325 0.2
665.0 0 11 5.2385 8.402539127505744 0.6234425000000001 0.2
665.5 0 11 5.22495 8.398057257618296 0.62216175 0.2
666.0 0 11 5.211399999999999 8.393556897376468 0.620881 0.2
666.5 0 11 5.19785 8.38903793211833 0.6196002500000001 0.2
667.0 0 11 5.1842999999999995 8.384500246231925 0.6183194999999999 0.2
667.5 0 11 5.17075 8.379943723145427 0.61703875 0.2
668.0 0 11 5.1572 8.375368245317153 0.615758 0.2
668.5 0 11 5.14365 8.370773694225457 0.61447725 0.2
669.0 0 11 5.1301 8.36615995035849 0.6131965 0.2
669.5 0 11 5.11655 8.361526893203845 0.61191575 0.2
670.0 0 11 5.103 8.356874401238054 0.610635 0.2
670.5 0 11 5.089449999999999 8.352202351915983 0.60935425 0.2
671.0 0 11 5.0759 8.347510621660046 0.6080735 0.2
671.5 0 11 5.0623499999999995 8.342799085849327 0.60679275 0.2
672.0 0 11 5.0488 8.338067618808546 0.6055119999999999 0.2
672.5 0 11 5.03525 8.333316093796869 0.60423125 0.2
673.0 0 11 5.0217 8.328544382996615 0.6029505 0.2
673.5 0 11 5.00815 8.323752357501768 0.6016697500000001 0.2
674.0 0 11 4.9946 8.318939887306398 0.600389 0.2
674.5 0 11 4.98105 8.31410684129287 0.59910825 0.2
675.0 0 11 4.967499999999999 8.309253087219975 0.5978275 0.2
675.5 0 11 4.95395 8.304378491710834 0.59654675 0.2
676.0 0 11 4.9403999999999995 8.299482920240699 0.595266 0.2
676.5 0 11 4.92685 8.294566237124574 0.5939852500000001 0.2
677.0 0 11 4.9133 8.289628305504682 0.5927045 0.2
677.5 0 11 4.89975 8.28466898733776 0.5914237499999999 0.2
678.0 0 11 4.8862 8.279688143382197 0.590143 0.2
678.5 0 11 4.87265 8.27468563318501 0.58886225 0.2
679.0 0 11 4.8591 8.269661315068634 0.5875814999999999 0.2
679.5 0 11 4.845549999999999 8.264615046117543 0.5863007499999999 0.2
680.0 0 11 4.832 8.259546682164713 0.58502 0.2
680.5 0 11 4.8184499999999995 8.254456077777876 0.58373925 0.2
681.0 0 11 4.8049 8.249343086245629 0.5824585 0.2
681.5 0 11 4.7913499999999996 8.244207559563318 0.5811777499999999 0.2
682.0 0 11 4.7778 8.23904934841877 0.579897 0.2
682.5 0 11 4.76425 8.233868302177825 0.5786162499999999 0.2
683.0 0 11 4.7507 8.228664268869661 0.5773355 0.2
683.5 0 11 4.73715 8.223437095171944 0.57605475 0.2
684.0 0 11 4.723599999999999 8.218186626395765 0.574774 0.2
684.5 0 11 4.71005 8.21291270647039 0.57349325 0.2
685.0 0 11 4.6965 8.207615177927782 0.5722124999999999 0.2
685.5 0 11 4.68295 8.202293881886934 0.5709317499999998 0.2
686.0 0 11 4.6693999999999996 8.196948658037991 0.569651 0.2
686.5 0 11 4.65585 8.191579344626149 0.56837025 0.2
687.0 0 11 4.6423 8.186185778435325 0.5670895 0.2
687.5 0 11 4.62875 8.180767794771644 0.5658087500000001 0.2
688.0 0 11 4.6152 8.175325227446647 0.5645279999999998 0.2
688.5 0 11 4.601649999999999 8.169857908760317 0.56324725 0.2
689.0 0 11 4.5881 8.164365669483857 0.5619665 0.2
689.5 0 11 4.57455 8.158848338842214 0.56068575 0.2
690.0 0 11 4.561 8.153305744496386 0.5594049999999999 0.2
690.5 0 11 4.5474499999999995 8.147737712525482 0.55812425 0.2
691.0 0 11 4.5339 8.142144067408527 0.5568434999999999 0.2
691.5 0 11 4.52035 8.136524632006015 0.55556275 0.2
692.0 0 11 4.5068 8.130879227541216 0.5542819999999999 0.2
692.5 0 11 4.49325 8.125207673581208 0.55300125 0.2
693.0 0 11 4.4797 8.119509788017666 0.5517205 0.2
693.5 0 11 4.46615 8.113785387047356 0.55043975 0.2
694.0 0 11 4.4526 8.108034285152389 0.549159 0.2
694.5 0 11 4.43905 8.102256295080156 0.54787825 0.2
695.0 0 11 4.4254999999999995 8.096451227823032 0.5465975 0.2
695.5 0 11 4.41195 8.090618892597742 0.54531675 0.2
696.0 0 11 4.3984 8.084759096824476 0.544036 0.2
696.5 0 11 4.38485 8.078871646105682 0.5427552499999999 0.2
697.0 0 11 4.3713 8.072956344204576 0.5414745 0.2
697.5 0 11 4.35775 8.067012993023337 0.54019375 0.2
698.0 0 11 4.3442 8.061041392580991 0.538913 0.2
698.5 0 11 4.33065 8.055041340990986 0.5376322499999999 0.2
699.0 0 11 4.3171 8.049012634438423 0.5363515 0.2
699.5 0 11 4.3035499999999995 8.042955067157004 0.5350707500000002 0.2
700.0 0 11 4.29 8.03686843140561 0.53379 0.2
700.5 0 11 4.27645 8.030752517444533 0.5325092499999999 0.2
701.0 0 11 4.2629 8.024607113511419 0.5312284999999999 0.2
701.5 0 11 4.24935 8.018432005796797 0.52994775 0.2
702.0 0 11 4.2358 8.012226978419308 0.5286669999999999 0.2
702.5 0 11 4.22225 8.00599181340052 0.52738625 0.2
703.0 0 11 4.2087 7.999726290639425 0.5261055 0.2
703.5 0 11 4.19515 7.993430187886529 0.52482475 0.2
704.0 0 11 4.1816 7.987103280717571 0.523544 0.2
704.5 0 11 4.16805 7.980745342506869 0.52226325 0.2
705.0 0 11 4.1545000000000005 7.974356144400247 0.5209824999999999 0.2
705.5 0 11 4.14095 7.967935455287577 0.51970175 0.2
706.0 0 11 4.1274 7.961483041774927 0.5184210000000001 0.2
706.5 0 11 4.11385 7.95499866815627 0.51714025 0.2
707.0 0 11 4.1003 7.948482096384772 0.5158594999999999 0.2
707.5 0 11 4.08675 7.941933086043682 0.51457875 0.2
708.0 0 11 4.0732 7.935351394316751 0.513298 0.2
708.5 0 11 4.05965 7.9287367759582335 0.51201725 0.2
709.0 0 11 4.0461 7.922088983262408 0.5107364999999998 0.2
709.5 0 11 4.0325500000000005 7.915407766032675 0.50945575 0.2
710.0 0 11 4.019 7.908692871550154 0.508175 0.2
710.5 0 11 4.00545 7.9019440445418345 0.50689425 0.2
711.0 0 11 3.9919000000000002 7.895161027148209 0.5056134999999999 0.2
711.5 0 11 3.9783500000000003 7.888343558890435 0.50433275 0.2
712.0 0 11 3.9648000000000003 7.881491376637007 0.503052 0.2
712.5 0 11 3.95125 7.874604214569886 0.50177125 0.2
713.0 0 11 3.9377 7.86768180415013 0.5004905 0.2
713.5 0 11 3.92415 7.860723874082989 0.49920975 0.2
714.0 0 11 3.9106 7.853730150282471 0.49792899999999995 0.2
714.5 0 11 3.89705 7.846700355835343 0.49664824999999996 0.2
715.0 0 11 3.8835 7.839634210964588 0.49536749999999996 0.2
715.5 0 11 3.8699500000000002 7.832531432992284 0.49408675 0.2
716.0 0 11 3.8564000000000003 7.825391736301913 0.4928059999999999 0.2
716.5 0 11 3.8428500000000003 7.818214832300071 0.49152524999999997 0.2
717.0 0 11 3.8293 7.811000429377587 0.4902444999999999 0.2
717.5 0 11 3.8157500000000004 7.803748232870025 0.4889637499999999 0.2
718.0 0 11 3.8022 7.796457945017563 0.487683 0.2
718.5 0 11 3.78865 7.789129264924248 0.48640225 0.2
719.0 0 11 3.7751 7.781761888516589 0.4851215 0.2
719.5 0 11 3.76155 7.774355508501507 0.48384075 0.2
720.0 0 11 3.748 7.766909814323608 0.48256 0.2
720.5 0 11 3.7344500000000003 7.759424492121778 0.48127925 0.2
721.0 0 11 3.7209000000000003 7.7518992246850775 0.47999850000000005 0.2
721.5 0 11 3.7073500000000004 7.744333691407934 0.47871775 0.2
722.0 0 11 3.6938000000000004 7.736727568244607 0.47743699999999994 0.2
722.5 0 11 3.68025 7.7290805276629255 0.47615625000000006 0.2
723.0 0 11 3.6667 7.721392238597274 0.4748755 0.2
723.5 0 11 3.65315 7.713662366400811 0.47359474999999995 0.2
724.0 0 11 3.6396 7.705890572796911 0.47231399999999996 0.2
724.5 0 11 3.62605 7.698076515829828 0.47103325 0.2
725.0 0 11 3.6125000000000003 7.6902198498145315 0.4697524999999999 0.2
725.5 0 11 3.5989500000000003 7.682320225285731 0.46847174999999996 0.2
726.0 0 11 3.5854000000000004 7.674377288946064 0.46719099999999997 0.2
726.5 0 11 3.5718500000000004 7.666390683613423 0.46591024999999997 0.2
727.0 0 11 3.5583 7.6583600481674114 0.4646294999999999 0.2
727.5 0 11 3.5447500000000005 7.650285017494923 0.46334875 0.2
728.0 0 11 3.5312 7.642165222434794 0.46206800000000003 0.2
728.5 0 11 3.51765 7.634000289721559 0.46078725 0.2
729.0 0 11 3.5041 7.625789841928244 0.45950649999999993 0.2
729.5 0 11 3.4905500000000003 7.6175334974082105 0.45822575 0.2
730.0 0 11 3.4770000000000003 7.609230870236025 0.456945 0.2
730.5 0 11 3.4634500000000004 7.600881570147319 0.45566425 0.2
731.0 0 11 3.4499000000000004 7.5924852024776435 0.45438350000000005 0.2
731.5 0 11 3.43635 7.584041368100282 0.45310275 0.2
732.0 0 11 3.4228000000000005 7.575549663363007 0.45182199999999995 0.2
732.5 0 11 3.40925 7.567009680023749 0.45054125 0.2
733.0 0 11 3.3957 7.558421005185189 0.4492604999999999 0.2
733.5 0 11 3.38215 7.549783221228193 0.44797974999999995 0.2
734.0 0 11 3.3686000000000003 7.541095905744138 0.4466989999999999 0.2
734.5 0 11 3.3550500000000003 7.532358631466045 0.4454182499999999 0.2
735.0 0 11 3.3415000000000004 7.523570966198532 0.4441374999999999 0.2
735.5 0 11 3.3279500000000004 7.51473247274655 0.4428567499999999 0.2
736.0 0 11 3.3144000000000005 7.505842708842874 0.44157599999999997 0.2
736.5 0 11 3.3008500000000005 7.496901227074334 0.44029524999999997 0.2
737.0 0 11 3.2873 7.487907574806755 0.43901450000000003 0.2
737.5 0 11 3.2737500000000006 7.478861294108578 0.43773375000000003 0.2
738.0 0 11 3.2602 7.469761921673125 0.436453 0.2
738.5 0 11 3.2466500000000003 7.4606089887395175 0.43517225 0.2
739.0 0 11 3.2331000000000003 7.451402021012166 0.43389150000000004 0.2
739.5 0 11 3.2195500000000004 7.44214053857885 0.43261075 0.2
740.0 0 11 3.2060000000000004 7.432824055827326 0.43133 0.2
740.5 0 11 3.1924500000000005 7.42345208136045 0.43004925 0.2
741.0 0 11 3.1789000000000005 7.414024117909783 0.42876849999999994 0.2
741.5 0 11 3.16535 7.404539662247632 0.42748775 0.2
742.0 0 11 3.1518000000000006 7.394998205097524 0.426207 0.2
742.5 0 11 3.13825 7.385399231043034 0.42492625 0.2
743.0 0 11 3.1247000000000007 7.375742218434991 0.42364549999999995 0.2
743.5 0 11 3.1111500000000003 7.36602663929696 0.4223647499999999 0.2
744.0 0 11 3.0976000000000004 7.356251959229039 0.42108399999999996 0.2
744.5 0 11 3.0840500000000004 7.346417637309861 0.41980324999999996 0.2
745.0 0 11 3.0705000000000005 7.336523125996812 0.4185224999999999 0.2
745.5 0 11 3.0569500000000005 7.326567871024414 0.4172417499999999 0.2
746.0 0 11 3.0434 7.31655131130082 0.41596099999999997 0.2
746.5 0 11 3.0298500000000006 7.3064728788024045 0.41468025 0.2
747.0 0 11 3.0163 7.296331998466376 0.4133994999999999 0.2
747.5 0 11 3.0027500000000007 7.28612808808141 0.41211875 0.2
748.0 0 11 2.9892000000000003 7.275860558176216 0.410838 0.2
748.5 0 11 2.9756500000000004 7.265528811906029 0.40955725 0.2
749.0 0 11 2.9621000000000004 7.2551322449369495 0.4082765 0.2
749.5 0 11 2.9485500000000004 7.244670245328116 0.40699575 0.2
750.0 0 11 2.9350000000000005 7.234142193411633 0.405715 0.2
750.5 0 11 2.9214500000000005 7.223547461670224 0.40443425 0.2
751.0 0 11 2.9079000000000006 7.21288541461255 0.4031535 0.2
751.5 0 11 2.8943500000000006 7.202155408646147 0.40187275 0.2
752.0 0 11 2.8808000000000007 7.191356791947919 0.400592 0.2
752.5 0 11 2.8672500000000003 7.180488904332147 0.39931125 0.2
753.0 0 11 2.8537000000000003 7.169551077115951 0.39803049999999995 0.2
753.5 0 11 2.8401500000000004 7.158542632982127 0.39674974999999996 0.2
754.0 0 11 2.8266000000000004 7.147462885839347 0.39546899999999996 0.2
754.5 0 11 2.8130500000000005 7.136311140679614 0.39418824999999996 0.2
755.0 0 11 2.7995000000000005 7.125086693432935 0.39290749999999997 0.2
755.5 0 11 2.7859500000000006 7.113788830819143 0.39162674999999997 0.2
756.0 0 11 2.7724000000000006 7.102416830196802 0.39034599999999997 0.2
756.5 0 11 2.7588500000000002 7.090969959409123 0.38906525 0.2
757.0 0 11 2.7453000000000003 7.079447476626839 0.3877845 0.2
757.5 0 11 2.7317500000000003 7.067848630187936 0.38650375 0.2
758.0 0 11 2.7182000000000004 7.056172658434207 0.385223 0.2
758.5 0 11 2.7046500000000004 7.0444187895445225 0.38394225 0.2
759.0 0 11 2.6911000000000005 7.032586241364759 0.3826615 0.2
759.5 0 11 2.6775500000000005 7.020674221234293 0.38138075000000005 0.2
760.0 0 11 2.6640000000000006 7.008681925808999 0.3801 0.2
760.5 0 11 2.65045 6.996608540880644 0.37881925000000005 0.2
761.0 0 11 2.6369000000000002 6.984453241192621 0.3775385 0.2
761.5 0 11 2.6233500000000003 6.972215190251896 0.37625774999999995 0.2
762.0 0 11 2.6098000000000003 6.959893540137129 0.37497700000000006 0.2
762.5 0 11 2.5962500000000004 6.947487431302831 0.37369624999999995 0.2
763.0 0 11 2.5827000000000004 6.9349959923794815 0.37241549999999995 0.2
763.5 0 11 2.5691500000000005 6.922418339969514 0.37113475 0.2
764.0 0 11 2.5556000000000005 6.909753578439062 0.3698539999999999 0.2
764.5 0 11 2.5420500000000006 6.897000799705353 0.36857324999999996 0.2
765.0 0 11 2.5285 6.884159083019665 0.36729249999999997 0.2
765.5 0 11 2.5149500000000002 6.87122749474573 0.36601174999999997 0.2
766.0 0 11 2.5014000000000003 6.858205088133448 0.36473099999999997 0.2
766.5 0 11 2.4878500000000003 6.845090903087838 0.36345025 0.2
767.0 0 11 2.4743000000000004 6.83188396593308 0.3621695 0.2
767.5 0 11 2.4607500000000004 6.818583289171526 0.36088875 0.2
768.0 0 11 2.4472000000000005 6.805187871237571 0.359608 0.2
768.5 0 11 2.43365 6.791696696246239 0.35832725 0.2
769.0 0 11 2.4201000000000006 6.778108733736364 0.3570465 0.2
769.5 0 11 2.40655 6.764422938408209 0.35576575 0.2
770.0 0 11 2.3930000000000002 6.750638249855425 0.354485 0.2
770.5 0 11 2.3794500000000003 6.736753592291147 0.35320424999999994 0.2
771.0 0 11 2.3659000000000003 6.72276787426813 0.35192350000000006 0.2
771.5 0 11 2.3523500000000004 6.7086799883927455 0.35064275 0.2
772.0 0 11 2.3388000000000004 6.6944888110326835 0.349362 0.2
772.5 0 11 2.3252500000000005 6.680193202018209 0.34808124999999995 0.2
773.0 0 11 2.3117 6.665792004336788 0.34680049999999996 0.2
773.5 0 11 2.29815 6.65128404382094 0.34551975 0.2
774.0 0 11 2.2846 6.6366681288291 0.34423899999999996 0.2
774.5 0 11 2.2710500000000002 6.621943049919343 0.3429582499999999 0.2
775.0 0 11 2.2575000000000003 6.607107579515773 0.34167749999999997 0.2
775.5 0 11 2.2439500000000003 6.592160471567371 0.34039674999999997 0.2
776.0 0 11 2.2304000000000004 6.5771004611991195 0.339116 0.2
776.5 0 11 2.21685 6.5619262643551854 0.33783525 0.2
777.0 0 11 2.2033000000000005 6.5466365774339685 0.3365545 0.2
777.5 0 11 2.18975 6.531230076914761 0.33527375 0.2
778.0 0 11 2.1762 6.515705418975847 0.333993 0.2
778.5 0 11 2.16265 6.500061239103761 0.33271224999999993 0.2
779.0 0 11 2.1491000000000002 6.4842961516934885 0.3314315 0.2
779.5 0 11 2.1355500000000003 6.46840874963937 0.33015075 0.2
780.0 0 11 2.1220000000000003 6.452397603916443 0.32887 0.2
780.5 0 11 2.1084500000000004 6.436261263151952 0.32758924999999994 0.2
781.0 0 11 2.0949 6.419998253186785 0.3263085 0.2
781.5 0 11 2.08135 6.4036070766265345 0.32502775 0.2
782.0 0 11 2.0678 6.387086212381891 0.323747 0.2
782.5 0 11 2.05425 6.370434115198104 0.32246624999999995 0.2
783.0 0 11 2.0407 6.3536492151731645 0.32118549999999996 0.2
783.5 0 11 2.0271500000000002 6.336729917264437 0.31990475 0.2
784.0 0 11 2.0136000000000003 6.31967460078337 0.31862399999999996 0.2
784.5 0 11 2.0000500000000003 6.302481618877983 0.31734325 0.2
785.0 0 11 1.9865000000000002 6.28514929800277 0.31606249999999997 0.2
785.5 0 11 1.9729500000000002 6.267675937375659 0.3147817499999999 0.2
786.0 0 11 1.9594 6.250059808421664 0.313501 0.2
786.5 0 11 1.94585 6.232299154202843 0.31222025 0.2
787.0 0 11 1.9323000000000001 6.214392188834163 0.3109395 0.2
787.5 0 11 1.9187500000000002 6.1963370968848785 0.3096587499999999 0.2
788.0 0 11 1.9052000000000002 6.178132032764984 0.308378 0.2
788.5 0 11 1.89165 6.159775120096322 0.30709725 0.2
789.0 0 11 1.8781 6.1412644510678795 0.3058165 0.2
789.5 0 11 1.8645500000000002 6.122598085774824 0.30453574999999994 0.2
790.0 0 11 1.8510000000000002 6.103774051540784 0.303255 0.2
790.5 0 11 1.83745 6.084790342222888 0.30197425 0.2
791.0 0 11 1.8239 6.065644917499048 0.3006935 0.2
791.5 0 11 1.8103500000000001 6.0463357021369335 0.29941275 0.2
792.0 0 11 1.7968000000000002 6.026860585244122 0.29813199999999995 0.2
792.5 0 11 1.78325 6.007217419498824 0.29685124999999996 0.2
793.0 0 11 1.7697 5.987404020360626 0.29557049999999996 0.2
793.5 0 11 1.75615 5.967418165260599 0.29428974999999996 0.2
794.0 0 11 1.7426000000000001 5.947257592770189 0.29300899999999996 0.2
794.5 0 11 1.72905 5.926920001748203 0.29172824999999997 0.2
795.0 0 11 1.7155 5.906403050465231 0.29044749999999997 0.2
795.5 0 11 1.70195 5.885704355704796 0.28916675000000003 0.2
796.0 0 11 1.6884000000000001 5.864821491840521 0.287886 0.2
796.5 0 11 1.67485 5.84375198988853 0.28660525000000003 0.2
797.0 0 11 1.6613 5.822493336534367 0.2853245 0.2
797.5 0 11 1.64775 5.801042973133542 0.28404374999999993 0.2
798.0 0 11 1.6342 5.779398294684949 0.282763 0.2
798.5 0 11 1.6206500000000001 5.757556648776257 0.28148224999999993 0.2
799.0 0 11 1.6071 5.7355153345003504 0.28020150000000005 0.2
799.5 0 11 1.59355 5.71327160134196 0.27892074999999994 0.2
800.0 0 11 1.58 5.690822648033425 0.27764 0.2
800.5 0 11 1.5773050000000002 5.680063250056853 0.27769145 0.2
801.0 0 11 1.57461 5.669307838292176 0.2777429 0.2
801.5 0 11 1.5719150000000002 5.6585564105245485 0.27779435 0.2
802.0 0 11 1.56922 5.647808964540764 0.2778458 0.2
802.5 0 11 1.5665250000000002 5.637065498129256 0.27789725 0.2
803.0 0 11 1.56383 5.626326009080093 0.2779487 0.2
803.5 0 11 1.5611350000000002 5.6155904951849855 0.27800015 0.2
804.0 0 11 1.55844 5.604858954237271 0.2780516 0.2
804.5 0 11 1.5557450000000002 5.594131384031926 0.27810305 0.2
805.0 0 11 1.55305 5.583407782365557 0.27815449999999997 0.2
805.5 0 11 1.5503550000000001 5.572688147036396 0.27820595 0.2
806.0 0 11 1.54766 5.561972475844309 0.2782574 0.2
806.5 0 11 1.5449650000000001 5.5512607665907865 0.27830885 0.2
807.0 0 11 1.54227 5.540553017078944 0.2783603 0.2
807.5 0 11 1.5395750000000001 5.529849225113524 0.27841175 0.2
808.0 0 11 1.53688 5.519149388500886 0.2784632 0.2
808.5 0 11 1.5341850000000001 5.508453505049017 0.27851465 0.2
809.0 0 11 1.53149 5.497761572567517 0.2785661 0.2
809.5 0 11 1.5287950000000001 5.487073588867608 0.27861755000000005 0.2
810.0 0 11 1.5261 5.476389551762127 0.278669 0.2
810.5 0 11 1.5234050000000001 5.465709459065526 0.27872045 0.2
811.0 0 11 1.52071 5.455033308593872 0.2787719 0.2
811.5 0 11 1.5180150000000001 5.444361098164842 0.27882334999999997 0.2
812.0 0 11 1.51532 5.433692825597724 0.2788748 0.2
812.5 0 11 1.512625 5.423028488713415 0.27892625 0.2
813.0 0 11 1.50993 5.412368085334419 0.2789777 0.2
813.5 0 11 1.507235 5.401711613284849 0.27902915 0.2
814.0 0 11 1.50454 5.391059070390417 0.2790806 0.2
814.5 0 11 1.501845 5.380410454478445 0.27913205 0.2
815.0 0 11 1.49915 5.369765763377851 0.2791835 0.2
815.5 0 11 1.496455 5.359124994919154 0.27923495 0.2
816.0 0 11 1.49376 5.348488146934473 0.2792864 0.2
816.5 0 11 1.491065 5.337855217257526 0.27933785 0.2
817.0 0 11 1.48837 5.3272262037236215 0.2793893 0.2
817.5 0 11 1.485675 5.316601104169667 0.27944075000000007 0.2
818.0 0 11 1.48298 5.305979916434161 0.2794922 0.2
818.5 0 11 1.480285 5.295362638357195 0.27954365 0.2
819.0 0 11 1.47759 5.284749267780444 0.2795951 0.2
819.5 0 11 1.474895 5.27413980254718 0.27964655 0.2
820.0 0 11 1.4722 5.263534240502255 0.279698 0.2
820.5 0 11 1.469505 5.252932579492113 0.27974945 0.2
821.0 0 11 1.46681 5.2423348173647755 0.2798009 0.2
821.5 0 11 1.464115 5.231740951969852 0.27985234999999997 0.2
822.0 0 11 1.46142 5.221150981158527 0.2799038 0.2
822.5 0 11 1.458725 5.21056490278357 0.27995525 0.2
823.0 0 11 1.45603 5.199982714699327 0.2800067 0.2
823.5 0 11 1.453335 5.18940441476172 0.28005815 0.2
824.0 0 11 1.45064 5.178830000828246 0.2801096 0.2
824.5 0 11 1.447945 5.16825947075798 0.28016105 0.2
825.0 0 11 1.4452500000000001 5.157692822411564 0.2802125 0.2
825.5 0 11 1.442555 5.14713005365121 0.28026395 0.2
826.0 0 11 1.43986 5.136571162340706 0.2803154 0.2
826.5 0 11 1.437165 5.126016146345404 0.28036685 0.2
827.0 0 11 1.4344700000000001 5.115465003532224 0.2804183 0.2
827.5 0 11 1.431775 5.104917731769647 0.28046975 0.2
828.0 0 11 1.42908 5.094374328927724 0.28052119999999997 0.2
828.5 0 11 1.426385 5.083834792878066 0.28057265 0.2
829.0 0 11 1.4236900000000001 5.073299121493842 0.2806241 0.2
829.5 0 11 1.420995 5.062767312649783 0.28067555 0.2
830.0 0 11 1.4183000000000001 5.052239364222181 0.280727 0.2
830.5 0 11 1.415605 5.041715274088877 0.28077845 0.2
831.0 0 11 1.41291 5.031195040129274 0.28082989999999997 0.2
831.5 0 11 1.410215 5.020678660224326 0.28088135 0.2
832.0 0 11 1.40752 5.010166132256541 0.2809328 0.2
832.5 0 11 1.404825 4.999657454109973 0.28098425 0.2
833.0 0 11 1.40213 4.989152623670232 0.2810357 0.2
833.5 0 11 1.399435 4.978651638824471 0.28108715 0.2
834.0 0 11 1.39674 4.968154497461395 0.28113859999999996 0.2
834.5 0 11 1.394045 4.957661197471248 0.28119004999999997 0.2
835.0 0 11 1.39135 4.947171736745823 0.2812415 0.2
835.5 0 11 1.388655 4.93668611317845 0.28129295 0.2
836.0 0 11 1.38596 4.926204324664006 0.28134440000000005 0.2
836.5 0 11 1.383265 4.915726369098905 0.28139585 0.2
837.0 0 11 1.38057 4.9052522443810975 0.2814473 0.2
837.5 0 11 1.377875 4.894781948410072 0.28149875 0.2
838.0 0 11 1.37518 4.884315479086856 0.2815502 0.2
838.5 0 11 1.372485 4.873852834314004 0.28160165 0.2
839.0 0 11 1.36979 4.863394011995608 0.2816531 0.2
839.5 0 11 1.367095 4.852939010037289 0.28170455 0.2
840.0 0 11 1.3644 4.842487826346201 0.281756 0.2
840.5 0 11 1.361705 4.83204045883102 0.28180745 0.2
841.0 0 11 1.35901 4.821596905401958 0.28185889999999997 0.2
841.5 0 11 1.356315 4.811157163970745 0.2819103499999999 0.2
842.0 0 11 1.35362 4.800721232450638 0.2819618 0.2
842.5 0 11 1.350925 4.790289108756415 0.28201324999999994 0.2
843.0 0 11 1.34823 4.7798607908043795 0.2820647 0.2
843.5 0 11 1.345535 4.769436276512351 0.28211615000000007 0.2
844.0 0 11 1.34284 4.759015563799671 0.2821676 0.2
844.5 0 11 1.340145 4.748598650587195 0.28221904999999997 0.2
845.0 0 11 1.33745 4.738185534797296 0.2822705 0.2
845.5 0 11 1.334755 4.72777621435386 0.28232195000000004 0.2
846.0 0 11 1.33206 4.717370687182291 0.2823734 0.2
846.5 0 11 1.3293650000000001 4.706968951209499 0.28242485 0.2
847.0 0 11 1.32667 4.696571004363906 0.28247629999999996 0.2
847.5 0 11 1.323975 4.686176844575444 0.28252775 0.2
848.0 0 11 1.32128 4.675786469775554 0.2825792 0.2
848.5 0 11 1.3185850000000001 4.665399877897179 0.28263065 0.2
849.0 0 11 1.31589 4.655017066874769 0.2826821 0.2
849.5 0 11 1.313195 4.644638034644279 0.28273355 0.2
850.0 0 11 1.3105 4.634262779143165 0.28278500000000006 0.2
850.5 0 11 1.307805 4.623891298310384 0.28283645 0.2
851.0 0 11 1.30511 4.613523590086392 0.28288789999999997 0.2
851.5 0 11 1.302415 4.603159652413142 0.2829393499999999 0.2
852.0 0 11 1.29972 4.592799483234084 0.2829908 0.2
852.5 0 11 1.297025 4.5824430804941665 0.28304225 0.2
853.0 0 11 1.29433 4.572090442139828 0.28309370000000006 0.2
853.5 0 11 1.291635 4.561741566119003 0.28314515 0.2
854.0 0 11 1.28894 4.551396450381113 0.2831966 0.2
854.5 0 11 1.286245 4.541055092877074 0.28324805000000003 0.2
855.0 0 11 1.28355 4.530717491559287 0.2832994999999999 0.2
855.5 0 11 1.280855 4.520383644381641 0.28335094999999993 0.2
856.0 0 11 1.27816 4.510053549299512 0.2834024 0.2
856.5 0 11 1.275465 4.49972720426976 0.28345385000000006 0.2
857.0 0 11 1.27277 4.489404607250728 0.2835053 0.2
857.5 0 11 1.270075 4.479085756202243 0.28355674999999997 0.2
858.0 0 11 1.26738 4.468770649085605 0.2836082 0.2
858.5 0 11 1.264685 4.458459283863602 0.28365965 0.2
859.0 0 11 1.26199 4.448151658500496 0.28371109999999994 0.2
859.5 0 11 1.259295 4.4378477709620245 0.28376255 0.2
860.0 0 11 1.2566 4.427547619215401 0.283814 0.2
860.5 0 11 1.253905 4.417251201229314 0.28386545 0.2
861.0 0 11 1.25121 4.406958514973924 0.28391689999999997 0.2
861.5 0 11 1.248515 4.39666955842086 0.28396835 0.2
862.0 0 11 1.24582 4.386384329543222 0.2840198 0.2
862.5 0 11 1.243125 4.376102826315581 0.28407125000000005 0.2
863.0 0 11 1.24043 4.365825046713972 0.2841227 0.2
863.5 0 11 1.237735 4.3555509887158985 0.28417415 0.2
864.0 0 11 1.23504 4.345280650300325 0.28422559999999997 0.2
864.5 0 11 1.232345 4.335014029447682 0.28427705 0.2
865.0 0 11 1.22965 4.324751124139859 0.2843285 0.2
865.5 0 11 1.226955 4.314491932360211 0.28437995 0.2
866.0 0 11 1.22426 4.304236452093545 0.2844314 0.2
866.5 0 11 1.221565 4.293984681326132 0.28448285 0.2
867.0 0 11 1.21887 4.2837366180456975 0.2845343 0.2
867.5 0 11 1.216175 4.273492260241421 0.28458574999999997 0.2
868.0 0 11 1.21348 4.263251605903936 0.2846372 0.2
868.5 0 11 1.210785 4.253014653025332 0.28468865 0.2
869.0 0 11 1.2080899999999999 4.242781399599143 0.2847401 0.2
869.5 0 11 1.205395 4.23255184362036 0.28479155 0.2
870.0 0 11 1.2026999999999999 4.222325983085418 0.28484300000000007 0.2
870.5 0 11 1.200005 4.2121038159922035 0.28489445 0.2
871.0 0 11 1.1973099999999999 4.201885340340043 0.28494590000000003 0.2
871.5 0 11 1.194615 4.191670554129714 0.28499735 0.2
872.0 0 11 1.1919199999999999 4.1814594553634326 0.28504879999999994 0.2
872.5 0 11 1.189225 4.17125204204486 0.28510024999999994 0.2
873.0 0 11 1.1865299999999999 4.161048312179096 0.28515169999999995 0.2
873.5 0 11 1.183835 4.150848263772683 0.28520315 0.2
874.0 0 11 1.18114 4.140651894833598 0.28525459999999997 0.2
874.5 0 11 1.178445 4.130459203371257 0.28530605 0.2
875.0 0 11 1.1757499999999999 4.120270187396511 0.2853575 0.2
875.5 0 11 1.173055 4.110084844921647 0.28540894999999994 0.2
876.0 0 11 1.17036 4.0999031739603815 0.2854604 0.2
876.5 0 11 1.167665 4.089725172527865 0.28551184999999996 0.2
877.0 0 11 1.1649699999999998 4.079550838640679 0.2855633 0.2
877.5 0 11 1.162275 4.069380170316834 0.28561475 0.2
878.0 0 11 1.15958 4.059213165575767 0.2856662 0.2
878.5 0 11 1.156885 4.049049822438341 0.28571765 0.2
879.0 0 11 1.15419 4.038890138926847 0.2857691 0.2
879.5 0 11 1.151495 4.028734113064998 0.28582055 0.2
880.0 0 11 1.1488 4.018581742877931 0.28587200000000007 0.2
880.5 0 11 1.146105 4.008433026392204 0.28592344999999997 0.2
881.0 0 11 1.14341 3.9982879616357945 0.2859748999999999 0.2
881.5 0 11 1.140715 3.9881465466380983 0.28602635 0.2
882.0 0 11 1.13802 3.9780087794299317 0.2860778 0.2
882.5 0 11 1.135325 3.967874658043524 0.28612925 0.2
883.0 0 11 1.13263 3.957744180512522 0.2861807 0.2
883.5 0 11 1.129935 3.9476173448719853 0.28623215 0.2
884.0 0 11 1.12724 3.9374941491583875 0.2862835999999999 0.2
884.5 0 11 1.124545 3.927374591409609 0.28633505 0.2
885.0 0 11 1.12185 3.917258669664946 0.2863865 0.2
885.5 0 11 1.119155 3.907146381965099 0.28643795 0.2
886.0 0 11 1.11646 3.897037726352179 0.2864894 0.2
886.5 0 11 1.113765 3.8869327008697008 0.28654085 0.2
887.0 0 11 1.11107 3.8768313035625876 0.28659229999999997 0.2
887.5 0 11 1.1083749999999999 3.86673353247716 0.28664375 0.2
888.0 0 11 1.10568 3.8566393856611483 0.2866952 0.2
888.5 0 11 1.1029849999999999 3.8465488611636784 0.28674665 0.2
889.0 0 11 1.10029 3.8364619570352803 0.2867981 0.2
889.5 0 11 1.0975949999999999 3.8263786713278787 0.28684955 0.2
890.0 0 11 1.0949 3.816299002094799 0.2869010000000001 0.2
890.5 0 11 1.0922049999999999 3.806222947390761 0.28695244999999997 0.2
891.0 0 11 1.08951 3.79615050527188 0.2870038999999999 0.2
891.5 0 11 1.0868149999999999 3.786081673795663 0.28705535 0.2
892.0 0 11 1.08412 3.7760164510210137 0.2871068 0.2
892.5 0 11 1.0814249999999999 3.7659548350082224 0.28715825 0.2
893.0 0 11 1.07873 3.7558968238189725 0.2872097 0.2
893.5 0 11 1.0760349999999999 3.745842415516334 0.28726114999999997 0.2
894.0 0 11 1.07334 3.7357916081647655 0.2873126 0.2
894.5 0 11 1.0706449999999998 3.7257443998301105 0.28736405 0.2
895.0 0 11 1.06795 3.7157007885796 0.2874155 0.2
895.5 0 11 1.0652549999999998 3.7056607724818447 0.28746695 0.2
896.0 0 11 1.06256 3.695624349606842 0.2875184 0.2
896.5 0 11 1.0598649999999998 3.6855915180259675 0.28756985 0.2
897.0 0 11 1.05717 3.6755622758119793 0.2876213 0.2
897.5 0 11 1.054475 3.665536621039011 0.28767275 0.2
898.0 0 11 1.05178 3.655514551782575 0.2877242 0.2
898.5 0 11 1.0490849999999998 3.645496066119562 0.28777564999999994 0.2
899.0 0 11 1.04639 3.6354811621282357 0.2878271 0.2
899.5 0 11 1.043695 3.6254698378882346 0.28787855 0.2
900.0 0 11 1.041 3.6154620914805675 0.28793 0.2
900.5 0 11 1.038305 3.6054579209876194 0.28798145 0.2
901.0 0 11 1.03561 3.5954573244931396 0.2880328999999999 0.2
901.5 0 11 1.032915 3.5854603000822505 0.28808435 0.2
902.0 0 11 1.03022 3.5754668458414396 0.2881358 0.2
902.5 0 11 1.027525 3.565476959858564 0.28818725 0.2
903.0 0 11 1.02483 3.5554906402228426 0.2882387 0.2
903.5 0 11 1.022135 3.5455078850248616 0.28829014999999997 0.2
904.0 0 11 1.01944 3.535528692356566 0.2883416 0.2
904.5 0 11 1.016745 3.5255530603112666 0.28839305 0.2
905.0 0 11 1.01405 3.5155809869836308 0.2884445 0.2
905.5 0 11 1.011355 3.5056124704696896 0.28849595 0.2
906.0 0 11 1.00866 3.495647508866827 0.2885474 0.2
906.5 0 11 1.005965 3.4856861002737882 0.28859885 0.2
907.0 0 11 1.0032699999999999 3.475728242790671 0.28865029999999997 0.2
907.5 0 11 1.000575 3.4657739345189285 0.28870175 0.2
908.0 0 11 0.9978799999999999 3.4558231735613663 0.2887532 0.2
908.5 0 11 0.995185 3.445875958022144 0.28880465 0.2
909.0 0 11 0.99249 3.435932286006769 0.2888561 0.2
909.5 0 11 0.989795 3.425992155622101 0.28890755 0.2
910.0 0 11 0.9871 3.4160555649763467 0.2889589999999999 0.2
910.5 0 11 0.984405 3.406122512179058 0.28901045 0.2
911.0 0 11 0.98171 3.3961929953411363 0.28906190000000004 0.2
911.5 0 11 0.979015 3.3862670125748258 0.28911335 0.2
912.0 0 11 0.97632 3.3763445619937142 0.2891648 0.2
912.5 0 11 0.973625 3.366425641712732 0.28921625000000006 0.2
913.0 0 11 0.97093 3.3565102498481507 0.2892677 0.2
913.5 0 11 0.968235 3.3465983845175824 0.28931914999999997 0.2
914.0 0 11 0.96554 3.3366900438399756 0.2893706 0.2
914.5 0 11 0.962845 3.3267852259356188 0.28942205 0.2
915.0 0 11 0.96015 3.3168839289261363 0.2894735 0.2
915.5 0 11 0.957455 3.3069861509344873 0.28952495000000006 0.2
916.0 0 11 0.9547599999999999 3.2970918900849653 0.2895764 0.2
916.5 0 11 0.9520649999999999 3.287201144503196 0.28962785 0.2
917.0 0 11 0.9493699999999999 3.2773139123161372 0.2896793 0.2
917.5 0 11 0.9466749999999999 3.267430191652077 0.28973075 0.2
918.0 0 11 0.9439799999999999 3.2575499806406327 0.2897822 0.2
918.5 0 11 0.9412849999999999 3.2476732774127504 0.28983364999999994 0.2
919.0 0 11 0.9385899999999999 3.2378000801007016 0.2898851 0.2
919.5 0 11 0.9358949999999999 3.2279303868380853 0.28993655 0.2
920.0 0 11 0.9331999999999999 3.218064195759825 0.28998799999999997 0.2
920.5 0 11 0.9305049999999999 3.2082015050021644 0.29003945 0.2
921.0 0 11 0.9278099999999999 3.1983423127026733 0.2900909 0.2
921.5 0 11 0.9251149999999999 3.1884866170002413 0.29014234999999994 0.2
922.0 0 11 0.9224199999999999 3.178634416035077 0.29019380000000006 0.2
922.5 0 11 0.9197249999999999 3.1687857079487083 0.29024525000000007 0.2
923.0 0 11 0.91703 3.158940490883982 0.29029669999999996 0.2
923.5 0 11 0.9143349999999999 3.1490987629850578 0.29034814999999997 0.2
924.0 0 11 0.91164 3.139260522397414 0.2903996 0.2
924.5 0 11 0.9089449999999999 3.1294257672678407 0.29045105 0.2
925.0 0 11 0.90625 3.119594495744443 0.29050249999999994 0.2
925.5 0 11 0.9035549999999999 3.109766705976635 0.29055395 0.2
926.0 0 11 0.90086 3.099942396115144 0.2906054 0.2
926.5 0 11 0.898165 3.090121564312006 0.29065684999999997 0.2
927.0 0 11 0.89547 3.080304208720563 0.2907083 0.2
927.5 0 11 0.892775 3.0704903274954667 0.29075975 0.2
928.0 0 11 0.89008 3.060679918792674 0.2908112 0.2
928.5 0 11 0.887385 3.0508729807694457 0.29086265 0.2
929.0 0 11 0.88469 3.041069511584347 0.2909141 0.2
929.5 0 11 0.881995 3.031269509397246 0.29096555 0.2
930.0 0 11 0.8793 3.021472972369312 0.29101699999999997 0.2
930.5 0 11 0.876605 3.011679898663012 0.29106845 0.2
931.0 0 11 0.87391 3.0018902864421153 0.29111990000000004 0.2
931.5 0 11 0.871215 2.9921041338716874 0.29117135 0.2
932.0 0 11 0.86852 2.982321439118091 0.2912228 0.2
932.5 0 11 0.865825 2.9725422003489834 0.29127425 0.2
933.0 0 11 0.86313 2.9627664157333187 0.29132569999999997 0.2
933.5 0 11 0.860435 2.952994083441341 0.2913771499999999 0.2
934.0 0 11 0.85774 2.943225201644588 0.2914286 0.2
934.5 0 11 0.8550449999999999 2.9334597685158896 0.29148005000000005 0.2
935.0 0 11 0.8523499999999999 2.9236977822293646 0.29153149999999994 0.2
935.5 0 11 0.8496549999999999 2.9139392409604192 0.29158295 0.2
936.0 0 11 0.8469599999999999 2.9041841428857498 0.2916344 0.2
936.5 0 11 0.8442649999999999 2.8944324861833373 0.29168584999999997 0.2
937.0 0 11 0.8415699999999999 2.884684269032448 0.2917373 0.2
937.5 0 11 0.8388749999999999 2.874939489613633 0.29178875 0.2
938.0 0 11 0.8361799999999999 2.8651981461087264 0.2918402 0.2
938.5 0 11 0.833485 2.8554602367008446 0.29189165 0.2
939.0 0 11 0.8307899999999999 2.8457257595743823 0.2919431 0.2
939.5 0 11 0.828095 2.835994712915019 0.29199454999999996 0.2
940.0 0 11 0.8253999999999999 2.826267094909706 0.292046 0.2
940.5 0 11 0.822705 2.816542903746678 0.29209745 0.2
941.0 0 11 0.8200099999999999 2.8068221376154416 0.2921489 0.2
941.5 0 11 0.817315 2.7971047947067826 0.29220035 0.2
942.0 0 11 0.8146199999999999 2.7873908732127566 0.2922518 0.2
942.5 0 11 0.811925 2.7776803713266958 0.29230325 0.2
943.0 0 11 0.80923 2.7679732872432017 0.29235469999999997 0.2
943.5 0 11 0.806535 2.7582696191581473 0.29240615 0.2
944.0 0 11 0.80384 2.748569365268675 0.2924576 0.2
944.5 0 11 0.801145 2.738872523773196 0.29250905 0.2
945.0 0 11 0.79845 2.729179092871389 0.2925605 0.2
945.5 0 11 0.795755 2.719489070764198 0.29261195000000007 0.2
946.0 0 11 0.79306 2.709802455653833 0.29266339999999996 0.2
946.5 0 11 0.790365 2.7001192457437675 0.29271484999999997 0.2
947.0 0 11 0.78767 2.690439439238738 0.2927663 0.2
947.5 0 11 0.784975 2.680763034344742 0.29281775 0.2
948.0 0 11 0.78228 2.6710900292690387 0.2928692 0.2
948.5 0 11 0.779585 2.6614204222201474 0.29292065 0.2
949.0 0 11 0.77689 2.6517542114078436 0.2929721 0.2
949.5 0 11 0.774195 2.6420913950431633 0.2930235499999999 0.2
950.0 0 11 0.7715 2.6324319713383946 0.293075 0.2
950.5 0 11 0.768805 2.622775938507085 0.2931264499999999 0.2
951.0 0 11 0.76611 2.613123294764032 0.29317790000000005 0.2
951.5 0 11 0.763415 2.6034740383252903 0.29322935 0.2
952.0 0 11 0.76072 2.5938281674081627 0.2932808 0.2
952.5 0 11 0.758025 2.5841856802312058 0.29333224999999996 0.2
953.0 0 11 0.75533 2.5745465750142222 0.29338369999999997 0.2
953.5 0 11 0.7526349999999999 2.5649108499782662 0.29343515 0.2
954.0 0 11 0.7499399999999999 2.555278503345638 0.29348660000000004 0.2
954.5 0 11 0.7472449999999999 2.545649533339885 0.29353805 0.2
955.0 0 11 0.7445499999999999 2.5360239381858 0.29358950000000006 0.2
955.5 0 11 0.7418549999999999 2.5264017161094183 0.29364095 0.2
956.0 0 11 0.7391599999999999 2.5167828653380204 0.29369239999999996 0.2
956.5 0 11 0.7364649999999999 2.5071673841001267 0.29374385 0.2
957.0 0 11 0.7337699999999999 2.4975552706255 0.2937953 0.2
957.5 0 11 0.7310749999999999 2.4879465231451428 0.29384675 0.2
958.0 0 11 0.72838 2.478341139891296 0.2938982 0.2
958.5 0 11 0.7256849999999999 2.468739119097437 0.29394965 0.2
959.0 0 11 0.72299 2.4591404589982826 0.2940011 0.2
959.5 0 11 0.720295 2.4495451578297827 0.29405254999999997 0.2
960.0 0 11 0.7176 2.439953213829122 0.2941039999999999 0.2
960.5 0 11 0.714905 2.4303646252347186 0.29415545 0.2
961.0 0 11 0.71221 2.420779390286224 0.2942069 0.2
961.5 0 11 0.709515 2.411197507224519 0.29425835 0.2
962.0 0 11 0.70682 2.401618974291716 0.2943098 0.2
962.5 0 11 0.704125 2.3920437897311553 0.29436124999999996 0.2
963.0 0 11 0.70143 2.382471951787406 0.29441269999999997 0.2
963.5 0 11 0.698735 2.3729034587062636 0.29446415 0.2
964.0 0 11 0.69604 2.3633383087347495 0.2945156 0.2
964.5 0 11 0.693345 2.3537765001211097 0.29456705 0.2
965.0 0 11 0.69065 2.3442180311148144 0.2946185 0.2
965.5 0 11 0.687955 2.3346628999665557 0.29466995 0.2
966.0 0 11 0.68526 2.3251111049282476 0.29472139999999997 0.2
966.5 0 11 0.682565 2.315562644253024 0.29477285 0.2
967.0 0 11 0.67987 2.306017516195239 0.29482429999999993 0.2
967.5 0 11 0.677175 2.2964757190104645 0.29487575 0.2
968.0 0 11 0.67448 2.2869372509554897 0.29492720000000006 0.2
968.5 0 11 0.671785 2.2774021102883206 0.29497865 0.2
969.0 0 11 0.66909 2.2678702952681777 0.2950301 0.2
969.5 0 11 0.666395 2.2583418041554952 0.29508155 0.2
970.0 0 11 0.6637 2.2488166352119214 0.295133 0.2
970.5 0 11 0.661005 2.2392947867003157 0.29518445 0.2
971.0 0 11 0.65831 2.229776256884749 0.2952359 0.2
971.5 0 11 0.655615 2.220261044030501 0.29528735000000006 0.2
972.0 0 11 0.65292 2.2107491464040616 0.29533880000000007 0.2
972.5 0 11 0.6502249999999999 2.2012405622731284 0.29539024999999997 0.2
973.0 0 11 0.6475299999999999 2.191735289906604 0.2954417 0.2
973.5 0 11 0.644835 2.182233327574599 0.2954931499999999 0.2
974.0 0 11 0.6421399999999999 2.172734673548425 0.2955446 0.2
974.5 0 11 0.639445 2.1632393261006024 0.29559605000000005 0.2
975.0 0 11 0.6367499999999999 2.153747283504849 0.29564750000000006 0.2
975.5 0 11 0.634055 2.144258544036088 0.29569895000000007 0.2
976.0 0 11 0.6313599999999999 2.13477310597044 0.29575039999999997 0.2
976.5 0 11 0.628665 2.1252909675852267 0.29580185 0.2
977.0 0 11 0.62597 2.115812127158967 0.29585330000000004 0.2
977.5 0 11 0.623275 2.1063365829713785 0.29590475 0.2
978.0 0 11 0.62058 2.096864333303374 0.29595620000000006 0.2
978.5 0 11 0.617885 2.087395376437062 0.29600764999999996 0.2
979.0 0 11 0.61519 2.077929710655744 0.2960591 0.2
979.5 0 11 0.612495 2.068467334243917 0.29611055 0.2
980.0 0 11 0.6098 2.0590082454872674 0.296162 0.2
980.5 0 11 0.607105 2.0495524426726743 0.29621345 0.2
981.0 0 11 0.60441 2.040099924088206 0.29626490000000005 0.2
981.5 0 11 0.601715 2.030650688023121 0.29631635 0.2
982.0 0 11 0.59902 2.021204732767865 0.29636779999999996 0.2
982.5 0 11 0.596325 2.0117620566140695 0.29641924999999997 0.2
983.0 0 11 0.59363 2.002322657854554 0.2964707 0.2
983.5 0 11 0.590935 1.9928865347833207 0.29652215 0.2
984.0 0 11 0.58824 1.9834536856955576 0.2965736 0.2
984.5 0 11 0.585545 1.9740241088876342 0.29662505000000006 0.2
985.0 0 11 0.58285 1.9645978026571027 0.2966765 0.2
985.5 0 11 0.580155 1.9551747653026958 0.2967279499999999 0.2
986.0 0 11 0.57746 1.9457549951243247 0.29677939999999997 0.2
986.5 0 11 0.574765 1.9363384904230811 0.29683085 0.2
987.0 0 11 0.57207 1.9269252495012332 0.2968823 0.2
987.5 0 11 0.569375 1.9175152706622267 0.29693375 0.2
988.0 0 11 0.5666800000000001 1.9081085522106829 0.2969852 0.2
988.5 0 11 0.563985 1.8987050924523958 0.29703665 0.2
989.0 0 11 0.5612900000000001 1.889304889694337 0.2970880999999999 0.2
989.5 0 11 0.558595 1.8799079422446456 0.29713955 0.2
990.0 0 11 0.5559000000000001 1.8705142484126374 0.297191 0.2
990.5 0 11 0.553205 1.8611238065087943 0.29724245 0.2
991.0 0 11 0.55051 1.8517366148447716 0.2972939 0.2
991.5 0 11 0.5478149999999999 1.8423526717333898 0.29734535 0.2
992.0 0 11 0.54512 1.8329719754886404 0.29739679999999996 0.2
992.5 0 11 0.542425 1.8235945244256777 0.29744824999999997 0.2
993.0 0 11 0.53973 1.814220316860824 0.2974997 0.2
993.5 0 11 0.537035 1.8048493511115653 0.29755115 0.2
994.0 0 11 0.53434 1.7954816254965515 0.29760260000000005 0.2
994.5 0 11 0.531645 1.7861171383355947 0.29765405 0.2
995.0 0 11 0.52895 1.7767558879496683 0.2977055 0.2
995.5 0 11 0.526255 1.7673978726609072 0.29775694999999996 0.2
996.0 0 11 0.52356 1.758043090792604 0.2978084 0.2
996.5 0 11 0.520865 1.748691540669211 0.2978598499999999 0.2
997.0 0 11 0.51817 1.739343220616338 0.2979113 0.2
997.5 0 11 0.515475 1.7299981289607511 0.29796275 0.2
998.0 0 11 0.51278 1.7206562640303718 0.2980142 0.2
998.5 0 11 0.510085 1.7113176241542762 0.29806564999999996 0.2
999.0 0 11 0.50739 1.7019822076626938 0.29811709999999997 0.2
999.5 0 11 0.504695 1.6926500128870066 0.2981685499999999 0.2
1000.0 0 11 0.502 1.6833210381597479 0.29822 0.2
1000.5 0 11 0.50121 1.6825953885317904 0.2978791 0.2
1001.0 0 11 0.50042 1.6818680760991362 0.2975382 0.2
1001.5 0 11 0.49963 1.681139095139828 0.2971973 0.2
1002.0 0 11 0.49884 1.6804084399056247 0.2968563999999999 0.2
1002.5 0 11 0.49805 1.6796761046218496 0.2965155 0.2
1003.0 0 11 0.49726 1.6789420834872402 0.2961746 0.2
1003.5 0 11 0.49647 1.6782063706737942 0.2958337 0.2
1004.0 0 11 0.49568 1.6774689603266137 0.2954928 0.2
1004.5 0 11 0.49489 1.6767298465637526 0.29515189999999997 0.2
1005.0 0 11 0.4941 1.6759890234760575 0.294811 0.2
1005.5 0 11 0.49331 1.675246485127013 0.2944701 0.2
1006.0 0 11 0.49252 1.6745022255525805 0.2941292 0.2
1006.5 0 11 0.49173 1.6737562387610398 0.2937883 0.2
1007.0 0 11 0.49094 1.6730085187328292 0.29344739999999997 0.2
1007.5 0 11 0.49015 1.6722590594203812 0.2931065 0.2
1008.0 0 11 0.48936 1.6715078547479625 0.29276559999999996 0.2
1008.5 0 11 0.48857 1.670754898611506 0.2924247 0.2
1009.0 0 11 0.48778 1.6700001848784491 0.29208380000000006 0.2
1009.5 0 11 0.48699 1.6692437073875663 0.29174289999999997 0.2
1010.0 0 11 0.4862 1.6684854599487993 0.29140200000000005 0.2
1010.5 0 11 0.48541 1.6677254363430911 0.29106109999999996 0.2
1011.0 0 11 0.48462 1.6669636303222137 0.2907202 0.2
1011.5 0 11 0.48383 1.6662000356085986 0.2903793 0.2
1012.0 0 11 0.48304 1.6654346458951645 0.2900384 0.2
1012.5 0 11 0.48225 1.6646674548451403 0.2896975 0.2
1013.0 0 11 0.48146 1.663898456091895 0.2893566 0.2
1013.5 0 11 0.48067 1.6631276432387583 0.2890157 0.2
1014.0 0 11 0.47988 1.6623550098588444 0.2886748 0.2
1014.5 0 11 0.47909 1.661580549494874 0.2883339 0.2
1015.0 0 11 0.4783 1.6608042556589917 0.287993 0.2
1015.5 0 11 0.47751 1.660026121832589 0.28765209999999997 0.2
1016.0 0 11 0.47672 1.6592461414661175 0.2873112 0.2
1016.5 0 11 0.47593 1.6584643079789094 0.2869703 0.2
1017.0 0 11 0.47514 1.6576806147589886 0.2866294 0.2
1017.5 0 11 0.47435 1.6568950551628863 0.2862885 0.2
1018.0 0 11 0.47356 1.656107622515454 0.2859475999999999 0.2
1018.5 0 11 0.47277 1.655318310109672 0.2856067 0.2
1019.0 0 11 0.47198 1.6545271112064608 0.2852658 0.2
1019.5 0 11 0.47119 1.6537340190344896 0.2849249 0.2
1020.0 0 11 0.4704 1.652939026789981 0.284584 0.2
1020.5 0 11 0.46960999999999997 1.6521421276365196 0.28424309999999997 0.2
1021.0 0 11 0.46882 1.6513433147048526 0.2839022 0.2
1021.5 0 11 0.46803 1.6505425810926948 0.2835613 0.2
1022.0 0 11 0.46724 1.6497399198645295 0.2832204 0.2
1022.5 0 11 0.46645 1.6489353240514069 0.2828795 0.2
1023.0 0 11 0.46566 1.6481287866507446 0.2825386 0.2
1023.5 0 11 0.46487 1.6473203006261214 0.28219769999999994 0.2
1024.0 0 11 0.46408 1.6465098589070764 0.28185679999999996 0.2
1024.5 0 11 0.46329 1.6456974543888996 0.2815159 0.2
1025.0 0 11 0.4625 1.6448830799324266 0.28117499999999995 0.2
1025.5 0 11 0.46171 1.6440667283638277 0.2808341 0.2
1026.0 0 11 0.46092 1.6432483924743986 0.28049320000000005 0.2
1026.5 0 11 0.46013 1.642428065020348 0.28015229999999997 0.2
1027.0 0 11 0.45933999999999997 1.6416057387225824 0.2798114 0.2
1027.5 0 11 0.45855 1.6407814062664932 0.2794705 0.2
1028.0 0 11 0.45776 1.639955060301738 0.2791296 0.2
1028.5 0 11 0.45697 1.6391266934420226 0.2787887 0.2
1029.0 0 11 0.45618 1.6382962982648814 0.27844779999999997 0.2
1029.5 0 11 0.45539 1.6374638673114548 0.2781069 0.2
1030.0 0 11 0.4546 1.6366293930862668 0.277766 0.2
1030.5 0 11 0.45381 1.635792868057 0.2774251 0.2
1031.0 0 11 0.45302 1.6349542846542675 0.2770842 0.2
1031.5 0 11 0.45223 1.6341136352713872 0.27674329999999997 0.2
1032.0 0 11 0.45144 1.6332709122641482 0.2764024 0.2
1032.5 0 11 0.45065 1.6324261079505837 0.27606149999999996 0.2
1033.0 0 11 0.44986 1.6315792146107329 0.2757205999999999 0.2
1033.5 0 11 0.44906999999999997 1.630730224486409 0.2753797 0.2
1034.0 0 11 0.44828 1.629879129780962 0.27503879999999997 0.2
1034.5 0 11 0.44749 1.6290259226590376 0.2746979 0.2
1035.0 0 11 0.4467 1.62817059524634 0.2743569999999999 0.2
1035.5 0 11 0.44591 1.6273131396293867 0.2740161 0.2
1036.0 0 11 0.44512 1.626453547855268 0.2736752 0.2
1036.5 0 11 0.44433 1.625591811931397 0.2733342999999999 0.2
1037.0 0 11 0.44354 1.6247279238252645 0.27299340000000005 0.2
1037.5 0 11 0.44275 1.6238618754641898 0.27265249999999996 0.2
1038.0 0 11 0.44196 1.6229936587350668 0.27231160000000004 0.2
1038.5 0 11 0.44117 1.6221232654841127 0.2719707 0.2
1039.0 0 11 0.44038 1.6212506875166128 0.2716298 0.2
1039.5 0 11 0.43959 1.6203759165966614 0.2712889 0.2
1040.0 0 11 0.43879999999999997 1.619498944446905 0.27094799999999997 0.2
1040.5 0 11 0.43801 1.61861976274828 0.2706071 0.2
1041.0 0 11 0.43722 1.6177383631397488 0.2702662 0.2
1041.5 0 11 0.43643 1.6168547372180377 0.2699253 0.2
1042.0 0 11 0.43563999999999997 1.6159688765373663 0.2695844 0.2
1042.5 0 11 0.43484999999999996 1.615080772609181 0.26924349999999997 0.2
1043.0 0 11 0.43406 1.614190416901882 0.2689026 0.2
1043.5 0 11 0.43327 1.6132978008405516 0.2685617 0.2
1044.0 0 11 0.43248 1.6124029158066786 0.2682208 0.2
1044.5 0 11 0.43169 1.61150575313788 0.26787990000000006 0.2
1045.0 0 11 0.4309 1.6106063041276226 0.26753899999999997 0.2
1045.5 0 11 0.43011 1.6097045600249402 0.2671981 0.2
1046.0 0 11 0.42932 1.6088005120341515 0.2668572 0.2
1046.5 0 11 0.42852999999999997 1.6078941513145726 0.2665163 0.2
1047.0 0 11 0.42774 1.6069854689802288 0.2661754 0.2
1047.5 0 11 0.42695 1.606074456099566 0.2658345 0.2
1048.0 0 11 0.42616 1.605161103695155 0.2654936 0.2
1048.5 0 11 0.42536999999999997 1.6042454027434 0.2651527 0.2
1049.0 0 11 0.42457999999999996 1.60332734417424 0.2648118 0.2
1049.5 0 11 0.42379 1.6024069188708474 0.2644709 0.2
1050.0 0 11 0.423 1.6014841176693295 0.26413 0.2
1050.5 0 11 0.42221 1.6005589313584223 0.2637891 0.2
1051.0 0 11 0.42141999999999996 1.5996313506791844 0.2634482 0.2
1051.5 0 11 0.42063 1.5987013663246896 0.2631073 0.2
1052.0 0 11 0.41984 1.597768968939712 0.2627664 0.2
1052.5 0 11 0.41905 1.596834149120417 0.2624255 0.2
1053.0 0 11 0.41825999999999997 1.595896897414041 0.2620846 0.2
1053.5 0 11 0.41747 1.594957204318576 0.26174369999999997 0.2
1054.0 0 11 0.41668 1.5940150602824454 0.2614028 0.2
1054.5 0 11 0.41589 1.5930704557041835 0.2610619 0.2
1055.0 0 11 0.41509999999999997 1.5921233809321076 0.260721 0.2
1055.5 0 11 0.41431 1.5911738262639887 0.2603801 0.2
1056.0 0 11 0.41352 1.5902217819467221 0.2600391999999999 0.2
1056.5 0 11 0.41273 1.5892672381759911 0.2596983 0.2
1057.0 0 11 0.41194 1.5883101850959331 0.2593574 0.2
1057.5 0 11 0.41114999999999996 1.5873506127987984 0.2590165 0.2
1058.0 0 11 0.41036 1.5863885113246088 0.2586756 0.2
1058.5 0 11 0.40957 1.5854238706608135 0.2583347 0.2
1059.0 0 11 0.40878 1.5844566807419402 0.2579938 0.2
1059.5 0 11 0.40798999999999996 1.5834869314492483 0.2576528999999999 0.2
1060.0 0 11 0.4072 1.582514612610372 0.257312 0.2
1060.5 0 11 0.40641 1.581539713998967 0.2569711 0.2
1061.0 0 11 0.40562 1.5805622253343528 0.2566302 0.2
1061.5 0 11 0.40482999999999997 1.5795821362811477 0.2562893 0.2
1062.0 0 11 0.40403999999999995 1.5785994364489093 0.25594839999999996 0.2
1062.5 0 11 0.40325 1.5776141153917629 0.2556075 0.2
1063.0 0 11 0.40246 1.576626162608034 0.2552666 0.2
1063.5 0 11 0.40166999999999997 1.5756355675398754 0.2549257 0.2
1064.0 0 11 0.40087999999999996 1.5746423195728887 0.2545848 0.2
1064.5 0 11 0.40009 1.5736464080357486 0.25424389999999997 0.2
1065.0 0 11 0.3993 1.5726478221998166 0.253903 0.2
1065.5 0 11 0.39851 1.5716465512787596 0.2535621 0.2
1066.0 0 11 0.39771999999999996 1.57064258442816 0.2532212 0.2
1066.5 0 11 0.39693 1.5696359107451232 0.2528803 0.2
1067.0 0 11 0.39614 1.5686265192678848 0.25253939999999997 0.2
1067.5 0 11 0.39535 1.56761439897541 0.25219850000000005 0.2
1068.0 0 11 0.39455999999999997 1.5665995387869969 0.2518576 0.2
1068.5 0 11 0.39376999999999995 1.5655819275618676 0.2515167 0.2
1069.0 0 11 0.39298 1.5645615540987627 0.2511758 0.2
1069.5 0 11 0.39219 1.5635384071355303 0.25083489999999997 0.2
1070.0 0 11 0.39139999999999997 1.562512475348711 0.250494 0.2
1070.5 0 11 0.39061 1.561483747353121 0.2501531 0.2
1071.0 0 11 0.38982 1.5604522117014301 0.24981219999999998 0.2
1071.5 0 11 0.38903 1.5594178568837376 0.2494713 0.2
1072.0 0 11 0.38824 1.5583806713271442 0.2491304 0.2
1072.5 0 11 0.38744999999999996 1.55734064339532 0.2487895 0.2
1073.0 0 11 0.38666 1.55629776138807 0.24844859999999996 0.2
1073.5 0 11 0.38587 1.5552520135408938 0.2481077 0.2
1074.0 0 11 0.38508 1.5542033880245456 0.2477668 0.2
1074.5 0 11 0.38428999999999996 1.5531518729445866 0.2474259 0.2
1075.0 0 11 0.38349999999999995 1.552097456340935 0.24708500000000003 0.2
1075.5 0 11 0.38271 1.5510401261874145 0.2467441 0.2
1076.0 0 11 0.38192 1.5499798703912937 0.2464032 0.2
1076.5 0 11 0.38112999999999997 1.5489166767928282 0.24606230000000004 0.2
1077.0 0 11 0.38034 1.5478505331647958 0.24572139999999998 0.2
1077.5 0 11 0.37955 1.5467814272120237 0.2453805 0.2
1078.0 0 11 0.37876 1.5457093465709215 0.2450396 0.2
1078.5 0 11 0.37797 1.5446342788090006 0.2446987 0.2
1079.0 0 11 0.37717999999999996 1.5435562114243948 0.2443578 0.2
1079.5 0 11 0.37639 1.5424751318453764 0.24401689999999998 0.2
1080.0 0 11 0.3756 1.541391027429866 0.243676 0.2
1080.5 0 11 0.37481 1.5403038854649411 0.24333509999999997 0.2
1081.0 0 11 0.37401999999999996 1.539213693166339 0.24299419999999997 0.2
1081.5 0 11 0.37322999999999995 1.5381204376779545 0.2426533 0.2
1082.0 0 11 0.37244 1.537024106071336 0.24231239999999998 0.2
1082.5 0 11 0.37165 1.535924685345175 0.24197149999999998 0.2
1083.0 0 11 0.37085999999999997 1.5348221624247922 0.24163059999999997 0.2
1083.5 0 11 0.37007 1.53371652416162 0.24128969999999997 0.2
1084.0 0 11 0.36928 1.5326077573326782 0.2409488 0.2
1084.5 0 11 0.36849 1.5314958486400487 0.24060789999999999 0.2
1085.0 0 11 0.36769999999999997 1.530380784710343 0.240267 0.2
1085.5 0 11 0.36690999999999996 1.5292625520941654 0.2399261 0.2
1086.0 0 11 0.36612 1.528141137265574 0.23958520000000003 0.2
1086.5 0 11 0.36533 1.527016526621533 0.23924429999999997 0.2
1087.0 0 11 0.36454 1.5258887064813644 0.2389034 0.2
1087.5 0 11 0.36374999999999996 1.5247576630861932 0.2385625 0.2
1088.0 0 11 0.36295999999999995 1.5236233825983871 0.2382216 0.2
1088.5 0 11 0.36217 1.522485851100993 0.23788069999999997 0.2
1089.0 0 11 0.36138 1.5213450545971663 0.23753980000000002 0.2
1089.5 0 11 0.36058999999999997 1.520200979009599 0.23719890000000002 0.2
1090.0 0 11 0.3598 1.519053610179939 0.236858 0.2
1090.5 0 11 0.35901 1.5179029338682066 0.2365171 0.2
1091.0 0 11 0.35822 1.5167489357522053 0.2361762 0.2
1091.5 0 11 0.35742999999999997 1.515591601426928 0.2358353 0.2
1092.0 0 11 0.35663999999999996 1.5144309164039569 0.2354944 0.2
1092.5 0 11 0.35585 1.5132668661108595 0.23515350000000002 0.2
1093.0 0 11 0.35506 1.5120994358905784 0.23481259999999998 0.2
1093.5 0 11 0.35427 1.5109286110008158 0.23447169999999998 0.2
1094.0 0 11 0.35347999999999996 1.5097543766134143 0.2341308 0.2
1094.5 0 11 0.35268999999999995 1.508576717813729 0.23378990000000002 0.2
1095.0 0 11 0.3519 1.5073956195999982 0.23344900000000002 0.2
1095.5 0 11 0.35111 1.5062110668827038 0.23310809999999996 0.2
1096.0 0 11 0.35031999999999996 1.5050230444839305 0.2327672 0.2
1096.5 0 11 0.34953 1.5038315371367181 0.23242630000000003 0.2
1097.0 0 11 0.34874 1.5026365294844053 0.23208539999999997 0.2
1097.5 0 11 0.34795 1.5014380060799717 0.23174449999999996 0.2
1098.0 0 11 0.34715999999999997 1.5002359513853716 0.2314036 0.2
1098.5 0 11 0.34636999999999996 1.4990303497708628 0.2310627 0.2
1099.0 0 11 0.34558 1.4978211855143295 0.23072179999999998 0.2
1099.5 0 11 0.34479 1.4966084428005968 0.23038089999999997 0.2
1100.0 0 11 0.344 1.4953921057207442 0.23004 0.2
1100.5 0 11 0.34320999999999996 1.494172158271408 0.2296991 0.2
1101.0 0 11 0.34241999999999995 1.49294858435408 0.2293582 0.2
1101.5 0 11 0.34163 1.4917213677743997 0.22901729999999998 0.2
1102.0 0 11 0.34084 1.490490492241438 0.2286764 0.2
1102.5 0 11 0.34004999999999996 1.4892559413669797 0.2283355 0.2
1103.0 0 11 0.33925999999999995 1.4880176986647928 0.22799459999999996 0.2
1103.5 0 11 0.33847 1.4867757475498968 0.22765370000000004 0.2
1104.0 0 11 0.33768 1.4855300713378217 0.2273128 0.2
1104.5 0 11 0.33688999999999997 1.4842806532438595 0.2269719 0.2
1105.0 0 11 0.33609999999999995 1.4830274763823128 0.22663100000000003 0.2
1105.5 0 11 0.33531 1.4817705237657326 0.22629010000000002 0.2
1106.0 0 11 0.33452 1.4805097783041496 0.2259492 0.2
1106.5 0 11 0.33372999999999997 1.479245222804303 0.22560829999999996 0.2
1107.0 0 11 0.33293999999999996 1.4779768399688546 0.2252674 0.2
1107.5 0 11 0.33215 1.4767046123956047 0.2249265 0.2
1108.0 0 11 0.33136 1.4754285225766923 0.2245856 0.2
1108.5 0 11 0.33057 1.474148552897794 0.22424470000000002 0.2
1109.0 0 11 0.32977999999999996 1.4728646856373138 0.2239038 0.2
1109.5 0 11 0.32899 1.4715769029655636 0.2235629 0.2
1110.0 0 11 0.3282 1.470285186943939 0.223222 0.2
1110.5 0 11 0.32741 1.468989519524087 0.2228811 0.2
1111.0 0 11 0.32661999999999997 1.4676898825470632 0.22254020000000002 0.2
1111.5 0 11 0.32582999999999995 1.466386257742486 0.22219930000000002 0.2
1112.0 0 11 0.32504 1.4650786267276785 0.2218584 0.2
1112.5 0 11 0.32425 1.4637669710068053 0.22151749999999998 0.2
1113.0 0 11 0.32345999999999997 1.4624512719700002 0.22117660000000003 0.2
1113.5 0 11 0.32267 1.4611315108924872 0.22083569999999997 0.2
1114.0 0 11 0.32188 1.4598076689336892 0.22049480000000002 0.2
1114.5 0 11 0.32109 1.458479727136335 0.2201539 0.2
1115.0 0 11 0.3203 1.4571476664255527 0.21981299999999998 0.2
1115.5 0 11 0.31950999999999996 1.4558114676079554 0.2194721 0.2
1116.0 0 11 0.31872 1.4544711113707223 0.2191312 0.2
1116.5 0 11 0.31793 1.4531265782806642 0.21879030000000002 0.2
1117.0 0 11 0.31714 1.4517778487832877 0.21844940000000002 0.2
1117.5 0 11 0.31634999999999996 1.4504249032018468 0.21810849999999996 0.2
1118.0 0 11 0.31556 1.4490677217363832 0.21776759999999998 0.2
1118.5 0 11 0.31477 1.4477062844627637 0.21742669999999997 0.2
1119.0 0 11 0.31398 1.446340571331704 0.21708579999999997 0.2
1119.5 0 11 0.31318999999999997 1.444970562167783 0.21674490000000002 0.2
1120.0 0 11 0.3124 1.4435962366684536 0.21640399999999999 0.2
1120.5 0 11 0.31161 1.4422175744030332 0.2160631 0.2
1121.0 0 11 0.31082 1.4408345548116976 0.2157222 0.2
1121.5 0 11 0.31003 1.4394471572044554 0.2153813 0.2
1122.0 0 11 0.30924 1.4380553607601176 0.21504040000000002 0.2
1122.5 0 11 0.30845 1.4366591445252552 0.2146995 0.2
1123.0 0 11 0.30766 1.4352584874131478 0.2143586 0.2
1123.5 0 11 0.30687 1.4338533682027232 0.2140177 0.2
1124.0 0 11 0.30608 1.4324437655374846 0.2136768 0.2
1124.5 0 11 0.30529 1.4310296579244282 0.21333589999999997 0.2
1125.0 0 11 0.3045 1.4296110237329516 0.21299499999999996 0.2
1125.5 0 11 0.30371 1.4281878411937505 0.2126541 0.2
1126.0 0 11 0.30291999999999997 1.4267600883977065 0.2123132 0.2
1126.5 0 11 0.30213 1.4253277432947606 0.2119723 0.2
1127.0 0 11 0.30134 1.423890783692779 0.21163140000000003 0.2
1127.5 0 11 0.30055 1.4224491872564076 0.2112905 0.2
1128.0 0 11 0.29976 1.4210029315059143 0.21094960000000001 0.2
1128.5 0 11 0.29897 1.4195519938160202 0.21060869999999998 0.2
1129.0 0 11 0.29818 1.4180963514147196 0.21026780000000003 0.2
1129.5 0 11 0.29739 1.4166359813820906 0.2099269 0.2
1130.0 0 11 0.2966 1.4151708606490891 0.209586 0.2
1130.5 0 11 0.29581 1.4137009659963362 0.20924510000000004 0.2
1131.0 0 11 0.29502 1.4122262740528913 0.20890419999999998 0.2
1131.5 0 11 0.29423 1.410746761295012 0.2085633 0.2
1132.0 0 11 0.29344 1.4092624040449058 0.2082224 0.2
1132.5 0 11 0.29265 1.4077731784694647 0.20788149999999997 0.2
1133.0 0 11 0.29186 1.4062790605789903 0.20754060000000002 0.2
1133.5 0 11 0.29107 1.4047800262259067 0.20719970000000001 0.2
1134.0 0 11 0.29028 1.4032760511034579 0.2068588 0.2
1134.5 0 11 0.28949 1.4017671107443956 0.20651789999999998 0.2
1135.0 0 11 0.2887 1.4002531805196508 0.20617699999999997 0.2
1135.5 0 11 0.28791 1.3987342356369945 0.20583610000000002 0.2
1136.0 0 11 0.28712 1.397210251139686 0.20549520000000002 0.2
1136.5 0 11 0.28633 1.3956812019051024 0.2051543 0.2
1137.0 0 11 0.28554 1.3941470626433623 0.20481339999999998 0.2
1137.5 0 11 0.28475 1.3926078078959274 0.20447249999999997 0.2
1138.0 0 11 0.28396 1.3910634120341976 0.2041316 0.2
1138.5 0 11 0.28317000000000003 1.389513849258087 0.2037907 0.2
1139.0 0 11 0.28238 1.387959093594587 0.20344980000000004 0.2
1139.5 0 11 0.28159 1.3863991188963163 0.2031089 0.2
1140.0 0 11 0.2808 1.3848338988400537 0.20276799999999998 0.2
1140.5 0 11 0.28001 1.3832634069252585 0.20242709999999997 0.2
1141.0 0 11 0.27922 1.3816876164725747 0.2020862 0.2
1141.5 0 11 0.27843 1.3801065006223192 0.20174530000000002 0.2
1142.0 0 11 0.27764 1.378520032332958 0.20140439999999998 0.2
1142.5 0 11 0.27685000000000004 1.3769281843795618 0.2010635 0.2
1143.0 0 11 0.27606 1.3753309293522504 0.2007226 0.2
1143.5 0 11 0.27527 1.3737282396546193 0.2003817 0.2
1144.0 0 11 0.27448 1.3721200875021495 0.2000408 0.2
1144.5 0 11 0.27369 1.3705064449206035 0.19969989999999999 0.2
1145.0 0 11 0.27290000000000003 1.3688872837444008 0.19935900000000004 0.2
1145.5 0 11 0.27211 1.3672625756149819 0.1990181 0.2
1146.0 0 11 0.27132 1.3656322919791501 0.1986772 0.2
1146.5 0 11 0.27053 1.3639964040874009 0.19833630000000002 0.2
1147.0 0 11 0.26974 1.3623548829922312 0.19799539999999996 0.2
1147.5 0 11 0.26895 1.360707699546431 0.19765449999999998 0.2
1148.0 0 11 0.26816 1.3590548244013592 0.19731359999999998 0.2
1148.5 0 11 0.26737 1.3573962280052008 0.1969727 0.2
1149.0 0 11 0.26658000000000004 1.3557318806012049 0.19663180000000002 0.2
1149.5 0 11 0.26579 1.3540617522259057 0.1962909 0.2
1150.0 0 11 0.265 1.3523858127073232 0.19595000000000004 0.2
1150.5 0 11 0.26421 1.3507040316631485 0.1956091 0.2
1151.0 0 11 0.26342 1.3490163784989055 0.1952682 0.2
1151.5 0 11 0.26263000000000003 1.3473228224060971 0.1949273 0.2
1152.0 0 11 0.26184 1.3456233323603295 0.1945864 0.2
1152.5 0 11 0.26105 1.3439178771194185 0.19424550000000002 0.2
1153.0 0 11 0.26026 1.3422064252214747 0.1939046 0.2
1153.5 0 11 0.25947000000000003 1.3404889449829696 0.1935637 0.2
1154.0 0 11 0.25868 1.3387654044967778 0.1932228 0.2
1154.5 0 11 0.25789 1.3370357716302048 0.19288190000000002 0.2
1155.0 0 11 0.2571 1.3353000140229871 0.19254100000000002 0.2
1155.5 0 11 0.25631000000000004 1.3335580990852764 0.19220009999999998 0.2
1156.0 0 11 0.25552 1.3318099939955967 0.19185920000000004 0.2
1156.5 0 11 0.25473 1.330055665698787 0.19151830000000003 0.2
1157.0 0 11 0.25394 1.3282950809039145 0.1911774 0.2
1157.5 0 11 0.25315 1.3265282060821697 0.1908365 0.2
1158.0 0 11 0.25236000000000003 1.3247550074647396 0.1904956 0.2
1158.5 0 11 0.25157 1.3229754510406526 0.1901547 0.2
1159.0 0 11 0.25078 1.3211895025546088 0.1898138 0.2
1159.5 0 11 0.24999000000000002 1.3193971275047778 0.1894729 0.2
1160.0 0 11 0.2492 1.317598291140579 0.189132 0.2
1160.5 0 11 0.24841000000000002 1.315792958460436 0.1887911 0.2
1161.0 0 11 0.24762 1.3139810942095047 0.1884502 0.2
1161.5 0 11 0.24683000000000002 1.3121626628773804 0.1881093 0.2
1162.0 0 11 0.24604 1.3103376286957764 0.18776839999999997 0.2
1162.5 0 11 0.24525000000000002 1.3085059556361793 0.1874275 0.2
1163.0 0 11 0.24446 1.3066676074074788 0.1870866 0.2
1163.5 0 11 0.24367 1.304822547453569 0.18674570000000001 0.2
1164.0 0 11 0.24288 1.3029707389509284 0.1864048 0.2
1164.5 0 11 0.24209 1.301112144806166 0.1860639 0.2
1165.0 0 11 0.24130000000000001 1.2992467276535486 0.185723 0.2
1165.5 0 11 0.24051 1.297374449852494 0.1853821 0.2
1166.0 0 11 0.23972000000000002 1.29549527348504 0.18504120000000002 0.2
1166.5 0 11 0.23893 1.2936091603532858 0.1847003 0.2
1167.0 0 11 0.23814000000000002 1.291716071976802 0.1843594 0.2
1167.5 0 11 0.23735 1.289815969590014 0.18401850000000003 0.2
1168.0 0 11 0.23656000000000002 1.2879088141395576 0.1836776 0.2
1168.5 0 11 0.23577 1.285994566281601 0.1833367 0.2
1169.0 0 11 0.23498000000000002 1.2840731863791413 0.18299579999999996 0.2
1169.5 0 11 0.23419 1.2821446344992662 0.18265489999999998 0.2
1170.0 0 11 0.2334 1.2802088704103909 0.18231399999999998 0.2
1170.5 0 11 0.23261 1.2782658535794578 0.1819731 0.2
1171.0 0 11 0.23182 1.2763155431691076 0.18163220000000002 0.2
1171.5 0 11 0.23103 1.2743578980348202 0.18129130000000002 0.2
1172.0 0 11 0.23024 1.2723928767220187 0.1809504 0.2
1172.5 0 11 0.22945000000000002 1.2704204374631456 0.18060950000000003 0.2
1173.0 0 11 0.22866 1.2684405381747015 0.1802686 0.2
1173.5 0 11 0.22787000000000002 1.2664531364542535 0.17992770000000002 0.2
1174.0 0 11 0.22708 1.2644581895774079 0.1795868 0.2
1174.5 0 11 0.22629 1.262455654494747 0.17924590000000004 0.2
1175.0 0 11 0.2255 1.2604454878287359 0.178905 0.2
1175.5 0 11 0.22471000000000002 1.2584276458705865 0.1785641 0.2
1176.0 0 11 0.22392 1.256402084577092 0.17822320000000003 0.2
1176.5 0 11 0.22313 1.2543687595674218 0.1778823 0.2
1177.0 0 11 0.22234 1.2523276261198797 0.17754140000000002 0.2
1177.5 0 11 0.22155 1.2502786391686254 0.1772005 0.2
1178.0 0 11 0.22076 1.2482217533003581 0.17685959999999998 0.2
1178.5 0 11 0.21997 1.2461569227509606 0.1765187 0.2
1179.0 0 11 0.21918 1.2440841014021065 0.17617779999999997 0.2
1179.5 0 11 0.21839 1.242003242777824 0.17583690000000002 0.2
1180.0 0 11 0.21760000000000002 1.2399143000410267 0.17549599999999999 0.2
1180.5 0 11 0.21681 1.237817225989994 0.1751551 0.2
1181.0 0 11 0.21602 1.2357119730548205 0.1748142 0.2
1181.5 0 11 0.21523 1.2335984932938164 0.17447329999999997 0.2
1182.0 0 11 0.21444000000000002 1.2314767383898688 0.17413240000000002 0.2
1182.5 0 11 0.21365 1.2293466596467608 0.1737915 0.2
1183.0 0 11 0.21286 1.2272082079854436 0.1734506 0.2
1183.5 0 11 0.21207 1.2250613339402703 0.1731097 0.2
1184.0 0 11 0.21128 1.2229059876551784 0.1727688 0.2
1184.5 0 11 0.21049 1.2207421188798333 0.17242790000000002 0.2
1185.0 0 11 0.2097 1.2185696769657206 0.17208700000000002 0.2
1185.5 0 11 0.20891 1.216388610862197 0.17174610000000004 0.2
1186.0 0 11 0.20812 1.214198869112489 0.1714052 0.2
1186.5 0 11 0.20733000000000001 1.2120003998496471 0.17106430000000003 0.2
1187.0 0 11 0.20654 1.2097931507924515 0.17072339999999997 0.2
1187.5 0 11 0.20575 1.2075770692412657 0.17038250000000002 0.2
1188.0 0 11 0.20496 1.2053521020738454 0.17004160000000001 0.2
1188.5 0 11 0.20417000000000002 1.2031181957410901 0.1697007 0.2
1189.0 0 11 0.20338 1.2008752962627496 0.1693598 0.2
1189.5 0 11 0.20259 1.1986233492230751 0.16901889999999997 0.2
1190.0 0 11 0.2018 1.1963622997664187 0.16867800000000002 0.2
1190.5 0 11 0.20101000000000002 1.1940920925927796 0.16833710000000002 0.2
1191.0 0 11 0.20022 1.1918126719532942 0.1679962 0.2
1191.5 0 11 0.19943 1.1895239816456742 0.1676553 0.2
1192.0 0 11 0.19863999999999998 1.1872259650095867 0.1673144 0.2
1192.5 0 11 0.19785 1.1849185649219787 0.1669735 0.2
1193.0 0 11 0.19706 1.1826017237923432 0.1666326 0.2
1193.5 0 11 0.19627 1.1802753835579285 0.16629170000000001 0.2
1194.0 0 11 0.19548 1.1779394856788878 0.1659508 0.2
1194.5 0 11 0.19469 1.1755939711333683 0.1656099 0.2
1195.0 0 11 0.19390000000000002 1.1732387804125397 0.165269 0.2
1195.5 0 11 0.19311 1.170873853515562 0.16492810000000002 0.2
1196.0 0 11 0.19232 1.1684991299444913 0.16458720000000002 0.2
1196.5 0 11 0.19153 1.1661145486991182 0.1642463 0.2
1197.0 0 11 0.19074000000000002 1.1637200482717471 0.16390539999999998 0.2
1197.5 0 11 0.18995 1.161315566641906 0.16356449999999997 0.2
1198.0 0 11 0.18916 1.1589010412709926 0.1632236 0.2
1198.5 0 11 0.18836999999999998 1.156476409096853 0.16288270000000002 0.2
1199.0 0 11 0.18758 1.15404160652829 0.16254180000000001 0.2
1199.5 0 11 0.18679 1.1515965694395038 0.16220089999999998 0.2
1200.0 0 11 0.186 1.149141233164463 0.16186 0.2
1200.5 0 11 0.1857245 1.1483675020860493 0.16172915000000002 0.2
1201.0 0 11 0.185449 1.1475925179905977 0.1615983 0.2
1201.5 0 11 0.1851735 1.1468162778318478 0.16146744999999998 0.2
1202.0 0 11 0.184898 1.1460387785536574 0.1613366 0.2
1202.5 0 11 0.1846225 1.145260017089961 0.16120575 0.2
1203.0 0 11 0.184347 1.1444799903647311 0.1610749 0.2
1203.5 0 11 0.1840715 1.1436986952919352 0.16094405 0.2
1204.0 0 11 0.183796 1.1429161287754983 0.16081320000000002 0.2
1204.5 0 11 0.1835205 1.14213228770926 0.16068235 0.2
1205.0 0 11 0.183245 1.1413471689769326 0.1605515 0.2
1205.5 0 11 0.1829695 1.1405607694520625 0.16042065 0.2
1206.0 0 11 0.182694 1.139773085997986 0.1602898 0.2
1206.5 0 11 0.1824185 1.13898411546779 0.16015895 0.2
1207.0 0 11 0.182143 1.1381938547042676 0.1600281 0.2
1207.5 0 11 0.1818675 1.137402300539878 0.15989725 0.2
1208.0 0 11 0.181592 1.1366094497967032 0.1597664 0.2
1208.5 0 11 0.1813165 1.1358152992864057 0.15963555000000001 0.2
1209.0 0 11 0.181041 1.1350198458101861 0.15950470000000003 0.2
1209.5 0 11 0.1807655 1.1342230861587392 0.15937385 0.2
1210.0 0 11 0.18049 1.1334250171122122 0.159243 0.2
1210.5 0 11 0.1802145 1.1326256354401596 0.15911215 0.2
1211.0 0 11 0.179939 1.1318249379015015 0.15898130000000002 0.2
1211.5 0 11 0.1796635 1.1310229212444787 0.15885045 0.2
1212.0 0 11 0.179388 1.1302195822066081 0.15871960000000004 0.2
1212.5 0 11 0.1791125 1.1294149175146408 0.15858875000000003 0.2
1213.0 0 11 0.178837 1.1286089238845143 0.15845790000000004 0.2
1213.5 0 11 0.1785615 1.127801598021311 0.15832705000000002 0.2
1214.0 0 11 0.178286 1.1269929366192108 0.1581962 0.2
1214.5 0 11 0.1780105 1.126182936361448 0.15806535 0.2
1215.0 0 11 0.177735 1.1253715939202644 0.1579345 0.2
1215.5 0 11 0.1774595 1.1245589059568646 0.15780365000000002 0.2
1216.0 0 11 0.177184 1.1237448691213703 0.1576728 0.2
1216.5 0 11 0.1769085 1.1229294800527732 0.15754195000000001 0.2
1217.0 0 11 0.176633 1.1221127353788902 0.1574111 0.2
1217.5 0 11 0.1763575 1.1212946317163153 0.15728025 0.2
1218.0 0 11 0.17608200000000002 1.1204751656703749 0.1571494 0.2
1218.5 0 11 0.1758065 1.1196543338350786 0.15701855000000003 0.2
1219.0 0 11 0.175531 1.1188321327930741 0.15688770000000002 0.2
1219.5 0 11 0.1752555 1.1180085591155986 0.15675684999999998 0.2
1220.0 0 11 0.17498 1.11718360936243 0.15662600000000002 0.2
1220.5 0 11 0.1747045 1.1163572800818429 0.15649515 0.2
1221.0 0 11 0.174429 1.1155295678105552 0.1563643 0.2
1221.5 0 11 0.17415350000000002 1.1147004690736844 0.15623345 0.2
1222.0 0 11 0.173878 1.1138699803846956 0.1561026 0.2
1222.5 0 11 0.1736025 1.1130380982453554 0.15597175 0.2
1223.0 0 11 0.173327 1.11220481914568 0.15584090000000003 0.2
1223.5 0 11 0.1730515 1.111370139563888 0.15571005000000002 0.2
1224.0 0 11 0.172776 1.1105340559663504 0.1555792 0.2
1224.5 0 11 0.1725005 1.109696564807539 0.15544835 0.2
1225.0 0 11 0.17222500000000002 1.108857662529979 0.1553175 0.2
1225.5 0 11 0.1719495 1.1080173455641964 0.15518665 0.2
1226.0 0 11 0.171674 1.1071756103286687 0.1550558 0.2
1226.5 0 11 0.1713985 1.1063324532297736 0.15492494999999998 0.2
1227.0 0 11 0.171123 1.105487870661737 0.15479410000000002 0.2
1227.5 0 11 0.1708475 1.1046418590065836 0.15466325 0.2
1228.0 0 11 0.170572 1.103794414634083 0.15453240000000001 0.2
1228.5 0 11 0.17029650000000002 1.1029455339017 0.15440155 0.2
1229.0 0 11 0.170021 1.1020952131545394 0.1542707 0.2
1229.5 0 11 0.1697455 1.1012434487252971 0.15413985 0.2
1230.0 0 11 0.16947 1.1003902369342051 0.154009 0.2
1230.5 0 11 0.1691945 1.099535574088979 0.15387815 0.2
1231.0 0 11 0.168919 1.0986794564847644 0.1537473 0.2
1231.5 0 11 0.1686435 1.0978218804040842 0.15361645000000002 0.2
1232.0 0 11 0.16836800000000002 1.096962842116785 0.1534856 0.2
1232.5 0 11 0.1680925 1.0961023378799808 0.15335475000000004 0.2
1233.0 0 11 0.167817 1.0952403639380017 0.1532239 0.2
1233.5 0 11 0.1675415 1.0943769165223372 0.15309305 0.2
1234.0 0 11 0.167266 1.0935119918515817 0.1529622 0.2
1234.5 0 11 0.16699050000000001 1.0926455861313795 0.15283135 0.2
1235.0 0 11 0.166715 1.0917776955543694 0.15270050000000002 0.2
1235.5 0 11 0.16643950000000002 1.0909083163001292 0.15256965 0.2
1236.0 0 11 0.166164 1.0900374445351182 0.15243880000000004 0.2
1236.5 0 11 0.1658885 1.0891650764126233 0.15230794999999997 0.2
1237.0 0 11 0.165613 1.0882912080726994 0.1521771 0.2
1237.5 0 11 0.1653375 1.0874158356421155 0.15204625 0.2
1238.0 0 11 0.16506200000000001 1.086538955234295 0.1519154 0.2
1238.5 0 11 0.1647865 1.0856605629492593 0.15178455 0.2
1239.0 0 11 0.16451100000000002 1.0847806548735706 0.15165370000000003 0.2
1239.5 0 11 0.1642355 1.083899227080272 0.15152285000000001 0.2
1240.0 0 11 0.16396 1.083016275628831 0.151392 0.2
1240.5 0 11 0.1636845 1.0821317965650796 0.15126115 0.2
1241.0 0 11 0.163409 1.0812457859211555 0.1511303 0.2
1241.5 0 11 0.16313350000000001 1.0803582397154428 0.15099945 0.2
1242.0 0 11 0.162858 1.0794691539525123 0.15086860000000002 0.2
1242.5 0 11 0.16258250000000002 1.0785785246230624 0.15073775 0.2
1243.0 0 11 0.162307 1.0776863477038567 0.15060690000000002 0.2
1243.5 0 11 0.1620315 1.0767926191576667 0.15047605 0.2
1244.0 0 11 0.161756 1.075897334933207 0.1503452 0.2
1244.5 0 11 0.1614805 1.0750004909650777 0.15021435 0.2
1245.0 0 11 0.16120500000000001 1.0741020831737 0.1500835 0.2
1245.5 0 11 0.1609295 1.0732021074652567 0.14995264999999997 0.2
1246.0 0 11 0.16065400000000002 1.072300559731628 0.1498218 0.2
1246.5 0 11 0.1603785 1.0713974358503302 0.14969095000000002 0.2
1247.0 0 11 0.160103 1.0704927316844532 0.1495601 0.2
1247.5 0 11 0.1598275 1.0695864430825959 0.14942925 0.2
1248.0 0 11 0.159552 1.0686785658788038 0.1492984 0.2
1248.5 0 11 0.15927650000000002 1.0677690958925048 0.14916755 0.2
1249.0 0 11 0.159001 1.0668580289284453 0.1490367 0.2
1249.5 0 11 0.15872550000000002 1.065945360776625 0.14890585000000003 0.2
1250.0 0 11 0.15845 1.065031087212233 0.14877500000000005 0.2
1250.5 0 11 0.1581745 1.0641152039955828 0.14864415 0.2
1251.0 0 11 0.157899 1.0631977068720444 0.14851330000000001 0.2
1251.5 0 11 0.1576235 1.0622785915719817 0.14838245 0.2
1252.0 0 11 0.15734800000000002 1.061357853810684 0.1482516 0.2
1252.5 0 11 0.1570725 1.0604354892883003 0.14812075 0.2
1253.0 0 11 0.15679700000000002 1.059511493689772 0.1479899 0.2
1253.5 0 11 0.1565215 1.0585858626847664 0.14785905 0.2
1254.0 0 11 0.156246 1.0576585919276076 0.1477282 0.2
1254.5 0 11 0.1559705 1.05672967705721 0.14759735 0.2
1255.0 0 11 0.155695 1.055799113697009 0.1474665 0.2
1255.5 0 11 0.15541950000000002 1.054866897454893 0.14733565 0.2
1256.0 0 11 0.155144 1.053933023923133 0.1472048 0.2
1256.5 0 11 0.1548685 1.0529974886783144 0.14707395 0.2
1257.0 0 11 0.154593 1.0520602872812674 0.1469431 0.2
1257.5 0 11 0.1543175 1.051121415276995 0.14681225 0.2
1258.0 0 11 0.154042 1.050180868194604 0.14668140000000002 0.2
1258.5 0 11 0.1537665 1.0492386415472341 0.14655054999999997 0.2
1259.0 0 11 0.15349100000000002 1.048294730831985 0.1464197 0.2
1259.5 0 11 0.1532155 1.0473491315298467 0.14628885 0.2
1260.0 0 11 0.15294 1.0464018391056253 0.146158 0.2
1260.5 0 11 0.1526645 1.045452849007873 0.14602715 0.2
1261.0 0 11 0.152389 1.044502156668812 0.1458963 0.2
1261.5 0 11 0.1521135 1.0435497575042645 0.14576545000000002 0.2
1262.0 0 11 0.151838 1.0425956469135769 0.1456346 0.2
1262.5 0 11 0.1515625 1.0416398202795458 0.14550375000000002 0.2
1263.0 0 11 0.151287 1.0406822729683456 0.1453729 0.2
1263.5 0 11 0.1510115 1.03972300032945 0.14524205 0.2
1264.0 0 11 0.150736 1.0387619976955604 0.1451112 0.2
1264.5 0 11 0.1504605 1.0377992603825277 0.14498035 0.2
1265.0 0 11 0.150185 1.0368347836892775 0.14484950000000002 0.2
1265.5 0 11 0.1499095 1.0358685628977329 0.14471865 0.2
1266.0 0 11 0.149634 1.034900593272738 0.14458780000000002 0.2
1266.5 0 11 0.1493585 1.0339308700619805 0.14445695 0.2
1267.0 0 11 0.149083 1.032959388495913 0.1443261 0.2
1267.5 0 11 0.1488075 1.031986143787677 0.14419525 0.2
1268.0 0 11 0.148532 1.031011131133021 0.1440644 0.2
1268.5 0 11 0.1482565 1.0300343457102252 0.14393355000000002 0.2
1269.0 0 11 0.147981 1.0290557826800193 0.1438027 0.2
1269.5 0 11 0.1477055 1.0280754371855028 0.14367185000000002 0.2
1270.0 0 11 0.14743 1.0270933043520667 0.143541 0.2
1270.5 0 11 0.1471545 1.0261093792873097 0.14341015000000001 0.2
1271.0 0 11 0.146879 1.02512365708096 0.1432793 0.2
1271.5 0 11 0.1466035 1.024136132804791 0.14314845 0.2
1272.0 0 11 0.146328 1.0231468015125413 0.1430176 0.2
1272.5 0 11 0.1460525 1.0221556582398297 0.14288675 0.2
1273.0 0 11 0.145777 1.0211626980040756 0.1427559 0.2
1273.5 0 11 0.1455015 1.0201679158044117 0.14262505 0.2
1274.0 0 11 0.145226 1.0191713066216026 0.14249420000000004 0.2
1274.5 0 11 0.1449505 1.0181728654179605 0.14236335 0.2
1275.0 0 11 0.144675 1.0171725871372577 0.14223249999999998 0.2
1275.5 0 11 0.1443995 1.016170466704644 0.14210165 0.2
1276.0 0 11 0.144124 1.0151664990265603 0.1419708 0.2
1276.5 0 11 0.1438485 1.014160678990651 0.14183995 0.2
1277.0 0 11 0.143573 1.0131530014656787 0.1417091 0.2
1277.5 0 11 0.1432975 1.0121434613014355 0.14157825000000002 0.2
1278.0 0 11 0.14302199999999998 1.0111320533286576 0.1414474 0.2
1278.5 0 11 0.1427465 1.0101187723589344 0.14131655 0.2
1279.0 0 11 0.142471 1.0091036131846214 0.1411857 0.2
1279.5 0 11 0.1421955 1.00808657057875 0.14105485 0.2
1280.0 0 11 0.14192 1.0070676392949391 0.140924 0.2
1280.5 0 11 0.1416445 1.0060468140673038 0.14079314999999998 0.2
1281.0 0 11 0.141369 1.0050240896103646 0.1406623 0.2
1281.5 0 11 0.14109349999999998 1.0039994606189575 0.14053144999999997 0.2
1282.0 0 11 0.140818 1.0029729217681405 0.14040060000000001 0.2
1282.5 0 11 0.1405425 1.0019444677131026 0.14026975 0.2
1283.0 0 11 0.140267 1.0009140930890708 0.14013890000000004 0.2
1283.5 1 11 0.1399915 0.9998817925112163 0.14000804999999997 0.2
1284.0 1 11 0.139716 0.9988475605745611 0.1398772 0.2
1284.5 1 11 0.1394405 0.9978113918538837 0.13974635000000002 0.2
1285.0 1 11 0.13916499999999998 0.9967732809036245 0.1396155 0.2
1285.5 1 11 0.1388895 0.9957332222577895 0.13948465000000004 0.2
1286.0 1 11 0.138614 0.9946912104298554 0.1393538 0.2
1286.5 1 11 0.1383385 0.9936472399126723 0.13922295000000004 0.2
1287.0 1 11 0.138063 0.9926013051783674 0.13909209999999997 0.2
1287.5 1 11 0.1377875 0.9915534006782466 0.13896125000000004 0.2
1288.0 1 11 0.137512 0.9905035208426971 0.13883040000000002 0.2
1288.5 1 11 0.13723649999999998 0.9894516600810888 0.13869955 0.2
1289.0 1 11 0.136961 0.9883978127816743 0.13856870000000002 0.2
1289.5 1 11 0.1366855 0.9873419733114895 0.13843785 0.2
1290.0 1 11 0.13641 0.9862841360162536 0.138307 0.2
1290.5 1 11 0.1361345 0.9852242952202677 0.13817615 0.2
1291.0 1 11 0.13585899999999998 0.9841624452263131 0.1380453 0.2
1291.5 1 11 0.1355835 0.9830985803155505 0.13791445000000002 0.2
1292.0 1 11 0.13530799999999998 0.9820326947474154 0.13778359999999998 0.2
1292.5 1 11 0.1350325 0.9809647827595162 0.13765275000000002 0.2
1293.0 1 11 0.134757 0.9798948385675299 0.1375219 0.2
1293.5 1 11 0.13448149999999998 0.9788228563650977 0.13739105000000004 0.2
1294.0 1 11 0.134206 0.9777488303237208 0.1372602 0.2
1294.5 1 11 0.13393049999999998 0.9766727545926527 0.13712934999999998 0.2
1295.0 1 11 0.133655 0.9755946232987952 0.1369985 0.2
1295.5 1 11 0.13337949999999998 0.9745144305465899 0.13686765 0.2
1296.0 1 11 0.133104 0.9734321704179124 0.1367368 0.2
1296.5 1 11 0.1328285 0.9723478369719619 0.13660595 0.2
1297.0 1 11 0.13255299999999998 0.971261424245155 0.13647510000000002 0.2
1297.5 1 11 0.1322775 0.9701729262510153 0.13634425000000003 0.2
1298.0 1 11 0.13200199999999998 0.969082336980062 0.1362134 0.2
1298.5 1 11 0.1317265 0.9679896503997022 0.13608255 0.2
1299.0 1 11 0.13145099999999998 0.966894860454117 0.1359517 0.2
1299.5 1 11 0.1311755 0.9657979610641518 0.13582085 0.2
1300.0 1 11 0.1309 0.9646989461272016 0.13569 0.2
1300.5 1 11 0.13062449999999998 0.9635978095170998 0.13555915000000002 0.2
1301.0 1 11 0.130349 0.9624945450840038 0.1354283 0.2
1301.5 1 11 0.13007349999999998 0.9613891466542789 0.13529745 0.2
1302.0 1 11 0.129798 0.9602816080303862 0.1351666 0.2
1302.5 1 11 0.12952249999999998 0.9591719229907634 0.13503575 0.2
1303.0 1 11 0.129247 0.9580600852897115 0.1349049 0.2
1303.5 1 11 0.1289715 0.9569460886572748 0.13477404999999998 0.2
1304.0 1 11 0.12869599999999998 0.955829926799125 0.13464320000000005 0.2
1304.5 1 11 0.1284205 0.9547115933964427 0.13451235 0.2
1305.0 1 11 0.12814499999999998 0.9535910821057956 0.13438150000000001 0.2
1305.5 1 11 0.1278695 0.9524683865590222 0.13425065 0.2
1306.0 1 11 0.12759399999999999 0.951343500363108 0.1341198 0.2
1306.5 1 11 0.1273185 0.9502164171000669 0.13398895 0.2
1307.0 1 11 0.127043 0.9490871303268161 0.13385809999999998 0.2
1307.5 1 11 0.12676749999999998 0.9479556335750564 0.13372725000000002 0.2
1308.0 1 11 0.126492 0.9468219203511471 0.1335964 0.2
1308.5 1 11 0.12621649999999998 0.9456859841359809 0.13346555000000002 0.2
1309.0 1 11 0.125941 0.9445478183848616 0.1333347 0.2
1309.5 1 11 0.12566549999999999 0.9434074165273749 0.13320385 0.2
1310.0 1 11 0.12539 0.9422647719672661 0.133073 0.2
1310.5 1 11 0.1251145 0.9411198780823086 0.13294215 0.2
1311.0 1 11 0.12483899999999999 0.9399727282241795 0.13281130000000002 0.2
1311.5 1 11 0.1245635 0.9388233157183292 0.13268044999999998 0.2
1312.0 1 11 0.12428799999999998 0.9376716338638514 0.13254960000000002 0.2
1312.5 1 11 0.12401249999999998 0.9365176759333552 0.13241875 0.2
1313.0 1 11 0.12373699999999999 0.9353614351728312 0.1322879 0.2
1313.5 1 11 0.12346149999999999 0.934202904801522 0.13215705 0.2
1314.0 1 11 0.12318599999999999 0.9330420780117884 0.1320262 0.2
1314.5 1 11 0.12291049999999999 0.9318789479689767 0.13189535000000002 0.2
1315.0 1 11 0.122635 0.9307135078112845 0.13176449999999998 0.2
1315.5 1 11 0.12235949999999998 0.9295457506496246 0.13163365000000002 0.2
1316.0 1 11 0.12208399999999998 0.928375669567492 0.1315028 0.2
1316.5 1 11 0.12180849999999999 0.9272032576208237 0.13137195000000004 0.2
1317.0 1 11 0.12153299999999999 0.9260285078378647 0.1312411 0.2
1317.5 1 11 0.12125749999999999 0.9248514132190273 0.13111025 0.2
1318.0 1 11 0.12098199999999999 0.9236719667367538 0.13097940000000002 0.2
1318.5 1 11 0.1207065 0.9224901613353758 0.13084855 0.2
1319.0 1 11 0.12043099999999998 0.9213059899309731 0.13071770000000002 0.2
1319.5 1 11 0.12015549999999998 0.9201194454112338 0.13058685 0.2
1320.0 1 11 0.11987999999999999 0.9189305206353098 0.13045600000000002 0.2
1320.5 1 11 0.11960449999999999 0.9177392084336752 0.13032515000000003 0.2
1321.0 1 11 0.11932899999999999 0.9165455016079811 0.1301943 0.2
1321.5 1 11 0.11905349999999999 0.9153493929309116 0.13006345000000002 0.2
1322.0 1 11 0.118778 0.9141508751460371 0.12993260000000004 0.2
1322.5 1 11 0.11850249999999998 0.9129499409676679 0.12980175 0.2
1323.0 1 11 0.11822699999999998 0.9117465830807064 0.1296709 0.2
1323.5 1 11 0.11795149999999999 0.9105407941404992 0.12954005000000002 0.2
1324.0 1 11 0.11767599999999999 0.9093325667726868 0.1294092 0.2
1324.5 1 11 0.11740049999999999 0.9081218935730536 0.12927835000000001 0.2
1325.0 1 11 0.11712499999999999 0.9069087671073772 0.1291475 0.2
1325.5 1 11 0.11684949999999998 0.9056931799112748 0.12901665 0.2
1326.0 1 11 0.11657399999999998 0.9044751244900523 0.1288858 0.2
1326.5 1 11 0.11629849999999999 0.903254593318548 0.12875495 0.2
1327.0 1 11 0.11602299999999999 0.9020315788409791 0.12862410000000002 0.2
1327.5 1 11 0.11574749999999999 0.9008060734707853 0.12849325 0.2
1328.0 1 11 0.11547199999999999 0.8995780695904718 0.12836240000000002 0.2
1328.5 1 11 0.11519649999999998 0.8983475595514518 0.12823155 0.2
1329.0 1 11 0.114921 0.8971145356738877 0.1281007 0.2
1329.5 1 11 0.11464549999999998 0.8958789902465306 0.12796985 0.2
1330.0 1 11 0.11436999999999999 0.8946409155265606 0.127839 0.2
1330.5 1 11 0.11409449999999999 0.8934003037394244 0.12770815000000002 0.2
1331.0 1 11 0.11381899999999999 0.892157147078673 0.1275773 0.2
1331.5 1 11 0.11354349999999999 0.8909114377057971 0.12744645000000002 0.2
1332.0 1 11 0.11326799999999998 0.8896631677500635 0.1273156 0.2
1332.5 1 11 0.11299249999999998 0.8884123293083485 0.12718475 0.2
1333.0 1 11 0.11271699999999998 0.8871589144449716 0.1270539 0.2
1333.5 1 11 0.11244149999999999 0.8859029151915273 0.12692305 0.2
1334.0 1 11 0.11216599999999999 0.8846443235467164 0.12679220000000002 0.2
1334.5 1 11 0.11189049999999999 0.8833831314761763 0.12666135 0.2
1335.0 1 11 0.11161499999999999 0.8821193309123095 0.12653050000000002 0.2
1335.5 1 11 0.11133949999999998 0.8808529137541122 0.12639965 0.2
1336.0 1 11 0.11106399999999998 0.8795838718670009 0.12626880000000001 0.2
1336.5 1 11 0.11078849999999998 0.8783121970826384 0.12613795 0.2
1337.0 1 11 0.11051299999999999 0.8770378811987577 0.1260071 0.2
1337.5 1 11 0.11023749999999999 0.8757609159789871 0.12587625000000002 0.2
1338.0 1 11 0.10996199999999999 0.8744812931526719 0.1257454 0.2
1338.5 1 11 0.10968649999999999 0.8731990044146956 0.12561455000000002 0.2
1339.0 1 11 0.10941099999999998 0.8719140414253005 0.1254837 0.2
1339.5 1 11 0.10913549999999998 0.8706263958099075 0.12535285000000002 0.2
1340.0 1 11 0.10885999999999998 0.8693360591589336 0.125222 0.2
1340.5 1 11 0.10858449999999999 0.868043023027608 0.12509115 0.2
1341.0 1 11 0.10830899999999999 0.8667472789357898 0.1249603 0.2
1341.5 1 11 0.10803349999999999 0.8654488183677809 0.12482945000000002 0.2
1342.0 1 11 0.10775799999999999 0.8641476327721401 0.12469859999999999 0.2
1342.5 1 11 0.10748249999999998 0.8628437135614955 0.12456775 0.2
1343.0 1 11 0.10720699999999998 0.8615370521123555 0.1244369 0.2
1343.5 1 11 0.10693149999999998 0.8602276397649188 0.12430604999999999 0.2
1344.0 1 11 0.10665599999999999 0.8589154678228823 0.12417520000000001 0.2
1344.5 1 11 0.10638049999999999 0.8576005275532499 0.12404435000000003 0.2
1345.0 1 11 0.10610499999999999 0.8562828101861377 0.12391350000000001 0.2
1345.5 1 11 0.10582949999999999 0.8549623069145796 0.12378265000000001 0.2
1346.0 1 11 0.10555399999999998 0.8536390088943305 0.12365179999999999 0.2
1346.5 1 11 0.10527849999999998 0.8523129072436697 0.12352095000000003 0.2
1347.0 1 11 0.10500299999999999 0.8509839930432018 0.12339010000000002 0.2
1347.5 1 11 0.10472749999999999 0.8496522573356562 0.12325925000000001 0.2
1348.0 1 11 0.10445199999999999 0.8483176911256866 0.1231284 0.2
1348.5 1 11 0.10417649999999998 0.8469802853796679 0.12299755000000002 0.2
1349.0 1 11 0.103901 0.8456400310254933 0.12286670000000001 0.2
1349.5 1 11 0.10362549999999998 0.8442969189523678 0.12273585000000001 0.2
1350.0 1 11 0.10334999999999998 0.8429509400106029 0.12260500000000002 0.2
1350.5 1 11 0.10307449999999999 0.8416020850114084 0.12247414999999999 0.2
1351.0 1 11 0.10279899999999999 0.8402503447266828 0.12234330000000002 0.2
1351.5 1 11 0.10252349999999999 0.8388957098888042 0.12221245 0.2
1352.0 1 11 0.10224799999999998 0.8375381711904166 0.12208160000000001 0.2
1352.5 1 11 0.10197249999999998 0.836177719284219 0.12195075 0.2
1353.0 1 11 0.10169699999999998 0.8348143447827487 0.12181990000000001 0.2
1353.5 1 11 0.10142149999999998 0.8334480382581668 0.12168905 0.2
1354.0 1 11 0.10114599999999999 0.8320787902420402 0.12155820000000002 0.2
1354.5 1 11 0.10087049999999999 0.8307065912251232 0.12142735000000003 0.2
1355.0 1 11 0.10059499999999999 0.8293314316571376 0.1212965 0.2
1355.5 1 11 0.10031949999999998 0.8279533019465498 0.12116565000000001 0.2
1356.0 1 11 0.10004399999999998 0.82657219246035 0.12103480000000001 0.2
1356.5 1 11 0.09976849999999998 0.8251880935238259 0.12090395000000001 0.2
1357.0 1 11 0.09949299999999998 0.8238009954203376 0.12077310000000002 0.2
1357.5 1 11 0.09921749999999999 0.82241088839109 0.12064225 0.2
1358.0 1 11 0.09894199999999999 0.821017762634904 0.12051140000000002 0.2
1358.5 1 11 0.09866649999999999 0.8196216083079866 0.12038054999999999 0.2
1359.0 1 11 0.09839099999999998 0.8182224155236975 0.12024970000000001 0.2
1359.5 1 11 0.09811549999999998 0.8168201743523184 0.12011885000000001 0.2
1360.0 1 11 0.09783999999999998 0.8154148748208152 0.11998800000000001 0.2
1360.5 1 11 0.09756449999999998 0.8140065069126037 0.11985715000000001 0.2
1361.0 1 11 0.09728899999999999 0.8125950605673105 0.11972630000000001 0.2
1361.5 1 11 0.09701349999999999 0.8111805256805336 0.11959545000000003 0.2
1362.0 1 11 0.09673799999999999 0.8097628921036021 0.11946460000000002 0.2
1362.5 1 11 0.09646249999999998 0.808342149643332 0.11933375000000003 0.2
1363.0 1 11 0.09618699999999998 0.8069182880617836 0.11920290000000001 0.2
1363.5 1 11 0.09591149999999998 0.8054912970760139 0.11907205000000001 0.2
1364.0 1 11 0.09563599999999998 0.8040611663578304 0.11894120000000001 0.2
1364.5 1 11 0.09536049999999999 0.8026278855335414 0.11881035 0.2
1365.0 1 11 0.09508499999999999 0.8011914441837047 0.11867950000000001 0.2
1365.5 1 11 0.09480949999999999 0.7997518318428762 0.11854865 0.2
1366.0 1 11 0.09453399999999998 0.7983090379993545 0.11841780000000002 0.2
1366.5 1 11 0.09425849999999998 0.7968630520949266 0.11828695 0.2
1367.0 1 11 0.09398299999999998 0.7954138635246083 0.11815610000000001 0.2
1367.5 1 11 0.09370749999999999 0.7939614616363869 0.11802525000000001 0.2
1368.0 1 11 0.09343199999999999 0.792505835730959 0.11789440000000002 0.2
1368.5 1 11 0.09315649999999999 0.7910469750614684 0.11776355000000002 0.2
1369.0 1 11 0.09288099999999999 0.789584868833241 0.11763269999999999 0.2
1369.5 1 11 0.09260549999999998 0.788119506203519 0.11750185000000002 0.2
1370.0 1 11 0.09232999999999998 0.7866508762811937 0.117371 0.2
1370.5 1 11 0.09205449999999998 0.7851789681265332 0.11724015000000003 0.2
1371.0 1 11 0.09177899999999999 0.7837037707509137 0.11710930000000001 0.2
1371.5 1 11 0.09150349999999999 0.7822252731165439 0.11697845000000001 0.2
1372.0 1 11 0.09122799999999999 0.7807434641361909 0.11684760000000001 0.2
1372.5 1 11 0.09095249999999999 0.7792583326729025 0.11671675000000001 0.2
1373.0 1 11 0.09067699999999998 0.7777698675397279 0.11658590000000002 0.2
1373.5 1 11 0.09040149999999998 0.7762780574994385 0.11645504999999999 0.2
1374.0 1 11 0.09012599999999998 0.7747828912642423 0.11632420000000003 0.2
1374.5 1 11 0.08985049999999999 0.773284357495502 0.11619335000000001 0.2
1375.0 1 11 0.08957499999999999 0.7717824448034463 0.11606250000000001 0.2
1375.5 1 11 0.08929949999999999 0.7702771417468826 0.11593165000000001 0.2
1376.0 1 11 0.08902399999999999 0.7687684368329061 0.1158008 0.2
1376.5 1 11 0.08874849999999998 0.7672563185166067 0.11566995000000002 0.2
1377.0 1 11 0.08847299999999998 0.765740775200776 0.11553910000000002 0.2
1377.5 1 11 0.08819749999999998 0.764221795235609 0.11540825000000002 0.2
1378.0 1 11 0.08792199999999999 0.7626993669184071 0.1152774 0.2
1378.5 1 11 0.08764649999999999 0.7611734784932764 0.11514655000000001 0.2
1379.0 1 11 0.08737099999999999 0.7596441181508262 0.11501570000000001 0.2
1379.5 1 11 0.08709549999999999 0.7581112740278634 0.11488485000000002 0.2
1380.0 1 11 0.08681999999999998 0.7565749342070862 0.11475400000000001 0.2
1380.5 1 11 0.0865445 0.7550350867167758 0.11462315 0.2
1381.0 1 11 0.08626899999999998 0.7534917195304834 0.11449230000000003 0.2
1381.5 1 11 0.08599349999999999 0.7519448205667205 0.11436145000000002 0.2
1382.0 1 11 0.08571799999999999 0.7503943776886401 0.11423060000000002 0.2
1382.5 1 11 0.08544249999999999 0.7488403787037218 0.11409975000000001 0.2
1383.0 1 11 0.08516699999999999 0.7472828113634508 0.1139689 0.2
1383.5 1 11 0.08489149999999998 0.7457216633629966 0.11383805000000001 0.2
1384.0 1 11 0.084616 0.7441569223408895 0.11370720000000001 0.2
1384.5 1 11 0.08434049999999998 0.7425885758786928 0.11357635000000002 0.2
1385.0 1 11 0.08406499999999999 0.7410166115006764 0.11344549999999999 0.2
1385.5 1 11 0.08378949999999999 0.7394410166734837 0.11331465000000003 0.2
1386.0 1 11 0.08351399999999999 0.7378617788058007 0.1131838 0.2
1386.5 1 11 0.08323849999999999 0.7362788852480185 0.11305295000000003 0.2
1387.0 1 11 0.08296299999999998 0.7346923232918975 0.1129221 0.2
1387.5 1 11 0.0826875 0.7331020801702259 0.11279125000000001 0.2
1388.0 1 11 0.08241199999999999 0.7315081430564775 0.11266040000000001 0.2
1388.5 1 11 0.08213649999999999 0.7299104990644678 0.11252955 0.2
1389.0 1 11 0.08186099999999999 0.7283091352480053 0.11239870000000002 0.2
1389.5 1 11 0.08158549999999999 0.7267040386005431 0.11226785 0.2
1390.0 1 11 0.08131 0.7250951960548256 0.11213700000000001 0.2
1390.5 1 11 0.08103449999999998 0.7234825944825348 0.11200615000000001 0.2
1391.0 1 11 0.080759 0.7218662206939332 0.1118753 0.2
1391.5 1 11 0.08048349999999999 0.720246061437503 0.11174445 0.2
1392.0 1 11 0.08020799999999999 0.7186221033995855 0.11161360000000002 0.2
1392.5 1 11 0.07993249999999999 0.7169943332040156 0.11148275000000003 0.2
1393.0 1 11 0.07965699999999999 0.7153627374117549 0.1113519 0.2
1393.5 1 11 0.0793815 0.713727302520521 0.11122105000000002 0.2
1394.0 1 11 0.07910599999999998 0.7120880149644161 0.1110902 0.2
1394.5 1 11 0.0788305 0.7104448611135519 0.11095935000000001 0.2
1395.0 1 11 0.07855499999999999 0.7087978272736704 0.11082850000000002 0.2
1395.5 1 11 0.07827949999999999 0.7071468996857655 0.11069765000000002 0.2
1396.0 1 11 0.07800399999999999 0.7054920645256982 0.11056680000000002 0.2
1396.5 1 11 0.07772849999999999 0.703833307903812 0.11043595 0.2
1397.0 1 11 0.077453 0.7021706158645428 0.11030510000000003 0.2
1397.5 1 11 0.0771775 0.7005039743860294 0.11017424999999999 0.2
1398.0 1 11 0.076902 0.6988333693797174 0.11004340000000001 0.2
1398.5 1 11 0.07662649999999999 0.6971587866899638 0.10991255000000001 0.2
1399.0 1 11 0.07635099999999999 0.6954802120936365 0.10978170000000001 0.2
1399.5 1 11 0.07607549999999999 0.6937976312997116 0.10965085000000001 0.2
1400.0 1 11 0.07579999999999999 0.6921110299488676 0.10952 0.2
1400.5 1 11 0.0756945 0.6919694176658825 0.10938994999999999 0.2
1401.0 1 11 0.07558899999999999 0.6918274682660334 0.10925990000000002 0.2
1401.5 1 11 0.0754835 0.6916851805440949 0.10912985 0.2
1402.0 1 11 0.07537799999999999 0.6915425532890884 0.10899980000000001 0.2
1402.5 1 11 0.07527249999999999 0.6913995852842502 0.10886975 0.2
1403.0 1 11 0.075167 0.6912562753069945 0.10873970000000001 0.2
1403.5 1 11 0.07506149999999999 0.6911126221288807 0.10860965 0.2
1404.0 1 11 0.074956 0.6909686245155771 0.1084796 0.2
1404.5 1 11 0.07485049999999999 0.6908242812268255 0.10834954999999999 0.2
1405.0 1 11 0.07474499999999999 0.6906795910164063 0.10821950000000001 0.2
1405.5 1 11 0.0746395 0.6905345526321024 0.10808944999999999 0.2
1406.0 1 11 0.07453399999999999 0.690389164815662 0.10795940000000001 0.2
1406.5 1 11 0.0744285 0.6902434263027645 0.10782934999999999 0.2
1407.0 1 11 0.074323 0.6900973358229812 0.10769930000000001 0.2
1407.5 1 11 0.07421749999999999 0.6899508920997403 0.10756925 0.2
1408.0 1 11 0.074112 0.6898040938502892 0.10743920000000001 0.2
1408.5 1 11 0.07400649999999999 0.6896569397856566 0.10730914999999999 0.2
1409.0 1 11 0.073901 0.6895094286106153 0.1071791 0.2
1409.5 1 11 0.0737955 0.6893615590236438 0.10704905 0.2
1410.0 1 11 0.07368999999999999 0.6892133297168884 0.106919 0.2
1410.5 1 11 0.0735845 0.6890647393761246 0.10678895000000001 0.2
1411.0 1 11 0.07347899999999999 0.6889157866807176 0.1066589 0.2
1411.5 1 11 0.0733735 0.6887664703035843 0.10652885000000002 0.2
1412.0 1 11 0.073268 0.6886167889111531 0.10639880000000002 0.2
1412.5 1 11 0.07316249999999999 0.688466741163324 0.10626875000000002 0.2
1413.0 1 11 0.073057 0.6883163257134296 0.1061387 0.2
1413.5 1 11 0.07295149999999999 0.6881655412081937 0.10600865 0.2
1414.0 1 11 0.072846 0.6880143862876916 0.10587860000000002 0.2
1414.5 1 11 0.0727405 0.6878628595853087 0.10574855000000001 0.2
1415.0 1 11 0.07263499999999999 0.6877109597276991 0.1056185 0.2
1415.5 1 11 0.0725295 0.6875586853347451 0.10548845000000001 0.2
1416.0 1 11 0.072424 0.6874060350195144 0.1053584 0.2
1416.5 1 11 0.0723185 0.6872530073882179 0.10522835000000003 0.2
1417.0 1 11 0.072213 0.687099601040169 0.1050983 0.2
1417.5 1 11 0.07210749999999999 0.6869458145677382 0.10496825 0.2
1418.0 1 11 0.072002 0.6867916465563124 0.1048382 0.2
1418.5 1 11 0.0718965 0.6866370955842501 0.10470815 0.2
1419.0 1 11 0.071791 0.6864821602228381 0.10457810000000001 0.2
1419.5 1 11 0.0716855 0.6863268390362481 0.10444805000000001 0.2
1420.0 1 11 0.07157999999999999 0.686171130581491 0.10431800000000001 0.2
1420.5 1 11 0.0714745 0.686015033408374 0.10418794999999999 0.2
1421.0 1 11 0.071369 0.6858585460594534 0.10405790000000001 0.2
1421.5 1 11 0.0712635 0.6857016670699912 0.10392785 0.2
1422.0 1 11 0.071158 0.6855443949679086 0.10379780000000001 0.2
1422.5 1 11 0.07105249999999999 0.6853867282737398 0.10366775 0.2
1423.0 1 11 0.070947 0.6852286655005857 0.1035377 0.2
1423.5 1 11 0.0708415 0.6850702051540675 0.10340765 0.2
1424.0 1 11 0.070736 0.6849113457322787 0.1032776 0.2
1424.5 1 11 0.0706305 0.6847520857257394 0.10314755000000002 0.2
1425.0 1 11 0.070525 0.6845924236173465 0.10301750000000001 0.2
1425.5 1 11 0.0704195 0.6844323578823267 0.10288745 0.2
1426.0 1 11 0.070314 0.6842718869881877 0.1027574 0.2
1426.5 1 11 0.0702085 0.6841110093946691 0.10262735 0.2
1427.0 1 11 0.070103 0.6839497235536935 0.10249730000000001 0.2
1427.5 1 11 0.0699975 0.6837880279093167 0.10236725 0.2
1428.0 1 11 0.069892 0.6836259208976772 0.10223719999999999 0.2
1428.5 1 11 0.0697865 0.6834634009469464 0.10210715000000002 0.2
1429.0 1 11 0.06968099999999999 0.6833004664772777 0.10197709999999999 0.2
1429.5 1 11 0.0695755 0.683137115900755 0.10184705000000001 0.2
1430.0 1 11 0.06947 0.6829733476213415 0.10171700000000002 0.2
1430.5 1 11 0.0693645 0.6828091600348272 0.10158695000000002 0.2
1431.0 1 11 0.069259 0.6826445515287772 0.1014569 0.2
1431.5 1 11 0.06915349999999999 0.6824795204824781 0.10132685000000002 0.2
1432.0 1 11 0.069048 0.6823140652668859 0.1011968 0.2
1432.5 1 11 0.0689425 0.682148184244571 0.10106675000000001 0.2
1433.0 1 11 0.068837 0.6819818757696655 0.1009367 0.2
1433.5 1 11 0.0687315 0.681815138187808 0.10080665 0.2
1434.0 1 11 0.06862599999999999 0.6816479698360889 0.1006766 0.2
1434.5 1 11 0.0685205 0.6814803690429954 0.10054655000000001 0.2
1435.0 1 11 0.068415 0.6813123341283553 0.10041650000000002 0.2
1435.5 1 11 0.0683095 0.6811438634032813 0.10028645 0.2
1436.0 1 11 0.068204 0.6809749551701139 0.10015640000000002 0.2
1436.5 1 11 0.0680985 0.6808056077223652 0.10002635 0.2
1437.0 1 11 0.067993 0.6806358193446603 0.09989630000000001 0.2
1437.5 1 11 0.0678875 0.6804655883126809 0.09976625 0.2
1438.0 1 11 0.067782 0.6802949128931051 0.09963620000000001 0.2
1438.5 1 11 0.0676765 0.6801237913435502 0.09950614999999999 0.2
1439.0 1 11 0.067571 0.6799522219125121 0.09937610000000001 0.2
1439.5 1 11 0.0674655 0.679780202839307 0.09924605 0.2
1440.0 1 11 0.06736 0.6796077323540094 0.09911600000000002 0.2
1440.5 1 11 0.0672545 0.679434808677393 0.09898594999999999 0.2
1441.0 1 11 0.067149 0.6792614300208687 0.09885590000000001 0.2
1441.5 1 11 0.0670435 0.679087594586423 0.09872585 0.2
1442.0 1 11 0.066938 0.6789133005665555 0.0985958 0.2
1442.5 1 11 0.0668325 0.6787385461442177 0.09846575 0.2
1443.0 1 11 0.06672700000000001 0.6785633294927479 0.0983357 0.2
1443.5 1 11 0.0666215 0.6783876487758087 0.09820565 0.2
1444.0 1 11 0.066516 0.6782115021473232 0.09807559999999999 0.2
1444.5 1 11 0.0664105 0.6780348877514087 0.09794555 0.2
1445.0 1 11 0.066305 0.677857803722314 0.0978155 0.2
1445.5 1 11 0.0661995 0.6776802481843508 0.09768545000000001 0.2
1446.0 1 11 0.066094 0.6775022192518302 0.09755540000000001 0.2
1446.5 1 11 0.0659885 0.677323715028994 0.09742535 0.2
1447.0 1 11 0.065883 0.6771447336099482 0.0972953 0.2
1447.5 1 11 0.0657775 0.6769652730785954 0.09716525000000001 0.2
1448.0 1 11 0.06567200000000001 0.676785331508566 0.0970352 0.2
1448.5 1 11 0.0655665 0.6766049069631489 0.09690515000000002 0.2
1449.0 1 11 0.065461 0.6764239974952235 0.0967751 0.2
1449.5 1 11 0.0653555 0.6762426011471875 0.09664505 0.2
1450.0 1 11 0.06525 0.6760607159508885 0.096515 0.2
1450.5 1 11 0.06514450000000001 0.6758783399275511 0.09638495 0.2
1451.0 1 11 0.065039 0.6756954710877057 0.0962549 0.2
1451.5 1 11 0.0649335 0.6755121074311169 0.09612485000000001 0.2
1452.0 1 11 0.064828 0.6753282469467096 0.09599479999999999 0.2
1452.5 1 11 0.0647225 0.6751438876124958 0.09586474999999998 0.2
1453.0 1 11 0.06461700000000001 0.6749590273955003 0.09573470000000002 0.2
1453.5 1 11 0.0645115 0.6747736642516865 0.09560465 0.2
1454.0 1 11 0.064406 0.6745877961258806 0.0954746 0.2
1454.5 1 11 0.0643005 0.6744014209516956 0.09534455 0.2
1455.0 1 11 0.064195 0.6742145366514554 0.09521450000000001 0.2
1455.5 1 11 0.06408950000000001 0.6740271411361164 0.09508445 0.2
1456.0 1 11 0.063984 0.6738392323051906 0.09495440000000002 0.2
1456.5 1 11 0.0638785 0.6736508080466673 0.09482435 0.2
1457.0 1 11 0.063773 0.6734618662369328 0.09469430000000001 0.2
1457.5 1 11 0.0636675 0.6732724047406922 0.09456425 0.2
1458.0 1 11 0.06356200000000001 0.6730824214108871 0.09443420000000001 0.2
1458.5 1 11 0.0634565 0.6728919140886164 0.09430415000000002 0.2
1459.0 1 11 0.063351 0.6727008806030532 0.09417410000000001 0.2
1459.5 1 11 0.0632455 0.6725093187713629 0.09404405 0.2
1460.0 1 11 0.06314 0.67231722639862 0.093914 0.2
1460.5 1 11 0.06303450000000001 0.672124601277724 0.09378395 0.2
1461.0 1 11 0.062929 0.671931441189315 0.09365390000000001 0.2
1461.5 1 11 0.0628235 0.6717377439016893 0.09352384999999999 0.2
1462.0 1 11 0.062718 0.6715435071707115 0.0933938 0.2
1462.5 1 11 0.0626125 0.6713487287397301 0.09326374999999999 0.2
1463.0 1 11 0.06250700000000001 0.6711534063394884 0.09313369999999999 0.2
1463.5 1 11 0.0624015 0.6709575376880369 0.09300365000000001 0.2
1464.0 1 11 0.062296000000000004 0.6707611204906454 0.0928736 0.2
1464.5 1 11 0.0621905 0.6705641524397115 0.09274355000000001 0.2
1465.0 1 11 0.062085 0.6703666312146718 0.0926135 0.2
1465.5 1 11 0.0619795 0.6701685544819099 0.09248345000000001 0.2
1466.0 1 11 0.061874 0.6699699198946655 0.09235339999999999 0.2
1466.5 1 11 0.061768500000000004 0.6697707250929401 0.09222335000000001 0.2
1467.0 1 11 0.061663 0.6695709677034052 0.09209329999999999 0.2
1467.5 1 11 0.0615575 0.6693706453393068 0.09196325 0.2
1468.0 1 11 0.061452 0.6691697556003711 0.0918332 0.2
1468.5 1 11 0.0613465 0.6689682960727085 0.09170315000000001 0.2
1469.0 1 11 0.061241000000000004 0.6687662643287167 0.09157309999999999 0.2
1469.5 1 11 0.0611355 0.668563657926983 0.09144305 0.2
1470.0 1 11 0.06103 0.6683604744121866 0.091313 0.2
1470.5 1 11 0.0609245 0.6681567113149991 0.09118295 0.2
1471.0 1 11 0.060819 0.6679523661519841 0.09105290000000002 0.2
1471.5 1 11 0.060713500000000004 0.667747436425497 0.09092285 0.2
1472.0 1 11 0.060608 0.6675419196235824 0.0907928 0.2
1472.5 1 11 0.0605025 0.6673358132198726 0.09066275 0.2
1473.0 1 11 0.060397 0.6671291146734826 0.09053270000000001 0.2
1473.5 1 11 0.0602915 0.6669218214289072 0.09040264999999999 0.2
1474.0 1 11 0.060186 0.6667139309159147 0.09027260000000001 0.2
1474.5 1 11 0.0600805 0.6665054405494408 0.09014255 0.2
1475.0 1 11 0.059975 0.6662963477294821 0.09001249999999998 0.2
1475.5 1 11 0.0598695 0.6660866498409868 0.08988245 0.2
1476.0 1 11 0.059764 0.6658763442537469 0.08975240000000001 0.2
1476.5 1 11 0.0596585 0.6656654283222879 0.08962235 0.2
1477.0 1 11 0.059553 0.6654538993857573 0.0894923 0.2
1477.5 1 11 0.0594475 0.665241754767813 0.08936225 0.2
1478.0 1 11 0.059342 0.6650289917765111 0.08923220000000001 0.2
1478.5 1 11 0.0592365 0.6648156077041911 0.08910215000000002 0.2
1479.0 1 11 0.059131 0.6646015998273617 0.0889721 0.2
1479.5 1 11 0.0590255 0.6643869654065839 0.08884205 0.2
1480.0 1 11 0.05892 0.6641717016863559 0.088712 0.2
1480.5 1 11 0.0588145 0.6639558058949933 0.08858194999999999 0.2
1481.0 1 11 0.058709 0.6637392752445114 0.0884519 0.2
1481.5 1 11 0.0586035 0.6635221069305047 0.08832185000000001 0.2
1482.0 1 11 0.058498 0.6633042981320258 0.08819180000000001 0.2
1482.5 1 11 0.0583925 0.6630858460114635 0.08806175000000001 0.2
1483.0 1 11 0.058287 0.6628667477144192 0.0879317 0.2
1483.5 1 11 0.0581815 0.6626470003695829 0.08780165000000001 0.2
1484.0 1 11 0.058076 0.662426601088608 0.0876716 0.2
1484.5 1 11 0.0579705 0.6622055469659837 0.08754154999999998 0.2
1485.0 1 11 0.057865 0.6619838350789083 0.0874115 0.2
1485.5 1 11 0.0577595 0.6617614624871607 0.08728145 0.2
1486.0 1 11 0.057654 0.6615384262329692 0.0871514 0.2
1486.5 1 11 0.0575485 0.6613147233408814 0.08702135 0.2
1487.0 1 11 0.057443 0.6610903508176308 0.08689129999999999 0.2
1487.5 1 11 0.0573375 0.6608653056520047 0.08676125000000001 0.2
1488.0 1 11 0.057232 0.6606395848147087 0.08663119999999999 0.2
1488.5 1 11 0.0571265 0.6604131852582307 0.08650115 0.2
1489.0 1 11 0.057021 0.6601861039167036 0.08637109999999999 0.2
1489.5 1 11 0.0569155 0.6599583377057677 0.08624105 0.2
1490.0 1 11 0.05681 0.6597298835224303 0.086111 0.2
1490.5 1 11 0.0567045 0.6595007382449252 0.08598095 0.2
1491.0 1 11 0.056599 0.6592708987325699 0.08585090000000001 0.2
1491.5 1 11 0.0564935 0.6590403618256235 0.08572085 0.2
1492.0 1 11 0.056388 0.6588091243451399 0.0855908 0.2
1492.5 1 11 0.0562825 0.6585771830928233 0.08546075 0.2
1493.0 1 11 0.056177 0.6583445348508801 0.08533070000000001 0.2
1493.5 1 11 0.056071499999999996 0.6581111763818702 0.08520065 0.2
1494.0 1 11 0.055966 0.6578771044285571 0.0850706 0.2
1494.5 1 11 0.0558605 0.6576423157137551 0.08494055 0.2
1495.0 1 11 0.055755 0.6574068069401783 0.08481050000000001 0.2
1495.5 1 11 0.0556495 0.6571705747902851 0.08468045 0.2
1496.0 1 11 0.055543999999999996 0.6569336159261221 0.08455040000000001 0.2
1496.5 1 11 0.0554385 0.6566959269891679 0.08442035 0.2
1497.0 1 11 0.055333 0.6564575046001735 0.0842903 0.2
1497.5 1 11 0.0552275 0.6562183453590026 0.08416024999999999 0.2
1498.0 1 11 0.055122 0.6559784458444702 0.0840302 0.2
1498.5 1 11 0.055016499999999996 0.6557378026141788 0.08390015 0.2
1499.0 1 11 0.054911 0.6554964122043545 0.0837701 0.2
1499.5 1 11 0.0548055 0.65525427112968 0.08364005000000001 0.2
1500.0 1 11 0.0547 0.6550113758831277 0.08351 0.2
1500.5 1 11 0.0545945 0.6547677229357897 0.08337995 0.2
1501.0 1 11 0.054488999999999996 0.6545233087367072 0.08324989999999999 0.2
1501.5 1 11 0.0543835 0.654278129712698 0.08311985 0.2
1502.0 1 11 0.054278 0.6540321822681824 0.08298979999999999 0.2
1502.5 1 11 0.0541725 0.6537854627850072 0.08285975 0.2
1503.0 1 11 0.054067 0.6535379676222686 0.0827297 0.2
1503.5 1 11 0.053961499999999996 0.653289693116133 0.08259965 0.2
1504.0 1 11 0.053856 0.653040635579656 0.0824696 0.2
1504.5 1 11 0.0537505 0.6527907913026 0.08233955 0.2
1505.0 1 11 0.053645 0.6525401565512501 0.0822095 0.2
1505.5 1 11 0.0535395 0.6522887275682281 0.08207945 0.2
1506.0 1 11 0.053434 0.6520365005723043 0.08194940000000002 0.2
1506.5 1 11 0.0533285 0.6517834717582088 0.08181935 0.2
1507.0 1 11 0.053223 0.651529637296439 0.0816893 0.2
1507.5 1 11 0.0531175 0.6512749933330677 0.08155924999999999 0.2
1508.0 1 11 0.053012 0.6510195359895466 0.08142920000000001 0.2
1508.5 1 11 0.0529065 0.6507632613625112 0.08129915000000001 0.2
1509.0 1 11 0.052801 0.6505061655235799 0.0811691 0.2
1509.5 1 11 0.0526955 0.6502482445191546 0.08103905 0.2
1510.0 1 11 0.05259 0.6499894943702182 0.08090900000000002 0.2
1510.5 1 11 0.052484499999999996 0.6497299110721295 0.08077895 0.2
1511.0 1 11 0.052379 0.649469490594416 0.0806489 0.2
1511.5 1 11 0.0522735 0.6492082288805665 0.08051884999999999 0.2
1512.0 1 11 0.052168 0.6489461218478195 0.08038880000000001 0.2
1512.5 1 11 0.0520625 0.6486831653869515 0.08025875000000002 0.2
1513.0 1 11 0.051957 0.6484193553620613 0.0801287 0.2
1513.5 1 11 0.0518515 0.6481546876103534 0.07999864999999999 0.2
1514.0 1 11 0.051746 0.6478891579419196 0.0798686 0.2
1514.5 1 11 0.0516405 0.6476227621395172 0.07973855 0.2
1515.0 1 11 0.051535 0.6473554959583462 0.07960849999999998 0.2
1515.5 1 11 0.0514295 0.6470873551258234 0.07947845 0.2
1516.0 1 11 0.051324 0.6468183353413554 0.0793484 0.2
1516.5 1 11 0.0512185 0.6465484322761077 0.07921835 0.2
1517.0 1 11 0.051113 0.6462776415727737 0.07908830000000001 0.2
1517.5 1 11 0.0510075 0.6460059588453391 0.07895825000000001 0.2
1518.0 1 11 0.050902 0.6457333796788459 0.0788282 0.2
1518.5 1 11 0.0507965 0.6454598996291527 0.07869814999999998 0.2
1519.0 1 11 0.050691 0.6451855142226934 0.0785681 0.2
1519.5 1 11 0.0505855 0.6449102189562336 0.07843805 0.2
1520.0 1 11 0.05048 0.6446340092966235 0.078308 0.2
1520.5 1 11 0.0503745 0.64435688068055 0.07817795000000001 0.2
1521.0 1 11 0.050269 0.6440788285142842 0.0780479 0.2
1521.5 1 11 0.0501635 0.6437998481734287 0.07791785000000001 0.2
1522.0 1 11 0.050058 0.643519935002661 0.0777878 0.2
1522.5 1 11 0.0499525 0.6432390843154739 0.07765775 0.2
1523.0 1 11 0.049847 0.6429572913939147 0.0775277 0.2
1523.5 1 11 0.0497415 0.6426745514883203 0.07739765000000001 0.2
1524.0 1 11 0.049636 0.6423908598170515 0.07726759999999999 0.2
1524.5 1 11 0.0495305 0.6421062115662216 0.07713755 0.2
1525.0 1 11 0.049425 0.6418206018894262 0.0770075 0.2
1525.5 1 11 0.0493195 0.641534025907467 0.07687745 0.2
1526.0 1 11 0.049214 0.6412464787080736 0.0767474 0.2
1526.5 1 11 0.0491085 0.6409579553456234 0.07661735 0.2
1527.0 1 11 0.049003 0.6406684508408584 0.07648730000000001 0.2
1527.5 1 11 0.0488975 0.6403779601805984 0.07635725000000002 0.2
1528.0 1 11 0.048792 0.640086478317451 0.0762272 0.2
1528.5 1 11 0.0486865 0.6397940001695201 0.07609715 0.2
1529.0 1 11 0.048581 0.6395005206201104 0.07596710000000002 0.2
1529.5 1 11 0.048475500000000005 0.6392060345174292 0.07583705 0.2
1530.0 1 11 0.04837 0.6389105366742839 0.075707 0.2
1530.5 1 11 0.0482645 0.6386140218677785 0.07557695 0.2
1531.0 1 11 0.048159 0.6383164848390059 0.0754469 0.2
1531.5 1 11 0.0480535 0.6380179202927365 0.07531685 0.2
1532.0 1 11 0.047948000000000005 0.6377183228971044 0.07518679999999998 0.2
1532.5 1 11 0.0478425 0.637417687283289 0.07505675 0.2
1533.0 1 11 0.047737 0.6371160080451962 0.0749267 0.2
1533.5 1 11 0.0476315 0.6368132797391328 0.07479664999999999 0.2
1534.0 1 11 0.047526 0.6365094968834794 0.0746666 0.2
1534.5 1 11 0.047420500000000004 0.63620465395836 0.07453655000000001 0.2
1535.0 1 11 0.047315 0.6358987454053073 0.0744065 0.2
1535.5 1 11 0.0472095 0.6355917656269249 0.07427645 0.2
1536.0 1 11 0.047104 0.6352837089865455 0.0741464 0.2
1536.5 1 11 0.0469985 0.6349745698078869 0.07401635000000002 0.2
1537.0 1 11 0.046893000000000004 0.6346643423747028 0.0738863 0.2
1537.5 1 11 0.0467875 0.6343530209304297 0.07375625000000001 0.2
1538.0 1 11 0.046682 0.6340405996778321 0.0736262 0.2
1538.5 1 11 0.0465765 0.633727072778642 0.07349615000000001 0.2
1539.0 1 11 0.046471 0.6334124343531957 0.0733661 0.2
1539.5 1 11 0.046365500000000004 0.6330966784800656 0.07323605 0.2
1540.0 1 11 0.04626 0.6327797991956885 0.073106 0.2
1540.5 1 11 0.0461545 0.6324617904939914 0.07297595000000001 0.2
1541.0 1 11 0.046049 0.6321426463260116 0.07284589999999999 0.2
1541.5 1 11 0.0459435 0.6318223605995117 0.07271585 0.2
1542.0 1 11 0.045838000000000004 0.6315009271785942 0.0725858 0.2
1542.5 1 11 0.0457325 0.6311783398833081 0.07245575 0.2
1543.0 1 11 0.045627 0.6308545924892536 0.07232569999999999 0.2
1543.5 1 11 0.0455215 0.6305296787271809 0.07219565 0.2
1544.0 1 11 0.045416 0.6302035922825869 0.07206560000000001 0.2
1544.5 1 11 0.045310500000000004 0.629876326795305 0.07193555 0.2
1545.0 1 11 0.045205 0.6295478758590917 0.0718055 0.2
1545.5 1 11 0.0450995 0.6292182330212088 0.07167544999999999 0.2
1546.0 1 11 0.044994000000000006 0.6288873917820014 0.07154540000000001 0.2
1546.5 1 11 0.0448885 0.6285553455944695 0.07141535 0.2
1547.0 1 11 0.044783 0.6282220878638374 0.0712853 0.2
1547.5 1 11 0.0446775 0.6278876119471156 0.07115525 0.2
1548.0 1 11 0.044572 0.6275519111526612 0.07102520000000001 0.2
1548.5 1 11 0.044466500000000006 0.6272149787397305 0.07089514999999999 0.2
1549.0 1 11 0.044361000000000005 0.6268768079180275 0.0707651 0.2
1549.5 1 11 0.0442555 0.6265373918472487 0.07063505 0.2
1550.0 1 11 0.04415 0.6261967236366216 0.070505 0.2
1550.5 1 11 0.0440445 0.625854796344438 0.07037494999999999 0.2
1551.0 1 11 0.043939 0.6255116029775827 0.0702449 0.2
1551.5 1 11 0.043833500000000004 0.6251671364910572 0.07011485 0.2
1552.0 1 11 0.043728 0.6248213897874968 0.0699848 0.2
1552.5 1 11 0.0436225 0.6244743557166836 0.06985475 0.2
1553.0 1 11 0.043517 0.6241260270750537 0.0697247 0.2
1553.5 1 11 0.0434115 0.6237763966051987 0.06959465000000001 0.2
1554.0 1 11 0.043306000000000004 0.6234254569953617 0.06946460000000002 0.2
1554.5 1 11 0.0432005 0.6230732008789269 0.06933455000000001 0.2
1555.0 1 11 0.043095 0.6227196208339053 0.0692045 0.2
1555.5 1 11 0.0429895 0.6223647093824126 0.06907445000000002 0.2
1556.0 1 11 0.042884000000000005 0.6220084589901428 0.0689444 0.2
1556.5 1 11 0.042778500000000004 0.6216508620658338 0.06881435 0.2
1557.0 1 11 0.042673 0.621291910960729 0.0686843 0.2
1557.5 1 11 0.0425675 0.6209315979680325 0.06855425000000001 0.2
1558.0 1 11 0.042462 0.6205699153223568 0.06842419999999999 0.2
1558.5 1 11 0.042356500000000005 0.6202068551991643 0.06829415 0.2
1559.0 1 11 0.042251000000000004 0.6198424097142045 0.0681641 0.2
1559.5 1 11 0.0421455 0.6194765709229423 0.06803405 0.2
1560.0 1 11 0.04204 0.6191093308199812 0.06790399999999999 0.2
1560.5 1 11 0.0419345 0.6187406813384788 0.06777395000000001 0.2
1561.0 1 11 0.041829000000000005 0.618370614349557 0.0676439 0.2
1561.5 1 11 0.041723500000000004 0.6179991216617036 0.06751385 0.2
1562.0 1 11 0.041618 0.6176261950201681 0.0673838 0.2
1562.5 1 11 0.0415125 0.617251826106351 0.06725375 0.2
1563.0 1 11 0.041407 0.6168760065371842 0.06712370000000001 0.2
1563.5 1 11 0.041301500000000005 0.6164987278645067 0.06699365 0.2
1564.0 1 11 0.041196 0.6161199815744293 0.0668636 0.2
1564.5 1 11 0.0410905 0.6157397590866963 0.06673355 0.2
1565.0 1 11 0.040985 0.6153580517540369 0.06660350000000001 0.2
1565.5 1 11 0.040879500000000006 0.6149748508615094 0.06647345 0.2
1566.0 1 11 0.040774000000000005 0.6145901476258377 0.0663434 0.2
1566.5 1 11 0.0406685 0.614203933194741 0.06621335 0.2
1567.0 1 11 0.040563 0.6138161986462541 0.06608329999999998 0.2
1567.5 1 11 0.0404575 0.6134269349880409 0.06595324999999998 0.2
1568.0 1 11 0.040352000000000006 0.6130361331566987 0.06582319999999998 0.2
1568.5 1 11 0.040246500000000004 0.6126437840170551 0.06569315 0.2
1569.0 1 11 0.040141 0.6122498783614564 0.0655631 0.2
1569.5 1 11 0.0400355 0.6118544069090468 0.06543304999999999 0.2
1570.0 1 11 0.03993000000000001 0.6114573603050397 0.065303 0.2
1570.5 1 11 0.039824500000000006 0.61105872911998 0.06517295000000001 0.2
1571.0 1 11 0.039719000000000004 0.6106585038489982 0.0650429 0.2
1571.5 1 11 0.0396135 0.610256674911054 0.06491284999999998 0.2
1572.0 1 11 0.039508 0.609853232648172 0.0647828 0.2
1572.5 1 11 0.03940250000000001 0.6094481673246691 0.06465275000000001 0.2
1573.0 1 11 0.039297000000000006 0.6090414691263696 0.0645227 0.2
1573.5 1 11 0.039191500000000004 0.6086331281598134 0.06439265 0.2
1574.0 1 11 0.039086 0.6082231344514539 0.0642626 0.2
1574.5 1 11 0.0389805 0.607811477946846 0.06413255000000001 0.2
1575.0 1 11 0.03887500000000001 0.607398148509824 0.06400249999999999 0.2
1575.5 1 11 0.038769500000000005 0.606983135921669 0.06387245 0.2
1576.0 1 11 0.038664000000000004 0.6065664298802681 0.0637424 0.2
1576.5 1 11 0.0385585 0.6061480199992612 0.06361235000000001 0.2
1577.0 1 11 0.038453 0.6057278958071779 0.06348229999999999 0.2
1577.5 1 11 0.03834750000000001 0.605306046746564 0.06335225 0.2
1578.0 1 11 0.038242000000000005 0.6048824621730975 0.0632222 0.2
1578.5 1 11 0.038136500000000004 0.6044571313546931 0.06309215 0.2
1579.0 1 11 0.038031 0.6040300434705959 0.0629621 0.2
1579.5 1 11 0.0379255 0.6036011876104631 0.06283205 0.2
1580.0 1 11 0.037820000000000006 0.6031705527734362 0.06270200000000001 0.2
1580.5 1 11 0.037714500000000005 0.6027381278671994 0.06257195 0.2
1581.0 1 11 0.037609000000000004 0.6023039017070269 0.0624419 0.2
1581.5 1 11 0.0375035 0.6018678630148199 0.06231185 0.2
1582.0 1 11 0.037398 0.6014300004181288 0.0621818 0.2
1582.5 1 11 0.037292500000000006 0.6009903024491655 0.06205175 0.2
1583.0 1 11 0.037187000000000005 0.6005487575438013 0.0619217 0.2
1583.5 1 11 0.0370815 0.6001053540405541 0.06179165 0.2
1584.0 1 11 0.036976 0.5996600801795607 0.0616616 0.2
1584.5 1 11 0.0368705 0.5992129241015381 0.061531550000000004 0.2
1585.0 1 11 0.036765000000000006 0.5987638738467302 0.061401500000000005 0.2
1585.5 1 11 0.036659500000000005 0.5983129173538411 0.06127145 0.2
1586.0 1 11 0.036554 0.5978600424589559 0.0611414 0.2
1586.5 1 11 0.0364485 0.5974052368944467 0.061011350000000006 0.2
1587.0 1 11 0.03634300000000001 0.5969484882878652 0.0608813 0.2
1587.5 1 11 0.036237500000000006 0.5964897841608199 0.06075125 0.2
1588.0 1 11 0.036132000000000004 0.5960291119278405 0.0606212 0.2
1588.5 1 11 0.0360265 0.5955664588952269 0.06049115000000001 0.2
1589.0 1 11 0.03592100000000001 0.5951018122598828 0.060361099999999994 0.2
1589.5 1 11 0.03581550000000001 0.5946351591081346 0.060231049999999994 0.2
1590.0 1 11 0.035710000000000006 0.5941664864145356 0.060101 0.2
1590.5 1 11 0.035604500000000004 0.5936957810406539 0.05997095 0.2
1591.0 1 11 0.035499 0.5932230297338442 0.05984090000000001 0.2
1591.5 1 11 0.03539350000000001 0.5927482191260048 0.05971085 0.2
1592.0 1 11 0.03528800000000001 0.5922713357323165 0.0595808 0.2
1592.5 1 11 0.035182500000000005 0.5917923659499671 0.05945075 0.2
1593.0 1 11 0.035077000000000004 0.5913112960568572 0.0593207 0.2
1593.5 1 11 0.0349715 0.5908281122102901 0.05919065 0.2
1594.0 1 11 0.03486600000000001 0.5903428004456441 0.0590606 0.2
1594.5 1 11 0.03476050000000001 0.5898553466750269 0.05893055 0.2
1595.0 1 11 0.034655000000000005 0.5893657366859126 0.0588005 0.2
1595.5 1 11 0.034549500000000004 0.5888739561397603 0.058670450000000006 0.2
1596.0 1 11 0.034444 0.5883799905706145 0.0585404 0.2
1596.5 1 11 0.03433850000000001 0.5878838253836864 0.05841035 0.2
1597.0 1 11 0.034233000000000006 0.5873854458539164 0.05828030000000001 0.2
1597.5 1 11 0.034127500000000005 0.586884837124518 0.05815025 0.2
1598.0 1 11 0.034022000000000004 0.5863819842055009 0.0580202 0.2
1598.5 1 11 0.0339165 0.5858768719721749 0.05789015000000001 0.2
1599.0 1 11 0.03381100000000001 0.5853694851636339 0.0577601 0.2
1599.5 1 11 0.033705500000000006 0.5848598083812179 0.05763005 0.2
1600.0 1 11 0.033600000000000005 0.5843478260869566 0.0575 0.2
1600.5 1 11 0.0335555 0.5840935023068347 0.05744885000000001 0.2
1601.0 1 11 0.033511000000000006 0.5838387252450883 0.0573977 0.2
1601.5 1 11 0.0334665 0.5835834936888096 0.05734655 0.2
1602.0 1 11 0.03342200000000001 0.5833278064207599 0.0572954 0.2
1602.5 1 11 0.033377500000000004 0.5830716622193496 0.05724425 0.2
1603.0 1 11 0.033333 0.5828150598586193 0.05719310000000001 0.2
1603.5 1 11 0.033288500000000006 0.5825579981082201 0.057141950000000004 0.2
1604.0 1 11 0.033244 0.5823004757333932 0.057090800000000004 0.2
1604.5 1 11 0.03319950000000001 0.5820424914949514 0.05703965000000001 0.2
1605.0 1 11 0.033155000000000004 0.5817840441492582 0.0569885 0.2
1605.5 1 11 0.03311050000000001 0.5815251324482085 0.056937350000000005 0.2
1606.0 1 11 0.033066000000000005 0.5812657551392078 0.05688620000000001 0.2
1606.5 1 11 0.0330215 0.5810059109651526 0.056835050000000005 0.2
1607.0 1 11 0.032977000000000006 0.5807455986644102 0.056783900000000005 0.2
1607.5 1 11 0.0329325 0.5804848169707973 0.05673275 0.2
1608.0 1 11 0.03288800000000001 0.5802235646135607 0.056681600000000006 0.2
1608.5 1 11 0.032843500000000005 0.5799618403173559 0.05663045 0.2
1609.0 1 11 0.032799 0.5796996428022263 0.0565793 0.2
1609.5 1 11 0.032754500000000006 0.5794369707835831 0.05652815 0.2
1610.0 1 11 0.03271 0.5791738229721834 0.056477 0.2
1610.5 1 11 0.03266550000000001 0.5789101980741098 0.05642584999999999 0.2
1611.0 1 11 0.032621000000000004 0.5786460947907484 0.0563747 0.2
1611.5 1 11 0.0325765 0.5783815118187685 0.05632355000000001 0.2
1612.0 1 11 0.032532000000000005 0.5781164478501006 0.0562724 0.2
1612.5 1 11 0.0324875 0.5778509015719145 0.05622125 0.2
1613.0 1 11 0.03244300000000001 0.5775848716665986 0.0561701 0.2
1613.5 1 11 0.032398500000000004 0.5773183568117366 0.05611895 0.2
1614.0 1 11 0.03235400000000001 0.5770513556800875 0.0560678 0.2
1614.5 1 11 0.032309500000000005 0.5767838669395617 0.05601665 0.2
1615.0 1 11 0.032265 0.5765158892532006 0.0559655 0.2
1615.5 1 11 0.032220500000000006 0.576247421279153 0.05591435 0.2
1616.0 1 11 0.032176 0.5759784616706526 0.05586320000000001 0.2
1616.5 1 11 0.03213150000000001 0.5757090090759971 0.05581205000000001 0.2
1617.0 1 11 0.032087000000000004 0.5754390621385237 0.0557609 0.2
1617.5 1 11 0.0320425 0.5751686194965873 0.055709749999999995 0.2
1618.0 1 11 0.031998000000000006 0.5748976797835376 0.0556586 0.2
1618.5 1 11 0.0319535 0.5746262416276956 0.05560745 0.2
1619.0 1 11 0.03190900000000001 0.5743543036523312 0.0555563 0.2
1619.5 1 11 0.031864500000000004 0.5740818644756388 0.055505149999999996 0.2
1620.0 1 11 0.03182 0.5738089227107152 0.055454 0.2
1620.5 1 11 0.031775500000000005 0.5735354769655352 0.05540285000000001 0.2
1621.0 1 11 0.031731 0.573261525842928 0.05535170000000001 0.2
1621.5 1 11 0.031686500000000006 0.572987067940554 0.055300550000000004 0.2
1622.0 1 11 0.031642 0.5727121018508798 0.055249400000000004 0.2
1622.5 1 11 0.0315975 0.5724366261611554 0.055198250000000004 0.2
1623.0 1 11 0.031553000000000005 0.5721606394533892 0.055147100000000004 0.2
1623.5 1 11 0.0315085 0.5718841403043237 0.05509595 0.2
1624.0 1 11 0.031464000000000006 0.5716071272854112 0.05504480000000001 0.2
1624.5 1 11 0.0314195 0.5713295989627893 0.054993650000000005 0.2
1625.0 1 11 0.031375 0.5710515538972561 0.05494250000000001 0.2
1625.5 1 11 0.031330500000000004 0.5707729906442455 0.05489135 0.2
1626.0 1 11 0.031286 0.570493907753801 0.0548402 0.2
1626.5 1 11 0.031241500000000005 0.5702143037705528 0.05478905 0.2
1627.0 1 11 0.031197000000000003 0.5699341772336901 0.05473789999999999 0.2
1627.5 1 11 0.031152500000000003 0.5696535266769374 0.05468675 0.2
1628.0 1 11 0.031108000000000004 0.569372350628528 0.054635600000000006 0.2
1628.5 1 11 0.031063500000000004 0.5690906476111788 0.05458444999999999 0.2
1629.0 1 11 0.031019000000000005 0.5688084161420638 0.05453329999999999 0.2
1629.5 1 11 0.030974500000000002 0.5685256547327887 0.05448214999999999 0.2
1630.0 1 11 0.030930000000000003 0.5682423618893646 0.05443099999999999 0.2
1630.5 1 11 0.030885500000000003 0.5679585361121813 0.05437985000000001 0.2
1631.0 1 11 0.030841000000000004 0.5676741758959813 0.05432870000000001 0.2
1631.5 1 11 0.030796500000000004 0.5673892797298331 0.05427755 0.2
1632.0 1 11 0.030752 0.567103846097104 0.05422640000000001 0.2
1632.5 1 11 0.030707500000000002 0.5668178734754339 0.05417525000000001 0.2
1633.0 1 11 0.030663000000000003 0.5665313603367077 0.0541241 0.2
1633.5 1 11 0.030618500000000003 0.5662443051470283 0.054072949999999995 0.2
1634.0 1 11 0.030574000000000004 0.565956706366689 0.0540218 0.2
1634.5 1 11 0.030529500000000005 0.5656685624501466 0.053970649999999995 0.2
1635.0 1 11 0.030485 0.5653798718459927 0.053919499999999995 0.2
1635.5 1 11 0.030440500000000002 0.5650906329969267 0.05386835 0.2
1636.0 1 11 0.030396000000000003 0.5648008443397279 0.0538172 0.2
1636.5 1 11 0.030351500000000003 0.5645105043052261 0.05376605 0.2
1637.0 1 11 0.030307000000000004 0.5642196113182749 0.053714899999999996 0.2
1637.5 1 11 0.030262500000000005 0.5639281637977219 0.05366375000000001 0.2
1638.0 1 11 0.030218000000000002 0.5636361601563812 0.053612599999999996 0.2
1638.5 1 11 0.030173500000000002 0.5633435988010034 0.053561450000000004 0.2
1639.0 1 11 0.030129000000000003 0.5630504781322474 0.053510300000000004 0.2
1639.5 1 11 0.030084500000000004 0.5627567965446514 0.05345915000000001 0.2
1640.0 1 11 0.030040000000000004 0.5624625524266028 0.053408000000000004 0.2
1640.5 1 11 0.0299955 0.5621677441603093 0.05335685 0.2
1641.0 1 11 0.029951000000000002 0.5618723701217694 0.0533057 0.2
1641.5 1 11 0.029906500000000003 0.5615764286807419 0.05325455 0.2
1642.0 1 11 0.029862000000000003 0.5612799182007165 0.053203400000000005 0.2
1642.5 1 11 0.029817500000000004 0.5609828370388836 0.053152250000000005 0.2
1643.0 1 11 0.029773 0.5606851835461036 0.05310109999999999 0.2
1643.5 1 11 0.0297285 0.5603869560668766 0.053049950000000005 0.2
1644.0 1 11 0.029684000000000002 0.5600881529393119 0.05299879999999999 0.2
1644.5 1 11 0.029639500000000003 0.5597887724950966 0.052947650000000006 0.2
1645.0 1 11 0.029595000000000003 0.5594888130594653 0.05289649999999999 0.2
1645.5 1 11 0.029550500000000004 0.559188272951168 0.05284534999999999 0.2
1646.0 1 11 0.029506000000000004 0.5588871504824394 0.0527942 0.2
1646.5 1 11 0.0294615 0.5585854439589671 0.05274304999999999 0.2
1647.0 1 11 0.029417000000000002 0.5582831516798598 0.0526919 0.2
1647.5 1 11 0.029372500000000003 0.5579802719376149 0.05264075 0.2
1648.0 1 11 0.029328000000000003 0.5576768030180873 0.0525896 0.2
1648.5 1 11 0.029283500000000004 0.5573727432004562 0.05253845 0.2
1649.0 1 11 0.029239 0.5570680907571927 0.05248730000000001 0.2
1649.5 1 11 0.0291945 0.556762843954028 0.052436149999999994 0.2
1650.0 1 11 0.029150000000000002 0.5564570010499189 0.052385 0.2
1650.5 1 11 0.029105500000000003 0.5561505602970163 0.05233385 0.2
1651.0 1 11 0.029061000000000003 0.5558435199406305 0.0522827 0.2
1651.5 1 11 0.0290165 0.5555358782191989 0.05223155000000001 0.2
1652.0 1 11 0.028972 0.5552276333642517 0.052180399999999995 0.2
1652.5 1 11 0.028927500000000002 0.5549187836003779 0.05212925 0.2
1653.0 1 11 0.028883000000000002 0.5546093271451916 0.052078099999999995 0.2
1653.5 1 11 0.028838500000000003 0.5542992622092974 0.052026949999999995 0.2
1654.0 1 11 0.028794000000000004 0.553988586996256 0.0519758 0.2
1654.5 1 11 0.0287495 0.5536772997025498 0.05192465 0.2
1655.0 1 11 0.028705 0.5533653985175475 0.0518735 0.2
1655.5 1 11 0.028660500000000002 0.5530528816234694 0.051822349999999996 0.2
1656.0 1 11 0.028616000000000003 0.5527397471953519 0.051771199999999996 0.2
1656.5 1 11 0.028571500000000003 0.5524259934010118 0.051720050000000004 0.2
1657.0 1 11 0.028527000000000004 0.5521116184010111 0.051668900000000004 0.2
1657.5 1 11 0.0284825 0.5517966203486203 0.05161775000000001 0.2
1658.0 1 11 0.028438 0.5514809973897833 0.051566600000000004 0.2
1658.5 1 11 0.028393500000000002 0.5511647476630797 0.05151545000000001 0.2
1659.0 1 11 0.028349000000000003 0.5508478692996894 0.0514643 0.2
1659.5 1 11 0.028304500000000003 0.5505303604233548 0.05141315 0.2
1660.0 1 11 0.028260000000000004 0.5502122191503447 0.051362 0.2
1660.5 1 11 0.0282155 0.5498934435894163 0.051310850000000005 0.2
1661.0 1 11 0.028171 0.5495740318417783 0.0512597 0.2
1661.5 1 11 0.028126500000000002 0.5492539820010526 0.05120855 0.2
1662.0 1 11 0.028082000000000003 0.5489332921532369 0.0511574 0.2
1662.5 1 11 0.028037500000000003 0.5486119603766664 0.05110625 0.2
1663.0 1 11 0.027993000000000004 0.548289984741975 0.05105509999999999 0.2
1663.5 1 11 0.0279485 0.5479673633120572 0.05100395 0.2
1664.0 1 11 0.027904 0.5476440941420295 0.0509528 0.2
1664.5 1 11 0.027859500000000002 0.5473201752791904 0.05090165 0.2
1665.0 1 11 0.027815000000000003 0.5469956047629817 0.0508505 0.2
1665.5 1 11 0.027770500000000004 0.546670380624949 0.05079935000000001 0.2
1666.0 1 11 0.027726000000000004 0.5463445008887016 0.05074819999999999 0.2
1666.5 1 11 0.0276815 0.5460179635698724 0.05069705 0.2
1667.0 1 11 0.027637000000000002 0.5456907666760784 0.05064590000000001 0.2
1667.5 1 11 0.027592500000000002 0.5453629082068792 0.05059475000000001 0.2
1668.0 1 11 0.027548000000000003 0.5450343861537367 0.050543599999999994 0.2
1668.5 1 11 0.027503500000000004 0.5447051984999738 0.05049245 0.2
1669.0 1 11 0.027459000000000004 0.5443753432207339 0.050441299999999994 0.2
1669.5 1 11 0.0274145 0.5440448182829383 0.05039015 0.2
1670.0 1 11 0.027370000000000002 0.5437136216452453 0.050339 0.2
1670.5 1 11 0.027325500000000003 0.5433817512580077 0.050287849999999995 0.2
1671.0 1 11 0.027281000000000003 0.5430492050632307 0.050236699999999995 0.2
1671.5 1 11 0.027236500000000004 0.5427159809945293 0.05018555 0.2
1672.0 1 11 0.027192 0.5423820769770856 0.050134399999999996 0.2
1672.5 1 11 0.0271475 0.5420474909276055 0.05008325000000001 0.2
1673.0 1 11 0.027103000000000002 0.5417122207542757 0.05003210000000001 0.2
1673.5 1 11 0.027058500000000003 0.54137626435672 0.049980949999999996 0.2
1674.0 1 11 0.027014000000000003 0.5410396196259549 0.049929799999999996 0.2
1674.5 1 11 0.026969500000000004 0.5407022844443465 0.04987865 0.2
1675.0 1 11 0.026925000000000004 0.5403642566855653 0.0498275 0.2
1675.5 1 11 0.0268805 0.5400255342145417 0.04977635 0.2
1676.0 1 11 0.026836000000000002 0.5396861148874214 0.0497252 0.2
1676.5 1 11 0.026791500000000003 0.5393459965515195 0.04967405 0.2
1677.0 1 11 0.026747000000000003 0.5390051770452755 0.049622900000000005 0.2
1677.5 1 11 0.026702500000000004 0.5386636541982077 0.04957175 0.2
1678.0 1 11 0.026658 0.5383214258308664 0.0495206 0.2
1678.5 1 11 0.026613500000000002 0.5379784897547881 0.04946945 0.2
1679.0 1 11 0.026569000000000002 0.5376348437724487 0.04941829999999999 0.2
1679.5 1 11 0.026524500000000003 0.5372904856772166 0.04936715 0.2
1680.0 1 11 0.026480000000000004 0.5369454132533052 0.049316000000000006 0.2
1680.5 1 11 0.026435500000000004 0.536599624275726 0.04926485 0.2
1681.0 1 11 0.026391000000000005 0.5362531165102401 0.0492137 0.2
1681.5 1 11 0.026346500000000002 0.5359058877133103 0.04916255 0.2
1682.0 1 11 0.026302000000000002 0.5355579356320529 0.0491114 0.2
1682.5 1 11 0.026257500000000003 0.5352092580041888 0.04906024999999999 0.2
1683.0 1 11 0.026213000000000004 0.5348598525579944 0.04900910000000001 0.2
1683.5 1 11 0.026168500000000004 0.5345097170122525 0.04895794999999999 0.2
1684.0 1 11 0.026124 0.5341588490762021 0.0489068 0.2
1684.5 1 11 0.026079500000000002 0.5338072464494895 0.04885565 0.2
1685.0 1 11 0.026035000000000003 0.5334549068221168 0.04880450000000001 0.2
1685.5 1 11 0.025990500000000003 0.5331018278743923 0.048753349999999994 0.2
1686.0 1 11 0.025946000000000004 0.5327480072768788 0.048702199999999994 0.2
1686.5 1 11 0.025901500000000004 0.5323934426903428 0.04865105 0.2
1687.0 1 11 0.025857 0.5320381317657032 0.0485999 0.2
1687.5 1 11 0.025812500000000002 0.531682072143979 0.04854875 0.2
1688.0 1 11 0.025768000000000003 0.531325261456237 0.0484976 0.2
1688.5 1 11 0.025723500000000003 0.5309676973235398 0.04844645 0.2
1689.0 1 11 0.025679000000000004 0.5306093773568922 0.0483953 0.2
1689.5 1 11 0.025634500000000005 0.5302502991571887 0.04834415 0.2
1690.0 1 11 0.02559 0.5298904603151595 0.048293 0.2
1690.5 1 11 0.025545500000000002 0.5295298584113172 0.04824185 0.2
1691.0 1 11 0.025501000000000003 0.5291684910159015 0.0481907 0.2
1691.5 1 11 0.025456500000000003 0.5288063556888255 0.04813955 0.2
1692.0 1 11 0.025412000000000004 0.5284434499796209 0.04808840000000001 0.2
1692.5 1 11 0.0253675 0.5280797714273818 0.048037250000000004 0.2
1693.0 1 11 0.025323000000000002 0.5277153175607103 0.0479861 0.2
1693.5 1 11 0.025278500000000002 0.5273500858976593 0.04793495 0.2
1694.0 1 11 0.025234000000000003 0.5269840739456769 0.0478838 0.2
1694.5 1 11 0.025189500000000004 0.5266172792015497 0.04783265 0.2
1695.0 1 11 0.025145000000000004 0.5262496991513453 0.04778149999999999 0.2
1695.5 1 11 0.025100500000000005 0.5258813312703554 0.04773034999999999 0.2
1696.0 1 11 0.025056000000000002 0.5255121730230373 0.0476792 0.2
1696.5 1 11 0.025011500000000002 0.5251422218629569 0.04762805 0.2
1697.0 1 11 0.024967000000000003 0.5247714752327286 0.0475769 0.2
1697.5 1 11 0.024922500000000004 0.5243999305639575 0.04752575 0.2
1698.0 1 11 0.024878000000000004 0.5240275852771799 0.0474746 0.2
1698.5 1 11 0.0248335 0.5236544367818031 0.04742345 0.2
1699.0 1 11 0.024789000000000002 0.5232804824760462 0.0473723 0.2
1699.5 1 11 0.024744500000000003 0.5229057197468786 0.04732114999999999 0.2
1700.0 1 11 0.024700000000000003 0.5225301459699598 0.047270000000000006 0.2
1700.5 1 11 0.024655500000000004 0.5221537585095783 0.04721885 0.2
1701.0 1 11 0.024611000000000004 0.5217765547185893 0.0471677 0.2
1701.5 1 11 0.0245665 0.521398531938353 0.04711655 0.2
1702.0 1 11 0.024522000000000002 0.5210196874986721 0.0470654 0.2
1702.5 1 11 0.024477500000000003 0.5206400187177292 0.04701425 0.2
1703.0 1 11 0.024433000000000003 0.5202595229020232 0.0469631 0.2
1703.5 1 11 0.024388500000000004 0.5198781973463052 0.046911949999999994 0.2
1704.0 1 11 0.024344000000000005 0.5194960393335155 0.0468608 0.2
1704.5 1 11 0.0242995 0.519113046134718 0.04680965 0.2
1705.0 1 11 0.024255000000000002 0.5187292150090358 0.04675850000000001 0.2
1705.5 1 11 0.024210500000000003 0.5183445432035858 0.046707349999999995 0.2
1706.0 1 11 0.024166000000000003 0.5179590279534125 0.046656199999999995 0.2
1706.5 1 11 0.024121500000000004 0.5175726664814222 0.046605049999999995 0.2
1707.0 1 11 0.024077000000000005 0.5171854559983161 0.04655389999999999 0.2
1707.5 1 11 0.024032500000000002 0.5167973937025231 0.046502749999999995 0.2
1708.0 1 11 0.023988000000000002 0.5164084767801326 0.04645159999999999 0.2
1708.5 1 11 0.023943500000000003 0.516018702404826 0.04640044999999999 0.2
1709.0 1 11 0.023899000000000004 0.5156280677378084 0.046349299999999996 0.2
1709.5 1 11 0.023854500000000004 0.5152365699277403 0.046298149999999996 0.2
1710.0 1 11 0.023810000000000005 0.5148442061106668 0.04624699999999999 0.2
1710.5 1 11 0.023765500000000002 0.5144509734099493 0.04619584999999999 0.2
1711.0 1 11 0.023721000000000003 0.5140568689361943 0.0461447 0.2
1711.5 1 11 0.023676500000000003 0.5136618897871829 0.04609355 0.2
1712.0 1 11 0.023632000000000004 0.5132660330477995 0.0460424 0.2
1712.5 1 11 0.023587500000000004 0.5128692957899602 0.04599124999999999 0.2
1713.0 1 11 0.023543000000000005 0.5124716750725402 0.0459401 0.2
1713.5 1 11 0.023498500000000002 0.5120731679413019 0.04588895 0.2
1714.0 1 11 0.023454000000000003 0.5116737714288209 0.04583779999999999 0.2
1714.5 1 11 0.023409500000000003 0.5112734825544127 0.045786650000000005 0.2
1715.0 1 11 0.023365000000000004 0.5108722983240591 0.0457355 0.2
1715.5 1 11 0.023320500000000004 0.5104702157303322 0.045684350000000006 0.2
1716.0 1 11 0.023276000000000005 0.5100672317523208 0.0456332 0.2
1716.5 1 11 0.023231500000000002 0.5096633433555534 0.04558205 0.2
1717.0 1 11 0.023187000000000003 0.5092585474919231 0.0455309 0.2
1717.5 1 11 0.023142500000000003 0.5088528410996104 0.04547974999999999 0.2
1718.0 1 11 0.023098000000000004 0.5084462211030056 0.045428600000000006 0.2
1718.5 1 11 0.023053500000000005 0.5080386844126323 0.04537745000000001 0.2
1719.0 1 11 0.023009000000000005 0.5076302279250678 0.04532630000000001 0.2
1719.5 1 11 0.022964500000000002 0.5072208485228652 0.04527515000000001 0.2
1720.0 1 11 0.022920000000000003 0.5068105430744738 0.045224 0.2
1720.5 1 11 0.022875500000000003 0.506399308434159 0.04517285 0.2
1721.0 1 11 0.022831000000000004 0.5059871414419227 0.0451217 0.2
1721.5 1 11 0.022786500000000005 0.5055740389234212 0.04507055 0.2
1722.0 1 11 0.022742000000000005 0.505159997689885 0.045019399999999994 0.2
1722.5 1 11 0.022697500000000002 0.5047450145380352 0.04496825 0.2
1723.0 1 11 0.022653000000000003 0.5043290862500028 0.0449171 0.2
1723.5 1 11 0.022608500000000004 0.5039122095932439 0.04486595000000001 0.2
1724.0 1 11 0.022564000000000004 0.5034943813204567 0.04481480000000001 0.2
1724.5 1 11 0.022519500000000005 0.503075598169497 0.04476365 0.2
1725.0 1 11 0.022475000000000002 0.5026558568632933 0.0447125 0.2
1725.5 1 11 0.022430500000000003 0.5022351541097616 0.04466135 0.2
1726.0 1 11 0.022386000000000003 0.501813486601719 0.044610199999999996 0.2
1726.5 1 11 0.022341500000000004 0.5013908510167969 0.044559049999999996 0.2
1727.0 1 11 0.022297000000000004 0.5009672440173544 0.044507899999999996 0.2
1727.5 1 11 0.022252500000000005 0.5005426622503896 0.044456749999999996 0.2
1728.0 1 11 0.022208000000000006 0.5001171023474519 0.04440559999999999 0.2
1728.5 1 11 0.022163500000000003 0.4996905609245522 0.04435444999999999 0.2
1729.0 1 11 0.022119000000000003 0.4992630345820741 0.0443033 0.2
1729.5 1 11 0.022074500000000004 0.4988345199046827 0.04425215 0.2
1730.0 1 11 0.022030000000000004 0.49840501346123406 0.044201 0.2
1730.5 1 11 0.021985500000000005 0.4979745118046835 0.044149850000000004 0.2
1731.0 1 11 0.021941000000000002 0.4975430114719936 0.0440987 0.2
1731.5 1 11 0.021896500000000003 0.4971105089840412 0.04404755 0.2
1732.0 1 11 0.021852000000000003 0.4966770008455238 0.043996400000000005 0.2
1732.5 1 11 0.021807500000000004 0.4962424835448656 0.043945250000000005 0.2
1733.0 1 11 0.021763000000000005 0.4958069535541224 0.0438941 0.2
1733.5 1 11 0.021718500000000005 0.49537040732888654 0.043842950000000006 0.2
1734.0 1 11 0.021674000000000006 0.49493284130819026 0.0437918 0.2
1734.5 1 11 0.021629500000000003 0.4944942519144092 0.04374065 0.2
1735.0 1 11 0.021585000000000003 0.49405463555316503 0.0436895 0.2
1735.5 1 11 0.021540500000000004 0.49361398861322675 0.043638350000000006 0.2
1736.0 1 11 0.021496000000000005 0.4931723074664123 0.0435872 0.2
1736.5 1 11 0.021451500000000005 0.49272958846748854 0.04353605 0.2
1737.0 1 11 0.021407000000000002 0.49228582795407144 0.0434849 0.2
1737.5 1 11 0.021362500000000003 0.49184102224652493 0.04343375000000001 0.2
1738.0 1 11 0.021318000000000004 0.4913951676478589 0.0433826 0.2
1738.5 1 11 0.021273500000000004 0.49094826044362716 0.043331449999999994 0.2
1739.0 1 11 0.021229000000000005 0.4905002969018239 0.043280299999999994 0.2
1739.5 1 11 0.021184500000000005 0.49005127327278025 0.043229149999999994 0.2
1740.0 1 11 0.021140000000000003 0.48960118578905937 0.043177999999999994 0.2
1740.5 1 11 0.021095500000000003 0.4891500306653513 0.043126849999999994 0.2
1741.0 1 11 0.021051000000000004 0.4886978040983665 0.0430757 0.2
1741.5 1 11 0.021006500000000004 0.4882445022667293 0.043024549999999995 0.2
1742.0 1 11 0.020962000000000005 0.48779012133086996 0.042973399999999995 0.2
1742.5 1 11 0.020917500000000006 0.48733465743291665 0.042922249999999995 0.2
1743.0 1 11 0.020873000000000003 0.48687810669658593 0.042871099999999995 0.2
1743.5 1 11 0.020828500000000003 0.486420465227073 0.042819949999999996 0.2
1744.0 1 11 0.020784000000000004 0.4859617291109408 0.042768799999999996 0.2
1744.5 1 11 0.020739500000000004 0.4855018944160085 0.04271765 0.2
1745.0 1 11 0.020695000000000005 0.4850409571912392 0.04266649999999999 0.2
1745.5 1 11 0.020650500000000002 0.48457891346662657 0.042615349999999996 0.2
1746.0 1 11 0.020606000000000003 0.4841157592530813 0.042564199999999996 0.2
1746.5 1 11 0.020561500000000003 0.48365149054231593 0.042513050000000004 0.2
1747.0 1 11 0.020517000000000004 0.48318610330672923 0.04246189999999999 0.2
1747.5 1 11 0.020472500000000005 0.48271959349928983 0.04241075 0.2
1748.0 1 11 0.020428000000000005 0.482251957053419 0.0423596 0.2
1748.5 1 11 0.020383500000000006 0.4817831898828723 0.04230845 0.2
1749.0 1 11 0.020339000000000003 0.48131328788162053 0.0422573 0.2
1749.5 1 11 0.020294500000000004 0.4808422469237304 0.04220615 0.2
1750.0 1 11 0.020250000000000004 0.4803700628632429 0.042155 0.2
1750.5 1 11 0.020205500000000005 0.47989673153405227 0.04210384999999999 0.2
1751.0 1 11 0.020161000000000005 0.4794222487497832 0.0420527 0.2
1751.5 1 11 0.020116500000000002 0.4789466103036674 0.042001550000000006 0.2
1752.0 1 11 0.020072000000000003 0.4784698119684199 0.041950400000000006 0.2
1752.5 1 11 0.020027500000000004 0.4779918494961128 0.04189925 0.2
1753.0 1 11 0.019983000000000004 0.47751271861804967 0.0418481 0.2
1753.5 1 11 0.019938500000000005 0.47703241504463856 0.04179695 0.2
1754.0 1 11 0.019894000000000005 0.4765509344652637 0.0417458 0.2
1754.5 1 11 0.019849500000000003 0.4760682725481567 0.04169465000000001 0.2
1755.0 1 11 0.019805000000000003 0.47558442494026687 0.0416435 0.2
1755.5 1 11 0.019760500000000004 0.47509938726712975 0.04159235 0.2
1756.0 1 11 0.019716000000000004 0.4746131551327358 0.04154120000000001 0.2
1756.5 1 11 0.019671500000000005 0.4741257241193974 0.04149005 0.2
1757.0 1 11 0.019627000000000006 0.47363708978761515 0.0414389 0.2
1757.5 1 11 0.019582500000000003 0.4731472476759428 0.04138775 0.2
1758.0 1 11 0.019538000000000003 0.4726561933008521 0.0413366 0.2
1758.5 1 11 0.019493500000000004 0.4721639221565952 0.04128545 0.2
1759.0 1 11 0.019449000000000004 0.4716704297150674 0.0412343 0.2
1759.5 1 11 0.019404500000000005 0.4711757114256681 0.04118315 0.2
1760.0 1 11 0.019360000000000002 0.470679762715161 0.041132 0.2
1760.5 1 11 0.019315500000000003 0.4701825789875332 0.04108085 0.2
1761.0 1 11 0.019271000000000003 0.469684155623853 0.0410297 0.2
1761.5 1 11 0.019226500000000004 0.46918448798212736 0.040978549999999996 0.2
1762.0 1 11 0.019182000000000005 0.46868357139715705 0.0409274 0.2
1762.5 1 11 0.0191375 0.46818140118039214 0.04087624999999999 0.2
1763.0 1 11 0.019093000000000002 0.4676779726197855 0.040825099999999996 0.2
1763.5 1 11 0.019048500000000003 0.4671732809796452 0.040773949999999996 0.2
1764.0 1 11 0.019004000000000004 0.46666732150048634 0.040722799999999997 0.2
1764.5 1 11 0.018959500000000004 0.4661600893988812 0.04067165 0.2
1765.0 1 11 0.018915000000000005 0.46565157986730854 0.0406205 0.2
1765.5 1 11 0.018870500000000002 0.46514178807400175 0.04056935 0.2
1766.0 1 11 0.018826000000000002 0.4646307091627961 0.0405182 0.2
1766.5 1 11 0.018781500000000003 0.4641183382529738 0.04046705 0.2
1767.0 1 11 0.018737000000000004 0.46360467043910947 0.0404159 0.2
1767.5 1 11 0.018692500000000004 0.463089700790913 0.04036474999999999 0.2
1768.0 1 11 0.018648000000000005 0.4625734243530721 0.0403136 0.2
1768.5 1 11 0.018603500000000002 0.4620558361450931 0.04026245 0.2
1769.0 1 11 0.018559000000000003 0.46153693116114136 0.04021129999999999 0.2
1769.5 1 11 0.018514500000000003 0.4610167043698793 0.04016014999999999 0.2
1770.0 1 11 0.018470000000000004 0.4604951507143037 0.04010899999999999 0.2
1770.5 1 11 0.018425500000000004 0.45997226511158257 0.04005784999999999 0.2
1771.0 1 11 0.018381 0.4594480424528893 0.040006699999999985 0.2
1771.5 1 11 0.018336500000000002 0.45892247760323673 0.03995554999999999 0.2
1772.0 1 11 0.018292000000000003 0.45839556540130927 0.03990439999999999 0.2
1772.5 1 11 0.018247500000000003 0.45786730065929393 0.03985324999999999 0.2
1773.0 1 11 0.018203000000000004 0.4573376781627102 0.039802099999999986 0.2
1773.5 1 11 0.0181585 0.45680669267023816 0.03975094999999999 0.2
1774.0 1 11 0.018114 0.4562743389135463 0.039699799999999986 0.2
1774.5 1 11 0.018069500000000002 0.4557406115971163 0.03964864999999999 0.2
1775.0 1 11 0.018025000000000003 0.4552055053980682 0.039597499999999994 0.2
1775.5 1 11 0.017980500000000003 0.4546690149659831 0.039546349999999994 0.2
1776.0 1 11 0.017936000000000004 0.45413113492272494 0.0394952 0.2
1776.5 1 11 0.017891500000000005 0.45359185986226075 0.03944405 0.2
1777.0 1 11 0.017847000000000002 0.45305118435047953 0.039392899999999995 0.2
1777.5 1 11 0.017802500000000002 0.4525091029250098 0.039341749999999995 0.2
1778.0 1 11 0.017758000000000003 0.4519656100950356 0.039290599999999995 0.2
1778.5 1 11 0.017713500000000004 0.4514207003411109 0.039239449999999995 0.2
1779.0 1 11 0.017669000000000004 0.4508743681149732 0.039188299999999995 0.2
1779.5 1 11 0.0176245 0.45032660783935474 0.039137149999999996 0.2
1780.0 1 11 0.017580000000000002 0.4497774139077932 0.03908599999999999 0.2
1780.5 1 11 0.017535500000000002 0.4492267806844398 0.039034849999999996 0.2
1781.0 1 11 0.017491000000000003 0.44867470250386715 0.03898369999999999 0.2
1781.5 1 11 0.017446500000000004 0.4481211736708745 0.038932549999999996 0.2
1782.0 1 11 0.017402 0.4475661884602921 0.038881399999999997 0.2
1782.5 1 11 0.0173575 0.44700974111678404 0.03883025 0.2
1783.0 1 11 0.017313000000000002 0.4464518258546486 0.0387791 0.2
1783.5 1 11 0.017268500000000003 0.4458924368576184 0.03872795 0.2
1784.0 1 11 0.017224000000000003 0.4453315682786581 0.038676800000000004 0.2
1784.5 1 11 0.017179500000000004 0.4447692142397605 0.03862565 0.2
1785.0 1 11 0.017135 0.4442053688317412 0.0385745 0.2
1785.5 1 11 0.0170905 0.4436400261140322 0.03852335 0.2
1786.0 1 11 0.017046000000000002 0.44307318011447233 0.0384722 0.2
1786.5 1 11 0.017001500000000003 0.4425048248290977 0.03842105 0.2
1787.0 1 11 0.016957000000000003 0.4419349542219293 0.0383699 0.2
1787.5 1 11 0.016912500000000004 0.44136356222475953 0.03831875 0.2
1788.0 1 11 0.016868 0.44079064273693674 0.038267600000000006 0.2
1788.5 1 11 0.0168235 0.4402161896251484 0.03821644999999999 0.2
1789.0 1 11 0.016779000000000002 0.43964019672320154 0.0381653 0.2
1789.5 1 11 0.016734500000000003 0.4390626578318027 0.03811415 0.2
1790.0 1 11 0.016690000000000003 0.4384835667183355 0.038063 0.2
1790.5 1 11 0.0166455 0.43790291711663604 0.03801184999999999 0.2
1791.0 1 11 0.016601 0.43732070272676743 0.0379607 0.2
1791.5 1 11 0.016556500000000002 0.4367369172147916 0.03790955 0.2
1792.0 1 11 0.016512000000000002 0.4361515542125394 0.0378584 0.2
1792.5 1 11 0.016467500000000003 0.43556460731737967 0.03780725 0.2
1793.0 1 11 0.016423 0.43497607009198513 0.0377561 0.2
1793.5 1 11 0.0163785 0.4343859360640977 0.03770495 0.2
1794.0 1 11 0.016334 0.4337941987262906 0.0376538 0.2
1794.5 1 11 0.016289500000000002 0.4332008515357296 0.037602649999999994 0.2
1795.0 1 11 0.016245000000000002 0.4326058879139317 0.037551499999999995 0.2
1795.5 1 11 0.016200500000000003 0.4320093012465218 0.037500349999999995 0.2
1796.0 1 11 0.016156000000000004 0.4314110848829883 0.037449199999999995 0.2
1796.5 1 11 0.0161115 0.430811232136435 0.037398049999999995 0.2
1797.0 1 11 0.016067 0.43020973628333287 0.037346899999999995 0.2
1797.5 1 11 0.016022500000000002 0.42960659056326805 0.037295749999999996 0.2
1798.0 1 11 0.015978000000000003 0.4290017881786891 0.037244599999999996 0.2
1798.5 1 11 0.015933500000000003 0.4283953222946515 0.03719344999999999 0.2
1799.0 1 11 0.015889 0.42778718603855986 0.037142299999999996 0.2
1799.5 1 11 0.0158445 0.42717737249990906 0.037091149999999996 0.2
1800.0 1 11 0.0158 0.42656587473002167 0.03704 0.2
