mass result channel_or_id theo_cross_section ratio observed_limit width_to_mass_ratio
600.0 0 9 1.749 1.45355118594485 1.20326 0.05
600.5 0 9 1.7456500000000001 1.4554799803028908 1.1993637999999998 0.05
601.0 0 9 1.7423000000000002 1.4574213470946433 1.1954676 0.05
601.5 0 9 1.7389500000000002 1.4593754096481337 1.1915714 0.05
602.0 0 9 1.7356 1.4613422929097115 1.1876752 0.05
602.5 0 9 1.73225 1.4633221234706817 1.183779 0.05
603.0 0 9 1.7289 1.465315029594465 1.1798828 0.05
603.5 0 9 1.7255500000000001 1.4673211412442966 1.1759866 0.05
604.0 0 9 1.7222000000000002 1.4693405901114795 1.1720904 0.05
604.5 0 9 1.7188500000000002 1.4713735096442013 1.1681942 0.05
605.0 0 9 1.7155 1.4734200350769304 1.164298 0.05
605.5 0 9 1.71215 1.475480303460405 1.1604018 0.05
606.0 0 9 1.7088 1.477554453692226 1.1565056 0.05
606.5 0 9 1.7054500000000001 1.4796426265480744 1.1526094 0.05
607.0 0 9 1.7021000000000002 1.4817449647135597 1.1487132 0.05
607.5 0 9 1.6987500000000002 1.4838616128167212 1.1448169999999998 0.05
608.0 0 9 1.6954 1.4859927174611947 1.1409207999999997 0.05
608.5 0 9 1.69205 1.488138427260061 1.1370246 0.05
609.0 0 9 1.6887 1.4902988928703933 1.1331284 0.05
609.5 0 9 1.6853500000000001 1.4924742670285174 1.1292322 0.05
610.0 0 9 1.6820000000000002 1.4946647045860084 1.125336 0.05
610.5 0 9 1.6786500000000002 1.4968703625464337 1.1214398 0.05
611.0 0 9 1.6753 1.4990914001028683 1.1175436 0.05
611.5 0 9 1.67195 1.501327978676195 1.1136473999999998 0.05
612.0 0 9 1.6686 1.503580261954211 1.1097512 0.05
612.5 0 9 1.6652500000000001 1.5058484159315644 1.105855 0.05
613.0 0 9 1.6619000000000002 1.5081326089505345 1.1019587999999998 0.05
613.5 0 9 1.6585500000000002 1.5104330117426823 1.0980626 0.05
614.0 0 9 1.6552000000000002 1.5127497974713904 1.0941664 0.05
614.5 0 9 1.65185 1.5150831417753141 1.0902702 0.05
615.0 0 9 1.6485 1.51743322281277 1.086374 0.05
615.5 0 9 1.6451500000000001 1.5198002213070791 1.0824778 0.05
616.0 0 9 1.6418000000000001 1.5221843205928975 1.0785815999999997 0.05
616.5 0 9 1.6384500000000002 1.5245857066635504 1.0746854 0.05
617.0 0 9 1.6351000000000002 1.5270045682194031 1.0707892 0.05
617.5 0 9 1.63175 1.5294410967172902 1.066893 0.05
618.0 0 9 1.6284 1.5318954864210315 1.0629968 0.05
618.5 0 9 1.62505 1.5343679344530634 1.0591006 0.05
619.0 0 9 1.6217000000000001 1.536858640847214 1.0552044000000003 0.05
619.5 0 9 1.6183500000000002 1.5393678086026534 1.0513082 0.05
620.0 0 9 1.6150000000000002 1.5418956437390445 1.047412 0.05
620.5 0 9 1.61165 1.544442355352933 1.0435158 0.05
621.0 0 9 1.6083 1.547008155675403 1.0396196 0.05
621.5 0 9 1.60495 1.5495932601310352 1.0357234 0.05
622.0 0 9 1.6016000000000001 1.5521978873982003 1.0318272 0.05
622.5 0 9 1.5982500000000002 1.5548222594707235 1.027931 0.05
623.0 0 9 1.5949000000000002 1.5574666017209575 1.0240348 0.05
623.5 0 9 1.5915500000000002 1.5601311429642992 1.0201386000000001 0.05
624.0 0 9 1.5882 1.5628161155251938 1.0162423999999999 0.05
624.5 0 9 1.58485 1.5655217553046576 1.0123462 0.05
625.0 0 9 1.5815000000000001 1.568248301849373 1.0084499999999998 0.05
625.5 0 9 1.5781500000000002 1.5709959984223842 1.0045538 0.05
626.0 0 9 1.5748000000000002 1.5737650920754513 1.0006576 0.05
626.5 0 9 1.57145 1.5765558337230956 0.9967614000000001 0.05
627.0 0 9 1.5681 1.5793684782183925 0.9928652 0.05
627.5 0 9 1.56475 1.5822032844305536 0.988969 0.05
628.0 0 9 1.5614000000000001 1.5850605153243498 0.9850728 0.05
628.5 0 9 1.5580500000000002 1.5879404380414293 0.9811766 0.05
629.0 0 9 1.5547000000000002 1.5908433239835775 0.9772804 0.05
629.5 0 9 1.5513500000000002 1.593769448897979 0.9733842000000001 0.05
630.0 0 9 1.548 1.5967190929645338 0.969488 0.05
630.5 0 9 1.54465 1.5996925408852893 0.9655918 0.05
631.0 0 9 1.5413000000000001 1.6026900819760432 0.9616956 0.05
631.5 0 9 1.5379500000000002 1.6057120102601863 0.9577994 0.05
632.0 0 9 1.5346000000000002 1.6087586245648406 0.9539032000000001 0.05
632.5 0 9 1.5312500000000002 1.6118302286193682 0.950007 0.05
633.0 0 9 1.5279 1.6149271311563085 0.9461108000000001 0.05
633.5 0 9 1.52455 1.618049646014825 0.9422146000000001 0.05
634.0 0 9 1.5212 1.6211980922467257 0.9383184000000001 0.05
634.5 0 9 1.5178500000000001 1.6243727942251374 0.9344222 0.05
635.0 0 9 1.5145000000000002 1.6275740817559103 0.930526 0.05
635.5 0 9 1.5111500000000002 1.630802290191833 0.9266298 0.05
636.0 0 9 1.5078 1.6340577605497406 0.9227335999999999 0.05
636.5 0 9 1.50445 1.6373408396306028 0.9188373999999999 0.05
637.0 0 9 1.5011 1.6406518801426804 0.9149412 0.05
637.5 0 9 1.4977500000000001 1.6439912408278408 0.9110449999999999 0.05
638.0 0 9 1.4944000000000002 1.6473592865911304 0.9071488000000001 0.05
638.5 0 9 1.4910500000000002 1.6507563886337002 0.9032526000000001 0.05
639.0 0 9 1.4877000000000002 1.6541829245891841 0.8993564000000002 0.05
639.5 0 9 1.48435 1.6576392786636414 0.8954602 0.05
640.0 0 9 1.481 1.6611258417791657 0.8915639999999999 0.05
640.5 0 9 1.4776500000000001 1.664643011721277 0.8876678000000001 0.05
641.0 0 9 1.4743000000000002 1.6681911932902123 0.8837716000000001 0.05
641.5 0 9 1.4709500000000002 1.6717707984562362 0.8798754000000001 0.05
642.0 0 9 1.4676 1.6753822465190955 0.8759792 0.05
642.5 0 9 1.4642500000000003 1.6790259642717498 0.872083 0.05
643.0 0 9 1.4609 1.6827023861685066 0.8681868 0.05
643.5 0 9 1.4575500000000001 1.6864119544977119 0.8642906 0.05
644.0 0 9 1.4542000000000002 1.6901551195591233 0.8603944 0.05
644.5 0 9 1.4508500000000002 1.693932339846132 0.8564982 0.05
645.0 0 9 1.4475000000000002 1.6977440822329763 0.852602 0.05
645.5 0 9 1.44415 1.701590822167116 0.8487058000000001 0.05
646.0 0 9 1.4408 1.7054730438669257 0.8448096 0.05
646.5 0 9 1.4374500000000001 1.7093912405248866 0.8409134 0.05
647.0 0 9 1.4341000000000002 1.7133459145164522 0.8370171999999999 0.05
647.5 0 9 1.4307500000000002 1.7173375776147766 0.833121 0.05
648.0 0 9 1.4274 1.721366751211493 0.8292248 0.05
648.5 0 9 1.4240500000000003 1.7254339665437504 0.8253286 0.05
649.0 0 9 1.4207 1.7295397649277044 0.8214324 0.05
649.5 0 9 1.41735 1.7336846979986944 0.8175361999999999 0.05
650.0 0 9 1.4140000000000001 1.7378693279583108 0.8136400000000001 0.05
650.5 0 9 1.4106500000000002 1.7420942278286047 0.8097438000000001 0.05
651.0 0 9 1.4073000000000002 1.7463599817136644 0.8058476 0.05
651.5 0 9 1.4039500000000003 1.750667185068821 0.8019514000000001 0.05
652.0 0 9 1.4006 1.7550164449777408 0.7980552000000001 0.05
652.5 0 9 1.39725 1.7594083804376706 0.794159 0.05
653.0 0 9 1.3939000000000001 1.7638436226531227 0.7902627999999999 0.05
653.5 0 9 1.3905500000000002 1.7683228153382915 0.7863666 0.05
654.0 0 9 1.3872000000000002 1.772846615028505 0.7824704 0.05
654.5 0 9 1.3838500000000002 1.7774156914010255 0.7785741999999999 0.05
655.0 0 9 1.3805 1.7820307276055343 0.774678 0.05
655.5 0 9 1.37715 1.7866924206046382 0.7707818 0.05
656.0 0 9 1.3738000000000001 1.7914014815247545 0.7668855999999998 0.05
656.5 0 9 1.3704500000000002 1.7961586360177482 0.7629894000000002 0.05
657.0 0 9 1.3671000000000002 1.8009646246337079 0.7590932000000001 0.05
657.5 0 9 1.3637500000000002 1.8058202032052566 0.755197 0.05
658.0 0 9 1.3604 1.8107261432438246 0.7513008 0.05
658.5 0 9 1.35705 1.8156832323483156 0.7474046000000001 0.05
659.0 0 9 1.3537000000000001 1.8206922746266216 0.7435084 0.05
659.5 0 9 1.3503500000000002 1.8257540911304602 0.7396121999999999 0.05
660.0 0 9 1.3470000000000002 1.8308695203040306 0.7357159999999999 0.05
660.5 0 9 1.3436500000000002 1.8360394184470006 0.7318198 0.05
661.0 0 9 1.3403 1.8412646601923608 0.7279236 0.05
661.5 0 9 1.33695 1.846546138999712 0.7240274 0.05
662.0 0 9 1.3336000000000001 1.8518847676645591 0.7201312 0.05
662.5 0 9 1.3302500000000002 1.8572814788442344 0.716235 0.05
663.0 0 9 1.3269000000000002 1.8627372256010768 0.7123387999999999 0.05
663.5 0 9 1.3235500000000002 1.8682529819635354 0.7084426000000001 0.05
664.0 0 9 1.3202000000000003 1.8738297435058928 0.7045464 0.05
664.5 0 9 1.31685 1.8794685279473267 0.7006502 0.05
665.0 0 9 1.3135000000000001 1.8851703757710758 0.696754 0.05
665.5 0 9 1.3101500000000001 1.8909363508644923 0.6928577999999999 0.05
666.0 0 9 1.3068000000000002 1.896767541180815 0.6889616000000001 0.05
666.5 0 9 1.3034500000000002 1.902665059423524 0.6850653999999999 0.05
667.0 0 9 1.3001000000000003 1.9086300437541805 0.6811692 0.05
667.5 0 9 1.29675 1.9146636585247012 0.6772730000000001 0.05
668.0 0 9 1.2934 1.9207670950350533 0.6733768 0.05
668.5 0 9 1.2900500000000001 1.9269415723174057 0.6694806 0.05
669.0 0 9 1.2867000000000002 1.933188337947825 0.6655844 0.05
669.5 0 9 1.2833500000000002 1.939508668886645 0.6616882000000001 0.05
670.0 0 9 1.2800000000000002 1.9459038723487063 0.657792 0.05
670.5 0 9 1.27665 1.9523752867047013 0.6538958 0.05
671.0 0 9 1.2733 1.958924282414943 0.6499996 0.05
671.5 0 9 1.2699500000000001 1.9655522629969138 0.6461034 0.05
672.0 0 9 1.2666000000000002 1.9722606660280362 0.6422072 0.05
672.5 0 9 1.2632500000000002 1.9790509641851701 0.638311 0.05
673.0 0 9 1.2599000000000002 1.9859246663224126 0.6344148 0.05
673.5 0 9 1.2565500000000003 1.9928833185888573 0.6305186 0.05
674.0 0 9 1.2532 1.9999285055880545 0.6266223999999999 0.05
674.5 0 9 1.2498500000000001 2.007061851581 0.6227261999999999 0.05
675.0 0 9 1.2465000000000002 2.014285021734564 0.6188299999999999 0.05
675.5 0 9 1.2431500000000002 2.021599723417383 0.6149338 0.05
676.0 0 9 1.2398000000000002 2.0290077075453294 0.6110376000000001 0.05
676.5 0 9 1.23645 2.036510769978789 0.6071414 0.05
677.0 0 9 1.2331 2.0441107529740807 0.6032452 0.05
677.5 0 9 1.2297500000000001 2.051809546691494 0.599349 0.05
678.0 0 9 1.2264000000000002 2.059609090762526 0.5954528 0.05
678.5 0 9 1.2230500000000002 2.0675113759190586 0.5915566 0.05
679.0 0 9 1.2197000000000002 2.0755184456873397 0.5876604 0.05
679.5 0 9 1.2163500000000003 2.0836323981498013 0.5837642 0.05
680.0 0 9 1.213 2.0918553877779082 0.5798679999999999 0.05
680.5 0 9 1.2096500000000001 2.100189627339394 0.5759718 0.05
681.0 0 9 1.2063000000000001 2.108637389883435 0.5720756 0.05
681.5 0 9 1.2029500000000002 2.117201010807502 0.5681794000000001 0.05
682.0 0 9 1.1996000000000002 2.1258828900098394 0.5642832 0.05
682.5 0 9 1.1962500000000003 2.1346854941317344 0.560387 0.05
683.0 0 9 1.1929 2.1436113588939834 0.5564908000000001 0.05
683.5 0 9 1.18955 2.152663091532201 0.5525946 0.05
684.0 0 9 1.1862000000000001 2.16184337333588 0.5486984 0.05
684.5 0 9 1.1828500000000002 2.171154962296408 0.5448022 0.05
685.0 0 9 1.1795000000000002 2.180600695869523 0.540906 0.05
685.5 0 9 1.1761500000000003 2.190183493858027 0.5370098 0.05
686.0 0 9 1.1728 2.199906361420905 0.5331136000000001 0.05
686.5 0 9 1.16945 2.209772392215373 0.5292174000000001 0.05
687.0 0 9 1.1661000000000001 2.2197847716787367 0.5253212 0.05
687.5 0 9 1.1627500000000002 2.2299467804574005 0.521425 0.05
688.0 0 9 1.1594000000000002 2.2402617979907595 0.5175288 0.05
688.5 0 9 1.1560500000000002 2.2507333062582093 0.5136326 0.05
689.0 0 9 1.1527000000000003 2.261364893697998 0.5097364 0.05
689.5 0 9 1.14935 2.272160259307188 0.5058402000000001 0.05
690.0 0 9 1.1460000000000001 2.2831232169325664 0.5019440000000001 0.05
690.5 0 9 1.1426500000000002 2.2942576997629547 0.49804780000000004 0.05
691.0 0 9 1.1393000000000002 2.3055677650340507 0.49415159999999997 0.05
691.5 0 9 1.1359500000000002 2.317057598957605 0.49025539999999995 0.05
692.0 0 9 1.1326 2.328731521887527 0.48635920000000005 0.05
692.5 0 9 1.1292500000000003 2.340593993736308 0.482463 0.05
693.0 0 9 1.1259000000000001 2.352649619656023 0.47856680000000007 0.05
693.5 0 9 1.1225500000000002 2.3649031559991287 0.47467060000000005 0.05
694.0 0 9 1.1192000000000002 2.3773595165752432 0.4707744 0.05
694.5 0 9 1.1158500000000002 2.390023779221219 0.4668782000000001 0.05
695.0 0 9 1.1125000000000003 2.4029011927029567 0.462982 0.05
695.5 0 9 1.10915 2.4159971839686616 0.45908579999999993 0.05
696.0 0 9 1.1058000000000001 2.429317365774614 0.45518959999999997 0.05
696.5 0 9 1.1024500000000002 2.44286754470595 0.4512934 0.05
697.0 0 9 1.0991000000000002 2.4566537296165465 0.4473972000000001 0.05
697.5 0 9 1.0957500000000002 2.4706821405137758 0.4435010000000001 0.05
698.0 0 9 1.0924 2.484959217915728 0.43960479999999996 0.05
698.5 0 9 1.0890500000000003 2.4994916327104866 0.4357086 0.05
699.0 0 9 1.0857 2.51428629654915 0.4318124 0.05
699.5 0 9 1.0823500000000001 2.529350372806638 0.4279162000000001 0.05
700.0 0 9 1.0790000000000002 2.544691288146786 0.42402 0.05
700.5 0 9 1.0756500000000002 2.5437196268312587 0.422865 0.05
701.0 0 9 1.0723000000000003 2.5427426430485407 0.4217100000000001 0.05
701.5 0 9 1.06895 2.541760292946226 0.420555 0.05
702.0 0 9 1.0656 2.5407725321888415 0.4194 0.05
702.5 0 9 1.0622500000000001 2.539779315951177 0.41824500000000003 0.05
703.0 0 9 1.0589000000000002 2.538780598911506 0.41709 0.05
703.5 0 9 1.0555500000000002 2.5377763352446903 0.41593499999999994 0.05
704.0 0 9 1.0522000000000002 2.5367664786151702 0.41478 0.05
704.5 0 9 1.04885 2.53575098216984 0.4136250000000001 0.05
705.0 0 9 1.0455 2.5347297985308024 0.41247 0.05
705.5 0 9 1.0421500000000001 2.5337028797879975 0.411315 0.05
706.0 0 9 1.0388000000000002 2.5326701774917106 0.41016 0.05
706.5 0 9 1.0354500000000002 2.531631642644956 0.409005 0.05
707.0 0 9 1.0321000000000002 2.5305872256957223 0.40785 0.05
707.5 0 9 1.02875 2.5295368765290944 0.40669500000000003 0.05
708.0 0 9 1.0254 2.5284805444592395 0.40554 0.05
708.5 0 9 1.0220500000000001 2.5274181782212497 0.40438500000000005 0.05
709.0 0 9 1.0187000000000002 2.52634972596285 0.40323000000000003 0.05
709.5 0 9 1.0153500000000002 2.525275135235964 0.402075 0.05
710.0 0 9 1.0120000000000002 2.524194352988128 0.40092 0.05
710.5 0 9 1.00865 2.5231073255537626 0.39976500000000004 0.05
711.0 0 9 1.0053 2.5220139986452925 0.39860999999999996 0.05
711.5 0 9 1.0019500000000001 2.520914317344102 0.397455 0.05
712.0 0 9 0.9986000000000002 2.5198082260913455 0.3963 0.05
712.5 0 9 0.9952500000000002 2.518695668678587 0.395145 0.05
713.0 0 9 0.9919000000000001 2.5175765882382803 0.39399 0.05
713.5 0 9 0.9885500000000002 2.516450927234081 0.392835 0.05
714.0 0 9 0.9852000000000001 2.5153186274509802 0.39168000000000003 0.05
714.5 0 9 0.9818500000000001 2.5141796299852763 0.390525 0.05
715.0 0 9 0.9785000000000001 2.5130338752343535 0.38937 0.05
715.5 0 9 0.9751500000000002 2.5118813028862874 0.38821500000000003 0.05
716.0 0 9 0.9718000000000001 2.510721851909265 0.38705999999999996 0.05
716.5 0 9 0.9684500000000001 2.509555460540807 0.385905 0.05
717.0 0 9 0.9651000000000001 2.5083820662768033 0.38475 0.05
717.5 0 9 0.9617500000000001 2.5072016058603475 0.383595 0.05
718.0 0 9 0.9584000000000001 2.5060140152703694 0.38244 0.05
718.5 0 9 0.9550500000000001 2.5048192297100598 0.38128499999999993 0.05
719.0 0 9 0.9517000000000001 2.503617183595086 0.38013 0.05
719.5 0 9 0.9483500000000001 2.502407810541593 0.378975 0.05
720.0 0 9 0.9450000000000001 2.501191043353978 0.37782 0.05
720.5 0 9 0.9416500000000001 2.4999668140124514 0.376665 0.05
721.0 0 9 0.9383000000000001 2.4987350536603556 0.37551 0.05
721.5 0 9 0.9349500000000002 2.4974956925912575 0.374355 0.05
722.0 0 9 0.9316000000000001 2.4962486602357985 0.37320000000000003 0.05
722.5 0 9 0.9282500000000001 2.4949938851483022 0.37204499999999996 0.05
723.0 0 9 0.9249 2.493731294993125 0.37089 0.05
723.5 0 9 0.9215500000000001 2.4924608165307585 0.3697350000000001 0.05
724.0 0 9 0.9182000000000001 2.4911823756036684 0.36858 0.05
724.5 0 9 0.91485 2.489895897121862 0.367425 0.05
725.0 0 9 0.9115000000000001 2.488601305048189 0.36627 0.05
725.5 0 9 0.9081500000000001 2.487298522383359 0.365115 0.05
726.0 0 9 0.9048 2.485987471150676 0.36396 0.05
726.5 0 9 0.9014500000000001 2.4846680723804804 0.362805 0.05
727.0 0 9 0.8981000000000001 2.4833402460942904 0.36165 0.05
727.5 0 9 0.89475 2.4820039112886447 0.360495 0.05
728.0 0 9 0.8914000000000001 2.480658985918629 0.35934 0.05
728.5 0 9 0.8880500000000001 2.4793053868810815 0.358185 0.05
729.0 0 9 0.8847 2.4779430299974794 0.35703 0.05
729.5 0 9 0.8813500000000001 2.476571829996488 0.355875 0.05
730.0 0 9 0.8780000000000001 2.475191700496166 0.35472000000000004 0.05
730.5 0 9 0.87465 2.47380255398583 0.353565 0.05
731.0 0 9 0.8713000000000001 2.472404301807554 0.35241 0.05
731.5 0 9 0.86795 2.470996854137308 0.35125499999999993 0.05
732.0 0 9 0.8646 2.469580119965724 0.3501 0.05
732.5 0 9 0.8612500000000001 2.4681540070784798 0.34894499999999995 0.05
733.0 0 9 0.8579000000000001 2.4667184220362866 0.34779000000000004 0.05
733.5 0 9 0.85455 2.4652732701544853 0.346635 0.05
734.0 0 9 0.8512000000000001 2.4638184554822278 0.34548 0.05
734.5 0 9 0.84785 2.462353880781239 0.344325 0.05
735.0 0 9 0.8445 2.4608794475041527 0.34317 0.05
735.5 0 9 0.8411500000000001 2.459395055772408 0.342015 0.05
736.0 0 9 0.8378000000000001 2.4579006043536937 0.34086000000000005 0.05
736.5 0 9 0.83445 2.4563959906389368 0.33970500000000003 0.05
737.0 0 9 0.8311000000000001 2.4548811106188158 0.33855 0.05
737.5 0 9 0.82775 2.4533558588597932 0.337395 0.05
738.0 0 9 0.8244 2.4518201284796577 0.33624 0.05
738.5 0 9 0.8210500000000001 2.450273811122551 0.335085 0.05
739.0 0 9 0.8177000000000001 2.448716796933489 0.33393000000000006 0.05
739.5 0 9 0.81435 2.4471489745323414 0.33277500000000004 0.05
740.0 0 9 0.811 2.4455702309872747 0.33162 0.05
740.5 0 9 0.80765 2.4439804517876325 0.330465 0.05
741.0 0 9 0.8043 2.442379520816252 0.32931 0.05
741.5 0 9 0.80095 2.44076732032119 0.328155 0.05
742.0 0 9 0.7976000000000001 2.43914373088685 0.327 0.05
742.5 0 9 0.79425 2.4375086314045022 0.325845 0.05
743.0 0 9 0.7909 2.435861899042163 0.3246900000000001 0.05
743.5 0 9 0.78755 2.4342034092138407 0.323535 0.05
744.0 0 9 0.7842 2.432533035548111 0.32238 0.05
744.5 0 9 0.78085 2.43085064985602 0.321225 0.05
745.0 0 9 0.7775000000000001 2.429156122098291 0.32007 0.05
745.5 0 9 0.77415 2.4274493203518177 0.31891500000000006 0.05
746.0 0 9 0.7707999999999999 2.4257301107754277 0.31776000000000004 0.05
746.5 0 9 0.76745 2.423998357574896 0.316605 0.05
747.0 0 9 0.7641 2.4222539229671898 0.31545 0.05
747.5 0 9 0.76075 2.4204966671439254 0.314295 0.05
748.0 0 9 0.7574000000000001 2.4187264482340174 0.3131399999999999 0.05
748.5 0 9 0.75405 2.4169431222654936 0.311985 0.05
749.0 0 9 0.7506999999999999 2.415146543126468 0.31082999999999994 0.05
749.5 0 9 0.74735 2.413336562525228 0.309675 0.05
750.0 0 9 0.744 2.411513029949436 0.30852 0.05
750.5 0 9 0.74065 2.4096757926244043 0.307365 0.05
751.0 0 9 0.7373 2.407824695470429 0.3062099999999999 0.05
751.5 0 9 0.73395 2.405959581059153 0.305055 0.05
752.0 0 9 0.7306 2.4040802895689373 0.3039 0.05
752.5 0 9 0.72725 2.4021866587392027 0.302745 0.05
753.0 0 9 0.7239 2.400278523823734 0.30159 0.05
753.5 0 9 0.72055 2.3983557175428962 0.300435 0.05
754.0 0 9 0.7172 2.39641807003475 0.29928 0.05
754.5 0 9 0.71385 2.3944654088050314 0.298125 0.05
755.0 0 9 0.7105 2.3924975586759607 0.29697 0.05
755.5 0 9 0.70715 2.3905143417338532 0.29581500000000005 0.05
756.0 0 9 0.7038 2.388515577275504 0.29466000000000003 0.05
756.5 0 9 0.70045 2.386501081753292 0.293505 0.05
757.0 0 9 0.6970999999999999 2.384470668719001 0.29235 0.05
757.5 0 9 0.69375 2.3824241487662907 0.291195 0.05
758.0 0 9 0.6904 2.3803613294717967 0.29004 0.05
758.5 0 9 0.6870499999999999 2.3782820153348214 0.28888500000000006 0.05
759.0 0 9 0.6837 2.376186007715566 0.2877300000000001 0.05
759.5 0 9 0.68035 2.3740731047718744 0.2865750000000001 0.05
760.0 0 9 0.677 2.3719431013944363 0.28542 0.05
760.5 0 9 0.67365 2.3697957891404147 0.284265 0.05
761.0 0 9 0.6703 2.3676309561654483 0.28311 0.05
761.5 0 9 0.6669499999999999 2.365448387153978 0.281955 0.05
762.0 0 9 0.6636 2.363247863247863 0.28080000000000005 0.05
762.5 0 9 0.66025 2.361029161973216 0.279645 0.05
763.0 0 9 0.6569 2.3587920571654277 0.27849 0.05
763.5 0 9 0.65355 2.356536318892314 0.277335 0.05
764.0 0 9 0.6502 2.354261713375335 0.27618 0.05
764.5 0 9 0.64685 2.3519680029088263 0.275025 0.05
765.0 0 9 0.6435 2.3496549457771936 0.27387 0.05
765.5 0 9 0.64015 2.347322296169994 0.27271500000000004 0.05
766.0 0 9 0.6368 2.3449698040948594 0.27156 0.05
766.5 0 9 0.63345 2.3425972152881784 0.270405 0.05
767.0 0 9 0.6301 2.340204271123491 0.26925 0.05
767.5 0 9 0.62675 2.3377907085175034 0.26809499999999997 0.05
768.0 0 9 0.6234 2.33535625983367 0.26694 0.05
768.5 0 9 0.62005 2.3329006527832643 0.26578500000000005 0.05
769.0 0 9 0.6167 2.330423610323848 0.26463000000000003 0.05
769.5 0 9 0.61335 2.327924850555081 0.263475 0.05
770.0 0 9 0.61 2.325404086611772 0.26232 0.05
770.5 0 9 0.60665 2.3228610265540945 0.261165 0.05
771.0 0 9 0.6033 2.3202953732548743 0.26001 0.05
771.5 0 9 0.59995 2.3177068242838654 0.258855 0.05
772.0 0 9 0.5966 2.3150950717889014 0.25770000000000004 0.05
772.5 0 9 0.59325 2.3124598023738527 0.25654499999999997 0.05
773.0 0 9 0.5899 2.3098006969732565 0.25539 0.05
773.5 0 9 0.58655 2.3071174307235434 0.254235 0.05
774.0 0 9 0.5831999999999999 2.3044096728307255 0.25307999999999997 0.05
774.5 0 9 0.57985 2.3016770864344545 0.251925 0.05
775.0 0 9 0.5765 2.298919328468317 0.25077000000000005 0.05
775.5 0 9 0.57315 2.2961360495162553 0.24961499999999998 0.05
776.0 0 9 0.5698 2.293326893664976 0.24846 0.05
776.5 0 9 0.56645 2.290491498352237 0.24730500000000002 0.05
777.0 0 9 0.5630999999999999 2.287629494210847 0.24615 0.05
777.5 0 9 0.55975 2.284740504908263 0.24499500000000002 0.05
778.0 0 9 0.5564 2.281824146981627 0.24384 0.05
778.5 0 9 0.55305 2.2788800296680884 0.242685 0.05
779.0 0 9 0.5497 2.275907754730261 0.24153000000000002 0.05
779.5 0 9 0.54635 2.272906916276651 0.24037500000000003 0.05
780.0 0 9 0.5429999999999999 2.2698771005768745 0.23922000000000002 0.05
780.5 0 9 0.53965 2.2668178858715056 0.23806499999999997 0.05
781.0 0 9 0.5363 2.263728842176354 0.23690999999999998 0.05
781.5 0 9 0.53295 2.2606095310809953 0.235755 0.05
782.0 0 9 0.5296 2.257459505541347 0.23459999999999998 0.05
782.5 0 9 0.52625 2.254278309666088 0.233445 0.05
783.0 0 9 0.5228999999999999 2.2510654784967064 0.23229 0.05
783.5 0 9 0.51955 2.2478205377809504 0.231135 0.05
784.0 0 9 0.5162 2.2445430037394556 0.22998 0.05
784.5 0 9 0.51285 2.241232382825303 0.22882500000000003 0.05
785.0 0 9 0.5095 2.2378881714762593 0.22766999999999998 0.05
785.5 0 9 0.50615 2.234509855859435 0.22651500000000005 0.05
786.0 0 9 0.5028 2.231096911608094 0.22535999999999998 0.05
786.5 0 9 0.49944999999999995 2.2276488035503217 0.22420500000000002 0.05
787.0 0 9 0.4961 2.224164985429276 0.22305 0.05
787.5 0 9 0.49274999999999997 2.2206448996146824 0.221895 0.05
788.0 0 9 0.4894 2.217087976805291 0.22074000000000002 0.05
788.5 0 9 0.48605 2.21349363572193 0.219585 0.05
789.0 0 9 0.48269999999999996 2.209861282790825 0.21843 0.05
789.5 0 9 0.47935 2.206190311816822 0.217275 0.05
790.0 0 9 0.476 2.2024801036461223 0.21612 0.05
790.5 0 9 0.47264999999999996 2.198730025818156 0.21496500000000002 0.05
791.0 0 9 0.4693 2.1949394322061644 0.21380999999999997 0.05
791.5 0 9 0.46595 2.1911076626460697 0.212655 0.05
792.0 0 9 0.4626 2.1872340425531913 0.21150000000000002 0.05
792.5 0 9 0.45925 2.1833178825263255 0.21034500000000003 0.05
793.0 0 9 0.45589999999999997 2.179358477938716 0.20919000000000001 0.05
793.5 0 9 0.45255 2.175355108515394 0.208035 0.05
794.0 0 9 0.4492 2.171307037896365 0.20688 0.05
794.5 0 9 0.44584999999999997 2.167213513185077 0.20572500000000002 0.05
795.0 0 9 0.4425 2.1630737644815956 0.20457 0.05
795.5 0 9 0.43915 2.158887004399872 0.203415 0.05
796.0 0 9 0.43579999999999997 2.154652427568476 0.20225999999999997 0.05
796.5 0 9 0.43245 2.1503692101141194 0.201105 0.05
797.0 0 9 0.4291 2.1460365091272817 0.19995 0.05
797.5 0 9 0.42574999999999996 2.1416534621092076 0.198795 0.05
798.0 0 9 0.4224 2.137219186399514 0.19764 0.05
798.5 0 9 0.41905 2.1327327785836068 0.196485 0.05
799.0 0 9 0.41569999999999996 2.128193313879076 0.19533 0.05
799.5 0 9 0.41235 2.123599845500193 0.19417500000000001 0.05
800.0 0 9 0.409 2.1189514039995854 0.19302 0.05
800.5 0 9 0.408307 2.117502520422684 0.1928248 0.05
801.0 0 9 0.407614 2.116050700411567 0.1926296 0.05
801.5 0 9 0.406921 2.114595935030327 0.1924344 0.05
802.0 0 9 0.406228 2.1131382153067637 0.19223919999999997 0.05
802.5 0 9 0.405535 2.111677532232197 0.192044 0.05
803.0 0 9 0.404842 2.110213876761283 0.19184879999999996 0.05
803.5 0 9 0.404149 2.108747239811827 0.1916536 0.05
804.0 0 9 0.403456 2.107277612264596 0.19145840000000003 0.05
804.5 0 9 0.402763 2.1058049849631293 0.1912632 0.05
805.0 0 9 0.40207 2.1043293487135473 0.19106799999999996 0.05
805.5 0 9 0.401377 2.1028506942843608 0.1908728 0.05
806.0 0 9 0.400684 2.1013690124062814 0.1906776 0.05
806.5 0 9 0.399991 2.099884293772023 0.1904824 0.05
807.0 0 9 0.399298 2.0983965290361097 0.1902872 0.05
807.5 0 9 0.398605 2.096905708814679 0.190092 0.05
808.0 0 9 0.397912 2.0954118236852857 0.18989680000000003 0.05
808.5 0 9 0.397219 2.0939148641867016 0.1897016 0.05
809.0 0 9 0.396526 2.0924148208187163 0.18950640000000002 0.05
809.5 0 9 0.395833 2.0909116840419375 0.18931119999999999 0.05
810.0 0 9 0.39514 2.089405444277586 0.18911600000000003 0.05
810.5 0 9 0.394447 2.0878960919072966 0.18892079999999997 0.05
811.0 0 9 0.393754 2.0863836172729084 0.1887256 0.05
811.5 0 9 0.393061 2.0848680106762623 0.1885304 0.05
812.0 0 9 0.392368 2.0833492623789924 0.18833519999999998 0.05
812.5 0 9 0.391675 2.0818273626023176 0.18813999999999997 0.05
813.0 0 9 0.390982 2.080302301526831 0.1879448 0.05
813.5 0 9 0.390289 2.0787740692922916 0.1877496 0.05
814.0 0 9 0.389596 2.0772426559974067 0.18755439999999998 0.05
814.5 0 9 0.388903 2.075708051699623 0.1873592 0.05
815.0 0 9 0.38821 2.074170246414909 0.18716399999999997 0.05
815.5 0 9 0.387517 2.0726292301175384 0.1869688 0.05
816.0 0 9 0.386824 2.0710849927398733 0.1867736 0.05
816.5 0 9 0.386131 2.0695375241721443 0.1865784 0.05
817.0 0 9 0.385438 2.0679868142622295 0.1863832 0.05
817.5 0 9 0.384745 2.066432852815434 0.18618799999999996 0.05
818.0 0 9 0.384052 2.064875629594264 0.18599279999999999 0.05
818.5 0 9 0.383359 2.0633151343182043 0.1857976 0.05
819.0 0 9 0.382666 2.0617513566634913 0.1856024 0.05
819.5 0 9 0.381973 2.0601842862628854 0.18540719999999997 0.05
820.0 0 9 0.38128 2.0586139127054404 0.185212 0.05
820.5 0 9 0.380587 2.0570402255362756 0.1850168 0.05
821.0 0 9 0.379894 2.0554632142563425 0.18482159999999997 0.05
821.5 0 9 0.379201 2.0538828683221904 0.1846264 0.05
822.0 0 9 0.378508 2.0522991771457324 0.1844312 0.05
822.5 0 9 0.377815 2.0507121300940097 0.184236 0.05
823.0 0 9 0.37712199999999996 2.049121716488952 0.1840408 0.05
823.5 0 9 0.376429 2.04752792560714 0.1838456 0.05
824.0 0 9 0.37573599999999996 2.0459307466795607 0.1836504 0.05
824.5 0 9 0.375043 2.0443301688913698 0.1834552 0.05
825.0 0 9 0.37434999999999996 2.042726181381643 0.18326000000000003 0.05
825.5 0 9 0.373657 2.0411187732431357 0.1830648 0.05
826.0 0 9 0.37296399999999996 2.0395079335220285 0.1828696 0.05
826.5 0 9 0.372271 2.0378936512176855 0.18267440000000001 0.05
827.0 0 9 0.37157799999999996 2.036275915282399 0.1824792 0.05
827.5 0 9 0.370885 2.0346547146211407 0.18228400000000003 0.05
828.0 0 9 0.37019199999999997 2.033030038091305 0.18208879999999997 0.05
828.5 0 9 0.369499 2.0314018745024565 0.1818936 0.05
829.0 0 9 0.36880599999999997 2.029770212616071 0.1816984 0.05
829.5 0 9 0.36811299999999997 2.02813504114528 0.1815032 0.05
830.0 0 9 0.36741999999999997 2.0264963487546055 0.181308 0.05
830.5 0 9 0.36672699999999997 2.024854124059702 0.1811128 0.05
831.0 0 9 0.36603399999999997 2.0232083556270917 0.18091760000000004 0.05
831.5 0 9 0.36534099999999997 2.0215590319739003 0.1807224 0.05
832.0 0 9 0.36464799999999997 2.0199061415675863 0.1805272 0.05
832.5 0 9 0.363955 2.018249672825677 0.180332 0.05
833.0 0 9 0.363262 2.016589614115494 0.1801368 0.05
833.5 0 9 0.362569 2.014925953753884 0.1799416 0.05
834.0 0 9 0.361876 2.013258680006943 0.1797464 0.05
834.5 0 9 0.361183 2.011587781089739 0.17955120000000002 0.05
835.0 0 9 0.36049 2.009913245166038 0.17935600000000002 0.05
835.5 0 9 0.359797 2.008235060348022 0.1791608 0.05
836.0 0 9 0.359104 2.0065532146960083 0.1789656 0.05
836.5 0 9 0.358411 2.0048676962181657 0.1787704 0.05
837.0 0 9 0.357718 2.0031784928702305 0.1785752 0.05
837.5 0 9 0.357025 2.001485592555219 0.17838 0.05
838.0 0 9 0.356332 1.9997889831231395 0.1781848 0.05
838.5 0 9 0.355639 1.9980886523707002 0.1779896 0.05
839.0 0 9 0.354946 1.9963845880410183 0.1777944 0.05
839.5 0 9 0.354253 1.9946767778233232 0.1775992 0.05
840.0 0 9 0.35356 1.9929652093526637 0.17740400000000003 0.05
840.5 0 9 0.352867 1.9912498702096058 0.17720880000000003 0.05
841.0 0 9 0.352174 1.9895307479199338 0.1770136 0.05
841.5 0 9 0.351481 1.9878078299543487 0.1768184 0.05
842.0 0 9 0.350788 1.9860811037281625 0.1766232 0.05
842.5 0 9 0.350095 1.984350556600993 0.176428 0.05
843.0 0 9 0.349402 1.9826161758764542 0.17623280000000002 0.05
843.5 0 9 0.348709 1.9808779488018466 0.17603760000000002 0.05
844.0 0 9 0.348016 1.9791358625678448 0.1758424 0.05
844.5 0 9 0.347323 1.9773899043081813 0.1756472 0.05
845.0 0 9 0.34663 1.975640061099332 0.175452 0.05
845.5 0 9 0.345937 1.9738863199601957 0.17525679999999996 0.05
846.0 0 9 0.345244 1.972128667851773 0.1750616 0.05
846.5 0 9 0.344551 1.9703670916768459 0.1748664 0.05
847.0 0 9 0.343858 1.9686015782796478 0.1746712 0.05
847.5 0 9 0.343165 1.9668321144455398 0.17447600000000002 0.05
848.0 0 9 0.342472 1.9650586869006796 0.1742808 0.05
848.5 0 9 0.341779 1.9632812823116903 0.1740856 0.05
849.0 0 9 0.341086 1.9614998872853247 0.1738904 0.05
849.5 0 9 0.340393 1.95971448836813 0.17369520000000002 0.05
850.0 0 9 0.3397 1.9579250720461097 0.1735 0.05
850.5 0 9 0.339007 1.956131624744381 0.1733048 0.05
851.0 0 9 0.338314 1.9543341328268333 0.1731096 0.05
851.5 0 9 0.337621 1.9525325825957816 0.17291439999999997 0.05
852.0 0 9 0.336928 1.9507269602916177 0.1727192 0.05
852.5 0 9 0.336235 1.9489172520924625 0.17252399999999998 0.05
853.0 0 9 0.335542 1.9471034441138104 0.1723288 0.05
853.5 0 9 0.334849 1.945285522408176 0.1721336 0.05
854.0 0 9 0.334156 1.9434634729647364 0.1719384 0.05
854.5 0 9 0.333463 1.94163728170897 0.1717432 0.05
855.0 0 9 0.33277 1.9398069345022968 0.171548 0.05
855.5 0 9 0.332077 1.93797241714171 0.17135279999999997 0.05
856.0 0 9 0.331384 1.9361337153594116 0.1711576 0.05
856.5 0 9 0.330691 1.9342908148224405 0.1709624 0.05
857.0 0 9 0.329998 1.9324437011323017 0.1707672 0.05
857.5 0 9 0.329305 1.9305923598245902 0.170572 0.05
858.0 0 9 0.328612 1.9287367763686136 0.1703768 0.05
858.5 0 9 0.327919 1.9268769361670124 0.1701816 0.05
859.0 0 9 0.327226 1.9250128245553761 0.16998640000000004 0.05
859.5 0 9 0.326533 1.9231444268018603 0.1697912 0.05
860.0 0 9 0.32584 1.921271728106795 0.169596 0.05
860.5 0 9 0.325147 1.9193947136022969 0.16940080000000002 0.05
861.0 0 9 0.324454 1.9175133683518748 0.16920560000000004 0.05
861.5 0 9 0.323761 1.915627677350033 0.1690104 0.05
862.0 0 9 0.323068 1.9137376255218725 0.1688152 0.05
862.5 0 9 0.32237499999999997 1.91184319772269 0.16862000000000002 0.05
863.0 0 9 0.321682 1.9099443787375732 0.16842479999999999 0.05
863.5 0 9 0.32098899999999997 1.908041153280992 0.1682296 0.05
864.0 0 9 0.32029599999999997 1.906133505996391 0.1680344 0.05
864.5 0 9 0.31960299999999997 1.9042214214557742 0.1678392 0.05
865.0 0 9 0.31890999999999997 1.9023048841592896 0.16764400000000002 0.05
865.5 0 9 0.31821699999999997 1.9003838785348115 0.1674488 0.05
866.0 0 9 0.317524 1.8984583889375175 0.1672536 0.05
866.5 0 9 0.316831 1.8965283996494637 0.16705840000000002 0.05
867.0 0 9 0.316138 1.8945938948791585 0.1668632 0.05
867.5 0 9 0.315445 1.8926548587611296 0.166668 0.05
868.0 0 9 0.314752 1.8907112753554933 0.1664728 0.05
868.5 0 9 0.314059 1.8887631286475146 0.1662776 0.05
869.0 0 9 0.313366 1.886810402547169 0.16608240000000002 0.05
869.5 0 9 0.312673 1.8848530808887 0.1658872 0.05
870.0 0 9 0.31198 1.8828911474301715 0.165692 0.05
870.5 0 9 0.311287 1.8809245858530195 0.16549679999999997 0.05
871.0 0 9 0.310594 1.8789533797615994 0.1653016 0.05
871.5 0 9 0.309901 1.8769775126827304 0.16510640000000001 0.05
872.0 0 9 0.309208 1.8749969680652374 0.1649112 0.05
872.5 0 9 0.308515 1.873011729279487 0.164716 0.05
873.0 0 9 0.307822 1.8710217796169237 0.1645208 0.05
873.5 0 9 0.307129 1.8690271022896003 0.16432560000000002 0.05
874.0 0 9 0.306436 1.867027680429707 0.1641304 0.05
874.5 0 9 0.305743 1.8650234970890935 0.1639352 0.05
875.0 0 9 0.30505 1.8630145352387932 0.16373999999999997 0.05
875.5 0 9 0.304357 1.861000777768538 0.16354480000000002 0.05
876.0 0 9 0.303664 1.8589822074862747 0.1633496 0.05
876.5 0 9 0.302971 1.856958807117675 0.1631544 0.05
877.0 0 9 0.302278 1.8549305593056422 0.1629592 0.05
877.5 0 9 0.301585 1.8528974466098151 0.16276400000000002 0.05
878.0 0 9 0.300892 1.85085945150607 0.16256879999999999 0.05
878.5 0 9 0.300199 1.8488165563860133 0.1623736 0.05
879.0 0 9 0.299506 1.8467687435564786 0.16217839999999997 0.05
879.5 0 9 0.298813 1.8447159952390124 0.16198320000000002 0.05
880.0 0 9 0.29812 1.8426582935693623 0.161788 0.05
880.5 0 9 0.297427 1.8405956205969571 0.1615928 0.05
881.0 0 9 0.296734 1.8385279582843859 0.1613976 0.05
881.5 0 9 0.296041 1.836455288506871 0.16120239999999997 0.05
882.0 0 9 0.295348 1.8343775930517392 0.16100720000000002 0.05
882.5 0 9 0.294655 1.8322948536178891 0.160812 0.05
883.0 0 9 0.293962 1.8302070518152522 0.1606168 0.05
883.5 0 9 0.293269 1.8281141691642522 0.1604216 0.05
884.0 0 9 0.292576 1.8260161870952603 0.1602264 0.05
884.5 0 9 0.291883 1.823913086948045 0.1600312 0.05
885.0 0 9 0.29119 1.8218048499712205 0.15983599999999998 0.05
885.5 0 9 0.290497 1.8196914573216871 0.1596408 0.05
886.0 0 9 0.289804 1.8175728900640717 0.15944560000000002 0.05
886.5 0 9 0.289111 1.815449129170162 0.15925040000000001 0.05
887.0 0 9 0.28841799999999995 1.8133201555183354 0.1590552 0.05
887.5 0 9 0.287725 1.8111859498929876 0.15886 0.05
888.0 0 9 0.28703199999999995 1.809046492983951 0.1586648 0.05
888.5 0 9 0.286339 1.806901765385916 0.15846960000000002 0.05
889.0 0 9 0.28564599999999996 1.8047517475978423 0.1582744 0.05
889.5 0 9 0.284953 1.8025964200223685 0.1580792 0.05
890.0 0 9 0.28425999999999996 1.8004357629652148 0.157884 0.05
890.5 0 9 0.28356699999999996 1.7982697566345862 0.15768880000000002 0.05
891.0 0 9 0.28287399999999996 1.7960983811405666 0.1574936 0.05
891.5 0 9 0.28218099999999996 1.7939216164945095 0.1572984 0.05
892.0 0 9 0.28148799999999996 1.7917394426084252 0.15710320000000003 0.05
892.5 0 9 0.28079499999999996 1.7895518392943635 0.156908 0.05
893.0 0 9 0.28010199999999996 1.7873587862637892 0.1567128 0.05
893.5 0 9 0.27940899999999996 1.7851602631269579 0.15651760000000003 0.05
894.0 0 9 0.27871599999999996 1.7829562493922813 0.15632240000000003 0.05
894.5 0 9 0.27802299999999996 1.7807467244656916 0.15612720000000002 0.05
895.0 0 9 0.27732999999999997 1.778531667650001 0.155932 0.05
895.5 0 9 0.27663699999999997 1.7763110581442534 0.15573679999999998 0.05
896.0 0 9 0.27594399999999997 1.774084875043075 0.15554159999999997 0.05
896.5 0 9 0.27525099999999997 1.771853097336018 0.1553464 0.05
897.0 0 9 0.27455799999999997 1.7696157039068983 0.15515120000000002 0.05
897.5 0 9 0.27386499999999997 1.7673726735331317 0.15495600000000004 0.05
898.0 0 9 0.27317199999999997 1.765123984885061 0.1547608 0.05
898.5 0 9 0.27247899999999997 1.762869616525281 0.1545656 0.05
899.0 0 9 0.27178599999999997 1.7606095469079561 0.15437040000000002 0.05
899.5 0 9 0.271093 1.7583437543781357 0.1541752 0.05
900.0 0 9 0.2704 1.756072217171061 0.15398 0.05
900.5 0 9 0.269707 1.7520017253228808 0.1539422 0.05
901.0 0 9 0.269014 1.7479292339920105 0.1539044 0.05
901.5 0 9 0.268321 1.7438547417048273 0.1538666 0.05
902.0 0 9 0.267628 1.7397782469862597 0.15382880000000002 0.05
902.5 0 9 0.266935 1.7356997483597867 0.153791 0.05
903.0 0 9 0.266242 1.7316192443474345 0.1537532 0.05
903.5 0 9 0.265549 1.7275367334697758 0.15371540000000003 0.05
904.0 0 9 0.264856 1.7234522142459276 0.15367760000000003 0.05
904.5 0 9 0.264163 1.7193656851935502 0.15363979999999997 0.05
905.0 0 9 0.26347 1.715277144828843 0.15360200000000002 0.05
905.5 0 9 0.262777 1.711186591666547 0.1535642 0.05
906.0 0 9 0.262084 1.7070940242199386 0.1535264 0.05
906.5 0 9 0.261391 1.70299944100083 0.1534886 0.05
907.0 0 9 0.260698 1.6989028405195672 0.15345079999999997 0.05
907.5 0 9 0.260005 1.694804221285028 0.15341299999999997 0.05
908.0 0 9 0.259312 1.69070358180462 0.15337520000000002 0.05
908.5 0 9 0.258619 1.68660092058428 0.1533374 0.05
909.0 0 9 0.257926 1.6824962361284699 0.15329959999999998 0.05
909.5 0 9 0.257233 1.6783895269401767 0.15326180000000003 0.05
910.0 0 9 0.25654 1.6742807915209106 0.153224 0.05
910.5 0 9 0.255847 1.6701700283707017 0.1531862 0.05
911.0 0 9 0.255154 1.6660572359881003 0.15314840000000002 0.05
911.5 0 9 0.254461 1.6619424128701734 0.1531106 0.05
912.0 0 9 0.253768 1.6578255575125038 0.1530728 0.05
912.5 0 9 0.253075 1.6537066684091875 0.153035 0.05
913.0 0 9 0.252382 1.6495857440528323 0.1529972 0.05
913.5 0 9 0.251689 1.6454627829345565 0.1529594 0.05
914.0 0 9 0.250996 1.641337783543986 0.1529216 0.05
914.5 0 9 0.250303 1.6372107443692527 0.15288380000000004 0.05
915.0 0 9 0.24960999999999997 1.633081663896994 0.152846 0.05
915.5 0 9 0.24891699999999997 1.628950540612349 0.15280820000000003 0.05
916.0 0 9 0.24822399999999997 1.6248173729989577 0.1527704 0.05
916.5 0 9 0.24753099999999997 1.6206821595389589 0.15273259999999997 0.05
917.0 0 9 0.24683799999999997 1.6165448987129882 0.15269479999999996 0.05
917.5 0 9 0.24614499999999997 1.6124055890001765 0.15265700000000001 0.05
918.0 0 9 0.24545199999999998 1.6082642288781488 0.1526192 0.05
918.5 0 9 0.24475899999999998 1.60412081682302 0.1525814 0.05
919.0 0 9 0.24406599999999998 1.599975351309396 0.1525436 0.05
919.5 0 9 0.24337299999999998 1.595827830810369 0.1525058 0.05
920.0 0 9 0.24267999999999998 1.591678253797518 0.152468 0.05
920.5 0 9 0.24198699999999998 1.5875266187409054 0.1524302 0.05
921.0 0 9 0.24129399999999998 1.5833729241090762 0.1523924 0.05
921.5 0 9 0.24060099999999998 1.5792171683690546 0.1523546 0.05
922.0 0 9 0.23990799999999998 1.5750593499863441 0.1523168 0.05
922.5 0 9 0.23921499999999998 1.570899467424924 0.152279 0.05
923.0 0 9 0.23852199999999996 1.5667375191472477 0.1522412 0.05
923.5 0 9 0.23782899999999996 1.562573503614242 0.15220340000000002 0.05
924.0 0 9 0.23713599999999996 1.5584074192853046 0.1521656 0.05
924.5 0 9 0.23644299999999996 1.5542392646183008 0.1521278 0.05
925.0 0 9 0.23574999999999996 1.5500690380695639 0.15209 0.05
925.5 0 9 0.23505699999999996 1.5458967380938913 0.1520522 0.05
926.0 0 9 0.23436399999999996 1.541722363144544 0.1520144 0.05
926.5 0 9 0.23367099999999996 1.5375459116732444 0.1519766 0.05
927.0 0 9 0.23297799999999996 1.533367382130173 0.1519388 0.05
927.5 0 9 0.23228499999999996 1.5291867729639697 0.151901 0.05
928.0 0 9 0.23159199999999996 1.5250040826217277 0.1518632 0.05
928.5 0 9 0.23089899999999997 1.5208193095489948 0.15182540000000003 0.05
929.0 0 9 0.23020599999999997 1.5166324521897703 0.1517876 0.05
929.5 0 9 0.22951299999999997 1.5124435089865027 0.15174979999999996 0.05
930.0 0 9 0.22881999999999997 1.5082524783800881 0.151712 0.05
930.5 0 9 0.22812699999999997 1.5040593588098699 0.15167419999999998 0.05
931.0 0 9 0.22743399999999997 1.499864148713633 0.15163640000000003 0.05
931.5 0 9 0.22674099999999997 1.4956668465276062 0.1515986 0.05
932.0 0 9 0.22604799999999997 1.4914674506864571 0.15156079999999997 0.05
932.5 0 9 0.22535499999999997 1.4872659596232913 0.151523 0.05
933.0 0 9 0.22466199999999997 1.4830623717696512 0.15148520000000001 0.05
933.5 0 9 0.22396899999999997 1.4788566855555128 0.1514474 0.05
934.0 0 9 0.22327599999999997 1.4746488994092843 0.1514096 0.05
934.5 0 9 0.22258299999999998 1.4704390117578041 0.1513718 0.05
935.0 0 9 0.22188999999999998 1.466227021026339 0.151334 0.05
935.5 0 9 0.22119699999999998 1.4620129256385817 0.15129620000000002 0.05
936.0 0 9 0.22050399999999998 1.4577967240166494 0.15125840000000002 0.05
936.5 0 9 0.21981099999999998 1.453578414581082 0.1512206 0.05
937.0 0 9 0.21911799999999998 1.4493579957508391 0.15118280000000003 0.05
937.5 0 9 0.21842499999999998 1.4451354659432993 0.151145 0.05
938.0 0 9 0.21773199999999998 1.4409108235742571 0.1511072 0.05
938.5 0 9 0.21703899999999998 1.4366840670579217 0.15106939999999996 0.05
939.0 0 9 0.21634599999999998 1.4324551948069146 0.15103159999999996 0.05
939.5 0 9 0.21565299999999998 1.4282242052322676 0.1509938 0.05
940.0 0 9 0.21495999999999998 1.4239910967434217 0.150956 0.05
940.5 0 9 0.21426699999999999 1.4197558677482238 0.1509182 0.05
941.0 0 9 0.21357399999999999 1.415518516652925 0.15088040000000003 0.05
941.5 0 9 0.212881 1.4112790418621795 0.1508426 0.05
942.0 0 9 0.212188 1.4070374417790414 0.1508048 0.05
942.5 0 9 0.21149499999999996 1.4027937148049636 0.150767 0.05
943.0 0 9 0.21080199999999996 1.3985478593397958 0.1507292 0.05
943.5 0 9 0.21010899999999996 1.3942998737817816 0.1506914 0.05
944.0 0 9 0.20941599999999996 1.3900497565275571 0.15065359999999997 0.05
944.5 0 9 0.20872299999999996 1.3857975059721488 0.1506158 0.05
945.0 0 9 0.20802999999999996 1.3815431205089719 0.15057800000000002 0.05
945.5 0 9 0.20733699999999997 1.3772865985298275 0.1505402 0.05
946.0 0 9 0.20664399999999997 1.373027938424902 0.15050239999999998 0.05
946.5 0 9 0.20595099999999997 1.3687671385827627 0.1504646 0.05
947.0 0 9 0.20525799999999997 1.3645041973903584 0.1504268 0.05
947.5 0 9 0.20456499999999997 1.3602391132330156 0.150389 0.05
948.0 0 9 0.20387199999999997 1.3559718844944368 0.15035120000000002 0.05
948.5 0 9 0.20317899999999997 1.3517025095566992 0.1503134 0.05
949.0 0 9 0.20248599999999997 1.347430986800252 0.1502756 0.05
949.5 0 9 0.20179299999999997 1.3431573146039144 0.1502378 0.05
950.0 0 9 0.20109999999999997 1.3388814913448732 0.1502 0.05
950.5 0 9 0.20040699999999997 1.3346035153986822 0.1501622 0.05
951.0 0 9 0.19971399999999997 1.3303233851392577 0.1501244 0.05
951.5 0 9 0.19902099999999998 1.3260410989388793 0.1500866 0.05
952.0 0 9 0.19832799999999998 1.321756655168185 0.1500488 0.05
952.5 0 9 0.19763499999999998 1.3174700521961722 0.150011 0.05
953.0 0 9 0.19694199999999998 1.3131812883901923 0.1499732 0.05
953.5 0 9 0.19624899999999998 1.3088903621159511 0.1499354 0.05
954.0 0 9 0.19555599999999998 1.304597271737506 0.1498976 0.05
954.5 0 9 0.19486299999999998 1.3003020156172636 0.1498598 0.05
955.0 0 9 0.19416999999999998 1.2960045921159775 0.14982199999999998 0.05
955.5 0 9 0.19347699999999998 1.2917049995927472 0.14978420000000003 0.05
956.0 0 9 0.19278399999999998 1.2874032364050152 0.1497464 0.05
956.5 0 9 0.19209099999999998 1.283099300908565 0.1497086 0.05
957.0 0 9 0.19139799999999998 1.2787931914575188 0.14967079999999996 0.05
957.5 0 9 0.19070499999999999 1.274484906404336 0.149633 0.05
958.0 0 9 0.190012 1.2701744440998104 0.1495952 0.05
958.5 0 9 0.189319 1.2658618028930697 0.1495574 0.05
959.0 0 9 0.188626 1.2615469811315707 0.1495196 0.05
959.5 0 9 0.187933 1.257229977161099 0.14948180000000003 0.05
960.0 0 9 0.18724 1.2529107893257676 0.14944399999999997 0.05
960.5 0 9 0.186547 1.248589415968012 0.1494062 0.05
961.0 0 9 0.185854 1.2442658554285912 0.1493684 0.05
961.5 0 9 0.18516099999999996 1.2399401060465836 0.1493306 0.05
962.0 0 9 0.18446799999999997 1.235612166159386 0.1492928 0.05
962.5 0 9 0.18377499999999997 1.23128203410271 0.149255 0.05
963.0 0 9 0.18308199999999997 1.2269497082105814 0.14921720000000002 0.05
963.5 0 9 0.18238899999999997 1.2226151868153377 0.1491794 0.05
964.0 0 9 0.18169599999999997 1.218278468247625 0.14914159999999999 0.05
964.5 0 9 0.18100299999999997 1.2139395508363968 0.1491038 0.05
965.0 0 9 0.18030999999999997 1.2095984329089127 0.149066 0.05
965.5 0 9 0.17961699999999997 1.2052551127907334 0.1490282 0.05
966.0 0 9 0.17892399999999997 1.2009095888057215 0.1489904 0.05
966.5 0 9 0.17823099999999997 1.196561859276038 0.1489526 0.05
967.0 0 9 0.17753799999999997 1.1922119225221401 0.14891479999999999 0.05
967.5 0 9 0.17684499999999997 1.187859776862779 0.148877 0.05
968.0 0 9 0.17615199999999998 1.183505420614999 0.1488392 0.05
968.5 0 9 0.17545899999999998 1.1791488520941333 0.1488014 0.05
969.0 0 9 0.17476599999999998 1.1747900696138032 0.1487636 0.05
969.5 0 9 0.17407299999999998 1.1704290714859156 0.1487258 0.05
970.0 0 9 0.17337999999999998 1.1660658560206607 0.148688 0.05
970.5 0 9 0.17268699999999998 1.1617004215265097 0.1486502 0.05
971.0 0 9 0.17199399999999998 1.1573327663102135 0.1486124 0.05
971.5 0 9 0.17130099999999998 1.1529628886767993 0.14857459999999997 0.05
972.0 0 9 0.17060799999999998 1.1485907869295688 0.1485368 0.05
972.5 0 9 0.16991499999999998 1.1442164593700968 0.148499 0.05
973.0 0 9 0.16922199999999998 1.1398399042982275 0.1484612 0.05
973.5 0 9 0.16852899999999998 1.1354611200120737 0.14842339999999998 0.05
974.0 0 9 0.16783599999999999 1.1310801048080135 0.1483856 0.05
974.5 0 9 0.16714299999999999 1.1266968569806899 0.1483478 0.05
975.0 0 9 0.16645 1.1223113748230058 0.14831 0.05
975.5 0 9 0.165757 1.1179236566261241 0.1482722 0.05
976.0 0 9 0.165064 1.1135337006794643 0.14823440000000002 0.05
976.5 0 9 0.164371 1.1091415052707012 0.1481966 0.05
977.0 0 9 0.163678 1.1047470686857614 0.1481588 0.05
977.5 0 9 0.162985 1.1003503892088224 0.148121 0.05
978.0 0 9 0.162292 1.0959514651223097 0.14808319999999997 0.05
978.5 0 9 0.161599 1.091550294706894 0.1480454 0.05
979.0 0 9 0.160906 1.0871468762414904 0.14800759999999996 0.05
979.5 0 9 0.160213 1.0827412080032548 0.14796979999999998 0.05
980.0 0 9 0.15952 1.0783332882675822 0.147932 0.05
980.5 0 9 0.158827 1.0739231153081052 0.1478942 0.05
981.0 0 9 0.158134 1.0695106873966902 0.1478564 0.05
981.5 0 9 0.157441 1.0650960028034362 0.1478186 0.05
982.0 0 9 0.156748 1.060679059796672 0.1477808 0.05
982.5 0 9 0.156055 1.0562598566429544 0.14774299999999999 0.05
983.0 0 9 0.155362 1.051838391607066 0.1477052 0.05
983.5 0 9 0.154669 1.0474146629520125 0.1476674 0.05
984.0 0 9 0.153976 1.0429886689390204 0.1476296 0.05
984.5 0 9 0.153283 1.0385604078275352 0.1475918 0.05
985.0 0 9 0.15259 1.0341298778752186 0.147554 0.05
985.5 0 9 0.151897 1.0296970773379468 0.1475162 0.05
986.0 0 9 0.151204 1.025262004469807 0.1474784 0.05
986.5 0 9 0.150511 1.0208246575230975 0.1474406 0.05
987.0 0 9 0.149818 1.0163850347483223 0.1474028 0.05
987.5 0 9 0.149125 1.0119431343941914 0.147365 0.05
988.0 0 9 0.148432 1.007498954707617 0.1473272 0.05
988.5 0 9 0.147739 1.0030524939337115 0.1472894 0.05
989.0 1 9 0.147046 0.9986037503157862 0.14725159999999998 0.05
989.5 1 9 0.146353 0.9941527220953471 0.1472138 0.05
990.0 1 9 0.14566 0.9896994075120944 0.147176 0.05
990.5 1 9 0.144967 0.9852438048039192 0.1471382 0.05
991.0 1 9 0.144274 0.980785912206901 0.1471004 0.05
991.5 1 9 0.14358100000000001 0.9763257279553063 0.1470626 0.05
992.0 1 9 0.142888 0.9718632502815852 0.14702479999999998 0.05
992.5 1 9 0.142195 0.9673984774163701 0.14698699999999998 0.05
993.0 1 9 0.141502 0.9629314075884726 0.14694920000000003 0.05
993.5 1 9 0.140809 0.9584620390248816 0.1469114 0.05
994.0 1 9 0.140116 0.9539903699507604 0.1468736 0.05
994.5 1 9 0.139423 0.9495163985894448 0.1468358 0.05
995.0 1 9 0.13873 0.9450401231624409 0.14679799999999998 0.05
995.5 1 9 0.138037 0.9405615418894222 0.1467602 0.05
996.0 1 9 0.137344 0.9360806529882281 0.1467224 0.05
996.5 1 9 0.136651 0.9315974546748602 0.1466846 0.05
997.0 1 9 0.135958 0.9271119451634813 0.1466468 0.05
997.5 1 9 0.135265 0.922624122666412 0.146609 0.05
998.0 1 9 0.134572 0.9181339853941294 0.14657119999999998 0.05
998.5 1 9 0.133879 0.9136415315552633 0.14653339999999998 0.05
999.0 1 9 0.133186 0.909146759356595 0.14649560000000003 0.05
999.5 1 9 0.132493 0.9046496670030548 0.14645779999999997 0.05
1000.0 1 9 0.1318 0.900150252697719 0.14642 0.05
1000.5 1 9 0.1315935 0.8994119359772977 0.14631059999999999 0.05
1001.0 1 9 0.131387 0.898672514315888 0.14620119999999998 0.05
1001.5 1 9 0.1311805 0.897931985231204 0.14609180000000002 0.05
1002.0 1 9 0.130974 0.8971903462335187 0.14598239999999998 0.05
1002.5 1 9 0.1307675 0.8964475948256361 0.145873 0.05
1003.0 1 9 0.130561 0.8957037285028636 0.1457636 0.05
1003.5 1 9 0.1303545 0.8949587447529836 0.14565419999999998 0.05
1004.0 1 9 0.130148 0.8942126410562247 0.14554480000000003 0.05
1004.5 1 9 0.1299415 0.8934654148852342 0.1454354 0.05
1005.0 1 9 0.129735 0.8927170637050493 0.145326 0.05
1005.5 1 9 0.1295285 0.8919675849730677 0.1452166 0.05
1006.0 1 9 0.129322 0.89121697613902 0.1451072 0.05
1006.5 1 9 0.1291155 0.8904652346449395 0.14499779999999998 0.05
1007.0 1 9 0.128909 0.889712357925134 0.1448884 0.05
1007.5 1 9 0.1287025 0.888958343406157 0.144779 0.05
1008.0 1 9 0.128496 0.8882031885067769 0.14466959999999998 0.05
1008.5 1 9 0.1282895 0.8874468906379488 0.1445602 0.05
1009.0 1 9 0.128083 0.8866894472027846 0.1444508 0.05
1009.5 1 9 0.1278765 0.8859308555965232 0.14434140000000004 0.05
1010.0 1 9 0.12767 0.8851711132065007 0.144232 0.05
1010.5 1 9 0.1274635 0.8844102174121201 0.1441226 0.05
1011.0 1 9 0.127257 0.8836481655848214 0.1440132 0.05
1011.5 1 9 0.1270505 0.882884955088052 0.1439038 0.05
1012.0 1 9 0.126844 0.8821205832772349 0.1437944 0.05
1012.5 1 9 0.12663750000000001 0.881355047499739 0.14368500000000003 0.05
1013.0 1 9 0.126431 0.880588345094849 0.14357559999999997 0.05
1013.5 1 9 0.1262245 0.8798204733937331 0.1434662 0.05
1014.0 1 9 0.126018 0.8790514297194133 0.1433568 0.05
1014.5 1 9 0.1258115 0.8782812113867337 0.1432474 0.05
1015.0 1 9 0.125605 0.8775098157023292 0.143138 0.05
1015.5 1 9 0.1253985 0.8767372399645944 0.1430286 0.05
1016.0 1 9 0.125192 0.8759634814636522 0.1429192 0.05
1016.5 1 9 0.1249855 0.8751885374813214 0.1428098 0.05
1017.0 1 9 0.124779 0.8744124052910853 0.1427004 0.05
1017.5 1 9 0.1245725 0.8736350821580605 0.142591 0.05
1018.0 1 9 0.124366 0.8728565653389632 0.14248159999999999 0.05
1018.5 1 9 0.1241595 0.8720768520820779 0.1423722 0.05
1019.0 1 9 0.12395300000000001 0.8712959396272252 0.1422628 0.05
1019.5 1 9 0.1237465 0.8705138252057285 0.14215339999999999 0.05
1020.0 1 9 0.12354 0.8697305060403818 0.142044 0.05
1020.5 1 9 0.1233335 0.8689459793454168 0.1419346 0.05
1021.0 1 9 0.123127 0.8681602423264696 0.14182519999999996 0.05
1021.5 1 9 0.1229205 0.8673732921805473 0.1417158 0.05
1022.0 1 9 0.122714 0.8665851260959957 0.1416064 0.05
1022.5 1 9 0.1225075 0.8657957412524648 0.14149699999999998 0.05
1023.0 1 9 0.12230099999999999 0.8650051348208753 0.14138760000000003 0.05
1023.5 1 9 0.1220945 0.8642133039633857 0.1412782 0.05
1024.0 1 9 0.121888 0.863420245833357 0.1411688 0.05
1024.5 1 9 0.1216815 0.8626259575753193 0.1410594 0.05
1025.0 1 9 0.121475 0.8618304363249379 0.14095 0.05
1025.5 1 9 0.1212685 0.8610336792089782 0.14084059999999998 0.05
1026.0 1 9 0.121062 0.860235683345271 0.1407312 0.05
1026.5 1 9 0.1208555 0.8594364458426789 0.1406218 0.05
1027.0 1 9 0.120649 0.8586359638010597 0.14051239999999998 0.05
1027.5 1 9 0.12044250000000001 0.8578342343112327 0.140403 0.05
1028.0 1 9 0.120236 0.8570312544549431 0.1402936 0.05
1028.5 1 9 0.1200295 0.8562270213048262 0.14018419999999998 0.05
1029.0 1 9 0.119823 0.8554215319243719 0.14007479999999997 0.05
1029.5 1 9 0.1196165 0.8546147833678895 0.1399654 0.05
1030.0 1 9 0.11941 0.8538067726804713 0.139856 0.05
1030.5 1 9 0.1192035 0.8529974968979568 0.1397466 0.05
1031.0 1 9 0.118997 0.852186953046896 0.1396372 0.05
1031.5 1 9 0.1187905 0.851375138144513 0.1395278 0.05
1032.0 1 9 0.118584 0.8505620491986711 0.1394184 0.05
1032.5 1 9 0.1183775 0.849747683207833 0.139309 0.05
1033.0 1 9 0.118171 0.8489320371610263 0.1391996 0.05
1033.5 1 9 0.1179645 0.8481151080378057 0.13909020000000002 0.05
1034.0 1 9 0.117758 0.8472968928082153 0.1389808 0.05
1034.5 1 9 0.1175515 0.8464773884327514 0.1388714 0.05
1035.0 1 9 0.117345 0.8456565918623254 0.138762 0.05
1035.5 1 9 0.1171385 0.8448345000382251 0.1386526 0.05
1036.0 1 9 0.116932 0.844011109892077 0.13854319999999998 0.05
1036.5 1 9 0.1167255 0.8431864183458087 0.1384338 0.05
1037.0 1 9 0.116519 0.8423604223116096 0.1383244 0.05
1037.5 1 9 0.1163125 0.8415331186918931 0.138215 0.05
1038.0 1 9 0.116106 0.8407045043792577 0.13810559999999997 0.05
1038.5 1 9 0.1158995 0.8398745762564478 0.13799619999999999 0.05
1039.0 1 9 0.115693 0.8390433311963147 0.1378868 0.05
1039.5 1 9 0.11548649999999999 0.8382107660617779 0.13777739999999997 0.05
1040.0 1 9 0.11528 0.837376877705785 0.13766799999999998 0.05
1040.5 1 9 0.1150735 0.8365416629712719 0.1375586 0.05
1041.0 1 9 0.114867 0.8357051186911237 0.1374492 0.05
1041.5 1 9 0.1146605 0.8348672416881342 0.13733979999999998 0.05
1042.0 1 9 0.114454 0.8340280287749653 0.1372304 0.05
1042.5 1 9 0.1142475 0.8331874767541078 0.137121 0.05
1043.0 1 9 0.114041 0.8323455824178392 0.13701159999999998 0.05
1043.5 1 9 0.1138345 0.8315023425481841 0.1369022 0.05
1044.0 1 9 0.113628 0.8306577539168729 0.1367928 0.05
1044.5 1 9 0.11342150000000001 0.8298118132853004 0.13668339999999995 0.05
1045.0 1 9 0.113215 0.828964517404484 0.136574 0.05
1045.5 1 9 0.1130085 0.8281158630150237 0.1364646 0.05
1046.0 1 9 0.112802 0.8272658468470582 0.1363552 0.05
1046.5 1 9 0.1125955 0.8264144656202246 0.1362458 0.05
1047.0 1 9 0.112389 0.8255617160436152 0.1361364 0.05
1047.5 1 9 0.1121825 0.8247075948157351 0.136027 0.05
1048.0 1 9 0.11197599999999999 0.8238520986244606 0.1359176 0.05
1048.5 1 9 0.1117695 0.8229952241469956 0.1358082 0.05
1049.0 1 9 0.111563 0.8221369680498279 0.1356988 0.05
1049.5 1 9 0.1113565 0.8212773269886879 0.13558939999999997 0.05
1050.0 1 9 0.11115 0.8204162976085032 0.13548 0.05
1050.5 1 9 0.1109435 0.8195538765433558 0.1353706 0.05
1051.0 1 9 0.110737 0.8186900604164388 0.1352612 0.05
1051.5 1 9 0.1105305 0.8178248458400111 0.1351518 0.05
1052.0 1 9 0.110324 0.816958229415354 0.1350424 0.05
1052.5 1 9 0.1101175 0.8160902077327266 0.134933 0.05
1053.0 1 9 0.109911 0.8152207773713208 0.1348236 0.05
1053.5 1 9 0.1097045 0.8143499348992163 0.1347142 0.05
1054.0 1 9 0.109498 0.8134776768733358 0.1346048 0.05
1054.5 1 9 0.1092915 0.8126039998393998 0.1344954 0.05
1055.0 1 9 0.109085 0.8117289003318798 0.134386 0.05
1055.5 1 9 0.1088785 0.8108523748739542 0.13427660000000002 0.05
1056.0 1 9 0.108672 0.8099744199774611 0.1341672 0.05
1056.5 1 9 0.10846549999999999 0.8090950321428517 0.1340578 0.05
1057.0 1 9 0.108259 0.8082142078591458 0.1339484 0.05
1057.5 1 9 0.1080525 0.8073319436038824 0.13383899999999996 0.05
1058.0 1 9 0.107846 0.8064482358430743 0.1337296 0.05
1058.5 1 9 0.1076395 0.8055630810311615 0.1336202 0.05
1059.0 1 9 0.107433 0.8046764756109619 0.13351079999999999 0.05
1059.5 1 9 0.1072265 0.803788416013625 0.1334014 0.05
1060.0 1 9 0.10702 0.8028988986585842 0.13329200000000002 0.05
1060.5 1 9 0.1068135 0.8020079199535076 0.13318259999999998 0.05
1061.0 1 9 0.106607 0.8011154762942501 0.1330732 0.05
1061.5 1 9 0.1064005 0.8002215640648056 0.1329638 0.05
1062.0 1 9 0.106194 0.799326179637257 0.13285439999999998 0.05
1062.5 1 9 0.1059875 0.7984293193717277 0.13274500000000003 0.05
1063.0 1 9 0.105781 0.7975309796163323 0.1326356 0.05
1063.5 1 9 0.1055745 0.7966311567071267 0.13252619999999998 0.05
1064.0 1 9 0.105368 0.7957298469680585 0.1324168 0.05
1064.5 1 9 0.1051615 0.7948270467109172 0.1323074 0.05
1065.0 1 9 0.10495499999999999 0.7939227522352835 0.13219799999999995 0.05
1065.5 1 9 0.1047485 0.7930169598284788 0.1320886 0.05
1066.0 1 9 0.104542 0.7921096657655146 0.1319792 0.05
1066.5 1 9 0.1043355 0.7912008663090413 0.13186979999999998 0.05
1067.0 1 9 0.104129 0.7902905577092966 0.1317604 0.05
1067.5 1 9 0.1039225 0.7893787362040547 0.131651 0.05
1068.0 1 9 0.103716 0.7884653980185735 0.1315416 0.05
1068.5 1 9 0.1035095 0.7875505393655436 0.1314322 0.05
1069.0 1 9 0.103303 0.7866341564450348 0.1313228 0.05
1069.5 1 9 0.1030965 0.7857162454444439 0.1312134 0.05
1070.0 1 9 0.10289 0.7847968025384428 0.131104 0.05
1070.5 1 9 0.1026835 0.7838758238889237 0.1309946 0.05
1071.0 1 9 0.102477 0.7829533056449468 0.1308852 0.05
1071.5 1 9 0.1022705 0.7820292439426867 0.1307758 0.05
1072.0 1 9 0.102064 0.7811036349053775 0.1306664 0.05
1072.5 1 9 0.1018575 0.7801764746432592 0.130557 0.05
1073.0 1 9 0.10165099999999999 0.779247759253524 0.1304476 0.05
1073.5 1 9 0.10144449999999999 0.77831748482026 0.1303382 0.05
1074.0 1 9 0.101238 0.7773856474143968 0.1302288 0.05
1074.5 1 9 0.1010315 0.7764522430936509 0.1301194 0.05
1075.0 1 9 0.100825 0.7755172679024691 0.13001 0.05
1075.5 1 9 0.1006185 0.7745807178719728 0.1299006 0.05
1076.0 1 9 0.100412 0.7736425890199028 0.1297912 0.05
1076.5 1 9 0.1002055 0.7727028773505612 0.12968179999999999 0.05
1077.0 1 9 0.099999 0.7717615788547562 0.1295724 0.05
1077.5 1 9 0.0997925 0.7708186895097442 0.129463 0.05
1078.0 1 9 0.099586 0.7698742052791728 0.12935359999999999 0.05
1078.5 1 9 0.0993795 0.7689281221130232 0.1292442 0.05
1079.0 1 9 0.099173 0.7679804359475525 0.1291348 0.05
1079.5 1 9 0.0989665 0.7670311427052349 0.12902539999999998 0.05
1080.0 1 9 0.09876 0.7660802382947035 0.128916 0.05
1080.5 1 9 0.0985535 0.7651277186106924 0.1288066 0.05
1081.0 1 9 0.098347 0.7641735795339758 0.1286972 0.05
1081.5 1 9 0.09814049999999999 0.7632178169313106 0.1285878 0.05
1082.0 1 9 0.097934 0.7622604266553755 0.1284784 0.05
1082.5 1 9 0.0977275 0.7613014045447108 0.128369 0.05
1083.0 1 9 0.097521 0.7603407464236595 0.1282596 0.05
1083.5 1 9 0.0973145 0.759378448102305 0.12815019999999996 0.05
1084.0 1 9 0.097108 0.7584145053764112 0.1280408 0.05
1084.5 1 9 0.0969015 0.7574489140273616 0.1279314 0.05
1085.0 1 9 0.096695 0.7564816698220964 0.127822 0.05
1085.5 1 9 0.0964885 0.7555127685130519 0.1277126 0.05
1086.0 1 9 0.09628199999999999 0.7545422058380981 0.1276032 0.05
1086.5 1 9 0.0960755 0.7535699775204755 0.1274938 0.05
1087.0 1 9 0.095869 0.752596079268733 0.1273844 0.05
1087.5 1 9 0.0956625 0.7516205067766647 0.127275 0.05
1088.0 1 9 0.095456 0.750643255723246 0.1271656 0.05
1088.5 1 9 0.0952495 0.7496643217725699 0.1270562 0.05
1089.0 1 9 0.095043 0.7486837005737836 0.1269468 0.05
1089.5 1 9 0.09483649999999999 0.7477013877610231 0.12683740000000002 0.05
1090.0 1 9 0.09462999999999999 0.7467173789533488 0.126728 0.05
1090.5 1 9 0.0944235 0.7457316697546805 0.1266186 0.05
1091.0 1 9 0.094217 0.7447442557537318 0.12650919999999996 0.05
1091.5 1 9 0.0940105 0.7437551325239438 0.1263998 0.05
1092.0 1 9 0.093804 0.7427642956234203 0.1262904 0.05
1092.5 1 9 0.0935975 0.7417717405948598 0.126181 0.05
1093.0 1 9 0.093391 0.7407774629654894 0.1260716 0.05
1093.5 1 9 0.0931845 0.7397814582469979 0.1259622 0.05
1094.0 1 9 0.092978 0.7387837219354676 0.1258528 0.05
1094.5 1 9 0.0927715 0.7377842495113064 0.1257434 0.05
1095.0 1 9 0.092565 0.7367830364391804 0.125634 0.05
1095.5 1 9 0.0923585 0.7357800781679448 0.1255246 0.05
1096.0 1 9 0.092152 0.7347753701305743 0.1254152 0.05
1096.5 1 9 0.0919455 0.7337689077440949 0.1253058 0.05
1097.0 1 9 0.091739 0.7327606864095134 0.12519639999999999 0.05
1097.5 1 9 0.0915325 0.7317507015117478 0.125087 0.05
1098.0 1 9 0.09132599999999999 0.7307389484195568 0.12497759999999998 0.05
1098.5 1 9 0.09111949999999999 0.7297254224854687 0.1248682 0.05
1099.0 1 9 0.090913 0.7287101190457105 0.1247588 0.05
1099.5 1 9 0.0907065 0.7276930334201368 0.1246494 0.05
1100.0 1 9 0.0905 0.7266741609121568 0.12453999999999998 0.05
1100.5 1 9 0.0902935 0.7261495380616604 0.1243456 0.05
1101.0 1 9 0.090087 0.7256232722680087 0.12415119999999999 0.05
1101.5 1 9 0.0898805 0.7250953558013761 0.12395679999999999 0.05
1102.0 1 9 0.089674 0.7245657808833701 0.1237624 0.05
1102.5 1 9 0.08946749999999999 0.7240345396866502 0.123568 0.05
1103.0 1 9 0.089261 0.7235016243345416 0.1233736 0.05
1103.5 1 9 0.0890545 0.7229670269006455 0.1231792 0.05
1104.0 1 9 0.088848 0.7224307394084473 0.12298479999999998 0.05
1104.5 1 9 0.0886415 0.7218927538309184 0.12279039999999998 0.05
1105.0 1 9 0.088435 0.7213530620901172 0.122596 0.05
1105.5 1 9 0.0882285 0.7208116560567835 0.1224016 0.05
1106.0 1 9 0.088022 0.7202685275499316 0.12220719999999999 0.05
1106.5 1 9 0.08781549999999999 0.7197236683364368 0.1220128 0.05
1107.0 1 9 0.08760899999999999 0.7191770701306206 0.12181840000000001 0.05
1107.5 1 9 0.0874025 0.7186287245938301 0.12162400000000001 0.05
1108.0 1 9 0.087196 0.7180786233340141 0.1214296 0.05
1108.5 1 9 0.0869895 0.7175267579052949 0.12123519999999999 0.05
1109.0 1 9 0.086783 0.716973119807536 0.1210408 0.05
1109.5 1 9 0.0865765 0.7164177004859061 0.12084639999999999 0.05
1110.0 1 9 0.08637 0.715860491330438 0.120652 0.05
1110.5 1 9 0.0861635 0.7153014836755838 0.1204576 0.05
1111.0 1 9 0.08595699999999999 0.7147406687997657 0.12026320000000001 0.05
1111.5 1 9 0.0857505 0.714178037924923 0.12006880000000002 0.05
1112.0 1 9 0.085544 0.7136135822160528 0.1198744 0.05
1112.5 1 9 0.0853375 0.7130472927807486 0.11968000000000001 0.05
1113.0 1 9 0.085131 0.7124791606687333 0.1194856 0.05
1113.5 1 9 0.0849245 0.711909176871387 0.1192912 0.05
1114.0 1 9 0.084718 0.7113373323212714 0.1190968 0.05
1114.5 1 9 0.0845115 0.710763617891649 0.1189024 0.05
1115.0 1 9 0.08430499999999999 0.7101880243959968 0.11870800000000001 0.05
1115.5 1 9 0.08409849999999999 0.7096105425875173 0.11851360000000001 0.05
1116.0 1 9 0.083892 0.709031163158642 0.1183192 0.05
1116.5 1 9 0.0836855 0.708449876740532 0.11812480000000002 0.05
1117.0 1 9 0.083479 0.707866673902573 0.11793040000000002 0.05
1117.5 1 9 0.0832725 0.7072815451518653 0.117736 0.05
1118.0 1 9 0.083066 0.7066944809327081 0.1175416 0.05
1118.5 1 9 0.0828595 0.7061054716260806 0.1173472 0.05
1119.0 1 9 0.082653 0.7055145075491154 0.1171528 0.05
1119.5 1 9 0.08244649999999999 0.7049215789545684 0.11695839999999999 0.05
1120.0 1 9 0.08224 0.7043266760302833 0.11676399999999999 0.05
1120.5 1 9 0.0820335 0.7037297888986493 0.1165696 0.05
1121.0 1 9 0.081827 0.7031309076160557 0.11637519999999998 0.05
1121.5 1 9 0.0816205 0.7025300221723383 0.1161808 0.05
1122.0 1 9 0.081414 0.7019271224902229 0.11598640000000002 0.05
1122.5 1 9 0.0812075 0.7013221984247616 0.11579199999999999 0.05
1123.0 1 9 0.08100099999999999 0.7007152397627632 0.1155976 0.05
1123.5 1 9 0.08079449999999999 0.7001062362222191 0.1154032 0.05
1124.0 1 9 0.08058799999999999 0.6994951774517224 0.1152088 0.05
1124.5 1 9 0.0803815 0.6988820530298814 0.11501440000000002 0.05
1125.0 1 9 0.080175 0.6982668524647273 0.11482000000000002 0.05
1125.5 1 9 0.0799685 0.6976495651931157 0.11462559999999998 0.05
1126.0 1 9 0.079762 0.6970301805801216 0.1144312 0.05
1126.5 1 9 0.0795555 0.6964086879184291 0.11423679999999999 0.05
1127.0 1 9 0.079349 0.6957850764277146 0.1140424 0.05
1127.5 1 9 0.0791425 0.695159335254023 0.11384799999999999 0.05
1128.0 1 9 0.07893599999999999 0.6945314534691378 0.1136536 0.05
1128.5 1 9 0.0787295 0.6939014200699458 0.11345919999999998 0.05
1129.0 1 9 0.078523 0.6932692239777936 0.1132648 0.05
1129.5 1 9 0.0783165 0.6926348540378383 0.1130704 0.05
1130.0 1 9 0.07811 0.6919982990183918 0.112876 0.05
1130.5 1 9 0.0779035 0.6913595476102576 0.11268159999999999 0.05
1131.0 1 9 0.077697 0.6907185884260609 0.1124872 0.05
1131.5 1 9 0.07749049999999999 0.6900754099995725 0.11229279999999998 0.05
1132.0 1 9 0.07728399999999999 0.6894300007850245 0.11209840000000001 0.05
1132.5 1 9 0.0770775 0.6887823491564197 0.111904 0.05
1133.0 1 9 0.076871 0.6881324434068334 0.11170959999999999 0.05
1133.5 1 9 0.0766645 0.687480271747708 0.11151519999999998 0.05
1134.0 1 9 0.076458 0.68682582230814 0.11132080000000001 0.05
1134.5 1 9 0.0762515 0.6861690831341607 0.1111264 0.05
1135.0 1 9 0.076045 0.685510042188007 0.110932 0.05
1135.5 1 9 0.0758385 0.684848687347387 0.1107376 0.05
1136.0 1 9 0.07563199999999999 0.6841850064047358 0.11054320000000001 0.05
1136.5 1 9 0.07542549999999999 0.6835189870664655 0.11034880000000001 0.05
1137.0 1 9 0.075219 0.6828506169522052 0.11015440000000001 0.05
1137.5 1 9 0.0750125 0.6821798835940341 0.10996 0.05
1138.0 1 9 0.074806 0.6815067744357066 0.1097656 0.05
1138.5 1 9 0.0745995 0.6808312768318683 0.1095712 0.05
1139.0 1 9 0.074393 0.6801533780472642 0.1093768 0.05
1139.5 1 9 0.07418649999999999 0.6794730652559385 0.1091824 0.05
1140.0 1 9 0.07397999999999999 0.6787903255404264 0.10898799999999999 0.05
1140.5 1 9 0.07377349999999999 0.6781051458909346 0.1087936 0.05
1141.0 1 9 0.073567 0.677417513204517 0.1085992 0.05
1141.5 1 9 0.0733605 0.6767274142842383 0.1084048 0.05
1142.0 1 9 0.073154 0.6760348358383298 0.1082104 0.05
1142.5 1 9 0.0729475 0.6753397644793364 0.108016 0.05
1143.0 1 9 0.072741 0.6746421867232539 0.1078216 0.05
1143.5 1 9 0.0725345 0.6739420889886572 0.1076272 0.05
1144.0 1 9 0.072328 0.673239457595818 0.10743280000000001 0.05
1144.5 1 9 0.0721215 0.6725342787658153 0.10723840000000001 0.05
1145.0 1 9 0.07191499999999999 0.6718265386196329 0.10704400000000001 0.05
1145.5 1 9 0.0717085 0.671116223177251 0.1068496 0.05
1146.0 1 9 0.071502 0.6704033183567233 0.1066552 0.05
1146.5 1 9 0.0712955 0.6696878099732484 0.1064608 0.05
1147.0 1 9 0.071089 0.6689696837382277 0.10626639999999998 0.05
1147.5 1 9 0.0708825 0.6682489252583151 0.106072 0.05
1148.0 1 9 0.07067599999999999 0.6675255200344548 0.1058776 0.05
1148.5 1 9 0.07046949999999999 0.6667994534609095 0.1056832 0.05
1149.0 1 9 0.07026299999999999 0.666070710824277 0.1054888 0.05
1149.5 1 9 0.0700565 0.6653392773024965 0.10529440000000001 0.05
1150.0 1 9 0.06985 0.6646051379638439 0.1051 0.05
1150.5 1 9 0.0696435 0.6638682777659152 0.10490560000000002 0.05
1151.0 1 9 0.069437 0.6631286815545997 0.10471119999999999 0.05
1151.5 1 9 0.0692305 0.6623863340630406 0.10451679999999999 0.05
1152.0 1 9 0.069024 0.6616412199105849 0.10432240000000001 0.05
1152.5 1 9 0.06881749999999999 0.6608933236017208 0.10412800000000001 0.05
1153.0 1 9 0.06861099999999999 0.6601426295250044 0.1039336 0.05
1153.5 1 9 0.0684045 0.6593891219519717 0.1037392 0.05
1154.0 1 9 0.068198 0.6586327850360424 0.10354479999999999 0.05
1154.5 1 9 0.0679915 0.6578736028114066 0.10335040000000001 0.05
1155.0 1 9 0.067785 0.6571115591919036 0.103156 0.05
1155.5 1 9 0.0675785 0.6563466379698839 0.1029616 0.05
1156.0 1 9 0.067372 0.6555788228150616 0.1027672 0.05
1156.5 1 9 0.06716549999999999 0.6548080972733512 0.10257279999999999 0.05
1157.0 1 9 0.06695899999999999 0.6540344447656926 0.10237840000000001 0.05
1157.5 1 9 0.06675249999999999 0.6532578485868629 0.102184 0.05
1158.0 1 9 0.066546 0.6524782919042725 0.1019896 0.05
1158.5 1 9 0.0663395 0.6516957577567507 0.1017952 0.05
1159.0 1 9 0.066133 0.6509102290533145 0.1016008 0.05
1159.5 1 9 0.0659265 0.6501216885719244 0.10140640000000001 0.05
1160.0 1 9 0.06572 0.6493301189582263 0.101212 0.05
1160.5 1 9 0.0655135 0.6485355027242777 0.10101760000000001 0.05
1161.0 1 9 0.06530699999999999 0.6477378222472604 0.1008232 0.05
1161.5 1 9 0.06510049999999999 0.6469370597681776 0.1006288 0.05
1162.0 1 9 0.064894 0.6461331973905354 0.10043440000000001 0.05
1162.5 1 9 0.0646875 0.6453262170790104 0.10024 0.05
1163.0 1 9 0.064481 0.6445161006580998 0.1000456 0.05
1163.5 1 9 0.0642745 0.6437028298107584 0.0998512 0.05
1164.0 1 9 0.064068 0.6428863860770163 0.0996568 0.05
1164.5 1 9 0.0638615 0.6420667508525835 0.0994624 0.05
1165.0 1 9 0.063655 0.6412439053874361 0.099268 0.05
1165.5 1 9 0.06344849999999999 0.6404178307843865 0.09907359999999998 0.05
1166.0 1 9 0.06324199999999999 0.6395885079976374 0.0988792 0.05
1166.5 1 9 0.0630355 0.6387559178313174 0.09868480000000002 0.05
1167.0 1 9 0.062829 0.6379200409379999 0.09849040000000002 0.05
1167.5 1 9 0.0626225 0.6370808578172051 0.09829600000000001 0.05
1168.0 1 9 0.062416 0.6362383488138827 0.0981016 0.05
1168.5 1 9 0.0622095 0.635392494116878 0.0979072 0.05
1169.0 1 9 0.062002999999999996 0.6345432737573787 0.0977128 0.05
1169.5 1 9 0.0617965 0.6336906676073438 0.0975184 0.05
1170.0 1 9 0.06159 0.632834655377913 0.097324 0.05
1170.5 1 9 0.061383499999999994 0.6319752166177972 0.0971296 0.05
1171.0 1 9 0.061176999999999995 0.6311123307116506 0.0969352 0.05
1171.5 1 9 0.0609705 0.6302459768784214 0.09674080000000002 0.05
1172.0 1 9 0.060764 0.6293761341696842 0.0965464 0.05
1172.5 1 9 0.0605575 0.6285027814679509 0.096352 0.05
1173.0 1 9 0.060351 0.6276258974849622 0.0961576 0.05
1173.5 1 9 0.0601445 0.626745460759958 0.0959632 0.05
1174.0 1 9 0.059938 0.6258614496579261 0.0957688 0.05
1174.5 1 9 0.0597315 0.6249738423678307 0.0955744 0.05
1175.0 1 9 0.059524999999999995 0.6240826169008178 0.09537999999999998 0.05
1175.5 1 9 0.059318499999999996 0.6231877510883999 0.0951856 0.05
1176.0 1 9 0.059112 0.622289222580618 0.0949912 0.05
1176.5 1 9 0.0589055 0.6213870088441804 0.0947968 0.05
1177.0 1 9 0.058699 0.6204810871605795 0.0946024 0.05
1177.5 1 9 0.058492499999999996 0.6195714346241843 0.09440800000000002 0.05
1178.0 1 9 0.058286 0.6186580281403109 0.09421360000000001 0.05
1178.5 1 9 0.0580795 0.6177408444232667 0.0940192 0.05
1179.0 1 9 0.057873 0.6168198599943725 0.0938248 0.05
1179.5 1 9 0.057666499999999996 0.6158950511799586 0.0936304 0.05
1180.0 1 9 0.05746 0.6149663941093368 0.09343599999999999 0.05
1180.5 1 9 0.0572535 0.6140338647127461 0.09324160000000001 0.05
1181.0 1 9 0.057047 0.6130974387192737 0.0930472 0.05
1181.5 1 9 0.0568405 0.6121570916547482 0.0928528 0.05
1182.0 1 9 0.056634 0.6112127988396087 0.0926584 0.05
1182.5 1 9 0.0564275 0.6102645353867452 0.09246399999999999 0.05
1183.0 1 9 0.056221 0.6093122761993115 0.09226960000000001 0.05
1183.5 1 9 0.056014499999999995 0.6083559959685126 0.09207520000000001 0.05
1184.0 1 9 0.055807999999999996 0.6073956691713611 0.0918808 0.05
1184.5 1 9 0.0556015 0.606431270068407 0.09168640000000002 0.05
1185.0 1 9 0.055395 0.6054627727014383 0.091492 0.05
1185.5 1 9 0.0551885 0.6044901508911515 0.0912976 0.05
1186.0 1 9 0.054982 0.6035133782347931 0.0911032 0.05
1186.5 1 9 0.0547755 0.60253242810377 0.0909088 0.05
1187.0 1 9 0.054569 0.6015472736412301 0.0907144 0.05
1187.5 1 9 0.0543625 0.6005578877596112 0.09051999999999999 0.05
1188.0 1 9 0.054155999999999996 0.5995642431381578 0.0903256 0.05
1188.5 1 9 0.0539495 0.5985663122204076 0.0901312 0.05
1189.0 1 9 0.053743 0.5975640672116419 0.08993680000000001 0.05
1189.5 1 9 0.0535365 0.5965574800763073 0.08974240000000001 0.05
1190.0 1 9 0.05333 0.5955465225354 0.08954800000000002 0.05
1190.5 1 9 0.053123500000000004 0.5945311660638184 0.08935359999999999 0.05
1191.0 1 9 0.052917 0.5935113818876796 0.0891592 0.05
1191.5 1 9 0.0527105 0.5924871409816016 0.08896480000000001 0.05
1192.0 1 9 0.052503999999999995 0.5914584140659499 0.0887704 0.05
1192.5 1 9 0.0522975 0.5904251716040462 0.088576 0.05
1193.0 1 9 0.052091 0.5893873837993427 0.0883816 0.05
1193.5 1 9 0.0518845 0.5883450205925577 0.0881872 0.05
1194.0 1 9 0.051678 0.587298051658772 0.08799280000000001 0.05
1194.5 1 9 0.0514715 0.5862464464044903 0.08779840000000001 0.05
1195.0 1 9 0.051265000000000005 0.5851901739646592 0.087604 0.05
1195.5 1 9 0.0510585 0.5841292031996486 0.08740959999999999 0.05
1196.0 1 9 0.050852 0.5830635026921913 0.08721519999999999 0.05
1196.5 1 9 0.050645499999999996 0.5819930407442817 0.08702080000000001 0.05
1197.0 1 9 0.050439 0.5809177853740337 0.08682639999999998 0.05
1197.5 1 9 0.0502325 0.5798377043124943 0.086632 0.05
1198.0 1 9 0.050026 0.5787527650004165 0.08643759999999999 0.05
1198.5 1 9 0.0498195 0.5776629345849876 0.08624319999999999 0.05
1199.0 1 9 0.049613000000000004 0.5765681799165124 0.08604880000000002 0.05
1199.5 1 9 0.0494065 0.575468467545053 0.08585440000000001 0.05
1200.0 1 9 0.0492 0.5743637637170208 0.08566 0.05
1200.5 1 9 0.0491275 0.5730564605401446 0.0857289 0.05
1201.0 1 9 0.049055 0.5717512570252384 0.0857978 0.05
1201.5 1 9 0.0489825 0.5704481481179549 0.08586670000000002 0.05
1202.0 1 9 0.04891 0.5691471287801563 0.08593560000000001 0.05
1202.5 1 9 0.0488375 0.5678481939898494 0.08600449999999998 0.05
1203.0 1 9 0.048765 0.5665513387411211 0.0860734 0.05
1203.5 1 9 0.0486925 0.5652565580440736 0.0861423 0.05
1204.0 1 9 0.048620000000000003 0.5639638469247615 0.0862112 0.05
1204.5 1 9 0.0485475 0.562673200425127 0.0862801 0.05
1205.0 1 9 0.048475000000000004 0.561384613602937 0.086349 0.05
1205.5 1 9 0.0484025 0.5600980815317197 0.0864179 0.05
1206.0 1 9 0.04833 0.5588135993007025 0.0864868 0.05
1206.5 1 9 0.0482575 0.557531162014749 0.0865557 0.05
1207.0 1 9 0.048185 0.5562507647942964 0.0866246 0.05
1207.5 1 9 0.0481125 0.5549724027752946 0.0866935 0.05
1208.0 1 9 0.04804 0.553696071109144 0.08676240000000002 0.05
1208.5 1 9 0.0479675 0.5524217649626345 0.08683129999999999 0.05
1209.0 1 9 0.047895 0.5511494795178837 0.0869002 0.05
1209.5 1 9 0.047822500000000004 0.5498792099722776 0.0869691 0.05
1210.0 1 9 0.04775 0.5486109515384084 0.087038 0.05
1210.5 1 9 0.0476775 0.5473446994440164 0.08710690000000001 0.05
1211.0 1 9 0.047605 0.5460804489319284 0.08717579999999998 0.05
1211.5 1 9 0.0475325 0.5448181952599986 0.0872447 0.05
1212.0 1 9 0.04746 0.54355793370105 0.0873136 0.05
1212.5 1 9 0.0473875 0.5422996595428146 0.08738250000000002 0.05
1213.0 1 9 0.047315 0.5410433680878751 0.08745140000000001 0.05
1213.5 1 9 0.0472425 0.539789054653606 0.08752030000000001 0.05
1214.0 1 9 0.047170000000000004 0.5385367145721162 0.08758920000000002 0.05
1214.5 1 9 0.0470975 0.5372863431901901 0.0876581 0.05
1215.0 1 9 0.047025 0.5360379358692307 0.087727 0.05
1215.5 1 9 0.0469525 0.534791487985202 0.0877959 0.05
1216.0 1 9 0.04688 0.533546994928572 0.08786479999999999 0.05
1216.5 1 9 0.0468075 0.5323044521042558 0.0879337 0.05
1217.0 1 9 0.046735 0.5310638549315588 0.0880026 0.05
1217.5 1 9 0.0466625 0.529825198844121 0.0880715 0.05
1218.0 1 9 0.04659 0.5285884792898603 0.0881404 0.05
1218.5 1 9 0.0465175 0.5273536917309173 0.0882093 0.05
1219.0 1 9 0.046445 0.5261208316435995 0.0882782 0.05
1219.5 1 9 0.0463725 0.524889894518326 0.08834709999999998 0.05
1220.0 1 9 0.0463 0.523660875859573 0.088416 0.05
1220.5 1 9 0.0462275 0.5224337711858181 0.08848489999999999 0.05
1221.0 1 9 0.046155 0.5212085760294871 0.08855380000000002 0.05
1221.5 1 9 0.0460825 0.5199852859368987 0.0886227 0.05
1222.0 1 9 0.04601 0.5187638964682112 0.08869160000000001 0.05
1222.5 1 9 0.0459375 0.5175444031973682 0.0887605 0.05
1223.0 1 9 0.045865 0.5163268017120458 0.0888294 0.05
1223.5 1 9 0.0457925 0.5151110876135989 0.0888983 0.05
1224.0 1 9 0.045720000000000004 0.5138972565170086 0.0889672 0.05
1224.5 1 9 0.0456475 0.5126853040508288 0.0890361 0.05
1225.0 1 9 0.045575 0.5114752258571348 0.089105 0.05
1225.5 1 9 0.0455025 0.5102670175914702 0.08917389999999999 0.05
1226.0 1 9 0.04543 0.5090606749227949 0.0892428 0.05
1226.5 1 9 0.0453575 0.5078561935334341 0.08931169999999998 0.05
1227.0 1 9 0.045285 0.5066535691190258 0.08938059999999999 0.05
1227.5 1 9 0.0452125 0.5054527973884706 0.0894495 0.05
1228.0 1 9 0.04514 0.5042538740638796 0.0895184 0.05
1228.5 1 9 0.0450675 0.5030567948805245 0.0895873 0.05
1229.0 1 9 0.044995 0.5018615555867859 0.08965620000000002 0.05
1229.5 1 9 0.044922500000000004 0.5006681519441049 0.0897251 0.05
1230.0 1 9 0.04485 0.49947657972693055 0.08979399999999998 0.05
1230.5 1 9 0.0447775 0.498286834722672 0.08986289999999998 0.05
1231.0 1 9 0.044705 0.49709891273164775 0.0899318 0.05
1231.5 1 9 0.0446325 0.49591280956703665 0.0900007 0.05
1232.0 1 9 0.04456 0.49472852105482873 0.09006960000000001 0.05
1232.5 1 9 0.0444875 0.4935460430337758 0.09013849999999998 0.05
1233.0 1 9 0.044415 0.49236537135534336 0.0902074 0.05
1233.5 1 9 0.0443425 0.4911865018836616 0.0902763 0.05
1234.0 1 9 0.044270000000000004 0.4900094304954774 0.0903452 0.05
1234.5 1 9 0.0441975 0.4888341530801059 0.0904141 0.05
1235.0 1 9 0.044125 0.48766066553938303 0.09048300000000001 0.05
1235.5 1 9 0.0440525 0.4864889637876179 0.0905519 0.05
1236.0 1 9 0.04398 0.4853190437515449 0.09062079999999999 0.05
1236.5 1 9 0.0439075 0.48415090137027694 0.0906897 0.05
1237.0 1 9 0.043835 0.4829845325952582 0.0907586 0.05
1237.5 1 9 0.0437625 0.4818199333902177 0.0908275 0.05
1238.0 1 9 0.04369 0.4806570997311225 0.0908964 0.05
1238.5 1 9 0.043617500000000003 0.4794960276061312 0.09096529999999999 0.05
1239.0 1 9 0.043545 0.47833671301554803 0.09103419999999998 0.05
1239.5 1 9 0.0434725 0.47717915197177696 0.09110310000000002 0.05
1240.0 1 9 0.0434 0.4760233404992761 0.091172 0.05
1240.5 1 9 0.0433275 0.47486927463451145 0.09124090000000001 0.05
1241.0 1 9 0.043255 0.4737169504259127 0.09130979999999998 0.05
1241.5 1 9 0.0431825 0.472566363933827 0.09137870000000001 0.05
1242.0 1 9 0.04311 0.47141751123047515 0.0914476 0.05
1242.5 1 9 0.0430375 0.47027038839990604 0.0915165 0.05
1243.0 1 9 0.042965 0.4691249915379526 0.0915854 0.05
1243.5 1 9 0.0428925 0.46798131675218735 0.0916543 0.05
1244.0 1 9 0.04282 0.46683936016187827 0.0917232 0.05
1244.5 1 9 0.0427475 0.4656991178979455 0.09179209999999999 0.05
1245.0 1 9 0.042675 0.46456058610291634 0.091861 0.05
1245.5 1 9 0.0426025 0.4634237609308832 0.09192990000000001 0.05
1246.0 1 9 0.04253 0.4622886385474593 0.09199879999999999 0.05
1246.5 1 9 0.0424575 0.46115521512973606 0.0920677 0.05
1247.0 1 9 0.042385 0.4600234868662399 0.09213660000000001 0.05
1247.5 1 9 0.0423125 0.4588934499568898 0.09220550000000001 0.05
1248.0 1 9 0.04224 0.4577651006129544 0.0922744 0.05
1248.5 1 9 0.042167500000000004 0.45663843505701013 0.0923433 0.05
1249.0 1 9 0.042095 0.4555134495228985 0.0924122 0.05
1249.5 1 9 0.042022500000000004 0.45439014025568475 0.09248109999999998 0.05
1250.0 1 9 0.04195 0.4532685035116153 0.09255000000000002 0.05
1250.5 1 9 0.0418775 0.4521485355580772 0.0926189 0.05
1251.0 1 9 0.041805 0.45103023267355574 0.0926878 0.05
1251.5 1 9 0.0417325 0.44991359114759366 0.09275669999999998 0.05
1252.0 1 9 0.04166 0.4487986072807501 0.09282560000000001 0.05
1252.5 1 9 0.0415875 0.4476852773845599 0.0928945 0.05
1253.0 1 9 0.041515 0.4465735977814925 0.0929634 0.05
1253.5 1 9 0.0414425 0.44546356480491184 0.0930323 0.05
1254.0 1 9 0.041370000000000004 0.44435517479903597 0.0931012 0.05
1254.5 1 9 0.0412975 0.4432484241188965 0.0931701 0.05
1255.0 1 9 0.041225 0.44214330913029953 0.093239 0.05
1255.5 1 9 0.0411525 0.44103982620978505 0.0933079 0.05
1256.0 1 9 0.04108 0.43993797174458754 0.0933768 0.05
1256.5 1 9 0.0410075 0.4388377421325968 0.0934457 0.05
1257.0 1 9 0.040935 0.43773913378231843 0.09351460000000002 0.05
1257.5 1 9 0.0408625 0.4366421431128351 0.0935835 0.05
1258.0 1 9 0.04079 0.4355467665537669 0.0936524 0.05
1258.5 1 9 0.040717500000000004 0.43445300054523356 0.09372130000000001 0.05
1259.0 1 9 0.040645 0.43336084153781523 0.0937902 0.05
1259.5 1 9 0.040572500000000004 0.4322702859925144 0.09385909999999999 0.05
1260.0 1 9 0.0405 0.43118133038071715 0.093928 0.05
1260.5 1 9 0.0404275 0.4300939711841561 0.09399689999999998 0.05
1261.0 1 9 0.040355 0.42900820489487146 0.0940658 0.05
1261.5 1 9 0.0402825 0.427924028015174 0.0941347 0.05
1262.0 1 9 0.04021 0.4268414370576072 0.0942036 0.05
1262.5 1 9 0.0401375 0.4257604285449097 0.0942725 0.05
1263.0 1 9 0.040065 0.4246809990099787 0.0943414 0.05
1263.5 1 9 0.0399925 0.423603144995832 0.0944103 0.05
1264.0 1 9 0.039920000000000004 0.4225268630555721 0.09447919999999999 0.05
1264.5 1 9 0.0398475 0.4214521497523483 0.0945481 0.05
1265.0 1 9 0.039775000000000005 0.4203790016593213 0.094617 0.05
1265.5 1 9 0.0397025 0.4193074153596259 0.09468589999999999 0.05
1266.0 1 9 0.03963 0.41823738744633515 0.0947548 0.05
1266.5 1 9 0.0395575 0.4171689145224243 0.0948237 0.05
1267.0 1 9 0.039485 0.4161019932007343 0.0948926 0.05
1267.5 1 9 0.0394125 0.4150366201039369 0.0949615 0.05
1268.0 1 9 0.03934 0.4139727918644981 0.09503039999999999 0.05
1268.5 1 9 0.039267500000000004 0.41291050512464345 0.0950993 0.05
1269.0 1 9 0.039195 0.411849756536322 0.0951682 0.05
1269.5 1 9 0.039122500000000004 0.4107905427611719 0.09523709999999999 0.05
1270.0 1 9 0.03905 0.4097328604704846 0.095306 0.05
1270.5 1 9 0.0389775 0.40867670634517045 0.0953749 0.05
1271.0 1 9 0.038905 0.4076220770757242 0.09544380000000001 0.05
1271.5 1 9 0.0388325 0.4065689693621895 0.0955127 0.05
1272.0 1 9 0.03876 0.40551737991412573 0.0955816 0.05
1272.5 1 9 0.0386875 0.40446730545057263 0.09565050000000001 0.05
1273.0 1 9 0.038615000000000003 0.403418742700017 0.0957194 0.05
1273.5 1 9 0.0385425 0.40237168840035786 0.09578829999999999 0.05
1274.0 1 9 0.038470000000000004 0.4013261392988738 0.09585719999999999 0.05
1274.5 1 9 0.0383975 0.400282092152188 0.0959261 0.05
1275.0 1 9 0.038325 0.3992395437262357 0.095995 0.05
1275.5 1 9 0.0382525 0.39819849079623043 0.09606390000000001 0.05
1276.0 1 9 0.03818 0.39715893014663045 0.0961328 0.05
1276.5 1 9 0.0381075 0.39612085857110635 0.0962017 0.05
1277.0 1 9 0.038035 0.3950842728725073 0.09627059999999998 0.05
1277.5 1 9 0.0379625 0.3940491698628289 0.0963395 0.05
1278.0 1 9 0.03789 0.3930155463631799 0.09640840000000002 0.05
1278.5 1 9 0.037817500000000004 0.3919833992037505 0.0964773 0.05
1279.0 1 9 0.037745 0.3909527252237789 0.0965462 0.05
1279.5 1 9 0.0376725 0.3899235212715197 0.0966151 0.05
1280.0 1 9 0.0376 0.38889578420421167 0.096684 0.05
1280.5 1 9 0.0375275 0.3878695108880457 0.09675289999999999 0.05
1281.0 1 9 0.037455 0.3868446981981331 0.0968218 0.05
1281.5 1 9 0.0373825 0.3858213430184734 0.0968907 0.05
1282.0 1 9 0.03731 0.3847994422419234 0.09695960000000002 0.05
1282.5 1 9 0.0372375 0.3837789927701655 0.0970285 0.05
1283.0 1 9 0.037165000000000004 0.382759991513676 0.0970974 0.05
1283.5 1 9 0.0370925 0.38174243539169445 0.0971663 0.05
1284.0 1 9 0.03702 0.3807263213321925 0.0972352 0.05
1284.5 1 9 0.0369475 0.3797116462718426 0.0973041 0.05
1285.0 1 9 0.036875000000000005 0.37869840715598785 0.097373 0.05
1285.5 1 9 0.0368025 0.3776866009386106 0.0974419 0.05
1286.0 1 9 0.03673 0.37667622458230265 0.0975108 0.05
1286.5 1 9 0.0366575 0.37566727505823444 0.09757970000000002 0.05
1287.0 1 9 0.036585 0.3746597493461248 0.0976486 0.05
1287.5 1 9 0.0365125 0.3736536444342109 0.0977175 0.05
1288.0 1 9 0.03644 0.3726489573192182 0.0977864 0.05
1288.5 1 9 0.036367500000000004 0.3716456850063308 0.09785530000000002 0.05
1289.0 1 9 0.036295 0.37064382450916117 0.0979242 0.05
1289.5 1 9 0.036222500000000005 0.3696433728497211 0.0979931 0.05
1290.0 1 9 0.03615 0.3686443270583917 0.098062 0.05
1290.5 1 9 0.0360775 0.36764668417389423 0.09813090000000001 0.05
1291.0 1 9 0.036005 0.3666504412432612 0.0981998 0.05
1291.5 1 9 0.0359325 0.3656555953218064 0.0982687 0.05
1292.0 1 9 0.03586 0.3646621434730968 0.09833760000000001 0.05
1292.5 1 9 0.0357875 0.36367008276892276 0.09840650000000001 0.05
1293.0 1 9 0.035715000000000004 0.36267941028927025 0.0984754 0.05
1293.5 1 9 0.0356425 0.3616901231222912 0.0985443 0.05
1294.0 1 9 0.035570000000000004 0.36070221836427585 0.09861319999999998 0.05
1294.5 1 9 0.0354975 0.35971569311962354 0.0986821 0.05
1295.0 1 9 0.035425 0.35873054450081515 0.09875099999999999 0.05
1295.5 1 9 0.0353525 0.3577467696283846 0.0988199 0.05
1296.0 1 9 0.03528 0.3567643656308904 0.0988888 0.05
1296.5 1 9 0.0352075 0.35578332964488874 0.0989577 0.05
1297.0 1 9 0.035135 0.3548036588149043 0.0990266 0.05
1297.5 1 9 0.0350625 0.35382535029340384 0.09909550000000002 0.05
1298.0 1 9 0.03499 0.3528484012407679 0.09916439999999999 0.05
1298.5 1 9 0.034917500000000004 0.35187280882526334 0.0992333 0.05
1299.0 1 9 0.034845 0.3508985702230162 0.09930220000000001 0.05
1299.5 1 9 0.0347725 0.34992568261798446 0.0993711 0.05
1300.0 1 9 0.0347 0.3489541432019308 0.09944000000000001 0.05
1300.5 1 9 0.0346275 0.34823696707248636 0.0994366 0.05
1301.0 1 9 0.034555 0.34751974189707263 0.0994332 0.05
1301.5 1 9 0.0344825 0.3468024676706581 0.0994298 0.05
1302.0 1 9 0.03441 0.3460851443882108 0.0994264 0.05
1302.5 1 9 0.0343375 0.34536777204469793 0.099423 0.05
1303.0 1 9 0.034265000000000004 0.3446503506350861 0.0994196 0.05
1303.5 1 9 0.0341925 0.34393288015434104 0.09941620000000001 0.05
1304.0 1 9 0.034120000000000004 0.34321536059742813 0.0994128 0.05
1304.5 1 9 0.0340475 0.34249779195931174 0.0994094 0.05
1305.0 1 9 0.033975000000000005 0.3417801742349557 0.09940599999999998 0.05
1305.5 1 9 0.0339025 0.3410625074193231 0.0994026 0.05
1306.0 1 9 0.03383 0.3403447915073763 0.09939920000000001 0.05
1306.5 1 9 0.0337575 0.3396270264940772 0.0993958 0.05
1307.0 1 9 0.033685 0.33890921237438676 0.0993924 0.05
1307.5 1 9 0.033612500000000003 0.3381913491432654 0.099389 0.05
1308.0 1 9 0.03354 0.3374734367956726 0.0993856 0.05
1308.5 1 9 0.033467500000000004 0.3367554753265676 0.09938219999999999 0.05
1309.0 1 9 0.033395 0.3360374647309084 0.0993788 0.05
1309.5 1 9 0.033322500000000005 0.33531940500365287 0.0993754 0.05
1310.0 1 9 0.03325 0.3346012961397577 0.09937199999999999 0.05
1310.5 1 9 0.0331775 0.3338831381341792 0.0993686 0.05
1311.0 1 9 0.033105 0.33316493098187294 0.0993652 0.05
1311.5 1 9 0.0330325 0.33244667467779365 0.0993618 0.05
1312.0 1 9 0.03296 0.33172836921689564 0.0993584 0.05
1312.5 1 9 0.0328875 0.33101001459413215 0.099355 0.05
1313.0 1 9 0.032815000000000004 0.3302916108044561 0.09935160000000001 0.05
1313.5 1 9 0.0327425 0.3295731578428195 0.09934820000000001 0.05
1314.0 1 9 0.032670000000000005 0.3288546557041738 0.09934479999999998 0.05
1314.5 1 9 0.0325975 0.3281361043834696 0.09934139999999998 0.05
1315.0 1 9 0.032525 0.3274175038756568 0.099338 0.05
1315.5 1 9 0.0324525 0.32669885417568506 0.0993346 0.05
1316.0 1 9 0.03238 0.32598015527850266 0.0993312 0.05
1316.5 1 9 0.0323075 0.32526140717905766 0.0993278 0.05
1317.0 1 9 0.032235 0.3245426098722972 0.09932440000000001 0.05
1317.5 1 9 0.032162500000000004 0.32382376335316804 0.099321 0.05
1318.0 1 9 0.03209 0.3231048676166158 0.0993176 0.05
1318.5 1 9 0.032017500000000004 0.32238592265758576 0.0993142 0.05
1319.0 1 9 0.031945 0.3216669284710223 0.0993108 0.05
1319.5 1 9 0.0318725 0.3209478850518692 0.0993074 0.05
1320.0 1 9 0.0318 0.3202287923950697 0.099304 0.05
1320.5 1 9 0.0317275 0.31950965049556596 0.0993006 0.05
1321.0 1 9 0.031655 0.31879045934829986 0.0992972 0.05
1321.5 1 9 0.0315825 0.3180712189482123 0.0992938 0.05
1322.0 1 9 0.03151 0.3173519292902436 0.0992904 0.05
1322.5 1 9 0.0314375 0.31663259036933333 0.099287 0.05
1323.0 1 9 0.031365000000000004 0.31591320218042057 0.0992836 0.05
1323.5 1 9 0.0312925 0.31519376471844335 0.0992802 0.05
1324.0 1 9 0.03122 0.3144742779783394 0.0992768 0.05
1324.5 1 9 0.0311475 0.3137547419550454 0.0992734 0.05
1325.0 1 9 0.031075000000000002 0.31303515664349757 0.09926999999999998 0.05
1325.5 1 9 0.031002500000000002 0.31231552203863133 0.0992666 0.05
1326.0 1 9 0.030930000000000003 0.31159583813538155 0.09926319999999998 0.05
1326.5 1 9 0.030857500000000003 0.3108761049286822 0.09925979999999998 0.05
1327.0 1 9 0.030785 0.3101563224134666 0.0992564 0.05
1327.5 1 9 0.030712500000000004 0.30943649058466755 0.09925299999999998 0.05
1328.0 1 9 0.03064 0.30871660943721685 0.09924960000000001 0.05
1328.5 1 9 0.0305675 0.30799667896604604 0.0992462 0.05
1329.0 1 9 0.030495 0.3072766991660856 0.0992428 0.05
1329.5 1 9 0.0304225 0.3065566700322654 0.0992394 0.05
1330.0 1 9 0.030350000000000002 0.3058365915595147 0.099236 0.05
1330.5 1 9 0.030277500000000002 0.30511646374276197 0.0992326 0.05
1331.0 1 9 0.030205000000000003 0.304396286576935 0.09922920000000002 0.05
1331.5 1 9 0.0301325 0.30367606005696096 0.09922580000000002 0.05
1332.0 1 9 0.030060000000000003 0.30295578417776636 0.09922239999999999 0.05
1332.5 1 9 0.0299875 0.3022354589342767 0.09921899999999999 0.05
1333.0 1 9 0.029915 0.3015150843214172 0.0992156 0.05
1333.5 1 9 0.0298425 0.3007946603341121 0.09921220000000001 0.05
1334.0 1 9 0.02977 0.30007418696728516 0.0992088 0.05
1334.5 1 9 0.0296975 0.29935366421585924 0.0992054 0.05
1335.0 1 9 0.029625000000000002 0.2986330920747566 0.099202 0.05
1335.5 1 9 0.029552500000000002 0.29791247053889874 0.09919860000000001 0.05
1336.0 1 9 0.029480000000000003 0.29719179960320663 0.0991952 0.05
1336.5 1 9 0.029407500000000003 0.29647107926260036 0.0991918 0.05
1337.0 1 9 0.029335 0.2957503095119994 0.0991884 0.05
1337.5 1 9 0.029262500000000004 0.2950294903463226 0.099185 0.05
1338.0 1 9 0.02919 0.29430862176048783 0.0991816 0.05
1338.5 1 9 0.0291175 0.2935877037494127 0.09917820000000001 0.05
1339.0 1 9 0.029045 0.29286673630801374 0.09917480000000001 0.05
1339.5 1 9 0.0289725 0.292145719431207 0.0991714 0.05
1340.0 1 9 0.028900000000000002 0.2914246531139077 0.099168 0.05
1340.5 1 9 0.028827500000000002 0.2907035373510305 0.09916460000000002 0.05
1341.0 1 9 0.028755000000000003 0.2899823721374893 0.0991612 0.05
1341.5 1 9 0.0286825 0.28926115746819714 0.0991578 0.05
1342.0 1 9 0.028610000000000003 0.28853989333806673 0.09915439999999999 0.05
1342.5 1 9 0.0285375 0.28781857974200964 0.09915100000000002 0.05
1343.0 1 9 0.028465 0.28709721667493715 0.0991476 0.05
1343.5 1 9 0.0283925 0.2863758041317596 0.0991442 0.05
1344.0 1 9 0.02832 0.28565434210738666 0.0991408 0.05
1344.5 1 9 0.028247500000000002 0.28493283059672736 0.09913740000000001 0.05
1345.0 1 9 0.028175000000000002 0.28421126959469006 0.09913399999999999 0.05
1345.5 1 9 0.028102500000000002 0.28348965909618223 0.0991306 0.05
1346.0 1 9 0.028030000000000003 0.2827679990961109 0.0991272 0.05
1346.5 1 9 0.027957500000000003 0.2820462895893822 0.0991238 0.05
1347.0 1 9 0.027885 0.2813245305709017 0.0991204 0.05
1347.5 1 9 0.0278125 0.2806027220355741 0.099117 0.05
1348.0 1 9 0.02774 0.2798808639783037 0.0991136 0.05
1348.5 1 9 0.0276675 0.2791589563939938 0.09911019999999998 0.05
1349.0 1 9 0.027595 0.27843699927754706 0.0991068 0.05
1349.5 1 9 0.027522500000000002 0.2777149926238656 0.09910339999999998 0.05
1350.0 1 9 0.027450000000000002 0.2769929364278507 0.09909999999999998 0.05
1350.5 1 9 0.027377500000000003 0.2762708306844029 0.0990966 0.05
1351.0 1 9 0.027305000000000003 0.2755486753884222 0.09909320000000002 0.05
1351.5 1 9 0.027232500000000003 0.27482647053480785 0.09908979999999999 0.05
1352.0 1 9 0.027160000000000004 0.27410421611845825 0.0990864 0.05
1352.5 1 9 0.0270875 0.27338191213427127 0.099083 0.05
1353.0 1 9 0.027015 0.272659558577144 0.0990796 0.05
1353.5 1 9 0.0269425 0.27193715544197294 0.0990762 0.05
1354.0 1 9 0.02687 0.2712147027236537 0.0990728 0.05
1354.5 1 9 0.026797500000000002 0.2704922004170814 0.0990694 0.05
1355.0 1 9 0.026725000000000002 0.2697696485171502 0.09906600000000002 0.05
1355.5 1 9 0.026652500000000003 0.2690470470187538 0.0990626 0.05
1356.0 1 9 0.026580000000000003 0.26832439591678514 0.0990592 0.05
1356.5 1 9 0.026507500000000003 0.26760169520613636 0.0990558 0.05
1357.0 1 9 0.026435 0.266878944881699 0.09905239999999998 0.05
1357.5 1 9 0.0263625 0.26615614493836387 0.09904899999999998 0.05
1358.0 1 9 0.02629 0.26543329537102106 0.0990456 0.05
1358.5 1 9 0.0262175 0.26471039617455994 0.09904220000000001 0.05
1359.0 1 9 0.026145 0.2639874473438693 0.0990388 0.05
1359.5 1 9 0.026072500000000002 0.26326444887383704 0.0990354 0.05
1360.0 1 9 0.026000000000000002 0.26254140075935056 0.099032 0.05
1360.5 1 9 0.025927500000000003 0.26181830299529635 0.0990286 0.05
1361.0 1 9 0.025855000000000003 0.2610951555765604 0.09902519999999998 0.05
1361.5 1 9 0.0257825 0.2603719584980277 0.09902180000000001 0.05
1362.0 1 9 0.02571 0.259648711754583 0.0990184 0.05
1362.5 1 9 0.0256375 0.2589254153411099 0.099015 0.05
1363.0 1 9 0.025565 0.2582020692524916 0.0990116 0.05
1363.5 1 9 0.0254925 0.2574786734836105 0.09900819999999999 0.05
1364.0 1 9 0.02542 0.2567552280293481 0.0990048 0.05
1364.5 1 9 0.025347500000000002 0.2560317328845855 0.0990014 0.05
1365.0 1 9 0.025275000000000002 0.2553081880442029 0.098998 0.05
1365.5 1 9 0.025202500000000003 0.25458459350308 0.0989946 0.05
1366.0 1 9 0.02513 0.2538609492560955 0.0989912 0.05
1366.5 1 9 0.0250575 0.25313725529812764 0.09898780000000001 0.05
1367.0 1 9 0.024985 0.2524135116240539 0.0989844 0.05
1367.5 1 9 0.0249125 0.25168971822875097 0.098981 0.05
1368.0 1 9 0.02484 0.25096587510709495 0.0989776 0.05
1368.5 1 9 0.0247675 0.25024198225396116 0.0989742 0.05
1369.0 1 9 0.024695 0.24951803966422423 0.0989708 0.05
1369.5 1 9 0.024622500000000002 0.2487940473327581 0.09896740000000001 0.05
1370.0 1 9 0.024550000000000002 0.24807000525443598 0.098964 0.05
1370.5 1 9 0.0244775 0.24734591342413043 0.0989606 0.05
1371.0 1 9 0.024405 0.24662177183671324 0.09895720000000001 0.05
1371.5 1 9 0.0243325 0.2458975804870556 0.0989538 0.05
1372.0 1 9 0.02426 0.24517333937002783 0.0989504 0.05
1372.5 1 9 0.0241875 0.24444904848049964 0.09894700000000001 0.05
1373.0 1 9 0.024115 0.24372470781334013 0.09894359999999999 0.05
1373.5 1 9 0.0240425 0.2430003173634175 0.0989402 0.05
1374.0 1 9 0.02397 0.24227587712559936 0.09893680000000002 0.05
1374.5 1 9 0.023897500000000002 0.24155138709475263 0.0989334 0.05
1375.0 1 9 0.023825 0.24082684726574344 0.09893 0.05
1375.5 1 9 0.0237525 0.2401022576334373 0.0989266 0.05
1376.0 1 9 0.02368 0.23937761819269898 0.0989232 0.05
1376.5 1 9 0.0236075 0.23865292893839252 0.0989198 0.05
1377.0 1 9 0.023535 0.23792818986538128 0.0989164 0.05
1377.5 1 9 0.0234625 0.2372034009685279 0.098913 0.05
1378.0 1 9 0.02339 0.23647856224269434 0.0989096 0.05
1378.5 1 9 0.0233175 0.23575367368274183 0.09890620000000001 0.05
1379.0 1 9 0.023245000000000002 0.2350287352835309 0.09890280000000001 0.05
1379.5 1 9 0.0231725 0.23430374703992138 0.09889939999999998 0.05
1380.0 1 9 0.023100000000000002 0.2335787089467724 0.098896 0.05
1380.5 1 9 0.0230275 0.23285362099894227 0.09889260000000001 0.05
1381.0 1 9 0.022955 0.23212848319128884 0.0988892 0.05
1381.5 1 9 0.0228825 0.23140329551866903 0.09888579999999998 0.05
1382.0 1 9 0.02281 0.2306780579759391 0.09888240000000001 0.05
1382.5 1 9 0.0227375 0.22995277055795468 0.098879 0.05
1383.0 1 9 0.022665 0.22922743325957062 0.09887560000000001 0.05
1383.5 1 9 0.0225925 0.2285020460756411 0.0988722 0.05
1384.0 1 9 0.02252 0.2277766090010195 0.0988688 0.05
1384.5 1 9 0.022447500000000002 0.22705112203055872 0.09886540000000002 0.05
1385.0 1 9 0.022375 0.22632558515911066 0.098862 0.05
1385.5 1 9 0.0223025 0.22559999838152672 0.09885860000000002 0.05
1386.0 1 9 0.02223 0.22487436169265754 0.0988552 0.05
1386.5 1 9 0.0221575 0.22414867508735298 0.09885180000000002 0.05
1387.0 1 9 0.022085 0.22342293856046228 0.0988484 0.05
1387.5 1 9 0.0220125 0.22269715210683394 0.09884499999999999 0.05
1388.0 1 9 0.02194 0.22197131572131573 0.09884160000000002 0.05
1388.5 1 9 0.021867499999999998 0.22124542939875472 0.0988382 0.05
1389.0 1 9 0.021795000000000002 0.22051949313399735 0.09883479999999999 0.05
1389.5 1 9 0.0217225 0.21979350692188918 0.0988314 0.05
1390.0 1 9 0.02165 0.21906747075727526 0.098828 0.05
1390.5 1 9 0.0215775 0.21834138463499977 0.09882460000000001 0.05
1391.0 1 9 0.021505 0.2176152485499063 0.0988212 0.05
1391.5 1 9 0.0214325 0.21688906249683762 0.0988178 0.05
1392.0 1 9 0.02136 0.21616282647063587 0.0988144 0.05
1392.5 1 9 0.0212875 0.21543654046614244 0.098811 0.05
1393.0 1 9 0.021214999999999998 0.21471020447819802 0.0988076 0.05
1393.5 1 9 0.0211425 0.21398381850164266 0.0988042 0.05
1394.0 1 9 0.02107 0.21325738253131554 0.09880079999999998 0.05
1394.5 1 9 0.0209975 0.21253089656205526 0.0987974 0.05
1395.0 1 9 0.020925 0.2118043605886997 0.098794 0.05
1395.5 1 9 0.0208525 0.21107777460608598 0.0987906 0.05
1396.0 1 9 0.02078 0.21035113860905055 0.0987872 0.05
1396.5 1 9 0.0207075 0.20962445259242912 0.0987838 0.05
1397.0 1 9 0.020635 0.20889771655105668 0.0987804 0.05
1397.5 1 9 0.020562499999999997 0.20817093047976754 0.098777 0.05
1398.0 1 9 0.02049 0.20744409437339534 0.09877359999999999 0.05
1398.5 1 9 0.020417499999999998 0.20671720822677284 0.09877019999999999 0.05
1399.0 1 9 0.020345 0.2059902720347323 0.0987668 0.05
1399.5 1 9 0.0202725 0.20526328579210515 0.0987634 0.05
1400.0 1 9 0.0202 0.20453624949372215 0.09876 0.05
1400.5 1 9 0.020172 0.20451552267950615 0.0986331 0.05
1401.0 1 9 0.020144 0.20449474246291094 0.09850620000000002 0.05
1401.5 1 9 0.020116 0.20447390863728446 0.0983793 0.05
1402.0 1 9 0.020087999999999998 0.20445302099490698 0.09825239999999999 0.05
1402.5 1 9 0.020059999999999998 0.2044320793269843 0.0981255 0.05
1403.0 1 9 0.020031999999999998 0.2044110834236407 0.0979986 0.05
1403.5 1 9 0.020003999999999997 0.20439003307391204 0.0978717 0.05
1404.0 1 9 0.019976 0.20436892806573853 0.09774480000000002 0.05
1404.5 1 9 0.019948 0.20434776818595768 0.09761790000000002 0.05
1405.0 1 9 0.01992 0.20432655322029727 0.097491 0.05
1405.5 1 9 0.019892 0.20430528295336783 0.0973641 0.05
1406.0 1 9 0.019864 0.20428395716865563 0.0972372 0.05
1406.5 1 9 0.019836 0.20426257564851513 0.09711030000000001 0.05
1407.0 1 9 0.019808 0.20424113817416176 0.09698340000000001 0.05
1407.5 1 9 0.01978 0.20421964452566424 0.0968565 0.05
1408.0 1 9 0.019752 0.20419809448193726 0.0967296 0.05
1408.5 1 9 0.019724 0.20417648782073378 0.09660269999999999 0.05
1409.0 1 9 0.019695999999999998 0.2041548243186374 0.09647579999999999 0.05
1409.5 1 9 0.019667999999999998 0.20413310375105473 0.09634890000000002 0.05
1410.0 1 9 0.019639999999999998 0.20411132589220757 0.09622200000000002 0.05
1410.5 1 9 0.019611999999999997 0.2040894905151251 0.0960951 0.05
1411.0 1 9 0.019584 0.204067597391636 0.0959682 0.05
1411.5 1 9 0.019556 0.20404564629236038 0.09584130000000002 0.05
1412.0 1 9 0.019528 0.2040236369867021 0.0957144 0.05
1412.5 1 9 0.0195 0.20400156924284032 0.09558749999999999 0.05
1413.0 1 9 0.019472 0.20397944282772157 0.09546060000000002 0.05
1413.5 1 9 0.019444 0.20395725750705151 0.09533370000000002 0.05
1414.0 1 9 0.019416 0.2039350130452867 0.0952068 0.05
1414.5 1 9 0.019388 0.203912709205626 0.09507989999999998 0.05
1415.0 1 9 0.01936 0.20389034575000262 0.094953 0.05
1415.5 1 9 0.019332 0.2038679224390753 0.0948261 0.05
1416.0 1 9 0.019303999999999998 0.2038454390322199 0.0946992 0.05
1416.5 1 9 0.019275999999999998 0.20382289528752076 0.0945723 0.05
1417.0 1 9 0.019247999999999998 0.20380029096176203 0.09444539999999998 0.05
1417.5 1 9 0.019219999999999998 0.20377762581041892 0.09431850000000001 0.05
1418.0 1 9 0.019192 0.203754899587649 0.09419160000000001 0.05
1418.5 1 9 0.019164 0.20373211204628303 0.09406470000000001 0.05
1419.0 1 9 0.019136 0.2037092629378163 0.09393780000000002 0.05
1419.5 1 9 0.019108 0.2036863520123994 0.0938109 0.05
1420.0 1 9 0.01908 0.20366337901882925 0.093684 0.05
1420.5 1 9 0.019052 0.2036403437045398 0.0935571 0.05
1421.0 1 9 0.019024 0.2036172458155928 0.09343020000000002 0.05
1421.5 1 9 0.018996 0.20359408509666857 0.0933033 0.05
1422.0 1 9 0.018968 0.2035708612910565 0.0931764 0.05
1422.5 1 9 0.01894 0.20354757414064553 0.09304950000000001 0.05
1423.0 1 9 0.018911999999999998 0.20352422338591472 0.0929226 0.05
1423.5 1 9 0.018883999999999998 0.2035008087659234 0.0927957 0.05
1424.0 1 9 0.018855999999999998 0.20347733001830173 0.0926688 0.05
1424.5 1 9 0.018827999999999998 0.20345378687924062 0.0925419 0.05
1425.0 1 9 0.018799999999999997 0.2034301790834821 0.092415 0.05
1425.5 1 9 0.018772 0.20340650636430918 0.09228809999999998 0.05
1426.0 1 9 0.018744 0.20338276845353576 0.09216120000000001 0.05
1426.5 1 9 0.018716 0.20335896508149678 0.0920343 0.05
1427.0 1 9 0.018688 0.20333509597703775 0.09190740000000001 0.05
1427.5 1 9 0.01866 0.20331116086750453 0.0917805 0.05
1428.0 1 9 0.018632 0.20328715947873296 0.0916536 0.05
1428.5 1 9 0.018604 0.20326309153503838 0.09152670000000002 0.05
1429.0 1 9 0.018576 0.20323895675920514 0.09139980000000002 0.05
1429.5 1 9 0.018548 0.2032147548724758 0.0912729 0.05
1430.0 1 9 0.01852 0.2031904855945406 0.091146 0.05
1430.5 1 9 0.018491999999999998 0.20316614864352645 0.0910191 0.05
1431.0 1 9 0.018463999999999998 0.20314174373598612 0.0908922 0.05
1431.5 1 9 0.018435999999999998 0.20311727058688728 0.0907653 0.05
1432.0 1 9 0.018408 0.20309272890960123 0.0906384 0.05
1432.5 1 9 0.01838 0.20306811841589192 0.0905115 0.05
1433.0 1 9 0.018352 0.2030434388159045 0.09038459999999998 0.05
1433.5 1 9 0.018324 0.20301868981815402 0.0902577 0.05
1434.0 1 9 0.018296 0.202993871129514 0.0901308 0.05
1434.5 1 9 0.018268 0.20296898245520473 0.0900039 0.05
1435.0 1 9 0.01824 0.20294402349878166 0.089877 0.05
1435.5 1 9 0.018212 0.2029189939621237 0.08975010000000001 0.05
1436.0 1 9 0.018184 0.20289389354542126 0.08962320000000001 0.05
1436.5 1 9 0.018156 0.20286872194716427 0.0894963 0.05
1437.0 1 9 0.018128 0.2028434788641302 0.0893694 0.05
1437.5 1 9 0.018099999999999998 0.20281816399137179 0.0892425 0.05
1438.0 1 9 0.018071999999999998 0.20279277702220483 0.08911560000000002 0.05
1438.5 1 9 0.018043999999999998 0.20276731764819575 0.0889887 0.05
1439.0 1 9 0.018015999999999997 0.2027417855591491 0.0888618 0.05
1439.5 1 9 0.017987999999999997 0.20271618044309506 0.0887349 0.05
1440.0 1 9 0.01796 0.2026905019862766 0.08860800000000002 0.05
1440.5 1 9 0.017932 0.20266474987313673 0.08848110000000001 0.05
1441.0 1 9 0.017904 0.20263892378630557 0.0883542 0.05
1441.5 1 9 0.017876 0.20261302340658727 0.08822730000000001 0.05
1442.0 1 9 0.017848 0.20258704841294706 0.0881004 0.05
1442.5 1 9 0.01782 0.20256099848249756 0.0879735 0.05
1443.0 1 9 0.017792 0.20253487329048592 0.08784659999999998 0.05
1443.5 1 9 0.017764 0.2025086725102799 0.08771969999999998 0.05
1444.0 1 9 0.017736 0.2024823958133545 0.0875928 0.05
1444.5 1 9 0.017707999999999998 0.20245604286927818 0.0874659 0.05
1445.0 1 9 0.017679999999999998 0.20242961334569892 0.087339 0.05
1445.5 1 9 0.017651999999999998 0.20240310690833035 0.0872121 0.05
1446.0 1 9 0.017624 0.20237652322093766 0.08708520000000002 0.05
1446.5 1 9 0.017596 0.20234986194532323 0.0869583 0.05
1447.0 1 9 0.017568 0.20232312274131248 0.08683139999999999 0.05
1447.5 1 9 0.01754 0.2022963052667393 0.08670450000000002 0.05
1448.0 1 9 0.017512 0.20226940917743155 0.08657760000000002 0.05
1448.5 1 9 0.017484 0.20224243412719617 0.08645070000000002 0.05
1449.0 1 9 0.017456 0.20221537976780446 0.0863238 0.05
1449.5 1 9 0.017428 0.20218824574897704 0.08619689999999999 0.05
1450.0 1 9 0.0174 0.20216103171836874 0.08607 0.05
1450.5 1 9 0.017372 0.20213373732155343 0.0859431 0.05
1451.0 1 9 0.017344 0.20210636220200848 0.0858162 0.05
1451.5 1 9 0.017315999999999998 0.20207890600109932 0.08568929999999998 0.05
1452.0 1 9 0.017287999999999998 0.2020513683580638 0.08556239999999998 0.05
1452.5 1 9 0.017259999999999998 0.20202374890999641 0.0854355 0.05
1453.0 1 9 0.017231999999999997 0.2019960472918322 0.0853086 0.05
1453.5 1 9 0.017203999999999997 0.2019682631363309 0.0851817 0.05
1454.0 1 9 0.017176 0.2019403960740605 0.0850548 0.05
1454.5 1 9 0.017148 0.2019124457333809 0.0849279 0.05
1455.0 1 9 0.01712 0.2018844117404276 0.08480099999999999 0.05
1455.5 1 9 0.017092 0.20185629371909472 0.0846741 0.05
1456.0 1 9 0.017064 0.2018280912910185 0.08454719999999999 0.05
1456.5 1 9 0.017036 0.20179980407556 0.0844203 0.05
1457.0 1 9 0.017008 0.20177143168978826 0.0842934 0.05
1457.5 1 9 0.01698 0.20174297374846284 0.0841665 0.05
1458.0 1 9 0.016952 0.20171442986401644 0.0840396 0.05
1458.5 1 9 0.016923999999999998 0.20168579964653738 0.0839127 0.05
1459.0 1 9 0.016895999999999998 0.2016570827037517 0.0837858 0.05
1459.5 1 9 0.016867999999999998 0.20162827864100527 0.08365890000000001 0.05
1460.0 1 9 0.016839999999999997 0.20159938706124597 0.083532 0.05
1460.5 1 9 0.016811999999999997 0.201570407565005 0.0834051 0.05
1461.0 1 9 0.016784 0.20154133975037886 0.08327820000000001 0.05
1461.5 1 9 0.016756 0.2015121832130105 0.0831513 0.05
1462.0 1 9 0.016728 0.2014829375460708 0.0830244 0.05
1462.5 1 9 0.0167 0.20145360234023946 0.0828975 0.05
1463.0 1 9 0.016672 0.201424177183686 0.0827706 0.05
1463.5 1 9 0.016644 0.20139466166205044 0.0826437 0.05
1464.0 1 9 0.016616 0.20136505535842397 0.0825168 0.05
1464.5 1 9 0.016588 0.2013353578533291 0.0823899 0.05
1465.0 1 9 0.01656 0.2013055687247 0.082263 0.05
1465.5 1 9 0.016531999999999998 0.2012756875478626 0.0821361 0.05
1466.0 1 9 0.016503999999999998 0.20124571389551413 0.0820092 0.05
1466.5 1 9 0.016475999999999998 0.20121564733770297 0.08188230000000002 0.05
1467.0 1 9 0.016447999999999997 0.2011854874418081 0.0817554 0.05
1467.5 1 9 0.016419999999999997 0.20115523377251815 0.0816285 0.05
1468.0 1 9 0.016391999999999997 0.20112488589181066 0.08150160000000001 0.05
1468.5 1 9 0.016364 0.20109444335893098 0.0813747 0.05
1469.0 1 9 0.016336 0.20106390573037053 0.08124780000000001 0.05
1469.5 1 9 0.016308 0.20103327255984588 0.0811209 0.05
1470.0 1 9 0.01628 0.20100254339827642 0.080994 0.05
1470.5 1 9 0.016252 0.20097171779376286 0.0808671 0.05
1471.0 1 9 0.016224 0.20094079529156478 0.08074020000000001 0.05
1471.5 1 9 0.016196 0.20090977543407848 0.0806133 0.05
1472.0 1 9 0.016168 0.20087865776081423 0.0804864 0.05
1472.5 1 9 0.016139999999999998 0.2008474418083736 0.08035949999999999 0.05
1473.0 1 9 0.016111999999999998 0.2008161271104264 0.08023260000000002 0.05
1473.5 1 9 0.016083999999999998 0.2007847131976875 0.0801057 0.05
1474.0 1 9 0.016055999999999997 0.2007531995978934 0.07997880000000002 0.05
1474.5 1 9 0.016027999999999997 0.20072158583577843 0.07985190000000002 0.05
1475.0 1 9 0.016 0.20068987143305111 0.07972499999999999 0.05
1475.5 1 9 0.015972 0.20065805590836966 0.0795981 0.05
1476.0 1 9 0.015944 0.20062613877731805 0.0794712 0.05
1476.5 1 9 0.015916 0.20059411955238118 0.0793443 0.05
1477.0 1 9 0.015888 0.20056199774292013 0.0792174 0.05
1477.5 1 9 0.01586 0.20052977285514692 0.07909050000000001 0.05
1478.0 1 9 0.015832 0.20049744439209966 0.0789636 0.05
1478.5 1 9 0.015804 0.20046501185361637 0.0788367 0.05
1479.0 1 9 0.015776 0.20043247473630982 0.07870980000000001 0.05
1479.5 1 9 0.015747999999999998 0.200399832533541 0.07858290000000001 0.05
1480.0 1 9 0.015719999999999998 0.20036708473539305 0.078456 0.05
1480.5 1 9 0.015691999999999998 0.20033423082864477 0.0783291 0.05
1481.0 1 9 0.015663999999999997 0.20030127029674355 0.0782022 0.05
1481.5 1 9 0.015635999999999997 0.20026820261977857 0.07807529999999999 0.05
1482.0 1 9 0.015607999999999999 0.20023502727445333 0.0779484 0.05
1482.5 1 9 0.015579999999999998 0.20020174373405805 0.0778215 0.05
1483.0 1 9 0.015551999999999998 0.20016835146844178 0.0776946 0.05
1483.5 1 9 0.015523999999999998 0.20013484994398437 0.07756770000000002 0.05
1484.0 1 9 0.015496 0.2001012386235679 0.0774408 0.05
1484.5 1 9 0.015467999999999999 0.20006751696654804 0.07731389999999999 0.05
1485.0 1 9 0.015439999999999999 0.20003368442872502 0.077187 0.05
1485.5 1 9 0.015411999999999999 0.19999974046231445 0.0770601 0.05
1486.0 1 9 0.015383999999999998 0.19996568451591767 0.0769332 0.05
1486.5 1 9 0.015355999999999998 0.19993151603449194 0.0768063 0.05
1487.0 1 9 0.015327999999999998 0.19989723445932017 0.07667940000000001 0.05
1487.5 1 9 0.015299999999999998 0.1998628392279808 0.0765525 0.05
1488.0 1 9 0.015271999999999999 0.19982832977431642 0.07642560000000002 0.05
1488.5 1 9 0.015243999999999999 0.1997937055284035 0.07629869999999998 0.05
1489.0 1 9 0.015215999999999999 0.1997589659165203 0.0761718 0.05
1489.5 1 9 0.015187999999999998 0.1997241103611156 0.0760449 0.05
1490.0 1 9 0.015159999999999998 0.1996891382807766 0.07591799999999999 0.05
1490.5 1 9 0.015132 0.1996540490901966 0.0757911 0.05
1491.0 1 9 0.015104 0.1996188422001422 0.0756642 0.05
1491.5 1 9 0.015075999999999999 0.19958351701742053 0.0755373 0.05
1492.0 1 9 0.015047999999999999 0.19954807294484578 0.0754104 0.05
1492.5 1 9 0.015019999999999999 0.19951250938120568 0.0752835 0.05
1493.0 1 9 0.014991999999999998 0.19947682572122738 0.0751566 0.05
1493.5 1 9 0.014963999999999998 0.19944102135554317 0.0750297 0.05
1494.0 1 9 0.014935999999999998 0.19940509567065579 0.0749028 0.05
1494.5 1 9 0.014907999999999998 0.1993690480489034 0.0747759 0.05
1495.0 1 9 0.014879999999999999 0.19933287786842424 0.074649 0.05
1495.5 1 9 0.014851999999999999 0.19929658450312052 0.07452210000000001 0.05
1496.0 1 9 0.014823999999999999 0.19926016732262297 0.0743952 0.05
1496.5 1 9 0.014795999999999998 0.19922362569225358 0.07426830000000001 0.05
1497.0 1 9 0.014767999999999998 0.19918695897298944 0.0741414 0.05
1497.5 1 9 0.014739999999999998 0.19915016652142484 0.0740145 0.05
1498.0 1 9 0.014712 0.19911324768973412 0.07388760000000001 0.05
1498.5 1 9 0.014684 0.19907620182563343 0.07376069999999998 0.05
1499.0 1 9 0.014655999999999999 0.1990390282723423 0.0736338 0.05
1499.5 1 9 0.014627999999999999 0.19900172636854496 0.0735069 0.05
1500.0 1 9 0.014599999999999998 0.19896429544835104 0.07338 0.05
1500.5 1 9 0.014571999999999998 0.19896394563581896 0.0732394 0.05
1501.0 1 9 0.014543999999999998 0.19896359447761108 0.0730988 0.05
1501.5 1 9 0.014515999999999998 0.19896324196594758 0.0729582 0.05
1502.0 1 9 0.014488 0.1989628880929885 0.0728176 0.05
1502.5 1 9 0.014459999999999999 0.1989625328508331 0.072677 0.05
1503.0 1 9 0.014431999999999999 0.1989621762315196 0.0725364 0.05
1503.5 1 9 0.014403999999999998 0.19896181822702422 0.0723958 0.05
1504.0 1 9 0.014375999999999998 0.1989614588292607 0.0722552 0.05
1504.5 1 9 0.014347999999999998 0.19896109803007986 0.0721146 0.05
1505.0 1 9 0.01432 0.1989607358212688 0.07197399999999998 0.05
1505.5 1 9 0.014292 0.19896037219455015 0.0718334 0.05
1506.0 1 9 0.014263999999999999 0.19896000714158185 0.0716928 0.05
1506.5 1 9 0.014235999999999999 0.19895964065395613 0.0715522 0.05
1507.0 1 9 0.014207999999999998 0.198959272723199 0.0714116 0.05
1507.5 1 9 0.014179999999999998 0.1989589033407697 0.071271 0.05
1508.0 1 9 0.014151999999999998 0.1989585324980599 0.0711304 0.05
1508.5 1 9 0.014124 0.19895816018639295 0.0709898 0.05
1509.0 1 9 0.014096 0.19895778639702352 0.0708492 0.05
1509.5 1 9 0.014067999999999999 0.1989574111211366 0.0707086 0.05
1510.0 1 9 0.014039999999999999 0.19895703434984693 0.070568 0.05
1510.5 1 9 0.014011999999999998 0.19895665607419838 0.0704274 0.05
1511.0 1 9 0.013983999999999998 0.19895627628516305 0.0702868 0.05
1511.5 1 9 0.013955999999999998 0.19895589497364072 0.0701462 0.05
1512.0 1 9 0.013928 0.19895551213045812 0.0700056 0.05
1512.5 1 9 0.0139 0.198955127746368 0.069865 0.05
1513.0 1 9 0.013871999999999999 0.19895474181204856 0.0697244 0.05
1513.5 1 9 0.013843999999999999 0.19895435431810277 0.0695838 0.05
1514.0 1 9 0.013815999999999998 0.19895396525505735 0.06944320000000001 0.05
1514.5 1 9 0.013787999999999998 0.19895357461336222 0.0693026 0.05
1515.0 1 9 0.013759999999999998 0.1989531823833897 0.069162 0.05
1515.5 1 9 0.013732 0.19895278855543352 0.0690214 0.05
1516.0 1 9 0.013704 0.19895239311970822 0.0688808 0.05
1516.5 1 9 0.013675999999999999 0.19895199606634834 0.06874020000000002 0.05
1517.0 1 9 0.013647999999999999 0.1989515973854075 0.06859959999999998 0.05
1517.5 1 9 0.013619999999999998 0.1989511970668575 0.068459 0.05
1518.0 1 9 0.013591999999999998 0.1989507951005878 0.0683184 0.05
1518.5 1 9 0.013564 0.19895039147640434 0.06817780000000001 0.05
1519.0 1 9 0.013536 0.1989499861840287 0.0680372 0.05
1519.5 1 9 0.013508 0.19894957921309755 0.0678966 0.05
1520.0 1 9 0.013479999999999999 0.19894917055316133 0.067756 0.05
1520.5 1 9 0.013451999999999999 0.19894876019368365 0.0676154 0.05
1521.0 1 9 0.013423999999999998 0.19894834812404036 0.0674748 0.05
1521.5 1 9 0.013395999999999998 0.19894793433351846 0.0673342 0.05
1522.0 1 9 0.013368 0.19894751881131534 0.0671936 0.05
1522.5 1 9 0.01334 0.1989471015465378 0.067053 0.05
1523.0 1 9 0.013312 0.19894668252820105 0.0669124 0.05
1523.5 1 9 0.013283999999999999 0.19894626174522775 0.06677179999999999 0.05
1524.0 1 9 0.013255999999999999 0.19894583918644718 0.0666312 0.05
1524.5 1 9 0.013227999999999998 0.198945414840594 0.0664906 0.05
1525.0 1 9 0.0132 0.19894498869630745 0.06635 0.05
1525.5 1 9 0.013172 0.19894456074213027 0.0662094 0.05
1526.0 1 9 0.013144 0.19894413096650765 0.0660688 0.05
1526.5 1 9 0.013116 0.19894369935778616 0.0659282 0.05
1527.0 1 9 0.013087999999999999 0.19894326590421293 0.0657876 0.05
1527.5 1 9 0.013059999999999999 0.19894283059393422 0.065647 0.05
1528.0 1 9 0.013031999999999998 0.19894239341499453 0.0655064 0.05
1528.5 1 9 0.013004 0.19894195435533565 0.0653658 0.05
1529.0 1 9 0.012976 0.19894151340279526 0.06522519999999998 0.05
1529.5 1 9 0.012948 0.19894107054510587 0.0650846 0.05
1530.0 1 9 0.01292 0.19894062576989405 0.064944 0.05
1530.5 1 9 0.012891999999999999 0.1989401790646787 0.0648034 0.05
1531.0 1 9 0.012863999999999999 0.19893973041687024 0.0646628 0.05
1531.5 1 9 0.012836 0.19893927981376952 0.0645222 0.05
1532.0 1 9 0.012808 0.1989388272425662 0.0643816 0.05
1532.5 1 9 0.01278 0.19893837269033793 0.064241 0.05
1533.0 1 9 0.012752 0.19893791614404902 0.06410039999999999 0.05
1533.5 1 9 0.012724 0.19893745759054907 0.0639598 0.05
1534.0 1 9 0.012695999999999999 0.19893699701657178 0.0638192 0.05
1534.5 1 9 0.012667999999999999 0.19893653440873382 0.0636786 0.05
1535.0 1 9 0.012639999999999998 0.1989360697535333 0.063538 0.05
1535.5 1 9 0.012612 0.1989356030373485 0.0633974 0.05
1536.0 1 9 0.012584 0.19893513424643675 0.06325679999999999 0.05
1536.5 1 9 0.012556 0.19893466336693275 0.0631162 0.05
1537.0 1 9 0.012528 0.19893419038484744 0.0629756 0.05
1537.5 1 9 0.012499999999999999 0.19893371528606665 0.062835 0.05
1538.0 1 9 0.012472 0.19893323805634955 0.0626944 0.05
1538.5 1 9 0.012444 0.1989327586813271 0.0625538 0.05
1539.0 1 9 0.012416 0.19893227714650105 0.06241320000000001 0.05
1539.5 1 9 0.012388 0.19893179343724207 0.06227259999999999 0.05
1540.0 1 9 0.01236 0.19893130753878838 0.062132 0.05
1540.5 1 9 0.012332 0.19893081943624435 0.06199140000000001 0.05
1541.0 1 9 0.012303999999999999 0.19893032911457895 0.0618508 0.05
1541.5 1 9 0.012275999999999999 0.198929836558624 0.0617102 0.05
1542.0 1 9 0.012248 0.19892934175307295 0.061569599999999995 0.05
1542.5 1 9 0.01222 0.19892884468247896 0.061429 0.05
1543.0 1 9 0.012192 0.19892834533125353 0.06128840000000001 0.05
1543.5 1 9 0.012164 0.1989278436836648 0.061147799999999995 0.05
1544.0 1 9 0.012136 0.19892733972383586 0.061007200000000004 0.05
1544.5 1 9 0.012108 0.1989268334357431 0.0608666 0.05
1545.0 1 9 0.01208 0.19892632480321443 0.06072600000000001 0.05
1545.5 1 9 0.012052 0.19892581380992783 0.06058539999999999 0.05
1546.0 1 9 0.012024 0.19892530043940918 0.0604448 0.05
1546.5 1 9 0.011996 0.1989247846750309 0.0603042 0.05
1547.0 1 9 0.011968 0.19892426650000997 0.0601636 0.05
1547.5 1 9 0.01194 0.19892374589740597 0.06002300000000001 0.05
1548.0 1 9 0.011911999999999999 0.19892322285011954 0.05988240000000001 0.05
1548.5 1 9 0.011883999999999999 0.1989226973408903 0.0597418 0.05
1549.0 1 9 0.011856 0.19892216935229493 0.0596012 0.05
1549.5 1 9 0.011828 0.19892163886674535 0.05946060000000001 0.05
1550.0 1 9 0.0118 0.19892110586648684 0.059320000000000005 0.05
1550.5 1 9 0.011772 0.1989205703335958 0.0591794 0.05
1551.0 1 9 0.011744 0.19892003224997795 0.05903880000000001 0.05
1551.5 1 9 0.011715999999999999 0.1989194915973663 0.05889819999999999 0.05
1552.0 1 9 0.011688 0.19891894835731888 0.05875760000000001 0.05
1552.5 1 9 0.01166 0.19891840251121687 0.05861700000000001 0.05
1553.0 1 9 0.011632 0.1989178540402624 0.0584764 0.05
1553.5 1 9 0.011604 0.1989173029254763 0.05833579999999999 0.05
1554.0 1 9 0.011576 0.19891674914769603 0.0581952 0.05
1554.5 1 9 0.011548 0.1989161926875734 0.0580546 0.05
1555.0 1 9 0.011519999999999999 0.19891563352557237 0.057914 0.05
1555.5 1 9 0.011492 0.19891507164196673 0.0577734 0.05
1556.0 1 9 0.011464 0.19891450701683763 0.0576328 0.05
1556.5 1 9 0.011436 0.19891393963007156 0.05749219999999999 0.05
1557.0 1 9 0.011408 0.19891336946135765 0.0573516 0.05
1557.5 1 9 0.01138 0.19891279649018545 0.057211 0.05
1558.0 1 9 0.011352 0.1989122206958423 0.0570704 0.05
1558.5 1 9 0.011323999999999999 0.19891164205741102 0.0569298 0.05
1559.0 1 9 0.011296 0.19891106055376728 0.05678919999999999 0.05
1559.5 1 9 0.011268 0.19891047616357685 0.05664860000000001 0.05
1560.0 1 9 0.01124 0.1989098888652934 0.056508 0.05
1560.5 1 9 0.011212 0.19890929863715553 0.05636739999999999 0.05
1561.0 1 9 0.011184 0.19890870545718412 0.05622679999999999 0.05
1561.5 1 9 0.011156 0.19890810930317973 0.0560862 0.05
1562.0 1 9 0.011127999999999999 0.19890751015271976 0.0559456 0.05
1562.5 1 9 0.011099999999999999 0.1989069079831556 0.055805 0.05
1563.0 1 9 0.011072 0.19890630277160987 0.055664399999999996 0.05
1563.5 1 9 0.011044 0.19890569449497333 0.0555238 0.05
1564.0 1 9 0.011016 0.1989050831299022 0.055383199999999994 0.05
1564.5 1 9 0.010988 0.19890446865281503 0.0552426 0.05
1565.0 1 9 0.01096 0.19890385103988964 0.055102000000000005 0.05
1565.5 1 9 0.010931999999999999 0.19890323026706014 0.0549614 0.05
1566.0 1 9 0.010904 0.19890260631001372 0.0548208 0.05
1566.5 1 9 0.010876 0.19890197914418747 0.0546802 0.05
1567.0 1 9 0.010848 0.19890134874476528 0.0545396 0.05
1567.5 1 9 0.01082 0.19890071508667437 0.05439900000000001 0.05
1568.0 1 9 0.010792 0.19890007814458222 0.054258400000000005 0.05
1568.5 1 9 0.010764 0.19889943789289288 0.05411780000000001 0.05
1569.0 1 9 0.010735999999999999 0.19889879430574386 0.0539772 0.05
1569.5 1 9 0.010707999999999999 0.19889814735700248 0.05383659999999999 0.05
1570.0 1 9 0.01068 0.19889749702026222 0.053696 0.05
1570.5 1 9 0.010652 0.19889684326883936 0.0535554 0.05
1571.0 1 9 0.010624 0.19889618607576925 0.0534148 0.05
1571.5 1 9 0.010596 0.19889552541380254 0.0532742 0.05
1572.0 1 9 0.010568 0.19889486125540146 0.0531336 0.05
1572.5 1 9 0.010539999999999999 0.19889419357273602 0.05299299999999999 0.05
1573.0 1 9 0.010512 0.19889352233768004 0.052852399999999994 0.05
1573.5 1 9 0.010484 0.19889284752180725 0.05271180000000001 0.05
1574.0 1 9 0.010456 0.19889216909638738 0.0525712 0.05
1574.5 1 9 0.010428 0.19889148703238185 0.0524306 0.05
1575.0 1 9 0.0104 0.19889080130043985 0.052289999999999996 0.05
1575.5 1 9 0.010372 0.198890111870894 0.0521494 0.05
1576.0 1 9 0.010343999999999999 0.19888941871375612 0.052008799999999994 0.05
1576.5 1 9 0.010315999999999999 0.19888872179871286 0.0518682 0.05
1577.0 1 9 0.010288 0.19888802109512138 0.0517276 0.05
1577.5 1 9 0.01026 0.19888731657200456 0.05158700000000001 0.05
1578.0 1 9 0.010232 0.19888660819804688 0.05144640000000001 0.05
1578.5 1 9 0.010204 0.19888589594158945 0.0513058 0.05
1579.0 1 9 0.010176 0.19888517977062534 0.051165199999999994 0.05
1579.5 1 9 0.010147999999999999 0.1988844596527949 0.0510246 0.05
1580.0 1 9 0.01012 0.19888373555538089 0.050884 0.05
1580.5 1 9 0.010092 0.19888300744530324 0.050743399999999994 0.05
1581.0 1 9 0.010064 0.19888227528911442 0.050602799999999996 0.05
1581.5 1 9 0.010036 0.19888153905299413 0.0504622 0.05
1582.0 1 9 0.010008 0.19888079870274394 0.050321599999999994 0.05
1582.5 1 9 0.00998 0.19888005420378227 0.050181 0.05
1583.0 1 9 0.009951999999999999 0.19887930552113892 0.05004039999999999 0.05
1583.5 1 9 0.009923999999999999 0.19887855261944934 0.04989980000000001 0.05
1584.0 1 9 0.009895999999999999 0.19887779546294954 0.049759199999999996 0.05
1584.5 1 9 0.009868 0.19887703401547002 0.0496186 0.05
1585.0 1 9 0.00984 0.1988762682404301 0.049478 0.05
1585.5 1 9 0.009812 0.19887549810083222 0.049337400000000003 0.05
1586.0 1 9 0.009784 0.19887472355925587 0.049196800000000006 0.05
1586.5 1 9 0.009755999999999999 0.1988739445778515 0.049056199999999994 0.05
1587.0 1 9 0.009728 0.19887316111833445 0.048915600000000004 0.05
1587.5 1 9 0.0097 0.19887237314197848 0.048775 0.05
1588.0 1 9 0.009672 0.19887158060960966 0.048634399999999994 0.05
1588.5 1 9 0.009644 0.1988707834815997 0.048493800000000004 0.05
1589.0 1 9 0.009616 0.1988699817178594 0.0483532 0.05
1589.5 1 9 0.009588 0.1988691752778319 0.0482126 0.05
1590.0 1 9 0.009559999999999999 0.1988683641204859 0.048072000000000004 0.05
1590.5 1 9 0.009531999999999999 0.19886754820430863 0.047931400000000006 0.05
1591.0 1 9 0.009503999999999999 0.19886672748729878 0.0477908 0.05
1591.5 1 9 0.009476 0.19886590192695938 0.047650200000000004 0.05
1592.0 1 9 0.009448 0.1988650714802903 0.0475096 0.05
1592.5 1 9 0.00942 0.19886423610378093 0.04736900000000001 0.05
1593.0 1 9 0.009392 0.1988633957534026 0.047228400000000004 0.05
1593.5 1 9 0.009363999999999999 0.19886255038460066 0.0470878 0.05
1594.0 1 9 0.009336 0.19886169995228684 0.0469472 0.05
1594.5 1 9 0.009308 0.19886084441083093 0.046806600000000004 0.05
1595.0 1 9 0.00928 0.19885998371405306 0.046666000000000006 0.05
1595.5 1 9 0.009252 0.1988591178152149 0.04652540000000001 0.05
1596.0 1 9 0.009224 0.19885824666701157 0.04638480000000001 0.05
1596.5 1 9 0.009196 0.1988573702215629 0.0462442 0.05
1597.0 1 9 0.009167999999999999 0.19885648843040454 0.046103599999999995 0.05
1597.5 1 9 0.009139999999999999 0.1988556012444792 0.045963000000000004 0.05
1598.0 1 9 0.009111999999999999 0.19885470861412757 0.0458224 0.05
1598.5 1 9 0.009084 0.1988538104890788 0.0456818 0.05
1599.0 1 9 0.009056 0.1988529068184413 0.045541200000000004 0.05
1599.5 1 9 0.009028 0.19885199755069316 0.0454006 0.05
1600.0 1 9 0.009 0.1988510826336721 0.045259999999999995 0.05
1600.5 1 9 0.008988 0.19877611590407968 0.0452167 0.05
1601.0 1 9 0.008976 0.19870100545896477 0.0451734 0.05
1601.5 1 9 0.008964 0.19862575088466455 0.0451301 0.05
1602.0 1 9 0.008952 0.19855035176592703 0.0450868 0.05
1602.5 1 9 0.00894 0.19847480768590361 0.04504350000000001 0.05
1603.0 1 9 0.008928 0.1983991182261412 0.045000200000000004 0.05
1603.5 1 9 0.008915999999999999 0.19832328296657462 0.0449569 0.05
1604.0 1 9 0.008903999999999999 0.1982473014855188 0.04491360000000001 0.05
1604.5 1 9 0.008891999999999999 0.19817117335966103 0.0448703 0.05
1605.0 1 9 0.008879999999999999 0.1980948981640529 0.044827 0.05
1605.5 1 9 0.008868 0.19801847547210255 0.0447837 0.05
1606.0 1 9 0.008856 0.19794190485556676 0.0447404 0.05
1606.5 1 9 0.008844 0.19786518588454283 0.0446971 0.05
1607.0 1 9 0.008832 0.1977883181274606 0.0446538 0.05
1607.5 1 9 0.00882 0.19771130115107427 0.044610500000000004 0.05
1608.0 1 9 0.008808 0.1976341345204545 0.0445672 0.05
1608.5 1 9 0.008796 0.19755681779897988 0.0445239 0.05
1609.0 1 9 0.008784 0.19747935054832894 0.0444806 0.05
1609.5 1 9 0.008771999999999999 0.19740173232847177 0.0444373 0.05
1610.0 1 9 0.008759999999999999 0.1973239626976618 0.044394 0.05
1610.5 1 9 0.008747999999999999 0.19724604121242728 0.0443507 0.05
1611.0 1 9 0.008735999999999999 0.19716796742756285 0.044307400000000004 0.05
1611.5 1 9 0.008723999999999999 0.19708974089612122 0.0442641 0.05
1612.0 1 9 0.008712 0.1970113611694044 0.044220800000000005 0.05
1612.5 1 9 0.0087 0.19693282779695545 0.0441775 0.05
1613.0 1 9 0.008688 0.19685414032654946 0.044134200000000005 0.05
1613.5 1 9 0.008676 0.1967752983041852 0.04409090000000001 0.05
1614.0 1 9 0.008664 0.19669630127407622 0.0440476 0.05
1614.5 1 9 0.008652 0.19661714877864206 0.0440043 0.05
1615.0 1 9 0.00864 0.19653784035849958 0.043961 0.05
1615.5 1 9 0.008628 0.1964583755524538 0.0439177 0.05
1616.0 1 9 0.008615999999999999 0.19637875389748916 0.0438744 0.05
1616.5 1 9 0.008603999999999999 0.19629897492876058 0.043831100000000005 0.05
1617.0 1 9 0.008591999999999999 0.19621903817958425 0.0437878 0.05
1617.5 1 9 0.008579999999999999 0.19613894318142852 0.0437445 0.05
1618.0 1 9 0.008568 0.19605868946390484 0.04370120000000001 0.05
1618.5 1 9 0.008556 0.1959782765547587 0.0436579 0.05
1619.0 1 9 0.008544 0.19589770397985992 0.04361460000000001 0.05
1619.5 1 9 0.008532 0.1958169712631939 0.0435713 0.05
1620.0 1 9 0.00852 0.19573607792685166 0.043528 0.05
1620.5 1 9 0.008508 0.19565502349102099 0.0434847 0.05
1621.0 1 9 0.008496 0.19557380747397643 0.043441400000000005 0.05
1621.5 1 9 0.008484 0.19549242939207015 0.0433981 0.05
1622.0 1 9 0.008472 0.19541088875972212 0.0433548 0.05
1622.5 1 9 0.008459999999999999 0.19532918508941038 0.0433115 0.05
1623.0 1 9 0.008447999999999999 0.19524731789166175 0.0432682 0.05
1623.5 1 9 0.008435999999999999 0.19516528667504143 0.0432249 0.05
1624.0 1 9 0.008424 0.1950830909461437 0.0431816 0.05
1624.5 1 9 0.008412 0.1950007302095817 0.043138300000000004 0.05
1625.0 1 9 0.0084 0.1949182039679777 0.043095 0.05
1625.5 1 9 0.008388 0.1948355117219529 0.0430517 0.05
1626.0 1 9 0.008376 0.19475265297011746 0.043008399999999995 0.05
1626.5 1 9 0.008364 0.1946696272090604 0.0429651 0.05
1627.0 1 9 0.008352 0.19458643393333921 0.0429218 0.05
1627.5 1 9 0.00834 0.19450307263547 0.04287849999999999 0.05
1628.0 1 9 0.008327999999999999 0.19441954280591658 0.042835200000000004 0.05
1628.5 1 9 0.008315999999999999 0.19433584393308076 0.0427919 0.05
1629.0 1 9 0.008303999999999999 0.1942519755032913 0.042748600000000005 0.05
1629.5 1 9 0.008291999999999999 0.1941679370007938 0.0427053 0.05
1630.0 1 9 0.00828 0.1940837279077399 0.042662000000000005 0.05
1630.5 1 9 0.008268 0.1939993477041768 0.0426187 0.05
1631.0 1 9 0.008256 0.19391479586803645 0.0425754 0.05
1631.5 1 9 0.008244 0.19383007187512488 0.0425321 0.05
1632.0 1 9 0.008232 0.19374517519911127 0.0424888 0.05
1632.5 1 9 0.00822 0.1936601053115171 0.04244550000000001 0.05
1633.0 1 9 0.008208 0.19357486168170518 0.04240220000000001 0.05
1633.5 1 9 0.008196 0.1934894437768686 0.042358900000000005 0.05
1634.0 1 9 0.008184 0.19340385106201968 0.0423156 0.05
1634.5 1 9 0.008171999999999999 0.19331808299997869 0.0422723 0.05
1635.0 1 9 0.008159999999999999 0.19323213905136277 0.042228999999999996 0.05
1635.5 1 9 0.008147999999999999 0.19314601867457454 0.0421857 0.05
1636.0 1 9 0.008136 0.1930597213257906 0.0421424 0.05
1636.5 1 9 0.008124 0.19297324645895042 0.0420991 0.05
1637.0 1 9 0.008112 0.19288659352574433 0.042055800000000004 0.05
1637.5 1 9 0.0081 0.19279976197560247 0.0420125 0.05
1638.0 1 9 0.008088 0.19271275125568274 0.0419692 0.05
1638.5 1 9 0.008076 0.19262556081085916 0.041925899999999995 0.05
1639.0 1 9 0.008064 0.19253819008371018 0.0418826 0.05
1639.5 1 9 0.008052 0.1924506385145067 0.041839299999999996 0.05
1640.0 1 9 0.00804 0.1923629055412001 0.04179600000000001 0.05
1640.5 1 9 0.008028 0.19227499059941033 0.041752700000000004 0.05
1641.0 1 9 0.008015999999999999 0.19218689312241363 0.041709399999999994 0.05
1641.5 1 9 0.008003999999999999 0.1920986125411305 0.041666100000000005 0.05
1642.0 1 9 0.007991999999999999 0.19201014828411347 0.0416228 0.05
1642.5 1 9 0.00798 0.1919214997775346 0.0415795 0.05
1643.0 1 9 0.007968 0.1918326664451731 0.0415362 0.05
1643.5 1 9 0.007956 0.1917436477084031 0.0414929 0.05
1644.0 1 9 0.007944 0.19165444298618078 0.0414496 0.05
1644.5 1 9 0.007932 0.1915650516950319 0.0414063 0.05
1645.0 1 9 0.00792 0.19147547324903896 0.041363000000000004 0.05
1645.5 1 9 0.007908 0.1913857070598286 0.0413197 0.05
1646.0 1 9 0.007896 0.1912957525365584 0.04127640000000001 0.05
1646.5 1 9 0.007883999999999999 0.19120560908590425 0.0412331 0.05
1647.0 1 9 0.007872 0.19111527611204718 0.0411898 0.05
1647.5 1 9 0.007859999999999999 0.19102475301665994 0.0411465 0.05
1648.0 1 9 0.007847999999999999 0.19093403919889446 0.041103200000000006 0.05
1648.5 1 9 0.007836 0.19084313405536785 0.0410599 0.05
1649.0 1 9 0.007824 0.19075203698014948 0.0410166 0.05
1649.5 1 9 0.0078119999999999995 0.19066074736474725 0.040973300000000004 0.05
1650.0 1 9 0.0078 0.19056926459809428 0.04093000000000001 0.05
1650.5 1 9 0.007788 0.1904775880665351 0.0408867 0.05
1651.0 1 9 0.007776 0.19038571715381186 0.04084340000000001 0.05
1651.5 1 9 0.007764 0.19029365124105088 0.040800100000000006 0.05
1652.0 1 9 0.007751999999999999 0.1902013897067483 0.0407568 0.05
1652.5 1 9 0.0077399999999999995 0.19010893192675646 0.04071350000000001 0.05
1653.0 1 9 0.007728 0.1900162772742696 0.040670200000000004 0.05
1653.5 1 9 0.007716 0.18992342511980978 0.0406269 0.05
1654.0 1 9 0.007704 0.1898303748312126 0.040583600000000004 0.05
1654.5 1 9 0.007692 0.18973712577361293 0.0405403 0.05
1655.0 1 9 0.007679999999999999 0.1896436773094303 0.040497000000000005 0.05
1655.5 1 9 0.0076679999999999995 0.18955002879835464 0.040453699999999995 0.05
1656.0 1 9 0.007656 0.18945617959733138 0.04041039999999999 0.05
1656.5 1 9 0.007644 0.1893621290605468 0.0403671 0.05
1657.0 1 9 0.007632 0.18926787653941343 0.0403238 0.05
1657.5 1 9 0.00762 0.18917342138255483 0.040280500000000004 0.05
1658.0 1 9 0.007607999999999999 0.18907876293579073 0.0402372 0.05
1658.5 1 9 0.0075959999999999995 0.18898390054212202 0.040193900000000005 0.05
1659.0 1 9 0.007584 0.18888883354171543 0.040150599999999995 0.05
1659.5 1 9 0.007572 0.18879356127188815 0.040107300000000005 0.05
1660.0 1 9 0.00756 0.18869808306709263 0.040064 0.05
1660.5 1 9 0.007548 0.18860239825890102 0.0400207 0.05
1661.0 1 9 0.007535999999999999 0.1885065061759894 0.039977399999999996 0.05
1661.5 1 9 0.0075239999999999994 0.18841040614412244 0.0399341 0.05
1662.0 1 9 0.007512 0.18831409748613712 0.039890800000000004 0.05
1662.5 1 9 0.0075 0.18821757952192733 0.0398475 0.05
1663.0 1 9 0.007488 0.18812085156842745 0.0398042 0.05
1663.5 1 9 0.007476 0.18802391293959642 0.03976090000000001 0.05
1664.0 1 9 0.007464 0.1879267629464016 0.0397176 0.05
1664.5 1 9 0.007451999999999999 0.1878294008968022 0.0396743 0.05
1665.0 1 9 0.0074399999999999996 0.18773182609573313 0.039631 0.05
1665.5 1 9 0.007428 0.18763403784508823 0.0395877 0.05
1666.0 1 9 0.007416 0.18753603544370379 0.0395444 0.05
1666.5 1 9 0.007404 0.1874378181873416 0.03950110000000001 0.05
1667.0 1 9 0.007392 0.18733938536867234 0.03945780000000001 0.05
1667.5 1 9 0.007379999999999999 0.18724073627725832 0.039414500000000005 0.05
1668.0 1 9 0.0073679999999999995 0.1871418701995367 0.0393712 0.05
1668.5 1 9 0.007356 0.18704278641880193 0.03932789999999999 0.05
1669.0 1 9 0.007344 0.18694348421518864 0.0392846 0.05
1669.5 1 9 0.007332 0.1868439628656543 0.0392413 0.05
1670.0 1 9 0.00732 0.1867442216439614 0.039198000000000004 0.05
1670.5 1 9 0.007307999999999999 0.18664425982066007 0.03915470000000001 0.05
1671.0 1 9 0.0072959999999999995 0.18654407666307007 0.039111400000000004 0.05
1671.5 1 9 0.007284 0.18644367143526303 0.0390681 0.05
1672.0 1 9 0.007272 0.18634304339804433 0.03902479999999999 0.05
1672.5 1 9 0.00726 0.186242191808935 0.038981499999999995 0.05
1673.0 1 9 0.007248 0.18614111592215357 0.0389382 0.05
1673.5 1 9 0.007235999999999999 0.18603981498859745 0.0388949 0.05
1674.0 1 9 0.0072239999999999995 0.1859382882558247 0.03885160000000001 0.05
1674.5 1 9 0.007212 0.18583653496803515 0.038808300000000004 0.05
1675.0 1 9 0.0072 0.18573455436605185 0.038765 0.05
1675.5 1 9 0.007188 0.18563234568730197 0.0387217 0.05
1676.0 1 9 0.007176 0.18552990816579795 0.0386784 0.05
1676.5 1 9 0.007164 0.18542724103211847 0.0386351 0.05
1677.0 1 9 0.0071519999999999995 0.18532434351338883 0.0385918 0.05
1677.5 1 9 0.00714 0.18522121483326198 0.0385485 0.05
1678.0 1 9 0.007128 0.18511785421189864 0.0385052 0.05
1678.5 1 9 0.007116 0.18501426086594785 0.0384619 0.05
1679.0 1 9 0.007104 0.1849104340085271 0.0384186 0.05
1679.5 1 9 0.007091999999999999 0.18480637284920245 0.0383753 0.05
1680.0 1 9 0.0070799999999999995 0.18470207659396845 0.038332000000000005 0.05
1680.5 1 9 0.007068 0.18459754444522794 0.0382887 0.05
1681.0 1 9 0.007056 0.1844927756017717 0.0382454 0.05
1681.5 1 9 0.007044 0.18438776925875802 0.038202099999999996 0.05
1682.0 1 9 0.007032 0.18428252460769207 0.0381588 0.05
1682.5 1 9 0.00702 0.18417704083640513 0.038115500000000004 0.05
1683.0 1 9 0.0070079999999999995 0.18407131712903377 0.0380722 0.05
1683.5 1 9 0.006996 0.18396535266599873 0.038028900000000004 0.05
1684.0 1 9 0.006984 0.1838591466239838 0.0379856 0.05
1684.5 1 9 0.006972 0.1837526981759145 0.0379423 0.05
1685.0 1 9 0.00696 0.18364600649093643 0.037899 0.05
1685.5 1 9 0.006948 0.18353907073439404 0.0378557 0.05
1686.0 1 9 0.0069359999999999995 0.1834318900678084 0.0378124 0.05
1686.5 1 9 0.006924 0.1833244636488558 0.0377691 0.05
1687.0 1 9 0.006912 0.1832167906313451 0.037725800000000004 0.05
1687.5 1 9 0.0069 0.18310887016519603 0.0376825 0.05
1688.0 1 9 0.006888 0.18300070139641653 0.0376392 0.05
1688.5 1 9 0.006876 0.1828922834670802 0.0375959 0.05
1689.0 1 9 0.006864 0.1827836155153039 0.0375526 0.05
1689.5 1 9 0.006852 0.1826746966752245 0.03750930000000001 0.05
1690.0 1 9 0.00684 0.18256552607697646 0.037466 0.05
1690.5 1 9 0.006828 0.1824561028466679 0.0374227 0.05
1691.0 1 9 0.006816 0.18234642610635804 0.03737940000000001 0.05
1691.5 1 9 0.006804 0.1822364949740332 0.0373361 0.05
1692.0 1 9 0.006791999999999999 0.1821263085635833 0.0372928 0.05
1692.5 1 9 0.00678 0.18201586598477829 0.037249500000000005 0.05
1693.0 1 9 0.006768 0.18190516634324386 0.0372062 0.05
1693.5 1 9 0.006756 0.18179420874043736 0.037162900000000006 0.05
1694.0 1 9 0.006744 0.18168299227362364 0.0371196 0.05
1694.5 1 9 0.006732 0.1815715160358504 0.0370763 0.05
1695.0 1 9 0.00672 0.18145977911592362 0.03703300000000001 0.05
1695.5 1 9 0.006708 0.1813477805983828 0.0369897 0.05
1696.0 1 9 0.006696 0.18123551956347572 0.036946400000000004 0.05
1696.5 1 9 0.006684 0.1811229950871336 0.0369031 0.05
1697.0 1 9 0.006672 0.18101020624094544 0.03685979999999999 0.05
1697.5 1 9 0.00666 0.18089715209213258 0.0368165 0.05
1698.0 1 9 0.006647999999999999 0.18078383170352322 0.0367732 0.05
1698.5 1 9 0.0066359999999999995 0.18067024413352606 0.0367299 0.05
1699.0 1 9 0.006624 0.18055638843610472 0.03668660000000001 0.05
1699.5 1 9 0.006612 0.18044226366075106 0.036643300000000004 0.05
1700.0 1 9 0.0066 0.18032786885245902 0.036599999999999994 0.05
1700.5 1 9 0.006588 0.1801599781226499 0.0365675 0.05
1701.0 1 9 0.006576 0.1799917886957712 0.036535 0.05
1701.5 1 9 0.006564 0.1798232997739881 0.0365025 0.05
1702.0 1 9 0.006552 0.17965451055662185 0.03647 0.05
1702.5 1 9 0.00654 0.17948542024013722 0.0364375 0.05
1703.0 1 9 0.006528 0.17931602801812938 0.036405 0.05
1703.5 1 9 0.006516 0.17914633308131142 0.0363725 0.05
1704.0 1 9 0.006504 0.1789763346175014 0.03634 0.05
1704.5 1 9 0.006492 0.17880603181160917 0.036307500000000006 0.05
1705.0 1 9 0.00648 0.1786354238456237 0.036275 0.05
1705.5 1 9 0.006468 0.1784645098985997 0.036242500000000004 0.05
1706.0 1 9 0.006456 0.17829328914664458 0.03621 0.05
1706.5 1 9 0.006444 0.17812176076290512 0.0361775 0.05
1707.0 1 9 0.006432 0.1779499239175543 0.036145 0.05
1707.5 1 9 0.00642 0.17777777777777778 0.0361125 0.05
1708.0 1 9 0.006408 0.1776053215077605 0.03608 0.05
1708.5 1 9 0.006396 0.17743255426867327 0.0360475 0.05
1709.0 1 9 0.006384 0.1772594752186589 0.036015 0.05
1709.5 1 9 0.006372 0.17708608351281874 0.0359825 0.05
1710.0 1 9 0.00636 0.1769123783031989 0.03595 0.05
1710.5 1 9 0.006348 0.17673835873877639 0.0359175 0.05
1711.0 1 9 0.006336 0.17656402396544515 0.035885 0.05
1711.5 1 9 0.006324 0.17638937312600236 0.0358525 0.05
1712.0 1 9 0.006312 0.17621440536013402 0.03582 0.05
1712.5 1 9 0.0063 0.17603911980440098 0.0357875 0.05
1713.0 1 9 0.006288 0.17586351559222485 0.035755 0.05
1713.5 1 9 0.006276 0.17568759185387364 0.03572249999999999 0.05
1714.0 1 9 0.0062640000000000005 0.1755113477164472 0.03569 0.05
1714.5 1 9 0.006252 0.17533478230386312 0.0356575 0.05
1715.0 1 9 0.00624 0.17515789473684212 0.035625 0.05
1715.5 1 9 0.006228 0.17498068413289317 0.0355925 0.05
1716.0 1 9 0.006216 0.17480314960629922 0.03556 0.05
1716.5 1 9 0.006204 0.17462529026810217 0.035527500000000004 0.05
1717.0 1 9 0.0061920000000000005 0.1744471052260882 0.035495 0.05
1717.5 1 9 0.00618 0.17426859358477265 0.0354625 0.05
1718.0 1 9 0.006168 0.17408975444538524 0.03543 0.05
1718.5 1 9 0.006156 0.17391058690585495 0.0353975 0.05
1719.0 1 9 0.006144 0.17373109006079457 0.035365 0.05
1719.5 1 9 0.006132 0.17355126300148588 0.0353325 0.05
1720.0 1 9 0.0061200000000000004 0.17337110481586404 0.0353 0.05
1720.5 1 9 0.006108 0.17319061458850216 0.0352675 0.05
1721.0 1 9 0.006096 0.17300979140059597 0.03523500000000001 0.05
1721.5 1 9 0.006084 0.17282863432994816 0.0352025 0.05
1722.0 1 9 0.006072 0.17264714245095253 0.03517 0.05
1722.5 1 9 0.00606 0.17246531483457844 0.0351375 0.05
1723.0 1 9 0.006048 0.17228315054835497 0.035105 0.05
1723.5 1 9 0.006036 0.1721006486563547 0.0350725 0.05
1724.0 1 9 0.006024 0.17191780821917807 0.03504 0.05
1724.5 1 9 0.006012 0.17173462829393704 0.03500749999999999 0.05
1725.0 1 9 0.006 0.17155110793423875 0.034975 0.05
1725.5 1 9 0.005988 0.17136724619016958 0.0349425 0.05
1726.0 1 9 0.005976 0.17118304210827845 0.03491 0.05
1726.5 1 9 0.0059640000000000006 0.17099849473156048 0.0348775 0.05
1727.0 1 9 0.005952 0.17081360309944038 0.034845 0.05
1727.5 1 9 0.00594 0.17062836624775582 0.0348125 0.05
1728.0 1 9 0.005928 0.17044278320874068 0.03477999999999999 0.05
1728.5 1 9 0.005916 0.17025685301100799 0.0347475 0.05
1729.0 1 9 0.005904 0.17007057467953335 0.034714999999999996 0.05
1729.5 1 9 0.005892 0.16988394723563757 0.0346825 0.05
1730.0 1 9 0.00588 0.16969696969696968 0.03465 0.05
1730.5 1 9 0.005868 0.1695096410774897 0.0346175 0.05
1731.0 1 9 0.005856 0.16932196038745123 0.034585 0.05
1731.5 1 9 0.005844 0.169133926633384 0.0345525 0.05
1732.0 1 9 0.005832 0.16894553881807647 0.03452 0.05
1732.5 1 9 0.0058200000000000005 0.1687567959405582 0.0344875 0.05
1733.0 1 9 0.005808 0.16856769699608184 0.034455 0.05
1733.5 1 9 0.005796 0.16837824097610574 0.0344225 0.05
1734.0 1 9 0.005784 0.16818842686827568 0.03439 0.05
1734.5 1 9 0.005772 0.16799825365640692 0.0343575 0.05
1735.0 1 9 0.00576 0.16780772032046615 0.034325 0.05
1735.5 1 9 0.0057480000000000005 0.1676168258365532 0.0342925 0.05
1736.0 1 9 0.005736 0.16742556917688267 0.03425999999999999 0.05
1736.5 1 9 0.005724 0.16723394930976554 0.0342275 0.05
1737.0 1 9 0.005712 0.16704196519959058 0.034194999999999996 0.05
1737.5 1 9 0.0057 0.1668496158068057 0.0341625 0.05
1738.0 1 9 0.005688 0.1666569000878992 0.03413 0.05
1738.5 1 9 0.0056760000000000005 0.1664638169953809 0.0340975 0.05
1739.0 1 9 0.005664000000000001 0.16627036547776314 0.03406499999999999 0.05
1739.5 1 9 0.005652 0.16607654447954162 0.0340325 0.05
1740.0 1 9 0.00564 0.16588235294117645 0.034 0.05
1740.5 1 9 0.005628 0.16568778979907267 0.0339675 0.05
1741.0 1 9 0.005616 0.16549285398556063 0.033935 0.05
1741.5 1 9 0.0056040000000000005 0.16529754442887692 0.0339025 0.05
1742.0 1 9 0.005592 0.1651018600531444 0.03387 0.05
1742.5 1 9 0.00558 0.16490579977835243 0.0338375 0.05
1743.0 1 9 0.005568 0.16470936252033722 0.033805 0.05
1743.5 1 9 0.005556 0.16451254719076172 0.0337725 0.05
1744.0 1 9 0.005544 0.16431535269709546 0.03374 0.05
1744.5 1 9 0.0055320000000000005 0.16411777794259438 0.0337075 0.05
1745.0 1 9 0.005520000000000001 0.16391982182628065 0.033675 0.05
1745.5 1 9 0.005508000000000001 0.16372148324292193 0.0336425 0.05
1746.0 1 9 0.005496 0.163522761083011 0.03361 0.05
1746.5 1 9 0.005484 0.16332365423274517 0.033577499999999996 0.05
1747.0 1 9 0.005472 0.16312416157400508 0.033545 0.05
1747.5 1 9 0.0054600000000000004 0.1629242819843342 0.0335125 0.05
1748.0 1 9 0.005448 0.16272401433691758 0.033479999999999996 0.05
1748.5 1 9 0.005436 0.16252335750056057 0.0334475 0.05
1749.0 1 9 0.005424 0.16232231033966782 0.033415 0.05
1749.5 1 9 0.005412 0.16212087171422151 0.0333825 0.05
1750.0 1 9 0.0054 0.16191904047976013 0.03335 0.05
1750.5 1 9 0.005388 0.1617168154873565 0.0333175 0.05
1751.0 1 9 0.005376000000000001 0.16151419558359623 0.033285 0.05
1751.5 1 9 0.005364 0.1613111796105556 0.0332525 0.05
1752.0 1 9 0.005352 0.16110776640577965 0.033220000000000006 0.05
1752.5 1 9 0.00534 0.16090395480225989 0.0331875 0.05
1753.0 1 9 0.005328 0.16069974362841202 0.033155 0.05
1753.5 1 9 0.005316 0.16049513170805346 0.0331225 0.05
1754.0 1 9 0.0053040000000000006 0.16029011786038078 0.03309 0.05
1754.5 1 9 0.005292 0.16008470089994709 0.0330575 0.05
1755.0 1 9 0.00528 0.1598788796366389 0.033025 0.05
1755.5 1 9 0.005268 0.15967265287565355 0.0329925 0.05
1756.0 1 9 0.005256 0.15946601941747576 0.03295999999999999 0.05
1756.5 1 9 0.005244 0.15925897805785438 0.032927500000000005 0.05
1757.0 1 9 0.0052320000000000005 0.15905152758777932 0.032895 0.05
1757.5 1 9 0.00522 0.15884366679345757 0.0328625 0.05
1758.0 1 9 0.005208 0.15863539445629 0.03283 0.05
1758.5 1 9 0.005196 0.15842670935284703 0.0327975 0.05
1759.0 1 9 0.005184 0.1582176102548451 0.032765 0.05
1759.5 1 9 0.005172 0.15800809592912246 0.0327325 0.05
1760.0 1 9 0.0051600000000000005 0.1577981651376147 0.0327 0.05
1760.5 1 9 0.005148 0.15758781663733065 0.03266750000000001 0.05
1761.0 1 9 0.005136 0.15737704918032788 0.032635 0.05
1761.5 1 9 0.005124 0.1571658615136876 0.0326025 0.05
1762.0 1 9 0.005112 0.15695425237949032 0.03257 0.05
1762.5 1 9 0.0051 0.15674222051479064 0.0325375 0.05
1763.0 1 9 0.0050880000000000005 0.15652976465159207 0.032505 0.05
1763.5 1 9 0.005076 0.1563168835168219 0.0324725 0.05
1764.0 1 9 0.005064 0.1561035758323058 0.03244 0.05
1764.5 1 9 0.005052 0.15588984031474196 0.0324075 0.05
1765.0 1 9 0.00504 0.15567567567567567 0.032375 0.05
1765.5 1 9 0.005028 0.15546108062147332 0.032342499999999996 0.05
1766.0 1 9 0.0050160000000000005 0.1552460538532962 0.03231 0.05
1766.5 1 9 0.005004 0.1550305940670746 0.0322775 0.05
1767.0 1 9 0.004992 0.15481469995348118 0.032244999999999996 0.05
1767.5 1 9 0.00498 0.15459837019790454 0.0322125 0.05
1768.0 1 9 0.004968 0.15438160348042262 0.03218 0.05
1768.5 1 9 0.004956 0.15416439847577576 0.032147499999999996 0.05
1769.0 1 9 0.0049440000000000005 0.15394675385333959 0.032115 0.05
1769.5 1 9 0.004932 0.1537286682770981 0.0320825 0.05
1770.0 1 9 0.00492 0.15351014040561622 0.03205 0.05
1770.5 1 9 0.004908 0.1532911688920122 0.0320175 0.05
1771.0 1 9 0.004896 0.15307175238392998 0.031985 0.05
1771.5 1 9 0.004884 0.15285188952351147 0.0319525 0.05
1772.0 1 9 0.004872 0.15263157894736842 0.03192 0.05
1772.5 1 9 0.00486 0.15241081928655428 0.0318875 0.05
1773.0 1 9 0.004848 0.15218960916653584 0.031855 0.05
1773.5 1 9 0.004836 0.15196794720716475 0.0318225 0.05
1774.0 1 9 0.004824 0.15174583202264863 0.03179 0.05
1774.5 1 9 0.004812 0.1515232622215225 0.0317575 0.05
1775.0 1 9 0.0048000000000000004 0.1513002364066194 0.031724999999999996 0.05
1775.5 1 9 0.004788 0.1510767531750414 0.0316925 0.05
1776.0 1 9 0.004776 0.15085281111813012 0.03166 0.05
1776.5 1 9 0.004764 0.15062840882143702 0.0316275 0.05
1777.0 1 9 0.004752 0.1504035448646938 0.031595 0.05
1777.5 1 9 0.00474 0.15017821782178217 0.03156250000000001 0.05
1778.0 1 9 0.0047279999999999996 0.14995242626070407 0.03153 0.05
1778.5 1 9 0.004716 0.14972616874355107 0.0314975 0.05
1779.0 1 9 0.004704 0.14949944382647384 0.031465 0.05
1779.5 1 9 0.004692 0.1492722500596516 0.0314325 0.05
1780.0 1 9 0.00468 0.14904458598726117 0.0314 0.05
1780.5 1 9 0.004668 0.14881645014744563 0.0313675 0.05
1781.0 1 9 0.004656 0.1485878410722834 0.031335 0.05
1781.5 1 9 0.004644 0.14835875728775658 0.0313025 0.05
1782.0 1 9 0.004632 0.1481291973137192 0.03127 0.05
1782.5 1 9 0.00462 0.14789915966386555 0.0312375 0.05
1783.0 1 9 0.004608 0.1476686428456978 0.031205 0.05
1783.5 1 9 0.004596 0.14743764536049403 0.0311725 0.05
1784.0 1 9 0.0045839999999999995 0.14720616570327552 0.03114 0.05
1784.5 1 9 0.004572 0.14697420236277425 0.0311075 0.05
1785.0 1 9 0.00456 0.14674175382139984 0.031075 0.05
1785.5 1 9 0.004548 0.14650881855520656 0.031042500000000004 0.05
1786.0 1 9 0.004536 0.14627539503386006 0.03101 0.05
1786.5 1 9 0.004524 0.1460414817206037 0.030977499999999995 0.05
1787.0 1 9 0.0045119999999999995 0.1458070770722249 0.030945 0.05
1787.5 1 9 0.0045 0.14557217953902143 0.0309125 0.05
1788.0 1 9 0.004488 0.14533678756476684 0.03088 0.05
1788.5 1 9 0.004476 0.14510089958667638 0.030847500000000003 0.05
1789.0 1 9 0.004464 0.1448645140353724 0.030814999999999995 0.05
1789.5 1 9 0.004452 0.14462762933484938 0.030782499999999994 0.05
1790.0 1 9 0.0044399999999999995 0.144390243902439 0.03075 0.05
1790.5 1 9 0.004428 0.1441523561487751 0.030717500000000002 0.05
1791.0 1 9 0.004416 0.14391396447775787 0.030684999999999997 0.05
1791.5 1 9 0.004404 0.14367506728651824 0.030652499999999996 0.05
1792.0 1 9 0.004392 0.14343566296538213 0.030619999999999994 0.05
1792.5 1 9 0.00438 0.1431957498978341 0.030587499999999997 0.05
1793.0 1 9 0.004368 0.14295532646048112 0.030555 0.05
1793.5 1 9 0.004356 0.1427143910230158 0.030522499999999998 0.05
1794.0 1 9 0.004344 0.14247294194817972 0.03049 0.05
1794.5 1 9 0.004332 0.14223097759172618 0.0304575 0.05
1795.0 1 9 0.00432 0.14198849630238292 0.030424999999999997 0.05
1795.5 1 9 0.004307999999999999 0.14174549642181458 0.030392499999999996 0.05
1796.0 1 9 0.0042959999999999995 0.14150197628458497 0.030359999999999998 0.05
1796.5 1 9 0.004284 0.14125793421811886 0.030327499999999997 0.05
1797.0 1 9 0.004272 0.1410133685426638 0.030295 0.05
1797.5 1 9 0.00426 0.14076827757125154 0.0302625 0.05
1798.0 1 9 0.004248 0.1405226596096593 0.030229999999999996 0.05
1798.5 1 9 0.004236 0.14027651295637059 0.0301975 0.05
1799.0 1 9 0.0042239999999999995 0.14002983590253604 0.030165 0.05
1799.5 1 9 0.004212 0.13978262673193395 0.030132499999999996 0.05
1800.0 1 9 0.0042 0.13953488372093023 0.0301 0.05
