mass result channel_or_id theo_cross_section ratio observed_limit width_to_mass_ratio
600.0 0 10 3.5 2.0920752190701624 1.67298 0.1
600.5 0 10 3.493295 2.092533004554454 1.66940975 0.1
601.0 0 10 3.48659 2.092992752302968 1.6658395 0.1
601.5 0 10 3.479885 2.093454474959457 1.6622692499999998 0.1
602.0 0 10 3.47318 2.093918185276533 1.658699 0.1
602.5 0 10 3.466475 2.094383896116843 1.6551287499999998 0.1
603.0 0 10 3.45977 2.0948516204542558 1.6515585 0.1
603.5 0 10 3.453065 2.095321371375069 1.6479882499999998 0.1
604.0 0 10 3.44636 2.095793162079228 1.644418 0.1
604.5 0 10 3.439655 2.096267005881564 1.6408477499999998 0.1
605.0 0 10 3.43295 2.0967429162130427 1.6372775000000002 0.1
605.5 0 10 3.4262449999999998 2.09722090662204 1.6337072499999998 0.1
606.0 0 10 3.41954 2.097700990775622 1.630137 0.1
606.5 0 10 3.412835 2.0981831824608492 1.6265667499999996 0.1
607.0 0 10 3.40613 2.0986674955860964 1.6229965 0.1
607.5 0 10 3.399425 2.099153944182392 1.6194262499999996 0.1
608.0 0 10 3.39272 2.099642542404769 1.615856 0.1
608.5 0 10 3.386015 2.1001333045336414 1.6122857499999996 0.1
609.0 0 10 3.37931 2.1006262449761937 1.6087155 0.1
609.5 0 10 3.372605 2.1011213782677927 1.6051452499999999 0.1
610.0 0 10 3.3659 2.101618719073412 1.6015749999999997 0.1
610.5 0 10 3.359195 2.1021182821890863 1.59800475 0.1
611.0 0 10 3.35249 2.102620082543372 1.5944345 0.1
611.5 0 10 3.345785 2.1031241351988395 1.5908642499999996 0.1
612.0 0 10 3.33908 2.1036304553535765 1.587294 0.1
612.5 0 10 3.332375 2.104139058342719 1.58372375 0.1
613.0 0 10 3.32567 2.104649959639997 1.5801535 0.1
613.5 0 10 3.318965 2.105163174859304 1.57658325 0.1
614.0 0 10 3.31226 2.1056787197562894 1.5730130000000002 0.1
614.5 0 10 3.305555 2.1061966102299685 1.5694427499999999 0.1
615.0 0 10 3.29885 2.106716862324359 1.5658725 0.1
615.5 0 10 3.292145 2.107239492230137 1.56230225 0.1
616.0 0 10 3.28544 2.1077645162863146 1.5587320000000002 0.1
616.5 0 10 3.278735 2.1082919509819478 1.55516175 0.1
617.0 0 10 3.27203 2.1088218129578564 1.5515915000000002 0.1
617.5 0 10 3.265325 2.1093541190083793 1.5480212499999997 0.1
618.0 0 10 3.25862 2.1098888860831453 1.5444510000000002 0.1
618.5 0 10 3.251915 2.110426131288875 1.5408807500000001 0.1
619.0 0 10 3.24521 2.1109658718912025 1.5373104999999998 0.1
619.5 0 10 3.238505 2.111508125316526 1.53374025 0.1
620.0 0 10 3.2318 2.112052909153885 1.5301699999999998 0.1
620.5 0 10 3.225095 2.1126002411568585 1.52659975 0.1
621.0 0 10 3.21839 2.1131501392454974 1.5230294999999998 0.1
621.5 0 10 3.211685 2.113702621508277 1.5194592500000002 0.1
622.0 0 10 3.20498 2.114257706204082 1.515889 0.1
622.5 0 10 3.1982749999999998 2.1148154117642197 1.51231875 0.1
623.0 0 10 3.19157 2.115375756794456 1.5087484999999996 0.1
623.5 0 10 3.184865 2.1159387600770874 1.50517825 0.1
624.0 0 10 3.17816 2.116504440573039 1.501608 0.1
624.5 0 10 3.171455 2.1170728174239937 1.4980377499999997 0.1
625.0 0 10 3.1647499999999997 2.117643909954549 1.4944674999999996 0.1
625.5 0 10 3.158045 2.1182177376744105 1.4908972500000002 0.1
626.0 0 10 3.15134 2.1187943202806108 1.4873269999999998 0.1
626.5 0 10 3.144635 2.1193736776597647 1.48375675 0.1
627.0 0 10 3.13793 2.119955829890355 1.4801864999999998 0.1
627.5 0 10 3.1312249999999997 2.1205407972450527 1.4766162499999997 0.1
628.0 0 10 3.12452 2.1211286001930696 1.4730459999999999 0.1
628.5 0 10 3.117815 2.1217192594025454 1.46947575 0.1
629.0 0 10 3.11111 2.122312795742973 1.4659054999999999 0.1
629.5 0 10 3.104405 2.122909230287651 1.46233525 0.1
630.0 0 10 3.0977 2.1235085843161854 1.4587649999999999 0.1
630.5 0 10 3.090995 2.1241108793170125 1.4551947499999998 0.1
631.0 0 10 3.0842899999999998 2.124716136989972 1.4516245 0.1
631.5 0 10 3.077585 2.1253243792489127 1.44805425 0.1
632.0 0 10 3.07088 2.125935628224335 1.4444839999999999 0.1
632.5 0 10 3.064175 2.126549906266076 1.44091375 0.1
633.0 0 10 3.05747 2.127167235946035 1.4373434999999999 0.1
633.5 0 10 3.050765 2.1277876400609372 1.43377325 0.1
634.0 0 10 3.04406 2.1284111416351386 1.430203 0.1
634.5 0 10 3.037355 2.1290377639234763 1.42663275 0.1
635.0 0 10 3.03065 2.1296675304141597 1.4230625 0.1
635.5 0 10 3.023945 2.130300464831703 1.41949225 0.1
636.0 0 10 3.01724 2.130936591139908 1.4159219999999997 0.1
636.5 0 10 3.010535 2.1315759335448834 1.41235175 0.1
637.0 0 10 3.00383 2.1322185164981224 1.4087815000000001 0.1
637.5 0 10 2.997125 2.132864364699614 1.4052112499999996 0.1
638.0 0 10 2.99042 2.133513503101008 1.401641 0.1
638.5 0 10 2.983715 2.1341659569088334 1.39807075 0.1
639.0 0 10 2.97701 2.134821751587755 1.3945005000000001 0.1
639.5 0 10 2.9703049999999998 2.135480912863891 1.3909302499999998 0.1
640.0 0 10 2.9636 2.1361434667281745 1.38736 0.1
640.5 0 10 2.956895 2.1368094394397703 1.3837897499999998 0.1
641.0 0 10 2.95019 2.1374788575295454 1.3802195 0.1
641.5 0 10 2.943485 2.1381517478035894 1.3766492499999996 0.1
642.0 0 10 2.9367799999999997 2.138828137346795 1.373079 0.1
642.5 0 10 2.930075 2.1395080535264923 1.3695087500000003 0.1
643.0 0 10 2.92337 2.1401915239961387 1.3659385 0.1
643.5 0 10 2.916665 2.1408785766990683 1.3623682499999998 0.1
644.0 0 10 2.90996 2.141569239872299 1.358798 0.1
644.5 0 10 2.9032549999999997 2.142263542050404 1.3552277500000003 0.1
645.0 0 10 2.89655 2.1429615120694407 1.3516575 0.1
645.5 0 10 2.8898449999999998 2.1436631790709395 1.3480872499999996 0.1
646.0 0 10 2.88314 2.144368572505963 1.344517 0.1
646.5 0 10 2.876435 2.145077722139227 1.34094675 0.1
647.0 0 10 2.8697299999999997 2.1457906580532855 1.3373765 0.1
647.5 0 10 2.863025 2.1465074106527844 1.3338062499999999 0.1
648.0 0 10 2.85632 2.1472280106687838 1.330236 0.1
648.5 0 10 2.849615 2.1479524891631523 1.3266657499999999 0.1
649.0 0 10 2.84291 2.1486808775330277 1.3230954999999998 0.1
649.5 0 10 2.8362049999999996 2.1494132075153543 1.3195252499999999 0.1
650.0 0 10 2.8295 2.150149511191492 1.315955 0.1
650.5 0 10 2.8227949999999997 2.1508898209919005 1.3123847499999999 0.1
651.0 0 10 2.81609 2.151634169700901 1.3088145 0.1
651.5 0 10 2.809385 2.1523825904615173 1.3052442499999997 0.1
652.0 0 10 2.80268 2.1531351167803923 1.301674 0.1
652.5 0 10 2.795975 2.153891782532791 1.2981037499999997 0.1
653.0 0 10 2.7892699999999997 2.1546526219676814 1.2945335000000002 0.1
653.5 0 10 2.782565 2.1554176697129064 1.29096325 0.1
654.0 0 10 2.7758599999999998 2.15618696078043 1.287393 0.1
654.5 0 10 2.769155 2.1569605305716855 1.28382275 0.1
655.0 0 10 2.76245 2.1577384148830014 1.2802525 0.1
655.5 0 10 2.755745 2.1585206499111274 1.27668225 0.1
656.0 0 10 2.74904 2.1593072722588427 1.2731120000000002 0.1
656.5 0 10 2.7423349999999997 2.1600983189406726 1.26954175 0.1
657.0 0 10 2.73563 2.1608938273886893 1.2659715 0.1
657.5 0 10 2.728925 2.161693835458417 1.2624012499999997 0.1
658.0 0 10 2.72222 2.162498381434839 1.258831 0.1
658.5 0 10 2.715515 2.1633075040385035 1.25526075 0.1
659.0 0 10 2.7088099999999997 2.164121242431735 1.2516905000000003 0.1
659.5 0 10 2.702105 2.1649396362249553 1.24812025 0.1
660.0 0 10 2.6954 2.1657627254831064 1.2445499999999998 0.1
660.5 0 10 2.688695 2.166590550732194 1.24097975 0.1
661.0 0 10 2.68199 2.167423152965934 1.2374095 0.1
661.5 0 10 2.6752849999999997 2.168260573652524 1.23383925 0.1
662.0 0 10 2.66858 2.1691028547415243 1.2302689999999998 0.1
662.5 0 10 2.6618749999999998 2.1699500386708634 1.22669875 0.1
663.0 0 10 2.65517 2.1708021683739687 1.2231285000000003 0.1
663.5 0 10 2.648465 2.1716592872870155 1.21955825 0.1
664.0 0 10 2.6417599999999997 2.1725214393563093 1.2159879999999998 0.1
664.5 0 10 2.635055 2.173388669045797 1.21241775 0.1
665.0 0 10 2.6283499999999997 2.17426102134471 1.2088475 0.1
665.5 0 10 2.621645 2.175138541775347 1.20527725 0.1
666.0 0 10 2.61494 2.1760212764009865 1.2017069999999999 0.1
666.5 0 10 2.608235 2.1769092718339538 1.19813675 0.1
667.0 0 10 2.60153 2.1778025752438226 1.1945665 0.1
667.5 0 10 2.5948249999999997 2.178701234365767 1.19099625 0.1
668.0 0 10 2.58812 2.179605297509066 1.1874259999999999 0.1
668.5 0 10 2.581415 2.1805148135657575 1.18385575 0.1
669.0 0 10 2.57471 2.181429832019456 1.1802855000000003 0.1
669.5 0 10 2.568005 2.1823504029543255 1.17671525 0.1
670.0 0 10 2.5612999999999997 2.183276577064216 1.1731449999999999 0.1
670.5 0 10 2.554595 2.1842084056619724 1.16957475 0.1
671.0 0 10 2.5478899999999998 2.1851459406889076 1.1660045000000003 0.1
671.5 0 10 2.541185 2.1860892347244585 1.16243425 0.1
672.0 0 10 2.53448 2.18703834099601 1.158864 0.1
672.5 0 10 2.527775 2.187993313388911 1.15529375 0.1
673.0 0 10 2.52107 2.188954206456671 1.1517235000000001 0.1
673.5 0 10 2.5143649999999997 2.18992107543135 1.14815325 0.1
674.0 0 10 2.50766 2.1908939762341397 1.144583 0.1
674.5 0 10 2.500955 2.1918729654861435 1.14101275 0.1
675.0 0 10 2.49425 2.1928581005193672 1.1374425 0.1
675.5 0 10 2.487545 2.1938494393879027 1.13387225 0.1
676.0 0 10 2.4808399999999997 2.19484704087934 1.130302 0.1
676.5 0 10 2.474135 2.1958509645263837 1.1267317499999998 0.1
677.0 0 10 2.46743 2.1968612706186956 1.1231615 0.1
677.5 0 10 2.460725 2.197878020214967 1.11959125 0.1
678.0 0 10 2.45402 2.1989012751552166 1.116021 0.1
678.5 0 10 2.4473149999999997 2.1999310980733306 1.1124507499999996 0.1
679.0 0 10 2.44061 2.2009675524098404 1.1088805 0.1
679.5 0 10 2.4339049999999998 2.2020107024249524 1.10531025 0.1
680.0 0 10 2.4272 2.2030606132118287 1.10174 0.1
680.5 0 10 2.420495 2.204117350710125 1.0981697499999998 0.1
681.0 0 10 2.4137899999999997 2.205180981719798 1.0945995 0.1
681.5 0 10 2.407085 2.206251573915181 1.09102925 0.1
682.0 0 10 2.4003799999999997 2.207329195859338 1.087459 0.1
682.5 0 10 2.393675 2.208413917018698 1.0838887499999998 0.1
683.0 0 10 2.38697 2.209505807777984 1.0803185 0.1
683.5 0 10 2.3802649999999996 2.210604939455439 1.0767482499999999 0.1
684.0 0 10 2.37356 2.2117113843183516 1.073178 0.1
684.5 0 10 2.3668549999999997 2.212825215598896 1.0696077499999996 0.1
685.0 0 10 2.36015 2.2139465075102893 1.0660375 0.1
685.5 0 10 2.353445 2.2150753352632746 1.0624672500000003 0.1
686.0 0 10 2.3467399999999996 2.2162117750829395 1.058897 0.1
686.5 0 10 2.340035 2.2173559042258715 1.0553267499999999 0.1
687.0 0 10 2.3333299999999997 2.218507800997664 1.0517565 0.1
687.5 0 10 2.326625 2.2196675447707883 1.04818625 0.1
688.0 0 10 2.3199199999999998 2.220835216002818 1.044616 0.1
688.5 0 10 2.3132149999999996 2.2220108962550396 1.0410457499999999 0.1
689.0 0 10 2.30651 2.223194668211442 1.0374755 0.1
689.5 0 10 2.299805 2.224386615698102 1.03390525 0.1
690.0 0 10 2.2931 2.22558682370297 1.030335 0.1
690.5 0 10 2.2863949999999997 2.2267953783960737 1.02676475 0.1
691.0 0 10 2.27969 2.228012367150136 1.0231945 0.1
691.5 0 10 2.272985 2.2292378785616362 1.0196242500000001 0.1
692.0 0 10 2.26628 2.2304720024723097 1.016054 0.1
692.5 0 10 2.259575 2.2317148299910987 1.01248375 0.1
693.0 0 10 2.2528699999999997 2.2329664535165796 1.0089135 0.1
693.5 0 10 2.246165 2.23422696675986 1.0053432500000001 0.1
694.0 0 10 2.23946 2.2354964647679663 1.001773 0.1
694.5 0 10 2.232755 2.236775043947735 0.99820275 0.1
695.0 0 10 2.22605 2.238062802090219 0.9946325 0.1
695.5 0 10 2.2193449999999997 2.23935983839562 0.99106225 0.1
696.0 0 10 2.21264 2.2406662534987625 0.987492 0.1
696.5 0 10 2.2059349999999998 2.24198214949512 0.9839217499999998 0.1
697.0 0 10 2.19923 2.243307629967415 0.9803514999999999 0.1
697.5 0 10 2.192525 2.244642800012797 0.9767812499999999 0.1
698.0 0 10 2.1858199999999997 2.2459877662706234 0.973211 0.1
698.5 0 10 2.179115 2.24734263695085 0.96964075 0.1
699.0 0 10 2.1724099999999997 2.2487075218630523 0.9660704999999999 0.1
699.5 0 10 2.165705 2.2500825324460956 0.96250025 0.1
700.0 0 10 2.159 2.2514677817984627 0.95893 0.1
700.5 0 10 2.1522949999999996 2.2528633847092676 0.95535975 0.1
701.0 0 10 2.14559 2.254269457689962 0.9517895 0.1
701.5 0 10 2.1388849999999997 2.255686119006759 0.94821925 0.1
702.0 0 10 2.13218 2.2571134887137974 0.944649 0.1
702.5 0 10 2.125475 2.258551688687052 0.9410787499999999 0.1
703.0 0 10 2.11877 2.260000842659027 0.9375084999999999 0.1
703.5 0 10 2.112065 2.261461076254238 0.9339382500000001 0.1
704.0 0 10 2.1053599999999997 2.262932517025521 0.930368 0.1
704.5 0 10 2.098655 2.2644152944911657 0.92679775 0.1
705.0 0 10 2.0919499999999998 2.2659095401729257 0.9232275000000001 0.1
705.5 0 10 2.085245 2.2674153876349044 0.91965725 0.1
706.0 0 10 2.07854 2.268932972523352 0.916087 0.1
706.5 0 10 2.0718349999999996 2.270462432607401 0.91251675 0.1
707.0 0 10 2.06513 2.2720039078207575 0.9089465 0.1
707.5 0 10 2.0584249999999997 2.2735575403043757 0.9053762500000001 0.1
708.0 0 10 2.05172 2.275123474450159 0.901806 0.1
708.5 0 10 2.045015 2.2767018569456847 0.89823575 0.1
709.0 0 10 2.03831 2.278292836820018 0.8946655 0.1
709.5 0 10 2.031605 2.279896565490614 0.89109525 0.1
710.0 0 10 2.0248999999999997 2.281513196811357 0.887525 0.1
710.5 0 10 2.018195 2.2831428871217674 0.8839547499999999 0.1
711.0 0 10 2.01149 2.2847857952973953 0.8803845 0.1
711.5 0 10 2.004785 2.28644208280146 0.87681425 0.1
712.0 0 10 1.9980799999999999 2.288111913737741 0.873244 0.1
712.5 0 10 1.991375 2.2897954549047843 0.8696737500000001 0.1
713.0 0 10 1.98467 2.2914928758514423 0.8661035000000001 0.1
713.5 0 10 1.977965 2.2932043489337945 0.8625332500000001 0.1
714.0 0 10 1.97126 2.2949300493734888 0.858963 0.1
714.5 0 10 1.9645549999999998 2.2966701553175426 0.85539275 0.1
715.0 0 10 1.9578499999999999 2.2984248478996503 0.8518225 0.1
715.5 0 10 1.951145 2.3001943113030348 0.8482522500000002 0.1
716.0 0 10 1.94444 2.3019787328248973 0.844682 0.1
716.5 0 10 1.937735 2.3037783029425043 0.8411117499999999 0.1
717.0 0 10 1.9310299999999998 2.3055932153809686 0.8375415 0.1
717.5 0 10 1.9243249999999998 2.3074236671827717 0.8339712499999999 0.1
718.0 0 10 1.9176199999999999 2.309269858779072 0.830401 0.1
718.5 0 10 1.910915 2.311131994062872 0.82683075 0.1
719.0 0 10 1.90421 2.3130102804640815 0.8232605 0.1
719.5 0 10 1.897505 2.314904929026544 0.81969025 0.1
720.0 0 10 1.8908 2.3168161544870856 0.81612 0.1
720.5 0 10 1.8840949999999999 2.318744175356647 0.8125497500000001 0.1
721.0 0 10 1.87739 2.320689214003569 0.8089794999999999 0.1
721.5 0 10 1.870685 2.32265149673908 0.80540925 0.1
722.0 0 10 1.86398 2.324631253905086 0.8018389999999999 0.1
722.5 0 10 1.857275 2.326628719964298 0.79826875 0.1
723.0 0 10 1.85057 2.3286441335928028 0.7946985 0.1
723.5 0 10 1.843865 2.3306777377751335 0.7911282499999999 0.1
724.0 0 10 1.83716 2.3327297799019244 0.787558 0.1
724.5 0 10 1.830455 2.334800511870243 0.7839877499999999 0.1
725.0 0 10 1.82375 2.3368901901866628 0.7804175000000001 0.1
725.5 0 10 1.817045 2.338999076073192 0.77684725 0.1
726.0 0 10 1.81034 2.341127435576126 0.773277 0.1
726.5 0 10 1.8036349999999999 2.3432755396779354 0.76970675 0.1
727.0 0 10 1.79693 2.3454436644122816 0.7661365 0.1
727.5 0 10 1.790225 2.347632090982259 0.7625662499999999 0.1
728.0 0 10 1.78352 2.349841105881981 0.7589959999999999 0.1
728.5 0 10 1.776815 2.3520710010216095 0.7554257499999999 0.1
729.0 0 10 1.77011 2.354322073855947 0.7518555000000001 0.1
729.5 0 10 1.7634050000000001 2.3565946275167127 0.74828525 0.1
730.0 0 10 1.7567 2.358888970948618 0.744715 0.1
730.5 0 10 1.749995 2.3612054190493827 0.7411447499999999 0.1
731.0 0 10 1.74329 2.3635442928138106 0.7375745 0.1
731.5 0 10 1.736585 2.3659059194820737 0.73400425 0.1
732.0 0 10 1.72988 2.3682906326923447 0.730434 0.1
732.5 0 10 1.723175 2.370698772637925 0.7268637500000001 0.1
733.0 0 10 1.7164700000000002 2.3731306862290342 0.7232935000000001 0.1
733.5 0 10 1.709765 2.3755867272594013 0.71972325 0.1
734.0 0 10 1.70306 2.3780672565778542 0.716153 0.1
734.5 0 10 1.696355 2.380572642265056 0.71258275 0.1
735.0 0 10 1.68965 2.3831032598155883 0.7090125000000002 0.1
735.5 0 10 1.6829450000000001 2.385659492325559 0.70544225 0.1
736.0 0 10 1.67624 2.388241730685937 0.7018719999999999 0.1
736.5 0 10 1.669535 2.3908503737818214 0.6983017499999999 0.1
737.0 0 10 1.66283 2.393485828697849 0.6947315000000002 0.1
737.5 0 10 1.656125 2.3961485109299745 0.6911612500000001 0.1
738.0 0 10 1.64942 2.3988388446038416 0.6875910000000001 0.1
738.5 0 10 1.642715 2.401557262699998 0.6840207500000001 0.1
739.0 0 10 1.6360100000000002 2.4043042072862026 0.6804505 0.1
739.5 0 10 1.629305 2.407080129757073 0.67688025 0.1
740.0 0 10 1.6226 2.4098854910813743 0.67331 0.1
740.5 0 10 1.615895 2.4127207620572024 0.66973975 0.1
741.0 0 10 1.6091900000000001 2.4155864235753812 0.6661695000000001 0.1
741.5 0 10 1.6024850000000002 2.4184829668913754 0.66259925 0.1
742.0 0 10 1.59578 2.421410893906034 0.6590290000000002 0.1
742.5 0 10 1.5890750000000002 2.424370717455523 0.65545875 0.1
743.0 0 10 1.58237 2.427362961610766 0.6518885 0.1
743.5 0 10 1.575665 2.4303881619868024 0.6483182499999999 0.1
744.0 0 10 1.5689600000000001 2.4334468660623996 0.644748 0.1
744.5 0 10 1.562255 2.4365396335103644 0.64117775 0.1
745.0 0 10 1.5555500000000002 2.4396670365389364 0.6376075000000001 0.1
745.5 0 10 1.548845 2.4428296602447253 0.63403725 0.1
746.0 0 10 1.5421400000000003 2.446028102977634 0.6304670000000001 0.1
746.5 0 10 1.535435 2.4492629767182557 0.62689675 0.1
747.0 0 10 1.5287300000000001 2.4525349074682365 0.6233265000000002 0.1
747.5 0 10 1.5220250000000002 2.4558445356541383 0.6197562500000001 0.1
748.0 0 10 1.51532 2.4591925165453286 0.6161860000000001 0.1
748.5 0 10 1.5086150000000003 2.462579520686499 0.61261575 0.1
749.0 0 10 1.50191 2.466006234345381 0.6090455000000001 0.1
749.5 0 10 1.4952050000000001 2.469473359976316 0.60547525 0.1
750.0 0 10 1.4885000000000002 2.4729816167003102 0.601905 0.1
750.5 0 10 1.4817950000000002 2.4765317408022853 0.59833475 0.1
751.0 0 10 1.4750900000000002 2.4801244862462375 0.5947644999999999 0.1
751.5 0 10 1.468385 2.4837606252090576 0.59119425 0.1
752.0 0 10 1.46168 2.4874409486338207 0.5876239999999999 0.1
752.5 0 10 1.4549750000000001 2.491166266803355 0.58405375 0.1
753.0 0 10 1.4482700000000002 2.4949374099349946 0.5804834999999999 0.1
753.5 0 10 1.4415650000000002 2.4987552287973975 0.57691325 0.1
754.0 0 10 1.4348600000000002 2.502620595350428 0.5733429999999999 0.1
754.5 0 10 1.428155 2.5065344034090784 0.56977275 0.1
755.0 0 10 1.42145 2.5104975693325273 0.5662024999999999 0.1
755.5 0 10 1.4147450000000001 2.5145110327394136 0.5626322500000002 0.1
756.0 0 10 1.4080400000000002 2.518575757250538 0.559062 0.1
756.5 0 10 1.4013350000000002 2.5226927312601855 0.5554917500000001 0.1
757.0 0 10 1.39463 2.5268629687374022 0.5519215 0.1
757.5 0 10 1.387925 2.531087510058562 0.5483512500000001 0.1
758.0 0 10 1.3812200000000001 2.5353674228726777 0.544781 0.1
758.5 0 10 1.3745150000000002 2.5397038030009567 0.5412107500000001 0.1
759.0 0 10 1.3678100000000002 2.5440977753722054 0.5376405 0.1
759.5 0 10 1.3611050000000002 2.5485504949957427 0.5340702500000001 0.1
760.0 0 10 1.3544 2.55306314797361 0.5305 0.1
760.5 0 10 1.347695 2.557636952553922 0.5269297500000001 0.1
761.0 0 10 1.3409900000000001 2.562273160227339 0.5233595 0.1
761.5 0 10 1.3342850000000002 2.5669730568687212 0.5197892500000001 0.1
762.0 0 10 1.3275800000000002 2.5717379639261635 0.516219 0.1
762.5 0 10 1.320875 2.576569239659708 0.5126487500000001 0.1
763.0 0 10 1.31417 2.5814682804321927 0.5090785 0.1
763.5 0 10 1.307465 2.5864365220547834 0.5055082500000001 0.1
764.0 0 10 1.3007600000000001 2.591475441189948 0.501938 0.1
764.5 0 10 1.2940550000000002 2.5965865568147213 0.49836775000000016 0.1
765.0 0 10 1.28735 2.601771431747331 0.49479749999999995 0.1
765.5 0 10 1.280645 2.607031674240384 0.49122725000000017 0.1
766.0 0 10 1.27394 2.6123689396440533 0.48765699999999995 0.1
766.5 0 10 1.2672350000000001 2.6177849321428437 0.4840867500000001 0.1
767.0 0 10 1.2605300000000002 2.623281406569806 0.4805165 0.1
767.5 0 10 1.2538250000000002 2.6288601703022088 0.4769462500000001 0.1
768.0 0 10 1.24712 2.6345230852430204 0.473376 0.1
768.5 0 10 1.240415 2.6402720698927156 0.4698057500000002 0.1
769.0 0 10 1.23371 2.6461091015162936 0.4662355000000001 0.1
769.5 0 10 1.2270050000000001 2.6520362184106108 0.46266525000000014 0.1
770.0 0 10 1.2203000000000002 2.6580555222775244 0.4590950000000001 0.1
770.5 0 10 1.2135950000000002 2.664169180708622 0.4555247500000001 0.1
771.0 0 10 1.20689 2.670379429787733 0.4519545 0.1
771.5 0 10 1.200185 2.6766885768177633 0.44838425 0.1
772.0 0 10 1.19348 2.6830990031788566 0.44481400000000004 0.1
772.5 0 10 1.1867750000000001 2.6896131673253167 0.44124374999999993 0.1
773.0 0 10 1.1800700000000002 2.6962336079291984 0.43767350000000005 0.1
773.5 0 10 1.173365 2.7029629471790413 0.43410324999999994 0.1
774.0 0 10 1.16666 2.7098038942427176 0.43053300000000005 0.1
774.5 0 10 1.159955 2.7167592489040326 0.42696274999999995 0.1
775.0 0 10 1.15325 2.7238319053833027 0.4233925 0.1
775.5 0 10 1.1465450000000001 2.7310248563528976 0.41982224999999995 0.1
776.0 0 10 1.13984 2.7383411971594125 0.41625200000000007 0.1
776.5 0 10 1.133135 2.745784130265029 0.41268174999999996 0.1
777.0 0 10 1.12643 2.7533569699214024 0.4091115000000001 0.1
777.5 0 10 1.119725 2.761063147090463 0.40554124999999996 0.1
778.0 0 10 1.1130200000000001 2.7689062146274233 0.401971 0.1
778.5 0 10 1.106315 2.7768898527424963 0.3984007499999999 0.1
779.0 0 10 1.09961 2.785017874758915 0.3948305000000001 0.1
779.5 0 10 1.092905 2.7932942331862236 0.39126025 0.1
780.0 0 10 1.0862 2.8017230261291233 0.3876900000000001 0.1
780.5 0 10 1.079495 2.8103085040537494 0.38411975 0.1
781.0 0 10 1.07279 2.8190550769348 0.3805495000000001 0.1
781.5 0 10 1.0660850000000002 2.827967321808827 0.37697925 0.1
782.0 0 10 1.05938 2.8370499907608004 0.3734090000000001 0.1
782.5 0 10 1.052675 2.846308019373308 0.36983875 0.1
783.0 0 10 1.04597 2.85574653566987 0.36626850000000005 0.1
783.5 0 10 1.039265 2.8653708695864952 0.36269825 0.1
784.0 0 10 1.0325600000000001 2.875186563008175 0.3591280000000001 0.1
784.5 0 10 1.025855 2.8851993804100737 0.35555775000000006 0.1
785.0 0 10 1.01915 2.895415320146311 0.3519875000000001 0.1
785.5 0 10 1.012445 2.905840626432819 0.34841724999999996 0.1
786.0 0 10 1.00574 2.9164818020745424 0.3448470000000001 0.1
786.5 0 10 0.999035 2.927345621991536 0.3412767500000001 0.1
787.0 0 10 0.99233 2.938439147603021 0.3377065000000001 0.1
787.5 0 10 0.985625 2.9497697421336353 0.33413625 0.1
788.0 0 10 0.97892 2.9613450869115385 0.33056600000000014 0.1
788.5 0 10 0.972215 2.973173198734234 0.32699575000000003 0.1
789.0 0 10 0.96551 2.985262448384557 0.32342550000000014 0.1
789.5 0 10 0.958805 2.997621580386753 0.31985525 0.1
790.0 0 10 0.9521000000000001 3.010259734100573 0.31628500000000015 0.1
790.5 0 10 0.945395 3.0231864662603853 0.31271475000000004 0.1
791.0 0 10 0.93869 3.036411775076055 0.30914450000000016 0.1
791.5 0 10 0.9319850000000001 3.0499461260233804 0.30557425000000005 0.1
792.0 0 10 0.92528 3.0638004794638465 0.30200400000000016 0.1
792.5 0 10 0.918575 3.0779863202469557 0.29843375000000005 0.1
793.0 0 10 0.91187 3.092515689463091 0.29486349999999995 0.1
793.5 0 10 0.905165 3.1074012185314963 0.29129325000000006 0.1
794.0 0 10 0.89846 3.12265616582616 0.2877229999999999 0.1
794.5 0 10 0.891755 3.138294456062803 0.2841527500000001 0.1
795.0 0 10 0.88505 3.1543307226929698 0.28058249999999996 0.1
795.5 0 10 0.878345 3.1707803535764207 0.27701225000000007 0.1
796.0 0 10 0.87164 3.1876595402315666 0.27344199999999996 0.1
796.5 0 10 0.864935 3.204985330995185 0.2698717500000001 0.1
797.0 0 10 0.8582299999999999 3.2227756884583827 0.26630149999999997 0.1
797.5 0 10 0.851525 3.241049551585507 0.2627312500000001 0.1
798.0 0 10 0.84482 3.259826902967654 0.259161 0.1
798.5 0 10 0.8381149999999999 3.279128841712776 0.2555907500000001 0.1
799.0 0 10 0.83141 3.298977662531421 0.25202050000000004 0.1
799.5 0 10 0.824705 3.319396941641233 0.2484502500000001 0.1
800.0 0 10 0.818 3.3404116301862135 0.24488 0.1
800.5 0 10 0.816615 3.335136463019199 0.24485204999999996 0.1
801.0 0 10 0.8152299999999999 3.3298600913880616 0.2448241 0.1
801.5 0 10 0.8138449999999999 3.324582514880238 0.24479614999999996 0.1
802.0 0 10 0.81246 3.319303733082974 0.2447682 0.1
802.5 0 10 0.811075 3.3140237455833277 0.24474024999999996 0.1
803.0 0 10 0.8096899999999999 3.308742551968168 0.24471229999999997 0.1
803.5 0 10 0.8083049999999999 3.3034601518241766 0.24468435 0.1
804.0 0 10 0.80692 3.2981765447378444 0.2446564 0.1
804.5 0 10 0.805535 3.2928917302954748 0.24462845 0.1
805.0 0 10 0.8041499999999999 3.28760570808318 0.24460050000000003 0.1
805.5 0 10 0.802765 3.2823184776868866 0.24457255 0.1
806.0 0 10 0.80138 3.277030038692329 0.24454459999999997 0.1
806.5 0 10 0.799995 3.2717403906850517 0.24451664999999997 0.1
807.0 0 10 0.7986099999999999 3.266449533250412 0.2444887 0.1
807.5 0 10 0.797225 3.2611574659735765 0.24446075 0.1
808.0 0 10 0.79584 3.255864188439522 0.2444328 0.1
808.5 0 10 0.7944549999999999 3.2505697002330356 0.24440484999999998 0.1
809.0 0 10 0.7930699999999999 3.2452740009387138 0.2443769 0.1
809.5 0 10 0.791685 3.2399770901409646 0.24434894999999995 0.1
810.0 0 10 0.7903 3.2346789674240037 0.244321 0.1
810.5 0 10 0.7889149999999999 3.229379632371858 0.24429304999999998 0.1
811.0 0 10 0.78753 3.2240790845683645 0.24426509999999999 0.1
811.5 0 10 0.786145 3.218777323597168 0.24423714999999996 0.1
812.0 0 10 0.7847599999999999 3.213474349041723 0.2442092 0.1
812.5 0 10 0.7833749999999999 3.2081701604852952 0.24418124999999996 0.1
813.0 0 10 0.78199 3.2028647575109574 0.24415329999999996 0.1
813.5 0 10 0.780605 3.197558139701592 0.24412534999999996 0.1
814.0 0 10 0.7792199999999999 3.1922503066398904 0.2440974 0.1
814.5 0 10 0.7778349999999999 3.1869412579083534 0.24406945000000002 0.1
815.0 0 10 0.77645 3.18163099308929 0.2440415 0.1
815.5 0 10 0.775065 3.176319511764818 0.24401355 0.1
816.0 0 10 0.7736799999999999 3.171006813516863 0.24398560000000002 0.1
816.5 0 10 0.772295 3.1656928979271606 0.24395765 0.1
817.0 0 10 0.77091 3.160377764577253 0.2439297 0.1
817.5 0 10 0.769525 3.1550614130484917 0.24390175000000003 0.1
818.0 0 10 0.7681399999999999 3.149743842922036 0.24387379999999997 0.1
818.5 0 10 0.766755 3.1444250537788525 0.24384584999999998 0.1
819.0 0 10 0.76537 3.139105045199717 0.24381789999999998 0.1
819.5 0 10 0.7639849999999999 3.1337838167652112 0.24378994999999998 0.1
820.0 0 10 0.7626 3.1284613680557265 0.24376199999999998 0.1
820.5 0 10 0.761215 3.1231376986514605 0.24373404999999998 0.1
821.0 0 10 0.75983 3.1178128081324186 0.2437061 0.1
821.5 0 10 0.7584449999999999 3.112486696078413 0.24367814999999998 0.1
822.0 0 10 0.75706 3.1071593620690647 0.24365019999999998 0.1
822.5 0 10 0.755675 3.1018308056837998 0.24362224999999998 0.1
823.0 0 10 0.75429 3.0965010265018518 0.24359429999999999 0.1
823.5 0 10 0.7529049999999999 3.091170024102262 0.24356635 0.1
824.0 0 10 0.75152 3.0858377980638783 0.2435384 0.1
824.5 0 10 0.750135 3.080504347965354 0.24351045 0.1
825.0 0 10 0.74875 3.075169673385151 0.2434825 0.1
825.5 0 10 0.747365 3.069833773901535 0.24345455000000002 0.1
826.0 0 10 0.74598 3.0644966490925807 0.2434266 0.1
826.5 0 10 0.744595 3.059158298536167 0.24339865 0.1
827.0 0 10 0.7432099999999999 3.0538187218099795 0.24337069999999997 0.1
827.5 0 10 0.741825 3.0484779184915105 0.24334274999999997 0.1
828.0 0 10 0.74044 3.043135888158057 0.2433148 0.1
828.5 0 10 0.739055 3.0377926303867224 0.24328685000000003 0.1
829.0 0 10 0.7376699999999999 3.0324481447544156 0.2432589 0.1
829.5 0 10 0.736285 3.0271024308378522 0.24323094999999997 0.1
830.0 0 10 0.7349 3.0217554882135502 0.243203 0.1
830.5 0 10 0.7335149999999999 3.0164073164578356 0.24317504999999998 0.1
831.0 0 10 0.73213 3.0110579151468393 0.24314709999999995 0.1
831.5 0 10 0.730745 3.005707283856496 0.24311914999999998 0.1
832.0 0 10 0.72936 3.0003554221625466 0.2430912 0.1
832.5 0 10 0.727975 2.995002329640536 0.24306325 0.1
833.0 0 10 0.72659 2.989648005865815 0.24303529999999998 0.1
833.5 0 10 0.725205 2.984292450413537 0.24300734999999998 0.1
834.0 0 10 0.72382 2.9789356628586625 0.24297939999999998 0.1
834.5 0 10 0.7224349999999999 2.973577642775954 0.24295144999999999 0.1
835.0 0 10 0.72105 2.96821838973998 0.2429235 0.1
835.5 0 10 0.719665 2.9628579033251126 0.24289555 0.1
836.0 0 10 0.71828 2.9574961831055275 0.24286760000000002 0.1
836.5 0 10 0.716895 2.952133228655205 0.24283965 0.1
837.0 0 10 0.71551 2.9467690395479296 0.2428117 0.1
837.5 0 10 0.714125 2.9414036153572884 0.24278374999999996 0.1
838.0 0 10 0.7127399999999999 2.936036955656672 0.2427558 0.1
838.5 0 10 0.711355 2.9306690600192766 0.24272785000000002 0.1
839.0 0 10 0.70997 2.9252999280180996 0.24269990000000002 0.1
839.5 0 10 0.708585 2.9199295592259427 0.24267195000000003 0.1
840.0 0 10 0.7072 2.9145579532154104 0.242644 0.1
840.5 0 10 0.705815 2.90918510955891 0.24261605 0.1
841.0 0 10 0.70443 2.903811027828653 0.24258809999999997 0.1
841.5 0 10 0.703045 2.898435707596652 0.24256014999999997 0.1
842.0 0 10 0.70166 2.8930591484347232 0.2425322 0.1
842.5 0 10 0.700275 2.8876813499144864 0.24250424999999995 0.1
843.0 0 10 0.69889 2.8823023116073614 0.24247629999999998 0.1
843.5 0 10 0.697505 2.876922033084573 0.24244834999999998 0.1
844.0 0 10 0.69612 2.8715405139171457 0.24242039999999995 0.1
844.5 0 10 0.694735 2.8661577536759086 0.24239245 0.1
845.0 0 10 0.69335 2.8607737519314917 0.24236449999999998 0.1
845.5 0 10 0.6919649999999999 2.855388508254326 0.24233655 0.1
846.0 0 10 0.69058 2.850002022214647 0.2423086 0.1
846.5 0 10 0.689195 2.8446142933824885 0.24228065 0.1
847.0 0 10 0.68781 2.8392253213276883 0.2422527 0.1
847.5 0 10 0.6864250000000001 2.8338351056198845 0.24222475 0.1
848.0 0 10 0.68504 2.8284436458285165 0.2421968 0.1
848.5 0 10 0.683655 2.823050941522826 0.24216884999999996 0.1
849.0 0 10 0.6822699999999999 2.817656992271855 0.24214089999999996 0.1
849.5 0 10 0.680885 2.8122617976444464 0.24211295 0.1
850.0 0 10 0.6795 2.8068653572092446 0.242085 0.1
850.5 0 10 0.678115 2.801467670534694 0.24205705 0.1
851.0 0 10 0.6767299999999999 2.7960687371890405 0.2420291 0.1
851.5 0 10 0.675345 2.7906685567403295 0.24200114999999997 0.1
852.0 0 10 0.67396 2.785267128756408 0.24197319999999997 0.1
852.5 0 10 0.672575 2.779864452804922 0.24194525 0.1
853.0 0 10 0.67119 2.7744605284533184 0.24191729999999997 0.1
853.5 0 10 0.669805 2.7690553552688453 0.24188934999999995 0.1
854.0 0 10 0.66842 2.7636489328185485 0.24186139999999998 0.1
854.5 0 10 0.6670349999999999 2.7582412606692746 0.24183344999999998 0.1
855.0 0 10 0.66565 2.7528323383876714 0.24180549999999995 0.1
855.5 0 10 0.664265 2.7474221655401836 0.24177754999999998 0.1
856.0 0 10 0.66288 2.742010741693058 0.24174959999999995 0.1
856.5 0 10 0.6614949999999999 2.736598066412338 0.24172165 0.1
857.0 0 10 0.66011 2.73118413926387 0.24169369999999998 0.1
857.5 0 10 0.658725 2.725768959813296 0.24166574999999998 0.1
858.0 0 10 0.65734 2.720352527626059 0.24163779999999996 0.1
858.5 0 10 0.655955 2.7149348422673993 0.24160984999999996 0.1
859.0 0 10 0.65457 2.7095159033023584 0.24158190000000002 0.1
859.5 0 10 0.653185 2.704095710295775 0.24155395 0.1
860.0 0 10 0.6517999999999999 2.698674262812285 0.24152600000000002 0.1
860.5 0 10 0.650415 2.6932515604163263 0.24149805 0.1
861.0 0 10 0.64903 2.687827602672132 0.2414701 0.1
861.5 0 10 0.647645 2.682402389143735 0.24144214999999997 0.1
862.0 0 10 0.64626 2.676975919394965 0.24141419999999997 0.1
862.5 0 10 0.644875 2.6715481929894516 0.24138625 0.1
863.0 0 10 0.64349 2.6661192094906205 0.24135829999999997 0.1
863.5 0 10 0.6421049999999999 2.6606889684616957 0.24133034999999997 0.1
864.0 0 10 0.64072 2.6552574694656994 0.24130239999999997 0.1
864.5 0 10 0.639335 2.649824712065451 0.24127445 0.1
865.0 0 10 0.63795 2.644390695823567 0.24124649999999995 0.1
865.5 0 10 0.6365649999999999 2.63895542030246 0.24121855 0.1
866.0 0 10 0.63518 2.6335188850643436 0.24119059999999995 0.1
866.5 0 10 0.633795 2.628081089671224 0.24116264999999998 0.1
867.0 0 10 0.6324099999999999 2.6226420336849072 0.24113469999999995 0.1
867.5 0 10 0.631025 2.617201716666995 0.24110674999999995 0.1
868.0 0 10 0.62964 2.611760138178886 0.24107879999999998 0.1
868.5 0 10 0.628255 2.6063172977817755 0.24105084999999996 0.1
869.0 0 10 0.6268699999999999 2.600873195036654 0.24102289999999998 0.1
869.5 0 10 0.625485 2.5954278295043114 0.24099494999999996 0.1
870.0 0 10 0.6241 2.5899812007453304 0.240967 0.1
870.5 0 10 0.622715 2.584533308320092 0.24093905 0.1
871.0 0 10 0.6213299999999999 2.5790841517887717 0.2409111 0.1
871.5 0 10 0.619945 2.5736337307113426 0.24088315000000002 0.1
872.0 0 10 0.61856 2.5681820446475725 0.2408552 0.1
872.5 0 10 0.6171749999999999 2.562729093157024 0.24082725 0.1
873.0 0 10 0.61579 2.5572748757990573 0.24079930000000002 0.1
873.5 0 10 0.614405 2.5518193921328263 0.24077135 0.1
874.0 0 10 0.61302 2.546362641717281 0.24074339999999997 0.1
874.5 0 10 0.6116349999999999 2.540904624111165 0.24071545 0.1
875.0 0 10 0.61025 2.53544533887302 0.24068749999999997 0.1
875.5 0 10 0.608865 2.5299847855611795 0.24065955000000003 0.1
876.0 0 10 0.60748 2.524522963733774 0.24063160000000003 0.1
876.5 0 10 0.6060949999999999 2.519059872948727 0.24060364999999997 0.1
877.0 0 10 0.60471 2.513595512763758 0.24057569999999995 0.1
877.5 0 10 0.603325 2.50812988273638 0.24054775 0.1
878.0 0 10 0.6019399999999999 2.5026629824239 0.2405198 0.1
878.5 0 10 0.600555 2.4971948113834213 0.24049184999999995 0.1
879.0 0 10 0.59917 2.491725369171838 0.2404639 0.1
879.5 0 10 0.597785 2.486254655345842 0.24043594999999998 0.1
880.0 0 10 0.5963999999999999 2.480782669461915 0.24040799999999998 0.1
880.5 0 10 0.595015 2.475309411076335 0.24038005 0.1
881.0 0 10 0.59363 2.469834879745174 0.24035209999999996 0.1
881.5 0 10 0.5922449999999999 2.464359075024295 0.24032415 0.1
882.0 0 10 0.5908599999999999 2.458881996469357 0.2402962 0.1
882.5 0 10 0.589475 2.453403643635811 0.24026825 0.1
883.0 0 10 0.58809 2.4479240160789013 0.2402403 0.1
883.5 0 10 0.5867049999999999 2.4424431133536637 0.24021235 0.1
884.0 0 10 0.58532 2.43696093501493 0.2401844 0.1
884.5 0 10 0.583935 2.4314774806173225 0.24015645000000002 0.1
885.0 0 10 0.5825499999999999 2.4259927497152565 0.2401285 0.1
885.5 0 10 0.5811649999999999 2.42050674186294 0.24010055000000002 0.1
886.0 0 10 0.57978 2.415019456614374 0.2400726 0.1
886.5 0 10 0.578395 2.4095308935233506 0.24004465000000003 0.1
887.0 0 10 0.5770099999999999 2.4040410521434548 0.24001669999999997 0.1
887.5 0 10 0.5756249999999999 2.3985499320280637 0.23998874999999997 0.1
888.0 0 10 0.57424 2.393057532730346 0.2399608 0.1
888.5 0 10 0.5728549999999999 2.387563853803262 0.23993284999999998 0.1
889.0 0 10 0.5714699999999999 2.382068894799564 0.2399049 0.1
889.5 0 10 0.570085 2.3765726552717967 0.23987694999999998 0.1
890.0 0 10 0.5687 2.3710751347722945 0.23984899999999995 0.1
890.5 0 10 0.5673149999999999 2.3655763328531836 0.23982104999999998 0.1
891.0 0 10 0.5659299999999999 2.3600762490663825 0.2397931 0.1
891.5 0 10 0.564545 2.3545748829636 0.23976515 0.1
892.0 0 10 0.5631599999999999 2.3490722340963353 0.23973719999999998 0.1
892.5 0 10 0.5617749999999999 2.3435683020158793 0.23970925 0.1
893.0 0 10 0.5603899999999999 2.338063086273314 0.23968129999999996 0.1
893.5 0 10 0.559005 2.3325565864195097 0.23965335 0.1
894.0 0 10 0.5576199999999999 2.3270488020051294 0.23962539999999996 0.1
894.5 0 10 0.5562349999999999 2.321539732580626 0.23959745 0.1
895.0 0 10 0.55485 2.3160293776962426 0.23956949999999996 0.1
895.5 0 10 0.5534649999999999 2.310517736902011 0.23954155 0.1
896.0 0 10 0.5520799999999999 2.305004809747755 0.23951360000000002 0.1
896.5 0 10 0.5506949999999999 2.2994905957830873 0.23948565 0.1
897.0 0 10 0.54931 2.2939750945574104 0.23945769999999997 0.1
897.5 0 10 0.547925 2.2884583056199155 0.23942975000000002 0.1
898.0 0 10 0.5465399999999999 2.2829402285195846 0.2394018 0.1
898.5 0 10 0.545155 2.2774208628051893 0.23937385 0.1
899.0 0 10 0.54377 2.271900208025289 0.23934589999999997 0.1
899.5 0 10 0.5423849999999999 2.266378263728232 0.23931795 0.1
900.0 0 10 0.5409999999999999 2.2608550294621583 0.23929 0.1
900.5 0 10 0.539615 2.2553305047749945 0.23926205 0.1
901.0 0 10 0.5382299999999999 2.2498046892144554 0.23923409999999995 0.1
901.5 0 10 0.5368449999999999 2.244277582328046 0.23920614999999998 0.1
902.0 0 10 0.5354599999999999 2.2387491836630593 0.2391782 0.1
902.5 0 10 0.534075 2.2332194927665765 0.23915025 0.1
903.0 0 10 0.5326899999999999 2.227688509185467 0.23912229999999995 0.1
903.5 0 10 0.5313049999999999 2.222156232466388 0.23909434999999998 0.1
904.0 0 10 0.52992 2.216622662155786 0.2390664 0.1
904.5 0 10 0.528535 2.2110877977998937 0.23903844999999999 0.1
905.0 0 10 0.5271499999999999 2.205551638944732 0.23901050000000001 0.1
905.5 0 10 0.5257649999999999 2.2000141851361112 0.23898254999999996 0.1
906.0 0 10 0.52438 2.1944754359196263 0.2389546 0.1
906.5 0 10 0.5229949999999999 2.1889353908406615 0.23892665 0.1
907.0 0 10 0.5216099999999999 2.1833940494443875 0.23889870000000002 0.1
907.5 0 10 0.5202249999999999 2.1778514112757628 0.23887075000000002 0.1
908.0 0 10 0.51884 2.172307475879532 0.2388428 0.1
908.5 0 10 0.5174549999999999 2.1667622428002273 0.23881485 0.1
909.0 0 10 0.5160699999999999 2.1612157115821677 0.23878689999999997 0.1
909.5 0 10 0.514685 2.155667881769458 0.23875895 0.1
910.0 0 10 0.5133 2.1501187529059904 0.238731 0.1
910.5 0 10 0.5119149999999999 2.144568324535442 0.23870305000000003 0.1
911.0 0 10 0.5105299999999999 2.1390165962012793 0.23867509999999997 0.1
911.5 0 10 0.509145 2.1334635674467513 0.23864715 0.1
912.0 0 10 0.50776 2.127909237814895 0.23861919999999998 0.1
912.5 0 10 0.5063749999999999 2.1223536068485327 0.23859124999999998 0.1
913.0 0 10 0.5049899999999999 2.116796674090273 0.23856329999999998 0.1
913.5 0 10 0.503605 2.111238439082509 0.23853534999999998 0.1
914.0 0 10 0.5022199999999999 2.1056789013674204 0.2385074 0.1
914.5 0 10 0.5008349999999999 2.1001180604869725 0.23847945 0.1
915.0 0 10 0.49944999999999995 2.0945559159829146 0.23845149999999998 0.1
915.5 0 10 0.4980649999999999 2.088992467396782 0.23842354999999996 0.1
916.0 0 10 0.49667999999999995 2.0834277142698943 0.23839559999999996 0.1
916.5 0 10 0.49529499999999993 2.0778616561433565 0.23836765 0.1
917.0 0 10 0.49390999999999996 2.072294292558059 0.2383397 0.1
917.5 0 10 0.49252499999999994 2.066725623054675 0.23831175000000002 0.1
918.0 0 10 0.49113999999999997 2.0611556471736643 0.2382838 0.1
918.5 0 10 0.48975499999999994 2.055584364455269 0.23825585 0.1
919.0 0 10 0.48836999999999997 2.050011774439518 0.2382279 0.1
919.5 0 10 0.48698499999999995 2.044437876666221 0.23819995 0.1
920.0 0 10 0.4855999999999999 2.038862670674974 0.238172 0.1
920.5 0 10 0.48421499999999995 2.033286156005157 0.23814405 0.1
921.0 0 10 0.4828299999999999 2.0277083321959326 0.2381161 0.1
921.5 0 10 0.48144499999999996 2.0221291987862475 0.23808815000000003 0.1
922.0 0 10 0.48005999999999993 2.016548755314832 0.23806020000000003 0.1
922.5 0 10 0.47867499999999996 2.010967001320199 0.23803225 0.1
923.0 0 10 0.47728999999999994 2.0053839363406456 0.23800430000000003 0.1
923.5 0 10 0.47590499999999997 1.9997995599142517 0.23797635 0.1
924.0 0 10 0.47451999999999994 1.99421387157888 0.2379484 0.1
924.5 0 10 0.473135 1.988626870872176 0.23792045 0.1
925.0 0 10 0.47174999999999995 1.9830385573315679 0.23789249999999998 0.1
925.5 0 10 0.4703649999999999 1.9774489304942664 0.23786454999999995 0.1
926.0 0 10 0.46897999999999995 1.9718579898972655 0.2378366 0.1
926.5 0 10 0.467595 1.9662657350773407 0.23780864999999995 0.1
927.0 0 10 0.46620999999999996 1.9606721655710493 0.23778069999999998 0.1
927.5 0 10 0.46482499999999993 1.9550772809147317 0.23775274999999998 0.1
928.0 0 10 0.46343999999999996 1.94948108064451 0.23772479999999996 0.1
928.5 0 10 0.46205499999999994 1.9438835642962873 0.23769685 0.1
929.0 0 10 0.46066999999999997 1.9382847314057496 0.23766890000000002 0.1
929.5 0 10 0.45928499999999994 1.9326845815083635 0.23764095 0.1
930.0 0 10 0.4579 1.9270831141393778 0.237613 0.1
930.5 0 10 0.45651499999999995 1.9214803288338216 0.23758505000000002 0.1
931.0 0 10 0.4551299999999999 1.9158762251265062 0.2375571 0.1
931.5 0 10 0.45374499999999995 1.9102708025520234 0.23752915000000002 0.1
932.0 0 10 0.45236 1.9046640606447462 0.23750119999999997 0.1
932.5 0 10 0.45097499999999996 1.8990559989388276 0.23747325000000002 0.1
933.0 0 10 0.44958999999999993 1.8934466169682025 0.23744530000000003 0.1
933.5 0 10 0.44820499999999996 1.8878359142665857 0.23741735 0.1
934.0 0 10 0.44681999999999994 1.882223890367472 0.23738940000000003 0.1
934.5 0 10 0.44543499999999997 1.8766105448041372 0.23736144999999997 0.1
935.0 0 10 0.44404999999999994 1.8709958771096367 0.2373335 0.1
935.5 0 10 0.442665 1.8653798868168066 0.23730554999999995 0.1
936.0 0 10 0.44127999999999995 1.8597625734582615 0.2372776 0.1
936.5 0 10 0.439895 1.8541439365663976 0.23724964999999995 0.1
937.0 0 10 0.43850999999999996 1.848523975673389 0.23722169999999998 0.1
937.5 0 10 0.437125 1.842902690311191 0.23719374999999998 0.1
938.0 0 10 0.43573999999999996 1.8372800800115363 0.23716579999999998 0.1
938.5 0 10 0.43435499999999994 1.8316561443059383 0.23713785 0.1
939.0 0 10 0.43296999999999997 1.8260308827256897 0.23710989999999998 0.1
939.5 0 10 0.431585 1.8204042948018608 0.23708195 0.1
940.0 0 10 0.43019999999999997 1.8147763800653016 0.23705399999999996 0.1
940.5 0 10 0.42881499999999995 1.8091471380466406 0.23702605 0.1
941.0 0 10 0.42743 1.8035165682762857 0.2369981 0.1
941.5 0 10 0.42604499999999995 1.7978846702844218 0.23697014999999996 0.1
942.0 0 10 0.42466 1.7922514436010133 0.2369422 0.1
942.5 0 10 0.42327499999999996 1.7866168877558017 0.23691425000000002 0.1
943.0 0 10 0.42189 1.7809810022783081 0.2368863 0.1
943.5 0 10 0.42050499999999996 1.77534378669783 0.23685834999999997 0.1
944.0 0 10 0.41911999999999994 1.7697052405434435 0.2368304 0.1
944.5 0 10 0.41773499999999997 1.7640653633440024 0.23680245 0.1
945.0 0 10 0.41635 1.7584241546281378 0.2367745 0.1
945.5 0 10 0.414965 1.7527816139242578 0.23674655 0.1
946.0 0 10 0.41357999999999995 1.7471377407605484 0.2367186 0.1
946.5 0 10 0.412195 1.741492534664973 0.23669064999999997 0.1
947.0 0 10 0.41081 1.7358459951652712 0.23666269999999998 0.1
947.5 0 10 0.409425 1.7301981217889597 0.23663474999999998 0.1
948.0 0 10 0.40803999999999996 1.724548914063332 0.2366068 0.1
948.5 0 10 0.406655 1.7188983715154589 0.23657885 0.1
949.0 0 10 0.40526999999999996 1.7132464936721863 0.2365509 0.1
949.5 0 10 0.40388499999999994 1.7075932800601379 0.23652294999999998 0.1
950.0 0 10 0.40249999999999997 1.7019387302057125 0.236495 0.1
950.5 0 10 0.40111499999999994 1.6962828436350856 0.23646704999999996 0.1
951.0 0 10 0.39973 1.6906256198742087 0.23643909999999999 0.1
951.5 0 10 0.39834499999999995 1.6849670584488083 0.23641114999999996 0.1
952.0 0 10 0.39696 1.6793071588843878 0.2363832 0.1
952.5 0 10 0.39557499999999995 1.6736459207062249 0.23635525 0.1
953.0 0 10 0.39419 1.667983343439374 0.2363273 0.1
953.5 0 10 0.39280499999999996 1.6623194266086638 0.23629935 0.1
954.0 0 10 0.39142 1.6566541697386987 0.23627140000000002 0.1
954.5 0 10 0.39003499999999997 1.6509875723538578 0.23624344999999997 0.1
955.0 0 10 0.38865 1.6453196339782952 0.23621550000000002 0.1
955.5 0 10 0.38726499999999997 1.6396503541359397 0.23618754999999997 0.1
956.0 0 10 0.38588 1.6339797323504952 0.2361596 0.1
956.5 0 10 0.384495 1.6283077681454392 0.23613164999999997 0.1
957.0 0 10 0.38310999999999995 1.6226344610440242 0.23610369999999997 0.1
957.5 0 10 0.381725 1.6169598105692768 0.23607575 0.1
958.0 0 10 0.38033999999999996 1.6112838162439977 0.2360478 0.1
958.5 0 10 0.378955 1.605606477590762 0.23601985 0.1
959.0 0 10 0.37756999999999996 1.5999277941319172 0.23599189999999995 0.1
959.5 0 10 0.376185 1.5942477653895861 0.23596394999999998 0.1
960.0 0 10 0.37479999999999997 1.588566390885664 0.23593599999999998 0.1
960.5 0 10 0.373415 1.5828836701418203 0.23590804999999995 0.1
961.0 0 10 0.37202999999999997 1.577199602679497 0.23588009999999998 0.1
961.5 0 10 0.370645 1.5715141880199102 0.23585214999999995 0.1
962.0 0 10 0.36926 1.5658274256840476 0.23582419999999998 0.1
962.5 0 10 0.36787499999999995 1.5601393151926715 0.23579624999999999 0.1
963.0 0 10 0.36649 1.554449856066316 0.2357683 0.1
963.5 0 10 0.365105 1.5487590478252875 0.23574035000000002 0.1
964.0 0 10 0.36372 1.5430668899896653 0.2357124 0.1
964.5 0 10 0.36233499999999996 1.5373733820793012 0.23568445000000002 0.1
965.0 0 10 0.36095 1.5316785236138193 0.23565650000000002 0.1
965.5 0 10 0.35956499999999997 1.525982314112615 0.23562854999999996 0.1
966.0 0 10 0.35818 1.5202847530948562 0.2356006 0.1
966.5 0 10 0.356795 1.514585840079483 0.23557265 0.1
967.0 0 10 0.35541 1.5088855745852061 0.2355447 0.1
967.5 0 10 0.354025 1.5031839561305087 0.23551675 0.1
968.0 0 10 0.35264 1.4974809842336452 0.2354888 0.1
968.5 0 10 0.351255 1.4917766584126404 0.23546085 0.1
969.0 0 10 0.34987 1.4860709781852919 0.2354329 0.1
969.5 0 10 0.348485 1.4803639430691664 0.23540495000000003 0.1
970.0 0 10 0.34709999999999996 1.474655552581603 0.235377 0.1
970.5 0 10 0.345715 1.4689458062397107 0.23534905 0.1
971.0 0 10 0.34432999999999997 1.463234703560369 0.2353211 0.1
971.5 0 10 0.342945 1.457522244060229 0.23529314999999998 0.1
972.0 0 10 0.34156 1.4518084272557097 0.23526519999999998 0.1
972.5 0 10 0.340175 1.446093252663003 0.23523724999999998 0.1
973.0 0 10 0.33879 1.4403767197980692 0.23520929999999998 0.1
973.5 0 10 0.337405 1.4346588281766393 0.23518134999999996 0.1
974.0 0 10 0.33602 1.4289395773142128 0.23515339999999996 0.1
974.5 0 10 0.334635 1.4232189667260606 0.23512544999999999 0.1
975.0 0 10 0.33325 1.4174969959272217 0.23509750000000001 0.1
975.5 0 10 0.33186499999999997 1.4117736644325052 0.23506955 0.1
976.0 0 10 0.33048 1.406048971756489 0.23504160000000002 0.1
976.5 0 10 0.329095 1.4003229174135206 0.23501365 0.1
977.0 0 10 0.32771 1.3945955009177156 0.2349857 0.1
977.5 0 10 0.326325 1.388866721782959 0.23495775 0.1
978.0 0 10 0.32494 1.3831365795229043 0.23492980000000002 0.1
978.5 0 10 0.323555 1.3774050736509738 0.23490185 0.1
979.0 0 10 0.32217 1.371672203680358 0.2348739 0.1
979.5 0 10 0.320785 1.365937969124015 0.23484595 0.1
980.0 0 10 0.3194 1.3602023694946725 0.234818 0.1
980.5 0 10 0.318015 1.3544654043048245 0.23479005000000003 0.1
981.0 0 10 0.31662999999999997 1.3487270730667342 0.2347621 0.1
981.5 0 10 0.315245 1.342987375292432 0.23473414999999997 0.1
982.0 0 10 0.31386000000000003 1.3372463104937151 0.23470620000000003 0.1
982.5 0 10 0.312475 1.3315038781821495 0.23467824999999998 0.1
983.0 0 10 0.31109 1.3257600778690672 0.2346503 0.1
983.5 0 10 0.309705 1.3200149090655686 0.23462235 0.1
984.0 0 10 0.30832 1.31426837128252 0.23459439999999995 0.1
984.5 0 10 0.306935 1.3085204640305552 0.23456644999999998 0.1
985.0 0 10 0.30555 1.3027711868200744 0.23453849999999996 0.1
985.5 0 10 0.304165 1.2970205391612448 0.23451054999999998 0.1
986.0 0 10 0.30278 1.2912685205639993 0.23448259999999999 0.1
986.5 0 10 0.301395 1.2855151305380381 0.23445465 0.1
987.0 0 10 0.30001 1.2797603685928267 0.2344267 0.1
987.5 0 10 0.29862500000000003 1.2740042342375975 0.23439875 0.1
988.0 0 10 0.29724 1.2682467269813475 0.23437080000000002 0.1
988.5 0 10 0.295855 1.2624878463328408 0.23434285 0.1
989.0 0 10 0.29447 1.256727591800607 0.2343149 0.1
989.5 0 10 0.29308500000000004 1.25096596289294 0.23428694999999997 0.1
990.0 0 10 0.2917 1.2452029591178995 0.234259 0.1
990.5 0 10 0.290315 1.2394385799833114 0.23423104999999997 0.1
991.0 0 10 0.28893 1.2336728249967657 0.2342031 0.1
991.5 0 10 0.287545 1.2279056936656174 0.23417514999999997 0.1
992.0 0 10 0.28616 1.2221371854969867 0.2341472 0.1
992.5 0 10 0.284775 1.2163672999977575 0.23411925 0.1
993.0 0 10 0.28339000000000003 1.2105960366745796 0.2340913 0.1
993.5 0 10 0.282005 1.2048233950338658 0.23406335 0.1
994.0 0 10 0.28062 1.1990493745817938 0.2340354 0.1
994.5 0 10 0.279235 1.1932739748243057 0.23400745000000003 0.1
995.0 0 10 0.27785000000000004 1.187497195267107 0.23397949999999998 0.1
995.5 0 10 0.276465 1.1817190354156664 0.23395154999999998 0.1
996.0 0 10 0.27508 1.1759394947752173 0.23392359999999995 0.1
996.5 0 10 0.273695 1.1701585728507564 0.23389564999999998 0.1
997.0 0 10 0.27231000000000005 1.1643762691470436 0.2338677 0.1
997.5 0 10 0.270925 1.1585925831686017 0.23383975 0.1
998.0 0 10 0.26954 1.1528075144197172 0.23381179999999996 0.1
998.5 0 10 0.26815500000000003 1.1470210624044392 0.23378384999999996 0.1
999.0 0 10 0.26677 1.1412332266265794 0.2337559 0.1
999.5 0 10 0.265385 1.1354440065897125 0.23372795 0.1
1000.0 0 10 0.264 1.129653401797176 0.2337 0.1
1000.5 0 10 0.263585 1.1289602053145529 0.23347590000000001 0.1
1001.0 0 10 0.26317 1.1282656768350772 0.23325179999999998 0.1
1001.5 0 10 0.262755 1.127569812515851 0.23302770000000003 0.1
1002.0 0 10 0.26234 1.1268726084991814 0.2328036 0.1
1002.5 0 10 0.261925 1.1261740609125053 0.2325795 0.1
1003.0 0 10 0.26151 1.1254741658683207 0.23235540000000002 0.1
1003.5 0 10 0.261095 1.1247729194641138 0.23213129999999996 0.1
1004.0 0 10 0.26068 1.1240703177822855 0.23190719999999998 0.1
1004.5 0 10 0.260265 1.1233663568900796 0.23168310000000003 0.1
1005.0 0 10 0.25985 1.1226610328395095 0.231459 0.1
1005.5 0 10 0.259435 1.121954341667283 0.2312349 0.1
1006.0 0 10 0.25902000000000003 1.1212462793947298 0.2310108 0.1
1006.5 0 10 0.25860500000000003 1.1205368420277253 0.23078669999999998 0.1
1007.0 0 10 0.25819000000000003 1.119826025556617 0.23056259999999995 0.1
1007.5 0 10 0.25777500000000003 1.1191138259561473 0.2303385 0.1
1008.0 0 10 0.25736000000000003 1.1184002391853793 0.2301144 0.1
1008.5 0 10 0.25694500000000003 1.117685261187619 0.22989029999999996 0.1
1009.0 0 10 0.25653000000000004 1.1169688878903385 0.2296662 0.1
1009.5 0 10 0.25611500000000004 1.1162511152051 0.22944209999999998 0.1
1010.0 0 10 0.25570000000000004 1.1155319390274763 0.22921799999999998 0.1
1010.5 0 10 0.255285 1.1148113552369734 0.22899390000000003 0.1
1011.0 0 10 0.25487 1.114089359696953 0.2287698 0.1
1011.5 0 10 0.254455 1.1133659482545504 0.2285457 0.1
1012.0 0 10 0.25404 1.1126411167405974 0.2283216 0.1
1012.5 0 10 0.253625 1.1119148609695415 0.22809749999999998 0.1
1013.0 0 10 0.25321 1.1111871767393648 0.2278734 0.1
1013.5 0 10 0.252795 1.110458059831504 0.22764930000000003 0.1
1014.0 0 10 0.25238 1.1097275060107674 0.22742520000000002 0.1
1014.5 0 10 0.251965 1.1089955110252547 0.2272011 0.1
1015.0 0 10 0.25155 1.108262070606273 0.22697699999999998 0.1
1015.5 0 10 0.251135 1.1075271804682543 0.22675289999999998 0.1
1016.0 0 10 0.25072 1.1067908363086725 0.22652879999999997 0.1
1016.5 0 10 0.250305 1.1060530338079588 0.22630470000000003 0.1
1017.0 0 10 0.24989 1.105313768629418 0.22608059999999996 0.1
1017.5 0 10 0.249475 1.1045730364191424 0.22585649999999996 0.1
1018.0 0 10 0.24906 1.103830832805927 0.22563239999999996 0.1
1018.5 0 10 0.248645 1.1030871534011837 0.22540829999999998 0.1
1019.0 0 10 0.24823 1.1023419937988546 0.22518419999999997 0.1
1019.5 0 10 0.247815 1.1015953495753248 0.2249601 0.1
1020.0 0 10 0.2474 1.100847216289335 0.224736 0.1
1020.5 0 10 0.246985 1.1000975894818938 0.22451190000000001 0.1
1021.0 0 10 0.24657 1.0993464646761886 0.22428779999999998 0.1
1021.5 0 10 0.246155 1.098593837377496 0.22406369999999998 0.1
1022.0 0 10 0.24574000000000001 1.0978397030730935 0.2238396 0.1
1022.5 0 10 0.24532500000000002 1.0970840572321687 0.2236155 0.1
1023.0 0 10 0.24491000000000002 1.0963268953057281 0.22339139999999996 0.1
1023.5 0 10 0.24449500000000002 1.0955682127265063 0.22316729999999996 0.1
1024.0 0 10 0.24408000000000002 1.0948080049088738 0.2229432 0.1
1024.5 0 10 0.24366500000000002 1.0940462672487452 0.2227191 0.1
1025.0 0 10 0.24325000000000002 1.093282995123486 0.22249500000000003 0.1
1025.5 0 10 0.242835 1.0925181838918185 0.22227089999999997 0.1
1026.0 0 10 0.24242 1.0917518288937287 0.22204680000000002 0.1
1026.5 0 10 0.242005 1.090983925450371 0.22182269999999998 0.1
1027.0 0 10 0.24159 1.090214468863973 0.2215986 0.1
1027.5 0 10 0.241175 1.08944345441774 0.2213745 0.1
1028.0 0 10 0.24076 1.0886708773757587 0.2211504 0.1
1028.5 0 10 0.240345 1.0878967329828997 0.22092630000000002 0.1
1029.0 0 10 0.23993 1.0871210164647205 0.22070219999999996 0.1
1029.5 0 10 0.239515 1.0863437230273665 0.22047809999999998 0.1
1030.0 0 10 0.2391 1.0855648478574738 0.22025399999999998 0.1
1030.5 0 10 0.238685 1.084784386122068 0.22002989999999997 0.1
1031.0 0 10 0.23827 1.0840023329684658 0.2198058 0.1
1031.5 0 10 0.237855 1.0832186835241735 0.2195817 0.1
1032.0 0 10 0.23744 1.082433432896786 0.21935759999999999 0.1
1032.5 0 10 0.237025 1.081646576173885 0.21913349999999998 0.1
1033.0 0 10 0.23661000000000001 1.0808581084229367 0.21890939999999998 0.1
1033.5 0 10 0.23619500000000002 1.0800680246911887 0.2186853 0.1
1034.0 0 10 0.23578 1.0792763200055662 0.2184612 0.1
1034.5 0 10 0.235365 1.0784829893725678 0.21823709999999996 0.1
1035.0 0 10 0.23495 1.07768802777816 0.218013 0.1
1035.5 0 10 0.234535 1.0768914301876726 0.21778889999999998 0.1
1036.0 0 10 0.23412 1.0760931915456913 0.21756479999999997 0.1
1036.5 0 10 0.233705 1.0752933067759514 0.21734069999999997 0.1
1037.0 0 10 0.23329 1.07449177078123 0.2171166 0.1
1037.5 0 10 0.232875 1.0736885784432382 0.21689249999999996 0.1
1038.0 0 10 0.23246 1.0728837246225107 0.2166684 0.1
1038.5 0 10 0.232045 1.0720772041582987 0.21644429999999995 0.1
1039.0 0 10 0.23163 1.0712690118684562 0.21622020000000003 0.1
1039.5 0 10 0.231215 1.070459142549333 0.2159961 0.1
1040.0 0 10 0.2308 1.0696475909756595 0.215772 0.1
1040.5 0 10 0.230385 1.0688343519004362 0.21554789999999996 0.1
1041.0 0 10 0.22997 1.0680194200548199 0.2153238 0.1
1041.5 0 10 0.229555 1.0672027901480106 0.21509969999999998 0.1
1042.0 0 10 0.22914 1.0663844568671361 0.21487560000000003 0.1
1042.5 0 10 0.228725 1.0655644148771382 0.21465149999999997 0.1
1043.0 0 10 0.22831 1.0647426588206546 0.2144274 0.1
1043.5 0 10 0.22789500000000001 1.0639191833179042 0.21420329999999996 0.1
1044.0 0 10 0.22748000000000002 1.0630939829665689 0.21397919999999998 0.1
1044.5 0 10 0.22706500000000002 1.0622670523416753 0.21375509999999998 0.1
1045.0 0 10 0.22665000000000002 1.0614383859954761 0.213531 0.1
1045.5 0 10 0.22623500000000002 1.0606079784573308 0.21330690000000002 0.1
1046.0 0 10 0.22582 1.0597758242335844 0.2130828 0.1
1046.5 0 10 0.225405 1.058941917807447 0.21285869999999996 0.1
1047.0 0 10 0.22499 1.0581062536388717 0.21263459999999998 0.1
1047.5 0 10 0.224575 1.0572688261644316 0.2124105 0.1
1048.0 0 10 0.22416 1.0564296297971971 0.2121864 0.1
1048.5 0 10 0.223745 1.055588658926611 0.2119623 0.1
1049.0 0 10 0.22333 1.0547459079183634 0.2117382 0.1
1049.5 0 10 0.222915 1.0539013711142662 0.21151409999999998 0.1
1050.0 0 10 0.2225 1.0530550428321266 0.21128999999999998 0.1
1050.5 0 10 0.222085 1.052206917365619 0.2110659 0.1
1051.0 0 10 0.22167 1.0513569889841579 0.2108418 0.1
1051.5 0 10 0.221255 1.0505052519327673 0.2106177 0.1
1052.0 0 10 0.22084 1.0496517004319523 0.21039360000000001 0.1
1052.5 0 10 0.220425 1.0487963286775674 0.21016949999999998 0.1
1053.0 0 10 0.22001 1.0479391308406854 0.20994539999999998 0.1
1053.5 0 10 0.219595 1.0470801010674644 0.2097213 0.1
1054.0 0 10 0.21918 1.0462192334790155 0.2094972 0.1
1054.5 0 10 0.21876500000000002 1.0453565221712682 0.2092731 0.1
1055.0 0 10 0.21835 1.044491961214835 0.20904899999999996 0.1
1055.5 0 10 0.217935 1.043625544654876 0.20882489999999998 0.1
1056.0 0 10 0.21752 1.0427572665109626 0.2086008 0.1
1056.5 0 10 0.217105 1.0418871207769391 0.20837669999999997 0.1
1057.0 0 10 0.21669 1.0410151014207845 0.20815260000000002 0.1
1057.5 0 10 0.216275 1.0401412023844736 0.20792849999999996 0.1
1058.0 0 10 0.21586 1.0392654175838356 0.20770439999999996 0.1
1058.5 0 10 0.215445 1.038387740908414 0.2074803 0.1
1059.0 0 10 0.21503 1.0375081662213241 0.2072562 0.1
1059.5 0 10 0.214615 1.0366266873591101 0.20703209999999997 0.1
1060.0 0 10 0.2142 1.0357432981316004 0.206808 0.1
1060.5 0 10 0.213785 1.0348579923217638 0.2065839 0.1
1061.0 0 10 0.21337 1.0339707636855628 0.20635979999999998 0.1
1061.5 0 10 0.212955 1.0330816059518075 0.2061357 0.1
1062.0 0 10 0.21254 1.0321905128220072 0.20591159999999997 0.1
1062.5 0 10 0.212125 1.031297477970222 0.2056875 0.1
1063.0 0 10 0.21171 1.030402495042913 0.20546339999999996 0.1
1063.5 0 10 0.211295 1.0295055576587917 0.20523929999999996 0.1
1064.0 0 10 0.21088 1.0286066594086685 0.20501519999999998 0.1
1064.5 0 10 0.210465 1.0277057938552994 0.2047911 0.1
1065.0 0 10 0.21005000000000001 1.0268029545332338 0.20456699999999997 0.1
1065.5 0 10 0.209635 1.0258981349486573 0.2043429 0.1
1066.0 0 10 0.20922 1.0249913285792391 0.2041188 0.1
1066.5 0 10 0.208805 1.0240825288739728 0.20389469999999996 0.1
1067.0 0 10 0.20839 1.0231717292530194 0.20367059999999998 0.1
1067.5 0 10 0.207975 1.0222589231075492 0.20344649999999997 0.1
1068.0 0 10 0.20756 1.0213441037995812 0.2032224 0.1
1068.5 0 10 0.207145 1.0204272646618222 0.2029983 0.1
1069.0 0 10 0.20673 1.0195083989975056 0.20277420000000002 0.1
1069.5 0 10 0.206315 1.0185875000802271 0.20255009999999998 0.1
1070.0 0 10 0.2059 1.0176645611537816 0.20232599999999998 0.1
1070.5 0 10 0.205485 1.0167395754319974 0.2021019 0.1
1071.0 0 10 0.20507 1.0158125360985706 0.2018778 0.1
1071.5 0 10 0.204655 1.0148834363068966 0.2016537 0.1
1072.0 0 10 0.20424 1.013952269179902 0.2014296 0.1
1072.5 0 10 0.203825 1.013019027809876 0.20120549999999998 0.1
1073.0 0 10 0.20341 1.0120837052582976 0.2009814 0.1
1073.5 0 10 0.202995 1.011146294555665 0.2007573 0.1
1074.0 0 10 0.20257999999999998 1.0102067887013222 0.2005332 0.1
1074.5 0 10 0.20216499999999998 1.0092651806632849 0.2003091 0.1
1075.0 0 10 0.20174999999999998 1.0083214633780644 0.20008499999999999 0.1
1075.5 0 10 0.201335 1.0073756297504914 0.1998609 0.1
1076.0 0 10 0.20092 1.0064276726535388 0.19963679999999998 0.1
1076.5 0 10 0.200505 1.0054775849281414 0.1994127 0.1
1077.0 0 10 0.20009 1.0045253593830168 0.1991886 0.1
1077.5 0 10 0.199675 1.0035709887944835 0.1989645 0.1
1078.0 0 10 0.19926 1.0026144659062777 0.19874039999999998 0.1
1078.5 0 10 0.198845 1.001655783429371 0.19851629999999998 0.1
1079.0 0 10 0.19843 1.0006949340417828 0.1982922 0.1
1079.5 1 10 0.198015 0.9997319103883967 0.19806810000000002 0.1
1080.0 1 10 0.1976 0.9987667050807707 0.197844 0.1
1080.5 1 10 0.197185 0.997799310696949 0.1976199 0.1
1081.0 1 10 0.19677 0.996829719781272 0.19739579999999998 0.1
1081.5 1 10 0.196355 0.995857924844184 0.19717170000000003 0.1
1082.0 1 10 0.19594 0.9948839183620415 0.1969476 0.1
1082.5 1 10 0.195525 0.9939076927769179 0.1967235 0.1
1083.0 1 10 0.19511 0.9929292404964087 0.1964994 0.1
1083.5 1 10 0.194695 0.9919485538934345 0.19627529999999999 0.1
1084.0 1 10 0.19428 0.9909656253060426 0.19605119999999998 0.1
1084.5 1 10 0.193865 0.989980447037208 0.19582709999999995 0.1
1085.0 1 10 0.19345 0.9889930113546317 0.19560299999999997 0.1
1085.5 1 10 0.19303499999999998 0.9880033104905391 0.19537889999999997 0.1
1086.0 1 10 0.19261999999999999 0.9870113366414763 0.1951548 0.1
1086.5 1 10 0.192205 0.9860170819681046 0.19493069999999998 0.1
1087.0 1 10 0.19179 0.9850205385949936 0.1947066 0.1
1087.5 1 10 0.191375 0.9840216986104148 0.1944825 0.1
1088.0 1 10 0.19096 0.9830205540661304 0.1942584 0.1
1088.5 1 10 0.190545 0.982017096977184 0.1940343 0.1
1089.0 1 10 0.19013 0.981011319321687 0.1938102 0.1
1089.5 1 10 0.189715 0.9800032130406058 0.1935861 0.1
1090.0 1 10 0.1893 0.9789927700375463 0.19336199999999995 0.1
1090.5 1 10 0.188885 0.9779799821785367 0.1931379 0.1
1091.0 1 10 0.18847 0.9769648412918102 0.1929138 0.1
1091.5 1 10 0.188055 0.975947339167584 0.1926897 0.1
1092.0 1 10 0.18764 0.974927467557839 0.19246560000000001 0.1
1092.5 1 10 0.187225 0.9739052181760963 0.19224149999999995 0.1
1093.0 1 10 0.18681 0.972880582697193 0.19201740000000003 0.1
1093.5 1 10 0.18639499999999998 0.9718535527570565 0.1917933 0.1
1094.0 1 10 0.18597999999999998 0.9708241199524766 0.1915692 0.1
1094.5 1 10 0.18556499999999998 0.9697922758408759 0.1913451 0.1
1095.0 1 10 0.18514999999999998 0.9687580119400798 0.19112099999999999 0.1
1095.5 1 10 0.18473499999999998 0.9677213197280836 0.19089689999999998 0.1
1096.0 1 10 0.18431999999999998 0.9666821906428186 0.19067279999999998 0.1
1096.5 1 10 0.18390499999999999 0.965640616081916 0.1904487 0.1
1097.0 1 10 0.18349 0.9645965874024706 0.19022459999999997 0.1
1097.5 1 10 0.183075 0.9635500959208002 0.1900005 0.1
1098.0 1 10 0.18266 0.9625011329122062 0.18977639999999998 0.1
1098.5 1 10 0.182245 0.9614496896107301 0.1895523 0.1
1099.0 1 10 0.18183 0.9603957572089102 0.1893282 0.1
1099.5 1 10 0.181415 0.9593393268575351 0.18910409999999997 0.1
1100.0 1 10 0.181 0.9582803896653961 0.18887999999999996 0.1
1100.5 1 10 0.180585 0.9572189366990378 0.18865590000000002 0.1
1101.0 1 10 0.18017 0.9561549589825072 0.18843179999999998 0.1
1101.5 1 10 0.179755 0.9550884474971004 0.18820769999999998 0.1
1102.0 1 10 0.17934 0.9540193931811073 0.1879836 0.1
1102.5 1 10 0.178925 0.9529477869295562 0.1877595 0.1
1103.0 1 10 0.17851 0.951873619593954 0.1875354 0.1
1103.5 1 10 0.178095 0.9507968819820268 0.1873113 0.1
1104.0 1 10 0.17768 0.949717564857457 0.18708719999999998 0.1
1104.5 1 10 0.177265 0.9486356589396194 0.1868631 0.1
1105.0 1 10 0.17685 0.9475511549033161 0.18663899999999997 0.1
1105.5 1 10 0.176435 0.9464640433785069 0.18641489999999997 0.1
1106.0 1 10 0.17602 0.9453743149500407 0.18619079999999996 0.1
1106.5 1 10 0.175605 0.9442819601573832 0.18596669999999998 0.1
1107.0 1 10 0.17518999999999998 0.9431869694943432 0.18574259999999998 0.1
1107.5 1 10 0.17477499999999999 0.9420893334087975 0.1855185 0.1
1108.0 1 10 0.17436 0.9409890423024116 0.1852944 0.1
1108.5 1 10 0.173945 0.9398860865303617 0.1850703 0.1
1109.0 1 10 0.17353 0.9387804564010512 0.18484620000000002 0.1
1109.5 1 10 0.173115 0.9376721421758284 0.18462209999999996 0.1
1110.0 1 10 0.1727 0.9365611340686991 0.184398 0.1
1110.5 1 10 0.172285 0.9354474222460403 0.1841739 0.1
1111.0 1 10 0.17187 0.934330996826308 0.1839498 0.1
1111.5 1 10 0.171455 0.9332118478797469 0.1837257 0.1
1112.0 1 10 0.17104 0.9320899654280944 0.1835016 0.1
1112.5 1 10 0.170625 0.9309653394442854 0.18327749999999998 0.1
1113.0 1 10 0.17021 0.9298379598521526 0.18305339999999995 0.1
1113.5 1 10 0.169795 0.9287078165261258 0.1828293 0.1
1114.0 1 10 0.16938 0.9275748992909293 0.1826052 0.1
1114.5 1 10 0.168965 0.9264391979212759 0.1823811 0.1
1115.0 1 10 0.16855 0.9253007021415594 0.18215699999999996 0.1
1115.5 1 10 0.168135 0.9241594016255443 0.1819329 0.1
1116.0 1 10 0.16772 0.9230152859960552 0.18170880000000003 0.1
1116.5 1 10 0.167305 0.9218683448246602 0.1814847 0.1
1117.0 1 10 0.16689 0.9207185676313552 0.1812606 0.1
1117.5 1 10 0.166475 0.9195659438842445 0.1810365 0.1
1118.0 1 10 0.16606 0.9184104629992192 0.18081239999999998 0.1
1118.5 1 10 0.16564500000000001 0.9172521143396335 0.18058829999999998 0.1
1119.0 1 10 0.16523 0.9160908872159775 0.18036419999999995 0.1
1119.5 1 10 0.164815 0.9149267708855496 0.18014009999999997 0.1
1120.0 1 10 0.1644 0.9137597545521243 0.179916 0.1
1120.5 1 10 0.163985 0.9125898273656187 0.1796919 0.1
1121.0 1 10 0.16357 0.911416978421756 0.17946779999999998 0.1
1121.5 1 10 0.163155 0.9102411967617271 0.1792437 0.1
1122.0 1 10 0.16274 0.9090624713718498 0.1790196 0.1
1122.5 1 10 0.162325 0.9078807911832233 0.1787955 0.1
1123.0 1 10 0.16191 0.9066961450713833 0.17857139999999996 0.1
1123.5 1 10 0.161495 0.9055085218559519 0.1783473 0.1
1124.0 1 10 0.16108 0.9043179103002866 0.17812319999999998 0.1
1124.5 1 10 0.160665 0.9031242991111255 0.17789909999999998 0.1
1125.0 1 10 0.16025 0.90192767693823 0.177675 0.1
1125.5 1 10 0.159835 0.9007280323740258 0.1774509 0.1
1126.0 1 10 0.15942 0.8995253539532396 0.17722680000000002 0.1
1126.5 1 10 0.159005 0.8983196301525345 0.1770027 0.1
1127.0 1 10 0.15859 0.8971108493901411 0.17677860000000004 0.1
1127.5 1 10 0.158175 0.895899000025488 0.1765545 0.1
1128.0 1 10 0.15776 0.8946840703588265 0.1763304 0.1
1128.5 1 10 0.157345 0.8934660486308554 0.17610630000000002 0.1
1129.0 1 10 0.15693000000000001 0.8922449230223413 0.1758822 0.1
1129.5 1 10 0.15651500000000002 0.8910206816537355 0.17565809999999998 0.1
1130.0 1 10 0.15610000000000002 0.8897933125847899 0.17543399999999998 0.1
1130.5 1 10 0.15568500000000002 0.8885628038141683 0.17520989999999997 0.1
1131.0 1 10 0.15527000000000002 0.8873291432790548 0.1749858 0.1
1131.5 1 10 0.15485500000000002 0.8860923188547607 0.1747617 0.1
1132.0 1 10 0.15444000000000002 0.8848523183543261 0.1745376 0.1
1132.5 1 10 0.15402500000000002 0.8836091295281205 0.17431349999999995 0.1
1133.0 1 10 0.15361 0.8823627400634386 0.1740894 0.1
1133.5 1 10 0.153195 0.8811131375840953 0.1738653 0.1
1134.0 1 10 0.15278 0.8798603096500139 0.1736412 0.1
1134.5 1 10 0.152365 0.8786042437568152 0.1734171 0.1
1135.0 1 10 0.15195 0.8773449273354005 0.17319299999999999 0.1
1135.5 1 10 0.151535 0.8760823477515324 0.17296889999999998 0.1
1136.0 1 10 0.15112 0.8748164923054125 0.1727448 0.1
1136.5 1 10 0.150705 0.8735473482312558 0.1725207 0.1
1137.0 1 10 0.15029 0.8722749026968611 0.1722966 0.1
1137.5 1 10 0.149875 0.870999142803179 0.1720725 0.1
1138.0 1 10 0.14946 0.8697200555838752 0.1718484 0.1
1138.5 1 10 0.149045 0.8684376280048921 0.1716243 0.1
1139.0 1 10 0.14863 0.8671518469640059 0.1714002 0.1
1139.5 1 10 0.148215 0.86586269929038 0.1711761 0.1
1140.0 1 10 0.14780000000000001 0.8645701717441154 0.170952 0.1
1140.5 1 10 0.14738500000000002 0.8632742510157978 0.1707279 0.1
1141.0 1 10 0.14697000000000002 0.8619749237260403 0.17050379999999998 0.1
1141.5 1 10 0.14655500000000002 0.8606721764250232 0.17027969999999998 0.1
1142.0 1 10 0.14614000000000002 0.8593659955920302 0.17005559999999995 0.1
1142.5 1 10 0.14572500000000002 0.8580563676349795 0.1698315 0.1
1143.0 1 10 0.14531000000000002 0.8567432788899543 0.1696074 0.1
1143.5 1 10 0.144895 0.8554267156207254 0.1693833 0.1
1144.0 1 10 0.14448 0.8541066640182738 0.1691592 0.1
1144.5 1 10 0.144065 0.8527831102003076 0.1689351 0.1
1145.0 1 10 0.14365 0.8514560402107746 0.16871100000000003 0.1
1145.5 1 10 0.143235 0.8501254400193725 0.16848689999999997 0.1
1146.0 1 10 0.14282 0.848791295521054 0.1682628 0.1
1146.5 1 10 0.142405 0.8474535925355291 0.16803869999999999 0.1
1147.0 1 10 0.14199 0.8461123168067619 0.16781459999999998 0.1
1147.5 1 10 0.141575 0.8447674540024644 0.1675905 0.1
1148.0 1 10 0.14116 0.8434189897135866 0.16736639999999997 0.1
1148.5 1 10 0.140745 0.8420669094538008 0.1671423 0.1
1149.0 1 10 0.14033 0.840711198658984 0.1669182 0.1
1149.5 1 10 0.139915 0.8393518426866938 0.16669409999999998 0.1
1150.0 1 10 0.1395 0.8379888268156425 0.16647 0.1
1150.5 1 10 0.13908500000000001 0.8366221362451646 0.1662459 0.1
1151.0 1 10 0.13867000000000002 0.8352517560946816 0.1660218 0.1
1151.5 1 10 0.13825500000000002 0.8338776714031619 0.16579770000000002 0.1
1152.0 1 10 0.13784000000000002 0.8324998671285763 0.16557359999999996 0.1
1152.5 1 10 0.13742500000000002 0.8311183281473487 0.1653495 0.1
1153.0 1 10 0.13701000000000002 0.8297330392538037 0.16512539999999998 0.1
1153.5 1 10 0.13659500000000002 0.8283439851596078 0.1649013 0.1
1154.0 1 10 0.13618000000000002 0.8269511504932074 0.1646772 0.1
1154.5 1 10 0.13576500000000002 0.8255545197992621 0.1644531 0.1
1155.0 1 10 0.13535000000000003 0.824154077538072 0.16422899999999999 0.1
1155.5 1 10 0.134935 0.8227498080850023 0.1640049 0.1
1156.0 1 10 0.13452 0.8213416957299023 0.1637808 0.1
1156.5 1 10 0.134105 0.8199297246765189 0.1635567 0.1
1157.0 1 10 0.13369 0.818513879041906 0.16333259999999997 0.1
1157.5 1 10 0.133275 0.8170941428558292 0.1631085 0.1
1158.0 1 10 0.13286 0.8156705000601655 0.16288439999999998 0.1
1158.5 1 10 0.132445 0.8142429345082975 0.16266029999999998 0.1
1159.0 1 10 0.13203 0.8128114299645032 0.16243619999999998 0.1
1159.5 1 10 0.131615 0.8113759701033401 0.1622121 0.1
1160.0 1 10 0.1312 0.8099365385090255 0.16198799999999997 0.1
1160.5 1 10 0.130785 0.8084931186748096 0.1617639 0.1
1161.0 1 10 0.13037 0.8070456940023449 0.1615398 0.1
1161.5 1 10 0.12995500000000001 0.805594247801051 0.1613157 0.1
1162.0 1 10 0.12954000000000002 0.8041387632874714 0.1610916 0.1
1162.5 1 10 0.12912500000000002 0.8026792235846272 0.16086750000000002 0.1
1163.0 1 10 0.12871000000000002 0.8012156117213656 0.1606434 0.1
1163.5 1 10 0.12829500000000002 0.799747910631701 0.16041929999999996 0.1
1164.0 1 10 0.12788000000000002 0.7982761031541522 0.16019519999999998 0.1
1164.5 1 10 0.127465 0.7968001720310732 0.15997109999999998 0.1
1165.0 1 10 0.12705 0.7953200999079796 0.15974699999999997 0.1
1165.5 1 10 0.126635 0.793835869332867 0.1595229 0.1
1166.0 1 10 0.12622 0.7923474627555261 0.1592988 0.1
1166.5 1 10 0.125805 0.7908548625268507 0.15907469999999999 0.1
1167.0 1 10 0.12539 0.7893580508981395 0.1588506 0.1
1167.5 1 10 0.124975 0.7878570100203938 0.1586265 0.1
1168.0 1 10 0.12456 0.7863517219436069 0.1584024 0.1
1168.5 1 10 0.124145 0.7848421686160492 0.1581783 0.1
1169.0 1 10 0.12373 0.7833283318835461 0.1579542 0.1
1169.5 1 10 0.12331500000000001 0.7818101934887508 0.15773009999999998 0.1
1170.0 1 10 0.12290000000000001 0.7802877350704102 0.15750599999999998 0.1
1170.5 1 10 0.12248500000000001 0.7787609381626242 0.15728189999999997 0.1
1171.0 1 10 0.12207000000000001 0.7772297841940994 0.15705779999999997 0.1
1171.5 1 10 0.12165500000000001 0.7756942544873966 0.1568337 0.1
1172.0 1 10 0.12124000000000001 0.7741543302581708 0.1566096 0.1
1172.5 1 10 0.12082500000000002 0.7726099926144049 0.1563855 0.1
1173.0 1 10 0.12041 0.7710612225556379 0.1561614 0.1
1173.5 1 10 0.119995 0.7695080009721856 0.1559373 0.1
1174.0 1 10 0.11958 0.7679503086443539 0.1557132 0.1
1174.5 1 10 0.11916500000000001 0.7663881262416466 0.15548909999999996 0.1
1175.0 1 10 0.11875000000000001 0.7648214343219658 0.155265 0.1
1175.5 1 10 0.11833500000000001 0.7632502133308051 0.15504089999999998 0.1
1176.0 1 10 0.11792000000000001 0.7616744436004363 0.15481679999999998 0.1
1176.5 1 10 0.117505 0.7600941053490884 0.15459269999999997 0.1
1177.0 1 10 0.11709 0.7585091786801202 0.1543686 0.1
1177.5 1 10 0.116675 0.7569196435811852 0.1541445 0.1
1178.0 1 10 0.11626 0.755325479923389 0.15392039999999999 0.1
1178.5 1 10 0.115845 0.7537266674604398 0.1536963 0.1
1179.0 1 10 0.11543 0.7521231858277916 0.15347220000000003 0.1
1179.5 1 10 0.115015 0.750515014541779 0.1532481 0.1
1180.0 1 10 0.11460000000000001 0.7489021329987454 0.153024 0.1
1180.5 1 10 0.11418500000000001 0.7472845204741627 0.1527999 0.1
1181.0 1 10 0.11377000000000001 0.7456621561217442 0.15257579999999998 0.1
1181.5 1 10 0.11335500000000001 0.7440350189725485 0.15235169999999998 0.1
1182.0 1 10 0.11294000000000001 0.7424030879340766 0.15212759999999997 0.1
1182.5 1 10 0.11252500000000001 0.7407663417893599 0.15190349999999997 0.1
1183.0 1 10 0.11211 0.7391247591960411 0.1516794 0.1
1183.5 1 10 0.111695 0.7374783186854472 0.1514553 0.1
1184.0 1 10 0.11128 0.7358269986616518 0.1512312 0.1
1184.5 1 10 0.110865 0.7341707774005328 0.1510071 0.1
1185.0 1 10 0.11045 0.7325096330488186 0.150783 0.1
1185.5 1 10 0.11003500000000001 0.730843543623127 0.1505589 0.1
1186.0 1 10 0.10962000000000001 0.7291724870089961 0.1503348 0.1
1186.5 1 10 0.109205 0.727496440959905 0.15011069999999999 0.1
1187.0 1 10 0.10879 0.7258153830962876 0.14988659999999998 0.1
1187.5 1 10 0.108375 0.7241292909045353 0.1496625 0.1
1188.0 1 10 0.10796 0.7224381417359931 0.14943839999999997 0.1
1188.5 1 10 0.107545 0.7207419128059442 0.1492143 0.1
1189.0 1 10 0.10713 0.7190405811925886 0.1489902 0.1
1189.5 1 10 0.106715 0.7173341238360083 0.14876610000000004 0.1
1190.0 1 10 0.1063 0.7156225175371276 0.148542 0.1
1190.5 1 10 0.105885 0.71390573895666 0.14831790000000003 0.1
1191.0 1 10 0.10547000000000001 0.7121837646140488 0.1480938 0.1
1191.5 1 10 0.10505500000000001 0.7104565708863954 0.1478697 0.1
1192.0 1 10 0.10464000000000001 0.70872413400738 0.14764559999999996 0.1
1192.5 1 10 0.10422500000000001 0.706986430066171 0.14742149999999998 0.1
1193.0 1 10 0.10381000000000001 0.705243435006325 0.14719739999999998 0.1
1193.5 1 10 0.103395 0.7034951246246769 0.14697329999999997 0.1
1194.0 1 10 0.10298 0.7017414745702192 0.1467492 0.1
1194.5 1 10 0.102565 0.6999824603429721 0.1465251 0.1
1195.0 1 10 0.10215 0.6982180572928416 0.146301 0.1
1195.5 1 10 0.101735 0.6964482406184688 0.1460769 0.1
1196.0 1 10 0.10132 0.6946729853660676 0.14585280000000003 0.1
1196.5 1 10 0.100905 0.6928922664282521 0.1456287 0.1
1197.0 1 10 0.10049 0.6911060585428521 0.1454046 0.1
1197.5 1 10 0.100075 0.6893143362917197 0.1451805 0.1
1198.0 1 10 0.09966 0.6875170740995225 0.14495639999999999 0.1
1198.5 1 10 0.099245 0.6857142462325273 0.14473229999999998 0.1
1199.0 1 10 0.09883 0.6839058267973722 0.14450819999999998 0.1
1199.5 1 10 0.098415 0.682091789739826 0.14428409999999997 0.1
1200.0 1 10 0.098 0.6802721088435375 0.14406 0.1
1200.5 1 10 0.0978565 0.6797192810388283 0.14396605 0.1
1201.0 1 10 0.09771300000000001 0.679165731229335 0.1438721 0.1
1201.5 1 10 0.0975695 0.678611457999703 0.14377815 0.1
1202.0 1 10 0.097426 0.6780564599308763 0.14368419999999998 0.1
1202.5 1 10 0.09728250000000001 0.6775007356000843 0.14359025000000003 0.1
1203.0 1 10 0.097139 0.676944283580831 0.1434963 0.1
1203.5 1 10 0.0969955 0.6763871024428819 0.14340234999999998 0.1
1204.0 1 10 0.09685200000000001 0.6758291907522518 0.14330840000000003 0.1
1204.5 1 10 0.0967085 0.6752705470711929 0.14321445 0.1
1205.0 1 10 0.096565 0.6747111699581821 0.14312049999999998 0.1
1205.5 1 10 0.09642150000000001 0.6741510579679088 0.14302655 0.1
1206.0 1 10 0.096278 0.6735902096512623 0.1429326 0.1
1206.5 1 10 0.0961345 0.6730286235553193 0.14283864999999996 0.1
1207.0 1 10 0.095991 0.6724662982233316 0.1427447 0.1
1207.5 1 10 0.0958475 0.6719032321947134 0.14265075 0.1
1208.0 1 10 0.095704 0.6713394240050282 0.14255679999999998 0.1
1208.5 1 10 0.0955605 0.670774872185977 0.14246285 0.1
1209.0 1 10 0.095417 0.6702095752653846 0.14236889999999996 0.1
1209.5 1 10 0.0952735 0.6696435317671875 0.14227494999999998 0.1
1210.0 1 10 0.09513 0.6690767402114207 0.14218099999999997 0.1
1210.5 1 10 0.0949865 0.668509199114205 0.14208705 0.1
1211.0 1 10 0.094843 0.667940906987734 0.14199309999999998 0.1
1211.5 1 10 0.0946995 0.6673718623402607 0.14189915 0.1
1212.0 1 10 0.094556 0.6668020636760853 0.1418052 0.1
1212.5 1 10 0.09441250000000001 0.6662315094955412 0.14171124999999998 0.1
1213.0 1 10 0.094269 0.6656601982949824 0.1416173 0.1
1213.5 1 10 0.0941255 0.6650881285667701 0.14152335 0.1
1214.0 1 10 0.09398200000000001 0.6645152987992597 0.14142939999999998 0.1
1214.5 1 10 0.0938385 0.6639417074767866 0.14133545 0.1
1215.0 1 10 0.093695 0.6633673530796544 0.1412415 0.1
1215.5 1 10 0.09355150000000001 0.6627922340841199 0.14114754999999998 0.1
1216.0 1 10 0.093408 0.6622163489623802 0.1410536 0.1
1216.5 1 10 0.0932645 0.6616396961825601 0.14095964999999996 0.1
1217.0 1 10 0.09312100000000001 0.6610622742086968 0.14086569999999998 0.1
1217.5 1 10 0.0929775 0.6604840815007272 0.14077175 0.1
1218.0 1 10 0.092834 0.6599051165144749 0.1406778 0.1
1218.5 1 10 0.09269050000000001 0.6593253777016351 0.14058384999999998 0.1
1219.0 1 10 0.092547 0.6587448635097612 0.1404899 0.1
1219.5 1 10 0.0924035 0.6581635723822518 0.14039595 0.1
1220.0 1 10 0.09226000000000001 0.6575815027583357 0.14030199999999998 0.1
1220.5 1 10 0.0921165 0.6569986530730583 0.14020805 0.1
1221.0 1 10 0.091973 0.6564150217572678 0.1401141 0.1
1221.5 1 10 0.09182950000000001 0.6558306072376013 0.14002014999999998 0.1
1222.0 1 10 0.091686 0.6552454079364693 0.1399262 0.1
1222.5 1 10 0.0915425 0.6546594222720439 0.13983225 0.1
1223.0 1 10 0.09139900000000001 0.654072648658242 0.13973829999999998 0.1
1223.5 1 10 0.0912555 0.6534850855047125 0.13964435 0.1
1224.0 1 10 0.091112 0.652896731216822 0.1395504 0.1
1224.5 1 10 0.09096850000000001 0.6523075841956396 0.13945644999999998 0.1
1225.0 1 10 0.090825 0.6517176428379227 0.13936250000000003 0.1
1225.5 1 10 0.0906815 0.6511269055361028 0.13926855 0.1
1226.0 1 10 0.09053800000000001 0.6505353706782705 0.13917459999999998 0.1
1226.5 1 10 0.0903945 0.6499430366481607 0.13908065 0.1
1227.0 1 10 0.090251 0.6493499018251387 0.13898669999999996 0.1
1227.5 1 10 0.09010750000000001 0.6487559645841846 0.13889274999999998 0.1
1228.0 1 10 0.089964 0.6481612232958787 0.1387988 0.1
1228.5 1 10 0.0898205 0.6475656763263866 0.13870485 0.1
1229.0 1 10 0.089677 0.6469693220374445 0.13861089999999998 0.1
1229.5 1 10 0.0895335 0.6463721587863435 0.13851695 0.1
1230.0 1 10 0.08939 0.6457741849259155 0.138423 0.1
1230.5 1 10 0.0892465 0.6451753988045172 0.13832905 0.1
1231.0 1 10 0.089103 0.6445757987660153 0.1382351 0.1
1231.5 1 10 0.0889595 0.6439753831497711 0.13814115 0.1
1232.0 1 10 0.088816 0.6433741502906253 0.1380472 0.1
1232.5 1 10 0.0886725 0.6427720985188823 0.13795325 0.1
1233.0 1 10 0.088529 0.6421692261602954 0.1378593 0.1
1233.5 1 10 0.0883855 0.6415655315360502 0.13776535 0.1
1234.0 1 10 0.088242 0.6409610129627504 0.1376714 0.1
1234.5 1 10 0.0880985 0.6403556687524009 0.13757745 0.1
1235.0 1 10 0.087955 0.6397494972123927 0.1374835 0.1
1235.5 1 10 0.0878115 0.6391424966454873 0.13738955 0.1
1236.0 1 10 0.087668 0.6385346653498 0.1372956 0.1
1236.5 1 10 0.0875245 0.6379260016187852 0.13720165 0.1
1237.0 1 10 0.087381 0.6373165037412195 0.1371077 0.1
1237.5 1 10 0.0872375 0.636706170001186 0.13701375 0.1
1238.0 1 10 0.087094 0.6360949986780583 0.1369198 0.1
1238.5 1 10 0.0869505 0.635482988046484 0.13682584999999997 0.1
1239.0 1 10 0.086807 0.6348701363763687 0.1367319 0.1
1239.5 1 10 0.0866635 0.6342564419328598 0.13663795 0.1
1240.0 1 10 0.08652 0.6336419029763299 0.13654400000000003 0.1
1240.5 1 10 0.0863765 0.6330265177623606 0.13645005 0.1
1241.0 1 10 0.086233 0.6324102845417257 0.1363561 0.1
1241.5 1 10 0.0860895 0.6317932015603747 0.13626215 0.1
1242.0 1 10 0.085946 0.6311752670594162 0.13616820000000002 0.1
1242.5 1 10 0.0858025 0.6305564792751016 0.13607425 0.1
1243.0 1 10 0.085659 0.6299368364388077 0.13598029999999997 0.1
1243.5 1 10 0.08551550000000001 0.62931633677702 0.13588635 0.1
1244.0 1 10 0.085372 0.6286949785113158 0.1357924 0.1
1244.5 1 10 0.0852285 0.6280727598583477 0.13569845 0.1
1245.0 1 10 0.08508500000000001 0.6274496790298258 0.1356045 0.1
1245.5 1 10 0.0849415 0.6268257342325007 0.13551055 0.1
1246.0 1 10 0.084798 0.6262009236681471 0.1354166 0.1
1246.5 1 10 0.08465450000000001 0.6255752455335453 0.13532265 0.1
1247.0 1 10 0.084511 0.6249486980204646 0.1352287 0.1
1247.5 1 10 0.0843675 0.6243212793156461 0.13513475 0.1
1248.0 1 10 0.08422400000000001 0.6236929876007845 0.1350408 0.1
1248.5 1 10 0.0840805 0.6230638210525107 0.13494685 0.1
1249.0 1 10 0.083937 0.6224337778423749 0.1348529 0.1
1249.5 1 10 0.0837935 0.6218028561368282 0.13475895 0.1
1250.0 1 10 0.08365 0.6211710540972042 0.13466499999999998 0.1
1250.5 1 10 0.0835065 0.6205383698797029 0.13457105 0.1
1251.0 1 10 0.083363 0.6199048016353714 0.1344771 0.1
1251.5 1 10 0.0832195 0.6192703475100859 0.13438315 0.1
1252.0 1 10 0.083076 0.6186350056445343 0.1342892 0.1
1252.5 1 10 0.0829325 0.6179987741741978 0.13419525 0.1
1253.0 1 10 0.082789 0.6173616512293318 0.1341013 0.1
1253.5 1 10 0.0826455 0.6167236349349494 0.13400735000000003 0.1
1254.0 1 10 0.082502 0.6160847234108014 0.1339134 0.1
1254.5 1 10 0.0823585 0.615444914771358 0.13381945 0.1
1255.0 1 10 0.082215 0.6148042071257912 0.1337255 0.1
1255.5 1 10 0.0820715 0.6141625985779556 0.13363155 0.1
1256.0 1 10 0.081928 0.6135200872263692 0.1335376 0.1
1256.5 1 10 0.0817845 0.6128766711641955 0.13344365 0.1
1257.0 1 10 0.081641 0.6122323484792243 0.1333497 0.1
1257.5 1 10 0.0814975 0.6115871172538521 0.13325575 0.1
1258.0 1 10 0.081354 0.6109409755650644 0.1331618 0.1
1258.5 1 10 0.0812105 0.6102939214844157 0.13306785 0.1
1259.0 1 10 0.081067 0.6096459530780101 0.1329739 0.1
1259.5 1 10 0.0809235 0.6089970684064827 0.13287994999999997 0.1
1260.0 1 10 0.08078 0.6083472655249801 0.13278600000000002 0.1
1260.5 1 10 0.0806365 0.6076965424831404 0.13269205 0.1
1261.0 1 10 0.080493 0.6070448973250748 0.1325981 0.1
1261.5 1 10 0.0803495 0.6063923280893467 0.13250415 0.1
1262.0 1 10 0.080206 0.6057388328089528 0.13241019999999998 0.1
1262.5 1 10 0.08006250000000001 0.6050844095113035 0.13231625 0.1
1263.0 1 10 0.079919 0.6044290562182023 0.1322223 0.1
1263.5 1 10 0.0797755 0.6037727709458265 0.13212835 0.1
1264.0 1 10 0.07963200000000001 0.6031155517047073 0.1320344 0.1
1264.5 1 10 0.0794885 0.6024573964997089 0.13194045 0.1
1265.0 1 10 0.079345 0.6017983033300087 0.1318465 0.1
1265.5 1 10 0.07920150000000001 0.6011382701890781 0.13175254999999997 0.1
1266.0 1 10 0.079058 0.6004772950646597 0.1316586 0.1
1266.5 1 10 0.0789145 0.5998153759387495 0.13156465 0.1
1267.0 1 10 0.07877100000000001 0.5991525107875748 0.1314707 0.1
1267.5 1 10 0.0786275 0.5984886975815736 0.13137675 0.1
1268.0 1 10 0.078484 0.5978239342853747 0.1312828 0.1
1268.5 1 10 0.07834050000000001 0.5971582188577765 0.13118885 0.1
1269.0 1 10 0.078197 0.5964915492517253 0.1310949 0.1
1269.5 1 10 0.0780535 0.5958239234142958 0.13100095 0.1
1270.0 1 10 0.07791000000000001 0.5951553392866692 0.130907 0.1
1270.5 1 10 0.0777665 0.5944857948041118 0.13081305 0.1
1271.0 1 10 0.077623 0.593815287895954 0.1307191 0.1
1271.5 1 10 0.0774795 0.5931438164855697 0.13062515 0.1
1272.0 1 10 0.077336 0.5924713784903534 0.1305312 0.1
1272.5 1 10 0.0771925 0.5917979718216997 0.13043725 0.1
1273.0 1 10 0.077049 0.5911235943849819 0.1303433 0.1
1273.5 1 10 0.0769055 0.5904482440795291 0.13024934999999996 0.1
1274.0 1 10 0.076762 0.5897719187986054 0.1301554 0.1
1274.5 1 10 0.0766185 0.5890946164293879 0.13006145 0.1
1275.0 1 10 0.076475 0.5884163348529441 0.12996749999999999 0.1
1275.5 1 10 0.0763315 0.5877370719442103 0.12987355 0.1
1276.0 1 10 0.076188 0.5870568255719698 0.12977959999999997 0.1
1276.5 1 10 0.0760445 0.5863755935988293 0.12968564999999999 0.1
1277.0 1 10 0.075901 0.5856933738811976 0.1295917 0.1
1277.5 1 10 0.0757575 0.5850101642692634 0.12949775 0.1
1278.0 1 10 0.075614 0.5843259626069713 0.1294038 0.1
1278.5 1 10 0.0754705 0.5836407667320006 0.12930985000000003 0.1
1279.0 1 10 0.075327 0.5829545744757418 0.1292159 0.1
1279.5 1 10 0.0751835 0.5822673836632735 0.12912194999999999 0.1
1280.0 1 10 0.07504 0.5815791921133396 0.129028 0.1
1280.5 1 10 0.0748965 0.5808899976383276 0.12893404999999997 0.1
1281.0 1 10 0.074753 0.5801997980442424 0.1288401 0.1
1281.5 1 10 0.0746095 0.5795085911306862 0.12874615 0.1
1282.0 1 10 0.074466 0.5788163746908331 0.1286522 0.1
1282.5 1 10 0.0743225 0.5781231465114064 0.12855824999999999 0.1
1283.0 1 10 0.074179 0.5774289043726545 0.12846429999999998 0.1
1283.5 1 10 0.0740355 0.5767336460483282 0.12837035 0.1
1284.0 1 10 0.073892 0.5760373693056555 0.1282764 0.1
1284.5 1 10 0.0737485 0.5753400719053193 0.12818244999999998 0.1
1285.0 1 10 0.073605 0.5746417516014318 0.12808850000000002 0.1
1285.5 1 10 0.0734615 0.5739424061415116 0.12799454999999998 0.1
1286.0 1 10 0.073318 0.5732420332664584 0.1279006 0.1
1286.5 1 10 0.0731745 0.5725406307105304 0.12780665 0.1
1287.0 1 10 0.073031 0.5718381962013174 0.12771270000000004 0.1
1287.5 1 10 0.0728875 0.5711347274597188 0.12761875 0.1
1288.0 1 10 0.072744 0.5704302221999172 0.1275248 0.1
1288.5 1 10 0.0726005 0.5697246781293541 0.12743084999999998 0.1
1289.0 1 10 0.072457 0.5690180929487053 0.1273369 0.1
1289.5 1 10 0.0723135 0.5683104643518561 0.12724295 0.1
1290.0 1 10 0.07217 0.5676017900258751 0.127149 0.1
1290.5 1 10 0.0720265 0.5668920676509905 0.12705505000000003 0.1
1291.0 1 10 0.071883 0.5661812949005641 0.1269611 0.1
1291.5 1 10 0.0717395 0.5654694694410649 0.12686714999999998 0.1
1292.0 1 10 0.07159599999999999 0.5647565889320455 0.1267732 0.1
1292.5 1 10 0.0714525 0.5640426510261152 0.12667925 0.1
1293.0 1 10 0.071309 0.563327653368914 0.1265853 0.1
1293.5 1 10 0.0711655 0.5626115935990881 0.12649135 0.1
1294.0 1 10 0.071022 0.5618944693482619 0.1263974 0.1
1294.5 1 10 0.0708785 0.5611762782410139 0.12630345 0.1
1295.0 1 10 0.070735 0.5604570178948495 0.1262095 0.1
1295.5 1 10 0.0705915 0.559736685920174 0.12611555 0.1
1296.0 1 10 0.070448 0.5590152799202676 0.1260216 0.1
1296.5 1 10 0.0703045 0.5582927974912579 0.12592765 0.1
1297.0 1 10 0.070161 0.5575692362220932 0.1258337 0.1
1297.5 1 10 0.0700175 0.5568445936945158 0.12573975 0.1
1298.0 1 10 0.069874 0.5561188674830356 0.12564580000000003 0.1
1298.5 1 10 0.0697305 0.5553920551549022 0.12555185 0.1
1299.0 1 10 0.069587 0.5546641542700778 0.1254579 0.1
1299.5 1 10 0.0694435 0.5539351623812109 0.12536395 0.1
1300.0 1 10 0.0693 0.5532050770336074 0.12527 0.1
1300.5 1 10 0.0691565 0.5524738957652042 0.12517605 0.1
1301.0 1 10 0.069013 0.5517416161065413 0.1250821 0.1
1301.5 1 10 0.0688695 0.5510082355807331 0.12498814999999999 0.1
1302.0 1 10 0.068726 0.5502737517034417 0.1248942 0.1
1302.5 1 10 0.0685825 0.5495381619828487 0.12480024999999999 0.1
1303.0 1 10 0.068439 0.5488014639196256 0.12470629999999999 0.1
1303.5 1 10 0.0682955 0.5480636550069073 0.12461235000000001 0.1
1304.0 1 10 0.068152 0.5473247327302632 0.1245184 0.1
1304.5 1 10 0.0680085 0.5465846945676673 0.12442445 0.1
1305.0 1 10 0.067865 0.5458435379894716 0.12433049999999998 0.1
1305.5 1 10 0.0677215 0.5451012604583756 0.12423655 0.1
1306.0 1 10 0.067578 0.5443578594293981 0.1241426 0.1
1306.5 1 10 0.06743450000000001 0.5436133323498483 0.12404865 0.1
1307.0 1 10 0.067291 0.5428676766592957 0.1239547 0.1
1307.5 1 10 0.0671475 0.5421208897895419 0.12386075 0.1
1308.0 1 10 0.06700400000000001 0.5413729691645902 0.12376680000000001 0.1
1308.5 1 10 0.0668605 0.5406239122006165 0.12367285 0.1
1309.0 1 10 0.066717 0.5398737163059389 0.12357889999999999 0.1
1309.5 1 10 0.06657350000000001 0.5391223788809892 0.12348495 0.1
1310.0 1 10 0.06643 0.5383698973182809 0.12339100000000001 0.1
1310.5 1 10 0.0662865 0.5376162690023808 0.12329705 0.1
1311.0 1 10 0.06614300000000001 0.5368614913098778 0.1232031 0.1
1311.5 1 10 0.0659995 0.5361055616093524 0.12310914999999999 0.1
1312.0 1 10 0.065856 0.5353484772613465 0.1230152 0.1
1312.5 1 10 0.06571250000000001 0.5345902356183329 0.12292125000000002 0.1
1313.0 1 10 0.065569 0.5338308340246835 0.1228273 0.1
1313.5 1 10 0.0654255 0.5330702698166391 0.12273335 0.1
1314.0 1 10 0.065282 0.5323085403222781 0.12263940000000001 0.1
1314.5 1 10 0.0651385 0.5315456428614853 0.12254544999999999 0.1
1315.0 1 10 0.064995 0.5307815747459198 0.1224515 0.1
1315.5 1 10 0.0648515 0.5300163332789845 0.12235755000000001 0.1
1316.0 1 10 0.064708 0.5292499157557933 0.12226359999999999 0.1
1316.5 1 10 0.0645645 0.52848231946314 0.12216965 0.1
1317.0 1 10 0.064421 0.5277135416794662 0.1220757 0.1
1317.5 1 10 0.0642775 0.5269435796748284 0.12198175 0.1
1318.0 1 10 0.064134 0.5261724307108668 0.1218878 0.1
1318.5 1 10 0.0639905 0.5254000920407722 0.12179385 0.1
1319.0 1 10 0.063847 0.524626560909253 0.1216999 0.1
1319.5 1 10 0.0637035 0.5238518345525034 0.12160595 0.1
1320.0 1 10 0.06356 0.5230759101981697 0.12151200000000002 0.1
1320.5 1 10 0.0634165 0.5222987850653177 0.12141805000000001 0.1
1321.0 1 10 0.063273 0.5215204563643991 0.12132409999999999 0.1
1321.5 1 10 0.0631295 0.5207409212972186 0.12123015 0.1
1322.0 1 10 0.062986 0.5199601770568996 0.1211362 0.1
1322.5 1 10 0.06284250000000001 0.5191782208278515 0.12104225 0.1
1323.0 1 10 0.062699 0.5183950497857349 0.12094830000000001 0.1
1323.5 1 10 0.0625555 0.5176106610974285 0.12085434999999999 0.1
1324.0 1 10 0.062412 0.5168250519209939 0.12076040000000002 0.1
1324.5 1 10 0.062268500000000004 0.5160382194056425 0.12066645000000002 0.1
1325.0 1 10 0.06212500000000001 0.5152501606917 0.1205725 0.1
1325.5 1 10 0.0619815 0.5144608729105721 0.12047855 0.1
1326.0 1 10 0.061838000000000004 0.5136703531847097 0.12038460000000001 0.1
1326.5 1 10 0.061694500000000006 0.5128785986275742 0.12029065 0.1
1327.0 1 10 0.061551 0.5120856063436018 0.1201967 0.1
1327.5 1 10 0.061407500000000004 0.5112913734281688 0.12010275000000002 0.1
1328.0 1 10 0.061264000000000006 0.5104958969675558 0.12000879999999998 0.1
1328.5 1 10 0.06112050000000001 0.5096991740389119 0.11991484999999999 0.1
1329.0 1 10 0.060977 0.5089012017102191 0.11982090000000002 0.1
1329.5 1 10 0.060833500000000006 0.5081019770402571 0.11972695 0.1
1330.0 1 10 0.06069000000000001 0.5073014970785653 0.119633 0.1
1330.5 1 10 0.0605465 0.5064997588654084 0.11953905000000001 0.1
1331.0 1 10 0.060403000000000005 0.505696759431739 0.1194451 0.1
1331.5 1 10 0.06025950000000001 0.5048924957991607 0.11935115 0.1
1332.0 1 10 0.060116 0.5040869649798921 0.11925720000000001 0.1
1332.5 1 10 0.059972500000000005 0.5032801639767295 0.11916324999999998 0.1
1333.0 1 10 0.05982900000000001 0.5024720897830087 0.11906930000000002 0.1
1333.5 1 10 0.0596855 0.5016627393825696 0.11897535000000001 0.1
1334.0 1 10 0.059542000000000005 0.500852109749717 0.1188814 0.1
1334.5 1 10 0.05939850000000001 0.5000401978491836 0.11878745 0.1
1335.0 1 10 0.059255 0.4992270006360921 0.1186935 0.1
1335.5 1 10 0.059111500000000004 0.4984125150559172 0.11859955000000001 0.1
1336.0 1 10 0.058968000000000007 0.4975967380444469 0.11850560000000002 0.1
1336.5 1 10 0.0588245 0.4967796665277445 0.11841165000000001 0.1
1337.0 1 10 0.058681000000000004 0.49596129742211015 0.11831770000000001 0.1
1337.5 1 10 0.058537500000000006 0.4951416276340414 0.11822375 0.1
1338.0 1 10 0.058394 0.49432065406019476 0.11812980000000002 0.1
1338.5 1 10 0.058250500000000004 0.4934983735873466 0.11803585 0.1
1339.0 1 10 0.058107000000000006 0.49267478309235313 0.1179419 0.1
1339.5 1 10 0.0579635 0.4918498794421116 0.11784794999999999 0.1
1340.0 1 10 0.05782 0.49102365949352045 0.117754 0.1
1340.5 1 10 0.057676500000000006 0.4901961200934387 0.11766005 0.1
1341.0 1 10 0.05753300000000001 0.48936725807864684 0.11756610000000002 0.1
1341.5 1 10 0.05738950000000001 0.4885370702758059 0.11747214999999998 0.1
1342.0 1 10 0.057246000000000005 0.4877055535014168 0.1173782 0.1
1342.5 1 10 0.05710250000000001 0.4868727045617805 0.11728425000000002 0.1
1343.0 1 10 0.05695900000000001 0.4860385202529562 0.1171903 0.1
1343.5 1 10 0.056815500000000005 0.4852029973607205 0.11709635000000002 0.1
1344.0 1 10 0.05667200000000001 0.48436613266052664 0.11700240000000002 0.1
1344.5 1 10 0.05652850000000001 0.48352792291746244 0.11690844999999998 0.1
1345.0 1 10 0.056385000000000005 0.48268836488620853 0.1168145 0.1
1345.5 1 10 0.05624150000000001 0.4818474553109971 0.11672055 0.1
1346.0 1 10 0.05609800000000001 0.48100519092556937 0.11662660000000001 0.1
1346.5 1 10 0.055954500000000004 0.4801615684531331 0.11653264999999999 0.1
1347.0 1 10 0.055811000000000006 0.47931658460632076 0.11643870000000002 0.1
1347.5 1 10 0.05566750000000001 0.4784702360871463 0.11634475 0.1
1348.0 1 10 0.055524000000000004 0.477622519586962 0.11625079999999999 0.1
1348.5 1 10 0.055380500000000006 0.4767734317864164 0.11615685 0.1
1349.0 1 10 0.05523700000000001 0.47592296935540995 0.11606289999999998 0.1
1349.5 1 10 0.055093500000000004 0.4750711289530517 0.11596895 0.1
1350.0 1 10 0.054950000000000006 0.474217907227616 0.115875 0.1
1350.5 1 10 0.05480650000000001 0.47336330081649813 0.11578105 0.1
1351.0 1 10 0.054663 0.47250730634617 0.1156871 0.1
1351.5 1 10 0.054519500000000005 0.4716499204321364 0.11559314999999999 0.1
1352.0 1 10 0.05437600000000001 0.47079113967888964 0.11549920000000001 0.1
1352.5 1 10 0.0542325 0.4699309606798651 0.11540525 0.1
1353.0 1 10 0.054089000000000005 0.4690693800173964 0.1153113 0.1
1353.5 1 10 0.05394550000000001 0.46820639426266975 0.11521734999999998 0.1
1354.0 1 10 0.053802 0.46734199997567827 0.1151234 0.1
1354.5 1 10 0.053658500000000005 0.46647619370517723 0.11502945000000002 0.1
1355.0 1 10 0.05351500000000001 0.46560897198863715 0.1149355 0.1
1355.5 1 10 0.0533715 0.4647403313521979 0.11484155000000001 0.1
1356.0 1 10 0.053228000000000004 0.4638702683106226 0.1147476 0.1
1356.5 1 10 0.05308450000000001 0.4629987793672509 0.11465365000000001 0.1
1357.0 1 10 0.052941 0.4621258610139517 0.1145597 0.1
1357.5 1 10 0.052797500000000004 0.46125150973107676 0.11446575 0.1
1358.0 1 10 0.052654000000000006 0.46037572198741306 0.1143718 0.1
1358.5 1 10 0.05251050000000001 0.45949849424013495 0.11427785 0.1
1359.0 1 10 0.052367000000000004 0.458619822934757 0.1141839 0.1
1359.5 1 10 0.052223500000000006 0.4577397045050857 0.11408995000000001 0.1
1360.0 1 10 0.05208000000000001 0.45685813537317105 0.11399600000000001 0.1
1360.5 1 10 0.051936500000000003 0.45597511194925816 0.11390205000000002 0.1
1361.0 1 10 0.051793000000000006 0.4550906306317389 0.11380810000000001 0.1
1361.5 1 10 0.05164950000000001 0.4542046878071023 0.11371415000000001 0.1
1362.0 1 10 0.051506 0.45331727984988585 0.1136202 0.1
1362.5 1 10 0.051362500000000005 0.45242840312262583 0.11352625000000002 0.1
1363.0 1 10 0.05121900000000001 0.45153805397580765 0.1134323 0.1
1363.5 1 10 0.0510755 0.45064622874781574 0.11333835000000002 0.1
1364.0 1 10 0.050932000000000005 0.44975292376488374 0.11324440000000002 0.1
1364.5 1 10 0.05078850000000001 0.4488581353410438 0.11315045 0.1
1365.0 1 10 0.050645 0.44796185977807557 0.1130565 0.1
1365.5 1 10 0.050501500000000005 0.4470640933654561 0.11296255000000001 0.1
1366.0 1 10 0.05035800000000001 0.44616483238030774 0.11286860000000001 0.1
1366.5 1 10 0.0502145 0.4452640730873472 0.11277465 0.1
1367.0 1 10 0.050071000000000004 0.44436181173883377 0.1126807 0.1
1367.5 1 10 0.04992750000000001 0.443458044574517 0.11258675000000003 0.1
1368.0 1 10 0.04978400000000001 0.4425527678215851 0.11249279999999999 0.1
1368.5 1 10 0.049640500000000004 0.44164597769461167 0.11239885 0.1
1369.0 1 10 0.049497000000000006 0.44073767039550366 0.11230490000000003 0.1
1369.5 1 10 0.04935350000000001 0.439827842113448 0.11221094999999999 0.1
1370.0 1 10 0.049210000000000004 0.43891648902485797 0.112117 0.1
1370.5 1 10 0.049066500000000006 0.43800360729332044 0.11202305000000001 0.1
1371.0 1 10 0.04892300000000001 0.4370891930695414 0.1119291 0.1
1371.5 1 10 0.0487795 0.43617324249129186 0.11183515000000002 0.1
1372.0 1 10 0.048636000000000006 0.43525575168335406 0.11174120000000001 0.1
1372.5 1 10 0.04849250000000001 0.4343367167574661 0.11164725 0.1
1373.0 1 10 0.048349 0.4334161338122673 0.11155330000000002 0.1
1373.5 1 10 0.048205500000000005 0.43249399893324336 0.11145935000000003 0.1
1374.0 1 10 0.04806200000000001 0.4315703081926703 0.1113654 0.1
1374.5 1 10 0.0479185 0.4306450576495588 0.11127145000000001 0.1
1375.0 1 10 0.047775000000000005 0.4297182433495986 0.1111775 0.1
1375.5 1 10 0.04763150000000001 0.4287898613251017 0.11108355000000002 0.1
1376.0 1 10 0.047488 0.4278599075949458 0.11098960000000002 0.1
1376.5 1 10 0.047344500000000005 0.42692837816451773 0.11089565 0.1
1377.0 1 10 0.04720100000000001 0.4259952690256558 0.11080169999999999 0.1
1377.5 1 10 0.0470575 0.4250605761565925 0.11070775 0.1
1378.0 1 10 0.046914000000000004 0.4241242955218969 0.11061380000000001 0.1
1378.5 1 10 0.046770500000000007 0.42318642307241644 0.11051985 0.1
1379.0 1 10 0.046627 0.4222469547452183 0.11042590000000001 0.1
1379.5 1 10 0.046483500000000004 0.4213058864635312 0.11033195 0.1
1380.0 1 10 0.046340000000000006 0.42036321413668615 0.110238 0.1
1380.5 1 10 0.0461965 0.41941893366005695 0.11014405000000002 0.1
1381.0 1 10 0.046053000000000004 0.4184730409150014 0.11005010000000001 0.1
1381.5 1 10 0.045909500000000006 0.4175255317688006 0.10995615 0.1
1382.0 1 10 0.045766 0.4165764020745989 0.10986220000000002 0.1
1382.5 1 10 0.0456225 0.4156256476713439 0.10976825000000001 0.1
1383.0 1 10 0.045479000000000006 0.4146732643837253 0.1096743 0.1
1383.5 1 10 0.0453355 0.41371924802211346 0.10958035 0.1
1384.0 1 10 0.045192 0.41276359438249866 0.10948640000000001 0.1
1384.5 1 10 0.045048500000000005 0.41180629924642886 0.10939244999999999 0.1
1385.0 1 10 0.044905 0.41084735838094755 0.1092985 0.1
1385.5 1 10 0.0447615 0.40988676753853204 0.10920455000000001 0.1
1386.0 1 10 0.044618000000000005 0.40892452245702987 0.1091106 0.1
1386.5 1 10 0.0444745 0.40796061885959617 0.10901665 0.1
1387.0 1 10 0.044331 0.40699505245463063 0.10892270000000001 0.1
1387.5 1 10 0.044187500000000005 0.40602781893571327 0.10882875 0.1
1388.0 1 10 0.04404400000000001 0.4050589139815404 0.10873480000000002 0.1
1388.5 1 10 0.0439005 0.4040883332558609 0.10864085000000001 0.1
1389.0 1 10 0.043757000000000004 0.40311607240741104 0.1085469 0.1
1389.5 1 10 0.043613500000000006 0.4021421270698492 0.10845295 0.1
1390.0 1 10 0.04347000000000001 0.40116649286169126 0.10835900000000002 0.1
1390.5 1 10 0.043326500000000004 0.40018916538624427 0.10826505 0.1
1391.0 1 10 0.043183000000000006 0.3992101402315406 0.10817110000000002 0.1
1391.5 1 10 0.04303950000000001 0.39822941297027176 0.10807715 0.1
1392.0 1 10 0.042896000000000004 0.3972469791597212 0.1079832 0.1
1392.5 1 10 0.042752500000000006 0.3962628343416977 0.10788924999999999 0.1
1393.0 1 10 0.04260900000000001 0.3952769740424676 0.10779530000000001 0.1
1393.5 1 10 0.0424655 0.3942893937726872 0.10770135000000002 0.1
1394.0 1 10 0.042322000000000005 0.3933000890273346 0.10760739999999999 0.1
1394.5 1 10 0.04217850000000001 0.39230905528564103 0.10751345000000002 0.1
1395.0 1 10 0.042035 0.39131628801102225 0.1074195 0.1
1395.5 1 10 0.041891500000000005 0.39032178265100903 0.10732555 0.1
1396.0 1 10 0.04174800000000001 0.3893255346371779 0.1072316 0.1
1396.5 1 10 0.0416045 0.3883275393850808 0.10713765 0.1
1397.0 1 10 0.041461000000000005 0.3873277922941752 0.10704370000000002 0.1
1397.5 1 10 0.04131750000000001 0.38632628874775304 0.10694975000000001 0.1
1398.0 1 10 0.041174 0.3853230241128699 0.1068558 0.1
1398.5 1 10 0.041030500000000004 0.38431799374027337 0.10676184999999999 0.1
1399.0 1 10 0.04088700000000001 0.38331119296433136 0.10666790000000001 0.1
1399.5 1 10 0.0407435 0.38230261710296 0.10657394999999999 0.1
1400.0 1 10 0.040600000000000004 0.38129226145755074 0.10647999999999999 0.1
1400.5 1 10 0.0405435 0.38127347135608225 0.10633706000000001 0.1
1401.0 1 10 0.040487 0.38125463067070003 0.10619412 0.1
1401.5 1 10 0.0404305 0.381235739196867 0.10605118000000002 0.1
1402.0 1 10 0.04037400000000001 0.38121679672894204 0.10590824 0.1
1402.5 1 10 0.040317500000000006 0.3811978030601719 0.1057653 0.1
1403.0 1 10 0.040261000000000005 0.3811787579826848 0.10562236 0.1
1403.5 1 10 0.040204500000000004 0.3811596612874815 0.10547941999999999 0.1
1404.0 1 10 0.040148 0.3811405127644288 0.10533648000000001 0.1
1404.5 1 10 0.0400915 0.3811213122022512 0.10519354 0.1
1405.0 1 10 0.040035 0.3811020593885232 0.10505060000000002 0.1
1405.5 1 10 0.03997850000000001 0.38108275410966186 0.10490766 0.1
1406.0 1 10 0.039922000000000006 0.381063396150918 0.10476472 0.1
1406.5 1 10 0.039865500000000005 0.38104398529636946 0.10462178000000003 0.1
1407.0 1 10 0.039809000000000004 0.3810245213289122 0.10447884 0.1
1407.5 1 10 0.0397525 0.3810050040302523 0.10433590000000001 0.1
1408.0 1 10 0.039696 0.3809854331808982 0.10419296 0.1
1408.5 1 10 0.0396395 0.3809658085601521 0.10405002000000002 0.1
1409.0 1 10 0.03958300000000001 0.38094612994610194 0.10390707999999999 0.1
1409.5 1 10 0.039526500000000006 0.38092639711561244 0.10376414 0.1
1410.0 1 10 0.039470000000000005 0.38090660984431757 0.10362120000000001 0.1
1410.5 1 10 0.039413500000000004 0.3808867679066115 0.10347826 0.1
1411.0 1 10 0.039357 0.38086687107564 0.10333532 0.1
1411.5 1 10 0.0393005 0.3808469191232919 0.10319238 0.1
1412.0 1 10 0.039244 0.38082691182019035 0.10304944000000002 0.1
1412.5 1 10 0.0391875 0.3808068489356843 0.10290650000000001 0.1
1413.0 1 10 0.039131000000000006 0.3807867302378392 0.10276356 0.1
1413.5 1 10 0.039074500000000005 0.38076655549342814 0.10262062000000001 0.1
1414.0 1 10 0.039018000000000004 0.38074632446792317 0.10247768000000002 0.1
1414.5 1 10 0.0389615 0.3807260369254859 0.10233474000000001 0.1
1415.0 1 10 0.038905 0.38070569262895854 0.10219179999999999 0.1
1415.5 1 10 0.0388485 0.38068529133985424 0.10204886000000002 0.1
1416.0 1 10 0.038792 0.3806648328183485 0.10190592000000001 0.1
1416.5 1 10 0.038735500000000006 0.38064431682326916 0.10176298 0.1
1417.0 1 10 0.038679000000000005 0.38062374311208697 0.10162004000000001 0.1
1417.5 1 10 0.038622500000000004 0.3806031114409064 0.10147709999999999 0.1
1418.0 1 10 0.038566 0.38058242156445565 0.10133416 0.1
1418.5 1 10 0.0385095 0.3805616732360772 0.10119122 0.1
1419.0 1 10 0.038453 0.3805408662077177 0.10104828 0.1
1419.5 1 10 0.0383965 0.38052000022991844 0.10090534000000001 0.1
1420.0 1 10 0.038340000000000006 0.3804990750518051 0.10076240000000002 0.1
1420.5 1 10 0.038283500000000005 0.3804780904210776 0.10061946000000001 0.1
1421.0 1 10 0.038227000000000004 0.38045704608400055 0.10047652000000001 0.1
1421.5 1 10 0.0381705 0.3804359417853923 0.10033358 0.1
1422.0 1 10 0.038114 0.38041477726861517 0.10019064 0.1
1422.5 1 10 0.0380575 0.38039355227556454 0.10004770000000002 0.1
1423.0 1 10 0.038001 0.380372266546659 0.09990476000000001 0.1
1423.5 1 10 0.037944500000000006 0.3803509198208293 0.09976182 0.1
1424.0 1 10 0.037888000000000005 0.3803295118355075 0.09961888 0.1
1424.5 1 10 0.037831500000000004 0.3803080423266169 0.09947594 0.1
1425.0 1 10 0.037775 0.38028651102856054 0.099333 0.1
1425.5 1 10 0.0377185 0.3802649176742105 0.09919006000000001 0.1
1426.0 1 10 0.037662 0.380243261994897 0.09904712 0.1
1426.5 1 10 0.0376055 0.38022154372039685 0.09890418 0.1
1427.0 1 10 0.037549000000000006 0.38019976257892274 0.09876124 0.1
1427.5 1 10 0.037492500000000005 0.38017791829711123 0.0986183 0.1
1428.0 1 10 0.037436000000000004 0.38015601060001203 0.09847536 0.1
1428.5 1 10 0.0373795 0.3801340392110761 0.09833242 0.1
1429.0 1 10 0.037323 0.38011200385214383 0.09818948000000001 0.1
1429.5 1 10 0.0372665 0.3800899042434338 0.09804653999999999 0.1
1430.0 1 10 0.03721 0.3800677401035304 0.09790360000000001 0.1
1430.5 1 10 0.037153500000000006 0.3800455111493724 0.09776066000000001 0.1
1431.0 1 10 0.037097000000000005 0.3800232170962403 0.09761772000000002 0.1
1431.5 1 10 0.037040500000000004 0.3800008576577449 0.09747478000000002 0.1
1432.0 1 10 0.036984 0.3799784325458144 0.09733184 0.1
1432.5 1 10 0.0369275 0.37995594147068235 0.09718890000000001 0.1
1433.0 1 10 0.036871 0.37993338414087513 0.09704596 0.1
1433.5 1 10 0.0368145 0.3799107602631992 0.09690302 0.1
1434.0 1 10 0.036758 0.3798880695427288 0.09676008 0.1
1434.5 1 10 0.036701500000000005 0.37986531168279253 0.09661714000000002 0.1
1435.0 1 10 0.036645000000000004 0.37984248638496093 0.09647420000000001 0.1
1435.5 1 10 0.0365885 0.37981959334903337 0.09633125999999999 0.1
1436.0 1 10 0.036532 0.3797966322730244 0.09618832000000001 0.1
1436.5 1 10 0.0364755 0.3797736028531513 0.09604538 0.1
1437.0 1 10 0.036419 0.3797505047838199 0.09590244 0.1
1437.5 1 10 0.036362500000000006 0.3797273377576116 0.0957595 0.1
1438.0 1 10 0.036306000000000005 0.37970410146526923 0.09561656 0.1
1438.5 1 10 0.036249500000000004 0.3796807955956839 0.09547362000000001 0.1
1439.0 1 10 0.036193 0.37965741983588075 0.09533068 0.1
1439.5 1 10 0.0361365 0.37963397387100484 0.09518774 0.1
1440.0 1 10 0.03608 0.3796104573843072 0.0950448 0.1
1440.5 1 10 0.0360235 0.3795868700571306 0.09490186 0.1
1441.0 1 10 0.035967 0.379563211568895 0.09475892000000001 0.1
1441.5 1 10 0.035910500000000005 0.37953948159708334 0.09461598 0.1
1442.0 1 10 0.035854000000000004 0.37951567981722617 0.09447304000000001 0.1
1442.5 1 10 0.0357975 0.3794918059028879 0.0943301 0.1
1443.0 1 10 0.035741 0.3794678595256508 0.09418716000000002 0.1
1443.5 1 10 0.0356845 0.379443840355101 0.09404422000000001 0.1
1444.0 1 10 0.035628 0.3794197480588124 0.09390128 0.1
1444.5 1 10 0.0355715 0.37939558230233167 0.09375834000000001 0.1
1445.0 1 10 0.035515000000000005 0.3793713427491631 0.0936154 0.1
1445.5 1 10 0.035458500000000004 0.37934702906075224 0.09347246000000001 0.1
1446.0 1 10 0.035402 0.37932264089647094 0.09332952 0.1
1446.5 1 10 0.0353455 0.3792981779136009 0.09318658 0.1
1447.0 1 10 0.035289 0.37927363976731776 0.09304364000000001 0.1
1447.5 1 10 0.0352325 0.3792490261106751 0.0929007 0.1
1448.0 1 10 0.035176 0.3792243365945878 0.09275776000000001 0.1
1448.5 1 10 0.0351195 0.37919957086781575 0.09261482 0.1
1449.0 1 10 0.035063000000000004 0.37917472857694684 0.09247188 0.1
1449.5 1 10 0.0350065 0.3791498093663807 0.09232894000000001 0.1
1450.0 1 10 0.03495 0.37912481287831123 0.092186 0.1
1450.5 1 10 0.0348935 0.37909973875270986 0.09204306 0.1
1451.0 1 10 0.034837 0.379074586627308 0.09190012000000002 0.1
1451.5 1 10 0.0347805 0.3790493561375796 0.09175718000000001 0.1
1452.0 1 10 0.034724000000000005 0.3790240469167239 0.09161424 0.1
1452.5 1 10 0.034667500000000004 0.37899865859564696 0.09147129999999999 0.1
1453.0 1 10 0.034611 0.3789731908029445 0.09132836 0.1
1453.5 1 10 0.0345545 0.37894764316488316 0.09118542 0.1
1454.0 1 10 0.034498 0.37892201530538266 0.09104248000000001 0.1
1454.5 1 10 0.0344415 0.37889630684599723 0.09089954 0.1
1455.0 1 10 0.034385 0.3788705174058966 0.0907566 0.1
1455.5 1 10 0.034328500000000005 0.3788446466018479 0.09061366 0.1
1456.0 1 10 0.034272000000000004 0.37881869404819596 0.09047072 0.1
1456.5 1 10 0.0342155 0.37879265935684464 0.09032778 0.1
1457.0 1 10 0.034159 0.37876654213723726 0.09018484000000002 0.1
1457.5 1 10 0.0341025 0.3787403419963372 0.09004190000000002 0.1
1458.0 1 10 0.034046 0.37871405853860823 0.08989896 0.1
1458.5 1 10 0.0339895 0.3786876913659941 0.08975602000000002 0.1
1459.0 1 10 0.033933000000000005 0.37866124007789936 0.08961308000000001 0.1
1459.5 1 10 0.033876500000000004 0.378634704271168 0.08947014000000002 0.1
1460.0 1 10 0.03382 0.378608083540064 0.0893272 0.1
1460.5 1 10 0.0337635 0.37858137747624976 0.08918426 0.1
1461.0 1 10 0.033707 0.3785545856687659 0.08904132000000002 0.1
1461.5 1 10 0.0336505 0.3785277077040099 0.08889838 0.1
1462.0 1 10 0.033594 0.37850074316571464 0.08875544 0.1
1462.5 1 10 0.0335375 0.3784736916349273 0.08861250000000002 0.1
1463.0 1 10 0.033481000000000004 0.3784465526899874 0.08846956 0.1
1463.5 1 10 0.0334245 0.37841932590650473 0.08832662000000001 0.1
1464.0 1 10 0.033368 0.3783920108573378 0.08818368 0.1
1464.5 1 10 0.0333115 0.3783646071125708 0.08804074 0.1
1465.0 1 10 0.033255 0.3783371142394918 0.0878978 0.1
1465.5 1 10 0.0331985 0.3783095318025691 0.08775485999999999 0.1
1466.0 1 10 0.033142 0.378281859363429 0.08761192000000001 0.1
1466.5 1 10 0.033085500000000004 0.3782540964808324 0.08746898 0.1
1467.0 1 10 0.033029 0.3782262427106508 0.08732604 0.1
1467.5 1 10 0.0329725 0.37819829760584334 0.08718310000000001 0.1
1468.0 1 10 0.032916 0.3781702607164325 0.08704016 0.1
1468.5 1 10 0.0328595 0.37814213158948007 0.08689722 0.1
1469.0 1 10 0.032803 0.3781139097690627 0.08675427999999999 0.1
1469.5 1 10 0.0327465 0.37808559479624715 0.08661134000000001 0.1
1470.0 1 10 0.032690000000000004 0.37805718620906603 0.08646839999999999 0.1
1470.5 1 10 0.0326335 0.3780286835424914 0.08632546 0.1
1471.0 1 10 0.032577 0.3780000863284109 0.08618252 0.1
1471.5 1 10 0.0325205 0.3779713940956011 0.08603958 0.1
1472.0 1 10 0.032464 0.377942606369702 0.08589664 0.1
1472.5 1 10 0.0324075 0.37791372267319073 0.0857537 0.1
1473.0 1 10 0.032351 0.3778847425253554 0.08561076000000001 0.1
1473.5 1 10 0.032294500000000004 0.3778556654422683 0.08546781999999999 0.1
1474.0 1 10 0.032238 0.3778264909367584 0.08532488000000002 0.1
1474.5 1 10 0.0321815 0.37779721851838544 0.08518194000000003 0.1
1475.0 1 10 0.032125 0.37776784769341126 0.085039 0.1
1475.5 1 10 0.0320685 0.37773837796477244 0.08489606000000001 0.1
1476.0 1 10 0.032012 0.37770880883205243 0.08475311999999999 0.1
1476.5 1 10 0.0319555 0.37767913979145296 0.08461018000000001 0.1
1477.0 1 10 0.031899000000000004 0.37764937033576573 0.08446724 0.1
1477.5 1 10 0.0318425 0.37761949995434296 0.08432429999999999 0.1
1478.0 1 10 0.031786 0.37758952813306884 0.08418136000000001 0.1
1478.5 1 10 0.0317295 0.37755945435432986 0.08403842 0.1
1479.0 1 10 0.031673 0.37752927809698444 0.08389548000000001 0.1
1479.5 1 10 0.0316165 0.3774989988363338 0.08375253999999999 0.1
1480.0 1 10 0.03156 0.3774686160440906 0.0836096 0.1
1480.5 1 10 0.031503500000000004 0.377438129188349 0.08346666 0.1
1481.0 1 10 0.031447 0.37740753773355296 0.08332372 0.1
1481.5 1 10 0.0313905 0.3773768411404654 0.08318078 0.1
1482.0 1 10 0.031334 0.3773460388661362 0.08303784 0.1
1482.5 1 10 0.0312775 0.3773151303638704 0.08289490000000001 0.1
1483.0 1 10 0.031221 0.3772841150831956 0.08275196 0.1
1483.5 1 10 0.0311645 0.3772529924698296 0.08260901999999999 0.1
1484.0 1 10 0.031108 0.377221761965647 0.08246607999999998 0.1
1484.5 1 10 0.0310515 0.37719042300864614 0.08232314 0.1
1485.0 1 10 0.030995 0.37715897503291546 0.08218020000000001 0.1
1485.5 1 10 0.0309385 0.377127417468599 0.08203726 0.1
1486.0 1 10 0.030882 0.3770957497418624 0.08189432 0.1
1486.5 1 10 0.0308255 0.37706397127485797 0.08175138000000001 0.1
1487.0 1 10 0.030769 0.37703208148568945 0.08160844 0.1
1487.5 1 10 0.0307125 0.3770000797883767 0.0814655 0.1
1488.0 1 10 0.030656 0.3769679655928195 0.08132256 0.1
1488.5 1 10 0.0305995 0.3769357383047617 0.08117962000000002 0.1
1489.0 1 10 0.030543 0.37690339732575423 0.08103668 0.1
1489.5 1 10 0.0304865 0.37687094205311805 0.08089374 0.1
1490.0 1 10 0.03043 0.376838371879907 0.08075080000000001 0.1
1490.5 1 10 0.030373499999999998 0.37680568619486976 0.08060786000000002 0.1
1491.0 1 10 0.030317 0.37677288438241163 0.08046492 0.1
1491.5 1 10 0.0302605 0.37673996582255564 0.08032198 0.1
1492.0 1 10 0.030204 0.37670692989090415 0.08017904 0.1
1492.5 1 10 0.0301475 0.3766737759585987 0.0800361 0.1
1493.0 1 10 0.030091 0.3766405033922804 0.07989316 0.1
1493.5 1 10 0.0300345 0.3766071115540496 0.07975022000000001 0.1
1494.0 1 10 0.029977999999999998 0.37657359980142513 0.07960728 0.1
1494.5 1 10 0.0299215 0.37653996748730306 0.07946434000000001 0.1
1495.0 1 10 0.029865 0.37650621395991496 0.0793214 0.1
1495.5 1 10 0.0298085 0.3764723385627859 0.07917845999999999 0.1
1496.0 1 10 0.029752 0.37643834063469184 0.07903552 0.1
1496.5 1 10 0.0296955 0.3764042195096167 0.07889258 0.1
1497.0 1 10 0.029639 0.37636997451670884 0.07874964000000001 0.1
1497.5 1 10 0.029582499999999998 0.376335604980237 0.07860670000000002 0.1
1498.0 1 10 0.029526 0.37630111021954593 0.07846376 0.1
1498.5 1 10 0.0294695 0.3762664895490114 0.07832081999999999 0.1
1499.0 1 10 0.029412999999999998 0.3762317422779947 0.07817788 0.1
1499.5 1 10 0.0293565 0.37619686771079724 0.07803494 0.1
1500.0 1 10 0.0293 0.37616186514661326 0.077892 0.1
1500.5 1 10 0.0292435 0.3761267338794835 0.07774906000000001 0.1
1501.0 1 10 0.029187 0.37609147319824776 0.07760612 0.1
1501.5 1 10 0.0291305 0.37605608238649635 0.07746318000000002 0.1
1502.0 1 10 0.029074 0.3760205607225223 0.07732024 0.1
1502.5 1 10 0.029017499999999998 0.3759849074792717 0.0771773 0.1
1503.0 1 10 0.028961 0.3759491219242946 0.07703436 0.1
1503.5 1 10 0.0289045 0.3759132033196942 0.07689142 0.1
1504.0 1 10 0.028848 0.37587715092207685 0.07674848000000001 0.1
1504.5 1 10 0.0287915 0.3758409639825005 0.07660554 0.1
1505.0 1 10 0.028735 0.3758046417464224 0.0764626 0.1
1505.5 1 10 0.0286785 0.3757681834536474 0.07631966000000001 0.1
1506.0 1 10 0.028621999999999998 0.3757315883382744 0.07617672000000002 0.1
1506.5 1 10 0.0285655 0.37569485562864297 0.07603378000000001 0.1
1507.0 1 10 0.028509 0.37565798454727867 0.07589084 0.1
1507.5 1 10 0.0284525 0.3756209743108389 0.0757479 0.1
1508.0 1 10 0.028396 0.3755838241300571 0.07560496 0.1
1508.5 1 10 0.0283395 0.3755465332096861 0.07546202 0.1
1509.0 1 10 0.028283 0.3755091007484424 0.07531908000000001 0.1
1509.5 1 10 0.0282265 0.37547152593894817 0.07517614 0.1
1510.0 1 10 0.02817 0.375433807967673 0.0750332 0.1
1510.5 1 10 0.0281135 0.37539594601487564 0.07489025999999999 0.1
1511.0 1 10 0.028057 0.37535793925454447 0.07474732 0.1
1511.5 1 10 0.0280005 0.37531978685433753 0.07460438 0.1
1512.0 1 10 0.027944 0.3752814879755213 0.07446144 0.1
1512.5 1 10 0.0278875 0.3752430417729098 0.07431850000000001 0.1
1513.0 1 10 0.027831 0.3752044473948023 0.07417556 0.1
1513.5 1 10 0.0277745 0.37516570398292 0.07403262 0.1
1514.0 1 10 0.027718 0.3751268106723428 0.07388968000000001 0.1
1514.5 1 10 0.0276615 0.3750877665914452 0.07374674 0.1
1515.0 1 10 0.027605 0.3750485708618305 0.0736038 0.1
1515.5 1 10 0.0275485 0.37500922259826525 0.07346086 0.1
1516.0 1 10 0.027492 0.37496972090861275 0.07331792000000001 0.1
1516.5 1 10 0.0274355 0.3749300648937656 0.07317498 0.1
1517.0 1 10 0.027379 0.37489025364757717 0.07303203999999999 0.1
1517.5 1 10 0.0273225 0.3748502862567928 0.07288910000000001 0.1
1518.0 1 10 0.027266 0.37481016180098026 0.07274616 0.1
1518.5 1 10 0.0272095 0.3747698793524585 0.07260322 0.1
1519.0 1 10 0.027153 0.37472943797622643 0.07246028 0.1
1519.5 1 10 0.0270965 0.37468883672989073 0.07231734000000001 0.1
1520.0 1 10 0.02704 0.3746480746635927 0.0721744 0.1
1520.5 1 10 0.0269835 0.3746071508199334 0.07203146 0.1
1521.0 1 10 0.026927 0.3745660642338999 0.07188852000000001 0.1
1521.5 1 10 0.0268705 0.3745248139327886 0.07174558 0.1
1522.0 1 10 0.026814 0.37448339893612864 0.07160264 0.1
1522.5 1 10 0.0267575 0.3744418182556042 0.0714597 0.1
1523.0 1 10 0.026701 0.3744000708949761 0.07131676 0.1
1523.5 1 10 0.0266445 0.37435815585000215 0.07117382 0.1
1524.0 1 10 0.026588 0.3743160721083562 0.07103088000000002 0.1
1524.5 1 10 0.0265315 0.3742738186495474 0.07088794 0.1
1525.0 1 10 0.026475 0.37423139444483705 0.070745 0.1
1525.5 1 10 0.0264185 0.3741887984571555 0.07060206000000001 0.1
1526.0 1 10 0.026362 0.3741460296410174 0.07045912 0.1
1526.5 1 10 0.0263055 0.37410308694243627 0.07031618 0.1
1527.0 1 10 0.026249 0.37405996929883817 0.07017324 0.1
1527.5 1 10 0.0261925 0.3740166756389734 0.0700303 0.1
1528.0 1 10 0.026136 0.37397320488282854 0.06988736000000001 0.1
1528.5 1 10 0.0260795 0.3739295559415362 0.06974442 0.1
1529.0 1 10 0.026023 0.37388572771728423 0.06960148 0.1
1529.5 1 10 0.0259665 0.37384171910322334 0.06945854 0.1
1530.0 1 10 0.02591 0.37379752898337454 0.0693156 0.1
1530.5 1 10 0.0258535 0.3737531562325347 0.06917266 0.1
1531.0 1 10 0.025797 0.3737085997161802 0.06902972 0.1
1531.5 1 10 0.0257405 0.37366385829037146 0.06888678000000001 0.1
1532.0 1 10 0.025684 0.37361893080165437 0.06874384 0.1
1532.5 1 10 0.0256275 0.373573816086961 0.06860089999999999 0.1
1533.0 1 10 0.025571 0.37352851297350953 0.06845796000000001 0.1
1533.5 1 10 0.0255145 0.37348302027870295 0.06831502 0.1
1534.0 1 10 0.025458 0.3734373368100255 0.06817208 0.1
1534.5 1 10 0.0254015 0.3733914613649386 0.06802914 0.1
1535.0 1 10 0.025345 0.3733453927307759 0.06788620000000001 0.1
1535.5 1 10 0.0252885 0.37329912968463574 0.06774326 0.1
1536.0 1 10 0.025232 0.3732526709932734 0.06760032 0.1
1536.5 1 10 0.0251755 0.3732060154129911 0.06745738000000001 0.1
1537.0 1 10 0.025119000000000002 0.37315916168952756 0.06731444 0.1
1537.5 1 10 0.0250625 0.373112108557945 0.0671715 0.1
1538.0 1 10 0.025006 0.3730648547425157 0.06702856 0.1
1538.5 1 10 0.0249495 0.3730173989566068 0.06688562 0.1
1539.0 1 10 0.024893 0.3729697399025631 0.06674268 0.1
1539.5 1 10 0.0248365 0.372921876271589 0.06659974 0.1
1540.0 1 10 0.02478 0.3728738067436289 0.06645680000000001 0.1
1540.5 1 10 0.024723500000000002 0.37282552998724555 0.06631385999999999 0.1
1541.0 1 10 0.024667 0.372777044659497 0.06617092 0.1
1541.5 1 10 0.0246105 0.3727283494058125 0.06602798 0.1
1542.0 1 10 0.024554 0.37267944285986615 0.06588504 0.1
1542.5 1 10 0.0244975 0.37263032364344917 0.0657421 0.1
1543.0 1 10 0.024441 0.37258099036634007 0.06559916 0.1
1543.5 1 10 0.0243845 0.3725314416261739 0.06545622000000001 0.1
1544.0 1 10 0.024328000000000002 0.3724816760083095 0.06531328 0.1
1544.5 1 10 0.0242715 0.37243169208569427 0.06517034 0.1
1545.0 1 10 0.024215 0.3723814884187281 0.0650274 0.1
1545.5 1 10 0.0241585 0.37233106355512546 0.06488446000000002 0.1
1546.0 1 10 0.024102 0.372280416029775 0.06474152 0.1
1546.5 1 10 0.0240455 0.3722295443645975 0.06459858 0.1
1547.0 1 10 0.023989 0.37217844706840236 0.06445564000000001 0.1
1547.5 1 10 0.023932500000000002 0.3721271226367421 0.0643127 0.1
1548.0 1 10 0.023876 0.372075569551764 0.06416975999999999 0.1
1548.5 1 10 0.0238195 0.3720237862820611 0.06402682000000001 0.1
1549.0 1 10 0.023763 0.3719717712825207 0.06388388 0.1
1549.5 1 10 0.0237065 0.37191952299416986 0.06374094 0.1
1550.0 1 10 0.02365 0.37186703984402025 0.063598 0.1
1550.5 1 10 0.0235935 0.3718143202449103 0.06345506000000001 0.1
1551.0 1 10 0.023537000000000002 0.37176136259534515 0.06331212 0.1
1551.5 1 10 0.0234805 0.371708165279334 0.06316918 0.1
1552.0 1 10 0.023424 0.37165472666622656 0.06302624000000001 0.1
1552.5 1 10 0.0233675 0.37160104511054604 0.06288329999999999 0.1
1553.0 1 10 0.023311000000000002 0.3715471189518199 0.06274036 0.1
1553.5 1 10 0.0232545 0.37149294651440906 0.06259742 0.1
1554.0 1 10 0.023198 0.37143852610733447 0.06245448000000001 0.1
1554.5 1 10 0.023141500000000002 0.3713838560241009 0.06231153999999999 0.1
1555.0 1 10 0.023085 0.37132893454251825 0.062168600000000004 0.1
1555.5 1 10 0.0230285 0.37127375992452155 0.06202566000000001 0.1
1556.0 1 10 0.022972 0.37121833041598684 0.06188272000000001 0.1
1556.5 1 10 0.022915500000000002 0.37116264424654577 0.06173978 0.1
1557.0 1 10 0.022859 0.3711066996293966 0.06159684 0.1
1557.5 1 10 0.0228025 0.3710504947611136 0.0614539 0.1
1558.0 1 10 0.022746 0.3709940278214531 0.061310960000000005 0.1
1558.5 1 10 0.0226895 0.3709372969731569 0.06116802 0.1
1559.0 1 10 0.022633 0.3708803003617529 0.061025079999999995 0.1
1559.5 1 10 0.0225765 0.37082303611535333 0.06088214000000001 0.1
1560.0 1 10 0.022520000000000002 0.3707655023444497 0.0607392 0.1
1560.5 1 10 0.0224635 0.3707076971417048 0.06059625999999999 0.1
1561.0 1 10 0.022407 0.37064961858174206 0.06045332 0.1
1561.5 1 10 0.0223505 0.3705912647209319 0.06031038000000001 0.1
1562.0 1 10 0.022294 0.3705326335971748 0.06016744 0.1
1562.5 1 10 0.0222375 0.3704737232296812 0.0600245 0.1
1563.0 1 10 0.022181 0.3704145316187487 0.05988156000000001 0.1
1563.5 1 10 0.022124500000000002 0.3703550567455358 0.059738620000000006 0.1
1564.0 1 10 0.022068 0.370295296571832 0.059595680000000005 0.1
1564.5 1 10 0.0220115 0.3702352490398256 0.059452740000000004 0.1
1565.0 1 10 0.021955 0.37017491207186665 0.0593098 0.1
1565.5 1 10 0.0218985 0.37011428357022835 0.05916686 0.1
1566.0 1 10 0.021842 0.37005336141686285 0.05902392 0.1
1566.5 1 10 0.0217855 0.3699921434731555 0.05888097999999999 0.1
1567.0 1 10 0.021729 0.3699306275796741 0.05873803999999999 0.1
1567.5 1 10 0.0216725 0.36986881155591506 0.058595100000000004 0.1
1568.0 1 10 0.021616 0.36980669320004594 0.05845216 0.1
1568.5 1 10 0.0215595 0.3697442702886439 0.05830922 0.1
1569.0 1 10 0.021503 0.3696815405764302 0.05816628 0.1
1569.5 1 10 0.0214465 0.3696185017960014 0.05802334 0.1
1570.0 1 10 0.02139 0.3695551516575559 0.0578804 0.1
1570.5 1 10 0.0213335 0.3694914878486168 0.05773746 0.1
1571.0 1 10 0.021277 0.3694275080337504 0.05759452 0.1
1571.5 1 10 0.0212205 0.3693632098542807 0.05745158000000001 0.1
1572.0 1 10 0.021164 0.36929859092799966 0.05730864 0.1
1572.5 1 10 0.0211075 0.36923364884887266 0.0571657 0.1
1573.0 1 10 0.021051 0.36916838118674017 0.05702276 0.1
1573.5 1 10 0.0209945 0.36910278548701453 0.05687982 0.1
1574.0 1 10 0.020938 0.3690368592703722 0.05673688000000001 0.1
1574.5 1 10 0.0208815 0.36897060003244164 0.05659394 0.1
1575.0 1 10 0.020825 0.3689040052434855 0.056451 0.1
1575.5 1 10 0.0207685 0.36883707234807944 0.05630806 0.1
1576.0 1 10 0.020712 0.368769798764785 0.056165120000000006 0.1
1576.5 1 10 0.0206555 0.3687021818858173 0.056022180000000005 0.1
1577.0 1 10 0.020599 0.36863421907670896 0.055879240000000004 0.1
1577.5 1 10 0.020542499999999998 0.368565907675967 0.0557363 0.1
1578.0 1 10 0.020486 0.36849724499472597 0.05559336 0.1
1578.5 1 10 0.0204295 0.36842822831639505 0.05545042000000001 0.1
1579.0 1 10 0.020373 0.3683588548962997 0.055307480000000006 0.1
1579.5 1 10 0.0203165 0.36828912196131797 0.05516453999999999 0.1
1580.0 1 10 0.02026 0.3682190267095104 0.05502160000000001 0.1
1580.5 1 10 0.0202035 0.36814856630974585 0.05487866 0.1
1581.0 1 10 0.020146999999999998 0.36807773790131926 0.054735719999999995 0.1
1581.5 1 10 0.0200905 0.36800653859356497 0.054592779999999994 0.1
1582.0 1 10 0.020034 0.3679349654654633 0.05444984 0.1
1582.5 1 10 0.0199775 0.36786301556524126 0.05430689999999999 0.1
1583.0 1 10 0.019920999999999998 0.3677906859099666 0.05416396000000001 0.1
1583.5 1 10 0.0198645 0.36771797348513596 0.05402102 0.1
1584.0 1 10 0.019808 0.36764487524425515 0.05387808 0.1
1584.5 1 10 0.019751499999999998 0.36757138810841467 0.05373514 0.1
1585.0 1 10 0.019694999999999997 0.3674975089658569 0.053592200000000006 0.1
1585.5 1 10 0.0196385 0.3674232346715371 0.05344926 0.1
1586.0 1 10 0.019582 0.3673485620466766 0.05330632 0.1
1586.5 1 10 0.0195255 0.3672734878783102 0.05316338000000001 0.1
1587.0 1 10 0.019469 0.3671980089188245 0.05302044 0.1
1587.5 1 10 0.0194125 0.36712212188549004 0.0528775 0.1
1588.0 1 10 0.019355999999999998 0.3670458234599852 0.05273456 0.1
1588.5 1 10 0.019299499999999997 0.36696911028791274 0.05259162 0.1
1589.0 1 10 0.019243 0.3668919789783079 0.052448680000000004 0.1
1589.5 1 10 0.0191865 0.3668144261031389 0.05230574 0.1
1590.0 1 10 0.019129999999999998 0.3667364481967992 0.0521628 0.1
1590.5 1 10 0.0190735 0.366658041755591 0.05201986 0.1
1591.0 1 10 0.019017 0.36657920323720067 0.05187692 0.1
1591.5 1 10 0.018960499999999998 0.3664999290601651 0.05173398 0.1
1592.0 1 10 0.018903999999999997 0.3664202156033295 0.051591040000000005 0.1
1592.5 1 10 0.0188475 0.36634005920529616 0.051448100000000004 0.1
1593.0 1 10 0.018791 0.3662594561638634 0.051305159999999995 0.1
1593.5 1 10 0.018734499999999998 0.36617840273545593 0.051162219999999994 0.1
1594.0 1 10 0.018678 0.36609689513454524 0.05101928 0.1
1594.5 1 10 0.0186215 0.36601492953306 0.05087634 0.1
1595.0 1 10 0.018564999999999998 0.365932502059787 0.0507334 0.1
1595.5 1 10 0.018508499999999997 0.36584960879976175 0.05059046000000001 0.1
1596.0 1 10 0.018452 0.3657662457936485 0.050447519999999996 0.1
1596.5 1 10 0.0183955 0.3656824090371095 0.050304579999999995 0.1
1597.0 1 10 0.018338999999999998 0.36559809448016445 0.05016164 0.1
1597.5 1 10 0.0182825 0.3655132980265381 0.0500187 0.1
1598.0 1 10 0.018226 0.36542801553299636 0.049875760000000005 0.1
1598.5 1 10 0.018169499999999998 0.36534224280867234 0.04973282000000001 0.1
1599.0 1 10 0.018112999999999997 0.3652559756143793 0.04958988000000001 0.1
1599.5 1 10 0.0180565 0.3651692096619123 0.04944694 0.1
1600.0 1 10 0.018 0.36508194061333765 0.049304 0.1
1600.5 1 10 0.017976 0.3649242359957076 0.04925954 0.1
1601.0 1 10 0.017952 0.36476624644316336 0.04921508 0.1
1601.5 1 10 0.017928 0.3646079711827917 0.04917061999999999 0.1
1602.0 1 10 0.017904 0.36444940943888143 0.04912616 0.1
1602.5 1 10 0.01788 0.36429056043291086 0.0490817 0.1
1603.0 1 10 0.017856 0.3641314233835346 0.04903724000000001 0.1
1603.5 1 10 0.017831999999999997 0.36397199750657133 0.04899277999999999 0.1
1604.0 1 10 0.017807999999999997 0.36381228201499044 0.048948320000000003 0.1
1604.5 1 10 0.017783999999999998 0.36365227611889933 0.04890386000000001 0.1
1605.0 1 10 0.017759999999999998 0.3634919790255304 0.0488594 0.1
1605.5 1 10 0.017736 0.3633313899392276 0.04881494 0.1
1606.0 1 10 0.017712 0.36317050806143386 0.04877048 0.1
1606.5 1 10 0.017688 0.3630093325906774 0.048726019999999995 0.1
1607.0 1 10 0.017664 0.3628478627225586 0.04868156 0.1
1607.5 1 10 0.01764 0.36268609764973647 0.04863710000000001 0.1
1608.0 1 10 0.017616 0.36252403656191556 0.04859264 0.1
1608.5 1 10 0.017592 0.3623616786458318 0.04854818000000001 0.1
1609.0 1 10 0.017568 0.36219902308523966 0.04850372 0.1
1609.5 1 10 0.017543999999999997 0.36203606906089764 0.04845926000000001 0.1
1610.0 1 10 0.017519999999999997 0.3618728157505556 0.0484148 0.1
1610.5 1 10 0.017495999999999998 0.3617092623289396 0.04837033999999999 0.1
1611.0 1 10 0.017471999999999998 0.361545407967739 0.04832588 0.1
1611.5 1 10 0.017447999999999998 0.3613812518355922 0.04828142 0.1
1612.0 1 10 0.017424 0.3612167930980725 0.04823696 0.1
1612.5 1 10 0.0174 0.3610520309176739 0.0481925 0.1
1613.0 1 10 0.017376 0.36088696445379703 0.04814804 0.1
1613.5 1 10 0.017352 0.3607215928627349 0.04810358000000001 0.1
1614.0 1 10 0.017328 0.36055591529765835 0.048059120000000004 0.1
1614.5 1 10 0.017304 0.36038993090860166 0.04801466 0.1
1615.0 1 10 0.01728 0.36022363884244807 0.04797019999999999 0.1
1615.5 1 10 0.017256 0.36005703824291496 0.04792574 0.1
1616.0 1 10 0.017231999999999997 0.3598901282505396 0.04788128 0.1
1616.5 1 10 0.017207999999999998 0.359722908002664 0.04783682 0.1
1617.0 1 10 0.017183999999999998 0.35955537663342 0.04779236 0.1
1617.5 1 10 0.017159999999999998 0.3593875332737146 0.0477479 0.1
1618.0 1 10 0.017136 0.3592193770512147 0.04770344000000001 0.1
1618.5 1 10 0.017112 0.35905090709033216 0.047658980000000004 0.1
1619.0 1 10 0.017088 0.3588821225122084 0.04761452 0.1
1619.5 1 10 0.017064 0.3587130224346995 0.04757006 0.1
1620.0 1 10 0.01704 0.3585436059723601 0.0475256 0.1
1620.5 1 10 0.017016 0.358373872236429 0.04748114 0.1
1621.0 1 10 0.016992 0.35820382033481263 0.04743668 0.1
1621.5 1 10 0.016968 0.35803344937206993 0.047392220000000006 0.1
1622.0 1 10 0.016944 0.3578627584493965 0.04734776 0.1
1622.5 1 10 0.016919999999999998 0.35769174666460896 0.047303300000000006 0.1
1623.0 1 10 0.016895999999999998 0.3575204131121288 0.04725884 0.1
1623.5 1 10 0.016871999999999998 0.3573487568829665 0.04721438000000001 0.1
1624.0 1 10 0.016848 0.3571767770647056 0.047169920000000004 0.1
1624.5 1 10 0.016824 0.3570044727414862 0.04712546 0.1
1625.0 1 10 0.0168 0.35683184299398907 0.047081 0.1
1625.5 1 10 0.016776 0.356658886899419 0.04703654 0.1
1626.0 1 10 0.016752 0.3564856035314887 0.04699208 0.1
1626.5 1 10 0.016728 0.3563119919604018 0.04694762 0.1
1627.0 1 10 0.016704 0.3561380512528367 0.04690316 0.1
1627.5 1 10 0.01668 0.35596378047192945 0.046858699999999996 0.1
1628.0 1 10 0.016655999999999997 0.3557891786772571 0.04681424 0.1
1628.5 1 10 0.016631999999999997 0.3556142449248211 0.04676978 0.1
1629.0 1 10 0.016607999999999998 0.35543897826702947 0.04672532 0.1
1629.5 1 10 0.016583999999999998 0.35526337775268063 0.04668086 0.1
1630.0 1 10 0.01656 0.35508744242694545 0.0466364 0.1
1630.5 1 10 0.016536 0.3549111713313504 0.04659194 0.1
1631.0 1 10 0.016512 0.35473456350376 0.04654748000000001 0.1
1631.5 1 10 0.016488 0.3545576179783592 0.046503020000000006 0.1
1632.0 1 10 0.016464 0.35438033378563605 0.04645856 0.1
1632.5 1 10 0.01644 0.35420270995236364 0.0464141 0.1
1633.0 1 10 0.016416 0.35402474550158247 0.046369640000000004 0.1
1633.5 1 10 0.016392 0.3538464394525828 0.046325179999999994 0.1
1634.0 1 10 0.016368 0.3536677908208861 0.046280720000000004 0.1
1634.5 1 10 0.016343999999999997 0.3534887986182273 0.046236259999999994 0.1
1635.0 1 10 0.016319999999999998 0.3533094618525366 0.0461918 0.1
1635.5 1 10 0.016295999999999998 0.35312977952792074 0.04614734 0.1
1636.0 1 10 0.016272 0.3529497506446452 0.04610288 0.1
1636.5 1 10 0.016248 0.3527693741991149 0.046058419999999996 0.1
1637.0 1 10 0.016224 0.35258864918385635 0.04601396 0.1
1637.5 1 10 0.0162 0.35240757458749816 0.04596950000000001 0.1
1638.0 1 10 0.016176 0.35222614939475283 0.04592504 0.1
1638.5 1 10 0.016152 0.35204437258639715 0.04588057999999999 0.1
1639.0 1 10 0.016128 0.35186224313925346 0.04583612 0.1
1639.5 1 10 0.016104 0.35167976002617074 0.04579166 0.1
1640.0 1 10 0.01608 0.3514969222160045 0.0457472 0.1
1640.5 1 10 0.016056 0.35131372867359817 0.04570274 0.1
1641.0 1 10 0.016031999999999998 0.35113017835976296 0.04565828 0.1
1641.5 1 10 0.016007999999999998 0.3509462702312588 0.04561382 0.1
1642.0 1 10 0.015983999999999998 0.350762003240774 0.04556936 0.1
1642.5 1 10 0.01596 0.3505773763369057 0.0455249 0.1
1643.0 1 10 0.015936 0.3503923884641397 0.045480440000000004 0.1
1643.5 1 10 0.015912 0.3502070385628306 0.04543598 0.1
1644.0 1 10 0.015888 0.3500213255691812 0.04539152 0.1
1644.5 1 10 0.015864 0.3498352484152225 0.045347059999999995 0.1
1645.0 1 10 0.01584 0.34964880602879306 0.0453026 0.1
1645.5 1 10 0.015816 0.34946199733351835 0.045258139999999995 0.1
1646.0 1 10 0.015792 0.3492748212487902 0.04521367999999999 0.1
1646.5 1 10 0.015767999999999997 0.3490872766897457 0.04516922000000001 0.1
1647.0 1 10 0.015744 0.3488993625672469 0.04512476000000001 0.1
1647.5 1 10 0.015719999999999998 0.3487110777878585 0.045080300000000004 0.1
1648.0 1 10 0.015695999999999998 0.34852242125382804 0.045035839999999994 0.1
1648.5 1 10 0.015672 0.34833339186306356 0.04499138 0.1
1649.0 1 10 0.015648 0.3481439885091125 0.04494692 0.1
1649.5 1 10 0.015623999999999999 0.3479542100811403 0.04490246 0.1
1650.0 1 10 0.0156 0.3477640554639083 0.044858 0.1
1650.5 1 10 0.015576 0.3475735235377522 0.04481354 0.1
1651.0 1 10 0.015552 0.34738261317855984 0.044769079999999996 0.1
1651.5 1 10 0.015528 0.3471913232577493 0.04472462 0.1
1652.0 1 10 0.015503999999999999 0.3469996526422466 0.04468016 0.1
1652.5 1 10 0.015479999999999999 0.34680760019446316 0.0446357 0.1
1653.0 1 10 0.015456 0.34661516477227367 0.04459124 0.1
1653.5 1 10 0.015432 0.34642234522899296 0.04454678000000001 0.1
1654.0 1 10 0.015408 0.34622914041335373 0.04450232 0.1
1654.5 1 10 0.015384 0.3460355491694832 0.044457859999999995 0.1
1655.0 1 10 0.015359999999999999 0.3458415703368803 0.0444134 0.1
1655.5 1 10 0.015335999999999999 0.34564720275039246 0.04436894 0.1
1656.0 1 10 0.015312 0.3454524452401923 0.04432448 0.1
1656.5 1 10 0.015288 0.345257296631754 0.04428002 0.1
1657.0 1 10 0.015264 0.3450617557458298 0.04423556 0.1
1657.5 1 10 0.01524 0.3448658213984264 0.0441911 0.1
1658.0 1 10 0.015215999999999999 0.34466949240078065 0.04414664 0.1
1658.5 1 10 0.015191999999999999 0.34447276755933603 0.044102180000000005 0.1
1659.0 1 10 0.015168 0.3442756456757181 0.044057719999999995 0.1
1659.5 1 10 0.015144 0.34407812554671025 0.04401326 0.1
1660.0 1 10 0.01512 0.34388020596422914 0.0439688 0.1
1660.5 1 10 0.015096 0.34368188571530045 0.04392434 0.1
1661.0 1 10 0.015071999999999999 0.34348316358203346 0.04387988 0.1
1661.5 1 10 0.015047999999999999 0.3432840383415968 0.04383541999999999 0.1
1662.0 1 10 0.015024 0.3430845087661928 0.043790960000000004 0.1
1662.5 1 10 0.015 0.3428845736230327 0.0437465 0.1
1663.0 1 10 0.014976 0.3426842316743109 0.04370204 0.1
1663.5 1 10 0.014952 0.3424834816771795 0.04365758 0.1
1664.0 1 10 0.014928 0.3422823223837231 0.04361312 0.1
1664.5 1 10 0.014903999999999999 0.3420807525409319 0.04356866 0.1
1665.0 1 10 0.014879999999999999 0.3418787708906769 0.04352419999999999 0.1
1665.5 1 10 0.014856 0.34167637616968266 0.04347974 0.1
1666.0 1 10 0.014832 0.3414735671095018 0.04343528 0.1
1666.5 1 10 0.014808 0.34127034243648774 0.04339082 0.1
1667.0 1 10 0.014784 0.3410667008717687 0.04334636 0.1
1667.5 1 10 0.014759999999999999 0.34086264113122056 0.0433019 0.1
1668.0 1 10 0.014735999999999999 0.34065816192543985 0.04325744 0.1
1668.5 1 10 0.014712 0.34045326195971676 0.04321297999999999 0.1
1669.0 1 10 0.014688 0.3402479399340074 0.04316852 0.1
1669.5 1 10 0.014664 0.34004219454290713 0.04312406 0.1
1670.0 1 10 0.01464 0.33983602447562183 0.04307960000000001 0.1
1670.5 1 10 0.014615999999999999 0.339629428415941 0.04303514 0.1
1671.0 1 10 0.014591999999999999 0.3394224050422091 0.042990679999999996 0.1
1671.5 1 10 0.014568 0.33921495302729787 0.04294622 0.1
1672.0 1 10 0.014544 0.33900707103857747 0.04290176 0.1
1672.5 1 10 0.01452 0.3387987577378883 0.0428573 0.1
1673.0 1 10 0.014496 0.3385900117815123 0.04281284 0.1
1673.5 1 10 0.014471999999999999 0.3383808318201437 0.04276838 0.1
1674.0 1 10 0.014447999999999999 0.33817121649886056 0.04272392 0.1
1674.5 1 10 0.014424 0.3379611644570948 0.042679459999999995 0.1
1675.0 1 10 0.0144 0.3377506743286033 0.042635 0.1
1675.5 1 10 0.014376 0.33753974474143794 0.042590539999999996 0.1
1676.0 1 10 0.014352 0.337328374317916 0.04254608 0.1
1676.5 1 10 0.014328 0.3371165616745903 0.04250162 0.1
1677.0 1 10 0.014303999999999999 0.3369043054222185 0.04245716 0.1
1677.5 1 10 0.01428 0.3366916041657334 0.04241269999999999 0.1
1678.0 1 10 0.014256 0.3364784565042116 0.04236824000000001 0.1
1678.5 1 10 0.014232 0.3362648610308437 0.04232377999999999 0.1
1679.0 1 10 0.014208 0.33605081633290224 0.04227932 0.1
1679.5 1 10 0.014183999999999999 0.33583632099171157 0.04223486 0.1
1680.0 1 10 0.014159999999999999 0.3356213735826159 0.0421904 0.1
1680.5 1 10 0.014136 0.33540597267494804 0.04214594 0.1
1681.0 1 10 0.014112 0.3351901168319974 0.04210147999999999 0.1
1681.5 1 10 0.014088 0.33497380461097814 0.04205702 0.1
1682.0 1 10 0.014064 0.3347570345629974 0.04201256 0.1
1682.5 1 10 0.01404 0.33453980523302224 0.041968099999999994 0.1
1683.0 1 10 0.014015999999999999 0.3343221151598478 0.04192363999999999 0.1
1683.5 1 10 0.013992 0.3341039628760639 0.04187918 0.1
1684.0 1 10 0.013968 0.3338853469080228 0.04183472 0.1
1684.5 1 10 0.013944 0.33366626577580516 0.041790259999999996 0.1
1685.0 1 10 0.01392 0.33344671799318737 0.0417458 0.1
1685.5 1 10 0.013896 0.3332267020676074 0.04170134 0.1
1686.0 1 10 0.013871999999999999 0.3330062165001315 0.04165688 0.1
1686.5 1 10 0.013848 0.33278525978541984 0.04161242 0.1
1687.0 1 10 0.013824 0.3325638304116921 0.04156796 0.1
1687.5 1 10 0.0138 0.33234192686069336 0.0415235 0.1
1688.0 1 10 0.013776 0.33211954760765916 0.04147904000000001 0.1
1688.5 1 10 0.013752 0.33189669112128084 0.04143458 0.1
1689.0 1 10 0.013728 0.33167335586366986 0.04139012000000001 0.1
1689.5 1 10 0.013704 0.3314495402903231 0.04134566 0.1
1690.0 1 10 0.01368 0.3312252428500867 0.041301199999999996 0.1
1690.5 1 10 0.013656 0.3310004619851205 0.04125673999999999 0.1
1691.0 1 10 0.013632 0.3307751961308619 0.041212280000000004 0.1
1691.5 1 10 0.013608 0.3305494437159898 0.04116782 0.1
1692.0 1 10 0.013583999999999999 0.3303232031623875 0.04112336 0.1
1692.5 1 10 0.01356 0.3300964728851064 0.04107890000000001 0.1
1693.0 1 10 0.013536 0.3298692512923291 0.04103444 0.1
1693.5 1 10 0.013512 0.3296415367853314 0.04098998 0.1
1694.0 1 10 0.013488 0.32941332775844584 0.04094552 0.1
1694.5 1 10 0.013464 0.3291846225990231 0.04090106 0.1
1695.0 1 10 0.01344 0.32895541968739445 0.04085660000000001 0.1
1695.5 1 10 0.013416 0.32872571739683343 0.04081214 0.1
1696.0 1 10 0.013392 0.3284955140935172 0.04076768 0.1
1696.5 1 10 0.013368 0.32826480813648823 0.04072322 0.1
1697.0 1 10 0.013344 0.32803359787761477 0.040678759999999994 0.1
1697.5 1 10 0.01332 0.32780188166155194 0.0406343 0.1
1698.0 1 10 0.013295999999999999 0.32756965782570213 0.04058984000000001 0.1
1698.5 1 10 0.013271999999999999 0.32733692470017545 0.04054538 0.1
1699.0 1 10 0.013248 0.3271036806077492 0.040500919999999996 0.1
1699.5 1 10 0.013224 0.3268699238638279 0.04045646000000001 0.1
1700.0 1 10 0.0132 0.326635652776403 0.040412000000000003 0.1
1700.5 1 10 0.013176 0.3264008656460116 0.04036754 0.1
1701.0 1 10 0.013152 0.32616556076569553 0.04032308 0.1
1701.5 1 10 0.013128 0.3259297364209598 0.04027862 0.1
1702.0 1 10 0.013104 0.32569339088973154 0.04023416 0.1
1702.5 1 10 0.01308 0.32545652244231726 0.0401897 0.1
1703.0 1 10 0.013056 0.32521912934136155 0.04014524 0.1
1703.5 1 10 0.013032 0.32498120984180356 0.04010078 0.1
1704.0 1 10 0.013008 0.3247427621908353 0.04005632 0.1
1704.5 1 10 0.012984 0.3245037846278579 0.040011859999999996 0.1
1705.0 1 10 0.01296 0.3242642753844383 0.0399674 0.1
1705.5 1 10 0.012936 0.3240242326842663 0.03992294 0.1
1706.0 1 10 0.012912 0.32378365474310955 0.03987848 0.1
1706.5 1 10 0.012888 0.3235425397687705 0.03983402 0.1
1707.0 1 10 0.012864 0.32330088596104106 0.039789559999999995 0.1
1707.5 1 10 0.01284 0.32305869151165806 0.0397451 0.1
1708.0 1 10 0.012816 0.32281595460425827 0.039700639999999995 0.1
1708.5 1 10 0.012792 0.3225726734143329 0.03965618 0.1
1709.0 1 10 0.012768 0.3223288461091818 0.03961172 0.1
1709.5 1 10 0.012744 0.3220844708478677 0.03956726 0.1
1710.0 1 10 0.01272 0.3218395457811694 0.0395228 0.1
1710.5 1 10 0.012696 0.3215940690515356 0.03947834 0.1
1711.0 1 10 0.012672 0.32134803879303786 0.03943388 0.1
1711.5 1 10 0.012648 0.32110145313132304 0.03938942 0.1
1712.0 1 10 0.012624 0.3208543101835661 0.03934496 0.1
1712.5 1 10 0.0126 0.3206066080584216 0.0393005 0.1
1713.0 1 10 0.012576 0.3203583448559763 0.039256040000000006 0.1
1713.5 1 10 0.012552 0.32010951866769977 0.03921157999999999 0.1
1714.0 1 10 0.012528000000000001 0.31986012757639576 0.03916712 0.1
1714.5 1 10 0.012504 0.3196101696561532 0.039122660000000004 0.1
1715.0 1 10 0.01248 0.3193596429722966 0.039078199999999993 0.1
1715.5 1 10 0.012456 0.31910854558133556 0.03903374 0.1
1716.0 1 10 0.012432 0.3188568755309152 0.03898928 0.1
1716.5 1 10 0.012408 0.3186046308597652 0.03894482 0.1
1717.0 1 10 0.012384000000000001 0.31835180959764897 0.03890036 0.1
1717.5 1 10 0.01236 0.31809840976531234 0.0388559 0.1
1718.0 1 10 0.012336 0.31784442937443186 0.03881144 0.1
1718.5 1 10 0.012312 0.3175898664275628 0.03876698 0.1
1719.0 1 10 0.012288 0.31733471891808696 0.038722519999999996 0.1
1719.5 1 10 0.012264 0.31707898483015956 0.03867806 0.1
1720.0 1 10 0.012240000000000001 0.31682266213865656 0.0386336 0.1
1720.5 1 10 0.012216 0.31656574880912086 0.03858914 0.1
1721.0 1 10 0.012192 0.3163082427977091 0.03854467999999999 0.1
1721.5 1 10 0.012168 0.3160501420511363 0.03850022 0.1
1722.0 1 10 0.012144 0.3157914445066227 0.03845576 0.1
1722.5 1 10 0.01212 0.3155321480918376 0.038411299999999995 0.1
1723.0 1 10 0.012096 0.3152722507248447 0.03836684 0.1
1723.5 1 10 0.012072 0.3150117503140462 0.03832238 0.1
1724.0 1 10 0.012048 0.31475064475812686 0.03827792 0.1
1724.5 1 10 0.012024 0.3144889319459971 0.03823346 0.1
1725.0 1 10 0.012 0.3142266097567362 0.038189 0.1
1725.5 1 10 0.011976 0.3139636760595357 0.03814454 0.1
1726.0 1 10 0.011952 0.3137001287136405 0.03810008 0.1
1726.5 1 10 0.011928000000000001 0.31343596556829195 0.03805561999999999 0.1
1727.0 1 10 0.011904 0.3131711844626683 0.03801116000000001 0.1
1727.5 1 10 0.01188 0.31290578322582685 0.0379667 0.1
1728.0 1 10 0.011856 0.3126397596766436 0.03792224 0.1
1728.5 1 10 0.011832 0.3123731116237541 0.03787778 0.1
1729.0 1 10 0.011808 0.31210583686549315 0.037833320000000004 0.1
1729.5 1 10 0.011784 0.3118379331898342 0.03778886 0.1
1730.0 1 10 0.01176 0.3115693983743284 0.0377444 0.1
1730.5 1 10 0.011736 0.31130023018604275 0.037699939999999994 0.1
1731.0 1 10 0.011712 0.3110304263814988 0.03765548 0.1
1731.5 1 10 0.011688 0.3107599847066099 0.03761102 0.1
1732.0 1 10 0.011664 0.31048890289661873 0.03756656 0.1
1732.5 1 10 0.011640000000000001 0.3102171786760336 0.0375221 0.1
1733.0 1 10 0.011616 0.30994480975856536 0.03747764 0.1
1733.5 1 10 0.011592 0.309671793847063 0.037433179999999996 0.1
1734.0 1 10 0.011568 0.3093981286334488 0.03738872 0.1
1734.5 1 10 0.011544 0.30912381179865395 0.037344260000000004 0.1
1735.0 1 10 0.01152 0.30884884101255233 0.03729980000000001 0.1
1735.5 1 10 0.011496000000000001 0.30857321393389514 0.03725534 0.1
1736.0 1 10 0.011472 0.30829692821024385 0.03721088 0.1
1736.5 1 10 0.011448 0.308019981477904 0.03716642 0.1
1737.0 1 10 0.011424 0.307742371361857 0.037121959999999996 0.1
1737.5 1 10 0.0114 0.3074640954756928 0.0370775 0.1
1738.0 1 10 0.011376 0.3071851514215414 0.03703304 0.1
1738.5 1 10 0.011352000000000001 0.3069055367900039 0.03698857999999999 0.1
1739.0 1 10 0.011328000000000001 0.30662524916008294 0.03694411999999999 0.1
1739.5 1 10 0.011304 0.3063442860991131 0.03689966 0.1
1740.0 1 10 0.01128 0.30606264516269077 0.0368552 0.1
1740.5 1 10 0.011256 0.3057803238946025 0.03681074 0.1
1741.0 1 10 0.011232 0.3054973198267543 0.03676628 0.1
1741.5 1 10 0.011208000000000001 0.30521363047909933 0.03672182000000001 0.1
1742.0 1 10 0.011184 0.30492925335956567 0.03667736 0.1
1742.5 1 10 0.01116 0.30464418596398324 0.036632899999999996 0.1
1743.0 1 10 0.011136 0.30435842577601013 0.03658844 0.1
1743.5 1 10 0.011112 0.30407197026705907 0.03654398 0.1
1744.0 1 10 0.011088 0.3037848168962222 0.03649952 0.1
1744.5 1 10 0.011064000000000001 0.3034969631101965 0.036455060000000004 0.1
1745.0 1 10 0.011040000000000001 0.3032084063432078 0.0364106 0.1
1745.5 1 10 0.011016000000000001 0.3029191440169345 0.03636614 0.1
1746.0 1 10 0.010992 0.302629173540431 0.03632167999999999 0.1
1746.5 1 10 0.010968 0.3023384923100502 0.03627722 0.1
1747.0 1 10 0.010944 0.3020470977093658 0.03623276 0.1
1747.5 1 10 0.010920000000000001 0.3017549871090933 0.03618829999999999 0.1
1748.0 1 10 0.010896 0.30146215786701136 0.036143839999999997 0.1
1748.5 1 10 0.010872 0.3011686073278821 0.03609938 0.1
1749.0 1 10 0.010848 0.3008743328233706 0.03605491999999999 0.1
1749.5 1 10 0.010824 0.3005793316719642 0.03601046 0.1
1750.0 1 10 0.0108 0.3002836011788912 0.035966 0.1
1750.5 1 10 0.010776 0.29998713863603843 0.03592154 0.1
1751.0 1 10 0.010752000000000001 0.29968994132186905 0.03587708 0.1
1751.5 1 10 0.010728000000000001 0.2993920065013388 0.035832619999999996 0.1
1752.0 1 10 0.010704 0.29909333142581235 0.03578816 0.1
1752.5 1 10 0.01068 0.29879391333297894 0.0357437 0.1
1753.0 1 10 0.010656 0.29849374944676693 0.03569924 0.1
1753.5 1 10 0.010632 0.29819283697725807 0.03565478 0.1
1754.0 1 10 0.010608000000000001 0.29789117312060104 0.035610319999999994 0.1
1754.5 1 10 0.010584000000000001 0.29758875505892457 0.03556585999999999 0.1
1755.0 1 10 0.01056 0.2972855799602493 0.0355214 0.1
1755.5 1 10 0.010536 0.2969816449784001 0.03547694 0.1
1756.0 1 10 0.010512 0.296676947252916 0.03543248 0.1
1756.5 1 10 0.010488 0.2963714839089613 0.035388020000000006 0.1
1757.0 1 10 0.010464000000000001 0.29606525205723483 0.035343559999999996 0.1
1757.5 1 10 0.010440000000000001 0.29575824879387863 0.0352991 0.1
1758.0 1 10 0.010416 0.2954504712003867 0.03525464 0.1
1758.5 1 10 0.010392 0.295141916343512 0.03521018 0.1
1759.0 1 10 0.010368 0.2948325812751737 0.03516572 0.1
1759.5 1 10 0.010344 0.29452246303236274 0.03512126 0.1
1760.0 1 10 0.010320000000000001 0.2942115586370479 0.0350768 0.1
1760.5 1 10 0.010296000000000001 0.29389986509607985 0.035032339999999995 0.1
1761.0 1 10 0.010272 0.29358737940109547 0.03498788 0.1
1761.5 1 10 0.010248 0.29327409852842107 0.03494342 0.1
1762.0 1 10 0.010224 0.2929600194389747 0.03489896 0.1
1762.5 1 10 0.0102 0.29264513907816786 0.0348545 0.1
1763.0 1 10 0.010176000000000001 0.29232945437580654 0.03481004 0.1
1763.5 1 10 0.010152000000000001 0.29201296224599166 0.03476558 0.1
1764.0 1 10 0.010128000000000002 0.291695659587018 0.03472112 0.1
1764.5 1 10 0.010104 0.29137754328127335 0.03467666 0.1
1765.0 1 10 0.01008 0.2910586101951363 0.0346322 0.1
1765.5 1 10 0.010056 0.2907388571788732 0.034587740000000006 0.1
1766.0 1 10 0.010032000000000001 0.29041828106653456 0.034543279999999996 0.1
1766.5 1 10 0.010008000000000001 0.2900968786758504 0.03449882 0.1
1767.0 1 10 0.009984000000000002 0.2897746468081253 0.03445436 0.1
1767.5 1 10 0.00996 0.28945158224813206 0.03440990000000001 0.1
1768.0 1 10 0.009936 0.28912768176400483 0.03436544 0.1
1768.5 1 10 0.009912 0.288802942107131 0.03432098 0.1
1769.0 1 10 0.009888000000000001 0.28847736001204327 0.03427652 0.1
1769.5 1 10 0.009864000000000001 0.2881509321963096 0.034232059999999995 0.1
1770.0 1 10 0.009840000000000002 0.28782365536042315 0.0341876 0.1
1770.5 1 10 0.009816 0.287495526187691 0.03414314 0.1
1771.0 1 10 0.009792 0.28716654134412245 0.03409868 0.1
1771.5 1 10 0.009768 0.2868366974783155 0.034054219999999996 0.1
1772.0 1 10 0.009744000000000001 0.28650599122134357 0.03400976 0.1
1772.5 1 10 0.009720000000000001 0.28617441918664055 0.0339653 0.1
1773.0 1 10 0.009696000000000001 0.2858419779698852 0.03392084 0.1
1773.5 1 10 0.009672 0.28550866414888487 0.03387638 0.1
1774.0 1 10 0.009648 0.28517447428345777 0.033831919999999994 0.1
1774.5 1 10 0.009624 0.2848394049153148 0.03378745999999999 0.1
1775.0 1 10 0.009600000000000001 0.2845034525679401 0.033742999999999995 0.1
1775.5 1 10 0.009576000000000001 0.28416661374647095 0.03369854 0.1
1776.0 1 10 0.009552000000000001 0.2838288849375767 0.03365408 0.1
1776.5 1 10 0.009528000000000002 0.2834902626093363 0.03360962 0.1
1777.0 1 10 0.009504 0.2831507432111154 0.03356516 0.1
1777.5 1 10 0.00948 0.28281032317344207 0.0335207 0.1
1778.0 1 10 0.009456 0.2824689989078822 0.03347624 0.1
1778.5 1 10 0.009432000000000001 0.28212676680691257 0.03343177999999999 0.1
1779.0 1 10 0.009408000000000001 0.2817836232437944 0.03338732 0.1
1779.5 1 10 0.009384 0.2814395645724452 0.03334286 0.1
1780.0 1 10 0.00936 0.28109458712730945 0.0332984 0.1
1780.5 1 10 0.009336 0.2807486872232283 0.033253939999999996 0.1
1781.0 1 10 0.009312 0.2804018611553087 0.03320948 0.1
1781.5 1 10 0.009288000000000001 0.28005410519879076 0.03316502 0.1
1782.0 1 10 0.009264000000000001 0.2797054156089149 0.03312056 0.1
1782.5 1 10 0.009240000000000002 0.2793557886207867 0.0330761 0.1
1783.0 1 10 0.009216 0.279005220449242 0.03303164000000001 0.1
1783.5 1 10 0.009192 0.27865370728871036 0.03298718 0.1
1784.0 1 10 0.009168 0.2783012453130768 0.032942719999999995 0.1
1784.5 1 10 0.009144000000000001 0.27794783067554335 0.03289826 0.1
1785.0 1 10 0.009120000000000001 0.2775934595084891 0.0328538 0.1
1785.5 1 10 0.009096000000000002 0.2772381279233292 0.03280934 0.1
1786.0 1 10 0.009072 0.27688183201037214 0.032764879999999996 0.1
1786.5 1 10 0.009048 0.2765245678386769 0.03272042 0.1
1787.0 1 10 0.009024 0.27616633145590824 0.032675960000000004 0.1
1787.5 1 10 0.009000000000000001 0.2758071188881909 0.032631499999999994 0.1
1788.0 1 10 0.008976000000000001 0.27544692613996247 0.03258704 0.1
1788.5 1 10 0.008952000000000002 0.2750857491938255 0.03254258 0.1
1789.0 1 10 0.008928000000000002 0.2747235840103982 0.03249812 0.1
1789.5 1 10 0.008904 0.2743604265281636 0.032453659999999995 0.1
1790.0 1 10 0.00888 0.27399627266331783 0.0324092 0.1
1790.5 1 10 0.008856000000000001 0.2736311183096172 0.032364739999999996 0.1
1791.0 1 10 0.008832000000000001 0.2732649593382236 0.03232028 0.1
1791.5 1 10 0.008808000000000002 0.27289779159754896 0.03227582 0.1
1792.0 1 10 0.008784 0.2725296109130983 0.03223136 0.1
1792.5 1 10 0.00876 0.272160413087312 0.0321869 0.1
1793.0 1 10 0.008736 0.27179019389940534 0.032142439999999994 0.1
1793.5 1 10 0.008712000000000001 0.27141894910520853 0.03209798 0.1
1794.0 1 10 0.008688000000000001 0.27104667443700414 0.03205352 0.1
1794.5 1 10 0.008664000000000002 0.2706733656033636 0.03200906 0.1
1795.0 1 10 0.008640000000000002 0.2702990182889823 0.031964599999999996 0.1
1795.5 1 10 0.008616000000000002 0.26992362815451315 0.03192014 0.1
1796.0 1 10 0.008592 0.2695471908363994 0.03187568 0.1
1796.5 1 10 0.008568000000000001 0.2691697019467052 0.03183121999999999 0.1
1797.0 1 10 0.008544000000000001 0.2687911570729449 0.031786760000000004 0.1
1797.5 1 10 0.008520000000000002 0.26841155177791154 0.0317423 0.1
1798.0 1 10 0.008496 0.26803088159950333 0.03169784 0.1
1798.5 1 10 0.008472 0.26764914205054885 0.031653379999999995 0.1
1799.0 1 10 0.008448 0.2672663286186305 0.03160892 0.1
1799.5 1 10 0.008424000000000001 0.266882436765907 0.03156446 0.1
1800.0 1 10 0.008400000000000001 0.26649746192893403 0.03152 0.1
