mass result channel_or_id theo_cross_section ratio observed_limit width_to_mass_ratio
600.0 0 12 10.4 18.741440207597492 0.55492 0.3
600.5 0 12 10.37975 18.723318515760663 0.5543755499999999 0.3
601.0 0 12 10.3595 18.7051611944508 0.5538311 0.3
601.5 0 12 10.33925 18.686968138486623 0.55328665 0.3
602.0 0 12 10.319 18.66873924227244 0.5527422 0.3
602.5 0 12 10.29875 18.65047439979609 0.55219775 0.3
603.0 0 12 10.278500000000001 18.632173504626913 0.5516533 0.3
603.5 0 12 10.25825 18.613836449913663 0.5511088499999999 0.3
604.0 0 12 10.238 18.595463128382438 0.5505644 0.3
604.5 0 12 10.21775 18.577053432334594 0.5500199499999999 0.3
605.0 0 12 10.1975 18.558607253644613 0.5494754999999999 0.3
605.5 0 12 10.17725 18.540124483758028 0.5489310499999999 0.3
606.0 0 12 10.157 18.52160501368925 0.5483866 0.3
606.5 0 12 10.136750000000001 18.503048734019465 0.5478421499999999 0.3
607.0 0 12 10.1165 18.484455534894447 0.5472977 0.3
607.5 0 12 10.09625 18.465825306022417 0.54675325 0.3
608.0 0 12 10.076 18.44715793667184 0.5462087999999999 0.3
608.5 0 12 10.05575 18.428453315669238 0.54566435 0.3
609.0 0 12 10.0355 18.409711331397002 0.5451199 0.3
609.5 0 12 10.01525 18.390931871791135 0.54457545 0.3
610.0 0 12 9.995000000000001 18.372114824339057 0.544031 0.3
610.5 0 12 9.97475 18.35326007607732 0.54348655 0.3
611.0 0 12 9.9545 18.334367513589385 0.5429421 0.3
611.5 0 12 9.93425 18.31543702300333 0.5423976499999998 0.3
612.0 0 12 9.914 18.296468489989543 0.5418531999999998 0.3
612.5 0 12 9.89375 18.277461799758456 0.54130875 0.3
613.0 0 12 9.8735 18.258416837058217 0.5407643 0.3
613.5 0 12 9.853250000000001 18.239333486172345 0.54021985 0.3
614.0 0 12 9.833 18.220211630917404 0.5396753999999998 0.3
614.5 0 12 9.81275 18.20105115464063 0.5391309499999999 0.3
615.0 0 12 9.7925 18.18185194021759 0.5385865 0.3
615.5 0 12 9.77225 18.16261387004975 0.5380420499999999 0.3
616.0 0 12 9.752 18.143336826062107 0.5374976 0.3
616.5 0 12 9.73175 18.124020689700767 0.5369531500000001 0.3
617.0 0 12 9.711500000000001 18.104665341930513 0.5364087 0.3
617.5 0 12 9.69125 18.085270663232343 0.5358642499999999 0.3
618.0 0 12 9.671 18.065836533601036 0.5353197999999999 0.3
618.5 0 12 9.65075 18.046362832542677 0.53477535 0.3
619.0 0 12 9.6305 18.026849439072134 0.5342309 0.3
619.5 0 12 9.61025 18.00729623171059 0.5336864499999999 0.3
620.0 0 12 9.59 17.98770308848299 0.5331420000000001 0.3
620.5 0 12 9.56975 17.968069886915554 0.53259755 0.3
621.0 0 12 9.5495 17.948396504033152 0.5320531 0.3
621.5 0 12 9.529250000000001 17.928682816356805 0.5315086499999999 0.3
622.0 0 12 9.509 17.90892869990105 0.5309642 0.3
622.5 0 12 9.48875 17.889134030171387 0.53041975 0.3
623.0 0 12 9.4685 17.869298682161638 0.5298752999999999 0.3
623.5 0 12 9.44825 17.84942253035129 0.52933085 0.3
624.0 0 12 9.428 17.829505448702918 0.5287864 0.3
624.5 0 12 9.40775 17.809547310659443 0.5282419500000001 0.3
625.0 0 12 9.3875 17.789547989141507 0.5276974999999999 0.3
625.5 0 12 9.36725 17.769507356544747 0.52715305 0.3
626.0 0 12 9.347 17.74942528473709 0.5266086 0.3
626.5 0 12 9.32675 17.72930164505603 0.5260641499999998 0.3
627.0 0 12 9.3065 17.709136308305855 0.5255197 0.3
627.5 0 12 9.28625 17.68892914475492 0.52497525 0.3
628.0 0 12 9.266 17.668680024132833 0.5244308 0.3
628.5 0 12 9.245750000000001 17.64838881562767 0.52388635 0.3
629.0 0 12 9.2255 17.628055387883144 0.5233418999999999 0.3
629.5 0 12 9.20525 17.607679608995795 0.5227974500000001 0.3
630.0 0 12 9.185 17.587261346512133 0.522253 0.3
630.5 0 12 9.16475 17.566800467425733 0.5217085499999999 0.3
631.0 0 12 9.1445 17.54629683817439 0.5211641 0.3
631.5 0 12 9.12425 17.52575032463719 0.52061965 0.3
632.0 0 12 9.104 17.505160792131598 0.5200752 0.3
632.5 0 12 9.08375 17.48452810541051 0.5195307499999999 0.3
633.0 0 12 9.0635 17.463852128659273 0.5189863 0.3
633.5 0 12 9.04325 17.443132725492745 0.51844185 0.3
634.0 0 12 9.023 17.422369758952257 0.5178974 0.3
634.5 0 12 9.00275 17.401563091502624 0.5173529499999999 0.3
635.0 0 12 8.9825 17.380712585029077 0.5168085 0.3
635.5 0 12 8.962250000000001 17.359818100834257 0.51626405 0.3
636.0 0 12 8.942 17.338879499635077 0.5157196 0.3
636.5 0 12 8.92175 17.31789664155967 0.51517515 0.3
637.0 0 12 8.9015 17.29686938614428 0.5146307 0.3
637.5 0 12 8.88125 17.275797592330083 0.51408625 0.3
638.0 0 12 8.861 17.254681118460077 0.5135417999999999 0.3
638.5 0 12 8.84075 17.233519822275884 0.51299735 0.3
639.0 0 12 8.8205 17.212313560914573 0.5124529 0.3
639.5 0 12 8.80025 17.191062190905427 0.51190845 0.3
640.0 0 12 8.78 17.169765568166707 0.5113639999999999 0.3
640.5 0 12 8.75975 17.14842354800242 0.51081955 0.3
641.0 0 12 8.7395 17.127035985099017 0.5102751 0.3
641.5 0 12 8.71925 17.105602733522108 0.50973065 0.3
642.0 0 12 8.699 17.084123646713127 0.5091862 0.3
642.5 0 12 8.67875 17.06259857748602 0.50864175 0.3
643.0 0 12 8.6585 17.041027378023855 0.5080973 0.3
643.5 0 12 8.63825 17.019409899875452 0.5075528499999999 0.3
644.0 0 12 8.618 16.997745993951973 0.5070084 0.3
644.5 0 12 8.59775 16.976035510523502 0.50646395 0.3
645.0 0 12 8.5775 16.954278299215588 0.5059195000000001 0.3
645.5 0 12 8.55725 16.93247420900577 0.5053750499999999 0.3
646.0 0 12 8.536999999999999 16.910623088220085 0.5048306 0.3
646.5 0 12 8.51675 16.88872478452958 0.5042861499999999 0.3
647.0 0 12 8.4965 16.866779144946705 0.5037417000000001 0.3
647.5 0 12 8.47625 16.844786015821832 0.5031972499999999 0.3
648.0 0 12 8.456 16.822745242839588 0.5026528 0.3
648.5 0 12 8.43575 16.800656671015332 0.50210835 0.3
649.0 0 12 8.4155 16.778520144691434 0.5015639 0.3
649.5 0 12 8.39525 16.75633550753369 0.50101945 0.3
650.0 0 12 8.375 16.7341026025276 0.500475 0.3
650.5 0 12 8.35475 16.711821271974678 0.4999305499999999 0.3
651.0 0 12 8.3345 16.689491357488727 0.49938609999999994 0.3
651.5 0 12 8.31425 16.66711269999207 0.49884164999999997 0.3
652.0 0 12 8.294 16.644685139711804 0.4982972 0.3
652.5 0 12 8.27375 16.622208516175952 0.49775274999999997 0.3
653.0 0 12 8.2535 16.599682668209685 0.4972083 0.3
653.5 0 12 8.23325 16.57710743393142 0.49666385 0.3
654.0 0 12 8.213 16.55448265074899 0.4961194 0.3
654.5 0 12 8.19275 16.531808155355716 0.4955749499999999 0.3
655.0 0 12 8.1725 16.509083783726457 0.4950305 0.3
655.5 0 12 8.15225 16.48630937111371 0.4944860499999999 0.3
656.0 0 12 8.132 16.463484752043563 0.4939415999999999 0.3
656.5 0 12 8.11175 16.44060976031175 0.49339714999999995 0.3
657.0 0 12 8.0915 16.41768422897957 0.49285270000000003 0.3
657.5 0 12 8.07125 16.394707990369852 0.49230825000000006 0.3
658.0 0 12 8.051 16.371680876062857 0.49176380000000003 0.3
658.5 0 12 8.03075 16.34860271689216 0.49121934999999994 0.3
659.0 0 12 8.0105 16.325473342940512 0.49067489999999997 0.3
659.5 0 12 7.99025 16.302292583535667 0.49013045000000005 0.3
660.0 0 12 7.97 16.279060267246205 0.48958599999999997 0.3
660.5 0 12 7.94975 16.255776221877262 0.48904155 0.3
661.0 0 12 7.9295 16.232440274466317 0.4884971 0.3
661.5 0 12 7.90925 16.20905225127889 0.48795265 0.3
662.0 0 12 7.889 16.185611977804232 0.4874082 0.3
662.5 0 12 7.86875 16.162119278750986 0.48686375000000004 0.3
663.0 0 12 7.8485 16.13857397804282 0.48631929999999995 0.3
663.5 0 12 7.82825 16.11497589881403 0.4857748499999999 0.3
664.0 0 12 7.808 16.0913248634051 0.4852303999999999 0.3
664.5 0 12 7.78775 16.067620693358247 0.48468595 0.3
665.0 0 12 7.7675 16.04386320941295 0.4841415 0.3
665.5 0 12 7.74725 16.020052231501413 0.48359705 0.3
666.0 0 12 7.727 15.996187578744014 0.4830526 0.3
666.5 0 12 7.7067499999999995 15.972269069444733 0.48250814999999997 0.3
667.0 0 12 7.6865 15.948296521086545 0.48196370000000005 0.3
667.5 0 12 7.66625 15.924269750326769 0.48141925 0.3
668.0 0 12 7.646 15.900188572992388 0.4808748 0.3
668.5 0 12 7.62575 15.876052804075362 0.48033035 0.3
669.0 0 12 7.6055 15.851862257727875 0.47978589999999993 0.3
669.5 0 12 7.58525 15.827616747257569 0.4792414499999999 0.3
670.0 0 12 7.5649999999999995 15.80331608512274 0.47869699999999993 0.3
670.5 0 12 7.54475 15.778960082927508 0.47815255 0.3
671.0 0 12 7.5245 15.754548551416946 0.4776081 0.3
671.5 0 12 7.50425 15.730081300472172 0.4770636499999999 0.3
672.0 0 12 7.484 15.705558139105413 0.4765192 0.3
672.5 0 12 7.46375 15.680978875455054 0.47597474999999995 0.3
673.0 0 12 7.4435 15.65634331678061 0.4754302999999999 0.3
673.5 0 12 7.4232499999999995 15.631651269457702 0.47488584999999994 0.3
674.0 0 12 7.403 15.606902538972985 0.4743413999999999 0.3
674.5 0 12 7.38275 15.582096929919029 0.47379695 0.3
675.0 0 12 7.3625 15.557234245989193 0.47325249999999996 0.3
675.5 0 12 7.34225 15.532314289972426 0.47270805000000005 0.3
676.0 0 12 7.322 15.507336863748074 0.47216359999999996 0.3
676.5 0 12 7.30175 15.482301768280614 0.47161915000000004 0.3
677.0 0 12 7.281499999999999 15.457208803614375 0.47107469999999996 0.3
677.5 0 12 7.2612499999999995 15.432057768868207 0.47053025000000004 0.3
678.0 0 12 7.241 15.406848462230135 0.46998579999999995 0.3
678.5 0 12 7.22075 15.381580680951945 0.46944135 0.3
679.0 0 12 7.2005 15.356254221343756 0.4688969 0.3
679.5 0 12 7.18025 15.330868878768543 0.46835245 0.3
680.0 0 12 7.16 15.305424447636637 0.467808 0.3
680.5 0 12 7.139749999999999 15.27992072140016 0.46726354999999997 0.3
681.0 0 12 7.1194999999999995 15.254357492547443 0.46671910000000005 0.3
681.5 0 12 7.09925 15.228734552597402 0.4661746499999999 0.3
682.0 0 12 7.079 15.203051692093855 0.4656302 0.3
682.5 0 12 7.05875 15.177308700599836 0.46508575 0.3
683.0 0 12 7.0385 15.151505366691831 0.46454130000000005 0.3
683.5 0 12 7.01825 15.125641477954 0.46399684999999996 0.3
684.0 0 12 6.997999999999999 15.099716820972336 0.46345240000000004 0.3
684.5 0 12 6.9777499999999995 15.073731181328816 0.4629079499999999 0.3
685.0 0 12 6.9575 15.04768434359546 0.46236350000000004 0.3
685.5 0 12 6.93725 15.02157609132841 0.46181905 0.3
686.0 0 12 6.917 14.995406207061912 0.4612745999999999 0.3
686.5 0 12 6.89675 14.969174472302281 0.46073014999999995 0.3
687.0 0 12 6.8765 14.94288066752183 0.4601857 0.3
687.5 0 12 6.856249999999999 14.916524572152737 0.45964125 0.3
688.0 0 12 6.835999999999999 14.89010596458089 0.4590967999999999 0.3
688.5 0 12 6.8157499999999995 14.863624622139652 0.45855235 0.3
689.0 0 12 6.7955 14.837080321103631 0.45800789999999997 0.3
689.5 0 12 6.77525 14.810472836682361 0.45746345000000005 0.3
690.0 0 12 6.755 14.783801943013971 0.4569189999999999 0.3
690.5 0 12 6.73475 14.757067413158776 0.45637455 0.3
691.0 0 12 6.714499999999999 14.730269019092857 0.45583009999999996 0.3
691.5 0 12 6.694249999999999 14.70340653170158 0.45528565 0.3
692.0 0 12 6.6739999999999995 14.676479720773047 0.45474119999999996 0.3
692.5 0 12 6.65375 14.649488354991531 0.45419675 0.3
693.0 0 12 6.6335 14.622432201930861 0.45365230000000006 0.3
693.5 0 12 6.61325 14.595311028047737 0.45310785 0.3
694.0 0 12 6.593 14.568124598675016 0.4525633999999999 0.3
694.5 0 12 6.572749999999999 14.540872678014937 0.45201895 0.3
695.0 0 12 6.552499999999999 14.51355502913232 0.4514745 0.3
695.5 0 12 6.5322499999999994 14.486171413947684 0.45093004999999997 0.3
696.0 0 12 6.512 14.458721593230333 0.4503856 0.3
696.5 0 12 6.49175 14.431205326591398 0.44984114999999997 0.3
697.0 0 12 6.4715 14.403622372476807 0.4492967 0.3
697.5 0 12 6.45125 14.375972488160228 0.44875224999999996 0.3
698.0 0 12 6.430999999999999 14.348255429735937 0.4482078 0.3
698.5 0 12 6.410749999999999 14.320470952111668 0.44766335000000007 0.3
699.0 0 12 6.390499999999999 14.292618809001363 0.4471189 0.3
699.5 0 12 6.3702499999999995 14.264698752917907 0.44657444999999996 0.3
700.0 0 12 6.35 14.236710535165797 0.4460299999999999 0.3
700.5 0 12 6.32975 14.208653905833758 0.44548555 0.3
701.0 0 12 6.3095 14.180528613787308 0.4449411 0.3
701.5 0 12 6.28925 14.152334406661256 0.44439665000000006 0.3
702.0 0 12 6.268999999999999 14.12407103085216 0.4438522 0.3
702.5 0 12 6.248749999999999 14.095738231510726 0.44330775000000006 0.3
703.0 0 12 6.2284999999999995 14.067335752534142 0.44276329999999997 0.3
703.5 0 12 6.20825 14.038863336558357 0.44221885 0.3
704.0 0 12 6.188 14.010320724950326 0.44167439999999997 0.3
704.5 0 12 6.16775 13.981707657800156 0.44112995000000005 0.3
705.0 0 12 6.1475 13.953023873913237 0.44058549999999996 0.3
705.5 0 12 6.127249999999999 13.924269110802275 0.44004105 0.3
706.0 0 12 6.106999999999999 13.895443104679305 0.4394966 0.3
706.5 0 12 6.086749999999999 13.866545590447615 0.43895214999999993 0.3
707.0 0 12 6.0665 13.837576301693607 0.43840769999999996 0.3
707.5 0 12 6.04625 13.80853497067863 0.43786325000000004 0.3
708.0 0 12 6.026 13.779421328330727 0.4373188 0.3
708.5 0 12 6.00575 13.75023510423632 0.43677435 0.3
709.0 0 12 5.9855 13.72097602663183 0.4362299 0.3
709.5 0 12 5.965249999999999 13.691643822395262 0.43568545 0.3
710.0 0 12 5.944999999999999 13.662238217037695 0.435141 0.3
710.5 0 12 5.9247499999999995 13.632758934694719 0.4345965499999999 0.3
711.0 0 12 5.9045 13.603205698117806 0.43405209999999994 0.3
711.5 0 12 5.88425 13.57357822866563 0.43350765 0.3
712.0 0 12 5.864 13.543876246295298 0.4329632 0.3
712.5 0 12 5.84375 13.51409946955353 0.4324187499999999 0.3
713.0 0 12 5.823499999999999 13.484247615567769 0.4318743 0.3
713.5 0 12 5.803249999999999 13.454320400037231 0.43132985000000007 0.3
714.0 0 12 5.7829999999999995 13.42431753722387 0.4307854 0.3
714.5 0 12 5.76275 13.394238739943281 0.43024094999999996 0.3
715.0 0 12 5.7425 13.364083719555547 0.4296964999999999 0.3
715.5 0 12 5.72225 13.333852185956003 0.42915205 0.3
716.0 0 12 5.702 13.303543847565933 0.4286075999999999 0.3
716.5 0 12 5.681749999999999 13.27315841132319 0.42806314999999995 0.3
717.0 0 12 5.661499999999999 13.242695582672757 0.4275187 0.3
717.5 0 12 5.641249999999999 13.21215506555723 0.42697425 0.3
718.0 0 12 5.6209999999999996 13.181536562407224 0.4264297999999999 0.3
718.5 0 12 5.60075 13.150839774131699 0.42588535 0.3
719.0 0 12 5.5805 13.120064400108241 0.4253409 0.3
719.5 0 12 5.56025 13.089210138173236 0.42479644999999994 0.3
720.0 0 12 5.539999999999999 13.058276684611975 0.42425199999999996 0.3
720.5 0 12 5.519749999999999 13.027263734148706 0.42370754999999993 0.3
721.0 0 12 5.499499999999999 12.996170979936576 0.4231631 0.3
721.5 0 12 5.4792499999999995 12.96499811354752 0.42261865000000004 0.3
722.0 0 12 5.459 12.933744824962057 0.42207419999999995 0.3
722.5 0 12 5.43875 12.902410802559013 0.42152975 0.3
723.0 0 12 5.4185 12.87099573310517 0.42098529999999995 0.3
723.5 0 12 5.398249999999999 12.839499301744821 0.42044085000000003 0.3
724.0 0 12 5.377999999999999 12.807921191989262 0.41989639999999995 0.3
724.5 0 12 5.357749999999999 12.77626108570617 0.41935195 0.3
725.0 0 12 5.3374999999999995 12.744518663108945 0.41880749999999994 0.3
725.5 0 12 5.31725 12.712693602745928 0.4182630499999999 0.3
726.0 0 12 5.297 12.680785581489548 0.4177186 0.3
726.5 0 12 5.27675 12.648794274525399 0.41717415 0.3
727.0 0 12 5.256499999999999 12.616719355341203 0.41662970000000005 0.3
727.5 0 12 5.236249999999999 12.58456049571572 0.41608524999999996 0.3
728.0 0 12 5.215999999999999 12.55231736570753 0.41554079999999993 0.3
728.5 0 12 5.195749999999999 12.519989633643764 0.41499635 0.3
729.0 0 12 5.1754999999999995 12.487576966108733 0.41445189999999993 0.3
729.5 0 12 5.15525 12.455079027932452 0.41390744999999995 0.3
730.0 0 12 5.135 12.422495482179102 0.413363 0.3
730.5 0 12 5.114749999999999 12.389825990135373 0.41281855000000006 0.3
731.0 0 12 5.094499999999999 12.357070211298744 0.4122741 0.3
731.5 0 12 5.074249999999999 12.32422780336563 0.41172964999999995 0.3
732.0 0 12 5.053999999999999 12.291298422219475 0.41118520000000003 0.3
732.5 0 12 5.0337499999999995 12.258281721918731 0.41064075000000005 0.3
733.0 0 12 5.0135 12.22517735468474 0.41009629999999997 0.3
733.5 0 12 4.99325 12.191984970889521 0.40955185 0.3
734.0 0 12 4.972999999999999 12.158704219043466 0.4090074000000001 0.3
734.5 0 12 4.952749999999999 12.125334745782938 0.40846295 0.3
735.0 0 12 4.932499999999999 12.09187619585775 0.40791849999999996 0.3
735.5 0 12 4.912249999999999 12.058328212118566 0.40737405 0.3
736.0 0 12 4.8919999999999995 12.0246904355042 0.4068296 0.3
736.5 0 12 4.87175 11.990962505028795 0.40628515 0.3
737.0 0 12 4.8515 11.957144057768916 0.4057406999999999 0.3
737.5 0 12 4.831249999999999 11.923234728850524 0.40519625000000004 0.3
738.0 0 12 4.810999999999999 11.889234151435874 0.40465180000000006 0.3
738.5 0 12 4.790749999999999 11.855141956710264 0.40410735 0.3
739.0 0 12 4.770499999999999 11.820957773868706 0.4035629 0.3
739.5 0 12 4.750249999999999 11.78668123010249 0.4030184500000001 0.3
740.0 0 12 4.7299999999999995 11.752311950585627 0.402474 0.3
740.5 0 12 4.70975 11.717849558461179 0.4019295499999999 0.3
741.0 0 12 4.689499999999999 11.683293674827489 0.4013851 0.3
741.5 0 12 4.669249999999999 11.648643918724307 0.4008406500000001 0.3
742.0 0 12 4.648999999999999 11.613899907118777 0.4002962 0.3
742.5 0 12 4.628749999999999 11.579061254891316 0.39975174999999996 0.3
743.0 0 12 4.608499999999999 11.5441275748214 0.39920730000000004 0.3
743.5 0 12 4.5882499999999995 11.509098477573216 0.39866285 0.3
744.0 0 12 4.568 11.473973571681189 0.3981184 0.3
744.5 0 12 4.547749999999999 11.4387524635354 0.39757394999999995 0.3
745.0 0 12 4.527499999999999 11.403434757366893 0.3970295 0.3
745.5 0 12 4.507249999999999 11.368020055232849 0.39648505000000006 0.3
746.0 0 12 4.486999999999999 11.33250795700163 0.3959406 0.3
746.5 0 12 4.466749999999999 11.296898060337712 0.39539615000000006 0.3
747.0 0 12 4.4464999999999995 11.261189960686504 0.3948517 0.3
747.5 0 12 4.42625 11.22538325125901 0.39430725 0.3
748.0 0 12 4.405999999999999 11.189477523016393 0.3937627999999999 0.3
748.5 0 12 4.385749999999999 11.153472364654395 0.39321834999999994 0.3
749.0 0 12 4.365499999999999 11.11736736258763 0.3926739 0.3
749.5 0 12 4.345249999999999 11.081162100933758 0.39212945 0.3
750.0 0 12 4.324999999999999 11.044856161497503 0.391585 0.3
750.5 0 12 4.304749999999999 11.008449123754556 0.39104055 0.3
751.0 0 12 4.2844999999999995 10.971940564835345 0.3904961 0.3
751.5 0 12 4.26425 10.93533005950866 0.38995165 0.3
752.0 0 12 4.243999999999999 10.898617180165132 0.3894071999999999 0.3
752.5 0 12 4.223749999999999 10.861801496800604 0.38886275000000003 0.3
753.0 0 12 4.203499999999999 10.82488257699933 0.3883183 0.3
753.5 0 12 4.183249999999999 10.787859985917049 0.38777385 0.3
754.0 0 12 4.162999999999999 10.750733286263904 0.38722939999999995 0.3
754.5 0 12 4.1427499999999995 10.71350203828724 0.38668495 0.3
755.0 0 12 4.1225 10.676165799754234 0.3861405 0.3
755.5 0 12 4.10225 10.638724125934381 0.38559605 0.3
756.0 0 12 4.081999999999999 10.60117656958184 0.3850516 0.3
756.5 0 12 4.061749999999999 10.563522680917634 0.38450715 0.3
757.0 0 12 4.041499999999999 10.525762007611675 0.38396269999999993 0.3
757.5 0 12 4.021249999999999 10.487894094764659 0.38341825 0.3
758.0 0 12 4.0009999999999994 10.449918484889798 0.3828738 0.3
758.5 0 12 3.9807499999999996 10.4118347178944 0.38232935 0.3
759.0 0 12 3.9604999999999992 10.373642331061285 0.3817849 0.3
759.5 0 12 3.9402499999999994 10.335340859030042 0.38124044999999995 0.3
760.0 0 12 3.9199999999999995 10.296929833778131 0.380696 0.3
760.5 0 12 3.8997499999999996 10.258408784601825 0.38015155 0.3
761.0 0 12 3.8794999999999993 10.219777238096968 0.3796070999999999 0.3
761.5 0 12 3.8592499999999994 10.181034718139598 0.37906265 0.3
762.0 0 12 3.8389999999999995 10.14218074586638 0.37851819999999997 0.3
762.5 0 12 3.8187499999999996 10.10321483965487 0.37797375 0.3
763.0 0 12 3.7984999999999993 10.064136515103623 0.3774292999999999 0.3
763.5 0 12 3.7782499999999994 10.024945285012118 0.37688485000000005 0.3
764.0 0 12 3.7579999999999996 9.985640659360513 0.3763404 0.3
764.5 0 12 3.7377499999999992 9.946222145289218 0.37579595 0.3
765.0 0 12 3.7174999999999994 9.906689247078292 0.37525149999999996 0.3
765.5 0 12 3.6972499999999995 9.86704146612667 0.37470705 0.3
766.0 0 12 3.6769999999999996 9.827278300931198 0.3741626 0.3
766.5 0 12 3.6567499999999997 9.787399247065487 0.37361815 0.3
767.0 0 12 3.6364999999999994 9.747403797158578 0.3730736999999999 0.3
767.5 0 12 3.6162499999999995 9.707291440873433 0.37252925000000003 0.3
768.0 0 12 3.5959999999999996 9.667061664885232 0.3719848 0.3
768.5 0 12 3.5757499999999993 9.626713952859456 0.37144035 0.3
769.0 0 12 3.5554999999999994 9.58624778542982 0.3708959 0.3
769.5 0 12 3.5352499999999996 9.545662640175971 0.37035145 0.3
770.0 0 12 3.5149999999999997 9.504957991601023 0.369807 0.3
770.5 0 12 3.49475 9.464133311108858 0.36926254999999997 0.3
771.0 0 12 3.4744999999999995 9.42318806698125 0.36871810000000005 0.3
771.5 0 12 3.4542499999999996 9.382121724354796 0.3681736500000001 0.3
772.0 0 12 3.4339999999999997 9.340933745197606 0.3676292 0.3
772.5 0 12 3.4137499999999994 9.299623588285812 0.3670847499999999 0.3
773.0 0 12 3.3934999999999995 9.258190709179862 0.3665403 0.3
773.5 0 12 3.3732499999999996 9.216634560200614 0.36599585 0.3
774.0 0 12 3.3529999999999998 9.17495459040518 0.3654514 0.3
774.5 0 12 3.3327499999999994 9.1331502455626 0.36490695 0.3
775.0 0 12 3.3124999999999996 9.091220968129266 0.3643625 0.3
775.5 0 12 3.2922499999999997 9.049166197224134 0.36381805 0.3
776.0 0 12 3.2719999999999994 9.006985368603718 0.3632736 0.3
776.5 0 12 3.2517499999999995 8.964677914636857 0.36272914999999994 0.3
777.0 0 12 3.2314999999999996 8.922243264279246 0.3621847000000001 0.3
777.5 0 12 3.2112499999999997 8.879680843047751 0.36164025 0.3
778.0 0 12 3.191 8.83699007299448 0.36109579999999997 0.3
778.5 0 12 3.17075 8.794170372680618 0.36055135 0.3
779.0 0 12 3.1504999999999996 8.751221157150042 0.3600069 0.3
779.5 0 12 3.1302499999999998 8.708141837902678 0.35946245000000004 0.3
780.0 0 12 3.1099999999999994 8.664931822867619 0.3589179999999999 0.3
780.5 0 12 3.0897499999999996 8.621590516376 0.35837355 0.3
781.0 0 12 3.0694999999999997 8.57811731913363 0.3578291 0.3
781.5 0 12 3.04925 8.534511628193375 0.35728465 0.3
782.0 0 12 3.029 8.490772836927265 0.3567402 0.3
782.5 0 12 3.0087499999999996 8.44690033499838 0.35619575000000003 0.3
783.0 0 12 2.9884999999999997 8.402893508332458 0.3556513 0.3
783.5 0 12 2.9682499999999994 8.358751739089234 0.35510685 0.3
784.0 0 12 2.9479999999999995 8.314474405633534 0.3545624 0.3
784.5 0 12 2.9277499999999996 8.270060882506097 0.35401795 0.3
785.0 0 12 2.9074999999999998 8.225510540394117 0.3534735 0.3
785.5 0 12 2.88725 8.18082274610152 0.35292904999999997 0.3
786.0 0 12 2.867 8.135996862518963 0.3523846 0.3
786.5 0 12 2.8467499999999997 8.09103224859357 0.35184015 0.3
787.0 0 12 2.8265 8.045928259298362 0.3512957 0.3
787.5 0 12 2.8062499999999995 8.000684245601406 0.35075124999999996 0.3
788.0 0 12 2.7859999999999996 7.955299554434693 0.3502068 0.3
788.5 0 12 2.7657499999999997 7.909773528662722 0.34966234999999996 0.3
789.0 0 12 2.7455 7.86410550705077 0.3491179 0.3
789.5 0 12 2.72525 7.818294824232884 0.34857345 0.3
790.0 0 12 2.705 7.7723408106795695 0.34802900000000003 0.3
790.5 0 12 2.6847499999999997 7.726242792665169 0.34748455000000006 0.3
791.0 0 12 2.6645 7.680000092234942 0.3469401 0.3
791.5 0 12 2.6442499999999995 7.633612027171818 0.34639564999999994 0.3
792.0 0 12 2.6239999999999997 7.587077910962863 0.3458512000000001 0.3
792.5 0 12 2.60375 7.540397052765403 0.34530675 0.3
793.0 0 12 2.5835 7.493568757372834 0.3447623 0.3
793.5 0 12 2.56325 7.446592325180115 0.34421785 0.3
794.0 0 12 2.543 7.39946705214893 0.34367339999999996 0.3
794.5 0 12 2.52275 7.352192229772509 0.34312895 0.3
795.0 0 12 2.5025 7.304767145040129 0.34258449999999996 0.3
795.5 0 12 2.4822499999999996 7.257191080401256 0.34204005000000004 0.3
796.0 0 12 2.4619999999999997 7.209463313729371 0.3414956 0.3
796.5 0 12 2.44175 7.16158311828542 0.34095115 0.3
797.0 0 12 2.4215 7.113549762680934 0.34040669999999995 0.3
797.5 0 12 2.40125 7.065362510840789 0.33986225000000003 0.3
798.0 0 12 2.381 7.017020621965602 0.3393178 0.3
798.5 0 12 2.36075 6.968523350493775 0.33877335 0.3
799.0 0 12 2.3404999999999996 6.919869946063153 0.3382289 0.3
799.5 0 12 2.3202499999999997 6.871059653472345 0.33768445 0.3
800.0 0 12 2.3 6.822091712641632 0.33714 0.3
800.5 0 12 2.2960499999999997 6.813651577744415 0.3369779 0.3
801.0 0 12 2.2921 6.805203318846681 0.3368158 0.3
801.5 0 12 2.28815 6.7967469242132195 0.3366537 0.3
802.0 0 12 2.2842 6.788282382086209 0.3364916 0.3
802.5 0 12 2.2802499999999997 6.77980968068516 0.33632950000000006 0.3
803.0 0 12 2.2763 6.771328808206864 0.3361674 0.3
803.5 0 12 2.27235 6.762839752825327 0.3360053 0.3
804.0 0 12 2.2683999999999997 6.754342502691731 0.33584320000000006 0.3
804.5 0 12 2.2644499999999996 6.745837045934369 0.3356811 0.3
805.0 0 12 2.2605 6.737323370658591 0.335519 0.3
805.5 0 12 2.25655 6.728801464946747 0.3353569 0.3
806.0 0 12 2.2525999999999997 6.7202713168581365 0.3351948 0.3
806.5 0 12 2.2486499999999996 6.711732914428948 0.3350327 0.3
807.0 0 12 2.2447 6.703186245672208 0.3348706 0.3
807.5 0 12 2.24075 6.6946312985777165 0.3347085 0.3
808.0 0 12 2.2367999999999997 6.686068061112 0.3345464 0.3
808.5 0 12 2.23285 6.677496521218251 0.33438429999999997 0.3
809.0 0 12 2.2289 6.668916666816268 0.33422219999999997 0.3
809.5 0 12 2.2249499999999998 6.660328485802405 0.3340600999999999 0.3
810.0 0 12 2.2209999999999996 6.651731966049511 0.333898 0.3
810.5 0 12 2.21705 6.643127095406878 0.3337359 0.3
811.0 0 12 2.2131 6.634513861700169 0.33357380000000003 0.3
811.5 0 12 2.2091499999999997 6.625892252731383 0.3334116999999999 0.3
812.0 0 12 2.2051999999999996 6.617262256278776 0.3332496 0.3
812.5 0 12 2.20125 6.608623860096822 0.3330874999999999 0.3
813.0 0 12 2.1973 6.5999770519161345 0.3329254 0.3
813.5 0 12 2.1933499999999997 6.591321819443429 0.33276330000000004 0.3
814.0 0 12 2.1894 6.582658150361454 0.3326012 0.3
814.5 0 12 2.18545 6.5739860323289285 0.3324391 0.3
815.0 0 12 2.1814999999999998 6.565305452980494 0.332277 0.3
815.5 0 12 2.1775499999999997 6.556616399926651 0.3321149 0.3
816.0 0 12 2.1736 6.547918860753698 0.3319528 0.3
816.5 0 12 2.16965 6.539212823023671 0.3317907 0.3
817.0 0 12 2.1656999999999997 6.530498274274293 0.3316286 0.3
817.5 0 12 2.1617499999999996 6.5217752020189055 0.3314665 0.3
818.0 0 12 2.1578 6.513043593746415 0.3313044 0.3
818.5 0 12 2.15385 6.5043034369212265 0.3311423 0.3
819.0 0 12 2.1498999999999997 6.495554718983189 0.3309802 0.3
819.5 0 12 2.14595 6.486797427347536 0.3308181 0.3
820.0 0 12 2.142 6.478031549404819 0.330656 0.3
820.5 0 12 2.13805 6.469257072520854 0.33049389999999995 0.3
821.0 0 12 2.1340999999999997 6.460473984036655 0.33033180000000006 0.3
821.5 0 12 2.13015 6.451682271268381 0.3301697 0.3
822.0 0 12 2.1262 6.4428819215072615 0.3300076 0.3
822.5 0 12 2.1222499999999997 6.434072922019551 0.3298455 0.3
823.0 0 12 2.1182999999999996 6.425255260046455 0.3296834 0.3
823.5 0 12 2.11435 6.416428922804079 0.3295213 0.3
824.0 0 12 2.1104 6.407593897483355 0.3293592000000001 0.3
824.5 0 12 2.1064499999999997 6.398750171249988 0.3291971 0.3
825.0 0 12 2.1025 6.389897731244397 0.329035 0.3
825.5 0 12 2.09855 6.3810365645816365 0.32887289999999997 0.3
826.0 0 12 2.0946 6.372166658351353 0.32871079999999997 0.3
826.5 0 12 2.0906499999999997 6.363287999617712 0.32854869999999997 0.3
827.0 0 12 2.0867 6.354400575419339 0.3283865999999999 0.3
827.5 0 12 2.08275 6.345504372769248 0.3282245 0.3
828.0 0 12 2.0787999999999998 6.3365993786547925 0.3280624 0.3
828.5 0 12 2.0748499999999996 6.32768558003759 0.3279003 0.3
829.0 0 12 2.0709 6.318762963853466 0.3277382 0.3
829.5 0 12 2.06695 6.309831517012383 0.3275760999999999 0.3
830.0 0 12 2.0629999999999997 6.300891226398382 0.327414 0.3
830.5 0 12 2.0590499999999996 6.291942078869519 0.3272519 0.3
831.0 0 12 2.0551 6.282984061257795 0.3270898 0.3
831.5 0 12 2.05115 6.274017160369096 0.3269277 0.3
832.0 0 12 2.0471999999999997 6.265041362983128 0.3267656 0.3
832.5 0 12 2.0432499999999996 6.25605665585335 0.32660349999999994 0.3
833.0 0 12 2.0393 6.247063025706911 0.3264414 0.3
833.5 0 12 2.0353499999999998 6.238060459244579 0.32627929999999994 0.3
834.0 0 12 2.0313999999999997 6.229048943140686 0.32611719999999994 0.3
834.5 0 12 2.02745 6.220028464043054 0.3259551 0.3
835.0 0 12 2.0235 6.210999008572927 0.32579300000000005 0.3
835.5 0 12 2.0195499999999997 6.201960563324917 0.3256309 0.3
836.0 0 12 2.0155999999999996 6.192913114866923 0.3254688 0.3
836.5 0 12 2.01165 6.1838566497400755 0.3253067 0.3
837.0 0 12 2.0077 6.174791154458662 0.3251446 0.3
837.5 0 12 2.0037499999999997 6.165716615510065 0.3249825 0.3
838.0 0 12 1.9997999999999998 6.156633019354695 0.3248204 0.3
838.5 0 12 1.99585 6.147540352425919 0.3246583 0.3
839.0 0 12 1.9918999999999998 6.138438601129997 0.3244962 0.3
839.5 0 12 1.9879499999999997 6.129327751846012 0.3243341 0.3
840.0 0 12 1.9839999999999998 6.120207790925804 0.324172 0.3
840.5 0 12 1.9800499999999999 6.111078704693899 0.3240099000000001 0.3
841.0 0 12 1.9760999999999997 6.1019404794474426 0.3238478000000001 0.3
841.5 0 12 1.9721499999999998 6.092793101456134 0.3236857 0.3
842.0 0 12 1.9681999999999997 6.0836365569621496 0.3235236 0.3
842.5 0 12 1.9642499999999998 6.074470832180084 0.32336149999999997 0.3
843.0 0 12 1.9602999999999997 6.065295913296868 0.32319939999999997 0.3
843.5 0 12 1.9563499999999998 6.056111786471717 0.32303729999999997 0.3
844.0 0 12 1.9524 6.046918437836044 0.3228752 0.3
844.5 0 12 1.9484499999999998 6.037715853493397 0.3227131 0.3
845.0 0 12 1.9444999999999997 6.028504019519393 0.322551 0.3
845.5 0 12 1.9405499999999998 6.019282921961643 0.3223889 0.3
846.0 0 12 1.9365999999999999 6.010052546839679 0.3222268 0.3
846.5 0 12 1.9326499999999998 6.00081288014489 0.3220647 0.3
847.0 0 12 1.9286999999999999 5.991563907840446 0.3219026 0.3
847.5 0 12 1.9247499999999997 5.982305615861229 0.32174050000000004 0.3
848.0 0 12 1.9207999999999998 5.973037990113764 0.32157839999999993 0.3
848.5 0 12 1.9168499999999997 5.963761016476139 0.3214163 0.3
849.0 0 12 1.9128999999999998 5.954474680797947 0.3212542 0.3
849.5 0 12 1.9089499999999997 5.9451789689001995 0.3210921 0.3
850.0 0 12 1.9049999999999998 5.935873866575265 0.32093 0.3
850.5 0 12 1.90105 5.926559359586792 0.3207679 0.3
851.0 0 12 1.8970999999999998 5.917235433669633 0.3206058 0.3
851.5 0 12 1.8931499999999999 5.907902074529784 0.32044370000000005 0.3
852.0 0 12 1.8891999999999998 5.898559267844297 0.3202816 0.3
852.5 0 12 1.8852499999999999 5.889206999261213 0.3201195 0.3
853.0 0 12 1.8812999999999998 5.879845254399491 0.31995739999999995 0.3
853.5 0 12 1.8773499999999999 5.870474018848932 0.3197953 0.3
854.0 0 12 1.8733999999999997 5.8610932781701015 0.3196332 0.3
854.5 0 12 1.8694499999999998 5.851703017894263 0.3194711 0.3
855.0 0 12 1.8654999999999997 5.842303223523294 0.319309 0.3
855.5 0 12 1.8615499999999998 5.832893880529624 0.3191469 0.3
856.0 0 12 1.8575999999999997 5.823474974356143 0.3189848 0.3
856.5 0 12 1.8536499999999998 5.814046490416146 0.3188227 0.3
857.0 0 12 1.8497 5.804608414093239 0.31866059999999996 0.3
857.5 0 12 1.8457499999999998 5.795160730741274 0.3184985 0.3
858.0 0 12 1.8417999999999999 5.785703425684275 0.3183364 0.3
858.5 0 12 1.8378499999999998 5.776236484216355 0.3181743 0.3
859.0 0 12 1.8338999999999999 5.766759891601643 0.31801219999999997 0.3
859.5 0 12 1.8299499999999997 5.757273633074207 0.31785009999999997 0.3
860.0 0 12 1.8259999999999998 5.747777693837979 0.31768799999999997 0.3
860.5 0 12 1.8220499999999997 5.738272059066677 0.31752589999999997 0.3
861.0 0 12 1.8180999999999998 5.728756713903728 0.3173638 0.3
861.5 0 12 1.8141499999999997 5.719231643462188 0.3172017 0.3
862.0 0 12 1.8101999999999998 5.709696832824669 0.3170396 0.3
862.5 0 12 1.80625 5.700152267043258 0.3168775 0.3
863.0 0 12 1.8022999999999998 5.690597931139439 0.3167154 0.3
863.5 0 12 1.79835 5.681033810104017 0.3165533 0.3
864.0 0 12 1.7943999999999998 5.671459888897036 0.3163912 0.3
864.5 0 12 1.7904499999999999 5.661876152447703 0.3162291 0.3
865.0 0 12 1.7864999999999998 5.652282585654307 0.316067 0.3
865.5 0 12 1.7825499999999999 5.642679173384142 0.3159049 0.3
866.0 0 12 1.7785999999999997 5.633065900473422 0.3157428 0.3
866.5 0 12 1.7746499999999998 5.623442751727213 0.31558069999999994 0.3
867.0 0 12 1.7706999999999997 5.613809711919334 0.3154186 0.3
867.5 0 12 1.7667499999999998 5.604166765792299 0.3152565 0.3
868.0 0 12 1.7627999999999997 5.594513898057216 0.3150944 0.3
868.5 0 12 1.7588499999999998 5.5848510933937225 0.3149323 0.3
869.0 0 12 1.7548999999999997 5.575178336449891 0.31477020000000006 0.3
869.5 0 12 1.7509499999999998 5.565495611842161 0.3146081 0.3
870.0 0 12 1.7469999999999999 5.555802904155244 0.314446 0.3
870.5 0 12 1.7430499999999998 5.546100197942051 0.3142839 0.3
871.0 0 12 1.7390999999999999 5.536387477723609 0.3141218 0.3
871.5 0 12 1.7351499999999997 5.526664727988973 0.3139597 0.3
872.0 0 12 1.7311999999999999 5.5169319331951545 0.3137976 0.3
872.5 0 12 1.7272499999999997 5.507189077767024 0.31363550000000007 0.3
873.0 0 12 1.7232999999999998 5.497436146097244 0.31347339999999996 0.3
873.5 0 12 1.7193499999999997 5.48767312254617 0.3133113 0.3
874.0 0 12 1.7153999999999998 5.477899991441778 0.3131492 0.3
874.5 0 12 1.7114499999999997 5.468116737079578 0.3129871 0.3
875.0 0 12 1.7074999999999998 5.458323343722528 0.31282499999999996 0.3
875.5 0 12 1.70355 5.44851979560095 0.31266289999999997 0.3
876.0 0 12 1.6995999999999998 5.438706076912442 0.3125008000000001 0.3
876.5 0 12 1.6956499999999999 5.428882171821808 0.3123386999999999 0.3
877.0 0 12 1.6916999999999998 5.419048064460949 0.3121766 0.3
877.5 0 12 1.6877499999999999 5.4092037389288 0.3120145 0.3
878.0 0 12 1.6837999999999997 5.399349179291228 0.3118524 0.3
878.5 0 12 1.6798499999999998 5.389484369580959 0.3116903 0.3
879.0 0 12 1.6758999999999997 5.379609293797479 0.3115282 0.3
879.5 0 12 1.6719499999999998 5.3697239359069595 0.3113661 0.3
880.0 0 12 1.6679999999999997 5.35982827984216 0.31120400000000004 0.3
880.5 0 12 1.6640499999999998 5.349922309502353 0.3110419 0.3
881.0 0 12 1.6600999999999997 5.340006008753222 0.3108798 0.3
881.5 0 12 1.6561499999999998 5.330079361426787 0.3107177 0.3
882.0 0 12 1.6521999999999997 5.320142351321309 0.3105556 0.3
882.5 0 12 1.6482499999999998 5.310194962201205 0.3103935 0.3
883.0 0 12 1.6442999999999999 5.30023717779696 0.3102314 0.3
883.5 0 12 1.6403499999999998 5.290268981805035 0.31006929999999994 0.3
884.0 0 12 1.6363999999999999 5.280290357887781 0.30990719999999994 0.3
884.5 0 12 1.6324499999999997 5.2703012896733465 0.3097451 0.3
885.0 0 12 1.6284999999999998 5.260301760755596 0.309583 0.3
885.5 0 12 1.6245499999999997 5.250291754694009 0.3094209 0.3
886.0 0 12 1.6205999999999998 5.2402712550135995 0.3092588 0.3
886.5 0 12 1.6166499999999997 5.230240245204817 0.3090967 0.3
887.0 0 12 1.6126999999999998 5.220198708723464 0.3089346 0.3
887.5 0 12 1.6087499999999997 5.210146628990599 0.3087725 0.3
888.0 0 12 1.6047999999999998 5.20008398939245 0.3086104 0.3
888.5 0 12 1.6008499999999999 5.190010773280319 0.3084483 0.3
889.0 0 12 1.5968999999999998 5.179926963970491 0.30828620000000007 0.3
889.5 0 12 1.5929499999999996 5.169832544744145 0.3081241 0.3
890.0 0 12 1.5889999999999997 5.15972749884726 0.307962 0.3
890.5 0 12 1.5850499999999998 5.149611809490516 0.3077999 0.3
891.0 0 12 1.5810999999999997 5.139485459849211 0.3076378000000001 0.3
891.5 0 12 1.5771499999999998 5.129348433063165 0.30747569999999996 0.3
892.0 0 12 1.5731999999999997 5.11920071223662 0.30731359999999996 0.3
892.5 0 12 1.5692499999999998 5.109042280438154 0.3071515 0.3
893.0 0 12 1.5652999999999997 5.098873120700584 0.30698939999999997 0.3
893.5 0 12 1.5613499999999998 5.088693216020869 0.30682729999999997 0.3
894.0 0 12 1.5574 5.078502549360019 0.3066651999999999 0.3
894.5 0 12 1.5534499999999998 5.068301103642997 0.3065031 0.3
895.0 0 12 1.5494999999999997 5.058088861758628 0.306341 0.3
895.5 0 12 1.5455499999999998 5.047865806559498 0.3061789 0.3
896.0 0 12 1.5415999999999999 5.037631920861861 0.30601680000000003 0.3
896.5 0 12 1.5376499999999997 5.027387187445542 0.3058547 0.3
897.0 0 12 1.5336999999999998 5.01713158905384 0.3056926 0.3
897.5 0 12 1.5297499999999997 5.006865108393433 0.3055305 0.3
898.0 0 12 1.5257999999999998 4.99658772813428 0.30536839999999993 0.3
898.5 0 12 1.5218499999999997 4.9862994309095185 0.3052063 0.3
899.0 0 12 1.5178999999999998 4.9760001993153775 0.3050442 0.3
899.5 0 12 1.5139499999999997 4.9656900159110675 0.3048821 0.3
900.0 0 12 1.5099999999999998 4.955368863218692 0.30472 0.3
900.5 0 12 1.5060499999999999 4.945036723723141 0.3045579 0.3
901.0 0 12 1.5020999999999998 4.934693579871995 0.3043958 0.3
901.5 0 12 1.4981499999999999 4.924339414075429 0.30423370000000005 0.3
902.0 0 12 1.4941999999999998 4.913974208706106 0.3040716 0.3
902.5 0 12 1.4902499999999999 4.903597946099085 0.3039095 0.3
903.0 0 12 1.4862999999999997 4.89321060855171 0.3037474 0.3
903.5 0 12 1.4823499999999998 4.882812178323522 0.3035853 0.3
904.0 0 12 1.4783999999999997 4.872402637636146 0.3034232 0.3
904.5 0 12 1.4744499999999998 4.861981968673199 0.3032611 0.3
905.0 0 12 1.4705 4.851550153580183 0.303099 0.3
905.5 0 12 1.4665499999999998 4.841107174464384 0.3029369 0.3
906.0 0 12 1.4626 4.830653013394773 0.30277480000000007 0.3
906.5 0 12 1.4586499999999998 4.820187652401898 0.3026127 0.3
907.0 0 12 1.4546999999999999 4.809711073477784 0.3024506 0.3
907.5 0 12 1.4507499999999998 4.79922325857583 0.3022885 0.3
908.0 0 12 1.4467999999999999 4.788724189610705 0.3021264 0.3
908.5 0 12 1.4428499999999997 4.778213848458245 0.3019642999999999 0.3
909.0 0 12 1.4388999999999998 4.767692216955343 0.3018022 0.3
909.5 0 12 1.4349499999999997 4.757159276899855 0.30164009999999997 0.3
910.0 0 12 1.4309999999999998 4.746615010050483 0.301478 0.3
910.5 0 12 1.42705 4.736059398126684 0.30131589999999997 0.3
911.0 0 12 1.4230999999999998 4.725492422808545 0.30115379999999997 0.3
911.5 0 12 1.41915 4.714914065736696 0.3009917 0.3
912.0 0 12 1.4151999999999998 4.704324308512194 0.3008296 0.3
912.5 0 12 1.41125 4.693723132696417 0.3006675 0.3
913.0 0 12 1.4072999999999998 4.683110519810958 0.3005054 0.3
913.5 0 12 1.4033499999999999 4.6724864513375195 0.3003433 0.3
914.0 0 12 1.3993999999999998 4.661850908717801 0.3001812 0.3
914.5 0 12 1.3954499999999999 4.6512038733533965 0.3000191 0.3
915.0 0 12 1.3914999999999997 4.6405453266056815 0.299857 0.3
915.5 0 12 1.3875499999999998 4.629875249795709 0.2996949 0.3
916.0 0 12 1.3836 4.619193624204094 0.2995328 0.3
916.5 0 12 1.3796499999999998 4.608500431070909 0.2993707 0.3
917.0 0 12 1.3757 4.597795651595575 0.2992086 0.3
917.5 0 12 1.3717499999999998 4.587079266936747 0.2990465 0.3
918.0 0 12 1.3678 4.576351258212205 0.29888439999999994 0.3
918.5 0 12 1.3638499999999998 4.565611606498744 0.2987223 0.3
919.0 0 12 1.3598999999999999 4.554860292832065 0.2985602 0.3
919.5 0 12 1.35595 4.544097298206657 0.2983981 0.3
920.0 0 12 1.3519999999999999 4.533322603575691 0.29823600000000006 0.3
920.5 0 12 1.34805 4.522536189850906 0.2980739 0.3
921.0 0 12 1.3440999999999999 4.511738037902493 0.2979118 0.3
921.5 0 12 1.34015 4.5009281285589875 0.2977497 0.3
922.0 0 12 1.3361999999999998 4.490106442607151 0.2975876 0.3
922.5 0 12 1.33225 4.479272960791862 0.2974255 0.3
923.0 0 12 1.3282999999999998 4.468427663815995 0.2972634 0.3
923.5 0 12 1.32435 4.457570532340315 0.29710130000000007 0.3
924.0 0 12 1.3203999999999998 4.446701546983355 0.2969392 0.3
924.5 0 12 1.31645 4.435820688321302 0.2967771 0.3
925.0 0 12 1.3125 4.424927936887886 0.29661499999999996 0.3
925.5 0 12 1.3085499999999999 4.414023273174254 0.2964529 0.3
926.0 0 12 1.3046 4.4031066776288705 0.29629079999999997 0.3
926.5 0 12 1.3006499999999999 4.392178130657379 0.2961287 0.3
927.0 0 12 1.2967 4.381237612622506 0.29596659999999997 0.3
927.5 0 12 1.2927499999999998 4.370285103843924 0.29580449999999997 0.3
928.0 0 12 1.2888 4.35932058459815 0.29564239999999997 0.3
928.5 0 12 1.2848499999999998 4.348344035118416 0.2954803 0.3
929.0 0 12 1.2809 4.337355435594556 0.2953182 0.3
929.5 0 12 1.2769499999999998 4.326354766172883 0.2951561 0.3
930.0 0 12 1.273 4.315342006956073 0.294994 0.3
930.5 0 12 1.26905 4.304317138003046 0.2948319 0.3
931.0 0 12 1.2651 4.293280139328835 0.2946698 0.3
931.5 0 12 1.26115 4.282230990904482 0.29450770000000004 0.3
932.0 0 12 1.2571999999999999 4.271169672656904 0.2943456 0.3
932.5 0 12 1.25325 4.260096164468775 0.2941835 0.3
933.0 0 12 1.2492999999999999 4.249010446178407 0.2940214 0.3
933.5 0 12 1.24535 4.237912497579624 0.2938593 0.3
934.0 0 12 1.2414 4.2268022984216405 0.29369719999999994 0.3
934.5 0 12 1.23745 4.215679828408937 0.29353509999999994 0.3
935.0 0 12 1.2334999999999998 4.204545067201139 0.293373 0.3
935.5 0 12 1.22955 4.193397994412895 0.2932109 0.3
936.0 0 12 1.2256 4.1822385896137435 0.2930488 0.3
936.5 0 12 1.22165 4.171066832327996 0.2928867 0.3
937.0 0 12 1.2177 4.159882702034609 0.2927246 0.3
937.5 0 12 1.2137499999999999 4.148686178167058 0.2925625 0.3
938.0 0 12 1.2098 4.137477240113214 0.29240040000000006 0.3
938.5 0 12 1.2058499999999999 4.126255867215214 0.2922383 0.3
939.0 0 12 1.2019 4.115022038769335 0.2920762 0.3
939.5 0 12 1.19795 4.103775734025866 0.2919141 0.3
940.0 0 12 1.194 4.092516932188982 0.291752 0.3
940.5 0 12 1.1900499999999998 4.081245612416616 0.2915899 0.3
941.0 0 12 1.1861 4.069961753820328 0.2914278 0.3
941.5 0 12 1.18215 4.058665335465178 0.29126570000000007 0.3
942.0 0 12 1.1782 4.047356336369594 0.2911036 0.3
942.5 0 12 1.17425 4.036034735505249 0.29094149999999996 0.3
943.0 0 12 1.1703 4.024700511796915 0.2907794 0.3
943.5 0 12 1.16635 4.013353644122357 0.29061729999999997 0.3
944.0 0 12 1.1623999999999999 4.001994111312174 0.2904552 0.3
944.5 0 12 1.15845 3.990621892149693 0.29029309999999997 0.3
945.0 0 12 1.1545 3.979236965370816 0.290131 0.3
945.5 0 12 1.15055 3.9678393096638986 0.2899688999999999 0.3
946.0 0 12 1.1466 3.9564289036696176 0.28980680000000003 0.3
946.5 0 12 1.14265 3.945005725980831 0.28964470000000003 0.3
947.0 0 12 1.1387 3.933569755142451 0.2894826 0.3
947.5 0 12 1.13475 3.9221209696513037 0.2893205 0.3
948.0 0 12 1.1308 3.9106593479559995 0.2891584 0.3
948.5 0 12 1.1268500000000001 3.899184868456794 0.2889963 0.3
949.0 0 12 1.1229 3.8876975095054536 0.2888342 0.3
949.5 0 12 1.11895 3.876197249405121 0.28867209999999993 0.3
950.0 0 12 1.115 3.8646840664101765 0.28851000000000004 0.3
950.5 0 12 1.11105 3.8531579387261017 0.2883479 0.3
951.0 0 12 1.1071 3.8416188445093407 0.2881858 0.3
951.5 0 12 1.10315 3.830066761867166 0.2880237 0.3
952.0 0 12 1.0992 3.818501668857534 0.2878616 0.3
952.5 0 12 1.09525 3.8069235434889532 0.2876995 0.3
953.0 0 12 1.0913 3.7953323637203367 0.2875374 0.3
953.5 0 12 1.08735 3.783728107460871 0.2873753 0.3
954.0 0 12 1.0834 3.772110752569868 0.28721319999999995 0.3
954.5 0 12 1.07945 3.7604802768566294 0.2870511 0.3
955.0 0 12 1.0755 3.7488366580803025 0.286889 0.3
955.5 0 12 1.07155 3.737179873949741 0.28672690000000006 0.3
956.0 0 12 1.0675999999999999 3.725509902123359 0.2865648 0.3
956.5 0 12 1.06365 3.713826720208992 0.2864027 0.3
957.0 0 12 1.0597 3.702130305763753 0.28624059999999996 0.3
957.5 0 12 1.05575 3.6904206362938843 0.2860785 0.3
958.0 0 12 1.0518 3.6786976892546215 0.28591639999999996 0.3
958.5 0 12 1.04785 3.6669614420500407 0.28575429999999996 0.3
959.0 0 12 1.0439 3.6552118720329205 0.28559219999999996 0.3
959.5 0 12 1.03995 3.643448956504587 0.2854301 0.3
960.0 0 12 1.036 3.6316726727147812 0.28526799999999997 0.3
960.5 0 12 1.03205 3.6198829978614957 0.2851059 0.3
961.0 0 12 1.0281 3.6080799090908457 0.28494379999999997 0.3
961.5 0 12 1.02415 3.596263383496903 0.2847816999999999 0.3
962.0 0 12 1.0202 3.5844333981215635 0.2846195999999999 0.3
962.5 0 12 1.0162499999999999 3.5725899299543866 0.2844575 0.3
963.0 0 12 1.0123 3.5607329559324565 0.2842954 0.3
963.5 0 12 1.00835 3.548862452940223 0.2841332999999999 0.3
964.0 0 12 1.0044 3.5369783978093556 0.2839712 0.3
964.5 0 12 1.00045 3.5250807673185958 0.28380910000000004 0.3
965.0 0 12 0.9964999999999999 3.5131695381936 0.283647 0.3
965.5 0 12 0.9925499999999999 3.5012446871067913 0.2834849 0.3
966.0 0 12 0.9885999999999999 3.489306190677206 0.2833228 0.3
966.5 0 12 0.98465 3.477354025470343 0.2831607 0.3
967.0 0 12 0.9807 3.4653881679980043 0.2829986 0.3
967.5 0 12 0.97675 3.45340859471815 0.2828365 0.3
968.0 0 12 0.9728 3.441415282034737 0.2826744 0.3
968.5 0 12 0.96885 3.4294082062975666 0.2825123 0.3
969.0 0 12 0.9649 3.4173873438021296 0.28235019999999994 0.3
969.5 0 12 0.96095 3.4053526707894486 0.2821881 0.3
970.0 0 12 0.957 3.393304163445923 0.28202600000000005 0.3
970.5 0 12 0.95305 3.381241797903172 0.2818639 0.3
971.0 0 12 0.9490999999999999 3.3691655502378755 0.2817018 0.3
971.5 0 12 0.9451499999999999 3.3570753964716165 0.2815397 0.3
972.0 0 12 0.9412 3.3449713125707237 0.2813776 0.3
972.5 0 12 0.9372499999999999 3.3328532744461095 0.2812155 0.3
973.0 0 12 0.9333 3.320721257953115 0.2810534 0.3
973.5 0 12 0.92935 3.3085752388913434 0.2808913 0.3
974.0 0 12 0.9254 3.296415193004504 0.2807292 0.3
974.5 0 12 0.92145 3.2842410959802484 0.2805671 0.3
975.0 0 12 0.9175 3.2720529234500098 0.28040499999999996 0.3
975.5 0 12 0.91355 3.259850650988839 0.28024289999999996 0.3
976.0 0 12 0.9096 3.2476342541152405 0.2800808 0.3
976.5 0 12 0.90565 3.2354037082910145 0.27991869999999996 0.3
977.0 0 12 0.9017 3.223158988921083 0.2797566 0.3
977.5 0 12 0.8977499999999999 3.210900071353335 0.2795945 0.3
978.0 0 12 0.8937999999999999 3.198626930878452 0.27943239999999997 0.3
978.5 0 12 0.88985 3.1863395427297503 0.27927029999999997 0.3
979.0 0 12 0.8858999999999999 3.174037882083006 0.2791082 0.3
979.5 0 12 0.88195 3.1617219240562964 0.2789461 0.3
980.0 0 12 0.878 3.149391643709826 0.2787839999999999 0.3
980.5 0 12 0.87405 3.1370470160457598 0.2786219 0.3
981.0 0 12 0.8701 3.124688016008056 0.2784598 0.3
981.5 0 12 0.86615 3.1123146184822943 0.27829770000000004 0.3
982.0 0 12 0.8622 3.099926798295508 0.2781356 0.3
982.5 0 12 0.85825 3.08752453021601 0.2779735 0.3
983.0 0 12 0.8543 3.075107788953225 0.2778114 0.3
983.5 0 12 0.8503499999999999 3.062676549157516 0.27764930000000004 0.3
984.0 0 12 0.8464 3.0502307854200126 0.2774872 0.3
984.5 0 12 0.8424499999999999 3.0377704722724337 0.2773251 0.3
985.0 0 12 0.8385 3.0252955841869227 0.277163 0.3
985.5 0 12 0.8345499999999999 3.0128060955758627 0.2770009 0.3
986.0 0 12 0.8306 3.00030198079171 0.2768388 0.3
986.5 0 12 0.8266499999999999 2.9877832141268126 0.2766767 0.3
987.0 0 12 0.8227 2.9752497698132396 0.2765146 0.3
987.5 0 12 0.81875 2.962701622022598 0.2763525 0.3
988.0 0 12 0.8148 2.9501387448658605 0.2761904 0.3
988.5 0 12 0.81085 2.9375611123931855 0.2760283 0.3
989.0 0 12 0.8069 2.924968698593738 0.2758662 0.3
989.5 0 12 0.8029499999999999 2.9123614773955118 0.2757041 0.3
990.0 0 12 0.7989999999999999 2.8997394226651467 0.275542 0.3
990.5 0 12 0.79505 2.8871025082077524 0.2753799 0.3
991.0 0 12 0.7910999999999999 2.874450707766721 0.2752178 0.3
991.5 0 12 0.78715 2.8617839950235533 0.2750557 0.3
992.0 0 12 0.7831999999999999 2.8491023435976683 0.27489359999999996 0.3
992.5 0 12 0.77925 2.836405727046225 0.2747315 0.3
993.0 0 12 0.7752999999999999 2.8236941188639375 0.27456939999999996 0.3
993.5 0 12 0.77135 2.8109674924828894 0.2744073 0.3
994.0 0 12 0.7674 2.7982258212723505 0.27424519999999997 0.3
994.5 0 12 0.76345 2.785469078538589 0.2740831 0.3
995.0 0 12 0.7595 2.772697237524688 0.27392099999999997 0.3
995.5 0 12 0.7555499999999999 2.7599102714103543 0.27375889999999997 0.3
996.0 0 12 0.7515999999999999 2.7471081533117347 0.2735968 0.3
996.5 0 12 0.7476499999999999 2.7342908562812256 0.2734347 0.3
997.0 0 12 0.7437 2.721458353307284 0.2732726 0.3
997.5 0 12 0.7397499999999999 2.7086106173142372 0.2731105 0.3
998.0 0 12 0.7358 2.6957476211620954 0.2729484 0.3
998.5 0 12 0.7318499999999999 2.682869337646355 0.2727863 0.3
999.0 0 12 0.7279 2.6699757394978145 0.2726241999999999 0.3
999.5 0 12 0.7239499999999999 2.6570667993823727 0.2724621 0.3
1000.0 0 12 0.72 2.6441424899008448 0.2723 0.3
1000.5 0 12 0.718855 2.642119767667089 0.2720751 0.3
1001.0 0 12 0.71771 2.6400936986619836 0.2718502 0.3
1001.5 0 12 0.716565 2.6380642745723613 0.2716253 0.3
1002.0 0 12 0.71542 2.636031487057499 0.2714004 0.3
1002.5 0 12 0.714275 2.6339953277490036 0.2711755 0.3
1003.0 0 12 0.7131299999999999 2.6319557882506994 0.2709506 0.3
1003.5 0 12 0.711985 2.629912860138509 0.2707257 0.3
1004.0 0 12 0.7108399999999999 2.62786653496034 0.2705008 0.3
1004.5 0 12 0.709695 2.6258168042359675 0.2702759 0.3
1005.0 0 12 0.70855 2.623763659456918 0.270051 0.3
1005.5 0 12 0.707405 2.6217070920863472 0.2698261 0.3
1006.0 0 12 0.70626 2.619647093558931 0.2696012 0.3
1006.5 0 12 0.7051149999999999 2.617583655280735 0.2693763 0.3
1007.0 0 12 0.70397 2.615516768629106 0.26915140000000004 0.3
1007.5 0 12 0.7028249999999999 2.613446424952542 0.26892650000000007 0.3
1008.0 0 12 0.70168 2.611372615570581 0.2687016 0.3
1008.5 0 12 0.700535 2.60929533177367 0.2684767 0.3
1009.0 0 12 0.69939 2.6072145648230505 0.2682518 0.3
1009.5 0 12 0.698245 2.605130305950634 0.2680269 0.3
1010.0 0 12 0.6970999999999999 2.603042546358877 0.267802 0.3
1010.5 0 12 0.695955 2.6009512772206587 0.26757710000000007 0.3
1011.0 0 12 0.6948099999999999 2.5988564896791573 0.2673522 0.3
1011.5 0 12 0.693665 2.5967581748477224 0.2671273 0.3
1012.0 0 12 0.6925199999999999 2.594656323809752 0.2669024 0.3
1012.5 0 12 0.691375 2.592550927618565 0.2666775 0.3
1013.0 0 12 0.69023 2.5904419772972758 0.2664526 0.3
1013.5 0 12 0.689085 2.588329463838661 0.2662277 0.3
1014.0 0 12 0.68794 2.5862133782050414 0.2660028 0.3
1014.5 0 12 0.6867949999999999 2.5840937113281424 0.2657779 0.3
1015.0 0 12 0.68565 2.5819704541089727 0.265553 0.3
1015.5 0 12 0.6845049999999999 2.579843597417687 0.2653281 0.3
1016.0 0 12 0.68336 2.577713132093464 0.2651032 0.3
1016.5 0 12 0.682215 2.5755790489443644 0.2648783 0.3
1017.0 0 12 0.68107 2.5734413387472066 0.2646534 0.3
1017.5 0 12 0.679925 2.5712999922474316 0.2644285 0.3
1018.0 0 12 0.6787799999999999 2.5691550001589682 0.2642036 0.3
1018.5 0 12 0.677635 2.5670063531641 0.2639787 0.3
1019.0 0 12 0.6764899999999999 2.5648540419133297 0.2637538 0.3
1019.5 0 12 0.675345 2.5626980570252447 0.2635289 0.3
1020.0 0 12 0.6741999999999999 2.560538389086379 0.263304 0.3
1020.5 0 12 0.673055 2.5583750286510782 0.2630791 0.3
1021.0 0 12 0.67191 2.5562079662413613 0.2628542 0.3
1021.5 0 12 0.670765 2.554037192346779 0.2626293 0.3
1022.0 0 12 0.66962 2.5518626974242813 0.2624044 0.3
1022.5 0 12 0.6684749999999999 2.5496844718980696 0.2621795 0.3
1023.0 0 12 0.66733 2.5475025061594643 0.2619546 0.3
1023.5 0 12 0.6661849999999999 2.545316790566756 0.26172969999999995 0.3
1024.0 0 12 0.66504 2.54312731544507 0.2615048 0.3
1024.5 0 12 0.6638949999999999 2.540934071086218 0.2612799 0.3
1025.0 0 12 0.66275 2.5387370477485587 0.261055 0.3
1025.5 0 12 0.661605 2.536536235656851 0.2608301 0.3
1026.0 0 12 0.6604599999999999 2.5343316250021104 0.2606052 0.3
1026.5 0 12 0.659315 2.5321232059414633 0.2603803 0.3
1027.0 0 12 0.6581699999999999 2.5299109685979992 0.2601554 0.3
1027.5 0 12 0.657025 2.5276949030606257 0.2599305 0.3
1028.0 0 12 0.6558799999999999 2.525474999383918 0.2597055999999999 0.3
1028.5 0 12 0.654735 2.5232512475879707 0.2594807 0.3
1029.0 0 12 0.6535899999999999 2.5210236376582507 0.2592558 0.3
1029.5 0 12 0.6524449999999999 2.518792159545444 0.2590309 0.3
1030.0 0 12 0.6513 2.5165568031653054 0.258806 0.3
1030.5 0 12 0.6501549999999999 2.514317558398506 0.2585811 0.3
1031.0 0 12 0.64901 2.512074415090484 0.2583561999999999 0.3
1031.5 0 12 0.6478649999999999 2.5098273630512837 0.25813130000000006 0.3
1032.0 0 12 0.64672 2.5075763920554124 0.2579064 0.3
1032.5 0 12 0.6455749999999999 2.505321491841672 0.2576815 0.3
1033.0 0 12 0.64443 2.5030626521130164 0.2574566 0.3
1033.5 0 12 0.6432849999999999 2.500799862536382 0.2572317 0.3
1034.0 0 12 0.6421399999999999 2.498533112742542 0.2570068 0.3
1034.5 0 12 0.640995 2.4962623923259386 0.2567819 0.3
1035.0 0 12 0.6398499999999999 2.4939876908445298 0.256557 0.3
1035.5 0 12 0.638705 2.491708997819625 0.2563321 0.3
1036.0 0 12 0.6375599999999999 2.4894263027357293 0.2561072 0.3
1036.5 0 12 0.636415 2.4871395950403756 0.2558823 0.3
1037.0 0 12 0.63527 2.484848864143968 0.2556574 0.3
1037.5 0 12 0.6341249999999999 2.4825540994196116 0.2554325 0.3
1038.0 0 12 0.63298 2.4802552902029564 0.2552076 0.3
1038.5 0 12 0.6318349999999999 2.477952425792024 0.2549827 0.3
1039.0 0 12 0.63069 2.4756454954470484 0.2547578 0.3
1039.5 0 12 0.6295449999999999 2.473334488390302 0.2545329 0.3
1040.0 0 12 0.6284 2.471019393805936 0.25430800000000003 0.3
1040.5 0 12 0.6272549999999999 2.4687002008398036 0.2540831 0.3
1041.0 0 12 0.6261099999999999 2.4663768985992967 0.2538582 0.3
1041.5 0 12 0.624965 2.464049476153171 0.2536333 0.3
1042.0 0 12 0.6238199999999999 2.4617179225313763 0.2534084 0.3
1042.5 0 12 0.622675 2.4593822267248853 0.2531835 0.3
1043.0 0 12 0.6215299999999999 2.4570423776855184 0.2529586 0.3
1043.5 0 12 0.620385 2.4546983643257705 0.2527337 0.3
1044.0 0 12 0.6192399999999999 2.452350175518635 0.2525088 0.3
1044.5 0 12 0.618095 2.44999780009743 0.2522839 0.3
1045.0 0 12 0.6169499999999999 2.447641226855617 0.252059 0.3
1045.5 0 12 0.6158049999999999 2.445280444546628 0.2518341 0.3
1046.0 0 12 0.61466 2.442915441883683 0.2516092 0.3
1046.5 0 12 0.6135149999999999 2.440546207539611 0.25138430000000006 0.3
1047.0 0 12 0.61237 2.438172730146672 0.2511594 0.3
1047.5 0 12 0.6112249999999999 2.435794998296368 0.2509345 0.3
1048.0 0 12 0.61008 2.4334130005392693 0.2507096 0.3
1048.5 0 12 0.6089349999999999 2.4310267253848235 0.2504847 0.3
1049.0 0 12 0.6077899999999999 2.428636161301176 0.2502598 0.3
1049.5 0 12 0.6066449999999999 2.426241296714978 0.2500349 0.3
1050.0 0 12 0.6054999999999999 2.4238421200112086 0.24980999999999998 0.3
1050.5 0 12 0.604355 2.4214386195329767 0.24958510000000003 0.3
1051.0 0 12 0.6032099999999999 2.4190307835813414 0.24936019999999998 0.3
1051.5 0 12 0.602065 2.4166186004151156 0.2491353 0.3
1052.0 0 12 0.6009199999999999 2.41420205825068 0.24891039999999995 0.3
1052.5 0 12 0.599775 2.411781145261786 0.24868550000000003 0.3
1053.0 0 12 0.5986299999999999 2.4093558495793697 0.24846059999999998 0.3
1053.5 0 12 0.5974849999999999 2.4069261592913507 0.2482357 0.3
1054.0 0 12 0.59634 2.404492062442442 0.24801079999999998 0.3
1054.5 0 12 0.5951949999999999 2.402053547033951 0.2477859 0.3
1055.0 0 12 0.59405 2.399610601023586 0.24756099999999998 0.3
1055.5 0 12 0.5929049999999999 2.3971632123252524 0.2473361 0.3
1056.0 0 12 0.59176 2.3947113688088604 0.24711119999999995 0.3
1056.5 0 12 0.5906149999999999 2.392255058300116 0.24688629999999998 0.3
1057.0 0 12 0.5894699999999999 2.3897942685803293 0.24666139999999998 0.3
1057.5 0 12 0.588325 2.3873289873862027 0.24643650000000003 0.3
1058.0 0 12 0.5871799999999999 2.3848592024096344 0.24621159999999997 0.3
1058.5 0 12 0.586035 2.382384901297509 0.2459867 0.3
1059.0 0 12 0.5848899999999999 2.3799060716514933 0.24576179999999997 0.3
1059.5 0 12 0.583745 2.377422701027829 0.24553690000000003 0.3
1060.0 0 12 0.5825999999999999 2.3749347769371245 0.245312 0.3
1060.5 0 12 0.5814549999999999 2.372442286844146 0.2450871 0.3
1061.0 0 12 0.58031 2.369945218167606 0.24486219999999997 0.3
1061.5 0 12 0.5791649999999999 2.3674435582799513 0.24463729999999997 0.3
1062.0 0 12 0.57802 2.3649372945071527 0.24441239999999997 0.3
1062.5 0 12 0.5768749999999999 2.3624264141284868 0.24418750000000003 0.3
1063.0 0 12 0.57573 2.3599109043763264 0.2439626 0.3
1063.5 0 12 0.5745849999999999 2.3573907524359172 0.24373770000000003 0.3
1064.0 0 12 0.57344 2.3548659454451673 0.2435128 0.3
1064.5 0 12 0.572295 2.3523364704944223 0.24328790000000003 0.3
1065.0 0 12 0.5711499999999999 2.349802314626249 0.24306299999999997 0.3
1065.5 0 12 0.570005 2.3472634648352133 0.24283809999999997 0.3
1066.0 0 12 0.5688599999999999 2.344719908067656 0.2426132 0.3
1066.5 0 12 0.567715 2.3421716312214738 0.2423883 0.3
1067.0 0 12 0.5665699999999999 2.339618621145887 0.24216340000000003 0.3
1067.5 0 12 0.565425 2.3370608646412205 0.24193850000000003 0.3
1068.0 0 12 0.5642799999999999 2.334498348458671 0.24171360000000003 0.3
1068.5 0 12 0.5631349999999999 2.331931059300083 0.24148869999999997 0.3
1069.0 0 12 0.56199 2.329358983817713 0.24126380000000003 0.3
1069.5 0 12 0.5608449999999999 2.3267821086140037 0.2410389 0.3
1070.0 0 12 0.5597 2.324200420241348 0.24081399999999997 0.3
1070.5 0 12 0.5585549999999999 2.3216139052018563 0.2405891 0.3
1071.0 0 12 0.55741 2.3190225499471215 0.2403642 0.3
1071.5 0 12 0.556265 2.316426340877982 0.2401393 0.3
1072.0 0 12 0.55512 2.3138252643442825 0.2399144 0.3
1072.5 0 12 0.553975 2.311219306644638 0.2396895 0.3
1073.0 0 12 0.5528299999999999 2.30860845402619 0.23946459999999997 0.3
1073.5 0 12 0.551685 2.305992692684366 0.23923970000000003 0.3
1074.0 0 12 0.5505399999999999 2.303372008762637 0.2390148 0.3
1074.5 0 12 0.549395 2.300746388352271 0.2387899 0.3
1075.0 0 12 0.5482499999999999 2.298115817492088 0.23856499999999997 0.3
1075.5 0 12 0.547105 2.2954802821682123 0.2383401 0.3
1076.0 0 12 0.54596 2.2928397683138244 0.2381152 0.3
1076.5 0 12 0.5448149999999999 2.2901942618089093 0.23789029999999997 0.3
1077.0 0 12 0.54367 2.287543748480006 0.2376654 0.3
1077.5 0 12 0.5425249999999999 2.2848882140999534 0.23744049999999997 0.3
1078.0 0 12 0.54138 2.2822276443876373 0.23721559999999997 0.3
1078.5 0 12 0.540235 2.2795620250077326 0.23699069999999997 0.3
1079.0 0 12 0.53909 2.276891341570446 0.2367658 0.3
1079.5 0 12 0.537945 2.2742155796312606 0.23654089999999997 0.3
1080.0 0 12 0.5367999999999999 2.2715347246906683 0.236316 0.3
1080.5 0 12 0.535655 2.2688487621939157 0.23609110000000003 0.3
1081.0 0 12 0.5345099999999999 2.2661576775307353 0.23586620000000003 0.3
1081.5 0 12 0.533365 2.263461456035084 0.2356413 0.3
1082.0 0 12 0.5322199999999999 2.2607600829848726 0.23541639999999997 0.3
1082.5 0 12 0.531075 2.258053543601703 0.2351915 0.3
1083.0 0 12 0.52993 2.2553418230505953 0.23496660000000003 0.3
1083.5 0 12 0.528785 2.252624906439716 0.23474170000000003 0.3
1084.0 0 12 0.52764 2.2499027788201102 0.2345168 0.3
1084.5 0 12 0.5264949999999999 2.24717542518542 0.2342919 0.3
1085.0 0 12 0.52535 2.244442830471617 0.234067 0.3
1085.5 0 12 0.524205 2.2417049795567183 0.23384209999999997 0.3
1086.0 0 12 0.52306 2.23896185726051 0.2336172 0.3
1086.5 0 12 0.521915 2.2362134483442686 0.23339229999999997 0.3
1087.0 0 12 0.52077 2.233459737510475 0.23316739999999997 0.3
1087.5 0 12 0.519625 2.230700709402535 0.2329425 0.3
1088.0 0 12 0.5184799999999999 2.2279363486044885 0.23271760000000002 0.3
1088.5 0 12 0.517335 2.2251666396407286 0.23249269999999997 0.3
1089.0 0 12 0.5161899999999999 2.2223915669757064 0.23226779999999997 0.3
1089.5 0 12 0.515045 2.219611115013646 0.2320429 0.3
1090.0 0 12 0.5139 2.2168252680982494 0.23181800000000002 0.3
1090.5 0 12 0.512755 2.214034010512403 0.2315931 0.3
1091.0 0 12 0.51161 2.2112373264778826 0.2313682 0.3
1091.5 0 12 0.510465 2.2084352001550553 0.23114329999999997 0.3
1092.0 0 12 0.50932 2.205627615642582 0.23091839999999997 0.3
1092.5 0 12 0.508175 2.2028145569771147 0.23069350000000002 0.3
1093.0 0 12 0.50703 2.1999960081329952 0.23046859999999997 0.3
1093.5 0 12 0.505885 2.1971719530219502 0.23024370000000002 0.3
1094.0 0 12 0.50474 2.1943423754927855 0.2300188 0.3
1094.5 0 12 0.503595 2.191507259331079 0.2297939 0.3
1095.0 0 12 0.50245 2.1886665882588674 0.229569 0.3
1095.5 0 12 0.501305 2.185820345934341 0.2293441 0.3
1096.0 0 12 0.5001599999999999 2.1829685159515217 0.22911920000000002 0.3
1096.5 0 12 0.499015 2.1801110818399585 0.2288943 0.3
1097.0 0 12 0.49787 2.1772480270643997 0.22866939999999997 0.3
1097.5 0 12 0.49672499999999997 2.1743793350244807 0.2284445 0.3
1098.0 0 12 0.49558 2.171504989054402 0.22821960000000002 0.3
1098.5 0 12 0.494435 2.1686249724226045 0.2279947 0.3
1099.0 0 12 0.49329 2.165739268331447 0.22776979999999997 0.3
1099.5 0 12 0.492145 2.162847859916878 0.2275449 0.3
1100.0 0 12 0.491 2.1599507302481085 0.22732 0.3
1100.5 0 12 0.489855 2.1570478623272806 0.2270951 0.3
1101.0 0 12 0.48871 2.1541392390891354 0.22687020000000002 0.3
1101.5 0 12 0.48756499999999997 2.151224843400679 0.22664530000000002 0.3
1102.0 0 12 0.48642 2.1483046580608463 0.2264204 0.3
1102.5 0 12 0.485275 2.14537866580016 0.22619549999999997 0.3
1103.0 0 12 0.48413 2.142446849280393 0.2259706 0.3
1103.5 0 12 0.482985 2.139509191094227 0.2257457 0.3
1104.0 0 12 0.48184 2.1365656737649035 0.2255208 0.3
1104.5 0 12 0.480695 2.1336162797458806 0.2252959 0.3
1105.0 0 12 0.47955 2.130660991420485 0.225071 0.3
1105.5 0 12 0.47840499999999997 2.127699791101558 0.2248461 0.3
1106.0 0 12 0.47726 2.124732661031105 0.2246212 0.3
1106.5 0 12 0.476115 2.12175958337994 0.22439630000000002 0.3
1107.0 0 12 0.47497 2.1187805402473288 0.2241714 0.3
1107.5 0 12 0.473825 2.115795513660629 0.2239465 0.3
1108.0 0 12 0.47268 2.112804485574929 0.2237216 0.3
1108.5 0 12 0.471535 2.1098074378726843 0.2234967 0.3
1109.0 0 12 0.47039 2.1068043523633526 0.2232718 0.3
1109.5 0 12 0.46924499999999997 2.103795210783024 0.22304689999999996 0.3
1110.0 0 12 0.4681 2.100779994794051 0.222822 0.3
1110.5 0 12 0.466955 2.097758685984678 0.2225971 0.3
1111.0 0 12 0.46581 2.094731265868665 0.2223722 0.3
1111.5 0 12 0.464665 2.091697715884911 0.22214729999999996 0.3
1112.0 0 12 0.46352 2.0886580173970724 0.22192239999999996 0.3
1112.5 0 12 0.462375 2.0856121516931854 0.22169750000000002 0.3
1113.0 0 12 0.46123 2.0825600999852805 0.22147259999999996 0.3
1113.5 0 12 0.46008499999999997 2.0795018434089934 0.22124770000000002 0.3
1114.0 0 12 0.45894 2.0764373630231816 0.22102279999999996 0.3
1114.5 0 12 0.457795 2.073366639809527 0.2207979 0.3
1115.0 0 12 0.45665 2.0702896546721496 0.22057299999999996 0.3
1115.5 0 12 0.455505 2.0672063884372047 0.22034809999999996 0.3
1116.0 0 12 0.45436 2.06411682185249 0.2201232 0.3
1116.5 0 12 0.453215 2.0610209355870417 0.2198983 0.3
1117.0 0 12 0.45206999999999997 2.0579187102307333 0.2196734 0.3
1117.5 0 12 0.450925 2.0548101262938685 0.21944850000000002 0.3
1118.0 0 12 0.44978 2.0516951642067736 0.2192236 0.3
1118.5 0 12 0.448635 2.0485738043193864 0.21899870000000002 0.3
1119.0 0 12 0.44749 2.0454460269008448 0.2187738 0.3
1119.5 0 12 0.446345 2.042311812139068 0.2185489 0.3
1120.0 0 12 0.4452 2.039171140140342 0.21832399999999996 0.3
1120.5 0 12 0.444055 2.036023990928894 0.2180991 0.3
1121.0 0 12 0.44290999999999997 2.032870344446474 0.2178742 0.3
1121.5 0 12 0.44176499999999996 2.0297101805519246 0.2176493 0.3
1122.0 0 12 0.44062 2.026543479020754 0.2174244 0.3
1122.5 0 12 0.439475 2.0233702195447045 0.21719949999999996 0.3
1123.0 0 12 0.43833 2.020190381731318 0.2169746 0.3
1123.5 0 12 0.437185 2.0170039451035 0.2167497 0.3
1124.0 0 12 0.43604 2.013810889099078 0.2165248 0.3
1124.5 0 12 0.434895 2.010611193070362 0.2162999 0.3
1125.0 0 12 0.43374999999999997 2.0074048362836976 0.216075 0.3
1125.5 0 12 0.432605 2.004191797919019 0.21585010000000002 0.3
1126.0 0 12 0.43146 2.0009720570693963 0.21562520000000002 0.3
1126.5 0 12 0.430315 1.9977455927405858 0.2154003 0.3
1127.0 0 12 0.42917 1.9945123838505703 0.2151754 0.3
1127.5 0 12 0.428025 1.9912724092291016 0.2149505 0.3
1128.0 0 12 0.42688 1.988025647617238 0.2147256 0.3
1128.5 0 12 0.425735 1.9847720776668794 0.21450069999999996 0.3
1129.0 0 12 0.42459 1.9815116779402995 0.2142758 0.3
1129.5 0 12 0.42344499999999996 1.9782444269096742 0.2140509 0.3
1130.0 0 12 0.4223 1.9749703029566097 0.213826 0.3
1130.5 0 12 0.421155 1.971689284371663 0.21360110000000002 0.3
1131.0 0 12 0.42001 1.9684013493538643 0.2133762 0.3
1131.5 0 12 0.418865 1.9651064760102332 0.2131513 0.3
1132.0 0 12 0.41772 1.9618046423552928 0.21292639999999996 0.3
1132.5 0 12 0.41657500000000003 1.958495826310581 0.2127015 0.3
1133.0 0 12 0.41542999999999997 1.9551800057041575 0.21247659999999996 0.3
1133.5 0 12 0.414285 1.9518571582701105 0.21225170000000002 0.3
1134.0 0 12 0.41314 1.948527261648056 0.21202679999999996 0.3
1134.5 0 12 0.411995 1.9451902933826375 0.21180189999999996 0.3
1135.0 0 12 0.41085 1.941846230923021 0.211577 0.3
1135.5 0 12 0.409705 1.9384950516223876 0.21135210000000001 0.3
1136.0 0 12 0.40856 1.935136732737421 0.2111272 0.3
1136.5 0 12 0.40741499999999997 1.9317712514277938 0.2109023 0.3
1137.0 0 12 0.40627 1.9283985847556504 0.21067739999999996 0.3
1137.5 0 12 0.405125 1.9250187096850835 0.2104525 0.3
1138.0 0 12 0.40398 1.9216316030816127 0.2102276 0.3
1138.5 0 12 0.402835 1.9182372417116542 0.21000270000000001 0.3
1139.0 0 12 0.40169 1.914835602241991 0.20977780000000001 0.3
1139.5 0 12 0.400545 1.9114266612392385 0.2095529 0.3
1140.0 0 12 0.3994 1.9080103951693035 0.20932800000000004 0.3
1140.5 0 12 0.398255 1.9045867803968475 0.20910310000000001 0.3
1141.0 0 12 0.39710999999999996 1.901155793184736 0.20887819999999999 0.3
1141.5 0 12 0.395965 1.8977174096934966 0.2086533 0.3
1142.0 0 12 0.39482 1.8942716059807587 0.20842840000000004 0.3
1142.5 0 12 0.393675 1.890818358000706 0.20820349999999999 0.3
1143.0 0 12 0.39253 1.887357641603511 0.2079786 0.3
1143.5 0 12 0.391385 1.8838894325347757 0.20775369999999996 0.3
1144.0 0 12 0.39024 1.880413706434962 0.20752880000000004 0.3
1144.5 0 12 0.38909499999999997 1.8769304388388255 0.20730389999999999 0.3
1145.0 0 12 0.38795 1.8734396051748365 0.207079 0.3
1145.5 0 12 0.386805 1.8699411807646067 0.20685409999999999 0.3
1146.0 0 12 0.38566 1.8664351408223039 0.2066292 0.3
1146.5 0 12 0.384515 1.86292146045407 0.20640429999999999 0.3
1147.0 0 12 0.38337 1.8594001146574293 0.2061794 0.3
1147.5 0 12 0.382225 1.855871078320697 0.20595449999999998 0.3
1148.0 0 12 0.38108 1.852334326222381 0.2057296 0.3
1148.5 0 12 0.379935 1.848789833030583 0.2055047 0.3
1149.0 0 12 0.37879 1.8452375733023902 0.2052798 0.3
1149.5 0 12 0.377645 1.8416775214832712 0.20505489999999998 0.3
1150.0 0 12 0.3765 1.8381096519064588 0.20483 0.3
1150.5 0 12 0.375355 1.8345339387923372 0.20460509999999998 0.3
1151.0 0 12 0.37421 1.8309503562478164 0.2043802 0.3
1151.5 0 12 0.373065 1.8273588782657124 0.20415529999999998 0.3
1152.0 0 12 0.37192000000000003 1.8237594787241138 0.20393039999999998 0.3
1152.5 0 12 0.370775 1.8201521313857507 0.20370549999999998 0.3
1153.0 0 12 0.36963 1.8165368098973562 0.2034806 0.3
1153.5 0 12 0.368485 1.8129134877890265 0.20325569999999998 0.3
1154.0 0 12 0.36734 1.8092821384735713 0.2030308 0.3
1154.5 0 12 0.366195 1.8056427352458682 0.20280589999999998 0.3
1155.0 0 12 0.36505 1.801995251282203 0.20258099999999998 0.3
1155.5 0 12 0.363905 1.7983396596396155 0.20235609999999998 0.3
1156.0 0 12 0.36276 1.7946759332552322 0.2021312 0.3
1156.5 0 12 0.361615 1.7910040449456013 0.20190629999999998 0.3
1157.0 0 12 0.36047 1.7873239674060175 0.2016814 0.3
1157.5 0 12 0.359325 1.7836356732098495 0.20145649999999996 0.3
1158.0 0 12 0.35818 1.779939134807853 0.2012316 0.3
1158.5 0 12 0.357035 1.776234324527491 0.20100669999999998 0.3
1159.0 0 12 0.35589 1.7725212145722369 0.20078180000000004 0.3
1159.5 0 12 0.354745 1.7687997770208854 0.20055689999999998 0.3
1160.0 0 12 0.3536 1.7650699838268475 0.200332 0.3
1160.5 0 12 0.352455 1.7613318068174495 0.20010709999999998 0.3
1161.0 0 12 0.35131 1.7575852176932212 0.19988220000000004 0.3
1161.5 0 12 0.350165 1.7538301880271847 0.1996573 0.3
1162.0 0 12 0.34902 1.7500666892641314 0.1994324 0.3
1162.5 0 12 0.347875 1.7462946927199028 0.19920749999999995 0.3
1163.0 0 12 0.34673 1.7425141695806565 0.1989826 0.3
1163.5 0 12 0.34558500000000003 1.738725090902139 0.19875769999999998 0.3
1164.0 0 12 0.34444 1.7349274276089393 0.19853279999999998 0.3
1164.5 0 12 0.343295 1.7311211504937527 0.19830789999999998 0.3
1165.0 0 12 0.34215 1.7273062302166264 0.198083 0.3
1165.5 0 12 0.341005 1.7234826373042096 0.19785809999999998 0.3
1166.0 0 12 0.33986 1.719650342148991 0.1976332 0.3
1166.5 0 12 0.338715 1.7158093150085383 0.19740829999999998 0.3
1167.0 0 12 0.33757 1.7119595260047245 0.19718339999999998 0.3
1167.5 0 12 0.336425 1.7081009451229574 0.1969585 0.3
1168.0 0 12 0.33528 1.7042335422113966 0.1967336 0.3
1168.5 0 12 0.334135 1.7003572869801695 0.19650869999999998 0.3
1169.0 0 12 0.33299 1.6964721490005796 0.1962838 0.3
1169.5 0 12 0.331845 1.6925780977043126 0.19605889999999998 0.3
1170.0 0 12 0.3307 1.68867510238263 0.195834 0.3
1170.5 0 12 0.329555 1.684763132185568 0.1956091 0.3
1171.0 0 12 0.32841 1.680842156121119 0.19538420000000004 0.3
1171.5 0 12 0.32726500000000003 1.6769121430544178 0.19515929999999998 0.3
1172.0 0 12 0.32612 1.6729730617069127 0.19493439999999998 0.3
1172.5 0 12 0.324975 1.669024880655541 0.19470949999999998 0.3
1173.0 0 12 0.32383 1.6650675683318885 0.1944846 0.3
1173.5 0 12 0.322685 1.6611010930213526 0.19425969999999995 0.3
1174.0 0 12 0.32154 1.6571254228622905 0.1940348 0.3
1174.5 0 12 0.320395 1.653140525845171 0.19380989999999998 0.3
1175.0 0 12 0.31925000000000003 1.6491463698117108 0.19358499999999998 0.3
1175.5 0 12 0.318105 1.6451429224540124 0.19336009999999998 0.3
1176.0 0 12 0.31696 1.641130151313691 0.1931352 0.3
1176.5 0 12 0.315815 1.637108023781001 0.19291029999999998 0.3
1177.0 0 12 0.31467 1.6330765070939468 0.1926854 0.3
1177.5 0 12 0.313525 1.6290355683373994 0.19246049999999995 0.3
1178.0 0 12 0.31238 1.6249851744421948 0.1922356 0.3
1178.5 0 12 0.311235 1.6209252921842376 0.19201069999999998 0.3
1179.0 0 12 0.31009 1.616855888183588 0.1917858 0.3
1179.5 0 12 0.308945 1.6127769289035498 0.1915609 0.3
1180.0 0 12 0.3078 1.6086883806497472 0.191336 0.3
1180.5 0 12 0.306655 1.6045902095691982 0.1911111 0.3
1181.0 0 12 0.30551 1.6004823816493805 0.1908862 0.3
1181.5 0 12 0.304365 1.5963648627172897 0.1906613 0.3
1182.0 0 12 0.30322 1.5922376184384917 0.1904364 0.3
1182.5 0 12 0.302075 1.588100614316169 0.1902115 0.3
1183.0 0 12 0.30093000000000003 1.5839538156901594 0.1899866 0.3
1183.5 0 12 0.299785 1.5797971877359869 0.1897617 0.3
1184.0 0 12 0.29864 1.5756306954638888 0.18953680000000003 0.3
1184.5 0 12 0.297495 1.5714543037178328 0.18931190000000003 0.3
1185.0 0 12 0.29635 1.5672679771745281 0.189087 0.3
1185.5 0 12 0.295205 1.5630716803424296 0.1888621 0.3
1186.0 0 12 0.29406 1.5588653775607355 0.1886372 0.3
1186.5 0 12 0.29291500000000004 1.5546490329983766 0.1884123 0.3
1187.0 0 12 0.29177 1.550422610652998 0.1881874 0.3
1187.5 0 12 0.290625 1.546186074349937 0.1879625 0.3
1188.0 0 12 0.28948 1.5419393877411878 0.1877376 0.3
1188.5 0 12 0.288335 1.5376825143043644 0.1875127 0.3
1189.0 0 12 0.28719 1.5334154173416528 0.1872878 0.3
1189.5 0 12 0.286045 1.5291380599787558 0.18706289999999998 0.3
1190.0 0 12 0.2849 1.5248504051638316 0.186838 0.3
1190.5 0 12 0.283755 1.520552415666424 0.1866131 0.3
1191.0 0 12 0.28261000000000003 1.5162440540763849 0.18638819999999998 0.3
1191.5 0 12 0.281465 1.5119252828027867 0.18616329999999998 0.3
1192.0 0 12 0.28032 1.5075960640728328 0.1859384 0.3
1192.5 0 12 0.279175 1.5032563599307536 0.1857135 0.3
1193.0 0 12 0.27803 1.498906132236698 0.1854886 0.3
1193.5 0 12 0.276885 1.4945453426656166 0.1852637 0.3
1194.0 0 12 0.27574 1.490173952706135 0.1850388 0.3
1194.5 0 12 0.27459500000000003 1.485791923659422 0.1848139 0.3
1195.0 0 12 0.27344999999999997 1.4813992166380443 0.184589 0.3
1195.5 0 12 0.272305 1.4769957925648216 0.1843641 0.3
1196.0 0 12 0.27116 1.4725816121716615 0.1841392 0.3
1196.5 0 12 0.270015 1.468156635998397 0.1839143 0.3
1197.0 0 12 0.26887 1.4637208243916089 0.18368939999999997 0.3
1197.5 0 12 0.267725 1.4592741375034406 0.18346450000000003 0.3
1198.0 0 12 0.26658000000000004 1.4548165352904068 0.1832396 0.3
1198.5 0 12 0.265435 1.4503479775121888 0.1830147 0.3
1199.0 0 12 0.26429 1.4458684237304271 0.1827898 0.3
1199.5 0 12 0.263145 1.4413778333074978 0.1825649 0.3
1200.0 0 12 0.262 1.4368761654052868 0.18234 0.3
1200.5 0 12 0.261615 1.4361690739601134 0.1821617 0.3
1201.0 0 12 0.26123 1.4354605969555467 0.1819834 0.3
1201.5 0 12 0.260845 1.4347507303150462 0.1818051 0.3
1202.0 0 12 0.26046 1.4340394699460652 0.1816268 0.3
1202.5 0 12 0.260075 1.4333268117399702 0.1814485 0.3
1203.0 0 12 0.25969000000000003 1.4326127515719629 0.1812702 0.3
1203.5 0 12 0.259305 1.4318972853009992 0.1810919 0.3
1204.0 0 12 0.25892 1.4311804087697109 0.1809136 0.3
1204.5 0 12 0.258535 1.4304621178043249 0.18073530000000002 0.3
1205.0 0 12 0.25815 1.4297424082145804 0.180557 0.3
1205.5 0 12 0.257765 1.4290212757936498 0.1803787 0.3
1206.0 0 12 0.25738 1.4282987163180547 0.1802004 0.3
1206.5 0 12 0.25699500000000003 1.4275747255475857 0.18002210000000002 0.3
1207.0 0 12 0.25661 1.4268492992252166 0.1798438 0.3
1207.5 0 12 0.25622500000000004 1.426122433077024 0.1796655 0.3
1208.0 0 12 0.25584 1.4253941228121003 0.17948719999999999 0.3
1208.5 0 12 0.255455 1.4246643641224723 0.1793089 0.3
1209.0 0 12 0.25507 1.4239331526830146 0.1791306 0.3
1209.5 0 12 0.254685 1.4232004841513632 0.1789523 0.3
1210.0 0 12 0.2543 1.4224663541678322 0.178774 0.3
1210.5 0 12 0.253915 1.4217307583553245 0.1785957 0.3
1211.0 0 12 0.25353000000000003 1.420993692319247 0.1784174 0.3
1211.5 0 12 0.253145 1.4202551516474218 0.17823910000000004 0.3
1212.0 0 12 0.25276 1.4195151319099992 0.1780608 0.3
1212.5 0 12 0.252375 1.418773628659368 0.17788249999999997 0.3
1213.0 0 12 0.25199 1.4180306374300662 0.1777042 0.3
1213.5 0 12 0.251605 1.4172861537386938 0.17752590000000001 0.3
1214.0 0 12 0.25122 1.4165401730838196 0.1773476 0.3
1214.5 0 12 0.25083500000000003 1.415792690945892 0.1771693 0.3
1215.0 0 12 0.25045 1.4150437027871474 0.17699099999999998 0.3
1215.5 0 12 0.250065 1.4142932040515188 0.1768127 0.3
1216.0 0 12 0.24968 1.4135411901645434 0.1766344 0.3
1216.5 0 12 0.24929500000000002 1.4127876565332682 0.17645609999999998 0.3
1217.0 0 12 0.24891000000000002 1.4120325985461584 0.17627780000000004 0.3
1217.5 0 12 0.248525 1.4112760115730028 0.17609950000000002 0.3
1218.0 0 12 0.24814 1.4105178909648184 0.1759212 0.3
1218.5 0 12 0.247755 1.4097582320537558 0.1757429 0.3
1219.0 0 12 0.24737 1.4089970301530035 0.17556460000000002 0.3
1219.5 0 12 0.246985 1.4082342805566912 0.1753863 0.3
1220.0 0 12 0.2466 1.4074699785397928 0.175208 0.3
1220.5 0 12 0.24621500000000002 1.406704119358029 0.1750297 0.3
1221.0 0 12 0.24583 1.4059366982477692 0.1748514 0.3
1221.5 0 12 0.245445 1.4051677104259328 0.1746731 0.3
1222.0 0 12 0.24506 1.4043971510898892 0.1744948 0.3
1222.5 0 12 0.244675 1.4036250154173586 0.1743165 0.3
1223.0 0 12 0.24429 1.4028512985663113 0.1741382 0.3
1223.5 0 12 0.243905 1.4020759956748654 0.1739599 0.3
1224.0 0 12 0.24352000000000001 1.4012991018611867 0.1737816 0.3
1224.5 0 12 0.24313500000000002 1.4005206122233853 0.1736033 0.3
1225.0 0 12 0.24275000000000002 1.399740521839412 0.17342499999999997 0.3
1225.5 0 12 0.242365 1.3989588257669554 0.17324669999999998 0.3
1226.0 0 12 0.24198 1.3981755190433376 0.1730684 0.3
1226.5 0 12 0.241595 1.397390596685409 0.1728901 0.3
1227.0 0 12 0.24121 1.396604053689441 0.1727118 0.3
1227.5 0 12 0.240825 1.395815885031023 0.1725335 0.3
1228.0 0 12 0.24044000000000001 1.3950260856649526 0.1723552 0.3
1228.5 0 12 0.24005500000000002 1.3942346505251286 0.1721769 0.3
1229.0 0 12 0.23967 1.3934415745244437 0.1719986 0.3
1229.5 0 12 0.239285 1.3926468525546747 0.1718203 0.3
1230.0 0 12 0.2389 1.3918504794863729 0.171642 0.3
1230.5 0 12 0.238515 1.391052450168753 0.1714637 0.3
1231.0 0 12 0.23813 1.3902527594295837 0.1712854 0.3
1231.5 0 12 0.237745 1.3894514020750746 0.1711071 0.3
1232.0 0 12 0.23736000000000002 1.3886483728897647 0.17092880000000002 0.3
1232.5 0 12 0.236975 1.387843666636408 0.1707505 0.3
1233.0 0 12 0.23659 1.3870372780558613 0.1705722 0.3
1233.5 0 12 0.236205 1.3862292018669684 0.17039389999999996 0.3
1234.0 0 12 0.23582 1.3854194327664444 0.17021560000000002 0.3
1234.5 0 12 0.235435 1.3846079654287617 0.1700373 0.3
1235.0 0 12 0.23505 1.3837947945060314 0.169859 0.3
1235.5 0 12 0.234665 1.3829799146278865 0.1696807 0.3
1236.0 0 12 0.23428000000000002 1.3821633204013632 0.16950239999999997 0.3
1236.5 0 12 0.23389500000000002 1.3813450064107826 0.1693241 0.3
1237.0 0 12 0.23351 1.380524967217631 0.1691458 0.3
1237.5 0 12 0.233125 1.3797031973604392 0.1689675 0.3
1238.0 0 12 0.23274 1.3788796913546602 0.1687892 0.3
1238.5 0 12 0.232355 1.3780544436925488 0.1686109 0.3
1239.0 0 12 0.23197 1.377227448843039 0.1684326 0.3
1239.5 0 12 0.231585 1.3763987012516175 0.1682543 0.3
1240.0 0 12 0.23120000000000002 1.3755681953402032 0.168076 0.3
1240.5 0 12 0.230815 1.37473592550702 0.1678977 0.3
1241.0 0 12 0.23043 1.373901886126471 0.1677194 0.3
1241.5 0 12 0.230045 1.373066071549011 0.1675411 0.3
1242.0 0 12 0.22966 1.3722284761010213 0.1673628 0.3
1242.5 0 12 0.229275 1.371389094084679 0.16718449999999999 0.3
1243.0 0 12 0.22889 1.3705479197778287 0.16700619999999997 0.3
1243.5 0 12 0.228505 1.3697049474338525 0.1668279 0.3
1244.0 0 12 0.22812 1.3688601712815391 0.1666496 0.3
1244.5 0 12 0.227735 1.3680135855249524 0.16647129999999996 0.3
1245.0 0 12 0.22735 1.3671651843432977 0.166293 0.3
1245.5 0 12 0.226965 1.36631496189079 0.1661147 0.3
1246.0 0 12 0.22658 1.3654629122965183 0.1659364 0.3
1246.5 0 12 0.226195 1.364609029664312 0.16575810000000002 0.3
1247.0 0 12 0.22581 1.3637533080726032 0.1655798 0.3
1247.5 0 12 0.225425 1.3628957415742904 0.16540149999999998 0.3
1248.0 0 12 0.22504000000000002 1.3620363241966018 0.16522320000000004 0.3
1248.5 0 12 0.224655 1.3611750499409554 0.1650449 0.3
1249.0 0 12 0.22427 1.3603119127828196 0.1648666 0.3
1249.5 0 12 0.223885 1.3594469066715729 0.1646883 0.3
1250.0 0 12 0.2235 1.358580025530363 0.16451 0.3
1250.5 0 12 0.223115 1.3577112632559634 0.16433170000000002 0.3
1251.0 0 12 0.22273 1.3568406137186315 0.1641534 0.3
1251.5 0 12 0.22234500000000001 1.3559680707619635 0.16397509999999998 0.3
1252.0 0 12 0.22196 1.3550936282027488 0.1637968 0.3
1252.5 0 12 0.221575 1.3542172798308258 0.16361850000000003 0.3
1253.0 0 12 0.22119 1.3533390194089336 0.1634402 0.3
1253.5 0 12 0.220805 1.3524588406725637 0.1632619 0.3
1254.0 0 12 0.22042 1.3515767373298113 0.1630836 0.3
1254.5 0 12 0.220035 1.3506927030612264 0.1629053 0.3
1255.0 0 12 0.21965 1.3498067315196618 0.162727 0.3
1255.5 0 12 0.21926500000000002 1.3489188163301216 0.1625487 0.3
1256.0 0 12 0.21888 1.3480289510896075 0.1623704 0.3
1256.5 0 12 0.218495 1.3471371293669667 0.1621921 0.3
1257.0 0 12 0.21811 1.3462433447027353 0.16201379999999999 0.3
1257.5 0 12 0.217725 1.3453475906089827 0.16183549999999997 0.3
1258.0 0 12 0.21734 1.344449860569155 0.1616572 0.3
1258.5 0 12 0.216955 1.343550148037917 0.1614789 0.3
1259.0 0 12 0.21657 1.342648446440993 0.1613006 0.3
1259.5 0 12 0.21618500000000002 1.3417447491750056 0.16112230000000002 0.3
1260.0 0 12 0.2158 1.3408390496073168 0.160944 0.3
1260.5 0 12 0.215415 1.3399313410758638 0.1607657 0.3
1261.0 0 12 0.21503 1.3390216168889963 0.1605874 0.3
1261.5 0 12 0.214645 1.338109870325312 0.1604091 0.3
1262.0 0 12 0.21426 1.337196094633491 0.1602308 0.3
1262.5 0 12 0.213875 1.3362802830321303 0.1600525 0.3
1263.0 0 12 0.21349 1.3353624287095731 0.1598742 0.3
1263.5 0 12 0.213105 1.334442524823743 0.1596959 0.3
1264.0 0 12 0.21272 1.3335205645019734 0.1595176 0.3
1264.5 0 12 0.212335 1.3325965408408347 0.1593393 0.3
1265.0 0 12 0.21195 1.3316704469059633 0.15916099999999997 0.3
1265.5 0 12 0.211565 1.3307422757318879 0.1589827 0.3
1266.0 0 12 0.21118 1.329812020321855 0.15880439999999998 0.3
1266.5 0 12 0.210795 1.3288796736476534 0.15862609999999996 0.3
1267.0 0 12 0.21041 1.3279452286494353 0.1584478 0.3
1267.5 0 12 0.210025 1.3270086782355413 0.15826949999999998 0.3
1268.0 0 12 0.20964 1.3260700152823182 0.15809119999999996 0.3
1268.5 0 12 0.209255 1.3251292326339394 0.1579129 0.3
1269.0 0 12 0.20887 1.3241863231022235 0.15773460000000003 0.3
1269.5 0 12 0.208485 1.323241279466451 0.1575563 0.3
1270.0 0 12 0.2081 1.3222940944731794 0.157378 0.3
1270.5 0 12 0.207715 1.3213447608360576 0.1571997 0.3
1271.0 0 12 0.20733000000000001 1.3203932712356405 0.1570214 0.3
1271.5 0 12 0.206945 1.319439618319199 0.1568431 0.3
1272.0 0 12 0.20656 1.3184837947005326 0.15666480000000002 0.3
1272.5 0 12 0.206175 1.3175257929597761 0.1564865 0.3
1273.0 0 12 0.20579 1.31656560564321 0.1563082 0.3
1273.5 0 12 0.205405 1.3156032252630663 0.1561299 0.3
1274.0 0 12 0.20502 1.3146386442973335 0.1559516 0.3
1274.5 0 12 0.204635 1.3136718551895608 0.1557733 0.3
1275.0 0 12 0.20425 1.3127028503486617 0.15559499999999998 0.3
1275.5 0 12 0.203865 1.3117316221487139 0.1554167 0.3
1276.0 0 12 0.20348 1.31075816292876 0.1552384 0.3
1276.5 0 12 0.203095 1.309782464992606 0.1550601 0.3
1277.0 0 12 0.20271 1.308804520608619 0.15488180000000001 0.3
1277.5 0 12 0.202325 1.3078243220095216 0.15470349999999997 0.3
1278.0 0 12 0.20194 1.3068418613921873 0.15452519999999997 0.3
1278.5 0 12 0.20155499999999998 1.3058571309174332 0.1543469 0.3
1279.0 0 12 0.20117 1.3048701227098125 0.1541686 0.3
1279.5 0 12 0.200785 1.303880828857402 0.1539903 0.3
1280.0 0 12 0.2004 1.3028892414115933 0.153812 0.3
1280.5 0 12 0.200015 1.3018953523868788 0.15363369999999998 0.3
1281.0 0 12 0.19963 1.3008991537606367 0.1534554 0.3
1281.5 0 12 0.199245 1.2999006374729167 0.1532771 0.3
1282.0 0 12 0.19886 1.2988997954262216 0.1530988 0.3
1282.5 0 12 0.198475 1.2978966194852883 0.1529205 0.3
1283.0 0 12 0.19809 1.2968911014768676 0.1527422 0.3
1283.5 0 12 0.197705 1.2958832331895027 0.15256390000000003 0.3
1284.0 0 12 0.19732 1.2948730063733056 0.15238559999999998 0.3
1284.5 0 12 0.196935 1.2938604127397306 0.1522073 0.3
1285.0 0 12 0.19655 1.2928454439613495 0.152029 0.3
1285.5 0 12 0.196165 1.2918280916716223 0.1518507 0.3
1286.0 0 12 0.19578 1.2908083474646674 0.15167239999999999 0.3
1286.5 0 12 0.19539499999999999 1.2897862028950302 0.1514941 0.3
1287.0 0 12 0.19501 1.2887616494774503 0.1513158 0.3
1287.5 0 12 0.194625 1.2877346786866264 0.1511375 0.3
1288.0 0 12 0.19424 1.286705281956979 0.15095920000000002 0.3
1288.5 0 12 0.193855 1.2856734506824141 0.1507809 0.3
1289.0 0 12 0.19347 1.2846391762160811 0.15060260000000003 0.3
1289.5 0 12 0.193085 1.283602449870134 0.1504243 0.3
1290.0 0 12 0.19269999999999998 1.2825632629154853 0.150246 0.3
1290.5 0 12 0.19231499999999999 1.2815216065815627 0.15006770000000003 0.3
1291.0 0 12 0.19193 1.2804774720560625 0.1498894 0.3
1291.5 0 12 0.191545 1.2794308504847003 0.14971109999999999 0.3
1292.0 0 12 0.19116 1.2783817329709604 0.14953279999999997 0.3
1292.5 0 12 0.190775 1.2773301105758448 0.14935449999999997 0.3
1293.0 0 12 0.19039 1.2762759743176193 0.14917619999999995 0.3
1293.5 0 12 0.19000499999999998 1.275219315171556 0.1489979 0.3
1294.0 0 12 0.18962 1.2741601240696792 0.1488196 0.3
1294.5 0 12 0.189235 1.2730983919005012 0.1486413 0.3
1295.0 0 12 0.18885 1.2720341095087664 0.148463 0.3
1295.5 0 12 0.188465 1.2709672676951838 0.14828469999999996 0.3
1296.0 0 12 0.18808 1.2698978572161634 0.1481064 0.3
1296.5 0 12 0.187695 1.268825868783551 0.1479281 0.3
1297.0 0 12 0.18731 1.2677512930643562 0.1477498 0.3
1297.5 0 12 0.186925 1.266674120680484 0.1475715 0.3
1298.0 0 12 0.18653999999999998 1.26559434220846 0.1473932 0.3
1298.5 0 12 0.186155 1.2645119481791585 0.1472149 0.3
1299.0 0 12 0.18577 1.2634269290775222 0.1470366 0.3
1299.5 0 12 0.185385 1.2623392753422857 0.1468583 0.3
1300.0 0 12 0.185 1.261248977365694 0.14668 0.3
1300.5 0 12 0.184615 1.2601560254932194 0.1465017 0.3
1301.0 0 12 0.18423 1.2590604100232774 0.14632339999999996 0.3
1301.5 0 12 0.183845 1.2579621212069376 0.14614509999999997 0.3
1302.0 0 12 0.18345999999999998 1.256861149247637 0.1459668 0.3
1302.5 0 12 0.183075 1.2557574843008878 0.14578850000000002 0.3
1303.0 0 12 0.18269 1.2546511164739833 0.1456102 0.3
1303.5 0 12 0.182305 1.2535420358257026 0.1454319 0.3
1304.0 0 12 0.18192 1.2524302323660137 0.14525359999999998 0.3
1304.5 0 12 0.181535 1.2513156960557725 0.1450753 0.3
1305.0 0 12 0.18115 1.250198416806421 0.14489700000000003 0.3
1305.5 0 12 0.18076499999999998 1.2490783844796836 0.1447187 0.3
1306.0 0 12 0.18037999999999998 1.2479555888872589 0.1445404 0.3
1306.5 0 12 0.179995 1.246830019790513 0.1443621 0.3
1307.0 0 12 0.17961 1.2457016669001648 0.1441838 0.3
1307.5 0 12 0.179225 1.2445705198759769 0.1440055 0.3
1308.0 0 12 0.17884 1.2434365683264363 0.1438272 0.3
1308.5 0 12 0.178455 1.2422998018084372 0.1436489 0.3
1309.0 0 12 0.17806999999999998 1.241160209826961 0.1434706 0.3
1309.5 0 12 0.17768499999999998 1.240017781834753 0.1432923 0.3
1310.0 0 12 0.17729999999999999 1.2388725072319968 0.143114 0.3
1310.5 0 12 0.176915 1.2377243753659861 0.1429357 0.3
1311.0 0 12 0.17653 1.2365733755307955 0.1427574 0.3
1311.5 0 12 0.176145 1.2354194969669468 0.14257910000000001 0.3
1312.0 0 12 0.17576 1.234262728861074 0.1424008 0.3
1312.5 0 12 0.175375 1.2331030603455853 0.1422225 0.3
1313.0 0 12 0.17498999999999998 1.2319404804983236 0.1420442 0.3
1313.5 0 12 0.17460499999999998 1.230774978342223 0.1418659 0.3
1314.0 0 12 0.17421999999999999 1.2296065428449632 0.1416876 0.3
1314.5 0 12 0.173835 1.2284351629186208 0.1415093 0.3
1315.0 0 12 0.17345 1.2272608274193206 0.141331 0.3
1315.5 0 12 0.173065 1.22608352514688 0.1411527 0.3
1316.0 0 12 0.17268 1.2249032448444541 0.14097439999999997 0.3
1316.5 0 12 0.17229499999999998 1.2237199751981767 0.14079609999999998 0.3
1317.0 0 12 0.17190999999999998 1.2225337048367988 0.14061779999999996 0.3
1317.5 0 12 0.17152499999999998 1.2213444223313241 0.1404395 0.3
1318.0 0 12 0.17114 1.2201521161946425 0.1402612 0.3
1318.5 0 12 0.170755 1.2189567748811594 0.14008290000000004 0.3
1319.0 0 12 0.17037 1.2177583867864246 0.1399046 0.3
1319.5 0 12 0.169985 1.2165569402467538 0.1397263 0.3
1320.0 0 12 0.16959999999999997 1.2153524235388538 0.139548 0.3
1320.5 0 12 0.16921499999999998 1.2141448248794393 0.13936969999999999 0.3
1321.0 0 12 0.16882999999999998 1.212934132424848 0.1391914 0.3
1321.5 0 12 0.16844499999999998 1.2117203342706548 0.1390131 0.3
1322.0 0 12 0.16806 1.2105034184512817 0.13883479999999998 0.3
1322.5 0 12 0.167675 1.2092833729396026 0.1386565 0.3
1323.0 0 12 0.16729 1.2080601856465494 0.1384782 0.3
1323.5 0 12 0.16690499999999997 1.2068338444207116 0.1382999 0.3
1324.0 0 12 0.16651999999999997 1.2056043370479343 0.1381216 0.3
1324.5 0 12 0.16613499999999998 1.2043716512509124 0.1379433 0.3
1325.0 0 12 0.16574999999999998 1.2031357746887814 0.137765 0.3
1325.5 0 12 0.16536499999999998 1.2018966949567071 0.1375867 0.3
1326.0 0 12 0.16498 1.2006543995854693 0.13740839999999999 0.3
1326.5 0 12 0.164595 1.1994088760410435 0.1372301 0.3
1327.0 0 12 0.16420999999999997 1.19816011172418 0.1370518 0.3
1327.5 0 12 0.16382499999999997 1.1969080939699794 0.13687349999999998 0.3
1328.0 0 12 0.16343999999999997 1.1956528100474633 0.1366952 0.3
1328.5 0 12 0.16305499999999998 1.1943942471591429 0.13651689999999997 0.3
1329.0 0 12 0.16266999999999998 1.1931323924405852 0.1363386 0.3
1329.5 0 12 0.16228499999999998 1.1918672329599742 0.1361603 0.3
1330.0 0 12 0.1619 1.1905987557176685 0.135982 0.3
1330.5 0 12 0.16151499999999996 1.189326947645756 0.1358037 0.3
1331.0 0 12 0.16112999999999997 1.188051795607607 0.1356254 0.3
1331.5 0 12 0.16074499999999997 1.18677328639742 0.1354471 0.3
1332.0 0 12 0.16035999999999997 1.1854914067397655 0.1352688 0.3
1332.5 0 12 0.15997499999999998 1.1842061432891282 0.1350905 0.3
1333.0 0 12 0.15958999999999998 1.1829174826294435 0.13491219999999998 0.3
1333.5 0 12 0.15920499999999999 1.1816254112736289 0.13473390000000002 0.3
1334.0 0 12 0.15881999999999996 1.180329915663116 0.1345556 0.3
1334.5 0 12 0.15843499999999996 1.1790309821673748 0.1343773 0.3
1335.0 0 12 0.15804999999999997 1.1777285970834355 0.134199 0.3
1335.5 0 12 0.15766499999999997 1.1764227466354076 0.1340207 0.3
1336.0 0 12 0.15727999999999998 1.1751134169739932 0.1338424 0.3
1336.5 0 12 0.15689499999999998 1.1738005941759977 0.1336641 0.3
1337.0 0 12 0.15650999999999998 1.1724842642438371 0.1334858 0.3
1337.5 0 12 0.15612499999999996 1.171164413105039 0.13330749999999997 0.3
1338.0 0 12 0.15573999999999996 1.1698410266117423 0.1331292 0.3
1338.5 0 12 0.15535499999999997 1.1685140905401918 0.13295089999999998 0.3
1339.0 0 12 0.15496999999999997 1.167183590590227 0.1327726 0.3
1339.5 0 12 0.15458499999999997 1.1658495123847705 0.1325943 0.3
1340.0 0 12 0.15419999999999998 1.1645118414693088 0.13241599999999998 0.3
1340.5 0 12 0.15381499999999998 1.1631705633113703 0.1322377 0.3
1341.0 0 12 0.15342999999999996 1.1618256632999995 0.1320594 0.3
1341.5 0 12 0.15304499999999996 1.160477126745227 0.1318811 0.3
1342.0 0 12 0.15265999999999996 1.159124938877533 0.1317028 0.3
1342.5 0 12 0.15227499999999997 1.1577690848473097 0.1315245 0.3
1343.0 0 12 0.15188999999999997 1.156409549724316 0.1313462 0.3
1343.5 0 12 0.15150499999999997 1.155046318497132 0.1311679 0.3
1344.0 0 12 0.15111999999999998 1.1536793760726043 0.13098959999999998 0.3
1344.5 0 12 0.15073499999999995 1.1523087072752887 0.1308113 0.3
1345.0 0 12 0.15034999999999996 1.1509342968468914 0.130633 0.3
1345.5 0 12 0.14996499999999996 1.1495561294457002 0.13045469999999998 0.3
1346.0 0 12 0.14957999999999996 1.148174189646014 0.1302764 0.3
1346.5 0 12 0.14919499999999997 1.1467884619375683 0.1300981 0.3
1347.0 0 12 0.14880999999999997 1.1453989307249546 0.1299198 0.3
1347.5 0 12 0.14842499999999997 1.1440055803270346 0.1297415 0.3
1348.0 0 12 0.14803999999999995 1.142608394976351 0.1295632 0.3
1348.5 0 12 0.14765499999999995 1.1412073588185325 0.1293849 0.3
1349.0 0 12 0.14726999999999996 1.1398024559116946 0.1292066 0.3
1349.5 0 12 0.14688499999999996 1.138393670225834 0.12902829999999998 0.3
1350.0 0 12 0.14649999999999996 1.1369809856422195 0.12884999999999996 0.3
1350.5 0 12 0.14611499999999997 1.1355643859527773 0.1286717 0.3
1351.0 0 12 0.14572999999999997 1.1341438548594713 0.12849339999999998 0.3
1351.5 0 12 0.14534499999999997 1.1327193759736771 0.1283151 0.3
1352.0 0 12 0.14495999999999998 1.1312909328155532 0.1281368 0.3
1352.5 0 12 0.14457499999999995 1.1298585088134039 0.1279585 0.3
1353.0 0 12 0.14418999999999996 1.1284220873030402 0.1277802 0.3
1353.5 0 12 0.14380499999999996 1.1269816515271323 0.1276019 0.3
1354.0 0 12 0.14341999999999996 1.1255371846345572 0.1274236 0.3
1354.5 0 12 0.14303499999999997 1.1240886696797443 0.1272453 0.3
1355.0 0 12 0.14264999999999997 1.1226360896220104 0.12706699999999999 0.3
1355.5 0 12 0.14226499999999997 1.1211794273248916 0.1268887 0.3
1356.0 0 12 0.14187999999999998 1.1197186655554712 0.1267104 0.3
1356.5 0 12 0.14149499999999998 1.1182537869836982 0.12653209999999998 0.3
1357.0 0 12 0.14110999999999996 1.1167847741817023 0.1263538 0.3
1357.5 0 12 0.14072499999999996 1.1153116096231042 0.1261755 0.3
1358.0 0 12 0.14033999999999996 1.1138342756823165 0.1259972 0.3
1358.5 0 12 0.13995499999999997 1.1123527546338423 0.12581890000000004 0.3
1359.0 0 12 0.13956999999999997 1.1108670286515663 0.1256406 0.3
1359.5 0 12 0.13918499999999998 1.1093770798080378 0.1254623 0.3
1360.0 0 12 0.13879999999999998 1.1078828900737523 0.125284 0.3
1360.5 0 12 0.13841499999999998 1.1063844413164228 0.1251057 0.3
1361.0 0 12 0.13802999999999996 1.1048817153002461 0.12492739999999998 0.3
1361.5 0 12 0.13764499999999996 1.1033746936851645 0.1247491 0.3
1362.0 0 12 0.13725999999999997 1.1018633580261183 0.12457079999999998 0.3
1362.5 0 12 0.13687499999999997 1.1003476897722932 0.12439249999999998 0.3
1363.0 0 12 0.13648999999999997 1.0988276702663622 0.1242142 0.3
1363.5 0 12 0.13610499999999998 1.09730328074372 0.1240359 0.3
1364.0 0 12 0.13571999999999998 1.09577450233171 0.12385759999999997 0.3
1364.5 0 12 0.13533499999999998 1.0942413160488456 0.1236793 0.3
1365.0 0 12 0.13495 1.0927037028040258 0.12350099999999999 0.3
1365.5 0 12 0.13456499999999996 1.0911616433957412 0.1233227 0.3
1366.0 0 12 0.13417999999999997 1.0896151185112761 0.12314439999999997 0.3
1366.5 0 12 0.13379499999999997 1.0880641087259006 0.1229661 0.3
1367.0 0 12 0.13340999999999997 1.0865085945020594 0.1227878 0.3
1367.5 0 12 0.13302499999999998 1.0849485561885497 0.1226095 0.3
1368.0 0 12 0.13263999999999998 1.0833839740196942 0.1224312 0.3
1368.5 0 12 0.13225499999999998 1.0818148281145068 0.1222529 0.3
1369.0 0 12 0.13187 1.08024109847585 0.1220746 0.3
1369.5 0 12 0.13148499999999996 1.0786627649895852 0.12189629999999997 0.3
1370.0 0 12 0.13109999999999997 1.077079807423717 0.121718 0.3
1370.5 0 12 0.13071499999999997 1.0754922054275267 0.12153970000000001 0.3
1371.0 0 12 0.13032999999999997 1.0738999385307024 0.12136139999999998 0.3
1371.5 0 12 0.12994499999999998 1.0723029861424571 0.12118309999999997 0.3
1372.0 0 12 0.12955999999999998 1.0707013275506425 0.1210048 0.3
1372.5 0 12 0.12917499999999998 1.0690949419208533 0.1208265 0.3
1373.0 0 12 0.12879 1.0674838082955236 0.1206482 0.3
1373.5 0 12 0.128405 1.0658679055930154 0.12046989999999999 0.3
1374.0 0 12 0.12801999999999997 1.0642472126066989 0.12029159999999998 0.3
1374.5 0 12 0.12763499999999997 1.062621708004026 0.12011329999999998 0.3
1375.0 0 12 0.12724999999999997 1.0609913703255929 0.11993499999999999 0.3
1375.5 0 12 0.12686499999999998 1.0593561779841962 0.1197567 0.3
1376.0 0 12 0.12647999999999998 1.0577161092638805 0.11957839999999999 0.3
1376.5 0 12 0.12609499999999998 1.0560711423189761 0.1194001 0.3
1377.0 0 12 0.12571 1.0544212551731311 0.11922179999999999 0.3
1377.5 0 12 0.125325 1.0527664257183298 0.11904350000000001 0.3
1378.0 0 12 0.12493999999999998 1.0511066317139077 0.1188652 0.3
1378.5 0 12 0.12455499999999999 1.049441850785554 0.11868690000000001 0.3
1379.0 0 12 0.12416999999999999 1.0477720604243068 0.11850859999999998 0.3
1379.5 0 12 0.12378499999999998 1.0460972379855369 0.11833030000000001 0.3
1380.0 0 12 0.12339999999999998 1.0444173606879272 0.11815200000000001 0.3
1380.5 0 12 0.12301499999999999 1.0427324056124374 0.11797369999999999 0.3
1381.0 0 12 0.12262999999999999 1.0410423497012615 0.11779540000000001 0.3
1381.5 0 12 0.12224499999999999 1.0393471697567787 0.11761709999999999 0.3
1382.0 0 12 0.12185999999999998 1.037646842440488 0.11743879999999998 0.3
1382.5 0 12 0.12147499999999999 1.0359413442719414 0.1172605 0.3
1383.0 0 12 0.12108999999999999 1.0342306516276598 0.1170822 0.3
1383.5 0 12 0.12070499999999998 1.0325147407400437 0.11690389999999998 0.3
1384.0 0 12 0.12031999999999998 1.0307935876962722 0.1167256 0.3
1384.5 0 12 0.11993499999999999 1.0290671684371924 0.11654729999999999 0.3
1385.0 0 12 0.11954999999999999 1.027335458756198 0.11636899999999999 0.3
1385.5 0 12 0.119165 1.025598434298098 0.11619069999999998 0.3
1386.0 0 12 0.11878 1.023856070557975 0.11601239999999999 0.3
1386.5 0 12 0.11839499999999999 1.0221083428800326 0.11583410000000001 0.3
1387.0 0 12 0.11800999999999999 1.0203552264564337 0.11565579999999998 0.3
1387.5 0 12 0.117625 1.0185966963261242 0.1154775 0.3
1388.0 0 12 0.11723999999999998 1.0168327273736504 0.1152992 0.3
1388.5 0 12 0.11685499999999999 1.015063294327963 0.1151209 0.3
1389.0 0 12 0.11646999999999999 1.0132883717612096 0.11494259999999998 0.3
1389.5 0 12 0.116085 1.0115079340875166 0.11476430000000001 0.3
1390.0 0 12 0.1157 1.0097219555617616 0.11458599999999998 0.3
1390.5 0 12 0.11531499999999999 1.007930410278329 0.1144077 0.3
1391.0 0 12 0.11492999999999999 1.0061332721698617 0.1142294 0.3
1391.5 0 12 0.114545 1.004330515005993 0.11405109999999999 0.3
1392.0 0 12 0.11415999999999998 1.0025221123920725 0.1138728 0.3
1392.5 0 12 0.11377499999999999 1.0007080377678779 0.11369449999999999 0.3
1393.0 1 12 0.11338999999999999 0.9988882644063137 0.1135162 0.3
1393.5 1 12 0.113005 0.9970627654120996 0.11333789999999998 0.3
1394.0 1 12 0.11262 0.9952315137204444 0.11315960000000001 0.3
1394.5 1 12 0.112235 0.9933944820957097 0.11298129999999999 0.3
1395.0 1 12 0.11185 0.9915516431300587 0.11280299999999999 0.3
1395.5 1 12 0.111465 0.9897029692420934 0.1126247 0.3
1396.0 1 12 0.11108 0.9878484326754793 0.11244639999999997 0.3
1396.5 1 12 0.11069499999999999 0.9859880054975545 0.11226809999999998 0.3
1397.0 1 12 0.11030999999999999 0.9841216595979295 0.11208979999999999 0.3
1397.5 1 12 0.109925 0.9822493666870696 0.1119115 0.3
1398.0 1 12 0.10954 0.9803710982948668 0.11173319999999999 0.3
1398.5 1 12 0.109155 0.9784868257691953 0.11155489999999998 0.3
1399.0 1 12 0.10877 0.9765965202744563 0.11137659999999999 0.3
1399.5 1 12 0.108385 0.9747001527901057 0.11119829999999997 0.3
1400.0 1 12 0.108 0.9727976941091696 0.11102 0.3
1400.5 1 12 0.1078475 0.9725089644681082 0.11089615 0.3
1401.0 1 12 0.107695 0.9722195891933273 0.11077229999999998 0.3
1401.5 1 12 0.1075425 0.9719295661168322 0.11064845 0.3
1402.0 1 12 0.10739 0.9716388930609113 0.11052459999999999 0.3
1402.5 1 12 0.1072375 0.9713475678380808 0.11040074999999999 0.3
1403.0 1 12 0.107085 0.9710555882510299 0.11027690000000001 0.3
1403.5 1 12 0.1069325 0.9707629520925658 0.11015305 0.3
1404.0 1 12 0.10678 0.9704696571455578 0.1100292 0.3
1404.5 1 12 0.1066275 0.9701757011828814 0.10990535 0.3
1405.0 1 12 0.106475 0.9698810819673626 0.1097815 0.3
1405.5 1 12 0.1063225 0.9695857972517193 0.10965765 0.3
1406.0 1 12 0.10617 0.9692898447785068 0.10953379999999999 0.3
1406.5 1 12 0.1060175 0.9689932222800578 0.10940994999999999 0.3
1407.0 1 12 0.105865 0.9686959274784259 0.1092861 0.3
1407.5 1 12 0.1057125 0.9683979580853272 0.10916224999999997 0.3
1408.0 1 12 0.10556 0.9680993118020808 0.1090384 0.3
1408.5 1 12 0.1054075 0.9677999863195506 0.10891455 0.3
1409.0 1 12 0.105255 0.9674999793180852 0.10879069999999999 0.3
1409.5 1 12 0.1051025 0.9671992884674582 0.10866685000000001 0.3
1410.0 1 12 0.10495 0.9668979114268078 0.108543 0.3
1410.5 1 12 0.1047975 0.9665958458445765 0.10841914999999999 0.3
1411.0 1 12 0.104645 0.9662930893584487 0.1082953 0.3
1411.5 1 12 0.1044925 0.9659896395952907 0.10817145 0.3
1412.0 1 12 0.10434 0.9656854941710876 0.1080476 0.3
1412.5 1 12 0.1041875 0.9653806506908813 0.10792374999999998 0.3
1413.0 1 12 0.104035 0.9650751067487077 0.10779989999999998 0.3
1413.5 1 12 0.1038825 0.9647688599275327 0.10767605 0.3
1414.0 1 12 0.10373 0.9644619077991896 0.1075522 0.3
1414.5 1 12 0.1035775 0.9641542479243143 0.10742834999999999 0.3
1415.0 1 12 0.103425 0.9638458778522803 0.10730450000000001 0.3
1415.5 1 12 0.1032725 0.9635367951211344 0.10718064999999999 0.3
1416.0 1 12 0.10312 0.9632269972575307 0.1070568 0.3
1416.5 1 12 0.1029675 0.9629164817766648 0.10693295 0.3
1417.0 1 12 0.102815 0.9626052461822074 0.10680909999999998 0.3
1417.5 1 12 0.1026625 0.9622932879662373 0.10668524999999998 0.3
1418.0 1 12 0.10251 0.9619806046091737 0.1065614 0.3
1418.5 1 12 0.1023575 0.9616671935797095 0.10643754999999999 0.3
1419.0 1 12 0.102205 0.9613530523347414 0.1063137 0.3
1419.5 1 12 0.1020525 0.9610381783193028 0.10618984999999999 0.3
1420.0 1 12 0.1019 0.9607225689664927 0.106066 0.3
1420.5 1 12 0.1017475 0.9604062216974075 0.10594215 0.3
1421.0 1 12 0.101595 0.9600891339210705 0.10581829999999998 0.3
1421.5 1 12 0.1014425 0.95977130303436 0.10569445 0.3
1422.0 1 12 0.10129 0.9594527264219395 0.10557059999999999 0.3
1422.5 1 12 0.1011375 0.9591334014561853 0.10544674999999999 0.3
1423.0 1 12 0.100985 0.9588133254971142 0.1053229 0.3
1423.5 1 12 0.1008325 0.958492495892311 0.10519904999999997 0.3
1424.0 1 12 0.10067999999999999 0.9581709099768546 0.10507520000000001 0.3
1424.5 1 12 0.10052749999999999 0.9578485650732458 0.10495134999999998 0.3
1425.0 1 12 0.10037499999999999 0.957525458491331 0.10482749999999999 0.3
1425.5 1 12 0.10022249999999999 0.9572015875282285 0.10470364999999998 0.3
1426.0 1 12 0.10006999999999999 0.9568769494682529 0.10457979999999999 0.3
1426.5 1 12 0.09991749999999999 0.9565515415828395 0.10445594999999999 0.3
1427.0 1 12 0.09976499999999999 0.956225361130467 0.10433210000000001 0.3
1427.5 1 12 0.09961249999999999 0.9558984053565815 0.10420825000000002 0.3
1428.0 1 12 0.09945999999999999 0.9555706714935187 0.1040844 0.3
1428.5 1 12 0.09930749999999999 0.9552421567604249 0.10396055 0.3
1429.0 1 12 0.099155 0.9549128583631799 0.1038367 0.3
1429.5 1 12 0.0990025 0.9545827734943163 0.10371284999999998 0.3
1430.0 1 12 0.09885 0.9542518993329406 0.10358900000000001 0.3
1430.5 1 12 0.0986975 0.9539202330446532 0.10346514999999998 0.3
1431.0 1 12 0.098545 0.9535877717814658 0.1033413 0.3
1431.5 1 12 0.0983925 0.953254512681722 0.10321744999999999 0.3
1432.0 1 12 0.09824 0.9529204528700133 0.1030936 0.3
1432.5 1 12 0.0980875 0.9525855894570978 0.10296975000000001 0.3
1433.0 1 12 0.097935 0.9522499195398164 0.10284589999999998 0.3
1433.5 1 12 0.0977825 0.9519134402010084 0.10272205 0.3
1434.0 1 12 0.09763 0.951576148509428 0.10259820000000001 0.3
1434.5 1 12 0.0974775 0.9512380415196584 0.10247434999999998 0.3
1435.0 1 12 0.097325 0.9508991162720261 0.1023505 0.3
1435.5 1 12 0.0971725 0.9505593697925149 0.10222665000000002 0.3
1436.0 1 12 0.09702 0.9502187990926791 0.1021028 0.3
1436.5 1 12 0.0968675 0.9498774011695551 0.10197895 0.3
1437.0 1 12 0.096715 0.9495351730055737 0.10185509999999998 0.3
1437.5 1 12 0.0965625 0.9491921115684708 0.10173125000000001 0.3
1438.0 1 12 0.09641 0.9488482138111988 0.10160739999999999 0.3
1438.5 1 12 0.0962575 0.948503476671835 0.10148354999999999 0.3
1439.0 1 12 0.096105 0.9481578970734917 0.1013597 0.3
1439.5 1 12 0.0959525 0.9478114719242245 0.10123584999999999 0.3
1440.0 1 12 0.0958 0.9474641981169396 0.10111200000000001 0.3
1440.5 1 12 0.0956475 0.9471160725293016 0.10098815 0.3
1441.0 1 12 0.095495 0.9467670920236397 0.10086429999999999 0.3
1441.5 1 12 0.0953425 0.9464172534468528 0.10074045 0.3
1442.0 1 12 0.09519 0.9460665536303154 0.1006166 0.3
1442.5 1 12 0.0950375 0.9457149893897819 0.10049274999999999 0.3
1443.0 1 12 0.094885 0.9453625575252892 0.10036889999999998 0.3
1443.5 1 12 0.0947325 0.9450092548210609 0.10024505 0.3
1444.0 1 12 0.09458 0.944655078045409 0.10012119999999998 0.3
1444.5 1 12 0.0944275 0.9443000239506347 0.09999734999999998 0.3
1445.0 1 12 0.094275 0.9439440892729303 0.0998735 0.3
1445.5 1 12 0.0941225 0.9435872707322783 0.09974965 0.3
1446.0 1 12 0.09397 0.943229565032351 0.0996258 0.3
1446.5 1 12 0.0938175 0.9428709688604093 0.09950194999999999 0.3
1447.0 1 12 0.093665 0.9425114788871995 0.0993781 0.3
1447.5 1 12 0.0935125 0.9421510917668514 0.09925424999999999 0.3
1448.0 1 12 0.09336 0.9417898041367734 0.09913040000000001 0.3
1448.5 1 12 0.0932075 0.941427612617549 0.09900655000000001 0.3
1449.0 1 12 0.093055 0.9410645138128308 0.09888269999999999 0.3
1449.5 1 12 0.0929025 0.9407005043092341 0.09875885 0.3
1450.0 1 12 0.09275 0.9403355806762306 0.098635 0.3
1450.5 1 12 0.0925975 0.9399697394660402 0.09851114999999999 0.3
1451.0 1 12 0.092445 0.9396029772135225 0.0983873 0.3
1451.5 1 12 0.0922925 0.9392352904360675 0.09826345000000002 0.3
1452.0 1 12 0.09214 0.9388666756334855 0.0981396 0.3
1452.5 1 12 0.0919875 0.9384971292878951 0.09801575 0.3
1453.0 1 12 0.091835 0.9381266478636128 0.09789190000000002 0.3
1453.5 1 12 0.0916825 0.9377552278070392 0.09776805 0.3
1454.0 1 12 0.09153 0.9373828655465455 0.0976442 0.3
1454.5 1 12 0.0913775 0.9370095574923594 0.09752034999999998 0.3
1455.0 1 12 0.091225 0.936635300036449 0.09739649999999998 0.3
1455.5 1 12 0.0910725 0.9362600895524076 0.09727264999999999 0.3
1456.0 1 12 0.09092 0.9358839223953359 0.09714880000000001 0.3
1456.5 1 12 0.0907675 0.9355067949017237 0.09702495000000001 0.3
1457.0 1 12 0.090615 0.9351287033893321 0.09690109999999999 0.3
1457.5 1 12 0.0904625 0.9347496441570721 0.09677725 0.3
1458.0 1 12 0.09031 0.9343696134848852 0.0966534 0.3
1458.5 1 12 0.0901575 0.9339886076336211 0.09652954999999998 0.3
1459.0 1 12 0.090005 0.9336066228449148 0.0964057 0.3
1459.5 1 12 0.0898525 0.9332236553410638 0.09628185 0.3
1460.0 1 12 0.0897 0.9328397013249028 0.096158 0.3
1460.5 1 12 0.0895475 0.9324547569796786 0.09603415 0.3
1461.0 1 12 0.089395 0.9320688184689235 0.0959103 0.3
1461.5 1 12 0.0892425 0.9316818819363282 0.09578645000000001 0.3
1462.0 1 12 0.08909 0.9312939435056125 0.0956626 0.3
1462.5 1 12 0.0889375 0.9309049992803968 0.09553874999999999 0.3
1463.0 1 12 0.088785 0.930515045344071 0.09541490000000001 0.3
1463.5 1 12 0.0886325 0.9301240777596639 0.09529104999999999 0.3
1464.0 1 12 0.08848 0.929732092569709 0.0951672 0.3
1464.5 1 12 0.0883275 0.9293390857961131 0.09504335 0.3
1465.0 1 12 0.088175 0.9289450534400203 0.09491949999999999 0.3
1465.5 1 12 0.0880225 0.9285499914816767 0.09479565 0.3
1466.0 1 12 0.08787 0.9281538958802938 0.0946718 0.3
1466.5 1 12 0.0877175 0.927756762573911 0.09454794999999998 0.3
1467.0 1 12 0.087565 0.9273585874792559 0.0944241 0.3
1467.5 1 12 0.0874125 0.9269593664916053 0.09430025 0.3
1468.0 1 12 0.08726 0.9265590954846438 0.09417640000000001 0.3
1468.5 1 12 0.0871075 0.9261577703103212 0.09405255000000001 0.3
1469.0 1 12 0.086955 0.9257553867987101 0.09392870000000002 0.3
1469.5 1 12 0.0868025 0.9253519407578606 0.09380485 0.3
1470.0 1 12 0.08665 0.9249474279736554 0.093681 0.3
1470.5 1 12 0.0864975 0.9245418442096622 0.09355715 0.3
1471.0 1 12 0.086345 0.9241351852069873 0.0934333 0.3
1471.5 1 12 0.0861925 0.9237274466841248 0.09330945 0.3
1472.0 1 12 0.08604 0.9233186243368076 0.0931856 0.3
1472.5 1 12 0.0858875 0.922908713837855 0.09306175000000001 0.3
1473.0 1 12 0.085735 0.9224977108370215 0.09293789999999999 0.3
1473.5 1 12 0.0855825 0.9220856109608406 0.09281405 0.3
1474.0 1 12 0.08543 0.9216724098124721 0.09269020000000001 0.3
1474.5 1 12 0.0852775 0.9212581029715443 0.09256634999999999 0.3
1475.0 1 12 0.085125 0.9208426859939963 0.0924425 0.3
1475.5 1 12 0.0849725 0.9204261544119201 0.09231864999999999 0.3
1476.0 1 12 0.08482 0.9200085037333994 0.0921948 0.3
1476.5 1 12 0.0846675 0.9195897294423486 0.09207095000000001 0.3
1477.0 1 12 0.084515 0.9191698269983501 0.09194710000000002 0.3
1477.5 1 12 0.0843625 0.9187487918364904 0.09182324999999998 0.3
1478.0 1 12 0.08421000000000001 0.9183266193671933 0.0916994 0.3
1478.5 1 12 0.08405750000000001 0.9179033049760553 0.09157555 0.3
1479.0 1 12 0.083905 0.9174788440236759 0.0914517 0.3
1479.5 1 12 0.0837525 0.9170532318454885 0.09132785 0.3
1480.0 1 12 0.0836 0.9166264637515898 0.091204 0.3
1480.5 1 12 0.0834475 0.9161985350265672 0.09108014999999998 0.3
1481.0 1 12 0.083295 0.9157694409293254 0.09095629999999999 0.3
1481.5 1 12 0.0831425 0.915339176692911 0.09083244999999998 0.3
1482.0 1 12 0.08299 0.9149077375243361 0.0907086 0.3
1482.5 1 12 0.0828375 0.9144751186044009 0.09058474999999999 0.3
1483.0 1 12 0.082685 0.914041315087513 0.0904609 0.3
1483.5 1 12 0.0825325 0.9136063221015076 0.09033704999999999 0.3
1484.0 1 12 0.08238 0.9131701347474649 0.0902132 0.3
1484.5 1 12 0.0822275 0.9127327480995256 0.09008935 0.3
1485.0 1 12 0.082075 0.9122941572047062 0.0899655 0.3
1485.5 1 12 0.0819225 0.9118543570827117 0.08984165 0.3
1486.0 1 12 0.08177 0.9114133427257467 0.0897178 0.3
1486.5 1 12 0.0816175 0.9109711090983262 0.08959395000000002 0.3
1487.0 1 12 0.081465 0.9105276511370838 0.08947009999999998 0.3
1487.5 1 12 0.0813125 0.9100829637505771 0.08934625 0.3
1488.0 1 12 0.08116 0.9096370418190948 0.0892224 0.3
1488.5 1 12 0.0810075 0.9091898801944588 0.08909855 0.3
1489.0 1 12 0.080855 0.908741473699827 0.0889747 0.3
1489.5 1 12 0.0807025 0.9082918171294929 0.08885085 0.3
1490.0 1 12 0.08055 0.9078409052486841 0.088727 0.3
1490.5 1 12 0.0803975 0.9073887327933601 0.08860315 0.3
1491.0 1 12 0.080245 0.906935294470006 0.0884793 0.3
1491.5 1 12 0.0800925 0.9064805849554272 0.08835545 0.3
1492.0 1 12 0.07994 0.9060245988965405 0.0882316 0.3
1492.5 1 12 0.0797875 0.905567330910164 0.08810775 0.3
1493.0 1 12 0.079635 0.9051087755828054 0.0879839 0.3
1493.5 1 12 0.0794825 0.9046489274704488 0.08786005 0.3
1494.0 1 12 0.07933 0.904187781098338 0.0877362 0.3
1494.5 1 12 0.0791775 0.9037253309607606 0.08761235 0.3
1495.0 1 12 0.079025 0.9032615715208284 0.0874885 0.3
1495.5 1 12 0.0788725 0.902796497210256 0.08736465000000002 0.3
1496.0 1 12 0.07872 0.9023301024291386 0.08724080000000001 0.3
1496.5 1 12 0.0785675 0.9018623815457267 0.08711695 0.3
1497.0 1 12 0.078415 0.9013933288961997 0.08699310000000002 0.3
1497.5 1 12 0.0782625 0.9009229387844375 0.08686925000000001 0.3
1498.0 1 12 0.07811 0.9004512054817893 0.08674539999999999 0.3
1498.5 1 12 0.0779575 0.8999781232268415 0.08662154999999999 0.3
1499.0 1 12 0.077805 0.8995036862251828 0.0864977 0.3
1499.5 1 12 0.0776525 0.8990278886491687 0.08637385 0.3
1500.0 1 12 0.0775 0.8985507246376813 0.08625 0.3
1500.5 1 12 0.0773475 0.8980721882958892 0.08612615000000001 0.3
1501.0 1 12 0.077195 0.8975922736950058 0.0860023 0.3
1501.5 1 12 0.0770425 0.897110974872043 0.08587845 0.3
1502.0 1 12 0.07689 0.8966282858295648 0.08575460000000001 0.3
1502.5 1 12 0.0767375 0.8961442005354384 0.08563075 0.3
1503.0 1 12 0.076585 0.8956587129225829 0.0855069 0.3
1503.5 1 12 0.0764325 0.895171816888715 0.08538305 0.3
1504.0 1 12 0.07628 0.8946835062960946 0.08525920000000001 0.3
1504.5 1 12 0.0761275 0.8941937749712664 0.08513534999999998 0.3
1505.0 1 12 0.075975 0.8937026167047988 0.08501149999999999 0.3
1505.5 1 12 0.0758225 0.893210025251023 0.08488765 0.3
1506.0 1 12 0.07567 0.8927159943277673 0.0847638 0.3
1506.5 1 12 0.0755175 0.8922205176160903 0.08463994999999999 0.3
1507.0 1 12 0.075365 0.8917235887600115 0.0845161 0.3
1507.5 1 12 0.0752125 0.8912252013662392 0.08439225000000002 0.3
1508.0 1 12 0.07506 0.8907253490038972 0.0842684 0.3
1508.5 1 12 0.0749075 0.8902240252042468 0.08414455 0.3
1509.0 1 12 0.074755 0.8897212234604092 0.0840207 0.3
1509.5 1 12 0.0746025 0.8892169372270831 0.08389685 0.3
1510.0 1 12 0.07445 0.8887111599202607 0.083773 0.3
1510.5 1 12 0.0742975 0.8882038849169418 0.08364914999999999 0.3
1511.0 1 12 0.074145 0.8876951055548439 0.08352530000000001 0.3
1511.5 1 12 0.0739925 0.887184815132111 0.08340145000000002 0.3
1512.0 1 12 0.07384 0.8866730069070193 0.08327760000000002 0.3
1512.5 1 12 0.0736875 0.8861596740976806 0.08315374999999998 0.3
1513.0 1 12 0.073535 0.8856448098817414 0.08302989999999999 0.3
1513.5 1 12 0.0733825 0.8851284073960828 0.08290605 0.3
1514.0 1 12 0.07323 0.8846104597365134 0.08278220000000001 0.3
1514.5 1 12 0.0730775 0.8840909599574636 0.08265834999999999 0.3
1515.0 1 12 0.072925 0.8835699010716731 0.0825345 0.3
1515.5 1 12 0.0727725 0.8830472760498795 0.08241064999999999 0.3
1516.0 1 12 0.07262 0.8825230778205011 0.0822868 0.3
1516.5 1 12 0.0724675 0.8819972992693179 0.08216295000000001 0.3
1517.0 1 12 0.072315 0.8814699332391506 0.08203910000000002 0.3
1517.5 1 12 0.0721625 0.8809409725295352 0.08191525 0.3
1518.0 1 12 0.07201 0.8804104098963951 0.08179139999999999 0.3
1518.5 1 12 0.0718575 0.8798782380517108 0.08166755 0.3
1519.0 1 12 0.071705 0.8793444496631868 0.0815437 0.3
1519.5 1 12 0.0715525 0.8788090373539131 0.08141985 0.3
1520.0 1 12 0.0714 0.8782719937020271 0.08129600000000002 0.3
1520.5 1 12 0.0712475 0.8777333112403701 0.08117215 0.3
1521.0 1 12 0.071095 0.8771929824561404 0.0810483 0.3
1521.5 1 12 0.0709425 0.8766509997905455 0.08092445 0.3
1522.0 1 12 0.07079 0.8761073556384483 0.08080059999999999 0.3
1522.5 1 12 0.0706375 0.8755620423480125 0.08067674999999998 0.3
1523.0 1 12 0.070485 0.8750150522203423 0.0805529 0.3
1523.5 1 12 0.0703325 0.8744663775091215 0.08042904999999999 0.3
1524.0 1 12 0.07017999999999999 0.8739160104202467 0.0803052 0.3
1524.5 1 12 0.07002749999999999 0.8733639431114592 0.08018135 0.3
1525.0 1 12 0.06987499999999999 0.8728101676919713 0.08005749999999999 0.3
1525.5 1 12 0.06972249999999999 0.8722546762220916 0.07993365 0.3
1526.0 1 12 0.06956999999999999 0.8716974607128447 0.0798098 0.3
1526.5 1 12 0.0694175 0.8711385131255885 0.07968595 0.3
1527.0 1 12 0.069265 0.8705778253716279 0.0795621 0.3
1527.5 1 12 0.0691125 0.8700153893118239 0.07943824999999999 0.3
1528.0 1 12 0.06896 0.8694511967562005 0.0793144 0.3
1528.5 1 12 0.0688075 0.868885239463547 0.07919055 0.3
1529.0 1 12 0.068655 0.8683175091410162 0.0790667 0.3
1529.5 1 12 0.0685025 0.8677479974437202 0.07894285000000001 0.3
1530.0 1 12 0.06835 0.8671766959743208 0.078819 0.3
1530.5 1 12 0.0681975 0.8666035962826172 0.07869514999999999 0.3
1531.0 1 12 0.068045 0.8660286898651287 0.07857130000000001 0.3
1531.5 1 12 0.0678925 0.8654519681646757 0.07844745 0.3
1532.0 1 12 0.06774 0.8648734225699534 0.0783236 0.3
1532.5 1 12 0.0675875 0.8642930444151036 0.07819975 0.3
1533.0 1 12 0.067435 0.8637108249792829 0.0780759 0.3
1533.5 1 12 0.0672825 0.8631267554862252 0.07795204999999998 0.3
1534.0 1 12 0.06713 0.8625408271038003 0.07782820000000001 0.3
1534.5 1 12 0.0669775 0.86195303094357 0.07770435 0.3
1535.0 1 12 0.066825 0.8613633580603373 0.0775805 0.3
1535.5 1 12 0.0666725 0.8607717994516932 0.07745665 0.3
1536.0 1 12 0.06652 0.8601783460575588 0.07733280000000001 0.3
1536.5 1 12 0.0663675 0.8595829887597227 0.07720895 0.3
1537.0 1 12 0.066215 0.8589857183813733 0.07708509999999999 0.3
1537.5 1 12 0.0660625 0.8583865256866279 0.07696125000000001 0.3
1538.0 1 12 0.06591 0.8577854013800571 0.0768374 0.3
1538.5 1 12 0.0657575 0.857182336106203 0.07671354999999999 0.3
1539.0 1 12 0.065605 0.8565773204490942 0.07658970000000001 0.3
1539.5 1 12 0.0654525 0.855970344931757 0.07646585 0.3
1540.0 1 12 0.0653 0.8553614000157188 0.076342 0.3
1540.5 1 12 0.0651475 0.8547504761005088 0.07621815 0.3
1541.0 1 12 0.064995 0.8541375635231547 0.0760943 0.3
1541.5 1 12 0.0648425 0.8535226525576721 0.07597045 0.3
1542.0 1 12 0.06469 0.8529057334145499 0.0758466 0.3
1542.5 1 12 0.0645375 0.8522867962402315 0.07572275 0.3
1543.0 1 12 0.064385 0.8516658311165903 0.0755989 0.3
1543.5 1 12 0.0642325 0.8510428280603988 0.07547505 0.3
1544.0 1 12 0.06408 0.8504177770227945 0.07535120000000001 0.3
1544.5 1 12 0.0639275 0.8497906678887399 0.07522735 0.3
1545.0 1 12 0.063775 0.8491614904764757 0.0751035 0.3
1545.5 1 12 0.0636225 0.848530234536971 0.07497965000000001 0.3
1546.0 1 12 0.06347 0.8478968897533657 0.0748558 0.3
1546.5 1 12 0.0633175 0.8472614457404096 0.07473195 0.3
1547.0 1 12 0.063165 0.8466238920438932 0.07460810000000001 0.3
1547.5 1 12 0.0630125 0.8459842181400765 0.07448425 0.3
1548.0 1 12 0.06286 0.845342413435108 0.0743604 0.3
1548.5 1 12 0.0627075 0.8446984672644405 0.07423655 0.3
1549.0 1 12 0.062555 0.8440523688922411 0.0741127 0.3
1549.5 1 12 0.0624025 0.8434041075107939 0.07398885 0.3
1550.0 1 12 0.06225 0.8427536722398971 0.073865 0.3
1550.5 1 12 0.0620975 0.8421010521262551 0.07374115 0.3
1551.0 1 12 0.061945 0.8414462361428632 0.0736173 0.3
1551.5 1 12 0.0617925 0.8407892131883862 0.07349345 0.3
1552.0 1 12 0.06164 0.8401299720865317 0.0733696 0.3
1552.5 1 12 0.0614875 0.8394685015854162 0.07324575000000001 0.3
1553.0 1 12 0.061335 0.8388047903569245 0.07312190000000002 0.3
1553.5 1 12 0.0611825 0.8381388269960635 0.07299805000000001 0.3
1554.0 1 12 0.06103 0.8374706000203089 0.07287420000000001 0.3
1554.5 1 12 0.0608775 0.836800097868945 0.07275035 0.3
1555.0 1 12 0.060725 0.8361273089023977 0.07262650000000001 0.3
1555.5 1 12 0.0605725 0.8354522214015626 0.07250265 0.3
1556.0 1 12 0.06042 0.834774823567122 0.0723788 0.3
1556.5 1 12 0.0602675 0.8340951035188593 0.07225495 0.3
1557.0 1 12 0.060115 0.8334130492949643 0.0721311 0.3
1557.5 1 12 0.0599625 0.832728648851331 0.07200725 0.3
1558.0 1 12 0.05981 0.8320418900608486 0.0718834 0.3
1558.5 1 12 0.0596575 0.8313527607126856 0.07175955 0.3
1559.0 1 12 0.059505 0.8306612485115662 0.0716357 0.3
1559.5 1 12 0.0593525 0.8299673410770383 0.07151185 0.3
1560.0 1 12 0.0592 0.8292710259427354 0.07138800000000001 0.3
1560.5 1 12 0.0590475 0.8285722905556301 0.07126415 0.3
1561.0 1 12 0.058895 0.8278711222752786 0.0711403 0.3
1561.5 1 12 0.0587425 0.82716750837306 0.07101645000000001 0.3
1562.0 1 12 0.05859 0.8264614360314053 0.0708926 0.3
1562.5 1 12 0.0584375 0.8257528923430186 0.07076875 0.3
1563.0 1 12 0.058285000000000003 0.8250418643100916 0.07064490000000001 0.3
1563.5 1 12 0.058132500000000004 0.8243283388435084 0.07052105000000002 0.3
1564.0 1 12 0.057980000000000004 0.8236123027620418 0.0703972 0.3
1564.5 1 12 0.0578275 0.8228937427915417 0.07027335000000001 0.3
1565.0 1 12 0.057675 0.8221726455641165 0.0701495 0.3
1565.5 1 12 0.0575225 0.8214489976173017 0.07002565 0.3
1566.0 1 12 0.05737 0.8207227853932231 0.0699018 0.3
1566.5 1 12 0.0572175 0.8199939952377505 0.06977795 0.3
1567.0 1 12 0.057065 0.8192626133996419 0.0696541 0.3
1567.5 1 12 0.0569125 0.8185286260296777 0.06953025 0.3
1568.0 1 12 0.05676 0.8177920191797874 0.0694064 0.3
1568.5 1 12 0.0566075 0.8170527788021659 0.06928255 0.3
1569.0 1 12 0.056455 0.8163108907483801 0.06915869999999999 0.3
1569.5 1 12 0.0563025 0.8155663407684668 0.06903485000000001 0.3
1570.0 1 12 0.05615 0.8148191145100202 0.06891099999999999 0.3
1570.5 1 12 0.0559975 0.8140691975172688 0.06878714999999999 0.3
1571.0 1 12 0.055845 0.8133165752301447 0.06866330000000001 0.3
1571.5 1 12 0.0556925 0.8125612329833403 0.06853945 0.3
1572.0 1 12 0.05554 0.8118031560053556 0.0684156 0.3
1572.5 1 12 0.0553875 0.8110423294175356 0.06829175000000001 0.3
1573.0 1 12 0.055235 0.8102787382330979 0.0681679 0.3
1573.5 1 12 0.0550825 0.8095123673561465 0.06804405 0.3
1574.0 1 12 0.05493 0.8087432015806785 0.0679202 0.3
1574.5 1 12 0.0547775 0.8079712255895781 0.06779635 0.3
1575.0 1 12 0.054625 0.8071964239536001 0.0676725 0.3
1575.5 1 12 0.0544725 0.8064187811303408 0.06754865 0.3
1576.0 1 12 0.05432 0.8056382814632004 0.06742480000000001 0.3
1576.5 1 12 0.0541675 0.8048549091803311 0.06730095 0.3
1577.0 1 12 0.054015 0.8040686483935746 0.0671771 0.3
1577.5 1 12 0.0538625 0.803279483097389 0.06705325000000001 0.3
1578.0 1 12 0.05371 0.8024873971677619 0.0669294 0.3
1578.5 1 12 0.0535575 0.8016923743611122 0.06680555 0.3
1579.0 1 12 0.053405 0.8008943983131803 0.06668170000000001 0.3
1579.5 1 12 0.0532525 0.800093452537905 0.06655785 0.3
1580.0 1 12 0.0531 0.7992895204262879 0.06643399999999999 0.3
1580.5 1 12 0.0529475 0.7984825852452452 0.06631015 0.3
1581.0 1 12 0.052795 0.7976726301364482 0.0661863 0.3
1581.5 1 12 0.0526425 0.7968596381151472 0.06606245 0.3
1582.0 1 12 0.05249 0.7960435920689855 0.0659386 0.3
1582.5 1 12 0.0523375 0.7952244747567984 0.06581475 0.3
1583.0 1 12 0.052185 0.7944022688073996 0.06569089999999998 0.3
1583.5 1 12 0.0520325 0.7935769567183517 0.06556705 0.3
1584.0 1 12 0.05188 0.7927485208547259 0.0654432 0.3
1584.5 1 12 0.0517275 0.7919169434478451 0.06531935 0.3
1585.0 1 12 0.051575 0.7910822065940134 0.0651955 0.3
1585.5 1 12 0.051422499999999996 0.7902442922532315 0.06507165000000001 0.3
1586.0 1 12 0.051269999999999996 0.7894031822478975 0.0649478 0.3
1586.5 1 12 0.051117499999999996 0.7885588582614912 0.06482395 0.3
1587.0 1 12 0.050964999999999996 0.7877113018372458 0.06470010000000001 0.3
1587.5 1 12 0.0508125 0.7868604943768025 0.06457625 0.3
1588.0 1 12 0.05066 0.7860064171388498 0.06445239999999999 0.3
1588.5 1 12 0.0505075 0.7851490512377473 0.06432855000000001 0.3
1589.0 1 12 0.050355 0.7842883776421351 0.0642047 0.3
1589.5 1 12 0.0502025 0.7834243771735238 0.06408085 0.3
1590.0 1 12 0.05005 0.7825570305048705 0.06395699999999999 0.3
1590.5 1 12 0.0498975 0.7816863181591382 0.06383315 0.3
1591.0 1 12 0.049745 0.7808122205078379 0.0637093 0.3
1591.5 1 12 0.0495925 0.7799347177695526 0.06358545 0.3
1592.0 1 12 0.04944 0.7790537900084459 0.06346160000000002 0.3
1592.5 1 12 0.0492875 0.7781694171327526 0.06333775 0.3
1593.0 1 12 0.049135 0.7772815788932497 0.0632139 0.3
1593.5 1 12 0.0489825 0.7763902548817125 0.06309005000000001 0.3
1594.0 1 12 0.04883 0.7754954245293506 0.0629662 0.3
1594.5 1 12 0.0486775 0.7745970671052244 0.06284235 0.3
1595.0 1 12 0.048525 0.7736951617146455 0.06271850000000001 0.3
1595.5 1 12 0.0483725 0.7727896872975566 0.06259465 0.3
1596.0 1 12 0.04822 0.7718806226268912 0.06247080000000001 0.3
1596.5 1 12 0.0480675 0.7709679463069163 0.06234695 0.3
1597.0 1 12 0.047915 0.7700516367715526 0.062223099999999996 0.3
1597.5 1 12 0.0477625 0.7691316722826765 0.062099249999999995 0.3
1598.0 1 12 0.04761 0.7682080309284005 0.06197540000000001 0.3
1598.5 1 12 0.0474575 0.7672806906213344 0.061851550000000005 0.3
1599.0 1 12 0.047305 0.7663496290968236 0.0617277 0.3
1599.5 1 12 0.0471525 0.7654148239111679 0.06160385 0.3
1600.0 1 12 0.047 0.7644762524398179 0.06147999999999999 0.3
1600.5 1 12 0.0469375 0.7642104474793063 0.06141959999999999 0.3
1601.0 1 12 0.046875 0.7639441192192857 0.0613592 0.3
1601.5 1 12 0.0468125 0.7636772661128766 0.0612988 0.3
1602.0 1 12 0.04675 0.7634098866070962 0.0612384 0.3
1602.5 1 12 0.0466875 0.7631419791428291 0.061178 0.3
1603.0 1 12 0.046625 0.7628735421547966 0.0611176 0.3
1603.5 1 12 0.0465625 0.7626045740715264 0.0610572 0.3
1604.0 1 12 0.0465 0.7623350733153215 0.0609968 0.3
1604.5 1 12 0.0464375 0.7620650383022298 0.0609364 0.3
1605.0 1 12 0.046375 0.7617944674420133 0.060876 0.3
1605.5 1 12 0.0463125 0.7615233591381159 0.0608156 0.3
1606.0 1 12 0.04625 0.761251711787633 0.0607552 0.3
1606.5 1 12 0.0461875 0.7609795237812794 0.0606948 0.3
1607.0 1 12 0.046125 0.7607067935033578 0.0606344 0.3
1607.5 1 12 0.0460625 0.7604335193317264 0.060574 0.3
1608.0 1 12 0.046 0.7601596996377673 0.0605136 0.3
1608.5 1 12 0.0459375 0.7598853327863537 0.0604532 0.3
1609.0 1 12 0.045875 0.7596104171358176 0.060392799999999996 0.3
1609.5 1 12 0.0458125 0.7593349510379166 0.0603324 0.3
1610.0 1 12 0.04575 0.7590589328378019 0.060272 0.3
1610.5 1 12 0.0456875 0.7587823608739844 0.0602116 0.3
1611.0 1 12 0.045625 0.7585052334783013 0.0601512 0.3
1611.5 1 12 0.0455625 0.7582275489758832 0.06009079999999999 0.3
1612.0 1 12 0.0455 0.7579493056851195 0.0600304 0.3
1612.5 1 12 0.0454375 0.7576705019176254 0.05997 0.3
1613.0 1 12 0.045375 0.7573911359782072 0.05990959999999999 0.3
1613.5 1 12 0.0453125 0.7571112061648276 0.0598492 0.3
1614.0 1 12 0.04525 0.756830710768572 0.0597888 0.3
1614.5 1 12 0.0451875 0.7565496480736131 0.05972840000000001 0.3
1615.0 1 12 0.045125 0.7562680163571763 0.059668000000000006 0.3
1615.5 1 12 0.0450625 0.755985813889504 0.059607600000000004 0.3
1616.0 1 12 0.045 0.7557030389338205 0.05954720000000001 0.3
1616.5 1 12 0.0449375 0.7554196897462966 0.059486800000000006 0.3
1617.0 1 12 0.044875 0.7551357645760134 0.0594264 0.3
1617.5 1 12 0.0448125 0.754851261664926 0.059366 0.3
1618.0 1 12 0.04475 0.7545661792478282 0.05930559999999999 0.3
1618.5 1 12 0.0446875 0.7542805155523148 0.0592452 0.3
1619.0 1 12 0.044625 0.7539942687987455 0.0591848 0.3
1619.5 1 12 0.0445625 0.7537074372002084 0.059124399999999994 0.3
1620.0 1 12 0.0445 0.7534200189624813 0.059064000000000005 0.3
1620.5 1 12 0.0444375 0.7531320122839962 0.0590036 0.3
1621.0 1 12 0.044375 0.7528434153558001 0.0589432 0.3
1621.5 1 12 0.0443125 0.7525542263615181 0.05888279999999999 0.3
1622.0 1 12 0.04425 0.7522644434773148 0.0588224 0.3
1622.5 1 12 0.0441875 0.7519740648718559 0.058762 0.3
1623.0 1 12 0.044125 0.7516830887062703 0.05870160000000001 0.3
1623.5 1 12 0.0440625 0.7513915131341105 0.0586412 0.3
1624.0 1 12 0.044 0.7510993363013136 0.05858080000000001 0.3
1624.5 1 12 0.043937500000000004 0.7508065563461631 0.0585204 0.3
1625.0 1 12 0.043875 0.7505131713992473 0.05845999999999999 0.3
1625.5 1 12 0.043812500000000004 0.7502191795834219 0.058399599999999996 0.3
1626.0 1 12 0.04375 0.7499245790137677 0.058339199999999994 0.3
1626.5 1 12 0.043687500000000004 0.7496293677975525 0.058278800000000006 0.3
1627.0 1 12 0.043625 0.7493335440341885 0.0582184 0.3
1627.5 1 12 0.043562500000000004 0.7490371058151931 0.05815800000000001 0.3
1628.0 1 12 0.043500000000000004 0.748740051224147 0.058097600000000006 0.3
1628.5 1 12 0.043437500000000004 0.7484423783366532 0.0580372 0.3
1629.0 1 12 0.043375000000000004 0.7481440852202951 0.0579768 0.3
1629.5 1 12 0.043312500000000004 0.7478451699345955 0.05791639999999999 0.3
1630.0 1 12 0.043250000000000004 0.7475456305309736 0.05785599999999999 0.3
1630.5 1 12 0.043187500000000004 0.747245465052703 0.05779560000000001 0.3
1631.0 1 12 0.043125000000000004 0.7469446715348697 0.057735199999999993 0.3
1631.5 1 12 0.043062500000000004 0.7466432480043278 0.0576748 0.3
1632.0 1 12 0.043000000000000003 0.746341192479658 0.057614399999999996 0.3
1632.5 1 12 0.0429375 0.7460385029711228 0.057554 0.3
1633.0 1 12 0.042875 0.745735177480624 0.0574936 0.3
1633.5 1 12 0.0428125 0.7454312140016577 0.05743319999999999 0.3
1634.0 1 12 0.04275 0.7451266105192705 0.057372799999999995 0.3
1634.5 1 12 0.0426875 0.7448213650100154 0.0573124 0.3
1635.0 1 12 0.042625 0.7445154754419061 0.057252 0.3
1635.5 1 12 0.0425625 0.7442089397743725 0.0571916 0.3
1636.0 1 12 0.0425 0.7439017559582155 0.0571312 0.3
1636.5 1 12 0.0424375 0.7435939219355608 0.05707079999999999 0.3
1637.0 1 12 0.042375 0.7432854356398131 0.0570104 0.3
1637.5 1 12 0.0423125 0.7429762949956102 0.05695 0.3
1638.0 1 12 0.04225 0.742666497918776 0.0568896 0.3
1638.5 1 12 0.0421875 0.7423560423162742 0.056829199999999996 0.3
1639.0 1 12 0.042125 0.74204492608616 0.0567688 0.3
1639.5 1 12 0.0420625 0.7417331471175347 0.05670839999999999 0.3
1640.0 1 12 0.042 0.7414207032904958 0.056648 0.3
1640.5 1 12 0.0419375 0.7411075924760901 0.05658760000000001 0.3
1641.0 1 12 0.041875 0.7407938125362657 0.0565272 0.3
1641.5 1 12 0.0418125 0.7404793613238222 0.0564668 0.3
1642.0 1 12 0.04175 0.7401642366823623 0.0564064 0.3
1642.5 1 12 0.0416875 0.7398484364462429 0.056346 0.3
1643.0 1 12 0.041625 0.7395319584405248 0.0562856 0.3
1643.5 1 12 0.0415625 0.7392148004809231 0.0562252 0.3
1644.0 1 12 0.0415 0.7388969603737573 0.056164799999999994 0.3
1644.5 1 12 0.0414375 0.7385784359158997 0.0561044 0.3
1645.0 1 12 0.041375 0.7382592248947256 0.056044 0.3
1645.5 1 12 0.0413125 0.7379393250880615 0.05598360000000001 0.3
1646.0 1 12 0.04125 0.7376187342641337 0.0559232 0.3
1646.5 1 12 0.0411875 0.7372974501815163 0.05586279999999999 0.3
1647.0 1 12 0.041125 0.7369754705890786 0.0558024 0.3
1647.5 1 12 0.0410625 0.7366527932259338 0.05574199999999999 0.3
1648.0 1 12 0.041 0.7363294158213846 0.05568159999999999 0.3
1648.5 1 12 0.0409375 0.7360053360948704 0.055621199999999996 0.3
1649.0 1 12 0.040875 0.7356805517559143 0.0555608 0.3
1649.5 1 12 0.0408125 0.7353550605040685 0.0555004 0.3
1650.0 1 12 0.04075 0.73502886002886 0.05544 0.3
1650.5 1 12 0.0406875 0.7347019480097364 0.05537960000000001 0.3
1651.0 1 12 0.040625 0.7343743221160104 0.0553192 0.3
1651.5 1 12 0.0405625 0.7340459800068044 0.0552588 0.3
1652.0 1 12 0.0405 0.7337169193309951 0.0551984 0.3
1652.5 1 12 0.0404375 0.7333871377271574 0.055138 0.3
1653.0 1 12 0.040375 0.7330566328235073 0.0550776 0.3
1653.5 1 12 0.0403125 0.7327254022378457 0.055017199999999995 0.3
1654.0 1 12 0.04025 0.7323934435775009 0.05495679999999999 0.3
1654.5 1 12 0.0401875 0.7320607544392711 0.0548964 0.3
1655.0 1 12 0.040125 0.7317273324093662 0.054835999999999996 0.3
1655.5 1 12 0.0400625 0.7313931750633493 0.0547756 0.3
1656.0 1 12 0.04 0.731058279966079 0.05471519999999999 0.3
1656.5 1 12 0.0399375 0.7307226446716483 0.0546548 0.3
1657.0 1 12 0.039875 0.730386266723327 0.054594399999999994 0.3
1657.5 1 12 0.0398125 0.7300491436535006 0.054534 0.3
1658.0 1 12 0.03975 0.7297112729836105 0.0544736 0.3
1658.5 1 12 0.0396875 0.7293726522240926 0.0544132 0.3
1659.0 1 12 0.039625 0.7290332788743175 0.0543528 0.3
1659.5 1 12 0.0395625 0.7286931504225269 0.0542924 0.3
1660.0 1 12 0.0395 0.7283522643457737 0.054231999999999995 0.3
1660.5 1 12 0.0394375 0.7280106181098583 0.0541716 0.3
1661.0 1 12 0.039375 0.7276682091692663 0.05411119999999999 0.3
1661.5 1 12 0.0393125 0.7273250349671051 0.05405079999999999 0.3
1662.0 1 12 0.03925 0.7269810929350403 0.0539904 0.3
1662.5 1 12 0.0391875 0.726636380493232 0.05393 0.3
1663.0 1 12 0.039125 0.7262908950502696 0.0538696 0.3
1663.5 1 12 0.0390625 0.7259446340031073 0.0538092 0.3
1664.0 1 12 0.039 0.7255975947369988 0.0537488 0.3
1664.5 1 12 0.0389375 0.7252497746254313 0.05368839999999999 0.3
1665.0 1 12 0.038875 0.724901171030059 0.053627999999999995 0.3
1665.5 1 12 0.0388125 0.7245517813006369 0.0535676 0.3
1666.0 1 12 0.03875 0.7242016027749537 0.0535072 0.3
1666.5 1 12 0.0386875 0.7238506327787632 0.0534468 0.3
1667.0 1 12 0.038625 0.7234988686257174 0.0533864 0.3
1667.5 1 12 0.0385625 0.7231463076172974 0.053326 0.3
1668.0 1 12 0.0385 0.7227929470427443 0.053265599999999996 0.3
1668.5 1 12 0.0384375 0.72243878417899 0.05320520000000001 0.3
1669.0 1 12 0.038375 0.7220838162905873 0.0531448 0.3
1669.5 1 12 0.0383125 0.7217280406296389 0.0530844 0.3
1670.0 1 12 0.03825 0.7213714544357271 0.053024 0.3
1670.5 1 12 0.0381875 0.7210140549358427 0.052963600000000007 0.3
1671.0 1 12 0.038125 0.7206558393443119 0.0529032 0.3
1671.5 1 12 0.0380625 0.720296804862725 0.052842799999999995 0.3
1672.0 1 12 0.038 0.7199369486798629 0.05278240000000001 0.3
1672.5 1 12 0.0379375 0.7195762679716248 0.052722 0.3
1673.0 1 12 0.037875 0.7192147599009524 0.0526616 0.3
1673.5 1 12 0.0378125 0.7188524216177578 0.0526012 0.3
1674.0 1 12 0.037750000000000006 0.7184892502588466 0.052540800000000006 0.3
1674.5 1 12 0.0376875 0.7181252429478434 0.052480399999999996 0.3
1675.0 1 12 0.037625000000000006 0.7177603967951165 0.052419999999999994 0.3
1675.5 1 12 0.0375625 0.7173947088976997 0.0523596 0.3
1676.0 1 12 0.037500000000000006 0.7170281763392176 0.0522992 0.3
1676.5 1 12 0.0374375 0.7166607961898053 0.052238799999999995 0.3
1677.0 1 12 0.037375000000000005 0.7162925655060333 0.0521784 0.3
1677.5 1 12 0.037312500000000005 0.7159234813308263 0.052118000000000005 0.3
1678.0 1 12 0.037250000000000005 0.715553540693386 0.052057599999999996 0.3
1678.5 1 12 0.037187500000000005 0.7151827406091098 0.0519972 0.3
1679.0 1 12 0.037125000000000005 0.7148110780795122 0.05193679999999999 0.3
1679.5 1 12 0.037062500000000005 0.7144385500921422 0.0518764 0.3
1680.0 1 12 0.037000000000000005 0.7140651536205034 0.051816 0.3
1680.5 1 12 0.036937500000000005 0.7136908856239712 0.0517556 0.3
1681.0 1 12 0.036875000000000005 0.7133157430477106 0.0516952 0.3
1681.5 1 12 0.036812500000000005 0.7129397228225925 0.05163480000000001 0.3
1682.0 1 12 0.036750000000000005 0.7125628218651114 0.051574400000000006 0.3
1682.5 1 12 0.036687500000000005 0.7121850370772995 0.051514 0.3
1683.0 1 12 0.036625000000000005 0.7118063653466424 0.0514536 0.3
1683.5 1 12 0.036562500000000005 0.7114268035459945 0.0513932 0.3
1684.0 1 12 0.036500000000000005 0.7110463485334914 0.0513328 0.3
1684.5 1 12 0.036437500000000005 0.7106649971524642 0.051272399999999996 0.3
1685.0 1 12 0.036375000000000005 0.7102827462313521 0.051212 0.3
1685.5 1 12 0.036312500000000004 0.7098995925836143 0.05115159999999999 0.3
1686.0 1 12 0.036250000000000004 0.7095155330076413 0.0510912 0.3
1686.5 1 12 0.036187500000000004 0.7091305642866662 0.051030799999999994 0.3
1687.0 1 12 0.036125000000000004 0.7087446831886743 0.05097039999999999 0.3
1687.5 1 12 0.036062500000000004 0.7083578864663133 0.05090999999999999 0.3
1688.0 1 12 0.036000000000000004 0.7079701708568014 0.0508496 0.3
1688.5 1 12 0.035937500000000004 0.7075815330818364 0.0507892 0.3
1689.0 1 12 0.035875000000000004 0.7071919698475029 0.050728800000000004 0.3
1689.5 1 12 0.035812500000000004 0.706801477844179 0.05066840000000001 0.3
1690.0 1 12 0.035750000000000004 0.7064100537464433 0.050608 0.3
1690.5 1 12 0.035687500000000004 0.7060176942129796 0.05054759999999999 0.3
1691.0 1 12 0.035625000000000004 0.7056243958864823 0.05048719999999999 0.3
1691.5 1 12 0.035562500000000004 0.7052301553935606 0.0504268 0.3
1692.0 1 12 0.035500000000000004 0.7048349693446425 0.050366400000000006 0.3
1692.5 1 12 0.035437500000000004 0.7044388343338768 0.050306 0.3
1693.0 1 12 0.035375000000000004 0.7040417469390355 0.0502456 0.3
1693.5 1 12 0.035312500000000004 0.7036437037214159 0.050185200000000006 0.3
1694.0 1 12 0.035250000000000004 0.7032447012257407 0.0501248 0.3
1694.5 1 12 0.035187500000000003 0.7028447359800578 0.050064399999999995 0.3
1695.0 1 12 0.035125 0.7024438044956404 0.05000400000000001 0.3
1695.5 1 12 0.0350625 0.7020419032668851 0.0499436 0.3
1696.0 1 12 0.035 0.7016390287712095 0.0498832 0.3
1696.5 1 12 0.0349375 0.70123517746895 0.0498228 0.3
1697.0 1 12 0.034875 0.7008303458032572 0.0497624 0.3
1697.5 1 12 0.0348125 0.7004245301999921 0.049701999999999996 0.3
1698.0 1 12 0.03475 0.7000177270676208 0.0496416 0.3
1698.5 1 12 0.0346875 0.6996099327971087 0.04958119999999999 0.3
1699.0 1 12 0.034625 0.6992011437618133 0.0495208 0.3
1699.5 1 12 0.0345625 0.6987913563173772 0.0494604 0.3
1700.0 1 12 0.0345 0.6983805668016195 0.0494 0.3
1700.5 1 12 0.0344375 0.6979687715344268 0.0493396 0.3
1701.0 1 12 0.034375 0.6975559668176433 0.04927919999999999 0.3
1701.5 1 12 0.0343125 0.6971421489349598 0.0492188 0.3
1702.0 1 12 0.03425 0.6967273141518032 0.0491584 0.3
1702.5 1 12 0.0341875 0.6963114587152226 0.049098 0.3
1703.0 1 12 0.034125 0.6958945788537776 0.0490376 0.3
1703.5 1 12 0.0340625 0.695476670777423 0.0489772 0.3
1704.0 1 12 0.034 0.6950577306773952 0.048916799999999996 0.3
1704.5 1 12 0.0339375 0.6946377547260952 0.04885640000000001 0.3
1705.0 1 12 0.033875 0.6942167390769736 0.048796 0.3
1705.5 1 12 0.0338125 0.6937946798644113 0.04873559999999999 0.3
1706.0 1 12 0.03375 0.6933715732036027 0.04867520000000001 0.3
1706.5 1 12 0.0336875 0.6929474151904359 0.04861479999999999 0.3
1707.0 1 12 0.033625 0.6925222019013726 0.04855439999999999 0.3
1707.5 1 12 0.0335625 0.6920959293933271 0.048493999999999995 0.3
1708.0 1 12 0.0335 0.6916685937035447 0.0484336 0.3
1708.5 1 12 0.0334375 0.6912401908494787 0.04837319999999999 0.3
1709.0 1 12 0.033375 0.6908107168286666 0.048312799999999996 0.3
1709.5 1 12 0.0333125 0.6903801676186055 0.048252399999999994 0.3
1710.0 1 12 0.03325 0.6899485391766269 0.048192 0.3
1710.5 1 12 0.0331875 0.6895158274397694 0.0481316 0.3
1711.0 1 12 0.033125 0.6890820283246518 0.048071199999999994 0.3
1711.5 1 12 0.0330625 0.6886471377273448 0.04801079999999999 0.3
1712.0 1 12 0.033 0.6882111515232407 0.0479504 0.3
1712.5 1 12 0.0329375 0.6877740655669242 0.04789 0.3
1713.0 1 12 0.032875 0.6873358756920401 0.0478296 0.3
1713.5 1 12 0.0328125 0.6868965777111612 0.0477692 0.3
1714.0 1 12 0.03275 0.6864561674156551 0.047708799999999996 0.3
1714.5 1 12 0.0326875 0.6860146405755493 0.0476484 0.3
1715.0 1 12 0.032625 0.6855719929393965 0.047588 0.3
1715.5 1 12 0.0325625 0.6851282202341377 0.0475276 0.3
1716.0 1 12 0.0325 0.6846833181649644 0.0474672 0.3
1716.5 1 12 0.0324375 0.684237282415181 0.0474068 0.3
1717.0 1 12 0.032375 0.6837901086460639 0.0473464 0.3
1717.5 1 12 0.0323125 0.6833417924967222 0.047285999999999995 0.3
1718.0 1 12 0.03225 0.6828923295839545 0.04722559999999999 0.3
1718.5 1 12 0.0321875 0.6824417155021075 0.0471652 0.3
1719.0 1 12 0.032125 0.6819899458229309 0.04710480000000001 0.3
1719.5 1 12 0.0320625 0.6815370160954333 0.0470444 0.3
1720.0 1 12 0.032 0.6810829218457347 0.046984000000000005 0.3
1720.5 1 12 0.0319375 0.6806276585769209 0.046923599999999996 0.3
1721.0 1 12 0.031875 0.6801712217688933 0.0468632 0.3
1721.5 1 12 0.0318125 0.679713606878221 0.04680279999999999 0.3
1722.0 1 12 0.03175 0.6792548093379887 0.0467424 0.3
1722.5 1 12 0.0316875 0.6787948245576453 0.04668200000000001 0.3
1723.0 1 12 0.031625 0.6783336479228512 0.0466216 0.3
1723.5 1 12 0.0315625 0.6778712747953232 0.046561200000000004 0.3
1724.0 1 12 0.0315 0.6774077005126794 0.0465008 0.3
1724.5 1 12 0.0314375 0.6769429203882826 0.0464404 0.3
1725.0 1 12 0.031375 0.6764769297110824 0.04638 0.3
1725.5 1 12 0.0313125 0.6760097237454554 0.0463196 0.3
1726.0 1 12 0.03125 0.6755412977310459 0.04625920000000001 0.3
1726.5 1 12 0.031187500000000003 0.6750716468826031 0.0461988 0.3
1727.0 1 12 0.031125000000000003 0.6746007663898186 0.046138399999999996 0.3
1727.5 1 12 0.031062500000000003 0.6741286514171623 0.046078 0.3
1728.0 1 12 0.031000000000000003 0.673655297103717 0.04601759999999999 0.3
1728.5 1 12 0.030937500000000003 0.6731806985630109 0.045957200000000004 0.3
1729.0 1 12 0.030875000000000003 0.6727048508828503 0.0458968 0.3
1729.5 1 12 0.030812500000000003 0.6722277491251495 0.0458364 0.3
1730.0 1 12 0.030750000000000003 0.6717493883257604 0.04577599999999999 0.3
1730.5 1 12 0.030687500000000003 0.6712697634942997 0.045715599999999995 0.3
1731.0 1 12 0.030625000000000003 0.6707888696139761 0.0456552 0.3
1731.5 1 12 0.030562500000000003 0.6703067016414154 0.04559479999999999 0.3
1732.0 1 12 0.030500000000000003 0.6698232545064831 0.045534399999999996 0.3
1732.5 1 12 0.030437500000000003 0.6693385231121081 0.045474 0.3
1733.0 1 12 0.030375000000000003 0.6688525023341026 0.0454136 0.3
1733.5 1 12 0.030312500000000003 0.6683651870209821 0.045353199999999996 0.3
1734.0 1 12 0.030250000000000003 0.6678765719937828 0.045292799999999994 0.3
1734.5 1 12 0.030187500000000003 0.6673866520458787 0.0452324 0.3
1735.0 1 12 0.030125000000000002 0.6668954219427964 0.04517200000000001 0.3
1735.5 1 12 0.030062500000000002 0.666402876422029 0.0451116 0.3
1736.0 1 12 0.030000000000000002 0.6659090101928473 0.0450512 0.3
1736.5 1 12 0.029937500000000002 0.6654138179361114 0.044990800000000004 0.3
1737.0 1 12 0.029875000000000002 0.6649172943040793 0.044930399999999995 0.3
1737.5 1 12 0.029812500000000002 0.664419433920214 0.04487 0.3
1738.0 1 12 0.029750000000000002 0.6639202313789903 0.044809600000000005 0.3
1738.5 1 12 0.029687500000000002 0.6634196812456983 0.0447492 0.3
1739.0 1 12 0.029625000000000002 0.6629177780562467 0.04468880000000001 0.3
1739.5 1 12 0.029562500000000002 0.6624145163169641 0.044628400000000006 0.3
1740.0 1 12 0.029500000000000002 0.6619098905043979 0.044567999999999997 0.3
1740.5 1 12 0.029437500000000002 0.6614038950651125 0.0445076 0.3
1741.0 1 12 0.029375000000000002 0.6608965244154863 0.0444472 0.3
1741.5 1 12 0.029312500000000002 0.6603877729415052 0.0443868 0.3
1742.0 1 12 0.02925 0.6598776349985562 0.044326399999999995 0.3
1742.5 1 12 0.0291875 0.6593661049112186 0.044266 0.3
1743.0 1 12 0.029125 0.6588531769730532 0.0442056 0.3
1743.5 1 12 0.0290625 0.6583388454463907 0.044145199999999996 0.3
1744.0 1 12 0.029 0.6578231045621167 0.0440848 0.3
1744.5 1 12 0.0289375 0.6573059485194575 0.0440244 0.3
1745.0 1 12 0.028875 0.656787371485761 0.043964 0.3
1745.5 1 12 0.0288125 0.6562673675962791 0.0439036 0.3
1746.0 1 12 0.02875 0.6557459309539451 0.0438432 0.3
1746.5 1 12 0.0286875 0.6552230556291513 0.0437828 0.3
1747.0 1 12 0.028625 0.6546987356595247 0.043722399999999995 0.3
1747.5 1 12 0.0285625 0.6541729650497 0.04366199999999999 0.3
1748.0 1 12 0.0285 0.653645737771091 0.0436016 0.3
1748.5 1 12 0.0284375 0.6531170477616602 0.0435412 0.3
1749.0 1 12 0.028375 0.6525868889256867 0.04348080000000001 0.3
1749.5 1 12 0.0283125 0.6520552551335318 0.04342039999999999 0.3
1750.0 1 12 0.02825 0.6515221402214023 0.043359999999999996 0.3
1750.5 1 12 0.0281875 0.6509875379911132 0.043299599999999994 0.3
1751.0 1 12 0.028125 0.6504514422098466 0.0432392 0.3
1751.5 1 12 0.0280625 0.6499138466099104 0.0431788 0.3
1752.0 1 12 0.028 0.6493747448884931 0.0431184 0.3
1752.5 1 12 0.0279375 0.6488341307074179 0.043058 0.3
1753.0 1 12 0.027875 0.6482919976928946 0.0429976 0.3
1753.5 1 12 0.0278125 0.6477483394352683 0.042937199999999995 0.3
1754.0 1 12 0.02775 0.6472031494887678 0.0428768 0.3
1754.5 1 12 0.0276875 0.6466564213712503 0.0428164 0.3
1755.0 1 12 0.027625 0.6461081485639442 0.04275600000000001 0.3
1755.5 1 12 0.0275625 0.6455583245111909 0.0426956 0.3
1756.0 1 12 0.0275 0.6450069426201824 0.0426352 0.3
1756.5 1 12 0.0274375 0.6444539962606989 0.042574799999999996 0.3
1757.0 1 12 0.027375 0.6438994787648421 0.0425144 0.3
1757.5 1 12 0.0273125 0.6433433834267678 0.042454 0.3
1758.0 1 12 0.02725 0.6427857035024154 0.042393600000000004 0.3
1758.5 1 12 0.0271875 0.6422264322092353 0.0423332 0.3
1759.0 1 12 0.027125 0.6416655627259136 0.0422728 0.3
1759.5 1 12 0.0270625 0.6411030881920953 0.0422124 0.3
1760.0 1 12 0.027 0.6405390017081041 0.042151999999999995 0.3
1760.5 1 12 0.0269375 0.6399732963346606 0.0420916 0.3
1761.0 1 12 0.026875 0.639405965092598 0.04203119999999999 0.3
1761.5 1 12 0.0268125 0.6388370009625739 0.0419708 0.3
1762.0 1 12 0.02675 0.6382663968847827 0.0419104 0.3
1762.5 1 12 0.0266875 0.6376941457586619 0.04185 0.3
1763.0 1 12 0.026625 0.6371202404425982 0.041789599999999996 0.3
1763.5 1 12 0.0265625 0.6365446737536307 0.04172919999999999 0.3
1764.0 1 12 0.0265 0.6359674384671504 0.041668800000000006 0.3
1764.5 1 12 0.0264375 0.6353885273165996 0.0416084 0.3
1765.0 1 12 0.026375 0.6348079329931645 0.041548 0.3
1765.5 1 12 0.0263125 0.63422564814547 0.0414876 0.3
1766.0 1 12 0.02625 0.6336416653792677 0.041427200000000004 0.3
1766.5 1 12 0.0261875 0.6330559772571241 0.041366799999999995 0.3
1767.0 1 12 0.026125 0.6324685762981039 0.0413064 0.3
1767.5 1 12 0.0260625 0.6318794549774523 0.041246 0.3
1768.0 1 12 0.026 0.6312886057262732 0.0411856 0.3
1768.5 1 12 0.0259375 0.6306960209312051 0.0411252 0.3
1769.0 1 12 0.025875000000000002 0.6301016929340945 0.0410648 0.3
1769.5 1 12 0.025812500000000002 0.629505614031665 0.04100439999999999 0.3
1770.0 1 12 0.025750000000000002 0.6289077764751858 0.040943999999999994 0.3
1770.5 1 12 0.025687500000000002 0.6283081724701348 0.0408836 0.3
1771.0 1 12 0.025625000000000002 0.6277067941758608 0.040823200000000004 0.3
1771.5 1 12 0.025562500000000002 0.627103633705241 0.0407628 0.3
1772.0 1 12 0.025500000000000002 0.6264986831243367 0.04070240000000001 0.3
1772.5 1 12 0.025437500000000002 0.6258919344520447 0.040642 0.3
1773.0 1 12 0.025375 0.6252833796597473 0.040581599999999995 0.3
1773.5 1 12 0.0253125 0.6246730106709576 0.04052119999999999 0.3
1774.0 1 12 0.02525 0.6240608193609618 0.0404608 0.3
1774.5 1 12 0.0251875 0.6234467975564598 0.0404004 0.3
1775.0 1 12 0.025125 0.6228309370352009 0.040339999999999994 0.3
1775.5 1 12 0.0250625 0.622213229525616 0.0402796 0.3
1776.0 1 12 0.025 0.6215936667064488 0.0402192 0.3
1776.5 1 12 0.0249375 0.6209722402063808 0.040158799999999995 0.3
1777.0 1 12 0.024875 0.6203489416036551 0.0400984 0.3
1777.5 1 12 0.0248125 0.6197237624256957 0.040038 0.3
1778.0 1 12 0.02475 0.6190966941487233 0.03997760000000001 0.3
1778.5 1 12 0.0246875 0.6184677281973686 0.0399172 0.3
1779.0 1 12 0.024625 0.6178368559442806 0.0398568 0.3
1779.5 1 12 0.0245625 0.6172040687097327 0.039796399999999996 0.3
1780.0 1 12 0.0245 0.6165693577612242 0.039735999999999994 0.3
1780.5 1 12 0.0244375 0.6159327143130792 0.0396756 0.3
1781.0 1 12 0.024375 0.6152941295260405 0.0396152 0.3
1781.5 1 12 0.0243125 0.6146535945068614 0.0395548 0.3
1782.0 1 12 0.02425 0.6140111003078917 0.039494400000000006 0.3
1782.5 1 12 0.0241875 0.6133666379266624 0.039434 0.3
1783.0 1 12 0.024125 0.6127201983054636 0.039373599999999995 0.3
1783.5 1 12 0.0240625 0.6120717723309219 0.0393132 0.3
1784.0 1 12 0.024 0.6114213508335712 0.0392528 0.3
1784.5 1 12 0.0239375 0.6107689245874199 0.03919240000000001 0.3
1785.0 1 12 0.023875 0.6101144843095165 0.039132 0.3
1785.5 1 12 0.0238125 0.6094580206595072 0.0390716 0.3
1786.0 1 12 0.02375 0.6087995242391929 0.039011199999999996 0.3
1786.5 1 12 0.0236875 0.6081389855920803 0.038950799999999994 0.3
1787.0 1 12 0.023625 0.6074763952029293 0.0388904 0.3
1787.5 1 12 0.0235625 0.6068117434972958 0.03883 0.3
1788.0 1 12 0.0235 0.6061450208410714 0.0387696 0.3
1788.5 1 12 0.0234375 0.6054762175400163 0.0387092 0.3
1789.0 1 12 0.023375 0.6048053238392913 0.0386488 0.3
1789.5 1 12 0.0233125 0.6041323299229822 0.03858839999999999 0.3
1790.0 1 12 0.02325 0.6034572259136213 0.038528 0.3
1790.5 1 12 0.0231875 0.602780001871705 0.038467600000000005 0.3
1791.0 1 12 0.023125 0.602100647795205 0.0384072 0.3
1791.5 1 12 0.0230625 0.6014191536190764 0.0383468 0.3
1792.0 1 12 0.023 0.6007355092147604 0.0382864 0.3
1792.5 1 12 0.0229375 0.6000497043896824 0.038225999999999996 0.3
1793.0 1 12 0.022875 0.5993617288867462 0.038165599999999994 0.3
1793.5 1 12 0.0228125 0.5986715723838216 0.0381052 0.3
1794.0 1 12 0.02275 0.597979224493229 0.0380448 0.3
1794.5 1 12 0.0226875 0.5972846747612177 0.0379844 0.3
1795.0 1 12 0.022625 0.5965879126674402 0.037924 0.3
1795.5 1 12 0.0225625 0.5958889276244204 0.03786359999999999 0.3
1796.0 1 12 0.0225 0.5951877089770179 0.037803199999999995 0.3
1796.5 1 12 0.0224375 0.5944842460018865 0.03774279999999999 0.3
1797.0 1 12 0.022375 0.5937785279069274 0.0376824 0.3
1797.5 1 12 0.0223125 0.5930705438307373 0.037621999999999996 0.3
1798.0 1 12 0.02225 0.5923602828420514 0.0375616 0.3
1798.5 1 12 0.0221875 0.5916477339391806 0.037501200000000005 0.3
1799.0 1 12 0.022125 0.5909328860494434 0.037440799999999996 0.3
1799.5 1 12 0.0220625 0.5902157280285926 0.037380399999999994 0.3
1800.0 1 12 0.022 0.5894962486602358 0.03732 0.3
