#mass result channel_or_id theo_cross_section ratio observed_limit
600.0	1	15	0.0361	0.4065187133739026	0.08880280000000002	0.1
600.5	1	15	0.036036	0.40682622708300314	0.08857836	0.1
601.0	1	15	0.035972	0.4071353031082265	0.08835392	0.1
601.5	1	15	0.035908	0.40744595338585915	0.08812947999999998	0.1
602.0	1	15	0.035844	0.4077581899740902	0.08790504000000002	0.1
602.5	1	15	0.03578	0.4080720250545731	0.0876806	0.1
603.0	1	15	0.035716	0.4083874709340085	0.08745616	0.1
603.5	1	15	0.035652	0.408704540045754	0.08723172	0.1
604.0	1	15	0.035588	0.4090232449514569	0.08700728	0.1
604.5	1	15	0.035524	0.40934359834271383	0.08678284	0.1
605.0	1	15	0.03546	0.4096656130427549	0.08655840000000001	0.1
605.5	1	15	0.035396	0.40998930200815525	0.08633396	0.1
606.0	1	15	0.035332	0.4103146783305725	0.08610952000000001	0.1
606.5	1	15	0.035268	0.41064175523851176	0.08588507999999999	0.1
607.0	1	15	0.035204	0.4109705460991186	0.08566064	0.1
607.5	1	15	0.03514	0.4113010644199999	0.0854362	0.1
608.0	1	15	0.035076	0.41163332385107415	0.08521175999999998	0.1
608.5	1	15	0.035012	0.4119673381864494	0.08498732	0.1
609.0	1	15	0.034948	0.41230312136633396	0.08476287999999998	0.1
609.5	1	15	0.034884	0.41264068747897403	0.08453843999999999	0.1
610.0	1	15	0.034820000000000004	0.41298005076262545	0.08431400000000001	0.1
610.5	1	15	0.034756	0.4133212256075546	0.08408956000000001	0.1
611.0	1	15	0.034692	0.4136642265580732	0.08386512	0.1
611.5	1	15	0.034628	0.41400906831460477	0.08364068000000001	0.1
612.0	1	15	0.034564	0.41435576573578475	0.08341623999999999	0.1
612.5	1	15	0.0345	0.41470433384059485	0.08319180000000001	0.1
613.0	1	15	0.034436	0.41505478781053173	0.08296736000000002	0.1
613.5	1	15	0.034372	0.41540714299181125	0.08274292	0.1
614.0	1	15	0.034308	0.4157614148976083	0.08251848	0.1
614.5	1	15	0.034244	0.416117619210334	0.08229404	0.1
615.0	1	15	0.03418	0.41647577178394923	0.0820696	0.1
615.5	1	15	0.034116	0.41683588864631704	0.08184515999999999	0.1
616.0	1	15	0.034052	0.41719798600159363	0.08162072000000002	0.1
616.5	1	15	0.033988	0.4175620802326592	0.08139628	0.1
617.0	1	15	0.033924	0.4179281879035882	0.08117184000000001	0.1
617.5	1	15	0.03386	0.4182963257621616	0.0809474	0.1
618.0	1	15	0.033796	0.41866651074242067	0.08072296000000002	0.1
618.5	1	15	0.033732	0.419038759967264	0.08049851999999999	0.1
619.0	1	15	0.033668000000000003	0.41941309075108685	0.08027407999999998	0.1
619.5	1	15	0.033604	0.41978952060246616	0.08004964	0.1
620.0	1	15	0.03354	0.4201680672268907	0.07982520000000001	0.1
620.5	1	15	0.033476	0.4205487485295366	0.07960076	0.1
621.0	1	15	0.033412	0.4209315826180906	0.07937632	0.1
621.5	1	15	0.033348	0.4213165878056213	0.07915188000000001	0.1
622.0	1	15	0.033284	0.42170378261349917	0.07892744000000002	0.1
622.5	1	15	0.03322	0.4220931857743669	0.07870300000000001	0.1
623.0	1	15	0.033156	0.4224848162351602	0.07847856000000002	0.1
623.5	1	15	0.033092	0.42287869316018123	0.07825412000000001	0.1
624.0	1	15	0.033028	0.423274835934224	0.07802968	0.1
624.5	1	15	0.032964	0.42367326416575535	0.07780524000000001	0.1
625.0	1	15	0.0329	0.4240739976901501	0.07758080000000002	0.1
625.5	1	15	0.032836	0.42399052975909673	0.077445126	0.1
626.0	1	15	0.032772	0.4239067688644333	0.077309452	0.1
626.5	1	15	0.032708	0.42382271346104117	0.077173778	0.1
627.0	1	15	0.032644	0.4237383619929171	0.07703810400000001	0.1
627.5	1	15	0.03258	0.42365371289307757	0.07690243000000001	0.1
628.0	1	15	0.032516	0.4235687645834611	0.076766756	0.1
628.5	1	15	0.032452	0.42348351547483043	0.076631082	0.1
629.0	1	15	0.032388	0.4233979639666737	0.076495408	0.1
629.5	1	15	0.032324	0.4233121084471038	0.076359734	0.1
630.0	1	15	0.03226	0.4232259472927576	0.07622406000000001	0.1
630.5	1	15	0.032196	0.4231394788686936	0.07608838600000001	0.1
631.0	1	15	0.032132	0.4230527015282877	0.075952712	0.1
631.5	1	15	0.032068	0.42296561361313006	0.075817038	0.1
632.0	1	15	0.032004	0.42287821345291815	0.075681364	0.1
632.5	1	15	0.03194	0.422790499365351	0.07554569	0.1
633.0	1	15	0.031876	0.4227024696560202	0.075410016	0.1
633.5	1	15	0.031812	0.42261412261830195	0.07527434200000001	0.1
634.0	1	15	0.031748	0.4225254565332459	0.075138668	0.1
634.5	1	15	0.031684000000000004	0.4224364696694642	0.07500299399999999	0.1
635.0	1	15	0.03162	0.42234716028301805	0.07486732	0.1
635.5	1	15	0.031556	0.4222575266173048	0.074731646	0.1
636.0	1	15	0.031492	0.4221675669029421	0.07459597200000001	0.1
636.5	1	15	0.031428	0.4220772793576517	0.07446029800000001	0.1
637.0	1	15	0.031364	0.4219866621861417	0.07432462399999999	0.1
637.5	1	15	0.0313	0.42189571357998734	0.07418894999999999	0.1
638.0	1	15	0.031236	0.42180443171751103	0.074053276	0.1
638.5	1	15	0.031172	0.42171281476366074	0.073917602	0.1
639.0	1	15	0.031108	0.42162086086988676	0.073781928	0.1
639.5	1	15	0.031044000000000002	0.42152856817401735	0.07364625400000001	0.1
640.0	1	15	0.03098	0.4214359348001335	0.07351058	0.1
640.5	1	15	0.030916	0.4213429588584413	0.073374906	0.1
641.0	1	15	0.030852	0.42124963844514374	0.073239232	0.1
641.5	1	15	0.030788	0.4211559716423105	0.073103558	0.1
642.0	1	15	0.030724	0.4210619565177469	0.07296788400000001	0.1
642.5	1	15	0.03066	0.42096759112486076	0.07283221000000001	0.1
643.0	1	15	0.030596	0.4208728735025284	0.07269653599999999	0.1
643.5	1	15	0.030532	0.42077780167495804	0.07256086199999999	0.1
644.0	1	15	0.030468000000000002	0.4206823736515534	0.07242518799999999	0.1
644.5	1	15	0.030404	0.42058658742677396	0.072289514	0.1
645.0	1	15	0.03034	0.420490440979995	0.07215383999999998	0.1
645.5	1	15	0.030276	0.42039393227536503	0.07201816600000001	0.1
646.0	1	15	0.030212	0.4202970592616627	0.071882492	0.1
646.5	1	15	0.030148	0.420199819872151	0.07174681799999999	0.1
647.0	1	15	0.030084	0.42010221202443015	0.071611144	0.1
647.5	1	15	0.03002	0.4200042336202896	0.07147547	0.1
648.0	1	15	0.029956	0.41990588254555705	0.071339796	0.1
648.5	1	15	0.029892000000000002	0.4198071566699467	0.071204122	0.1
649.0	1	15	0.029828	0.4197080538469054	0.071068448	0.1
649.5	1	15	0.029764	0.4196085719134571	0.070932774	0.1
650.0	1	15	0.0297	0.4195087086900452	0.0707971	0.1
650.5	1	15	0.029670000000000002	0.41932068014690554	0.070757302	0.1
651.0	1	15	0.02964	0.4191324399684695	0.070717504	0.1
651.5	1	15	0.02961	0.418943987797227	0.070677706	0.1
652.0	1	15	0.029580000000000002	0.4187553232748626	0.070637908	0.1
652.5	1	15	0.02955	0.41856644604225235	0.07059811000000002	0.1
653.0	1	15	0.02952	0.4183773557394627	0.070558312	0.1
653.5	1	15	0.029490000000000002	0.41818805200574705	0.070518514	0.1
654.0	1	15	0.02946	0.41799853447954416	0.07047871600000001	0.1
654.5	1	15	0.02943	0.4178088027984757	0.070438918	0.1
655.0	1	15	0.029400000000000003	0.4176188565993439	0.07039912000000001	0.1
655.5	1	15	0.02937	0.41742869551812906	0.070359322	0.1
656.0	1	15	0.02934	0.41723831918998777	0.070319524	0.1
656.5	1	15	0.02931	0.41704772724924966	0.070279726	0.1
657.0	1	15	0.02928	0.41685691932941615	0.07023992800000001	0.1
657.5	1	15	0.02925	0.4166658950631573	0.07020013	0.1
658.0	1	15	0.02922	0.4164746540823096	0.070160332	0.1
658.5	1	15	0.02919	0.41628319601787406	0.07012053399999998	0.1
659.0	1	15	0.029160000000000002	0.416091520500013	0.07008073599999999	0.1
659.5	1	15	0.02913	0.4158996271580486	0.070040938	0.1
660.0	1	15	0.0291	0.4157075156204599	0.07000114	0.1
660.5	1	15	0.029070000000000002	0.41551518551488054	0.069961342	0.1
661.0	1	15	0.02904	0.4153226364680963	0.069921544	0.1
661.5	1	15	0.02901	0.4151298681060431	0.069881746	0.1
662.0	1	15	0.028980000000000002	0.4149368800538038	0.069841948	0.1
662.5	1	15	0.02895	0.4147436719356065	0.06980215000000001	0.1
663.0	1	15	0.02892	0.414550243374822	0.069762352	0.1
663.5	1	15	0.028890000000000002	0.4143565939939607	0.069722554	0.1
664.0	1	15	0.02886	0.4141627234146709	0.069682756	0.1
664.5	1	15	0.02883	0.41396863125773603	0.069642958	0.1
665.0	1	15	0.0288	0.4137743171430722	0.06960316000000001	0.1
665.5	1	15	0.02877	0.41357978068972573	0.069563362	0.1
666.0	1	15	0.02874	0.41338502151587053	0.06952356400000001	0.1
666.5	1	15	0.02871	0.41319003923880576	0.069483766	0.1
667.0	1	15	0.02868	0.4129948334749535	0.06944396800000001	0.1
667.5	1	15	0.028650000000000002	0.41279940383985575	0.06940417	0.1
668.0	1	15	0.02862	0.4126037499481723	0.069364372	0.1
668.5	1	15	0.02859	0.41240787141367796	0.069324574	0.1
669.0	1	15	0.028560000000000002	0.4122117678492603	0.069284776	0.1
669.5	1	15	0.02853	0.4120154388669168	0.069244978	0.1
670.0	1	15	0.0285	0.4118188840777525	0.06920518	0.1
670.5	1	15	0.028470000000000002	0.4116221030919775	0.069165382	0.1
671.0	1	15	0.02844	0.41142509551890366	0.069125584	0.1
671.5	1	15	0.02841	0.41122786096694336	0.069085786	0.1
672.0	1	15	0.028380000000000002	0.41103039904360555	0.069045988	0.1
672.5	1	15	0.02835	0.4108327093554941	0.06900619	0.1
673.0	1	15	0.02832	0.4106347915083045	0.068966392	0.1
673.5	1	15	0.028290000000000003	0.410436645106822	0.068926594	0.1
674.0	1	15	0.02826	0.4102382697549179	0.068886796	0.1
674.5	1	15	0.02823	0.41003966505554834	0.06884699799999999	0.1
675.0	1	15	0.028200000000000003	0.4098408306107501	0.0688072	0.1
675.5	1	15	0.02817	0.41000507870685715	0.068706466	0.1
676.0	1	15	0.028140000000000002	0.41016980913489853	0.068605732	0.1
676.5	1	15	0.028110000000000003	0.41033502402262684	0.068504998	0.1
677.0	1	15	0.02808	0.4105007255103279	0.06840426399999999	0.1
677.5	1	15	0.028050000000000002	0.41066691575091363	0.06830353	0.1
678.0	1	15	0.02802	0.41083359691001525	0.068202796	0.1
678.5	1	15	0.02799	0.41100077116607714	0.068102062	0.1
679.0	1	15	0.027960000000000002	0.41116844071045205	0.068001328	0.1
679.5	1	15	0.02793	0.4113366077474963	0.06790059400000001	0.1
680.0	1	15	0.0279	0.4115052744946671	0.06779986	0.1
680.5	1	15	0.027870000000000002	0.4116744431826196	0.067699126	0.1
681.0	1	15	0.02784	0.411844116055305	0.067598392	0.1
681.5	1	15	0.02781	0.4120142953700705	0.067497658	0.1
682.0	1	15	0.027780000000000003	0.41218498339775866	0.06739692400000001	0.1
682.5	1	15	0.02775	0.41235618242280886	0.06729618999999999	0.1
683.0	1	15	0.02772	0.4125278947433589	0.067195456	0.1
683.5	1	15	0.027690000000000003	0.4127001226713482	0.067094722	0.1
684.0	1	15	0.02766	0.41287286853262123	0.06699398799999999	0.1
684.5	1	15	0.027630000000000002	0.4130461346670324	0.066893254	0.1
685.0	1	15	0.0276	0.4132199234285516	0.06679252	0.1
685.5	1	15	0.02757	0.41339423718537094	0.06669178599999999	0.1
686.0	1	15	0.027540000000000002	0.41356907832001216	0.066591052	0.1
686.5	1	15	0.02751	0.4137444492294352	0.06649031799999999	0.1
687.0	1	15	0.02748	0.4139203523251479	0.06638958399999999	0.1
687.5	1	15	0.027450000000000002	0.41409679003331634	0.06628885	0.1
688.0	1	15	0.02742	0.41427376479487654	0.06618811599999999	0.1
688.5	1	15	0.02739	0.41445127906564677	0.066087382	0.1
689.0	1	15	0.027360000000000002	0.41462933531644164	0.06598664800000001	0.1
689.5	1	15	0.02733	0.41480793603318616	0.06588591399999999	0.1
690.0	1	15	0.0273	0.41498708371703175	0.06578518	0.1
690.5	1	15	0.027270000000000003	0.4151667808844731	0.065684446	0.1
691.0	1	15	0.02724	0.41534703006746554	0.065583712	0.1
691.5	1	15	0.02721	0.4155278338135447	0.065482978	0.1
692.0	1	15	0.027180000000000003	0.4157091946859457	0.06538224399999999	0.1
692.5	1	15	0.02715	0.41589111526372474	0.06528151	0.1
693.0	1	15	0.027120000000000002	0.41607359814188166	0.065180776	0.1
693.5	1	15	0.027090000000000003	0.4162566459314824	0.06508004199999999	0.1
694.0	1	15	0.02706	0.41644026125978445	0.064979308	0.1
694.5	1	15	0.027030000000000002	0.4166244467703622	0.064878574	0.1
695.0	1	15	0.027000000000000003	0.4168092051232336	0.06477783999999999	0.1
695.5	1	15	0.02697	0.41699453899498845	0.064677106	0.1
696.0	1	15	0.026940000000000002	0.41718045107891794	0.06457637199999999	0.1
696.5	1	15	0.026910000000000003	0.41736694408514424	0.064475638	0.1
697.0	1	15	0.02688	0.4175540207407533	0.064374904	0.1
697.5	1	15	0.026850000000000002	0.4177416837899269	0.06427416999999999	0.1
698.0	1	15	0.026820000000000004	0.41792993599407713	0.064173436	0.1
698.5	1	15	0.02679	0.418118780131982	0.064072702	0.1
699.0	1	15	0.026760000000000003	0.41830821899992204	0.06397196799999999	0.1
699.5	1	15	0.02673	0.4184982554118181	0.063871234	0.1
700.0	1	15	0.0267	0.4186888921993712	0.0637705	0.1
700.5	1	15	0.026658	0.4169720415694442	0.06393234399999999	0.1
701.0	1	15	0.026616	0.41526386136602594	0.064094188	0.1
701.5	1	15	0.026574	0.41356428607356277	0.06425603199999999	0.1
702.0	1	15	0.026532	0.411873250834908	0.064417876	0.1
702.5	1	15	0.026490000000000003	0.4101906914430723	0.06457972	0.1
703.0	1	15	0.026448000000000003	0.40851654433309653	0.06474156399999999	0.1
703.5	1	15	0.026406000000000002	0.40685074657404746	0.064903408	0.1
704.0	1	15	0.026364000000000002	0.40519323586113226	0.06506525199999999	0.1
704.5	1	15	0.026322	0.40354395050793007	0.065227096	0.1
705.0	1	15	0.02628	0.40190282943874	0.06538893999999999	0.1
705.5	1	15	0.026238	0.4002698121810412	0.065550784	0.1
706.0	1	15	0.026196	0.3986448388580655	0.065712628	0.1
706.5	1	15	0.026154	0.39702785018147857	0.06587447199999999	0.1
707.0	1	15	0.026112	0.39541878744416936	0.066036316	0.1
707.5	1	15	0.026070000000000003	0.39381759251314546	0.06619815999999999	0.1
708.0	1	15	0.026028000000000003	0.3922242078225312	0.066360004	0.1
708.5	1	15	0.025986000000000002	0.3906385763666699	0.066521848	0.1
709.0	1	15	0.025944000000000002	0.38906064169332444	0.06668369199999999	0.1
709.5	1	15	0.025902	0.3874903478969785	0.06684553600000001	0.1
710.0	1	15	0.02586	0.3859276396122338	0.06700737999999999	0.1
710.5	1	15	0.025818	0.38437246200730263	0.067169224	0.1
711.0	1	15	0.025776	0.3828247607775953	0.067331068	0.1
711.5	1	15	0.025734	0.38128448213939864	0.06749291199999999	0.1
712.0	1	15	0.025692	0.379751572823646	0.067654756	0.1
712.5	1	15	0.025650000000000003	0.37822598006977654	0.06781659999999999	0.1
713.0	1	15	0.025608000000000002	0.3767076516196811	0.067978444	0.1
713.5	1	15	0.025566000000000002	0.3751965357117364	0.068140288	0.1
714.0	1	15	0.025524	0.37369258107492176	0.06830213199999999	0.1
714.5	1	15	0.025482	0.3721957369230207	0.06846397599999998	0.1
715.0	1	15	0.02544	0.37070595294890474	0.06862581999999999	0.1
715.5	1	15	0.025398	0.3692231793188965	0.068787664	0.1
716.0	1	15	0.025356	0.36774736666721397	0.06894950799999999	0.1
716.5	1	15	0.025314000000000003	0.36627846609049125	0.069111352	0.1
717.0	1	15	0.025272000000000003	0.36481642914237716	0.069273196	0.1
717.5	1	15	0.025230000000000002	0.363361207828209	0.06943503999999999	0.1
718.0	1	15	0.025188000000000002	0.3619127545997606	0.069596884	0.1
718.5	1	15	0.025146	0.36047102235006356	0.06975872799999999	0.1
719.0	1	15	0.025104	0.3590359644083003	0.069920572	0.1
719.5	1	15	0.025062	0.35760753453476835	0.070082416	0.1
720.0	1	15	0.02502	0.3561856869159132	0.07024425999999999	0.1
720.5	1	15	0.024978	0.35477037615943074	0.070406104	0.1
721.0	1	15	0.024936	0.35336155728943686	0.07056794799999999	0.1
721.5	1	15	0.024894000000000003	0.35195918574170276	0.070729792	0.1
722.0	1	15	0.024852000000000003	0.3505632173589562	0.070891636	0.1
722.5	1	15	0.024810000000000002	0.3491736083862466	0.07105347999999999	0.1
723.0	1	15	0.024768000000000002	0.34779031546637357	0.071215324	0.1
723.5	1	15	0.024726	0.3464132956353775	0.07137716799999999	0.1
724.0	1	15	0.024684	0.3450425063180912	0.071539012	0.1
724.5	1	15	0.024642	0.34367790532375236	0.07170085600000001	0.1
725.0	1	15	0.0246	0.3423194508416745	0.0718627	0.1
725.5	1	15	0.024558	0.34096710143697684	0.072024544	0.1
726.0	1	15	0.024516000000000003	0.3396208160463716	0.07218638799999998	0.1
726.5	1	15	0.024474000000000003	0.3382805539740073	0.072348232	0.1
727.0	1	15	0.024432000000000002	0.33694627488736884	0.07251007599999998	0.1
727.5	1	15	0.024390000000000002	0.33561793881323077	0.07267192	0.1
728.0	1	15	0.024348	0.33429550613366626	0.07283376400000001	0.1
728.5	1	15	0.024306	0.3329789375821077	0.072995608	0.1
729.0	1	15	0.024264	0.3316681942394604	0.073157452	0.1
729.5	1	15	0.024222	0.33036323753026764	0.07331929599999999	0.1
730.0	1	15	0.02418	0.32906402921892614	0.07348113999999999	0.1
730.5	1	15	0.024138	0.32777053140595175	0.073642984	0.1
731.0	1	15	0.024096	0.32648270652429406	0.07380482799999999	0.1
731.5	1	15	0.024054000000000002	0.32520051733569955	0.07396667200000001	0.1
732.0	1	15	0.024012000000000002	0.32392392692712213	0.07412851599999999	0.1
732.5	1	15	0.02397	0.3226528987071809	0.07429036	0.1
733.0	1	15	0.023928	0.32138739640266395	0.074452204	0.1
733.5	1	15	0.023886	0.32012738405507773	0.07461404799999999	0.1
734.0	1	15	0.023844	0.318872826017241	0.074775892	0.1
734.5	1	15	0.023802	0.3176236869499234	0.07493773599999999	0.1
735.0	1	15	0.02376	0.3163799318185268	0.07509958	0.1
735.5	1	15	0.023718000000000003	0.3151415258898105	0.075261424	0.1
736.0	1	15	0.023676000000000003	0.31390843472865704	0.07542326799999999	0.1
736.5	1	15	0.023634000000000002	0.3126806241948812	0.075585112	0.1
737.0	1	15	0.023592000000000002	0.311458060440079	0.07574695599999999	0.1
737.5	1	15	0.02355	0.310240709904517	0.0759088	0.1
738.0	1	15	0.023508	0.3090285393140619	0.07607064399999999	0.1
738.5	1	15	0.023466	0.30782151567714805	0.076232488	0.1
739.0	1	15	0.023424	0.3066196062817854	0.076394332	0.1
739.5	1	15	0.023382	0.3054227786926035	0.07655617599999999	0.1
740.0	1	15	0.02334	0.3042310007479338	0.07671802	0.1
740.5	1	15	0.023298	0.3030442405569292	0.07687986399999999	0.1
741.0	1	15	0.023256000000000002	0.30186246649671894	0.077041708	0.1
741.5	1	15	0.023214000000000002	0.30068564720959995	0.077203552	0.1
742.0	1	15	0.023172	0.2995137516002633	0.07736539599999999	0.1
742.5	1	15	0.02313	0.29834674883305534	0.07752724	0.1
743.0	1	15	0.023088	0.2971846083292732	0.07768908399999999	0.1
743.5	1	15	0.023046	0.2960272997644935	0.077850928	0.1
744.0	1	15	0.023004	0.29487479306593545	0.078012772	0.1
744.5	1	15	0.022962	0.2937270584098552	0.078174616	0.1
745.0	1	15	0.022920000000000003	0.2925840662189739	0.07833646	0.1
745.5	1	15	0.022878000000000003	0.2914457871599367	0.07849830399999999	0.1
746.0	1	15	0.022836000000000002	0.290312192140803	0.07866014800000001	0.1
746.5	1	15	0.022794000000000002	0.28918325230856895	0.078821992	0.1
747.0	1	15	0.022752	0.28805893904671837	0.07898383600000002	0.1
747.5	1	15	0.02271	0.28693922397280563	0.07914567999999998	0.1
748.0	1	15	0.022668	0.2858240789360667	0.07930752399999999	0.1
748.5	1	15	0.022626	0.2847134760150603	0.079469368	0.1
749.0	1	15	0.022584	0.2836073875153376	0.07963121199999999	0.1
749.5	1	15	0.022542	0.28250578596713977	0.079793056	0.1
750.0	1	15	0.0225	0.28140864412312444	0.07995489999999998	0.1
750.5	1	15	0.022458000000000002	0.2803159349561186	0.08011674399999999	0.1
751.0	1	15	0.022416000000000002	0.2792276316568996	0.080278588	0.1
751.5	1	15	0.022374	0.2781437076320028	0.080440432	0.1
752.0	1	15	0.022332	0.27706413650155487	0.08060227600000001	0.1
752.5	1	15	0.02229	0.27598889209713423	0.08076412	0.1
753.0	1	15	0.022248	0.27491794845965634	0.08092596399999999	0.1
753.5	1	15	0.022206	0.2738512798372845	0.081087808	0.1
754.0	1	15	0.022164000000000003	0.27278886068336644	0.08124965199999999	0.1
754.5	1	15	0.022122000000000003	0.27173066565439363	0.08141149599999999	0.1
755.0	1	15	0.022080000000000002	0.27067666960798714	0.08157334000000001	0.1
755.5	1	15	0.022038000000000002	0.26962684760090594	0.08173518399999999	0.1
756.0	1	15	0.021996	0.26858117488707894	0.081897028	0.1
756.5	1	15	0.021954	0.2675396269156613	0.08205887199999999	0.1
757.0	1	15	0.021912	0.26650217932911213	0.08222071600000001	0.1
757.5	1	15	0.02187	0.2654688079612967	0.08238256	0.1
758.0	1	15	0.021828	0.2644394888356091	0.08254440399999999	0.1
758.5	1	15	0.021786	0.26341419816311823	0.082706248	0.1
759.0	1	15	0.021744	0.2623929123407354	0.082868092	0.1
759.5	1	15	0.021702	0.26137560794940273	0.083029936	0.1
760.0	1	15	0.021660000000000002	0.260362261752303	0.08319177999999999	0.1
760.5	1	15	0.021618000000000002	0.25935285069309044	0.08335362400000002	0.1
761.0	1	15	0.021576	0.25834735189414254	0.08351546800000001	0.1
761.5	1	15	0.021534	0.25734574265483096	0.08367731200000002	0.1
762.0	1	15	0.021492	0.2563480004498137	0.083839156	0.1
762.5	1	15	0.02145	0.2553541029273461	0.08400099999999999	0.1
763.0	1	15	0.021408	0.25436402790761203	0.08416284400000001	0.1
763.5	1	15	0.021366000000000003	0.25337775338107393	0.084324688	0.1
764.0	1	15	0.021324000000000003	0.25239525750684144	0.08448653200000002	0.1
764.5	1	15	0.021282000000000002	0.25141651861105996	0.08464837600000001	0.1
765.0	1	15	0.021240000000000002	0.25044151518531615	0.08481021999999999	0.1
765.5	1	15	0.021198	0.24947022588506268	0.084972064	0.1
766.0	1	15	0.021156	0.24850262952806068	0.08513390800000001	0.1
766.5	1	15	0.021114	0.2475387050928398	0.085295752	0.1
767.0	1	15	0.021072	0.24657843171717586	0.085457596	0.1
767.5	1	15	0.02103	0.24562178869658577	0.08561943999999999	0.1
768.0	1	15	0.020988	0.24466875548283937	0.08578128399999999	0.1
768.5	1	15	0.020946	0.24371931168248845	0.085943128	0.1
769.0	1	15	0.020904	0.24277343705541182	0.086104972	0.1
769.5	1	15	0.020862000000000002	0.24183111151337733	0.086266816	0.1
770.0	1	15	0.02082	0.24089231511861928	0.08642865999999999	0.1
770.5	1	15	0.020778	0.23995702808243272	0.086590504	0.1
771.0	1	15	0.020736	0.23902523076378293	0.08675234799999998	0.1
771.5	1	15	0.020694	0.23809690366793032	0.086914192	0.1
772.0	1	15	0.020652	0.23717202744507113	0.087076036	0.1
772.5	1	15	0.02061	0.23625058288899276	0.08723787999999999	0.1
773.0	1	15	0.020568000000000003	0.2353325509357444	0.08739972400000001	0.1
773.5	1	15	0.020526000000000003	0.2344179126623224	0.08756156799999999	0.1
774.0	1	15	0.020484000000000002	0.23350664928536982	0.087723412	0.1
774.5	1	15	0.020442000000000002	0.23259874215989088	0.08788525600000001	0.1
775.0	1	15	0.0204	0.2316941727779791	0.08804709999999999	0.1
775.5	1	15	0.020358	0.23079292276755972	0.08820894400000001	0.1
776.0	1	15	0.020316	0.22989497389114605	0.08837078799999999	0.1
776.5	1	15	0.020274	0.2290003080446089	0.088532632	0.1
777.0	1	15	0.020232	0.22810890725596036	0.088694476	0.1
777.5	1	15	0.02019	0.2272207536841499	0.08885631999999997	0.1
778.0	1	15	0.020148	0.22633582961787438	0.089018164	0.1
778.5	1	15	0.020106	0.22545411747440075	0.08918000799999999	0.1
779.0	1	15	0.020064000000000002	0.22457559979840133	0.089341852	0.1
779.5	1	15	0.020022	0.22370025926080195	0.089503696	0.1
780.0	1	15	0.01998	0.22282807865764265	0.08966553999999999	0.1
780.5	1	15	0.019938	0.22195904090895047	0.08982738399999998	0.1
781.0	1	15	0.019896	0.22109312905762454	0.089989228	0.1
781.5	1	15	0.019854	0.22023032626833322	0.09015107200000001	0.1
782.0	1	15	0.019812	0.2193706158264229	0.090312916	0.1
782.5	1	15	0.019770000000000003	0.21851398113683865	0.09047476	0.1
783.0	1	15	0.019728000000000002	0.21766040572305648	0.090636604	0.1
783.5	1	15	0.019686000000000002	0.21680987322602696	0.090798448	0.1
784.0	1	15	0.019644000000000002	0.21596236740313018	0.09096029199999998	0.1
784.5	1	15	0.019602	0.21511787212714156	0.09112213599999998	0.1
785.0	1	15	0.01956	0.2142763713852091	0.09128398	0.1
785.5	1	15	0.019518	0.2134378492778413	0.091445824	0.1
786.0	1	15	0.019476	0.21260229001790548	0.091607668	0.1
786.5	1	15	0.019434	0.21176967792963747	0.091769512	0.1
787.0	1	15	0.019392	0.21093999744766084	0.09193135599999999	0.1
787.5	1	15	0.01935	0.21011323311601723	0.0920932	0.1
788.0	1	15	0.019308	0.20928936958720654	0.09225504399999998	0.1
788.5	1	15	0.019266000000000002	0.20846839162123704	0.092416888	0.1
789.0	1	15	0.019224	0.20765028408468592	0.092578732	0.1
789.5	1	15	0.019182	0.20683503194976924	0.092740576	0.1
790.0	1	15	0.01914	0.20602262029342186	0.09290242	0.1
790.5	1	15	0.019098	0.20521303429638688	0.093064264	0.1
791.0	1	15	0.019056	0.2044062592423144	0.093226108	0.1
791.5	1	15	0.019014	0.2036022805168701	0.093387952	0.1
792.0	1	15	0.018972000000000003	0.2028010836068526	0.09354979599999999	0.1
792.5	1	15	0.018930000000000002	0.20200265409932003	0.09371164	0.1
793.0	1	15	0.018888000000000002	0.20120697768072615	0.093873484	0.1
793.5	1	15	0.018846	0.20041404013606462	0.094035328	0.1
794.0	1	15	0.018804	0.19962382734802275	0.09419717199999998	0.1
794.5	1	15	0.018762	0.19883632529614342	0.094359016	0.1
795.0	1	15	0.01872	0.1980515200559961	0.09452086	0.1
795.5	1	15	0.018678	0.1972693977983561	0.09468270399999999	0.1
796.0	1	15	0.018636	0.19648994478839205	0.09484454800000001	0.1
796.5	1	15	0.018594	0.19571314738486228	0.095006392	0.1
797.0	1	15	0.018552	0.19493899203931866	0.09516823599999999	0.1
797.5	1	15	0.01851	0.19416746529531917	0.09533007999999998	0.1
798.0	1	15	0.018468	0.19339855378764803	0.095491924	0.1
798.5	1	15	0.018426	0.19263224424154415	0.095653768	0.1
799.0	1	15	0.018384	0.19186852347193695	0.095815612	0.1
799.5	1	15	0.018342	0.19110737838269024	0.09597745599999999	0.1
800.0	1	15	0.0183	0.19034879596585372	0.0961393	0.1
800.5	1	15	0.0182725	0.19033051209818755	0.09600405	0.1
801.0	1	15	0.018245	0.19031217664140992	0.09586880000000002	0.1
801.5	1	15	0.0182175	0.19029378937686944	0.09573355000000001	0.1
802.0	1	15	0.01819	0.19027535008467725	0.09559830000000001	0.1
802.5	1	15	0.0181625	0.19025685854369834	0.09546305	0.1
803.0	1	15	0.018135000000000002	0.19023831453154277	0.0953278	0.1
803.5	1	15	0.0181075	0.19021971782455663	0.09519255000000001	0.1
804.0	1	15	0.01808	0.19020106819781332	0.0950573	0.1
804.5	1	15	0.0180525	0.19018236542510408	0.09492204999999998	0.1
805.0	1	15	0.018025	0.1901636092789291	0.09478680000000002	0.1
805.5	1	15	0.0179975	0.1901447995304884	0.09465155	0.1
806.0	1	15	0.01797	0.19012593594967217	0.0945163	0.1
806.5	1	15	0.0179425	0.19010701830505172	0.09438105	0.1
807.0	1	15	0.017915	0.1900880463638698	0.09424579999999999	0.1
807.5	1	15	0.0178875	0.19006901989203123	0.09411055	0.1
808.0	1	15	0.01786	0.19004993865409317	0.0939753	0.1
808.5	1	15	0.0178325	0.19003080241325535	0.09384005	0.1
809.0	1	15	0.017805	0.19001161093135038	0.0937048	0.1
809.5	1	15	0.0177775	0.1899923639688339	0.09356954999999999	0.1
810.0	1	15	0.017750000000000002	0.18997306128477445	0.0934343	0.1
810.5	1	15	0.0177225	0.18995370263684358	0.09329905	0.1
811.0	1	15	0.017695	0.1899342877813056	0.09316379999999999	0.1
811.5	1	15	0.0176675	0.18991481647300748	0.09302854999999999	0.1
812.0	1	15	0.01764	0.18989528846536832	0.0928933	0.1
812.5	1	15	0.0176125	0.1898757035103692	0.09275805	0.1
813.0	1	15	0.017585	0.18985606135854238	0.0926228	0.1
813.5	1	15	0.0175575	0.18983636175896107	0.09248755	0.1
814.0	1	15	0.01753	0.18981660445922843	0.09235229999999998	0.1
814.5	1	15	0.0175025	0.18979678920546691	0.09221704999999998	0.1
815.0	1	15	0.017475	0.1897769157423074	0.0920818	0.1
815.5	1	15	0.0174475	0.18975698381287825	0.09194655	0.1
816.0	1	15	0.01742	0.1897369931587942	0.0918113	0.1
816.5	1	15	0.0173925	0.18971694352014515	0.09167605	0.1
817.0	1	15	0.017365000000000002	0.18969683463548495	0.09154080000000002	0.1
817.5	1	15	0.0173375	0.18967666624182009	0.09140555	0.1
818.0	1	15	0.01731	0.1896564380745982	0.0912703	0.1
818.5	1	15	0.0172825	0.18963614986769634	0.09113505	0.1
819.0	1	15	0.017255	0.18961580135340958	0.09099979999999999	0.1
819.5	1	15	0.0172275	0.18959539226243896	0.09086455000000002	0.1
820.0	1	15	0.0172	0.18957492232387993	0.0907293	0.1
820.5	1	15	0.0171725	0.18955439126521004	0.09059405	0.1
821.0	1	15	0.017145	0.18953379881227697	0.09045879999999999	0.1
821.5	1	15	0.0171175	0.18951314468928646	0.09032355	0.1
822.0	1	15	0.01709	0.18949242861878982	0.09018829999999999	0.1
822.5	1	15	0.0170625	0.18947165032167151	0.09005305	0.1
823.0	1	15	0.017035	0.1894508095171368	0.08991779999999998	0.1
823.5	1	15	0.017007500000000002	0.1894299059226988	0.08978255000000002	0.1
824.0	1	15	0.016980000000000002	0.18940893925416608	0.0896473	0.1
824.5	1	15	0.0169525	0.1893879092256294	0.08951205	0.1
825.0	1	15	0.016925	0.18936681554944906	0.08937679999999999	0.1
825.5	1	15	0.0168975	0.18934565793624156	0.08924155	0.1
826.0	1	15	0.01687	0.18932443609486646	0.0891063	0.1
826.5	1	15	0.0168425	0.18930314973241297	0.08897105	0.1
827.0	1	15	0.016815	0.1892817985541865	0.08883579999999999	0.1
827.5	1	15	0.0167875	0.1892603822636951	0.08870055	0.1
828.0	1	15	0.01676	0.1892389005626357	0.08856530000000001	0.1
828.5	1	15	0.0167325	0.18921735315088029	0.08843005	0.1
829.0	1	15	0.016705	0.1891957397264618	0.0882948	0.1
829.5	1	15	0.0166775	0.18917405998556028	0.08815955	0.1
830.0	1	15	0.01665	0.18915231362248836	0.08802429999999999	0.1
830.5	1	15	0.016622500000000002	0.18913050032967704	0.08788905	0.1
831.0	1	15	0.016595	0.1891086197976612	0.08775379999999999	0.1
831.5	1	15	0.0165675	0.18908667171506488	0.08761855	0.1
832.0	1	15	0.01654	0.1890646557685867	0.08748329999999999	0.1
832.5	1	15	0.0165125	0.1890425716429846	0.08734805	0.1
833.0	1	15	0.016485	0.18902041902106112	0.08721280000000001	0.1
833.5	1	15	0.0164575	0.18899819758364814	0.08707754999999999	0.1
834.0	1	15	0.01643	0.1889759070095914	0.0869423	0.1
834.5	1	15	0.0164025	0.18895354697573527	0.08680705000000001	0.1
835.0	1	15	0.016375	0.18893111715690689	0.0866718	0.1
835.5	1	15	0.0163475	0.1889086172259005	0.08653655000000002	0.1
836.0	1	15	0.01632	0.18888604685346172	0.08640129999999999	0.1
836.5	1	15	0.0162925	0.18886340570827112	0.08626605	0.1
837.0	1	15	0.016265	0.1888406934569283	0.08613080000000001	0.1
837.5	1	15	0.016237500000000002	0.18881790976393548	0.08599555	0.1
838.0	1	15	0.016210000000000002	0.1887950542916808	0.0858603	0.1
838.5	1	15	0.0161825	0.18877212670042187	0.08572505	0.1
839.0	1	15	0.016155	0.18874912664826884	0.0855898	0.1
839.5	1	15	0.0161275	0.18872605379116733	0.08545455	0.1
840.0	1	15	0.0161	0.18870290778288148	0.0853193	0.1
840.5	1	15	0.0160725	0.18867968827497636	0.08518405	0.1
841.0	1	15	0.016045	0.1886563949168007	0.08504880000000001	0.1
841.5	1	15	0.0160175	0.18863302735546916	0.08491355	0.1
842.0	1	15	0.01599	0.18860958523584456	0.0847783	0.1
842.5	1	15	0.0159625	0.18858606820051974	0.08464304999999998	0.1
843.0	1	15	0.015935	0.18856247588979955	0.0845078	0.1
843.5	1	15	0.0159075	0.18853880794168246	0.08437255	0.1
844.0	1	15	0.015880000000000002	0.18851506399184212	0.08423729999999999	0.1
844.5	1	15	0.015852500000000002	0.18849124367360845	0.08410205000000001	0.1
845.0	1	15	0.015825	0.18846734661794898	0.08396680000000001	0.1
845.5	1	15	0.0157975	0.18844337245344978	0.08383155	0.1
846.0	1	15	0.01577	0.1884193208062961	0.0836963	0.1
846.5	1	15	0.0157425	0.18839519130025292	0.08356105	0.1
847.0	1	15	0.015715	0.18837098355664555	0.0834258	0.1
847.5	1	15	0.0156875	0.18834669719433955	0.08329055	0.1
848.0	1	15	0.01566	0.18832233182972102	0.0831553	0.1
848.5	1	15	0.0156325	0.18829788707667608	0.08302004999999998	0.1
849.0	1	15	0.015605	0.18827336254657065	0.08288480000000001	0.1
849.5	1	15	0.015577500000000001	0.18824875784823	0.08274954999999999	0.1
850.0	1	15	0.015550000000000001	0.1882240725879176	0.08261430000000002	0.1
850.5	1	15	0.015522500000000002	0.18819930636931442	0.08247905	0.1
851.0	1	15	0.015495	0.1881744587934975	0.0823438	0.1
851.5	1	15	0.0154675	0.1881495294589188	0.08220855	0.1
852.0	1	15	0.01544	0.1881245179613833	0.0820733	0.1
852.5	1	15	0.0154125	0.18809942389402726	0.08193805000000001	0.1
853.0	1	15	0.015385000000000001	0.18807424684729618	0.08180280000000001	0.1
853.5	1	15	0.0153575	0.1880489864089225	0.08166755	0.1
854.0	1	15	0.01533	0.18802364216390313	0.0815323	0.1
854.5	1	15	0.0153025	0.18799821369447664	0.08139705	0.1
855.0	1	15	0.015275	0.18797270058010038	0.0812618	0.1
855.5	1	15	0.0152475	0.18794710239742723	0.08112655	0.1
856.0	1	15	0.015220000000000001	0.1879214187202823	0.0809913	0.1
856.5	1	15	0.015192500000000001	0.18789564911963919	0.08085605	0.1
857.0	1	15	0.015165000000000001	0.187869793163596	0.08072080000000001	0.1
857.5	1	15	0.015137500000000002	0.1878438504173515	0.08058555	0.1
858.0	1	15	0.01511	0.18781782044318043	0.08045030000000002	0.1
858.5	1	15	0.0150825	0.18779170280040913	0.08031505000000001	0.1
859.0	1	15	0.015055	0.1877654970453905	0.0801798	0.1
859.5	1	15	0.015027500000000001	0.1877392027314789	0.08004455	0.1
860.0	1	15	0.015000000000000001	0.18771281940900497	0.0799093	0.1
860.5	1	15	0.0149725	0.1876863466252497	0.07977405	0.1
861.0	1	15	0.014945	0.18765978392441873	0.0796388	0.1
861.5	1	15	0.0149175	0.18763313084761624	0.07950355	0.1
862.0	1	15	0.01489	0.18760638693281825	0.07936830000000002	0.1
862.5	1	15	0.0148625	0.18757955171484628	0.07923305	0.1
863.0	1	15	0.014835000000000001	0.18755262472534004	0.0790978	0.1
863.5	1	15	0.014807500000000001	0.18752560549273042	0.07896255	0.1
864.0	1	15	0.014780000000000001	0.1874984935422119	0.0788273	0.1
864.5	1	15	0.0147525	0.1874712883957147	0.07869204999999999	0.1
865.0	1	15	0.014725	0.18744398957187663	0.07855680000000001	0.1
865.5	1	15	0.0146975	0.18741659658601492	0.07842155	0.1
866.0	1	15	0.01467	0.18738910895009728	0.0782863	0.1
866.5	1	15	0.014642500000000001	0.18736152617271298	0.07815105	0.1
867.0	1	15	0.014615000000000001	0.18733384775904371	0.0780158	0.1
867.5	1	15	0.0145875	0.18730607321083376	0.07788055	0.1
868.0	1	15	0.01456	0.18727820202636042	0.07774530000000002	0.1
868.5	1	15	0.0145325	0.1872502337004035	0.07761005	0.1
869.0	1	15	0.014505	0.18722216772421482	0.07747480000000001	0.1
869.5	1	15	0.0144775	0.18719400358548763	0.07733955	0.1
870.0	1	15	0.014450000000000001	0.1871657407683251	0.0772043	0.1
870.5	1	15	0.014422500000000001	0.187137378753209	0.07706905	0.1
871.0	1	15	0.014395000000000002	0.18710891701696786	0.0769338	0.1
871.5	1	15	0.014367500000000002	0.18708035503274476	0.07679855000000001	0.1
872.0	1	15	0.01434	0.1870516922699649	0.07666329999999999	0.1
872.5	1	15	0.0143125	0.1870229281943026	0.07652805	0.1
873.0	1	15	0.014285	0.18699406226764825	0.07639280000000001	0.1
873.5	1	15	0.014257500000000001	0.18696509394807465	0.07625755000000001	0.1
874.0	1	15	0.01423	0.1869360226898031	0.07612229999999999	0.1
874.5	1	15	0.0142025	0.18690684794316925	0.07598705	0.1
875.0	1	15	0.014175	0.1868775691545883	0.07585179999999998	0.1
875.5	1	15	0.0141475	0.18684818576652	0.07571655000000001	0.1
876.0	1	15	0.01412	0.1868186972174334	0.0755813	0.1
876.5	1	15	0.0140925	0.18678910294177098	0.07544605	0.1
877.0	1	15	0.014065000000000001	0.1867594023699124	0.07531080000000001	0.1
877.5	1	15	0.014037500000000001	0.1867295949281382	0.07517555000000001	0.1
878.0	1	15	0.014010000000000002	0.1866996800385926	0.0750403	0.1
878.5	1	15	0.013982500000000002	0.18666965711924632	0.07490505	0.1
879.0	1	15	0.013955	0.18663952558385874	0.0747698	0.1
879.5	1	15	0.0139275	0.1866092848419398	0.07463455000000001	0.1
880.0	1	15	0.013900000000000001	0.18657893429871153	0.0744993	0.1
880.5	1	15	0.0138725	0.18654847335506874	0.07436405	0.1
881.0	1	15	0.013845	0.1865179014075399	0.07422880000000001	0.1
881.5	1	15	0.0138175	0.18648721784824723	0.07409355000000001	0.1
882.0	1	15	0.01379	0.18645642206486626	0.0739583	0.1
882.5	1	15	0.0137625	0.1864255134405853	0.07382305	0.1
883.0	1	15	0.013735	0.18639449135406405	0.0736878	0.1
883.5	1	15	0.013707500000000001	0.18636335517939215	0.07355255000000001	0.1
884.0	1	15	0.013680000000000001	0.18633210428604702	0.07341730000000002	0.1
884.5	1	15	0.013652500000000001	0.18630073803885128	0.07328205	0.1
885.0	1	15	0.013625000000000002	0.18626925579792963	0.07314680000000001	0.1
885.5	1	15	0.013597500000000002	0.18623765691866562	0.07301155000000001	0.1
886.0	1	15	0.01357	0.18620594075165725	0.0728763	0.1
886.5	1	15	0.0135425	0.1861741066426729	0.07274105	0.1
887.0	1	15	0.013515000000000001	0.18614215393260594	0.0726058	0.1
887.5	1	15	0.0134875	0.18611008195742956	0.07247055000000001	0.1
888.0	1	15	0.01346	0.18607789004815076	0.0723353	0.1
888.5	1	15	0.0134325	0.18604557753076348	0.07220005	0.1
889.0	1	15	0.013405	0.18601314372620195	0.07206480000000001	0.1
889.5	1	15	0.0133775	0.185980587950293	0.07192955000000001	0.1
890.0	1	15	0.01335	0.1859479095137079	0.0717943	0.1
890.5	1	15	0.013322500000000001	0.18591510772191372	0.07165905	0.1
891.0	1	15	0.013295000000000001	0.18588218187512412	0.0715238	0.1
891.5	1	15	0.013267500000000002	0.1858491312682496	0.07138855000000001	0.1
892.0	1	15	0.013240000000000002	0.18581595519084732	0.0712533	0.1
892.5	1	15	0.013212500000000002	0.18578265292706989	0.07111805	0.1
893.0	1	15	0.013185	0.185749223755614	0.07098280000000001	0.1
893.5	1	15	0.0131575	0.18571566694966868	0.07084755000000001	0.1
894.0	1	15	0.013130000000000001	0.18568198177686202	0.0707123	0.1
894.5	1	15	0.0131025	0.1856481674992083	0.07057705	0.1
895.0	1	15	0.013075	0.18561422337305405	0.0704418	0.1
895.5	1	15	0.0130475	0.18558014864902342	0.07030655000000001	0.1
896.0	1	15	0.01302	0.18554594257196316	0.0701713	0.1
896.5	1	15	0.0129925	0.1855116043808867	0.07003605	0.1
897.0	1	15	0.012965	0.18547713330891777	0.06990080000000001	0.1
897.5	1	15	0.012937500000000001	0.1854425285832334	0.06976555000000001	0.1
898.0	1	15	0.012910000000000001	0.18540778942500608	0.0696303	0.1
898.5	1	15	0.012882500000000002	0.18537291504934525	0.06949505	0.1
899.0	1	15	0.012855000000000002	0.1853379046652384	0.06935980000000001	0.1
899.5	1	15	0.0128275	0.18530275747549096	0.06922455000000001	0.1
900.0	1	15	0.0128	0.18526747267666627	0.0690893	0.1
900.5	1	15	0.012782	0.18507576913953783	0.069063606	0.1
901.0	1	15	0.012764000000000001	0.18488392290890837	0.069037912	0.1
901.5	1	15	0.012746	0.18469193382539886	0.069012218	0.1
902.0	1	15	0.012728	0.18449980172939281	0.06898652400000001	0.1
902.5	1	15	0.01271	0.18430752646103593	0.06896083	0.1
903.0	1	15	0.012692	0.18411510786023544	0.06893513600000001	0.1
903.5	1	15	0.012674000000000001	0.18392254576665998	0.068909442	0.1
904.0	1	15	0.012656	0.18372984001973874	0.06888374800000001	0.1
904.5	1	15	0.012638	0.1835369904586615	0.068858054	0.1
905.0	1	15	0.012620000000000001	0.18334399692237777	0.06883236000000001	0.1
905.5	1	15	0.012602	0.18315085924959654	0.068806666	0.1
906.0	1	15	0.012584000000000001	0.18295757727878575	0.06878097200000002	0.1
906.5	1	15	0.012566	0.182764150848172	0.068755278	0.1
907.0	1	15	0.012548	0.18257057979573976	0.06872958400000001	0.1
907.5	1	15	0.012530000000000001	0.18237686395923142	0.06870389	0.1
908.0	1	15	0.012512	0.1821830031761463	0.06867819600000001	0.1
908.5	1	15	0.012494	0.18198899728374066	0.068652502	0.1
909.0	1	15	0.012476000000000001	0.18179484611902683	0.06862680800000001	0.1
909.5	1	15	0.012458	0.1816005495187731	0.068601114	0.1
910.0	1	15	0.01244	0.1814061073195031	0.06857542	0.1
910.5	1	15	0.012422	0.18121151935749533	0.068549726	0.1
911.0	1	15	0.012404	0.1810167854687827	0.068524032	0.1
911.5	1	15	0.012386000000000001	0.18082190548915217	0.068498338	0.1
912.0	1	15	0.012368	0.1806268792541442	0.068472644	0.1
912.5	1	15	0.01235	0.18043170659905225	0.06844695	0.1
913.0	1	15	0.012332000000000001	0.1802363873589225	0.068421256	0.1
913.5	1	15	0.012314	0.1800409213685531	0.06839556200000001	0.1
914.0	1	15	0.012296000000000001	0.17984530846249405	0.068369868	0.1
914.5	1	15	0.012278	0.1796495484750463	0.06834417400000001	0.1
915.0	1	15	0.01226	0.17945364124026178	0.06831848	0.1
915.5	1	15	0.012242000000000001	0.17925758659194252	0.06829278600000001	0.1
916.0	1	15	0.012224	0.17906138436364039	0.06826709200000002	0.1
916.5	1	15	0.012206	0.17886503438865656	0.06824139800000001	0.1
917.0	1	15	0.012188000000000001	0.1786685365000411	0.068215704	0.1
917.5	1	15	0.01217	0.17847189053059237	0.06819001000000001	0.1
918.0	1	15	0.012152	0.1782750963128567	0.068164316	0.1
918.5	1	15	0.012134	0.1780781536791278	0.06813862200000001	0.1
919.0	1	15	0.012116	0.17788106246144636	0.068112928	0.1
919.5	1	15	0.012098000000000001	0.1776838224915995	0.06808723400000002	0.1
920.0	1	15	0.01208	0.1774864336011204	0.06806154	0.1
920.5	1	15	0.012062	0.17728889562128763	0.068035846	0.1
921.0	1	15	0.012044000000000001	0.17709120838312492	0.068010152	0.1
921.5	1	15	0.012026	0.17689337171740047	0.067984458	0.1
922.0	1	15	0.012008000000000001	0.17669538545462657	0.06795876400000002	0.1
922.5	1	15	0.01199	0.17649724942505912	0.06793307	0.1
923.0	1	15	0.011972	0.17629896345869703	0.067907376	0.1
923.5	1	15	0.011954000000000001	0.17610052738528195	0.067881682	0.1
924.0	1	15	0.011936	0.17590194103429752	0.067855988	0.1
924.5	1	15	0.011918	0.1757032042349691	0.067830294	0.1
925.0	1	15	0.0119	0.1755043168162632	0.0678046	0.1
925.5	1	15	0.011882	0.17530527860688694	0.06777890599999999	0.1
926.0	1	15	0.011864	0.17510608943528755	0.06775321200000001	0.1
926.5	1	15	0.011846	0.17490674912965215	0.067727518	0.1
927.0	1	15	0.011828	0.17470725751790672	0.06770182400000001	0.1
927.5	1	15	0.011810000000000001	0.17450761442771626	0.06767613	0.1
928.0	1	15	0.011792	0.1743078196864836	0.06765043600000001	0.1
928.5	1	15	0.011774	0.17410787312134957	0.067624742	0.1
929.0	1	15	0.011756	0.173907774559192	0.06759904800000001	0.1
929.5	1	15	0.011738	0.1737075238266255	0.067573354	0.1
930.0	1	15	0.011720000000000001	0.1735071207500008	0.06754766000000002	0.1
930.5	1	15	0.011702	0.17330656515540438	0.067521966	0.1
931.0	1	15	0.011684	0.17310585686865787	0.06749627200000001	0.1
931.5	1	15	0.011666000000000001	0.1729049957153176	0.067470578	0.1
932.0	1	15	0.011648	0.17270398152067398	0.067444884	0.1
932.5	1	15	0.01163	0.17250281410975124	0.06741919	0.1
933.0	1	15	0.011612	0.1723014933073067	0.067393496	0.1
933.5	1	15	0.011594	0.17210001893783025	0.06736780200000002	0.1
934.0	1	15	0.011576	0.1718983908255441	0.067342108	0.1
934.5	1	15	0.011558	0.1716966087944019	0.067316414	0.1
935.0	1	15	0.01154	0.17149467266808857	0.06729072	0.1
935.5	1	15	0.011522000000000001	0.17129258227001948	0.067265026	0.1
936.0	1	15	0.011504	0.17109033742334026	0.067239332	0.1
936.5	1	15	0.011486	0.17088793795092594	0.06721363800000002	0.1
937.0	1	15	0.011468	0.17068538367538083	0.067187944	0.1
937.5	1	15	0.01145	0.17048267441903747	0.06716225	0.1
938.0	1	15	0.011432000000000001	0.17027981000395673	0.067136556	0.1
938.5	1	15	0.011414	0.1700767902519267	0.06711086200000001	0.1
939.0	1	15	0.011396	0.16987361498446274	0.067085168	0.1
939.5	1	15	0.011378000000000001	0.16967028402280637	0.06705947400000001	0.1
940.0	1	15	0.01136	0.16946679718792526	0.06703378	0.1
940.5	1	15	0.011342	0.16926315430051234	0.067008086	0.1
941.0	1	15	0.011324	0.16905935518098547	0.06698239200000002	0.1
941.5	1	15	0.011306	0.1688553996494869	0.06695669800000001	0.1
942.0	1	15	0.011288	0.1686512875258826	0.066931004	0.1
942.5	1	15	0.01127	0.168447018629762	0.06690531	0.1
943.0	1	15	0.011252	0.16824259278043702	0.066879616	0.1
943.5	1	15	0.011234000000000001	0.16803800979694208	0.066853922	0.1
944.0	1	15	0.011216	0.16783326949803307	0.066828228	0.1
944.5	1	15	0.011198	0.16762837170218722	0.066802534	0.1
945.0	1	15	0.01118	0.16742331622760226	0.06677684	0.1
945.5	1	15	0.011162	0.16721810289219605	0.066751146	0.1
946.0	1	15	0.011144000000000001	0.16701273151360593	0.066725452	0.1
946.5	1	15	0.011126	0.16680720190918835	0.066699758	0.1
947.0	1	15	0.011108	0.16660151389601807	0.066674064	0.1
947.5	1	15	0.011090000000000001	0.166395667290888	0.06664837	0.1
948.0	1	15	0.011072	0.16618966191030812	0.066622676	0.1
948.5	1	15	0.011054	0.1659834975705055	0.066596982	0.1
949.0	1	15	0.011036	0.1657771740874234	0.066571288	0.1
949.5	1	15	0.011018	0.16557069127672075	0.066545594	0.1
950.0	1	15	0.011	0.16536404895377174	0.06651989999999999	0.1
950.5	1	15	0.010982	0.16515724693366518	0.066494206	0.1
951.0	1	15	0.010964	0.16495028503120396	0.066468512	0.1
951.5	1	15	0.010946000000000001	0.1647431630609045	0.066442818	0.1
952.0	1	15	0.010928	0.16453588083699622	0.066417124	0.1
952.5	1	15	0.01091	0.16432843817342085	0.06639143	0.1
953.0	1	15	0.010892	0.16412083488383225	0.066365736	0.1
953.5	1	15	0.010874	0.16391307078159523	0.06634004199999999	0.1
954.0	1	15	0.010856000000000001	0.16370514567978564	0.066314348	0.1
954.5	1	15	0.010838	0.16349705939118933	0.066288654	0.1
955.0	1	15	0.01082	0.16328881172830192	0.06626295999999998	0.1
955.5	1	15	0.010801999999999999	0.16308040250332795	0.066237266	0.1
956.0	1	15	0.010784	0.1628718315281806	0.066211572	0.1
956.5	1	15	0.010766000000000001	0.1626630986144809	0.066185878	0.1
957.0	1	15	0.010748	0.1624542035735572	0.066160184	0.1
957.5	1	15	0.01073	0.1622451462164447	0.06613449	0.1
958.0	1	15	0.010712	0.1620359263538849	0.066108796	0.1
958.5	1	15	0.010694	0.1618265437963248	0.066083102	0.1
959.0	1	15	0.010676	0.16161699835391663	0.066057408	0.1
959.5	1	15	0.010658	0.16140728983651703	0.066031714	0.1
960.0	1	15	0.01064	0.16119741805368662	0.06600602	0.1
960.5	1	15	0.010622	0.16098738281468933	0.065980326	0.1
961.0	1	15	0.010604	0.16077718392849194	0.065954632	0.1
961.5	1	15	0.010586	0.16056682120376337	0.06592893799999999	0.1
962.0	1	15	0.010568000000000001	0.1603562944488742	0.065903244	0.1
962.5	1	15	0.01055	0.160145603471896	0.06587754999999999	0.1
963.0	1	15	0.010532	0.1599347480806008	0.065851856	0.1
963.5	1	15	0.010513999999999999	0.15972372808246058	0.06582616200000001	0.1
964.0	1	15	0.010496	0.15951254328464654	0.065800468	0.1
964.5	1	15	0.010478000000000001	0.1593011934940286	0.065774774	0.1
965.0	1	15	0.01046	0.1590896785171747	0.06574908	0.1
965.5	1	15	0.010442	0.15887799816035042	0.065723386	0.1
966.0	1	15	0.010424	0.1586661522295182	0.065697692	0.1
966.5	1	15	0.010406	0.15845414053033685	0.06567199800000001	0.1
967.0	1	15	0.010388	0.15824196286816086	0.065646304	0.1
967.5	1	15	0.01037	0.15802961904803997	0.06562061	0.1
968.0	1	15	0.010352	0.15781710887471828	0.065594916	0.1
968.5	1	15	0.010334	0.15760443215263406	0.065569222	0.1
969.0	1	15	0.010316	0.15739158868591877	0.065543528	0.1
969.5	1	15	0.010298	0.15717857827839668	0.065517834	0.1
970.0	1	15	0.010280000000000001	0.15696540073358423	0.06549214	0.1
970.5	1	15	0.010262	0.1567520558546893	0.065466446	0.1
971.0	1	15	0.010244	0.1565385434446108	0.06544075199999999	0.1
971.5	1	15	0.010225999999999999	0.1563248633059379	0.065415058	0.1
972.0	1	15	0.010208	0.1561110152409496	0.06538936399999999	0.1
972.5	1	15	0.010190000000000001	0.15589699905161386	0.06536367	0.1
973.0	1	15	0.010172	0.15568281453958724	0.06533797599999999	0.1
973.5	1	15	0.010154	0.1554684615062141	0.065312282	0.1
974.0	1	15	0.010136	0.15525393975252622	0.06528658799999999	0.1
974.5	1	15	0.010118	0.15503924907924185	0.065260894	0.1
975.0	1	15	0.0101	0.15482438928676542	0.06523520000000001	0.1
975.5	1	15	0.010082	0.15460936017518673	0.065209506	0.1
976.0	1	15	0.010064	0.15439416154428037	0.065183812	0.1
976.5	1	15	0.010046	0.15417879319350505	0.065158118	0.1
977.0	1	15	0.010028	0.15396325492200322	0.065132424	0.1
977.5	1	15	0.01001	0.15374754652860004	0.06510673	0.1
978.0	1	15	0.009992000000000001	0.15353166781180314	0.06508103600000001	0.1
978.5	1	15	0.009974	0.1533156185698017	0.065055342	0.1
979.0	1	15	0.009956	0.15309939860046606	0.065029648	0.1
979.5	1	15	0.009937999999999999	0.15288300770134688	0.065003954	0.1
980.0	1	15	0.00992	0.15266644566967477	0.06497826	0.1
980.5	1	15	0.009902000000000001	0.15244971230235926	0.064952566	0.1
981.0	1	15	0.009884	0.15223280739598855	0.064926872	0.1
981.5	1	15	0.009866	0.15201573074682867	0.06490117799999999	0.1
982.0	1	15	0.009847999999999999	0.15179848215082295	0.064875484	0.1
982.5	1	15	0.00983	0.15158106140359132	0.06484978999999999	0.1
983.0	1	15	0.009812	0.15136346830042952	0.064824096	0.1
983.5	1	15	0.009794	0.15114570263630886	0.06479840199999999	0.1
984.0	1	15	0.009776	0.15092776420587511	0.064772708	0.1
984.5	1	15	0.009758	0.15070965280344822	0.06474701399999998	0.1
985.0	1	15	0.00974	0.15049136822302142	0.06472132	0.1
985.5	1	15	0.009722	0.15027291025826076	0.06469562599999999	0.1
986.0	1	15	0.009704	0.1500542787025043	0.064669932	0.1
986.5	1	15	0.009686	0.1498354733487616	0.06464423799999998	0.1
987.0	1	15	0.009668	0.1496164939897129	0.064618544	0.1
987.5	1	15	0.009649999999999999	0.14939734041770877	0.06459285	0.1
988.0	1	15	0.009632	0.14917801242476902	0.064567156	0.1
988.5	1	15	0.009614000000000001	0.14895850980258243	0.064541462	0.1
989.0	1	15	0.009596	0.1487388323425058	0.064515768	0.1
989.5	1	15	0.009578	0.14851897983556353	0.064490074	0.1
990.0	1	15	0.009559999999999999	0.14829895207244684	0.06446437999999999	0.1
990.5	1	15	0.009542	0.14807874884351305	0.064438686	0.1
991.0	1	15	0.009524	0.14785836993878504	0.06441299199999999	0.1
991.5	1	15	0.009506	0.14763781514795046	0.064387298	0.1
992.0	1	15	0.009488	0.1474170842603612	0.06436160399999999	0.1
992.5	1	15	0.00947	0.14719617706503257	0.06433591	0.1
993.0	1	15	0.009452	0.1469750933506428	0.06431021599999999	0.1
993.5	1	15	0.009434	0.14675383290553207	0.064284522	0.1
994.0	1	15	0.009416	0.14653239551770228	0.06425882799999999	0.1
994.5	1	15	0.009398	0.1463107809748159	0.064233134	0.1
995.0	1	15	0.00938	0.14608898906419568	0.06420743999999999	0.1
995.5	1	15	0.009361999999999999	0.1458670195728237	0.064181746	0.1
996.0	1	15	0.009344	0.14564487228734088	0.06415605199999999	0.1
996.5	1	15	0.009326000000000001	0.1454225469940461	0.064130358	0.1
997.0	1	15	0.009308	0.14520004347889573	0.06410466399999999	0.1
997.5	1	15	0.00929	0.1449773615275027	0.06407897	0.1
998.0	1	15	0.009271999999999999	0.14475450092513614	0.06405327599999999	0.1
998.5	1	15	0.009254	0.14453146145672033	0.064027582	0.1
999.0	1	15	0.009236	0.14430824290683425	0.06400188799999999	0.1
999.5	1	15	0.009218	0.1440848450597108	0.063976194	0.1
1000.0	1	15	0.0092	0.14386126769923613	0.0639505	0.1
1000.5	1	15	0.0091879	0.14375833903862853	0.06391211849999999	0.1
1001.0	1	15	0.0091758	0.14365528667909316	0.063873737	0.1
1001.5	1	15	0.0091637	0.14355211039750534	0.06383535550000001	0.1
1002.0	1	15	0.0091516	0.1434488099702033	0.06379697399999999	0.1
1002.5	1	15	0.0091395	0.1433453851729867	0.06375859249999999	0.1
1003.0	1	15	0.009127399999999999	0.14324183578111502	0.063720211	0.1
1003.5	1	15	0.0091153	0.14313816156930606	0.0636818295	0.1
1004.0	1	15	0.0091032	0.143034362311734	0.06364344799999999	0.1
1004.5	1	15	0.0090911	0.14293043778202796	0.06360506649999999	0.1
1005.0	1	15	0.009079	0.14282638775327045	0.063566685	0.1
1005.5	1	15	0.0090669	0.1427222119979955	0.0635283035	0.1
1006.0	1	15	0.0090548	0.14261791028818718	0.06348992199999999	0.1
1006.5	1	15	0.009042699999999999	0.1425134823952777	0.06345154049999999	0.1
1007.0	1	15	0.0090306	0.14240892809014608	0.063413159	0.1
1007.5	1	15	0.0090185	0.14230424714311624	0.06337477749999999	0.1
1008.0	1	15	0.0090064	0.14219943932395523	0.06333639599999999	0.1
1008.5	1	15	0.0089943	0.14209450440187188	0.0632980145	0.1
1009.0	1	15	0.0089822	0.14198944214551482	0.063259633	0.1
1009.5	1	15	0.0089701	0.1418842523229709	0.06322125149999998	0.1
1010.0	1	15	0.008958	0.14177893470176334	0.06318286999999999	0.1
1010.5	1	15	0.0089459	0.14167348904885024	0.0631444885	0.1
1011.0	1	15	0.0089338	0.1415679151306228	0.063106107	0.1
1011.5	1	15	0.0089217	0.14146221271290338	0.06306772549999999	0.1
1012.0	1	15	0.0089096	0.14135638156094404	0.06302934400000001	0.1
1012.5	1	15	0.0088975	0.14125042143942473	0.0629909625	0.1
1013.0	1	15	0.0088854	0.14114433211245145	0.062952581	0.1
1013.5	1	15	0.0088733	0.14103811334355454	0.06291419949999999	0.1
1014.0	1	15	0.0088612	0.14093176489568693	0.062875818	0.1
1014.5	1	15	0.0088491	0.14082528653122253	0.0628374365	0.1
1015.0	1	15	0.008837	0.14071867801195417	0.06279905499999999	0.1
1015.5	1	15	0.0088249	0.14061193909909206	0.06276067349999999	0.1
1016.0	1	15	0.008812799999999999	0.14050506955326184	0.062722292	0.1
1016.5	1	15	0.0088007	0.14039806913450303	0.0626839105	0.1
1017.0	1	15	0.0087886	0.1402909376022669	0.06264552899999999	0.1
1017.5	1	15	0.0087765	0.14018367471541487	0.0626071475	0.1
1018.0	1	15	0.0087644	0.14007628023221683	0.062568766	0.1
1018.5	1	15	0.0087523	0.139968753910349	0.0625303845	0.1
1019.0	1	15	0.0087402	0.1398610955068923	0.062492003000000004	0.1
1019.5	1	15	0.008728099999999999	0.1397533047783306	0.06245362149999999	0.1
1020.0	1	15	0.008716	0.13964538148054867	0.06241524	0.1
1020.5	1	15	0.0087039	0.1395373253688305	0.06237685849999999	0.1
1021.0	1	15	0.0086918	0.13942913619785738	0.062338476999999996	0.1
1021.5	1	15	0.0086797	0.13932081372170613	0.062300095499999986	0.1
1022.0	1	15	0.0086676	0.13921235769384696	0.062261714	0.1
1022.5	1	15	0.0086555	0.13910376786714213	0.06222333249999999	0.1
1023.0	1	15	0.008643399999999999	0.13899504399384346	0.062184950999999995	0.1
1023.5	1	15	0.0086313	0.1388861858255909	0.0621465695	0.1
1024.0	1	15	0.0086192	0.13877719311341044	0.062108187999999995	0.1
1024.5	1	15	0.0086071	0.13866806560771217	0.062069806500000005	0.1
1025.0	1	15	0.008595	0.1385588030582886	0.062031425	0.1
1025.5	1	15	0.0085829	0.13844940521431245	0.061993043500000004	0.1
1026.0	1	15	0.0085708	0.13833987182433505	0.061954661999999994	0.1
1026.5	1	15	0.008558699999999999	0.138230202636284	0.0619162805	0.1
1027.0	1	15	0.0085466	0.13812039739746174	0.061877899	0.1
1027.5	1	15	0.0085345	0.1380104558545432	0.06183951749999999	0.1
1028.0	1	15	0.0085224	0.137900377753574	0.061801135999999986	0.1
1028.5	1	15	0.0085103	0.13779016283996856	0.061762754499999996	0.1
1029.0	1	15	0.0084982	0.13767981085850803	0.061724373	0.1
1029.5	1	15	0.0084861	0.13756932155333843	0.061685991499999995	0.1
1030.0	1	15	0.008473999999999999	0.13745869466796845	0.06164761	0.1
1030.5	1	15	0.0084619	0.13734792994526787	0.061609228499999995	0.1
1031.0	1	15	0.0084498	0.13723702712746505	0.061570847000000005	0.1
1031.5	1	15	0.0084377	0.1371259859561454	0.061532465499999994	0.1
1032.0	1	15	0.0084256	0.13701480617224904	0.061494084	0.1
1032.5	1	15	0.008413499999999999	0.13690348751606898	0.061455702499999994	0.1
1033.0	1	15	0.0084014	0.1367920297272491	0.061417321	0.1
1033.5	1	15	0.0083893	0.13668043254478193	0.06137893949999999	0.1
1034.0	1	15	0.0083772	0.13656869570700678	0.061340557999999996	0.1
1034.5	1	15	0.0083651	0.13645681895160772	0.06130217649999999	0.1
1035.0	1	15	0.008353	0.13634480201561133	0.061263794999999996	0.1
1035.5	1	15	0.0083409	0.13623264463538495	0.06122541349999999	0.1
1036.0	1	15	0.008328799999999999	0.13612034654663427	0.06118703199999999	0.1
1036.5	1	15	0.0083167	0.13600790748440147	0.0611486505	0.1
1037.0	1	15	0.0083046	0.13589532718306316	0.061110268999999995	0.1
1037.5	1	15	0.0082925	0.13578260537632802	0.0610718875	0.1
1038.0	1	15	0.0082804	0.13566974179723512	0.061033506	0.1
1038.5	1	15	0.0082683	0.13555673617815142	0.06099512449999999	0.1
1039.0	1	15	0.0082562	0.1354435882507699	0.060956742999999994	0.1
1039.5	1	15	0.008244099999999999	0.1353302977461073	0.06091836149999999	0.1
1040.0	1	15	0.008232	0.1352168643945021	0.06087998	0.1
1040.5	1	15	0.0082199	0.1351032879256123	0.060841598499999996	0.1
1041.0	1	15	0.0082078	0.13498956806841322	0.06080321699999999	0.1
1041.5	1	15	0.0081957	0.13487570455119557	0.0607648355	0.1
1042.0	1	15	0.0081836	0.13476169710156302	0.06072645399999999	0.1
1042.5	1	15	0.0081715	0.1346475454464302	0.06068807249999999	0.1
1043.0	1	15	0.0081594	0.1345332493120204	0.060649691000000006	0.1
1043.5	1	15	0.0081473	0.13441880842386356	0.06061130949999999	0.1
1044.0	1	15	0.0081352	0.1343042225067938	0.060572928	0.1
1044.5	1	15	0.0081231	0.1341894912849475	0.0605345465	0.1
1045.0	1	15	0.008111	0.13407461448176097	0.06049616499999999	0.1
1045.5	1	15	0.0080989	0.13395959181996805	0.060457783499999994	0.1
1046.0	1	15	0.0080868	0.13384442302159827	0.060419402	0.1
1046.5	1	15	0.0080747	0.1337291078079742	0.0603810205	0.1
1047.0	1	15	0.0080626	0.1336136458997095	0.06034263899999999	0.1
1047.5	1	15	0.0080505	0.13349803701670648	0.06030425750000001	0.1
1048.0	1	15	0.0080384	0.13338228087815399	0.060265876	0.1
1048.5	1	15	0.0080263	0.13326637720252502	0.06022749449999999	0.1
1049.0	1	15	0.008014199999999999	0.13315032570757437	0.060189112999999995	0.1
1049.5	1	15	0.0080021	0.13303412611033666	0.0601507315	0.1
1050.0	1	15	0.00799	0.13291777812712366	0.06011234999999999	0.1
1050.5	1	15	0.0079779	0.1328012814735221	0.0600739685	0.1
1051.0	1	15	0.0079658	0.13268463586439155	0.06003558700000001	0.1
1051.5	1	15	0.0079537	0.13256784101386188	0.0599972055	0.1
1052.0	1	15	0.0079416	0.13245089663533094	0.059958824	0.1
1052.5	1	15	0.007929499999999999	0.13233380244146226	0.059920442500000004	0.1
1053.0	1	15	0.0079174	0.1322165581441828	0.05988206099999999	0.1
1053.5	1	15	0.0079053	0.1320991634546803	0.05984367949999999	0.1
1054.0	1	15	0.0078932	0.13198161808340123	0.059805298	0.1
1054.5	1	15	0.0078811	0.1318639217400483	0.05976691649999999	0.1
1055.0	1	15	0.007869	0.13174607413357786	0.05972853499999999	0.1
1055.5	1	15	0.0078569	0.1316280749721979	0.059690153499999996	0.1
1056.0	1	15	0.007844799999999999	0.13150992396336522	0.059651772000000006	0.1
1056.5	1	15	0.0078327	0.13139162081378344	0.0596133905	0.1
1057.0	1	15	0.0078206	0.13127316522940013	0.059575009000000005	0.1
1057.5	1	15	0.0078084999999999995	0.1311545569154047	0.05953662750000001	0.1
1058.0	1	15	0.0077964	0.1310357955762259	0.059498246	0.1
1058.5	1	15	0.007784299999999999	0.13091688091552914	0.05945986450000001	0.1
1059.0	1	15	0.0077722	0.13079781263621443	0.059421483	0.1
1059.5	1	15	0.0077601	0.1306785904404134	0.0593831015	0.1
1060.0	1	15	0.007748	0.13055921402948736	0.059344720000000004	0.1
1060.5	1	15	0.0077358999999999995	0.13043968310402437	0.0593063385	0.1
1061.0	1	15	0.007723799999999999	0.13031999736383693	0.059267956999999996	0.1
1061.5	1	15	0.0077117	0.13020015650795944	0.059229575500000006	0.1
1062.0	1	15	0.0076996	0.13008016023464572	0.059191194	0.1
1062.5	1	15	0.0076875	0.1299600082413664	0.0591528125	0.1
1063.0	1	15	0.0076754	0.12983970022480634	0.059114431	0.1
1063.5	1	15	0.0076633	0.12971923588086234	0.0590760495	0.1
1064.0	1	15	0.0076511999999999995	0.1295986149046402	0.059037667999999995	0.1
1064.5	1	15	0.007639099999999999	0.1294778369904524	0.058999286500000005	0.1
1065.0	1	15	0.007627	0.1293569018318155	0.058960905	0.1
1065.5	1	15	0.0076149	0.12923580912144741	0.058922523500000004	0.1
1066.0	1	15	0.0076028	0.12911455855126494	0.05888414200000001	0.1
1066.5	1	15	0.0075907	0.12899314981238114	0.0588457605	0.1
1067.0	1	15	0.0075786	0.12887158259510256	0.058807379	0.1
1067.5	1	15	0.0075664999999999994	0.12874985658892682	0.0587689975	0.1
1068.0	1	15	0.007554399999999999	0.12862797148253985	0.058730616000000006	0.1
1068.5	1	15	0.0075423	0.12850592696381324	0.058692234499999996	0.1
1069.0	1	15	0.0075302	0.12838372271980156	0.058653853	0.1
1069.5	1	15	0.0075181	0.1282613584367397	0.058615471499999995	0.1
1070.0	1	15	0.007506	0.12813883380004026	0.05857709	0.1
1070.5	1	15	0.0074938999999999995	0.12801614849429074	0.0585387085	0.1
1071.0	1	15	0.007481799999999999	0.12789330220325093	0.058500327	0.1
1071.5	1	15	0.007469699999999999	0.1277702946098501	0.058461945499999994	0.1
1072.0	1	15	0.0074576	0.12764712539618434	0.05842356399999999	0.1
1072.5	1	15	0.0074455	0.12752379424351376	0.058385182499999994	0.1
1073.0	1	15	0.0074334	0.12740030083225984	0.058346801000000004	0.1
1073.5	1	15	0.0074213	0.1272766448420026	0.05830841950000001	0.1
1074.0	1	15	0.0074091999999999995	0.12715282595147784	0.058270037999999996	0.1
1074.5	1	15	0.0073971	0.1270288438385743	0.058231656500000006	0.1
1075.0	1	15	0.007384999999999999	0.12690469818033095	0.058193275	0.1
1075.5	1	15	0.0073729	0.12678038865293426	0.05815489349999999	0.1
1076.0	1	15	0.0073608	0.1266559149317151	0.058116511999999995	0.1
1076.5	1	15	0.0073487	0.12653127669114625	0.0580781305	0.1
1077.0	1	15	0.0073365999999999995	0.1264064736048393	0.05803974900000001	0.1
1077.5	1	15	0.007324499999999999	0.12628150534554206	0.058001367500000005	0.1
1078.0	1	15	0.0073124	0.12615637158513537	0.05796298600000001	0.1
1078.5	1	15	0.007300299999999999	0.1260310719946305	0.057924604500000004	0.1
1079.0	1	15	0.0072882	0.12590560624416625	0.057886223	0.1
1079.5	1	15	0.0072761	0.12577997400300578	0.057847841500000004	0.1
1080.0	1	15	0.007264	0.12565417493953412	0.05780945999999999	0.1
1080.5	1	15	0.0072518999999999995	0.12552820872125486	0.057771078499999996	0.1
1081.0	1	15	0.007239799999999999	0.12540207501478753	0.057732697000000006	0.1
1081.5	1	15	0.0072277	0.12527577348586447	0.0576943155	0.1
1082.0	1	15	0.007215599999999999	0.1251493037993279	0.057655934000000006	0.1
1082.5	1	15	0.0072035	0.1250226656191271	0.0576175525	0.1
1083.0	1	15	0.0071914	0.12489585860831515	0.057579171	0.1
1083.5	1	15	0.0071793	0.12476888242904625	0.05754078950000001	0.1
1084.0	1	15	0.0071672	0.12464173674257259	0.057502408	0.1
1084.5	1	15	0.007155099999999999	0.12451442120924121	0.05746402650000001	0.1
1085.0	1	15	0.007143	0.12438693548849124	0.05742564500000001	0.1
1085.5	1	15	0.007130899999999999	0.1242592792388506	0.0573872635	0.1
1086.0	1	15	0.0071188	0.12413145211793317	0.05734888200000001	0.1
1086.5	1	15	0.0071067	0.12400345378243555	0.05731050050000001	0.1
1087.0	1	15	0.0070945999999999995	0.12387528388813411	0.057272118999999996	0.1
1087.5	1	15	0.0070825	0.12374694208988186	0.0572337375	0.1
1088.0	1	15	0.007070399999999999	0.12361842804160532	0.057195355999999996	0.1
1088.5	1	15	0.0070583	0.12348974139630152	0.0571569745	0.1
1089.0	1	15	0.0070462	0.12336088180603468	0.05711859300000001	0.1
1089.5	1	15	0.0070341	0.12323184892193328	0.057080211500000005	0.1
1090.0	1	15	0.007022	0.12310264239418685	0.057041829999999995	0.1
1090.5	1	15	0.0070098999999999995	0.12297326187204269	0.057003448500000005	0.1
1091.0	1	15	0.0069978	0.12284370700380287	0.056965067	0.1
1091.5	1	15	0.006985699999999999	0.12271397743682089	0.056926685500000004	0.1
1092.0	1	15	0.0069736	0.12258407281749865	0.056888304	0.1
1092.5	1	15	0.0069615	0.12245399279128304	0.0568499225	0.1
1093.0	1	15	0.0069494	0.12232373700266289	0.05681154099999999	0.1
1093.5	1	15	0.0069372999999999995	0.1221933050951656	0.0567731595	0.1
1094.0	1	15	0.006925199999999999	0.122062696711354	0.05673477800000001	0.1
1094.5	1	15	0.0069131	0.12193191149282301	0.056696396499999996	0.1
1095.0	1	15	0.006900999999999999	0.1218009490801963	0.056658015000000006	0.1
1095.5	1	15	0.0068889	0.12166980911312326	0.05661963350000001	0.1
1096.0	1	15	0.0068768	0.12153849123027534	0.05658125200000001	0.1
1096.5	1	15	0.0068647	0.121406995069343	0.056542870499999995	0.1
1097.0	1	15	0.0068525999999999995	0.12127532026703222	0.056504489000000005	0.1
1097.5	1	15	0.006840499999999999	0.1211434664590613	0.0564661075	0.1
1098.0	1	15	0.0068284	0.12101143328015734	0.056427726000000004	0.1
1098.5	1	15	0.006816299999999999	0.12087922036405298	0.0563893445	0.1
1099.0	1	15	0.0068042	0.12074682734348301	0.056350963	0.1
1099.5	1	15	0.0067921	0.12061425385018087	0.0563125815	0.1
1100.0	1	15	0.00678	0.12048149951487536	0.05627420000000001	0.1
1100.5	1	15	0.006770849999999999	0.12035651381047821	0.05625661450000001	0.1
1101.0	1	15	0.0067617	0.12023144994199668	0.056239029	0.1
1101.5	1	15	0.0067525499999999995	0.12010630783608392	0.0562214435	0.1
1102.0	1	15	0.006743399999999999	0.11998108741930134	0.056203857999999995	0.1
1102.5	1	15	0.00673425	0.11985578861811841	0.0561862725	0.1
1103.0	1	15	0.0067250999999999995	0.11973041135891248	0.056168686999999995	0.1
1103.5	1	15	0.006715949999999999	0.11960495556796867	0.0561511015	0.1
1104.0	1	15	0.0067068	0.11947942117147979	0.056133515999999994	0.1
1104.5	1	15	0.0066976499999999994	0.11935380809554605	0.05611593050000001	0.1
1105.0	1	15	0.0066885	0.11922811626617505	0.056098344999999994	0.1
1105.5	1	15	0.00667935	0.11910234560928155	0.05608075950000001	0.1
1106.0	1	15	0.006670199999999999	0.11897649605068739	0.05606317399999999	0.1
1106.5	1	15	0.00666105	0.11885056751612127	0.05604558849999999	0.1
1107.0	1	15	0.0066519	0.11872455993121868	0.056028003	0.1
1107.5	1	15	0.006642749999999999	0.11859847322152167	0.056010417500000007	0.1
1108.0	1	15	0.0066336	0.11847230731247883	0.055992832000000006	0.1
1108.5	1	15	0.00662445	0.118346062129445	0.0559752465	0.1
1109.0	1	15	0.006615299999999999	0.11821973759768119	0.055957661000000006	0.1
1109.5	1	15	0.00660615	0.11809333364235447	0.055940075500000006	0.1
1110.0	1	15	0.0065969999999999996	0.11796685018853773	0.055922490000000005	0.1
1110.5	1	15	0.006587849999999999	0.1178402871612096	0.055904904500000005	0.1
1111.0	1	15	0.0065787	0.11771364448525433	0.055887319000000005	0.1
1111.5	1	15	0.0065695499999999995	0.11758692208546151	0.05586973350000001	0.1
1112.0	1	15	0.0065604	0.11746011988652612	0.055852148000000004	0.1
1112.5	1	15	0.00655125	0.11733323781304814	0.055834562500000004	0.1
1113.0	1	15	0.0065420999999999995	0.11720627578953262	0.055816977000000004	0.1
1113.5	1	15	0.00653295	0.11707923374038944	0.055799391500000003	0.1
1114.0	1	15	0.0065238	0.1169521115899331	0.055781805999999996	0.1
1114.5	1	15	0.0065146499999999994	0.11682490926238266	0.055764220499999996	0.1
1115.0	1	15	0.0065055	0.1166976266818616	0.05574663500000001	0.1
1115.5	1	15	0.00649635	0.11657026377239754	0.05572904950000001	0.1
1116.0	1	15	0.006487199999999999	0.11644282045792226	0.055711463999999995	0.1
1116.5	1	15	0.00647805	0.11631529666227142	0.05569387850000001	0.1
1117.0	1	15	0.0064689	0.11618769230918444	0.055676293	0.1
1117.5	1	15	0.006459749999999999	0.11606000732230441	0.0556587075	0.1
1118.0	1	15	0.0064506	0.11593224162517786	0.05564112200000001	0.1
1118.5	1	15	0.00644145	0.11580439514125462	0.0556235365	0.1
1119.0	1	15	0.0064323	0.11567646779388775	0.055605951	0.1
1119.5	1	15	0.00642315	0.1155484595063332	0.0555883655	0.1
1120.0	1	15	0.0064139999999999996	0.1154203702017499	0.05557078	0.1
1120.5	1	15	0.00640485	0.11529219980319944	0.0555531945	0.1
1121.0	1	15	0.0063957	0.11516394823364591	0.05553560900000001	0.1
1121.5	1	15	0.0063865499999999995	0.11503561541595585	0.0555180235	0.1
1122.0	1	15	0.0063774	0.11490720127289805	0.055500438	0.1
1122.5	1	15	0.00636825	0.11477870572714334	0.05548285250000001	0.1
1123.0	1	15	0.0063590999999999995	0.11465012870126451	0.055465267	0.1
1123.5	1	15	0.00634995	0.11452147011773611	0.055447681500000005	0.1
1124.0	1	15	0.0063408	0.11439272989893431	0.055430096000000005	0.1
1124.5	1	15	0.006331649999999999	0.11426390796713676	0.0554125105	0.1
1125.0	1	15	0.0063225	0.11413500424452239	0.05539492500000001	0.1
1125.5	1	15	0.00631335	0.1140060186531713	0.0553773395	0.1
1126.0	1	15	0.006304199999999999	0.11387695111506455	0.055359754	0.1
1126.5	1	15	0.00629505	0.1137478015520841	0.055342168500000004	0.1
1127.0	1	15	0.0062859	0.1136185698860125	0.055324583000000004	0.1
1127.5	1	15	0.006276749999999999	0.1134892560385329	0.05530699750000001	0.1
1128.0	1	15	0.0062676	0.11335985993122878	0.055289412	0.1
1128.5	1	15	0.00625845	0.11323038148558379	0.0552718265	0.1
1129.0	1	15	0.0062493	0.11310082062298168	0.055254240999999996	0.1
1129.5	1	15	0.00624015	0.11297117726470604	0.055236655499999995	0.1
1130.0	1	15	0.0062309999999999996	0.1128414513319402	0.05521907	0.1
1130.5	1	15	0.00622185	0.1127116427457671	0.0552014845	0.1
1131.0	1	15	0.0062127	0.11258175142716899	0.055183899	0.1
1131.5	1	15	0.0062035499999999995	0.11245177729702746	0.0551663135	0.1
1132.0	1	15	0.0061944	0.11232172027612314	0.055148728	0.1
1132.5	1	15	0.00618525	0.11219158028513557	0.0551311425	0.1
1133.0	1	15	0.0061761	0.1120613572446431	0.055113557	0.1
1133.5	1	15	0.00616695	0.11193105107512262	0.05509597149999999	0.1
1134.0	1	15	0.0061578	0.11180066169694951	0.05507838599999999	0.1
1134.5	1	15	0.00614865	0.11167018903039741	0.0550608005	0.1
1135.0	1	15	0.0061395	0.11153963299563806	0.055043215	0.1
1135.5	1	15	0.00613035	0.11140899351274117	0.055025629500000006	0.1
1136.0	1	15	0.0061212	0.11127827050167426	0.055008044000000006	0.1
1136.5	1	15	0.00611205	0.1111474638823024	0.054990458500000006	0.1
1137.0	1	15	0.0061029	0.11101657357438821	0.054972873000000005	0.1
1137.5	1	15	0.00609375	0.11088559949759155	0.054955287500000005	0.1
1138.0	1	15	0.0060846	0.11075454157146943	0.05493770200000001	0.1
1138.5	1	15	0.00607545	0.11062339971547583	0.054920116500000005	0.1
1139.0	1	15	0.0060663	0.11049217384896153	0.05490253100000001	0.1
1139.5	1	15	0.00605715	0.11036086389117393	0.054884945500000004	0.1
1140.0	1	15	0.0060479999999999996	0.11022946976125696	0.054867360000000004	0.1
1140.5	1	15	0.00603885	0.11009799137825078	0.054849774500000004	0.1
1141.0	1	15	0.0060297	0.10996642866109174	0.05483218900000001	0.1
1141.5	1	15	0.0060205499999999995	0.10983478152861216	0.0548146035	0.1
1142.0	1	15	0.0060114	0.10970304989954015	0.054797018	0.1
1142.5	1	15	0.00600225	0.10957123369249945	0.0547794325	0.1
1143.0	1	15	0.0059931	0.10943933282600932	0.054761847	0.1
1143.5	1	15	0.00598395	0.10930734721848426	0.0547442615	0.1
1144.0	1	15	0.0059748	0.10917527678823394	0.054726676	0.1
1144.5	1	15	0.00596565	0.10904312145346302	0.054709090499999995	0.1
1145.0	1	15	0.0059565	0.1089108811322709	0.054691505	0.1
1145.5	1	15	0.00594735	0.10877855574265166	0.0546739195	0.1
1146.0	1	15	0.0059382	0.10864614520249383	0.054656333999999994	0.1
1146.5	1	15	0.00592905	0.10851364942958018	0.0546387485	0.1
1147.0	1	15	0.0059199	0.10838106834158767	0.05462116299999999	0.1
1147.5	1	15	0.00591075	0.10824840185608718	0.0546035775	0.1
1148.0	1	15	0.0059016	0.10811564989054334	0.05458599200000001	0.1
1148.5	1	15	0.0058924500000000005	0.10798281236231445	0.0545684065	0.1
1149.0	1	15	0.0058833	0.10784988918865218	0.054550821	0.1
1149.5	1	15	0.00587415	0.1077168802867015	0.0545332355	0.1
1150.0	1	15	0.005865	0.10758378557350046	0.054515650000000006	0.1
1150.5	1	15	0.00585585	0.10745060496598002	0.054498064500000006	0.1
1151.0	1	15	0.0058467	0.10731733838096393	0.054480479	0.1
1151.5	1	15	0.00583755	0.10718398573516848	0.054462893500000005	0.1
1152.0	1	15	0.0058284	0.10705054694520232	0.05444530800000001	0.1
1152.5	1	15	0.00581925	0.1069170219275664	0.05442772250000001	0.1
1153.0	1	15	0.0058101	0.1067834105986537	0.054410137000000004	0.1
1153.5	1	15	0.00580095	0.10664971287474903	0.054392551500000004	0.1
1154.0	1	15	0.0057918	0.10651592867202896	0.054374966000000004	0.1
1154.5	1	15	0.00578265	0.10638205790656155	0.05435738050000001	0.1
1155.0	1	15	0.0057735	0.10624810049430623	0.054339795	0.1
1155.5	1	15	0.00576435	0.10611405635111361	0.05432220950000001	0.1
1156.0	1	15	0.0057552	0.1059799253927253	0.054304624	0.1
1156.5	1	15	0.00574605	0.1058457075347737	0.0542870385	0.1
1157.0	1	15	0.0057369	0.10571140269278187	0.054269453	0.1
1157.5	1	15	0.00572775	0.1055770107821634	0.0542518675	0.1
1158.0	1	15	0.0057186	0.10544253171822206	0.05423428200000001	0.1
1158.5	1	15	0.00570945	0.10530796541615182	0.0542166965	0.1
1159.0	1	15	0.0057003	0.10517331179103658	0.054199110999999994	0.1
1159.5	1	15	0.00569115	0.10503857075784992	0.05418152550000001	0.1
1160.0	1	15	0.005682	0.1049037422314551	0.05416394	0.1
1160.5	1	15	0.00567285	0.10476882612660471	0.054146354499999994	0.1
1161.0	1	15	0.0056637	0.10463382235794055	0.05412876900000001	0.1
1161.5	1	15	0.00565455	0.10449873083999356	0.0541111835	0.1
1162.0	1	15	0.0056454	0.10436355148718339	0.054093598	0.1
1162.5	1	15	0.005636250000000001	0.10422828421381848	0.0540760125	0.1
1163.0	1	15	0.0056271	0.1040929289340957	0.054058427	0.1
1163.5	1	15	0.00561795	0.10395748556210029	0.054040841500000006	0.1
1164.0	1	15	0.005608800000000001	0.10382195401180558	0.054023256000000006	0.1
1164.5	1	15	0.00559965	0.10368633419707288	0.0540056705	0.1
1165.0	1	15	0.0055905	0.10355062603165123	0.05398808500000001	0.1
1165.5	1	15	0.0055813500000000005	0.10341482942917732	0.05397049950000001	0.1
1166.0	1	15	0.0055722	0.10327894430317516	0.05395291400000001	0.1
1166.5	1	15	0.00556305	0.10314297056705606	0.053935328500000004	0.1
1167.0	1	15	0.0055539000000000005	0.1030069081341183	0.053917743000000004	0.1
1167.5	1	15	0.00554475	0.10287075691754703	0.053900157500000004	0.1
1168.0	1	15	0.0055356	0.1027345168304141	0.05388257200000001	0.1
1168.5	1	15	0.0055264500000000005	0.10259818778567781	0.0538649865	0.1
1169.0	1	15	0.0055173	0.10246176969618273	0.053847401	0.1
1169.5	1	15	0.00550815	0.1023252624746596	0.053829815499999996	0.1
1170.0	1	15	0.005499	0.10218866603372505	0.05381223	0.1
1170.5	1	15	0.00548985	0.10205198028588143	0.0537946445	0.1
1171.0	1	15	0.0054807	0.10191520514351668	0.053777059	0.1
1171.5	1	15	0.00547155	0.10177834051890408	0.0537594735	0.1
1172.0	1	15	0.0054624	0.10164138632420208	0.053741887999999995	0.1
1172.5	1	15	0.00545325	0.10150434247145414	0.0537243025	0.1
1173.0	1	15	0.0054441	0.10136720887258852	0.053706717	0.1
1173.5	1	15	0.00543495	0.10122998543941802	0.0536891315	0.1
1174.0	1	15	0.0054258	0.10109267208363999	0.053671546	0.1
1174.5	1	15	0.00541665	0.10095526871683592	0.0536539605	0.1
1175.0	1	15	0.0054075	0.10081777525047135	0.053636375	0.1
1175.5	1	15	0.0053983500000000005	0.1006801915958957	0.05361878950000001	0.1
1176.0	1	15	0.0053892	0.10054251766434202	0.053601204000000006	0.1
1176.5	1	15	0.005380050000000001	0.10040475336692689	0.0535836185	0.1
1177.0	1	15	0.0053709000000000005	0.10026689861465009	0.053566033	0.1
1177.5	1	15	0.00536175	0.10012895331839453	0.0535484475	0.1
1178.0	1	15	0.005352600000000001	0.09999091738892606	0.053530862	0.1
1178.5	1	15	0.0053434500000000005	0.09985279073689313	0.0535132765	0.1
1179.0	1	15	0.0053343	0.09971457327282678	0.053495691	0.1
1179.5	1	15	0.005325150000000001	0.09957626490714036	0.05347810550000001	0.1
1180.0	1	15	0.005316	0.09943786555012933	0.053460520000000004	0.1
1180.5	1	15	0.00530685	0.09929937511197107	0.0534429345	0.1
1181.0	1	15	0.005297700000000001	0.09916079350272472	0.053425349	0.1
1181.5	1	15	0.00528855	0.09902212063233091	0.05340776350000001	0.1
1182.0	1	15	0.0052794	0.0988833564106117	0.053390177999999996	0.1
1182.5	1	15	0.005270250000000001	0.09874450074727024	0.0533725925	0.1
1183.0	1	15	0.0052611	0.09860555355189064	0.053355007	0.1
1183.5	1	15	0.00525195	0.09846651473393778	0.0533374215	0.1
1184.0	1	15	0.005242800000000001	0.09832738420275712	0.053319836	0.1
1184.5	1	15	0.00523365	0.09818816186757442	0.05330225050000001	0.1
1185.0	1	15	0.0052245	0.0980488476374957	0.053284665	0.1
1185.5	1	15	0.0052153500000000005	0.09790944142150688	0.0532670795	0.1
1186.0	1	15	0.0052062	0.09776994312847367	0.053249494	0.1
1186.5	1	15	0.00519705	0.09763035266714136	0.053231908499999994	0.1
1187.0	1	15	0.0051879000000000005	0.09749066994613462	0.053214323	0.1
1187.5	1	15	0.00517875	0.09735089487395726	0.05319673750000001	0.1
1188.0	1	15	0.0051696	0.0972110273589921	0.053179152	0.1
1188.5	1	15	0.0051604500000000005	0.09707106730950076	0.0531615665	0.1
1189.0	1	15	0.0051513	0.09693101463362333	0.053143981	0.1
1189.5	1	15	0.005142150000000001	0.0967908692393784	0.05312639549999999	0.1
1190.0	1	15	0.005133	0.09665063103466262	0.05310881	0.1
1190.5	1	15	0.00512385	0.09651029992725069	0.053091224500000006	0.1
1191.0	1	15	0.005114700000000001	0.09636987582479507	0.053073639	0.1
1191.5	1	15	0.00510555	0.09622935863482572	0.053056053500000006	0.1
1192.0	1	15	0.005096400000000001	0.09608874826475004	0.053038468000000005	0.1
1192.5	1	15	0.005087250000000001	0.09594804462185254	0.053020882500000005	0.1
1193.0	1	15	0.0050781	0.09580724761329469	0.053003297000000005	0.1
1193.5	1	15	0.005068950000000001	0.09566635714611477	0.052985711500000005	0.1
1194.0	1	15	0.005059800000000001	0.0955253731272275	0.052968126	0.1
1194.5	1	15	0.00505065	0.09538429546342402	0.052950540500000004	0.1
1195.0	1	15	0.005041500000000001	0.0952431240613716	0.052932955000000004	0.1
1195.5	1	15	0.0050323500000000005	0.0951018588276134	0.052915369500000003	0.1
1196.0	1	15	0.0050232	0.09496049966856834	0.052897784	0.1
1196.5	1	15	0.005014050000000001	0.09481904649053087	0.0528801985	0.1
1197.0	1	15	0.0050049000000000005	0.09467749919967067	0.052862613	0.1
1197.5	1	15	0.00499575	0.09453585770203261	0.0528450275	0.1
1198.0	1	15	0.004986600000000001	0.09439412190353644	0.052827442	0.1
1198.5	1	15	0.0049774500000000005	0.09425229170997654	0.0528098565	0.1
1199.0	1	15	0.0049683	0.09411036702702182	0.052792271	0.1
1199.5	1	15	0.004959150000000001	0.09396834776021547	0.0527746855	0.1
1200.0	1	15	0.00495	0.09382623381497467	0.0527571	0.1
#mass result channel_or_id theo_cross_section ratio observed_limit
600.0	1	15	0.0812	0.9143855824365897	0.0888028	0.15
600.5	1	15	0.081048	0.9149864594467543	0.08857836	0.15
601.0	1	15	0.080896	0.9155903891983512	0.08835392	0.15
601.5	1	15	0.080744	0.9161973950146989	0.08812948	0.15
602.0	1	15	0.080592	0.9168075004573116	0.08790504	0.15
602.5	1	15	0.08044	0.9174207293289508	0.0876806	0.15
603.0	1	15	0.080288	0.9180371056767184	0.08745616	0.15
603.5	1	15	0.080136	0.918656653795202	0.08723172000000001	0.15
604.0	1	15	0.079984	0.9192793982296653	0.08700728	0.15
604.5	1	15	0.079832	0.9199053637792909	0.08678284000000001	0.15
605.0	1	15	0.07968	0.9205345755004712	0.08655840000000002	0.15
605.5	1	15	0.079528	0.921167058710153	0.08633396	0.15
606.0	1	15	0.079376	0.9218028389892313	0.08610952	0.15
606.5	1	15	0.07922399999999999	0.9224419421860001	0.08588507999999999	0.15
607.0	1	15	0.07907199999999999	0.9230843944196541	0.08566064	0.15
607.5	1	15	0.07891999999999999	0.9237302220838473	0.0854362	0.15
608.0	1	15	0.07876799999999999	0.9243794518503079	0.08521176	0.15
608.5	1	15	0.07861599999999999	0.9250321106725096	0.08498732	0.15
609.0	1	15	0.07846399999999999	0.925688225789402	0.08476288000000001	0.15
609.5	1	15	0.07831199999999999	0.9263478247292	0.08453844	0.15
610.0	1	15	0.07816	0.9270109353132338	0.08431400000000001	0.15
610.5	1	15	0.078008	0.9276775856598606	0.08408956000000001	0.15
611.0	1	15	0.077856	0.9283478041884397	0.08386512	0.15
611.5	1	15	0.077704	0.9290216196233697	0.08364068000000001	0.15
612.0	1	15	0.077552	0.929699060998194	0.08341624	0.15
612.5	1	15	0.0774	0.9303801576597692	0.08319180000000001	0.15
613.0	1	15	0.077248	0.9310649392725042	0.08296736	0.15
613.5	1	15	0.077096	0.9317534358226661	0.08274292	0.15
614.0	1	15	0.076944	0.9324456776227579	0.08251848	0.15
614.5	1	15	0.076792	0.933141695315967	0.08229404	0.15
615.0	1	15	0.07664	0.9338415198806865	0.0820696	0.15
615.5	1	15	0.076488	0.9345451826351124	0.08184516	0.15
616.0	1	15	0.076336	0.935252715241914	0.08162072000000001	0.15
616.5	1	15	0.076184	0.9359641497129845	0.08139628	0.15
617.0	1	15	0.076032	0.9366795184142678	0.08117184	0.15
617.5	1	15	0.07588	0.9373988540706681	0.0809474	0.15
618.0	1	15	0.075728	0.938122189771039	0.08072296000000002	0.15
618.5	1	15	0.075576	0.9388495589732582	0.08049852	0.15
619.0	1	15	0.07542399999999999	0.9395809955093848	0.08027407999999998	0.15
619.5	1	15	0.075272	0.9403165335909068	0.08004964	0.15
620.0	1	15	0.07511999999999999	0.9410562078140735	0.07982520000000001	0.15
620.5	1	15	0.07496799999999999	0.9418000531653213	0.07960076	0.15
621.0	1	15	0.074816	0.9425481050267888	0.07937632	0.15
621.5	1	15	0.074664	0.943300399181927	0.07915188000000002	0.15
622.0	1	15	0.074512	0.9440569718212068	0.07892744	0.15
622.5	1	15	0.07436	0.9448178595479205	0.07870300000000001	0.15
623.0	1	15	0.074208	0.9455830993840865	0.07847856	0.15
623.5	1	15	0.074056	0.9463527287764527	0.07825412000000001	0.15
624.0	1	15	0.073904	0.9471267856026065	0.07802967999999999	0.15
624.5	1	15	0.073752	0.9479053081771869	0.07780524000000001	0.15
625.0	1	15	0.0736	0.9486883352582082	0.0775808	0.15
625.5	1	15	0.073448	0.9483876364278883	0.07744512600000002	0.15
626.0	1	15	0.073296	0.9480858821764769	0.077309452	0.15
626.5	1	15	0.073144	0.9477830669375809	0.077173778	0.15
627.0	1	15	0.072992	0.9474791851055939	0.07703810400000001	0.15
627.5	1	15	0.07284	0.9471742310353521	0.07690243000000001	0.15
628.0	1	15	0.072688	0.9468681990417831	0.076766756	0.15
628.5	1	15	0.072536	0.9465610833995532	0.076631082	0.15
629.0	1	15	0.072384	0.9462528783427105	0.076495408	0.15
629.5	1	15	0.072232	0.9459435780643238	0.076359734	0.15
630.0	1	15	0.07208	0.9456331767161182	0.07622406	0.15
630.5	1	15	0.071928	0.9453216684081063	0.07608838600000002	0.15
631.0	1	15	0.071776	0.9450090472082155	0.075952712	0.15
631.5	1	15	0.071624	0.9446953071419117	0.075817038	0.15
632.0	1	15	0.07147200000000001	0.9443804421918189	0.075681364	0.15
632.5	1	15	0.07132	0.9440644462973334	0.07554568999999998	0.15
633.0	1	15	0.071168	0.9437473133542365	0.07541001600000001	0.15
633.5	1	15	0.071016	0.9434290372143006	0.07527434200000001	0.15
634.0	1	15	0.070864	0.9431096116848916	0.075138668	0.15
634.5	1	15	0.070712	0.9427890305285679	0.075002994	0.15
635.0	1	15	0.07056	0.9424672874626739	0.07486732	0.15
635.5	1	15	0.070408	0.94214437615893	0.074731646	0.15
636.0	1	15	0.070256	0.9418202902430173	0.07459597200000001	0.15
636.5	1	15	0.070104	0.9414950232941586	0.07446029800000001	0.15
637.0	1	15	0.069952	0.941168568844694	0.07432462399999999	0.15
637.5	1	15	0.0698	0.9408409203796522	0.07418895	0.15
638.0	1	15	0.069648	0.9405120713363174	0.074053276	0.15
638.5	1	15	0.069496	0.9401820151037908	0.073917602	0.15
639.0	1	15	0.069344	0.9398507450225482	0.073781928	0.15
639.5	1	15	0.069192	0.9395182543839907	0.07364625400000001	0.15
640.0	1	15	0.06904	0.9391845364299941	0.07351058	0.15
640.5	1	15	0.068888	0.9388495843524488	0.073374906	0.15
641.0	1	15	0.068736	0.9385133912927979	0.073239232	0.15
641.5	1	15	0.068584	0.938175950341569	0.07310355799999999	0.15
642.0	1	15	0.068432	0.9378372545379007	0.072967884	0.15
642.5	1	15	0.06828000000000001	0.9374972968690638	0.07283221000000001	0.15
643.0	1	15	0.06812800000000001	0.9371560702699783	0.072696536	0.15
643.5	1	15	0.06797600000000001	0.936813567622722	0.072560862	0.15
644.0	1	15	0.067824	0.9364697817560376	0.072425188	0.15
644.5	1	15	0.06767200000000001	0.9361247054448313	0.072289514	0.15
645.0	1	15	0.06752	0.9357783314096658	0.07215384	0.15
645.5	1	15	0.06736800000000001	0.9354306523162503	0.07201816600000001	0.15
646.0	1	15	0.067216	0.9350816607749213	0.071882492	0.15
646.5	1	15	0.067064	0.9347313493401198	0.071746818	0.15
647.0	1	15	0.066912	0.9343797105098613	0.071611144	0.15
647.5	1	15	0.06676	0.934026736725201	0.07147547	0.15
648.0	1	15	0.066608	0.933672420369691	0.07133979600000001	0.15
648.5	1	15	0.066456	0.9333167537688337	0.071204122	0.15
649.0	1	15	0.066304	0.9329597291895272	0.071068448	0.15
649.5	1	15	0.066152	0.9326013388395046	0.070932774	0.15
650.0	1	15	0.066	0.9322415748667672	0.0707971	0.15
650.5	1	15	0.06594	0.9319179524397353	0.07075730200000002	0.15
651.0	1	15	0.06588000000000001	0.9315939657598776	0.070717504	0.15
651.5	1	15	0.06582	0.9312696142118704	0.070677706	0.15
652.0	1	15	0.06576	0.9309448971790047	0.07063790800000001	0.15
652.5	1	15	0.06570000000000001	0.9306198140431805	0.07059811	0.15
653.0	1	15	0.06564	0.930294364184903	0.070558312	0.15
653.5	1	15	0.06558	0.9299685469832787	0.070518514	0.15
654.0	1	15	0.06552000000000001	0.9296423618160128	0.07047871600000001	0.15
654.5	1	15	0.06546	0.9293158080594026	0.070438918	0.15
655.0	1	15	0.0654	0.9289888850883364	0.07039911999999998	0.15
655.5	1	15	0.06534000000000001	0.9286615922762872	0.070359322	0.15
656.0	1	15	0.06528	0.9283339289953102	0.07031952399999998	0.15
656.5	1	15	0.06522	0.9280058946160377	0.070279726	0.15
657.0	1	15	0.06516	0.927677488507676	0.07023992800000001	0.15
657.5	1	15	0.0651	0.9273487100380015	0.07020013	0.15
658.0	1	15	0.06504	0.9270195585733545	0.07016033199999999	0.15
658.5	1	15	0.06498	0.9266900334786383	0.070120534	0.15
659.0	1	15	0.06492	0.926360134117313	0.070080736	0.15
659.5	1	15	0.06486	0.9260298598513915	0.070040938	0.15
660.0	1	15	0.0648	0.9256992100414364	0.07000114	0.15
660.5	1	15	0.06474	0.9253681840465554	0.069961342	0.15
661.0	1	15	0.06468	0.9250367812243963	0.069921544	0.15
661.5	1	15	0.06462	0.9247050009311445	0.069881746	0.15
662.0	1	15	0.06456	0.9243728425215174	0.069841948	0.15
662.5	1	15	0.0645	0.9240403053487607	0.06980215000000001	0.15
663.0	1	15	0.06444	0.9237073887646449	0.06976235199999999	0.15
663.5	1	15	0.06438	0.9233740921194596	0.069722554	0.15
664.0	1	15	0.06432	0.9230404147620109	0.069682756	0.15
664.5	1	15	0.06426	0.9227063560396156	0.069642958	0.15
665.0	1	15	0.06420000000000001	0.9223719152980987	0.06960316	0.15
665.5	1	15	0.06414	0.9220370918817868	0.069563362	0.15
666.0	1	15	0.06408	0.9217018851335067	0.069523564	0.15
666.5	1	15	0.06402000000000001	0.9213662943945785	0.069483766	0.15
667.0	1	15	0.06396	0.9210303190048127	0.06944396800000001	0.15
667.5	1	15	0.0639	0.9206939583025054	0.06940417	0.15
668.0	1	15	0.06384000000000001	0.9203572116244347	0.069364372	0.15
668.5	1	15	0.06378	0.9200200783058545	0.069324574	0.15
669.0	1	15	0.06372	0.9196825576804923	0.06928477600000002	0.15
669.5	1	15	0.06366	0.9193446490805441	0.06924497799999998	0.15
670.0	1	15	0.0636	0.9190063518366689	0.06920518	0.15
670.5	1	15	0.06354	0.9186676652779855	0.069165382	0.15
671.0	1	15	0.06348	0.9183285887320676	0.069125584	0.15
671.5	1	15	0.06342	0.9179891215249402	0.069085786	0.15
672.0	1	15	0.06336	0.9176492629810729	0.069045988	0.15
672.5	1	15	0.0633	0.9173090124233783	0.06900619	0.15
673.0	1	15	0.06324	0.9169683691732055	0.068966392	0.15
673.5	1	15	0.06318	0.9166273325503361	0.06892659400000001	0.15
674.0	1	15	0.06312	0.9162859018729801	0.068886796	0.15
674.5	1	15	0.06306	0.9159440764577711	0.06884699799999999	0.15
675.0	1	15	0.063	0.9156018556197607	0.0688072	0.15
675.5	1	15	0.06294	0.9160709852257574	0.06870646600000001	0.15
676.0	1	15	0.06288	0.9165414924805408	0.068605732	0.15
676.5	1	15	0.06282	0.917013383461452	0.068504998	0.15
677.0	1	15	0.06276	0.9174866642816302	0.06840426399999999	0.15
677.5	1	15	0.0627	0.9179613410902775	0.06830353	0.15
678.0	1	15	0.06264	0.918437420072925	0.068202796	0.15
678.5	1	15	0.06258	0.9189149074517008	0.068102062	0.15
679.0	1	15	0.06252	0.9193938094856031	0.06800132799999999	0.15
679.5	1	15	0.06246	0.9198741324707705	0.067900594	0.15
680.0	1	15	0.0624	0.9203558827407607	0.06779986	0.15
680.5	1	15	0.06234	0.9208390666668281	0.067699126	0.15
681.0	1	15	0.06228	0.921323690658204	0.067598392	0.15
681.5	1	15	0.06222	0.9218097611623798	0.067497658	0.15
682.0	1	15	0.06216	0.9222972846653952	0.067396924	0.15
682.5	1	15	0.0621	0.9227862676921236	0.06729618999999999	0.15
683.0	1	15	0.06204	0.923276716806565	0.067195456	0.15
683.5	1	15	0.06198	0.9237686386121401	0.067094722	0.15
684.0	1	15	0.06192	0.9242620397519851	0.06699398799999999	0.15
684.5	1	15	0.06186	0.9247569269092516	0.06689325399999999	0.15
685.0	1	15	0.0618	0.925253306807409	0.06679252	0.15
685.5	1	15	0.061739999999999996	0.9257511862105476	0.066691786	0.15
686.0	1	15	0.06168	0.9262505719236873	0.06659105199999998	0.15
686.5	1	15	0.06162	0.9267514707930861	0.06649031799999999	0.15
687.0	1	15	0.06156	0.9272538897065539	0.066389584	0.15
687.5	1	15	0.0615	0.9277578355937688	0.06628885	0.15
688.0	1	15	0.06144	0.9282633154265942	0.06618811599999999	0.15
688.5	1	15	0.06138	0.9287703362194011	0.066087382	0.15
689.0	1	15	0.06132	0.9292789050293933	0.065986648	0.15
689.5	1	15	0.061259999999999995	0.9297890289569332	0.06588591399999998	0.15
690.0	1	15	0.0612	0.9303007151458733	0.06578518	0.15
690.5	1	15	0.06114	0.93081397078389	0.065684446	0.15
691.0	1	15	0.061079999999999995	0.9313288031028191	0.06558371200000002	0.15
691.5	1	15	0.06102	0.9318452193789964	0.065482978	0.15
692.0	1	15	0.06096	0.9323632269336	0.06538224399999999	0.15
692.5	1	15	0.060899999999999996	0.9328828331329958	0.06528151	0.15
693.0	1	15	0.06084	0.9334040453890884	0.065180776	0.15
693.5	1	15	0.06078	0.9339268711596715	0.06508004199999998	0.15
694.0	1	15	0.060719999999999996	0.9344513179487846	0.064979308	0.15
694.5	1	15	0.06066	0.9349773933070724	0.064878574	0.15
695.0	1	15	0.0606	0.9355051048321464	0.06477783999999999	0.15
695.5	1	15	0.06054	0.9360344601689506	0.064677106	0.15
696.0	1	15	0.06048	0.9365654670101319	0.06457637199999999	0.15
696.5	1	15	0.06042	0.9370981330964108	0.064475638	0.15
697.0	1	15	0.06036	0.9376324662169593	0.064374904	0.15
697.5	1	15	0.0603	0.9381684742097799	0.06427416999999999	0.15
698.0	1	15	0.060239999999999995	0.9387061649620879	0.06417343600000001	0.15
698.5	1	15	0.06018	0.9392455464107008	0.064072702	0.15
699.0	1	15	0.06012	0.9397866265424257	0.06397196799999999	0.15
699.5	1	15	0.060059999999999995	0.9403294133944554	0.063871234	0.15
700.0	1	15	0.06	0.9408739150547668	0.06377049999999998	0.15
700.5	1	15	0.059906499999999994	0.937029619936976	0.06393234399999997	0.15
701.0	1	15	0.059813	0.9332047392503046	0.064094188	0.15
701.5	1	15	0.059719499999999995	0.9293991262952559	0.06425603199999999	0.15
702.0	1	15	0.059626	0.9256126358466088	0.064417876	0.15
702.5	1	15	0.059532499999999995	0.9218451241349451	0.06457972	0.15
703.0	1	15	0.059439	0.918096448828453	0.06474156399999999	0.15
703.5	1	15	0.059345499999999995	0.9143664690150015	0.064903408	0.15
704.0	1	15	0.059252	0.9106550451844866	0.06506525199999999	0.15
704.5	1	15	0.059158499999999996	0.9069620392114344	0.065227096	0.15
705.0	1	15	0.059065	0.9032873143378682	0.06538893999999999	0.15
705.5	1	15	0.058971499999999996	0.8996307351564246	0.065550784	0.15
706.0	1	15	0.058878	0.8959921675937235	0.065712628	0.15
706.5	1	15	0.058784499999999996	0.8923714788939789	0.06587447199999999	0.15
707.0	1	15	0.058691	0.8887685376028548	0.06603631600000001	0.15
707.5	1	15	0.0585975	0.8851832135515549	0.06619815999999999	0.15
708.0	1	15	0.058504	0.8816153778411466	0.06636000399999999	0.15
708.5	1	15	0.0584105	0.8780649028271134	0.06652184799999998	0.15
709.0	1	15	0.058317	0.874531662104132	0.06668369199999999	0.15
709.5	1	15	0.0582235	0.8710155304910713	0.066845536	0.15
710.0	1	15	0.05813	0.8675163840162085	0.06700737999999999	0.15
710.5	1	15	0.0580365	0.8640340999026578	0.067169224	0.15
711.0	1	15	0.057943	0.8605685565540117	0.06733106800000001	0.15
711.5	1	15	0.0578495	0.8571196335401858	0.06749291199999997	0.15
712.0	1	15	0.057756	0.8536872115834695	0.067654756	0.15
712.5	1	15	0.0576625	0.8502711725447752	0.0678166	0.15
713.0	1	15	0.057568999999999995	0.8468713994100835	0.06797844400000001	0.15
713.5	1	15	0.0574755	0.843487776277083	0.068140288	0.15
714.0	1	15	0.057381999999999996	0.840120188341998	0.06830213199999999	0.15
714.5	1	15	0.0572885	0.836768521886605	0.068463976	0.15
715.0	1	15	0.057194999999999996	0.8334326642654325	0.06862581999999999	0.15
715.5	1	15	0.0571015	0.83011250389314	0.068787664	0.15
716.0	1	15	0.057007999999999996	0.8268079302320765	0.06894950799999999	0.15
716.5	1	15	0.0569145	0.8235188337800134	0.069111352	0.15
717.0	1	15	0.056820999999999997	0.8202451060580488	0.069273196	0.15
717.5	1	15	0.0567275	0.8169866395986811	0.06943503999999999	0.15
718.0	1	15	0.056634	0.8137433279340495	0.069596884	0.15
718.5	1	15	0.0565405	0.8105150655843382	0.06975872799999999	0.15
719.0	1	15	0.056447	0.8073017480463404	0.069920572	0.15
719.5	1	15	0.0563535	0.8041032717821829	0.070082416	0.15
720.0	1	15	0.05626	0.8009195342082044	0.07024425999999999	0.15
720.5	1	15	0.0561665	0.7977504336839886	0.070406104	0.15
721.0	1	15	0.056073	0.7945958695015477	0.07056794799999999	0.15
721.5	1	15	0.0559795	0.7914557418746545	0.070729792	0.15
722.0	1	15	0.055886	0.7883299519283206	0.07089163600000001	0.15
722.5	1	15	0.0557925	0.7852184016884185	0.07105347999999999	0.15
723.0	1	15	0.055699	0.7821209940714445	0.071215324	0.15
723.5	1	15	0.0556055	0.779037632874423	0.07137716799999999	0.15
724.0	1	15	0.055512	0.7759682227649439	0.071539012	0.15
724.5	1	15	0.055418499999999996	0.7729126692713404	0.071700856	0.15
725.0	1	15	0.055325	0.7698708787729934	0.0718627	0.15
725.5	1	15	0.0552315	0.7668427584907723	0.072024544	0.15
726.0	1	15	0.055138	0.7638282164775997	0.07218638799999999	0.15
726.5	1	15	0.055044499999999996	0.7608271616091461	0.07234823200000001	0.15
727.0	1	15	0.054951	0.7578395035746481	0.07251007599999999	0.15
727.5	1	15	0.0548575	0.7548651528678476	0.07267192	0.15
728.0	1	15	0.054764	0.7519040207780556	0.072833764	0.15
728.5	1	15	0.0546705	0.7489560193813305	0.07299560799999999	0.15
729.0	1	15	0.054577	0.7460210615317767	0.073157452	0.15
729.5	1	15	0.0544835	0.7430990608529575	0.07331929599999999	0.15
730.0	1	15	0.05439	0.7401899317294206	0.07348114	0.15
730.5	1	15	0.0542965	0.737293589298337	0.073642984	0.15
731.0	1	15	0.054203	0.734409949441248	0.07380482799999999	0.15
731.5	1	15	0.0541095	0.7315389287759222	0.07396667200000001	0.15
732.0	1	15	0.054016	0.7286804446483187	0.07412851599999999	0.15
732.5	1	15	0.0539225	0.7258344151246541	0.07429036	0.15
733.0	1	15	0.053829	0.7230007589835756	0.074452204	0.15
733.5	1	15	0.0537355	0.7201793957084329	0.07461404799999999	0.15
734.0	1	15	0.053642	0.7173702454796528	0.074775892	0.15
734.5	1	15	0.0535485	0.7145732291672117	0.07493773599999999	0.15
735.0	1	15	0.053455	0.7117882683232051	0.07509958	0.15
735.5	1	15	0.0533615	0.7090152851745138	0.075261424	0.15
736.0	1	15	0.053268	0.7062542026155644	0.07542326799999999	0.15
736.5	1	15	0.0531745	0.7035049442011808	0.075585112	0.15
737.0	1	15	0.053081	0.7007674341395318	0.07574695599999999	0.15
737.5	1	15	0.0529875	0.6980415972851632	0.0759088	0.15
738.0	1	15	0.052894	0.6953273591321246	0.07607064399999999	0.15
738.5	1	15	0.0528005	0.6926246458071786	0.076232488	0.15
739.0	1	15	0.052707000000000004	0.6899333840631005	0.07639433200000001	0.15
739.5	1	15	0.0526135	0.6872535012720594	0.07655617599999999	0.15
740.0	1	15	0.05252	0.6845849254190867	0.07671802	0.15
740.5	1	15	0.0524265	0.6819275850956241	0.07687986399999998	0.15
741.0	1	15	0.052333	0.679281409493154	0.07704170800000001	0.15
741.5	1	15	0.0522395	0.6766463283969111	0.077203552	0.15
742.0	1	15	0.052146	0.6740222721796706	0.07736539599999999	0.15
742.5	1	15	0.0520525	0.6714091717956167	0.07752724	0.15
743.0	1	15	0.051959	0.6688069587742855	0.07768908399999999	0.15
743.5	1	15	0.0518655	0.6662155652145855	0.077850928	0.15
744.0	1	15	0.051772	0.663634923778891	0.078012772	0.15
744.5	1	15	0.0516785	0.6610649676872093	0.078174616	0.15
745.0	1	15	0.051585	0.658505630711421	0.07833646	0.15
745.5	1	15	0.0514915	0.6559568471695899	0.07849830399999999	0.15
746.0	1	15	0.051398	0.6534185519203447	0.078660148	0.15
746.5	1	15	0.0513045	0.6508906803573298	0.078821992	0.15
747.0	1	15	0.051211	0.6483731684037225	0.07898383599999999	0.15
747.5	1	15	0.0511175	0.6458659525068204	0.07914568	0.15
748.0	1	15	0.051024	0.6433689696326922	0.07930752399999999	0.15
748.5	1	15	0.050930500000000004	0.6408821572608958	0.079469368	0.15
749.0	1	15	0.050837	0.6384054533792605	0.07963121199999999	0.15
749.5	1	15	0.0507435	0.6359387964787311	0.079793056	0.15
750.0	1	15	0.05065	0.6334821255482779	0.0799549	0.15
750.5	1	15	0.050556500000000004	0.6310353800698641	0.080116744	0.15
751.0	1	15	0.050463	0.6285985000134781	0.080278588	0.15
751.5	1	15	0.0503695	0.6261714258322233	0.08044043199999999	0.15
752.0	1	15	0.050276	0.6237540984574679	0.080602276	0.15
752.5	1	15	0.050182500000000005	0.621346459294053	0.08076412	0.15
753.0	1	15	0.050089	0.6189484502155577	0.08092596399999998	0.15
753.5	1	15	0.0499955	0.6165600135596216	0.081087808	0.15
754.0	1	15	0.049902	0.6141810921233238	0.08124965199999999	0.15
754.5	1	15	0.0498085	0.6118116291586141	0.08141149600000001	0.15
755.0	1	15	0.049715	0.6094515683678026	0.08157334	0.15
755.5	1	15	0.0496215	0.6071008538990994	0.08173518399999999	0.15
756.0	1	15	0.049528	0.6047594303422098	0.081897028	0.15
756.5	1	15	0.0494345	0.60242724272398	0.08205887199999999	0.15
757.0	1	15	0.049341	0.6001042365040947	0.082220716	0.15
757.5	1	15	0.0492475	0.5977903575708257	0.08238256	0.15
758.0	1	15	0.049154	0.5954855522368301	0.08254440399999999	0.15
758.5	1	15	0.0490605	0.5931897672349978	0.08270624799999998	0.15
759.0	1	15	0.048967000000000004	0.5909029497143484	0.082868092	0.15
759.5	1	15	0.0488735	0.5886250472359752	0.083029936	0.15
760.0	1	15	0.048780000000000004	0.5863560077690368	0.08319178	0.15
760.5	1	15	0.0486865	0.5840957796867956	0.08335362400000002	0.15
761.0	1	15	0.048593	0.5818443117627025	0.083515468	0.15
761.5	1	15	0.0484995	0.5796015531665262	0.083677312	0.15
762.0	1	15	0.048406000000000005	0.5773674534605288	0.083839156	0.15
762.5	1	15	0.0483125	0.5751419625956834	0.08400099999999999	0.15
763.0	1	15	0.048219	0.5729250309079384	0.08416284399999999	0.15
763.5	1	15	0.0481255	0.5707166091145218	0.08432468799999998	0.15
764.0	1	15	0.048032000000000005	0.5685166483102893	0.084486532	0.15
764.5	1	15	0.0479385	0.5663250999641152	0.08464837599999998	0.15
765.0	1	15	0.047845	0.5641419159153225	0.08481021999999999	0.15
765.5	1	15	0.0477515	0.5619670483701561	0.084972064	0.15
766.0	1	15	0.047658000000000006	0.5598004498982945	0.085133908	0.15
766.5	1	15	0.0475645	0.5576420734294013	0.08529575199999999	0.15
767.0	1	15	0.047471	0.5554918722497179	0.085457596	0.15
767.5	1	15	0.0473775	0.5533497999986919	0.08561943999999999	0.15
768.0	1	15	0.047284	0.551215810665646	0.08578128399999999	0.15
768.5	1	15	0.0471905	0.549089858586483	0.08594312800000001	0.15
769.0	1	15	0.047097	0.5469718984404291	0.08610497200000002	0.15
769.5	1	15	0.047003500000000004	0.5448618852468139	0.08626681599999998	0.15
770.0	1	15	0.04691	0.5427597743618842	0.08642866	0.15
770.5	1	15	0.046816500000000004	0.5406655214756575	0.086590504	0.15
771.0	1	15	0.046723	0.5385790826088074	0.08675234799999998	0.15
771.5	1	15	0.046629500000000004	0.5365004141095853	0.086914192	0.15
772.0	1	15	0.046536	0.5344294726507762	0.087076036	0.15
772.5	1	15	0.046442500000000005	0.5323662152266884	0.08723787999999999	0.15
773.0	1	15	0.046349	0.5303105991501759	0.087399724	0.15
773.5	1	15	0.046255500000000005	0.5282625820496957	0.08756156799999999	0.15
774.0	1	15	0.046162	0.5262221218663953	0.087723412	0.15
774.5	1	15	0.0460685	0.5241891768512343	0.087885256	0.15
775.0	1	15	0.045975	0.5221637055621368	0.08804709999999999	0.15
775.5	1	15	0.045881500000000006	0.5201456668611746	0.08820894400000001	0.15
776.0	1	15	0.045788	0.5181350199117836	0.08837078799999999	0.15
776.5	1	15	0.0456945	0.5161317241760077	0.08853263200000001	0.15
777.0	1	15	0.045601	0.5141357394117758	0.088694476	0.15
777.5	1	15	0.045507500000000006	0.5121470256702056	0.08885632	0.15
778.0	1	15	0.045414	0.5101655432929397	0.089018164	0.15
778.5	1	15	0.0453205	0.5081912529095086	0.089180008	0.15
779.0	1	15	0.045227	0.5062241154347238	0.08934185199999999	0.15
779.5	1	15	0.04513350000000001	0.5042640920660976	0.089503696	0.15
780.0	1	15	0.045040000000000004	0.5023111442812925	0.08966554	0.15
780.5	1	15	0.0449465	0.5003652338355974	0.089827384	0.15
781.0	1	15	0.044853000000000004	0.4984263227594307	0.089989228	0.15
781.5	1	15	0.0447595	0.49649437335587093	0.090151072	0.15
782.0	1	15	0.044666000000000004	0.4945693481982135	0.090312916	0.15
782.5	1	15	0.0445725	0.4926512101275538	0.09047476000000002	0.15
783.0	1	15	0.044479000000000005	0.4907399222503968	0.09063660400000001	0.15
783.5	1	15	0.0443855	0.4888354479362907	0.090798448	0.15
784.0	1	15	0.044292	0.4869377508154877	0.090960292	0.15
784.5	1	15	0.0441985	0.4850467947766282	0.09112213599999999	0.15
785.0	1	15	0.044105000000000005	0.48316254396445035	0.09128398	0.15
785.5	1	15	0.0440115	0.4812849627775239	0.091445824	0.15
786.0	1	15	0.043918	0.479414015866008	0.091607668	0.15
786.5	1	15	0.0438245	0.47754966812943284	0.091769512	0.15
787.0	1	15	0.043731000000000006	0.47569188471450385	0.09193135599999999	0.15
787.5	1	15	0.0436375	0.4738406310129304	0.0920932	0.15
788.0	1	15	0.043544	0.47199587265927706	0.09225504399999998	0.15
788.5	1	15	0.0434505	0.47015757552883625	0.092416888	0.15
789.0	1	15	0.04335700000000001	0.46832570573552473	0.092578732	0.15
789.5	1	15	0.0432635	0.466500229629801	0.09274057599999998	0.15
790.0	1	15	0.04317	0.4646811137966051	0.09290242	0.15
790.5	1	15	0.043076500000000004	0.4628683250533202	0.093064264	0.15
791.0	1	15	0.04298300000000001	0.46106183044775406	0.093226108	0.15
791.5	1	15	0.042889500000000004	0.4592615972561429	0.093387952	0.15
792.0	1	15	0.042796	0.45746759298117556	0.09354979599999999	0.15
792.5	1	15	0.042702500000000004	0.45567978535003767	0.09371164	0.15
793.0	1	15	0.04260900000000001	0.45389814231247677	0.093873484	0.15
793.5	1	15	0.042515500000000005	0.45212263203888653	0.094035328	0.15
794.0	1	15	0.042422	0.45035322291841207	0.094197172	0.15
794.5	1	15	0.042328500000000005	0.44858988355707324	0.09435901599999999	0.15
795.0	1	15	0.04223500000000001	0.446832582775908	0.09452085999999998	0.15
795.5	1	15	0.042141500000000005	0.44508128960913507	0.09468270399999998	0.15
796.0	1	15	0.042048	0.4433359733023347	0.09484454800000001	0.15
796.5	1	15	0.041954500000000006	0.4415966033106489	0.095006392	0.15
797.0	1	15	0.041861	0.4398631492969987	0.09516823599999999	0.15
797.5	1	15	0.0417675	0.4381355811303211	0.09533008	0.15
798.0	1	15	0.041674	0.4364138688838231	0.09549192399999999	0.15
798.5	1	15	0.041580500000000006	0.43469798283325345	0.095653768	0.15
799.0	1	15	0.041487	0.4329878934551919	0.09581561199999998	0.15
799.5	1	15	0.0413935	0.43128357142535645	0.09597745599999999	0.15
800.0	1	15	0.0413	0.42958498761692676	0.0961393	0.15
800.5	1	15	0.041233500000000006	0.4294975055739837	0.09600405000000001	0.15
801.0	1	15	0.041167	0.4294097766948163	0.09586879999999999	0.15
801.5	1	15	0.041100500000000005	0.4293217999332523	0.09573355	0.15
802.0	1	15	0.041034	0.4292335742371988	0.09559829999999998	0.15
802.5	1	15	0.040967500000000004	0.42914509854860083	0.09546304999999998	0.15
803.0	1	15	0.040901	0.4290563718033984	0.09532779999999999	0.15
803.5	1	15	0.0408345	0.42896739293148467	0.09519255	0.15
804.0	1	15	0.040768000000000006	0.4288781608566623	0.09505730000000001	0.15
804.5	1	15	0.0407015	0.42878867449660013	0.09492205	0.15
805.0	1	15	0.040635000000000004	0.4286989327627898	0.09478679999999999	0.15
805.5	1	15	0.0405685	0.42860893456050114	0.09465155	0.15
806.0	1	15	0.040502	0.42851867878873806	0.09451630000000001	0.15
806.5	1	15	0.040435500000000006	0.4284281643401934	0.09438105	0.15
807.0	1	15	0.040369	0.42833739010120353	0.09424579999999999	0.15
807.5	1	15	0.040302500000000005	0.4282463549517031	0.09411055000000002	0.15
808.0	1	15	0.040236	0.42815505776517876	0.09397529999999998	0.15
808.5	1	15	0.040169500000000004	0.4280634974086225	0.09384005	0.15
809.0	1	15	0.040103	0.4279716727424849	0.0937048	0.15
809.5	1	15	0.0400365	0.4278795826206282	0.09356955000000002	0.15
810.0	1	15	0.039970000000000006	0.42778722589027807	0.0934343	0.15
810.5	1	15	0.0399035	0.4276946013919756	0.09329904999999998	0.15
811.0	1	15	0.039837000000000004	0.42760170795952945	0.09316379999999998	0.15
811.5	1	15	0.0397705	0.4275085444199657	0.09302855	0.15
812.0	1	15	0.039704	0.4274151095934799	0.0928933	0.15
812.5	1	15	0.039637500000000006	0.42732140229338594	0.09275805	0.15
813.0	1	15	0.039571	0.42722742132606656	0.09262280000000002	0.15
813.5	1	15	0.039504500000000005	0.4271331654909229	0.09248755	0.15
814.0	1	15	0.039438	0.42703863358032235	0.09235229999999998	0.15
814.5	1	15	0.039371500000000004	0.4269438243795481	0.09221705	0.15
815.0	1	15	0.039305	0.42684873666674633	0.09208179999999999	0.15
815.5	1	15	0.0392385	0.4267533692128742	0.09194655	0.15
816.0	1	15	0.039172000000000005	0.42665772078164677	0.0918113	0.15
816.5	1	15	0.0391055	0.42656179012948314	0.09167605	0.15
817.0	1	15	0.039039000000000004	0.4264655760054533	0.0915408	0.15
817.5	1	15	0.0389725	0.4263690771512233	0.09140555	0.15
818.0	1	15	0.038906	0.4262722923010005	0.09127029999999998	0.15
818.5	1	15	0.038839500000000006	0.426175220181478	0.09113504999999998	0.15
819.0	1	15	0.038773	0.42607785951177923	0.09099979999999998	0.15
819.5	1	15	0.038706500000000005	0.4259802090034013	0.09086455	0.15
820.0	1	15	0.03864	0.4258822673601582	0.0907293	0.15
820.5	1	15	0.038573500000000004	0.42578403327812375	0.09059405	0.15
821.0	1	15	0.038507	0.425685505445573	0.0904588	0.15
821.5	1	15	0.0384405	0.42558668254292487	0.09032355	0.15
822.0	1	15	0.038374000000000005	0.42548756324268233	0.0901883	0.15
822.5	1	15	0.0383075	0.42538814620937326	0.09005305	0.15
823.0	1	15	0.038241000000000004	0.42528843009949097	0.08991779999999999	0.15
823.5	1	15	0.0381745	0.4251884135614326	0.08978254999999999	0.15
824.0	1	15	0.038108	0.4250880952354394	0.0896473	0.15
824.5	1	15	0.038041500000000006	0.42498747375353385	0.08951204999999998	0.15
825.0	1	15	0.037975	0.4248865477394581	0.08937679999999999	0.15
825.5	1	15	0.037908500000000005	0.4247853158086116	0.08924155	0.15
826.0	1	15	0.037842	0.4246837765679868	0.08910630000000001	0.15
826.5	1	15	0.037775500000000004	0.4245819286161061	0.08897105	0.15
827.0	1	15	0.037709	0.4244797705429568	0.08883579999999998	0.15
827.5	1	15	0.0376425	0.4243773009299266	0.08870055	0.15
828.0	1	15	0.037576000000000005	0.4242745183497375	0.08856529999999999	0.15
828.5	1	15	0.0375095	0.4241714213663794	0.08843005	0.15
829.0	1	15	0.037443000000000004	0.424068008535044	0.08829479999999999	0.15
829.5	1	15	0.0373765	0.42396427840205625	0.08815955	0.15
830.0	1	15	0.03731	0.42386022950480723	0.0880243	0.15
830.5	1	15	0.0372435	0.42375586037168456	0.08788905	0.15
831.0	1	15	0.037177	0.42365116952200366	0.08775379999999999	0.15
831.5	1	15	0.037110500000000005	0.4235461554659373	0.08761855	0.15
832.0	1	15	0.037044	0.42344081670444533	0.0874833	0.15
832.5	1	15	0.0369775	0.42333515172920294	0.08734805	0.15
833.0	1	15	0.036911	0.4232291590225288	0.08721280000000001	0.15
833.5	1	15	0.0368445	0.42312283705731274	0.08707754999999999	0.15
834.0	1	15	0.036778000000000005	0.4230161842969418	0.0869423	0.15
834.5	1	15	0.0367115	0.4229091991952267	0.08680705	0.15
835.0	1	15	0.036645000000000004	0.4228018801963269	0.0866718	0.15
835.5	1	15	0.0365785	0.4226942257346751	0.08653655	0.15
836.0	1	15	0.036512	0.4225862342349016	0.0864013	0.15
836.5	1	15	0.036445500000000006	0.4224779041117567	0.08626605	0.15
837.0	1	15	0.036379	0.4223692337700335	0.08613080000000001	0.15
837.5	1	15	0.036312500000000004	0.42226022160449006	0.08599555	0.15
838.0	1	15	0.036246	0.4221508659997694	0.08586029999999999	0.15
838.5	1	15	0.0361795	0.42204116533032066	0.08572505	0.15
839.0	1	15	0.036113	0.42193111796031774	0.08558979999999998	0.15
839.5	1	15	0.0360465	0.4218207222435786	0.08545455	0.15
840.0	1	15	0.03598	0.4217099765234829	0.0853193	0.15
840.5	1	15	0.0359135	0.42159887913288935	0.08518405	0.15
841.0	1	15	0.035847000000000004	0.4214874283940514	0.08504880000000001	0.15
841.5	1	15	0.0357805	0.4213756226185338	0.08491355	0.15
842.0	1	15	0.035714	0.4212634601071265	0.0847783	0.15
842.5	1	15	0.0356475	0.4211509391497589	0.08464305000000001	0.15
843.0	1	15	0.035581	0.4210380580254131	0.0845078	0.15
843.5	1	15	0.035514500000000004	0.42092481500203566	0.08437255	0.15
844.0	1	15	0.035448	0.4208112083364495	0.0842373	0.15
844.5	1	15	0.0353815	0.4206972362742645	0.08410205	0.15
845.0	1	15	0.035315	0.4205828970497863	0.0839668	0.15
845.5	1	15	0.0352485	0.4204681888859266	0.08383155	0.15
846.0	1	15	0.035182000000000005	0.4203531099941097	0.08369630000000002	0.15
846.5	1	15	0.0351155	0.4202376585741802	0.08356105	0.15
847.0	1	15	0.035049000000000004	0.4201218328143093	0.08342579999999998	0.15
847.5	1	15	0.0349825	0.4200056308908994	0.08329055	0.15
848.0	1	15	0.034916	0.4198890509684891	0.0831553	0.15
848.5	1	15	0.034849500000000005	0.4197720911996561	0.08302005	0.15
849.0	1	15	0.034783	0.4196547497249194	0.08288480000000001	0.15
849.5	1	15	0.034716500000000004	0.41953702467264176	0.08274954999999999	0.15
850.0	1	15	0.03465	0.4194189141589289	0.0826143	0.15
850.5	1	15	0.0345835	0.41930041628753	0.08247905	0.15
851.0	1	15	0.034517	0.4191815291497356	0.0823438	0.15
851.5	1	15	0.0344505	0.41906225082427556	0.08220855	0.15
852.0	1	15	0.034384	0.4189425793772152	0.0820733	0.15
852.5	1	15	0.0343175	0.4188225128618511	0.08193805	0.15
853.0	1	15	0.034251000000000004	0.4187020493186052	0.08180280000000001	0.15
853.5	1	15	0.0341845	0.4185811867749185	0.08166755000000002	0.15
854.0	1	15	0.034118	0.41845992324514336	0.0815323	0.15
854.5	1	15	0.0340515	0.41833825673043434	0.08139705	0.15
855.0	1	15	0.033985	0.41821618521863907	0.0812618	0.15
855.5	1	15	0.033918500000000004	0.41809370668418666	0.08112655	0.15
856.0	1	15	0.033852	0.4179708190879761	0.0809913	0.15
856.5	1	15	0.0337855	0.4178475203772631	0.08085605	0.15
857.0	1	15	0.033719	0.4177238084855452	0.08072080000000001	0.15
857.5	1	15	0.0336525	0.4175996813324473	0.08058555	0.15
858.0	1	15	0.033586000000000005	0.4174751368236042	0.0804503	0.15
858.5	1	15	0.0335195	0.417350172850543	0.08031505	0.15
859.0	1	15	0.033453000000000004	0.4172247872905645	0.0801798	0.15
859.5	1	15	0.0333865	0.41709897800662254	0.08004455	0.15
860.0	1	15	0.03332	0.41697274284720304	0.07990929999999999	0.15
860.5	1	15	0.033253500000000005	0.4168460796462008	0.07977405	0.15
861.0	1	15	0.033187	0.4167189862227959	0.07963880000000001	0.15
861.5	1	15	0.0331205	0.4165914603813288	0.07950355	0.15
862.0	1	15	0.033054	0.4164634999111736	0.0793683	0.15
862.5	1	15	0.0329875	0.41633510258661005	0.07923305	0.15
863.0	1	15	0.032921	0.4162062661666949	0.07909779999999998	0.15
863.5	1	15	0.0328545	0.41607698839513163	0.07896255	0.15
864.0	1	15	0.032788	0.41594726700013823	0.0788273	0.15
864.5	1	15	0.0327215	0.41581709969431474	0.07869205	0.15
865.0	1	15	0.032655	0.4156864841745081	0.07855680000000002	0.15
865.5	1	15	0.0325885	0.41555541812167696	0.07842155	0.15
866.0	1	15	0.032522	0.4154238992007542	0.0782863	0.15
866.5	1	15	0.0324555	0.4152919250605078	0.07815104999999999	0.15
867.0	1	15	0.032389	0.41515949333340174	0.0780158	0.15
867.5	1	15	0.032322500000000004	0.4150266016354533	0.07788054999999999	0.15
868.0	1	15	0.032256	0.4148932475660908	0.07774529999999999	0.15
868.5	1	15	0.0321895	0.41475942870800886	0.07761005	0.15
869.0	1	15	0.032123	0.4146251426270219	0.07747480000000001	0.15
869.5	1	15	0.0320565	0.4144903868719174	0.07733954999999999	0.15
870.0	1	15	0.031990000000000005	0.41435515897430586	0.0772043	0.15
870.5	1	15	0.0319235	0.4142194564484706	0.07706904999999999	0.15
871.0	1	15	0.031857	0.41408327679121537	0.07693379999999998	0.15
871.5	1	15	0.0317905	0.41394661748171024	0.07679855	0.15
872.0	1	15	0.031724	0.4138094759813366	0.0766633	0.15
872.5	1	15	0.031657500000000005	0.41367184973352916	0.07652805	0.15
873.0	1	15	0.031591	0.4135337361636175	0.07639280000000001	0.15
873.5	1	15	0.0315245	0.41339513267866584	0.07625755000000001	0.15
874.0	1	15	0.031458	0.41325603666731037	0.0761223	0.15
874.5	1	15	0.0313915	0.41311644549959503	0.07598705	0.15
875.0	1	15	0.031325	0.4129763565268062	0.0758518	0.15
875.5	1	15	0.0312585	0.4128357670813052	0.07571655000000001	0.15
876.0	1	15	0.031192	0.41269467447635855	0.0755813	0.15
876.5	1	15	0.0311255	0.4125530760059672	0.07544605	0.15
877.0	1	15	0.031059000000000003	0.4124109689446932	0.07531080000000001	0.15
877.5	1	15	0.0309925	0.4122683505474851	0.07517555000000001	0.15
878.0	1	15	0.030926000000000002	0.4121252180495014	0.0750403	0.15
878.5	1	15	0.0308595	0.4119815686659311	0.07490504999999999	0.15
879.0	1	15	0.030793	0.4118373995918138	0.0747698	0.15
879.5	1	15	0.0307265	0.41169270800185703	0.07463455	0.15
880.0	1	15	0.03066	0.41154749105025146	0.0744993	0.15
880.5	1	15	0.030593500000000003	0.4114017458704845	0.07436405	0.15
881.0	1	15	0.030527	0.41125546957515136	0.07422880000000001	0.15
881.5	1	15	0.0304605	0.4111086592557652	0.07409355000000001	0.15
882.0	1	15	0.030394	0.41096131198256314	0.0739583	0.15
882.5	1	15	0.0303275	0.4108134248043125	0.07382305	0.15
883.0	1	15	0.030261	0.41066499474811297	0.07368780000000001	0.15
883.5	1	15	0.0301945	0.4105160188191979	0.07355255000000001	0.15
884.0	1	15	0.030128000000000002	0.4103664940007328	0.07341730000000002	0.15
884.5	1	15	0.030061499999999998	0.4102164172536112	0.07328205	0.15
885.0	1	15	0.029995	0.41006578551624945	0.07314680000000001	0.15
885.5	1	15	0.0299285	0.4099145957043782	0.07301155000000001	0.15
886.0	1	15	0.029862	0.4097628447108319	0.07287629999999999	0.15
886.5	1	15	0.029795500000000003	0.4096105294053358	0.07274105	0.15
887.0	1	15	0.029729	0.4094576466342909	0.0726058	0.15
887.5	1	15	0.0296625	0.40930419322055644	0.07247055000000001	0.15
888.0	1	15	0.029596	0.40915016596322956	0.0723353	0.15
888.5	1	15	0.0295295	0.4089955616374227	0.07220005	0.15
889.0	1	15	0.029463	0.40884037699403863	0.0720648	0.15
889.5	1	15	0.0293965	0.40868460875954316	0.07192955000000001	0.15
890.0	1	15	0.029330000000000002	0.4085282536357343	0.0717943	0.15
890.5	1	15	0.029263499999999998	0.4083713082995099	0.07165905	0.15
891.0	1	15	0.029197	0.40821376940263243	0.0715238	0.15
891.5	1	15	0.0291305	0.40805563357149005	0.07138855000000001	0.15
892.0	1	15	0.029064	0.4078968974068569	0.0712533	0.15
892.5	1	15	0.028997500000000002	0.4077375574836487	0.07111805	0.15
893.0	1	15	0.028931	0.4075776103506764	0.07098280000000001	0.15
893.5	1	15	0.0288645	0.407417052530398	0.07084755000000001	0.15
894.0	1	15	0.028798	0.40725588051866507	0.0707123	0.15
894.5	1	15	0.0287315	0.4070940907844689	0.07057704999999999	0.15
895.0	1	15	0.028665	0.4069316797696822	0.0704418	0.15
895.5	1	15	0.0285985	0.40676864388879835	0.07030655000000001	0.15
896.0	1	15	0.028532000000000002	0.4066049795286677	0.0701713	0.15
896.5	1	15	0.028465499999999998	0.4064406830482301	0.07003605	0.15
897.0	1	15	0.028399	0.4062757507782457	0.06990080000000001	0.15
897.5	1	15	0.0283325	0.4061101790210211	0.06976555000000001	0.15
898.0	1	15	0.028266	0.4059439640501333	0.06963030000000002	0.15
898.5	1	15	0.028199500000000002	0.40577710211015033	0.06949505	0.15
899.0	1	15	0.028133	0.4056095894163478	0.0693598	0.15
899.5	1	15	0.0280665	0.4054414221544235	0.06922455000000001	0.15
900.0	1	15	0.028	0.40527259648020747	0.0690893	0.15
900.5	1	15	0.027964	0.40490211298842405	0.069063606	0.15
901.0	1	15	0.027928	0.40453135372923793	0.06903791199999999	0.15
901.5	1	15	0.027892	0.40416031839463556	0.069012218	0.15
902.0	1	15	0.027856	0.4037890066761444	0.06898652400000001	0.15
902.5	1	15	0.02782	0.4034174182648324	0.06896082999999999	0.15
903.0	1	15	0.027784	0.40304555285130644	0.06893513600000001	0.15
903.5	1	15	0.027748000000000002	0.40267341012571256	0.06890944199999999	0.15
904.0	1	15	0.027712	0.4023009897777339	0.06888374800000002	0.15
904.5	1	15	0.027676	0.40192829149659093	0.068858054	0.15
905.0	1	15	0.02764	0.40155531497103975	0.06883236000000001	0.15
905.5	1	15	0.027604	0.4011820598893718	0.068806666	0.15
906.0	1	15	0.027568000000000002	0.4008085259394124	0.06878097200000001	0.15
906.5	1	15	0.027532	0.40043471280852067	0.068755278	0.15
907.0	1	15	0.027496	0.40006062018358785	0.06872958400000001	0.15
907.5	1	15	0.027460000000000002	0.3996862477510371	0.06870388999999999	0.15
908.0	1	15	0.027424	0.39931159519682197	0.06867819600000001	0.15
908.5	1	15	0.027388	0.39893666220642615	0.06865250200000002	0.15
909.0	1	15	0.027352	0.39856144846486224	0.06862680800000001	0.15
909.5	1	15	0.027316	0.3981859536566709	0.068601114	0.15
910.0	1	15	0.02728	0.39781017746592	0.06857542	0.15
910.5	1	15	0.027244	0.39743411957620367	0.068549726	0.15
911.0	1	15	0.027208	0.3970577796706417	0.068524032	0.15
911.5	1	15	0.027172	0.3966811574318781	0.068498338	0.15
912.0	1	15	0.027136	0.3963042525420809	0.068472644	0.15
912.5	1	15	0.0271	0.39592706468294053	0.06844695	0.15
913.0	1	15	0.027064	0.3955495935356697	0.068421256	0.15
913.5	1	15	0.027028	0.3951718387810016	0.06839556200000001	0.15
914.0	1	15	0.026992000000000002	0.3947938000991899	0.068369868	0.15
914.5	1	15	0.026956	0.3944154771700072	0.068344174	0.15
915.0	1	15	0.02692	0.3940368696727445	0.06831848	0.15
915.5	1	15	0.026884	0.39365797728621	0.06829278600000001	0.15
916.0	1	15	0.026848	0.3932787996887285	0.068267092	0.15
916.5	1	15	0.026812	0.3928993365581402	0.06824139800000001	0.15
917.0	1	15	0.026776	0.39251958757180017	0.068215704	0.15
917.5	1	15	0.02674	0.39213955240657683	0.06819001000000001	0.15
918.0	1	15	0.026704	0.39175923073885166	0.068164316	0.15
918.5	1	15	0.026668	0.3913786222445179	0.06813862200000001	0.15
919.0	1	15	0.026632	0.39099772659897986	0.06811292799999999	0.15
919.5	1	15	0.026596	0.39061654347715163	0.06808723400000001	0.15
920.0	1	15	0.02656	0.39023507255345674	0.06806154	0.15
920.5	1	15	0.026524	0.38985331350182667	0.068035846	0.15
921.0	1	15	0.026488	0.38947126599570014	0.068010152	0.15
921.5	1	15	0.026452	0.3890889297080224	0.067984458	0.15
922.0	1	15	0.026416000000000002	0.3887063043112438	0.067958764	0.15
922.5	1	15	0.02638	0.38832338947731937	0.06793307	0.15
923.0	1	15	0.026344	0.3879401848777075	0.06790737600000002	0.15
923.5	1	15	0.026308	0.38755669018336936	0.06788168200000001	0.15
924.0	1	15	0.026272	0.3871729050647674	0.067855988	0.15
924.5	1	15	0.026236	0.3867888291918652	0.067830294	0.15
925.0	1	15	0.0262	0.38640446223412567	0.0678046	0.15
925.5	1	15	0.026164	0.3860198038605108	0.067778906	0.15
926.0	1	15	0.026128	0.3856348537394802	0.06775321200000001	0.15
926.5	1	15	0.026092	0.3852496115389907	0.067727518	0.15
927.0	1	15	0.026056	0.38486407692649455	0.06770182400000002	0.15
927.5	1	15	0.02602	0.3844782495689396	0.06767613	0.15
928.0	1	15	0.025984	0.38409212913276713	0.067650436	0.15
928.5	1	15	0.025948	0.3837057152839119	0.067624742	0.15
929.0	1	15	0.025912	0.38331900768780053	0.06759904800000001	0.15
929.5	1	15	0.025876	0.38293200600935096	0.067573354	0.15
930.0	1	15	0.025840000000000002	0.38254470991297107	0.06754766000000001	0.15
930.5	1	15	0.025804	0.3821571190625581	0.067521966	0.15
931.0	1	15	0.025768	0.38176923312149746	0.067496272	0.15
931.5	1	15	0.025732	0.38138105175266174	0.067470578	0.15
932.0	1	15	0.025696	0.3809925746184099	0.067444884	0.15
932.5	1	15	0.02566	0.38060380138058614	0.06741918999999999	0.15
933.0	1	15	0.025624	0.380214731700519	0.067393496	0.15
933.5	1	15	0.025588	0.3798253652390202	0.067367802	0.15
934.0	1	15	0.025552	0.37943570165638413	0.067342108	0.15
934.5	1	15	0.025516	0.37904574061238616	0.067316414	0.15
935.0	1	15	0.02548	0.37865548176628216	0.06729072	0.15
935.5	1	15	0.025444	0.37826492477680745	0.067265026	0.15
936.0	1	15	0.025408	0.3778740693021757	0.067239332	0.15
936.5	1	15	0.025372	0.37748291500007775	0.067213638	0.15
937.0	1	15	0.025336	0.37709146152768125	0.06718794399999999	0.15
937.5	1	15	0.0253	0.3766997085416286	0.06716225000000002	0.15
938.0	1	15	0.025264	0.3763076556980373	0.067136556	0.15
938.5	1	15	0.025228	0.37591530265249756	0.06711086200000001	0.15
939.0	1	15	0.025192	0.3755226490600724	0.067085168	0.15
939.5	1	15	0.025156	0.37512969457529594	0.06705947400000001	0.15
940.0	1	15	0.02512	0.3747364388521727	0.06703378	0.15
940.5	1	15	0.025084	0.3743428815441766	0.06700808600000001	0.15
941.0	1	15	0.025048	0.37394902230424976	0.066982392	0.15
941.5	1	15	0.025012	0.37355486078480155	0.066956698	0.15
942.0	1	15	0.024975999999999998	0.37316039663770767	0.066931004	0.15
942.5	1	15	0.02494	0.37276562951430914	0.06690531	0.15
943.0	1	15	0.024904	0.3723705590654109	0.066879616	0.15
943.5	1	15	0.024868	0.3719751849412814	0.06685392200000001	0.15
944.0	1	15	0.024832	0.37157950679165097	0.066828228	0.15
944.5	1	15	0.024796	0.3711835242657112	0.06680253400000001	0.15
945.0	1	15	0.02476	0.37078723701211375	0.06677684	0.15
945.5	1	15	0.024724	0.37039064467896926	0.066751146	0.15
946.0	1	15	0.024688	0.3699937469138463	0.066725452	0.15
946.5	1	15	0.024652	0.36959654336377057	0.066699758	0.15
947.0	1	15	0.024616	0.36919903367522333	0.06667406400000002	0.15
947.5	1	15	0.02458	0.3688012174941413	0.06664837	0.15
948.0	1	15	0.024544	0.36840309446591424	0.066622676	0.15
948.5	1	15	0.024508	0.3680046642353853	0.066596982	0.15
949.0	1	15	0.024472	0.367605926446849	0.066571288	0.15
949.5	1	15	0.024436	0.36720688074405045	0.066545594	0.15
950.0	1	15	0.024399999999999998	0.3668075267701846	0.06651989999999999	0.15
950.5	1	15	0.024364	0.36640786416789456	0.066494206	0.15
951.0	1	15	0.024328	0.36600789257927124	0.066468512	0.15
951.5	1	15	0.024292	0.36560761164585165	0.066442818	0.15
952.0	1	15	0.024256	0.36520702100861824	0.066417124	0.15
952.5	1	15	0.02422	0.36480612030799753	0.06639143	0.15
953.0	1	15	0.024184	0.3644049091838596	0.066365736	0.15
953.5	1	15	0.024148	0.364003387275516	0.066340042	0.15
954.0	1	15	0.024112	0.3636015542217199	0.066314348	0.15
954.5	1	15	0.024076	0.3631994096606638	0.066288654	0.15
955.0	1	15	0.02404	0.36279695322997946	0.06626296	0.15
955.5	1	15	0.024003999999999998	0.36239418456673617	0.066237266	0.15
956.0	1	15	0.023968	0.36199110330744	0.066211572	0.15
956.5	1	15	0.023932000000000002	0.36158770908803234	0.066185878	0.15
957.0	1	15	0.023896	0.3611840015438893	0.066160184	0.15
957.5	1	15	0.02386	0.36077998030982017	0.06613449	0.15
958.0	1	15	0.023823999999999998	0.3603756450200666	0.066108796	0.15
958.5	1	15	0.023788	0.35997099530830134	0.066083102	0.15
959.0	1	15	0.023752	0.3595660308076272	0.066057408	0.15
959.5	1	15	0.023716	0.3591607511505759	0.066031714	0.15
960.0	1	15	0.02368	0.35875515596910706	0.06600602	0.15
960.5	1	15	0.023644	0.35834924489460684	0.065980326	0.15
961.0	1	15	0.023608	0.3579430175578874	0.065954632	0.15
961.5	1	15	0.023572	0.3575364735891848	0.065928938	0.15
962.0	1	15	0.023536	0.35712961261815884	0.065903244	0.15
962.5	1	15	0.0235	0.3567224342738915	0.06587754999999999	0.15
963.0	1	15	0.023464	0.35631493818488574	0.065851856	0.15
963.5	1	15	0.023427999999999997	0.3559071239790647	0.065826162	0.15
964.0	1	15	0.023392	0.3554989912837702	0.065800468	0.15
964.5	1	15	0.023356000000000002	0.35509053972576177	0.065774774	0.15
965.0	1	15	0.02332	0.35468176893121545	0.06574908	0.15
965.5	1	15	0.023284	0.354272678525723	0.065723386	0.15
966.0	1	15	0.023247999999999998	0.35386326813429	0.065697692	0.15
966.5	1	15	0.023212	0.35345353738133567	0.065671998	0.15
967.0	1	15	0.023176	0.3530434858906908	0.065646304	0.15
967.5	1	15	0.02314	0.3526331132855974	0.06562061	0.15
968.0	1	15	0.023104	0.3522224191887066	0.065594916	0.15
968.5	1	15	0.023067999999999998	0.35181140322207877	0.065569222	0.15
969.0	1	15	0.023032	0.3514000650071812	0.065543528	0.15
969.5	1	15	0.022996	0.35098840416488736	0.065517834	0.15
970.0	1	15	0.02296	0.35057642031547603	0.06549214	0.15
970.5	1	15	0.022924	0.35016411307862966	0.065466446	0.15
971.0	1	15	0.022888	0.34975148207343343	0.06544075199999999	0.15
971.5	1	15	0.022851999999999997	0.349338526918374	0.065415058	0.15
972.0	1	15	0.022816	0.3489252472313388	0.06538936399999999	0.15
972.5	1	15	0.02278	0.3485116426296137	0.06536367	0.15
973.0	1	15	0.022744	0.3480977127298832	0.06533797599999999	0.15
973.5	1	15	0.022708	0.34768345714822824	0.065312282	0.15
974.0	1	15	0.022671999999999998	0.3472688755001257	0.06528658799999999	0.15
974.5	1	15	0.022636	0.3468539674004466	0.065260894	0.15
975.0	1	15	0.0226	0.3464387324634553	0.0652352	0.15
975.5	1	15	0.022564	0.3460231703028083	0.065209506	0.15
976.0	1	15	0.022528	0.3456072805315529	0.065183812	0.15
976.5	1	15	0.022491999999999998	0.3451910627621258	0.065158118	0.15
977.0	1	15	0.022456	0.34477451660635267	0.065132424	0.15
977.5	1	15	0.02242	0.3443576416754458	0.06510673	0.15
978.0	1	15	0.022384	0.34394043758000414	0.065081036	0.15
978.5	1	15	0.022348	0.34352290393001084	0.065055342	0.15
979.0	1	15	0.022312	0.34310504033483313	0.065029648	0.15
979.5	1	15	0.022275999999999997	0.3426868464032203	0.065003954	0.15
980.0	1	15	0.02224	0.34226832174330307	0.06497826	0.15
980.5	1	15	0.022204	0.3418494659625919	0.06495256599999999	0.15
981.0	1	15	0.022168	0.3414302786679759	0.064926872	0.15
981.5	1	15	0.022132	0.3410107594657219	0.06490117799999999	0.15
982.0	1	15	0.022095999999999998	0.34059090796147273	0.064875484	0.15
982.5	1	15	0.02206	0.3401707237602466	0.06484978999999999	0.15
983.0	1	15	0.022024	0.33975020646643495	0.064824096	0.15
983.5	1	15	0.021988	0.33932935568380224	0.06479840199999999	0.15
984.0	1	15	0.021952	0.3389081710154839	0.064772708	0.15
984.5	1	15	0.021915999999999998	0.33848665206398554	0.06474701399999999	0.15
985.0	1	15	0.02188	0.3380647984311816	0.06472132	0.15
985.5	1	15	0.021844	0.3376426097183139	0.06469562599999999	0.15
986.0	1	15	0.021808	0.3372200855259907	0.064669932	0.15
986.5	1	15	0.021772	0.3367972254541851	0.06464423799999999	0.15
987.0	1	15	0.021736	0.3363740291022342	0.064618544	0.15
987.5	1	15	0.021699999999999997	0.3359504960688373	0.06459285	0.15
988.0	1	15	0.021664	0.33552662595205524	0.064567156	0.15
988.5	1	15	0.021628	0.3351024183493086	0.064541462	0.15
989.0	1	15	0.021592	0.3346778728573765	0.064515768	0.15
989.5	1	15	0.021556	0.33425298907239587	0.064490074	0.15
990.0	1	15	0.021519999999999997	0.3338277665898594	0.06446437999999999	0.15
990.5	1	15	0.021484	0.3334022050046148	0.06443868599999998	0.15
991.0	1	15	0.021448	0.33297630391086325	0.06441299199999999	0.15
991.5	1	15	0.021412	0.33255006290215816	0.064387298	0.15
992.0	1	15	0.021376	0.33212348157140403	0.06436160399999999	0.15
992.5	1	15	0.021339999999999998	0.3316965595108548	0.06433591	0.15
993.0	1	15	0.021304	0.3312692963121132	0.06431021599999999	0.15
993.5	1	15	0.021268	0.33084169156612847	0.064284522	0.15
994.0	1	15	0.021232	0.33041374486319613	0.06425882799999999	0.15
994.5	1	15	0.021196	0.3299854557929557	0.06423313400000001	0.15
995.0	1	15	0.021159999999999998	0.3295568239443903	0.06420743999999999	0.15
995.5	1	15	0.021123999999999997	0.32912784890582436	0.064181746	0.15
996.0	1	15	0.021088	0.32869853026492346	0.06415605199999998	0.15
996.5	1	15	0.021052	0.3282688676086917	0.064130358	0.15
997.0	1	15	0.021016	0.32783886052347144	0.06410466399999999	0.15
997.5	1	15	0.02098	0.3274085085949415	0.06407897	0.15
998.0	1	15	0.020943999999999997	0.32697781140811594	0.06405327599999999	0.15
998.5	1	15	0.020908	0.3265467685473426	0.064027582	0.15
999.0	1	15	0.020871999999999998	0.32611537959630194	0.06400188799999999	0.15
999.5	1	15	0.020836	0.3256836441380055	0.063976194	0.15
1000.0	1	15	0.0208	0.32525156175479475	0.0639505	0.15
1000.5	1	15	0.020770999999999998	0.32499313882076997	0.06391211849999999	0.15
1001.0	1	15	0.020742	0.3247344053159125	0.063873737	0.15
1001.5	1	15	0.020713	0.32447536068002314	0.0638353555	0.15
1002.0	1	15	0.020683999999999998	0.32421600435155434	0.06379697399999999	0.15
1002.5	1	15	0.020655	0.3239563357676066	0.06375859249999999	0.15
1003.0	1	15	0.020626	0.32369635436392385	0.063720211	0.15
1003.5	1	15	0.020597	0.32343605957489024	0.0636818295	0.15
1004.0	1	15	0.020568	0.32317545083352495	0.06364344799999999	0.15
1004.5	1	15	0.020538999999999998	0.3229145275714789	0.0636050665	0.15
1005.0	1	15	0.02051	0.3226532892190304	0.063566685	0.15
1005.5	1	15	0.020481	0.3223917352050807	0.0635283035	0.15
1006.0	1	15	0.020451999999999998	0.32212986495715024	0.06348992199999999	0.15
1006.5	1	15	0.020423	0.3218676779013742	0.0634515405	0.15
1007.0	1	15	0.020394	0.3216051734624985	0.06341315900000001	0.15
1007.5	1	15	0.020364999999999998	0.32134235106387554	0.06337477749999999	0.15
1008.0	1	15	0.020336	0.32107921012745977	0.06333639599999999	0.15
1008.5	1	15	0.020307	0.32081575007380364	0.0632980145	0.15
1009.0	1	15	0.020277999999999997	0.3205519703220535	0.063259633	0.15
1009.5	1	15	0.020249	0.32028787028994515	0.06322125149999999	0.15
1010.0	1	15	0.02022	0.32002344939379934	0.06318286999999999	0.15
1010.5	1	15	0.020191	0.3197587070485178	0.0631444885	0.15
1011.0	1	15	0.020162	0.3194936426675789	0.063106107	0.15
1011.5	1	15	0.020132999999999998	0.31922825566303326	0.06306772549999999	0.15
1012.0	1	15	0.020104	0.3189625454454992	0.063029344	0.15
1012.5	1	15	0.020075	0.31869651142415867	0.0629909625	0.15
1013.0	1	15	0.020045999999999998	0.3184301530067528	0.062952581	0.15
1013.5	1	15	0.020017	0.3181634695995775	0.06291419949999999	0.15
1014.0	1	15	0.019988	0.31789646060747867	0.062875818	0.15
1014.5	1	15	0.019958999999999998	0.31762912543384864	0.0628374365	0.15
1015.0	1	15	0.01993	0.3173614634806209	0.06279905499999999	0.15
1015.5	1	15	0.019901	0.31709347414826583	0.06276067349999999	0.15
1016.0	1	15	0.019872	0.31682515683578655	0.062722292	0.15
1016.5	1	15	0.019843	0.31655651094071424	0.0626839105	0.15
1017.0	1	15	0.019814	0.3162875358591034	0.06264552899999999	0.15
1017.5	1	15	0.019785	0.31601823098552767	0.0626071475	0.15
1018.0	1	15	0.019756	0.3157485957130751	0.062568766	0.15
1018.5	1	15	0.019726999999999998	0.3154786294333437	0.0625303845	0.15
1019.0	1	15	0.019698	0.3152083315364368	0.06249200299999999	0.15
1019.5	1	15	0.019669	0.3149377014109582	0.0624536215	0.15
1020.0	1	15	0.019639999999999998	0.3146667384440082	0.06241524	0.15
1020.5	1	15	0.019611	0.3143954420211785	0.062376858499999986	0.15
1021.0	1	15	0.019582	0.3141238115265472	0.062338476999999996	0.15
1021.5	1	15	0.019553	0.3138518463426754	0.0623000955	0.15
1022.0	1	15	0.019524	0.31357954585060094	0.062261713999999996	0.15
1022.5	1	15	0.019495	0.31330690942983486	0.0622233325	0.15
1023.0	1	15	0.019466	0.3130339364583563	0.062184951	0.15
1023.5	1	15	0.019437	0.31276062631260765	0.0621465695	0.15
1024.0	1	15	0.019407999999999998	0.31248697836748995	0.062108187999999995	0.15
1024.5	1	15	0.019379	0.31221299199635816	0.062069806500000005	0.15
1025.0	1	15	0.01935	0.31193866657101627	0.06203142499999999	0.15
1025.5	1	15	0.019320999999999998	0.31166400146171236	0.0619930435	0.15
1026.0	1	15	0.019292	0.31138899603713444	0.061954661999999994	0.15
1026.5	1	15	0.019263	0.3111136496644045	0.06191628049999999	0.15
1027.0	1	15	0.019233999999999998	0.31083796170907485	0.061877898999999986	0.15
1027.5	1	15	0.019205	0.31056193153512235	0.061839517499999996	0.15
1028.0	1	15	0.019176	0.310285558504944	0.06180113599999999	0.15
1028.5	1	15	0.019147	0.31000884197935186	0.061762754499999996	0.15
1029.0	1	15	0.019118	0.309731781317568	0.061724373000000006	0.15
1029.5	1	15	0.019089	0.30945437587722	0.061685991499999995	0.15
1030.0	1	15	0.01906	0.3091766250143355	0.06164761	0.15
1030.5	1	15	0.019031	0.3088985280833374	0.0616092285	0.15
1031.0	1	15	0.019001999999999998	0.3086200844370388	0.061570847	0.15
1031.5	1	15	0.018973	0.30834129342663835	0.061532465499999994	0.15
1032.0	1	15	0.018944	0.30806215440171447	0.061494084000000004	0.15
1032.5	1	15	0.018914999999999998	0.3077826667102211	0.06145570249999999	0.15
1033.0	1	15	0.018886	0.30750282969848197	0.061417321	0.15
1033.5	1	15	0.018857	0.307222642711186	0.06137893949999999	0.15
1034.0	1	15	0.018827999999999998	0.30694210509138176	0.061340557999999996	0.15
1034.5	1	15	0.018799	0.3066612161804728	0.0613021765	0.15
1035.0	1	15	0.01877	0.306379975318212	0.061263794999999996	0.15
1035.5	1	15	0.018741	0.3060983818426968	0.0612254135	0.15
1036.0	1	15	0.018712	0.3058164350903636	0.061187031999999995	0.15
1036.5	1	15	0.018682999999999998	0.3055341343959831	0.061148650500000006	0.15
1037.0	1	15	0.018654	0.30525147909265465	0.061110268999999995	0.15
1037.5	1	15	0.018625	0.3049684685118009	0.0610718875	0.15
1038.0	1	15	0.018595999999999998	0.3046851019831631	0.061033506	0.15
1038.5	1	15	0.018567	0.30440137883479523	0.0609951245	0.15
1039.0	1	15	0.018538	0.30411729839305884	0.060956742999999994	0.15
1039.5	1	15	0.018508999999999998	0.3038328599826179	0.0609183615	0.15
1040.0	1	15	0.01848	0.30354806292643327	0.06087998	0.15
1040.5	1	15	0.018451	0.3032629065457575	0.060841598499999996	0.15
1041.0	1	15	0.018422	0.3029773901601292	0.060803217	0.15
1041.5	1	15	0.018393	0.3026915130873678	0.060764835499999996	0.15
1042.0	1	15	0.018364	0.302405274643568	0.060726454000000006	0.15
1042.5	1	15	0.018335	0.3021186741430946	0.060688072499999995	0.15
1043.0	1	15	0.018306	0.3018317108985765	0.060649691000000006	0.15
1043.5	1	15	0.018276999999999998	0.30154438422090185	0.060611309499999995	0.15
1044.0	1	15	0.018248	0.30125669341921196	0.060572928000000005	0.15
1044.5	1	15	0.018219	0.30096863780089606	0.060534546499999994	0.15
1045.0	1	15	0.018189999999999998	0.3006802166715857	0.060496165	0.15
1045.5	1	15	0.018161	0.30039142933514923	0.060457783499999994	0.15
1046.0	1	15	0.018132	0.300102275093686	0.06041940199999999	0.15
1046.5	1	15	0.018103	0.2998127532475209	0.0603810205	0.15
1047.0	1	15	0.018074	0.29952286309519877	0.06034263899999999	0.15
1047.5	1	15	0.018045	0.29923260393347845	0.06030425750000001	0.15
1048.0	1	15	0.018016	0.29894197505732767	0.06026587599999999	0.15
1048.5	1	15	0.017987	0.29865097575991645	0.0602274945	0.15
1049.0	1	15	0.017958	0.29835960533261224	0.060189112999999995	0.15
1049.5	1	15	0.017929	0.29806786306497374	0.06015073149999999	0.15
1050.0	1	15	0.0179	0.29777574824474506	0.060112349999999995	0.15
1050.5	1	15	0.017870999999999998	0.2974832601578502	0.0600739685	0.15
1051.0	1	15	0.017842	0.29719039808838715	0.060035587	0.15
1051.5	1	15	0.017813	0.29689716131862176	0.05999720549999999	0.15
1052.0	1	15	0.017784	0.2966035491289823	0.059958824	0.15
1052.5	1	15	0.017755	0.2963095607980532	0.0599204425	0.15
1053.0	1	15	0.017726	0.2960151956025695	0.059882061	0.15
1053.5	1	15	0.017696999999999997	0.2957204528174107	0.05984367949999999	0.15
1054.0	1	15	0.017668	0.2954253317155948	0.05980529800000001	0.15
1054.5	1	15	0.017639	0.2951298315682724	0.059766916499999996	0.15
1055.0	1	15	0.01761	0.2948339516447206	0.05972853499999999	0.15
1055.5	1	15	0.017581	0.2945376912123371	0.059690153499999996	0.15
1056.0	1	15	0.017551999999999998	0.29424104953663405	0.059651772	0.15
1056.5	1	15	0.017523	0.29394402588123214	0.05961339050000001	0.15
1057.0	1	15	0.017494	0.29364661950785437	0.059575009	0.15
1057.5	1	15	0.017465	0.29334882967631987	0.0595366275	0.15
1058.0	1	15	0.017436	0.29305065564453786	0.05949824599999999	0.15
1058.5	1	15	0.017407	0.2927520966685015	0.059459864499999994	0.15
1059.0	1	15	0.017377999999999998	0.2924531520022817	0.05942148299999999	0.15
1059.5	1	15	0.017349	0.29215382089802094	0.0593831015	0.15
1060.0	1	15	0.01732	0.29185410260592687	0.05934472	0.15
1060.5	1	15	0.017291	0.29155399637426616	0.0593063385	0.15
1061.0	1	15	0.017262	0.29125350144935824	0.059267956999999996	0.15
1061.5	1	15	0.017233	0.2909526170755689	0.0592295755	0.15
1062.0	1	15	0.017204	0.2906513424953043	0.059191194	0.15
1062.5	1	15	0.017175	0.2903496769490039	0.0591528125	0.15
1063.0	1	15	0.017145999999999998	0.29004761967513476	0.059114431	0.15
1063.5	1	15	0.017117	0.289745169910185	0.0590760495	0.15
1064.0	1	15	0.017088	0.2894423268886569	0.059037668	0.15
1064.5	1	15	0.017058999999999998	0.289139089843061	0.0589992865	0.15
1065.0	1	15	0.01703	0.28883545800390953	0.058960905	0.15
1065.5	1	15	0.017001	0.2885314305997095	0.05892252349999999	0.15
1066.0	1	15	0.016972	0.2882270068569565	0.058884141999999993	0.15
1066.5	1	15	0.016943	0.28792218600012826	0.058845760500000004	0.15
1067.0	1	15	0.016914	0.2876169672516777	0.05880737900000001	0.15
1067.5	1	15	0.016885	0.28731134983202666	0.0587689975	0.15
1068.0	1	15	0.016856	0.28700533295955893	0.058730616000000006	0.15
1068.5	1	15	0.016826999999999998	0.2866989158506139	0.0586922345	0.15
1069.0	1	15	0.016798	0.28639209771947977	0.058653853	0.15
1069.5	1	15	0.016769	0.28608487777838654	0.0586154715	0.15
1070.0	1	15	0.016739999999999998	0.2857772552374998	0.058577090000000005	0.15
1070.5	1	15	0.016711	0.2854692293049137	0.058538708499999995	0.15
1071.0	1	15	0.016682	0.28516079918664383	0.058500327000000005	0.15
1071.5	1	15	0.016653	0.2848519640866211	0.05846194550000001	0.15
1072.0	1	15	0.016624	0.2845427232066842	0.058423564	0.15
1072.5	1	15	0.016595	0.2842330757465732	0.058385182499999994	0.15
1073.0	1	15	0.016565999999999997	0.28392302090392235	0.058346801	0.15
1073.5	1	15	0.016537	0.2836125578742535	0.0583084195	0.15
1074.0	1	15	0.016508	0.2833016858509685	0.058270038	0.15
1074.5	1	15	0.016479	0.28299040402534315	0.058231656500000006	0.15
1075.0	1	15	0.01645	0.2826787115865192	0.05819327500000001	0.15
1075.5	1	15	0.016420999999999998	0.2823666077214981	0.0581548935	0.15
1076.0	1	15	0.016392	0.2820540916151334	0.058116512	0.15
1076.5	1	15	0.016363	0.281741162450124	0.05807813049999999	0.15
1077.0	1	15	0.016334	0.28142781940700673	0.05803974900000001	0.15
1077.5	1	15	0.016305	0.2811140616641496	0.05800136749999999	0.15
1078.0	1	15	0.016276	0.280799888397744	0.05796298600000001	0.15
1078.5	1	15	0.016246999999999998	0.2804852987817983	0.0579246045	0.15
1079.0	1	15	0.016218	0.28017029198812987	0.057886223	0.15
1079.5	1	15	0.016189	0.27985486718635816	0.057847841500000004	0.15
1080.0	1	15	0.01616	0.2795390235438975	0.05780946000000001	0.15
1080.5	1	15	0.016131	0.2792227602259494	0.0577710785	0.15
1081.0	1	15	0.016101999999999998	0.2789060763954956	0.057732697	0.15
1081.5	1	15	0.016073	0.2785889712132905	0.057694315499999996	0.15
1082.0	1	15	0.016044	0.2782714438378537	0.057655934	0.15
1082.5	1	15	0.016015	0.27795349342546266	0.05761755250000001	0.15
1083.0	1	15	0.015986	0.27763511913014516	0.057579171	0.15
1083.5	1	15	0.015957	0.2773163201036718	0.05754078950000001	0.15
1084.0	1	15	0.015927999999999998	0.2769970954955486	0.057502408000000005	0.15
1084.5	1	15	0.015899	0.27667744445300924	0.057464026499999994	0.15
1085.0	1	15	0.01587	0.27635736612100736	0.057425645000000004	0.15
1085.5	1	15	0.015841	0.27603685964220964	0.0573872635	0.15
1086.0	1	15	0.015812	0.27571592415698704	0.057348882000000004	0.15
1086.5	1	15	0.015783	0.2753945588034081	0.05731050050000001	0.15
1087.0	1	15	0.015754	0.2750727627172307	0.057272119	0.15
1087.5	1	15	0.015725	0.27475053503189445	0.0572337375	0.15
1088.0	1	15	0.015696	0.2744278748785129	0.057195355999999996	0.15
1088.5	1	15	0.015667	0.2741047813858657	0.0571569745	0.15
1089.0	1	15	0.015638	0.27378125368039086	0.05711859300000001	0.15
1089.5	1	15	0.015609	0.2734572908861769	0.057080211500000005	0.15
1090.0	1	15	0.01558	0.2731328921249546	0.05704183	0.15
1090.5	1	15	0.015550999999999999	0.2728080565160895	0.0570034485	0.15
1091.0	1	15	0.015522	0.2724827831765738	0.056965066999999994	0.15
1091.5	1	15	0.015493	0.2721570712210181	0.0569266855	0.15
1092.0	1	15	0.015463999999999999	0.27183091976164375	0.05688830400000001	0.15
1092.5	1	15	0.015435	0.2715043279082746	0.056849922500000004	0.15
1093.0	1	15	0.015406	0.27117729476832886	0.056811541	0.15
1093.5	1	15	0.015377	0.2708498194468109	0.05677315950000001	0.15
1094.0	1	15	0.015348	0.2705219010463036	0.056734778	0.15
1094.5	1	15	0.015319	0.27019353866695917	0.0566963965	0.15
1095.0	1	15	0.01529	0.26986473140649203	0.05665801500000001	0.15
1095.5	1	15	0.015261	0.2695354783601699	0.0566196335	0.15
1096.0	1	15	0.015231999999999999	0.2692057786208053	0.056581252000000005	0.15
1096.5	1	15	0.015203	0.26887563127874803	0.0565428705	0.15
1097.0	1	15	0.015174	0.2685450354218759	0.056504489000000005	0.15
1097.5	1	15	0.015144999999999999	0.26821399013558705	0.05646610750000001	0.15
1098.0	1	15	0.015116000000000001	0.26788249450279106	0.056427726000000004	0.15
1098.5	1	15	0.015087	0.26755054760390057	0.0563893445	0.15
1099.0	1	15	0.015057999999999998	0.267218148516823	0.056350963	0.15
1099.5	1	15	0.015029	0.26688529631695185	0.0563125815	0.15
1100.0	1	15	0.015	0.2665519900771579	0.056274199999999996	0.15
1100.5	1	15	0.01498	0.26627979897368337	0.056256614499999996	0.15
1101.0	1	15	0.01496	0.26600743764619406	0.056239029	0.15
1101.5	1	15	0.01494	0.265734905934957	0.056221443499999996	0.15
1102.0	1	15	0.01492	0.26546220368003914	0.05620385800000001	0.15
1102.5	1	15	0.0149	0.2651893307213074	0.0561862725	0.15
1103.0	1	15	0.014879999999999999	0.26491628689842794	0.056168686999999995	0.15
1103.5	1	15	0.01486	0.2646430720508662	0.056151101499999995	0.15
1104.0	1	15	0.014839999999999999	0.26436968601788635	0.056133516	0.15
1104.5	1	15	0.01482	0.2640961286385512	0.05611593050000001	0.15
1105.0	1	15	0.014799999999999999	0.2638223997517217	0.056098345	0.15
1105.5	1	15	0.01478	0.2635484991960567	0.056080759499999994	0.15
1106.0	1	15	0.014759999999999999	0.26327442681001256	0.05606317399999999	0.15
1106.5	1	15	0.01474	0.263000182431843	0.0560455885	0.15
1107.0	1	15	0.014719999999999999	0.26272576589959845	0.056028003	0.15
1107.5	1	15	0.0147	0.2624511770511262	0.056010417500000007	0.15
1108.0	1	15	0.014679999999999999	0.26217641572406974	0.05599283200000001	0.15
1108.5	1	15	0.01466	0.2619014817558686	0.05597524650000001	0.15
1109.0	1	15	0.01464	0.2616263749837578	0.055957661000000006	0.15
1109.5	1	15	0.01462	0.26135109524476774	0.055940075500000006	0.15
1110.0	1	15	0.0146	0.26107564237572395	0.055922490000000005	0.15
1110.5	1	15	0.01458	0.2608000162132465	0.055904904500000005	0.15
1111.0	1	15	0.01456	0.26052421659374997	0.055887319000000005	0.15
1111.5	1	15	0.014539999999999999	0.2602482433534428	0.055869733500000004	0.15
1112.0	1	15	0.01452	0.2599720963283274	0.055852148000000004	0.15
1112.5	1	15	0.014499999999999999	0.25969577535419924	0.055834562500000004	0.15
1113.0	1	15	0.01448	0.2594192802666472	0.055816977000000004	0.15
1113.5	1	15	0.014459999999999999	0.2591426109010525	0.05579939150000001	0.15
1114.0	1	15	0.01444	0.2588657670925893	0.055781805999999996	0.15
1114.5	1	15	0.014419999999999999	0.2585887486762233	0.0557642205	0.15
1115.0	1	15	0.0144	0.2583115554867123	0.055746635	0.15
1115.5	1	15	0.014379999999999999	0.25803418735860545	0.0557290495	0.15
1116.0	1	15	0.01436	0.257756644126243	0.05571146400000001	0.15
1116.5	1	15	0.014339999999999999	0.2574789256237559	0.0556938785	0.15
1117.0	1	15	0.01432	0.25720103168506564	0.05567629300000001	0.15
1117.5	1	15	0.0143	0.25692296214388377	0.0556587075	0.15
1118.0	1	15	0.01428	0.25664471683371154	0.05564112200000001	0.15
1118.5	1	15	0.01426	0.25636629558783985	0.0556235365	0.15
1119.0	1	15	0.01424	0.2560876982393485	0.055605951	0.15
1119.5	1	15	0.01422	0.2558089246211062	0.055588365499999993	0.15
1120.0	1	15	0.014199999999999999	0.25552997456577	0.05557078	0.15
1120.5	1	15	0.01418	0.25525084790578517	0.0555531945	0.15
1121.0	1	15	0.014159999999999999	0.2549715444733846	0.05553560900000001	0.15
1121.5	1	15	0.01414	0.25469206410058887	0.055518023500000006	0.15
1122.0	1	15	0.014119999999999999	0.2544124066192054	0.055500438	0.15
1122.5	1	15	0.0141	0.2541325718608285	0.05548285250000001	0.15
1123.0	1	15	0.014079999999999999	0.2538525596568389	0.055465267000000006	0.15
1123.5	1	15	0.01406	0.2535723698384034	0.055447681500000005	0.15
1124.0	1	15	0.014039999999999999	0.2532920022364745	0.055430096000000005	0.15
1124.5	1	15	0.01402	0.25301145668179026	0.055412510500000005	0.15
1125.0	1	15	0.013999999999999999	0.2527307330048736	0.05539492500000001	0.15
1125.5	1	15	0.01398	0.2524498310360323	0.055377339500000004	0.15
1126.0	1	15	0.01396	0.25216875060535854	0.055359754000000004	0.15
1126.5	1	15	0.01394	0.2518874915427284	0.055342168500000004	0.15
1127.0	1	15	0.01392	0.25160605367780176	0.05532458300000001	0.15
1127.5	1	15	0.0139	0.25132443684002187	0.0553069975	0.15
1128.0	1	15	0.01388	0.251042640858615	0.055289412	0.15
1128.5	1	15	0.013859999999999999	0.25076066556258997	0.05527182650000001	0.15
1129.0	1	15	0.01384	0.2504785107807381	0.055254241	0.15
1129.5	1	15	0.013819999999999999	0.2501961763416324	0.0552366555	0.15
1130.0	1	15	0.0138	0.2499136620736278	0.05521907	0.15
1130.5	1	15	0.013779999999999999	0.24963096780486035	0.0552014845	0.15
1131.0	1	15	0.01376	0.24934809336324712	0.055183898999999995	0.15
1131.5	1	15	0.013739999999999999	0.2490650385764856	0.0551663135	0.15
1132.0	1	15	0.01372	0.2487818032720537	0.055148727999999994	0.15
1132.5	1	15	0.013699999999999999	0.24849838727720905	0.055131142499999994	0.15
1133.0	1	15	0.01368	0.24821479041898892	0.055113556999999994	0.15
1133.5	1	15	0.013659999999999999	0.24793101252420965	0.0550959715	0.15
1134.0	1	15	0.01364	0.24764705341946655	0.055078386	0.15
1134.5	1	15	0.01362	0.2473629129311333	0.05506080049999999	0.15
1135.0	1	15	0.0136	0.2470785908853616	0.055043215000000006	0.15
1135.5	1	15	0.01358	0.24679408710808112	0.05502562950000001	0.15
1136.0	1	15	0.01356	0.24650940142499883	0.055008044000000006	0.15
1136.5	1	15	0.01354	0.24622453366159874	0.05499045850000001	0.15
1137.0	1	15	0.013519999999999999	0.24593948364314155	0.05497287300000001	0.15
1137.5	1	15	0.0135	0.24565425119466436	0.054955287500000005	0.15
1138.0	1	15	0.013479999999999999	0.24536883614098015	0.054937702	0.15
1138.5	1	15	0.01346	0.24508323830667764	0.05492011650000001	0.15
1139.0	1	15	0.013439999999999999	0.24479745751612067	0.054902531000000004	0.15
1139.5	1	15	0.01342	0.24451149359344812	0.0548849455	0.15
1140.0	1	15	0.013399999999999999	0.24422534636257326	0.054867360000000004	0.15
1140.5	1	15	0.01338	0.24393901564718373	0.054849774500000004	0.15
1141.0	1	15	0.013359999999999999	0.24365250127074076	0.05483218900000001	0.15
1141.5	1	15	0.01334	0.24336580305647926	0.05481460350000001	0.15
1142.0	1	15	0.013319999999999999	0.24307892082740704	0.054797017999999996	0.15
1142.5	1	15	0.0133	0.24279185440630474	0.0547794325	0.15
1143.0	1	15	0.01328	0.24250460361572537	0.054761847	0.15
1143.5	1	15	0.01326	0.24221716827799383	0.054744261499999995	0.15
1144.0	1	15	0.01324	0.2419295482152068	0.054726676	0.15
1144.5	1	15	0.013219999999999999	0.24164174324923202	0.054709090499999995	0.15
1145.0	1	15	0.0132	0.24135375320170838	0.054691504999999994	0.15
1145.5	1	15	0.013179999999999999	0.24106557789404506	0.0546739195	0.15
1146.0	1	15	0.01316	0.24077721714742156	0.054656334	0.15
1146.5	1	15	0.013139999999999999	0.24048867078278705	0.0546387485	0.15
1147.0	1	15	0.01312	0.2401999386208602	0.054621163	0.15
1147.5	1	15	0.013099999999999999	0.23991102048212865	0.0546035775	0.15
1148.0	1	15	0.01308	0.2396219161868488	0.054585992	0.15
1148.5	1	15	0.013059999999999999	0.23933262555504528	0.05456840649999999	0.15
1149.0	1	15	0.01304	0.2390431484065107	0.054550821	0.15
1149.5	1	15	0.01302	0.23875348456080514	0.05453323549999999	0.15
1150.0	1	15	0.013	0.2384636338372559	0.05451565	0.15
1150.5	1	15	0.012979999999999998	0.23817359605495708	0.054498064500000006	0.15
1151.0	1	15	0.01296	0.23788337103276933	0.054480479000000005	0.15
1151.5	1	15	0.01294	0.23759295858931914	0.05446289350000001	0.15
1152.0	1	15	0.01292	0.23730235854299875	0.054445308000000005	0.15
1152.5	1	15	0.012899999999999998	0.2370115707119657	0.0544277225	0.15
1153.0	1	15	0.012879999999999999	0.23672059491414252	0.054410137000000004	0.15
1153.5	1	15	0.01286	0.23642943096721614	0.054392551500000004	0.15
1154.0	1	15	0.012839999999999999	0.23613807868863768	0.05437496600000001	0.15
1154.5	1	15	0.01282	0.23584653789562207	0.05435738050000001	0.15
1155.0	1	15	0.012799999999999999	0.23555480840514761	0.054339794999999996	0.15
1155.5	1	15	0.01278	0.23526289003395562	0.0543222095	0.15
1156.0	1	15	0.012759999999999999	0.23497078259854995	0.054304624	0.15
1156.5	1	15	0.01274	0.23467848591519685	0.0542870385	0.15
1157.0	1	15	0.012719999999999999	0.23438599979992425	0.054269452999999995	0.15
1157.5	1	15	0.0127	0.23409332406852168	0.054251867499999995	0.15
1158.0	1	15	0.01268	0.23380045853653966	0.054234282	0.15
1158.5	1	15	0.01266	0.23350740301928943	0.05421669650000001	0.15
1159.0	1	15	0.012639999999999998	0.23321415733184256	0.054199110999999994	0.15
1159.5	1	15	0.01262	0.2329207212890305	0.0541815255	0.15
1160.0	1	15	0.0126	0.23262709470544424	0.05416394	0.15
1160.5	1	15	0.01258	0.23233327739543388	0.054146354499999994	0.15
1161.0	1	15	0.012559999999999998	0.23203926917310827	0.05412876899999999	0.15
1161.5	1	15	0.012539999999999999	0.23174506985233467	0.0541111835	0.15
1162.0	1	15	0.01252	0.2314506792467382	0.05409359800000001	0.15
1162.5	1	15	0.012499999999999999	0.23115609716970162	0.0540760125	0.15
1163.0	1	15	0.01248	0.23086132343436483	0.054058427	0.15
1163.5	1	15	0.012459999999999999	0.23056635785362445	0.054040841500000006	0.15
1164.0	1	15	0.01244	0.2302712002401336	0.054023256000000006	0.15
1164.5	1	15	0.012419999999999999	0.22997585040630128	0.054005670500000005	0.15
1165.0	1	15	0.0124	0.22968030816429214	0.05398808500000001	0.15
1165.5	1	15	0.012379999999999999	0.22938457332602596	0.05397049950000001	0.15
1166.0	1	15	0.01236	0.22908864570317738	0.053952914000000005	0.15
1166.5	1	15	0.01234	0.22879252510717532	0.05393532850000001	0.15
1167.0	1	15	0.01232	0.22849621134920278	0.053917743000000004	0.15
1167.5	1	15	0.012299999999999998	0.22819970424019628	0.05390015750000001	0.15
1168.0	1	15	0.01228	0.22790300359084564	0.053882572000000004	0.15
1168.5	1	15	0.01226	0.2276061092115933	0.0538649865	0.15
1169.0	1	15	0.01224	0.22730902091263416	0.053847401	0.15
1169.5	1	15	0.012219999999999998	0.22701173850391512	0.0538298155	0.15
1170.0	1	15	0.012199999999999999	0.22671426179513465	0.05381223	0.15
1170.5	1	15	0.01218	0.2264165905957423	0.0537946445	0.15
1171.0	1	15	0.012159999999999999	0.22611872471493835	0.053777059	0.15
1171.5	1	15	0.01214	0.22582066396167363	0.0537594735	0.15
1172.0	1	15	0.012119999999999999	0.22552240814464872	0.053741887999999995	0.15
1172.5	1	15	0.0121	0.22522395707231377	0.0537243025	0.15
1173.0	1	15	0.012079999999999999	0.22492531055286807	0.053706716999999994	0.15
1173.5	1	15	0.01206	0.22462646839425962	0.0536891315	0.15
1174.0	1	15	0.012039999999999999	0.2243274304041847	0.05367154600000001	0.15
1174.5	1	15	0.01202	0.22402819639008753	0.0536539605	0.15
1175.0	1	15	0.012	0.2237287661591597	0.05363637500000001	0.15
1175.5	1	15	0.01198	0.22342913951833993	0.0536187895	0.15
1176.0	1	15	0.011959999999999998	0.2231293162743135	0.053601204	0.15
1176.5	1	15	0.01194	0.2228292962335121	0.0535836185	0.15
1177.0	1	15	0.01192	0.22252907920211304	0.053566033	0.15
1177.5	1	15	0.011899999999999999	0.22222866498603902	0.0535484475	0.15
1178.0	1	15	0.011879999999999998	0.2219280533909579	0.053530862	0.15
1178.5	1	15	0.011859999999999999	0.22162724422228192	0.0535132765	0.15
1179.0	1	15	0.01184	0.22132623728516748	0.053495691	0.15
1179.5	1	15	0.011819999999999999	0.2210250323845148	0.053478105500000005	0.15
1180.0	1	15	0.0118	0.22072362932496725	0.053460520000000004	0.15
1180.5	1	15	0.011779999999999999	0.22042202791091117	0.053442934500000004	0.15
1181.0	1	15	0.01176	0.22012022794647534	0.05342534900000001	0.15
1181.5	1	15	0.011739999999999999	0.2198182292355305	0.053407763500000004	0.15
1182.0	1	15	0.01172	0.21951603158168903	0.05339017800000001	0.15
1182.5	1	15	0.011699999999999999	0.21921363478830447	0.0533725925	0.15
1183.0	1	15	0.01168	0.21891103865847114	0.05335500700000001	0.15
1183.5	1	15	0.01166	0.21860824299502365	0.05333742150000001	0.15
1184.0	1	15	0.01164	0.2183052476005365	0.053319836	0.15
1184.5	1	15	0.011619999999999998	0.2180020522773236	0.0533022505	0.15
1185.0	1	15	0.0116	0.21769865682743805	0.053284664999999995	0.15
1185.5	1	15	0.01158	0.21739506105267137	0.053267079499999995	0.15
1186.0	1	15	0.011559999999999999	0.21709126475455331	0.05324949400000001	0.15
1186.5	1	15	0.011539999999999998	0.21678726773435145	0.0532319085	0.15
1187.0	1	15	0.011519999999999999	0.21648306979307053	0.053214323	0.15
1187.5	1	15	0.0115	0.21617867073145228	0.0531967375	0.15
1188.0	1	15	0.011479999999999999	0.21587407034997472	0.053179152	0.15
1188.5	1	15	0.01146	0.21556926844885205	0.05316156649999999	0.15
1189.0	1	15	0.011439999999999999	0.21526426482803385	0.053143981	0.15
1189.5	1	15	0.01142	0.214959059287205	0.05312639549999999	0.15
1190.0	1	15	0.011399999999999999	0.21465365162578484	0.053108810000000006	0.15
1190.5	1	15	0.01138	0.21434804164292726	0.0530912245	0.15
1191.0	1	15	0.011359999999999999	0.21404222913751964	0.053073639	0.15
1191.5	1	15	0.01134	0.21373621390818298	0.05305605349999999	0.15
1192.0	1	15	0.01132	0.21342999575327098	0.05303846800000001	0.15
1192.5	1	15	0.0113	0.21312357447087	0.05302088250000001	0.15
1193.0	1	15	0.011279999999999998	0.21281694985879834	0.05300329700000001	0.15
1193.5	1	15	0.01126	0.21251012171460598	0.052985711500000005	0.15
1194.0	1	15	0.01124	0.21220308983557393	0.052968126000000004	0.15
1194.5	1	15	0.011219999999999999	0.21189585401871391	0.052950540500000004	0.15
1195.0	1	15	0.011199999999999998	0.21158841406076795	0.05293295500000001	0.15
1195.5	1	15	0.011179999999999999	0.21128076975820792	0.052915369500000003	0.15
1196.0	1	15	0.01116	0.21097292090723496	0.052897784	0.15
1196.5	1	15	0.011139999999999999	0.2106648673037791	0.05288019850000001	0.15
1197.0	1	15	0.01112	0.2103566087434989	0.052862613	0.15
1197.5	1	15	0.011099999999999999	0.21004814502178087	0.0528450275	0.15
1198.0	1	15	0.01108	0.20973947593373912	0.052827442	0.15
1198.5	1	15	0.01106	0.20943060127421478	0.0528098565	0.15
1199.0	1	15	0.01104	0.20912152083777566	0.052792270999999995	0.15
1199.5	1	15	0.011019999999999999	0.20881223441871574	0.0527746855	0.15
1200.0	1	15	0.011	0.2085027418110548	0.052757099999999994	0.15
#mass result channel_or_id theo_cross_section ratio observed_limit
600.0	0	15	0.114	1.2837433053912715	0.0888028	0.2
600.5	0	15	0.11404	1.2874476339367766	0.08857836	0.2
601.0	0	15	0.11408	1.291170782235808	0.08835392	0.2
601.5	0	15	0.11412	1.2949128940735837	0.08812947999999998	0.2
602.0	0	15	0.11416	1.2986741147037757	0.08790504	0.2
602.5	0	15	0.11420000000000001	1.302454590867307	0.08768060000000001	0.2
603.0	0	15	0.11424000000000001	1.3062544708114328	0.08745616000000002	0.2
603.5	0	15	0.11428	1.3100739043091207	0.08723171999999998	0.2
604.0	0	15	0.11432	1.3139130426787275	0.08700728	0.2
604.5	0	15	0.11436	1.3177720388039849	0.08678284	0.2
605.0	0	15	0.1144	1.321651047154291	0.08655840000000002	0.2
605.5	0	15	0.11444	1.3255502238053252	0.08633396	0.2
606.0	0	15	0.11448	1.3294697264599777	0.08610952000000001	0.2
606.5	0	15	0.11452	1.3334097144696144	0.08588508	0.2
607.0	0	15	0.11456000000000001	1.3373703488556707	0.08566063999999998	0.2
607.5	0	15	0.11460000000000001	1.3413517923315879	0.0854362	0.2
608.0	0	15	0.11464	1.3453542093250979	0.08521176	0.2
608.5	0	15	0.11468	1.3493777660008575	0.08498732	0.2
609.0	0	15	0.11472	1.353422630283445	0.08476288	0.2
609.5	0	15	0.11476	1.3574889718807206	0.08453844	0.2
610.0	0	15	0.1148	1.3615769623075646	0.084314	0.2
610.5	0	15	0.11484	1.3656867749099886	0.08408956000000001	0.2
611.0	0	15	0.11488	1.3698185848896418	0.08386512	0.2
611.5	0	15	0.11492000000000001	1.3739725693287046	0.08364068000000001	0.2
612.0	0	15	0.11496	1.3781489072151898	0.08341624	0.2
612.5	0	15	0.115	1.3823477794686494	0.08319180000000002	0.2
613.0	0	15	0.11504	1.386569368966302	0.08296736	0.2
613.5	0	15	0.11508	1.3908138605695812	0.08274292	0.2
614.0	0	15	0.11512	1.3950814411511214	0.08251848	0.2
614.5	0	15	0.11516	1.399372299622184	0.08229404	0.2
615.0	0	15	0.1152	1.4036866269605308	0.0820696	0.2
615.5	0	15	0.11524	1.408024616238761	0.08184516	0.2
616.0	0	15	0.11528000000000001	1.4123864626531106	0.08162072000000001	0.2
616.5	0	15	0.11532	1.4167723635527325	0.08139628	0.2
617.0	0	15	0.11536	1.4211825184694593	0.08117184	0.2
617.5	0	15	0.1154	1.425617129148064	0.0809474	0.2
618.0	0	15	0.11544	1.4300763995770223	0.08072296000000001	0.2
618.5	0	15	0.11548	1.4345605360197926	0.08049852	0.2
619.0	0	15	0.11552	1.4390697470466183	0.08027408	0.2
619.5	0	15	0.11556	1.4436042435668666	0.08004964	0.2
620.0	0	15	0.1156	1.448164238861913	0.07982520000000001	0.2
620.5	0	15	0.11563999999999999	1.4527499486185809	0.07960076	0.2
621.0	0	15	0.11568	1.4573615909631488	0.07937632	0.2
621.5	0	15	0.11572	1.4619993864959366	0.07915188	0.2
622.0	0	15	0.11576	1.466663558326483	0.07892744	0.2
622.5	0	15	0.1158	1.4713543321093223	0.07870300000000001	0.2
623.0	0	15	0.11584	1.4760719360803765	0.07847856	0.2
623.5	0	15	0.11588	1.480816601093974	0.07825412000000001	0.2
624.0	0	15	0.11592	1.4855885606605075	0.07802968	0.2
624.5	0	15	0.11596	1.4903880509847405	0.07780524000000001	0.2
625.0	0	15	0.11599999999999999	1.4952153110047846	0.0775808	0.2
625.5	0	15	0.11604	1.4983512325875743	0.077445126	0.2
626.0	0	15	0.11608	1.5014981609234535	0.077309452	0.2
626.5	0	15	0.11612	1.5046561540631067	0.077173778	0.2
627.0	0	15	0.11616	1.5078252704661577	0.07703810400000001	0.2
627.5	0	15	0.1162	1.5110055690047763	0.07690243000000002	0.2
628.0	0	15	0.11624	1.5141971089673243	0.076766756	0.2
628.5	0	15	0.11628	1.5173999500620388	0.076631082	0.2
629.0	0	15	0.11631999999999999	1.520614152420757	0.076495408	0.2
629.5	0	15	0.11635999999999999	1.523839776602679	0.076359734	0.2
630.0	0	15	0.1164	1.5270768835981707	0.07622406000000001	0.2
630.5	0	15	0.11644	1.5303255348326088	0.07608838600000001	0.2
631.0	0	15	0.11648	1.533585792170265	0.075952712	0.2
631.5	0	15	0.11652	1.5368577179182334	0.075817038	0.2
632.0	0	15	0.11656	1.5401413748304007	0.075681364	0.2
632.5	0	15	0.1166	1.5434368261114564	0.07554569000000001	0.2
633.0	0	15	0.11664	1.5467441354209497	0.07541001600000001	0.2
633.5	0	15	0.11667999999999999	1.550063366877388	0.07527434200000001	0.2
634.0	0	15	0.11671999999999999	1.5533945850623807	0.075138668	0.2
634.5	0	15	0.11676	1.5567378550248274	0.075002994	0.2
635.0	0	15	0.1168	1.560093242285152	0.07486732	0.2
635.5	0	15	0.11684	1.5634608128395835	0.074731646	0.2
636.0	0	15	0.11688	1.5668406331644822	0.07459597200000001	0.2
636.5	0	15	0.11692	1.5702327702207153	0.07446029800000001	0.2
637.0	0	15	0.11696	1.573637291458077	0.074324624	0.2
637.5	0	15	0.11699999999999999	1.5770542648197607	0.07418895	0.2
638.0	0	15	0.11703999999999999	1.5804837587468783	0.074053276	0.2
638.5	0	15	0.11707999999999999	1.5839258421830296	0.073917602	0.2
639.0	0	15	0.11712	1.587380584578923	0.073781928	0.2
639.5	0	15	0.11716	1.5908480558970453	0.073646254	0.2
640.0	0	15	0.1172	1.5943283266163861	0.07351058000000002	0.2
640.5	0	15	0.11724	1.5978214677372125	0.073374906	0.2
641.0	0	15	0.11728	1.6013275507858957	0.07323923199999999	0.2
641.5	0	15	0.11732	1.6048466478197956	0.073103558	0.2
642.0	0	15	0.11735999999999999	1.6083788314321956	0.072967884	0.2
642.5	0	15	0.11739999999999999	1.6119241747572945	0.07283221000000001	0.2
643.0	0	15	0.11743999999999999	1.6154827514752557	0.072696536	0.2
643.5	0	15	0.11748	1.6190546358173088	0.072560862	0.2
644.0	0	15	0.11752	1.6226399025709122	0.072425188	0.2
644.5	0	15	0.11756	1.6262386270849738	0.072289514	0.2
645.0	0	15	0.1176	1.6298508852751288	0.07215384	0.2
645.5	0	15	0.11764	1.633476753629077	0.07201816600000001	0.2
646.0	0	15	0.11767999999999999	1.6371163092119843	0.071882492	0.2
646.5	0	15	0.11771999999999999	1.6407696296719387	0.071746818	0.2
647.0	0	15	0.11775999999999999	1.6444367932454758	0.07161114399999999	0.2
647.5	0	15	0.11779999999999999	1.6481178787631616	0.07147547	0.2
648.0	0	15	0.11784	1.6518129656552425	0.071339796	0.2
648.5	0	15	0.11788	1.655522133957357	0.07120412200000001	0.2
649.0	0	15	0.11792	1.6592454643163164	0.071068448	0.2
649.5	0	15	0.11796	1.662983037995948	0.070932774	0.2
650.0	0	15	0.118	1.6667349368830078	0.0707971	0.2
650.5	0	15	0.117889	1.6661036623471028	0.07075730200000001	0.2
651.0	0	15	0.117778	1.6654716772809175	0.070717504	0.2
651.5	0	15	0.117667	1.664838980484171	0.070677706	0.2
652.0	0	15	0.117556	1.664205570753879	0.070637908	0.2
652.5	0	15	0.117445	1.6635714468843428	0.07059810999999999	0.2
653.0	0	15	0.117334	1.6629366076671448	0.070558312	0.2
653.5	0	15	0.117223	1.6623010518911387	0.070518514	0.2
654.0	0	15	0.117112	1.6616647783424432	0.070478716	0.2
654.5	0	15	0.117001	1.6610277858044324	0.070438918	0.2
655.0	0	15	0.11689	1.6603900730577315	0.07039912	0.2
655.5	0	15	0.116779	1.659751638880204	0.070359322	0.2
656.0	0	15	0.116668	1.6591124820469492	0.07031952399999998	0.2
656.5	0	15	0.116557	1.6584726013302897	0.070279726	0.2
657.0	0	15	0.116446	1.6578319954997673	0.07023992800000001	0.2
657.5	0	15	0.116335	1.6571906633221334	0.07020013	0.2
658.0	0	15	0.116224	1.65654860356134	0.070160332	0.2
658.5	0	15	0.116113	1.655905814978534	0.070120534	0.2
659.0	0	15	0.116002	1.6552622963320474	0.070080736	0.2
659.5	0	15	0.115891	1.6546180463773914	0.070040938	0.2
660.0	0	15	0.11578	1.6539730638672454	0.07000114	0.2
660.5	0	15	0.115669	1.653327347551452	0.069961342	0.2
661.0	0	15	0.115558	1.6526808961770065	0.069921544	0.2
661.5	0	15	0.115447	1.6520337084880508	0.069881746	0.2
662.0	0	15	0.115336	1.651385783225863	0.069841948	0.2
662.5	0	15	0.115225	1.6507371191288518	0.06980215000000001	0.2
663.0	0	15	0.115114	1.650087714932547	0.069762352	0.2
663.5	0	15	0.115003	1.64943756936959	0.06972255400000002	0.2
664.0	0	15	0.114892	1.6487866811697287	0.069682756	0.2
664.5	0	15	0.114781	1.6481350490598057	0.069642958	0.2
665.0	0	15	0.11467	1.6474826717637532	0.06960316	0.2
665.5	0	15	0.114559	1.646829548002582	0.06956336199999999	0.2
666.0	0	15	0.114448	1.6461756764943754	0.069523564	0.2
666.5	0	15	0.114337	1.6455210559542786	0.06948376599999999	0.2
667.0	0	15	0.114226	1.6448656850944923	0.069443968	0.2
667.5	0	15	0.114115	1.644209562624263	0.06940417	0.2
668.0	0	15	0.114004	1.6435526872498754	0.069364372	0.2
668.5	0	15	0.113893	1.6428950576746422	0.069324574	0.2
669.0	0	15	0.113782	1.642236672598898	0.069284776	0.2
669.5	0	15	0.113671	1.6415775307199896	0.069244978	0.2
670.0	0	15	0.11356	1.6409176307322657	0.06920518	0.2
670.5	0	15	0.113449	1.6402569713270723	0.069165382	0.2
671.0	0	15	0.113338	1.6395955511927391	0.069125584	0.2
671.5	0	15	0.113227	1.6389333690145755	0.06908578600000001	0.2
672.0	0	15	0.113116	1.6382704234748584	0.069045988	0.2
672.5	0	15	0.113005	1.6376067132528256	0.06900619	0.2
673.0	0	15	0.112894	1.6369422370246656	0.06896639199999999	0.2
673.5	0	15	0.112783	1.63627699346351	0.068926594	0.2
674.0	0	15	0.112672	1.6356109812394235	0.068886796	0.2
674.5	0	15	0.112561	1.6349441990193967	0.06884699799999999	0.2
675.0	0	15	0.11245	1.6342766454673348	0.0688072	0.2
675.5	0	15	0.112339	1.6350571720571394	0.06870646600000001	0.2
676.0	0	15	0.112228	1.6358399907459626	0.068605732	0.2
676.5	0	15	0.112117	1.6366251116451387	0.068504998	0.2
677.0	0	15	0.112006	1.637412544925562	0.06840426399999999	0.2
677.5	0	15	0.111895	1.6382023008181275	0.06830353	0.2
678.0	0	15	0.111784	1.6389943896141737	0.068202796	0.2
678.5	0	15	0.111673	1.6397888216659282	0.068102062	0.2
679.0	0	15	0.111562	1.6405856073869616	0.068001328	0.2
679.5	0	15	0.111451	1.6413847572526392	0.06790059399999998	0.2
680.0	0	15	0.11134	1.6421862818005817	0.06779986	0.2
680.5	0	15	0.111229	1.6429901916311298	0.067699126	0.2
681.0	0	15	0.111118	1.6437964974078083	0.067598392	0.2
681.5	0	15	0.111007	1.6446052098577997	0.067497658	0.2
682.0	0	15	0.110896	1.6454163397724204	0.067396924	0.2
682.5	0	15	0.110785	1.6462298980075991	0.06729618999999999	0.2
683.0	0	15	0.110674	1.6470458954843612	0.067195456	0.2
683.5	0	15	0.110563	1.6478643431893198	0.06709472199999998	0.2
684.0	0	15	0.110452	1.6486852521751656	0.06699398799999998	0.2
684.5	0	15	0.110341	1.649508633561166	0.066893254	0.2
685.0	0	15	0.11023	1.6503344985336683	0.06679252	0.2
685.5	0	15	0.110119	1.6511628583466034	0.066691786	0.2
686.0	0	15	0.110008	1.6519937243220004	0.066591052	0.2
686.5	0	15	0.109897	1.6528271078504995	0.06649031799999999	0.2
687.0	0	15	0.109786	1.6536630203918734	0.066389584	0.2
687.5	0	15	0.109675	1.6545014734755543	0.06628885	0.2
688.0	0	15	0.109564	1.6553424787011615	0.06618811599999999	0.2
688.5	0	15	0.109453	1.6561860477390373	0.066087382	0.2
689.0	0	15	0.109342	1.657032192330788	0.065986648	0.2
689.5	0	15	0.109231	1.6578809242898265	0.06588591399999999	0.2
690.0	0	15	0.10912	1.658732255501923	0.06578518	0.2
690.5	0	15	0.109009	1.6595861979257618	0.06568444599999998	0.2
691.0	0	15	0.108898	1.660442763593497	0.065583712	0.2
691.5	0	15	0.108787	1.6613019646113223	0.065482978	0.2
692.0	0	15	0.108676	1.6621638131600378	0.06538224399999999	0.2
692.5	0	15	0.108565	1.663028321495627	0.06528151	0.2
693.0	0	15	0.108454	1.6638955019498387	0.065180776	0.2
693.5	0	15	0.108343	1.6647653669307714	0.06508004199999999	0.2
694.0	0	15	0.108232	1.6656379289234657	0.06497930800000001	0.2
694.5	0	15	0.108121	1.666513200490504	0.064878574	0.2
695.0	0	15	0.10801	1.6673911942726094	0.06477783999999999	0.2
695.5	0	15	0.107899	1.6682719229892569	0.064677106	0.2
696.0	0	15	0.107788	1.6691553994392874	0.06457637199999999	0.2
696.5	0	15	0.107677	1.6700416365015263	0.064475638	0.2
697.0	0	15	0.107566	1.6709306471354117	0.064374904	0.2
697.5	0	15	0.107455	1.6718224443816234	0.06427416999999999	0.2
698.0	0	15	0.107344	1.672717041362722	0.064173436	0.2
698.5	0	15	0.107233	1.6736144512837932	0.064072702	0.2
699.0	0	15	0.107122	1.6745146874330958	0.06397196799999999	0.2
699.5	0	15	0.107011	1.6754177631827185	0.063871234	0.2
700.0	0	15	0.1069	1.6763236919892428	0.0637705	0.2
700.5	0	15	0.106733	1.6694679613186092	0.06393234399999999	0.2
701.0	0	15	0.106566	1.6626468534089238	0.064094188	0.2
701.5	0	15	0.106399	1.6558601066433734	0.06425603199999999	0.2
702.0	0	15	0.106232	1.649107462034296	0.064417876	0.2
702.5	0	15	0.10606499999999999	1.64238866319024	0.06457972	0.2
703.0	0	15	0.10589799999999999	1.635703456283509	0.06474156399999999	0.2
703.5	0	15	0.10573099999999999	1.6290515900182005	0.064903408	0.2
704.0	0	15	0.10556399999999999	1.6224328155987162	0.065065252	0.2
704.5	0	15	0.10539699999999999	1.6158468866987423	0.065227096	0.2
705.0	0	15	0.10522999999999999	1.6092935594306927	0.06538893999999999	0.2
705.5	0	15	0.10506299999999999	1.6027725923156004	0.06555078400000001	0.2
706.0	0	15	0.10489599999999999	1.5962837462534598	0.065712628	0.2
706.5	0	15	0.10472899999999999	1.5898267844939995	0.06587447199999999	0.2
707.0	0	15	0.10456199999999999	1.5834014726078904	0.066036316	0.2
707.5	0	15	0.104395	1.5770075784583744	0.06619815999999999	0.2
708.0	0	15	0.104228	1.5706448721733048	0.06636000400000001	0.2
708.5	0	15	0.104061	1.5643131261176029	0.066521848	0.2
709.0	0	15	0.103894	1.5580121148661057	0.06668369199999999	0.2
709.5	0	15	0.103727	1.551741615176816	0.06684553600000001	0.2
710.0	0	15	0.10356	1.5455014059645373	0.06700737999999999	0.2
710.5	0	15	0.103393	1.5392912682748874	0.067169224	0.2
711.0	0	15	0.103226	1.5331109852586924	0.067331068	0.2
711.5	0	15	0.103059	1.526960342146743	0.06749291199999999	0.2
712.0	0	15	0.102892	1.5208391262249177	0.067654756	0.2
712.5	0	15	0.102725	1.5147471268096604	0.06781659999999999	0.2
713.0	0	15	0.102558	1.5086841352238072	0.067978444	0.2
713.5	0	15	0.102391	1.5026499447727606	0.068140288	0.2
714.0	0	15	0.102224	1.4966443507209997	0.06830213199999999	0.2
714.5	0	15	0.102057	1.490667150268924	0.068463976	0.2
715.0	0	15	0.10189	1.4847181425300275	0.06862581999999998	0.2
715.5	0	15	0.101723	1.4787971285083907	0.068787664	0.2
716.0	0	15	0.101556	1.4729039110764939	0.06894950799999999	0.2
716.5	0	15	0.10138899999999999	1.4670382949533383	0.06911135200000001	0.2
717.0	0	15	0.10122199999999999	1.461200086682878	0.069273196	0.2
717.5	0	15	0.10105499999999999	1.455389094612749	0.06943503999999998	0.2
718.0	0	15	0.10088799999999999	1.4496051288732983	0.069596884	0.2
718.5	0	15	0.10072099999999999	1.4438480013569055	0.06975872799999999	0.2
719.0	0	15	0.10055399999999999	1.438117525697587	0.069920572	0.2
719.5	0	15	0.10038699999999999	1.4324135172508892	0.070082416	0.2
720.0	0	15	0.10021999999999999	1.4267357930740534	0.07024425999999999	0.2
720.5	0	15	0.10005299999999999	1.4210841719064584	0.070406104	0.2
721.0	0	15	0.099886	1.4154584741503327	0.07056794799999999	0.2
721.5	0	15	0.099719	1.4098585218517254	0.070729792	0.2
722.0	0	15	0.099552	1.4042841386817482	0.070891636	0.2
722.5	0	15	0.099385	1.398735149918062	0.07105347999999999	0.2
723.0	0	15	0.099218	1.393211382426625	0.071215324	0.2
723.5	0	15	0.099051	1.3877126646436857	0.07137716799999999	0.2
724.0	0	15	0.098884	1.3822388265580186	0.071539012	0.2
724.5	0	15	0.098717	1.3767896996934041	0.071700856	0.2
725.0	0	15	0.09855	1.3713651170913421	0.0718627	0.2
725.5	0	15	0.098383	1.3659649132940017	0.07202454399999998	0.2
726.0	0	15	0.098216	1.3605889243273954	0.072186388	0.2
726.5	0	15	0.098049	1.3552369876847854	0.072348232	0.2
727.0	0	15	0.097882	1.3499089423103074	0.07251007599999999	0.2
727.5	0	15	0.097715	1.3446046285828144	0.07267192	0.2
728.0	0	15	0.097548	1.3393238882999374	0.072833764	0.2
728.5	0	15	0.097381	1.3340665646623562	0.07299560799999999	0.2
729.0	0	15	0.097214	1.3288325022582799	0.073157452	0.2
729.5	0	15	0.097047	1.3236215470481332	0.07331929599999999	0.2
730.0	0	15	0.09688	1.318433546349444	0.07348114	0.2
730.5	0	15	0.096713	1.3132683488219326	0.073642984	0.2
731.0	0	15	0.09654599999999999	1.3081258044527928	0.07380482799999999	0.2
731.5	0	15	0.09637899999999999	1.303005764542171	0.073966672	0.2
732.0	0	15	0.09621199999999999	1.2979080816888335	0.07412851599999999	0.2
732.5	0	15	0.09604499999999999	1.2928326097760192	0.07429036	0.2
733.0	0	15	0.09587799999999999	1.2877792039574811	0.074452204	0.2
733.5	0	15	0.09571099999999999	1.2827477206437052	0.07461404799999997	0.2
734.0	0	15	0.09554399999999999	1.2777380174883102	0.074775892	0.2
734.5	0	15	0.09537699999999999	1.2727499533746256	0.07493773599999999	0.2
735.0	0	15	0.09520999999999999	1.2677833884024383	0.07509958	0.2
735.5	0	15	0.09504299999999999	1.2628381838749156	0.075261424	0.2
736.0	0	15	0.09487599999999999	1.2579142022856926	0.07542326799999999	0.2
736.5	0	15	0.094709	1.2530113073061266	0.07558511200000001	0.2
737.0	0	15	0.094542	1.2481293637727173	0.07574695599999999	0.2
737.5	0	15	0.094375	1.2432682376746833	0.0759088	0.2
738.0	0	15	0.094208	1.2384277961417023	0.07607064399999999	0.2
738.5	0	15	0.094041	1.2336079074318025	0.076232488	0.2
739.0	0	15	0.093874	1.2288084409194129	0.07639433199999998	0.2
739.5	0	15	0.093707	1.2240292670835597	0.07655617599999999	0.2
740.0	0	15	0.09354	1.219270257496218	0.07671802	0.2
740.5	0	15	0.093373	1.2145312848108056	0.07687986399999999	0.2
741.0	0	15	0.093206	1.2098122227508248	0.077041708	0.2
741.5	0	15	0.093039	1.2051129460986458	0.077203552	0.2
742.0	0	15	0.092872	1.2004333306844315	0.077365396	0.2
742.5	0	15	0.092705	1.1957732533752008	0.07752724	0.2
743.0	0	15	0.092538	1.191132592064028	0.07768908399999998	0.2
743.5	0	15	0.092371	1.1865112256593782	0.077850928	0.2
744.0	0	15	0.092204	1.1819090340745744	0.078012772	0.2
744.5	0	15	0.092037	1.1773258982173957	0.07817461599999999	0.2
745.0	0	15	0.09187	1.172761699979805	0.07833646000000001	0.2
745.5	0	15	0.09170299999999999	1.1682163222278026	0.07849830399999999	0.2
746.0	0	15	0.09153599999999999	1.1636896487914057	0.078660148	0.2
746.5	0	15	0.09136899999999999	1.1591815644547527	0.078821992	0.2
747.0	0	15	0.09120199999999999	1.154691954946326	0.078983836	0.2
747.5	0	15	0.09103499999999999	1.150220706929298	0.07914568	0.2
748.0	0	15	0.090868	1.1457677079919935	0.07930752399999999	0.2
748.5	0	15	0.090701	1.1413328466384685	0.07946936799999998	0.2
749.0	0	15	0.090534	1.1369160122792055	0.07963121199999999	0.2
749.5	0	15	0.090367	1.1325170952219201	0.079793056	0.2
750.0	0	15	0.0902	1.1281359866624812	0.0799549	0.2
750.5	0	15	0.090033	1.1237725786759383	0.080116744	0.2
751.0	0	15	0.089866	1.1194267642076614	0.080278588	0.2
751.5	0	15	0.089699	1.1150984370645847	0.08044043199999999	0.2
752.0	0	15	0.089532	1.1107874919065561	0.080602276	0.2
752.5	0	15	0.089365	1.1064938242377929	0.08076412	0.2
753.0	0	15	0.089198	1.1022173303984368	0.080925964	0.2
753.5	0	15	0.089031	1.0979579075562136	0.081087808	0.2
754.0	0	15	0.088864	1.0937154536981895	0.08124965199999999	0.2
754.5	0	15	0.088697	1.0894898676226266	0.08141149600000001	0.2
755.0	0	15	0.08853	1.0852810489309375	0.08157334	0.2
755.5	0	15	0.088363	1.0810888980197317	0.08173518399999999	0.2
756.0	0	15	0.088196	1.0769133160729594	0.081897028	0.2
756.5	0	15	0.088029	1.072754205054147	0.08205887199999999	0.2
757.0	0	15	0.087862	1.0686114676987244	0.08222071600000001	0.2
757.5	0	15	0.087695	1.0644850075064431	0.08238256	0.2
758.0	0	15	0.087528	1.0603747287338825	0.08254440399999999	0.2
758.5	0	15	0.087361	1.0562805363870453	0.082706248	0.2
759.0	0	15	0.087194	1.0522023362140398	0.08286809200000002	0.2
759.5	0	15	0.087027	1.0481400346978467	0.08302993600000001	0.2
760.0	0	15	0.08685999999999999	1.0440935390491706	0.08319177999999998	0.2
760.5	0	15	0.08669299999999999	1.040062757199375	0.08335362399999999	0.2
761.0	0	15	0.08652599999999999	1.0360475977935009	0.08351546800000001	0.2
761.5	0	15	0.08635899999999999	1.0320479701833634	0.083677312	0.2
762.0	0	15	0.08619199999999999	1.0280637844207305	0.08383915599999998	0.2
762.5	0	15	0.08602499999999999	1.0240949512505804	0.08400099999999998	0.2
763.0	0	15	0.08585799999999999	1.0201413821044354	0.084162844	0.2
763.5	0	15	0.08569099999999999	1.0162029890937752	0.084324688	0.2
764.0	0	15	0.08552399999999999	1.012279685003522	0.084486532	0.2
764.5	0	15	0.08535699999999999	1.0083713832856047	0.08464837600000001	0.2
765.0	0	15	0.08518999999999999	1.004477998052593	0.08481021999999999	0.2
765.5	0	15	0.08502299999999999	1.0005994440714068	0.08497206399999999	0.2
766.0	1	15	0.084856	0.9967356367570958	0.085133908	0.2
766.5	1	15	0.084689	0.9928864921666908	0.085295752	0.2
767.0	1	15	0.084522	0.9890519269931254	0.085457596	0.2
767.5	1	15	0.084355	0.9852318585592245	0.08561943999999999	0.2
768.0	1	15	0.084188	0.9814262048117629	0.085781284	0.2
768.5	1	15	0.084021	0.9776348843155908	0.085943128	0.2
769.0	1	15	0.083854	0.9738578162478236	0.086104972	0.2
769.5	1	15	0.083687	0.9700949203921008	0.086266816	0.2
770.0	1	15	0.08352	0.9663461171329049	0.08642865999999999	0.2
770.5	1	15	0.083353	0.9626113274499476	0.08659050400000001	0.2
771.0	1	15	0.083186	0.9588904729126179	0.08675234799999999	0.2
771.5	1	15	0.083019	0.9551834756744905	0.08691419200000002	0.2
772.0	1	15	0.082852	0.9514902584678981	0.08707603599999998	0.2
772.5	1	15	0.082685	0.9478107445985621	0.08723787999999999	0.2
773.0	1	15	0.082518	0.9441448579402836	0.087399724	0.2
773.5	1	15	0.082351	0.9404925229296944	0.087561568	0.2
774.0	1	15	0.082184	0.9368536645610638	0.087723412	0.2
774.5	1	15	0.08201699999999999	0.9332282083811646	0.08788525600000001	0.2
775.0	1	15	0.08184999999999999	0.9296160804841954	0.08804709999999998	0.2
775.5	1	15	0.08168299999999999	0.926017207506758	0.088208944	0.2
776.0	1	15	0.08151599999999999	0.9224315166228912	0.088370788	0.2
776.5	1	15	0.081349	0.9188589355391581	0.088532632	0.2
777.0	1	15	0.081182	0.9152993924897872	0.08869447599999998	0.2
777.5	1	15	0.081015	0.9117528162318675	0.08885631999999999	0.2
778.0	1	15	0.080848	0.9082191360405951	0.089018164	0.2
778.5	1	15	0.080681	0.9046982817045721	0.089180008	0.2
779.0	1	15	0.080514	0.9011901835211565	0.08934185199999999	0.2
779.5	1	15	0.080347	0.8976947722918617	0.08950369599999998	0.2
780.0	1	15	0.08018	0.8942119793178072	0.08966553999999999	0.2
780.5	1	15	0.080013	0.8907417363952178	0.08982738399999998	0.2
781.0	1	15	0.079846	0.8872839758109715	0.089989228	0.2
781.5	1	15	0.079679	0.883838630338195	0.090151072	0.2
782.0	1	15	0.079512	0.8804056332319068	0.090312916	0.2
782.5	1	15	0.079345	0.876984918224707	0.09047476	0.2
783.0	1	15	0.079178	0.8735764195225143	0.090636604	0.2
783.5	1	15	0.079011	0.8701800718003462	0.090798448	0.2
784.0	1	15	0.078844	0.8667958101981467	0.090960292	0.2
784.5	1	15	0.078677	0.8634235703166573	0.09112213599999999	0.2
785.0	1	15	0.07851	0.8600632882133316	0.09128398	0.2
785.5	1	15	0.078343	0.8567149003982949	0.09144582399999998	0.2
786.0	1	15	0.078176	0.8533783438303439	0.09160766799999999	0.2
786.5	1	15	0.078009	0.850053555912992	0.09176951200000001	0.2
787.0	1	15	0.077842	0.8467404744905536	0.09193135599999999	0.2
787.5	1	15	0.077675	0.8434390378442708	0.09209319999999999	0.2
788.0	1	15	0.077508	0.8401491846884817	0.092255044	0.2
788.5	1	15	0.077341	0.836870854166827	0.09241688800000002	0.2
789.0	1	15	0.07717399999999999	0.8336039858484992	0.092578732	0.2
789.5	1	15	0.07700699999999999	0.8303485197245271	0.09274057599999999	0.2
790.0	1	15	0.07683999999999999	0.8271043962041031	0.09290242	0.2
790.5	1	15	0.07667299999999999	0.8238715561109471	0.09306426400000001	0.2
791.0	1	15	0.07650599999999999	0.8206499406797073	0.09322610800000002	0.2
791.5	1	15	0.07633899999999999	0.8174394915524006	0.093387952	0.2
792.0	1	15	0.07617199999999999	0.8142401507748879	0.09354979599999998	0.2
792.5	1	15	0.07600499999999999	0.811051860793387	0.09371164	0.2
793.0	1	15	0.07583799999999999	0.8078745644510221	0.093873484	0.2
793.5	1	15	0.07567099999999999	0.8047082049844074	0.09403532800000002	0.2
794.0	1	15	0.07550399999999999	0.8015527260202673	0.094197172	0.2
794.5	1	15	0.07533699999999999	0.7984080715720901	0.09435901599999998	0.2
795.0	1	15	0.07516999999999999	0.7952741860368175	0.09452086000000001	0.2
795.5	1	15	0.07500299999999999	0.7921510141915675	0.09468270399999999	0.2
796.0	1	15	0.074836	0.78903850119039	0.094844548	0.2
796.5	1	15	0.074669	0.7859365925610563	0.095006392	0.2
797.0	1	15	0.074502	0.7828452342018823	0.09516823599999999	0.2
797.5	1	15	0.074335	0.7797643723785819	0.09533008	0.2
798.0	1	15	0.074168	0.7766939537211544	0.095491924	0.2
798.5	1	15	0.074001	0.7736339252208025	0.095653768	0.2
799.0	1	15	0.073834	0.7705842342268815	0.095815612	0.2
799.5	1	15	0.073667	0.7675448284438796	0.095977456	0.2
800.0	1	15	0.0735	0.7645156559284288	0.0961393	0.2
800.5	1	15	0.0733885	0.7644312922215261	0.09600405	0.2
801.0	1	15	0.073277	0.7643466904769851	0.09586880000000002	0.2
801.5	1	15	0.0731655	0.7642618496859251	0.09573355	0.2
802.0	1	15	0.073054	0.7641767688337554	0.0955983	0.2
802.5	1	15	0.0729425	0.7640914469001356	0.09546305000000001	0.2
803.0	1	15	0.07283099999999999	0.7640058828589352	0.09532779999999999	0.2
803.5	1	15	0.07271949999999999	0.7639200756781911	0.09519255	0.2
804.0	1	15	0.07260799999999999	0.763834024320068	0.0950573	0.2
804.5	1	15	0.07249649999999999	0.7637477277408147	0.09492205	0.2
805.0	1	15	0.07238499999999999	0.7636611848907231	0.0947868	0.2
805.5	1	15	0.07227349999999999	0.7635743947140854	0.09465155	0.2
806.0	1	15	0.07216199999999999	0.7634873561491509	0.0945163	0.2
806.5	1	15	0.07205049999999999	0.7634000681280828	0.09438105	0.2
807.0	1	15	0.071939	0.763312529576915	0.09424579999999999	0.2
807.5	1	15	0.0718275	0.7632247394155066	0.09411054999999999	0.2
808.0	1	15	0.071716	0.7631366965574997	0.0939753	0.2
808.5	1	15	0.0716045	0.763048399910273	0.09384005	0.2
809.0	1	15	0.071493	0.7629598483748965	0.09370479999999999	0.2
809.5	1	15	0.0713815	0.7628710408460873	0.09356955	0.2
810.0	1	15	0.07127	0.7627819762121619	0.0934343	0.2
810.5	1	15	0.0711585	0.7626926533549914	0.09329905	0.2
811.0	1	15	0.071047	0.7626030711499532	0.09316379999999999	0.2
811.5	1	15	0.0709355	0.7625132284658849	0.09302855	0.2
812.0	1	15	0.070824	0.7624231241650367	0.0928933	0.2
812.5	1	15	0.0707125	0.7623327571030224	0.09275805	0.2
813.0	1	15	0.070601	0.7622421261287716	0.0926228	0.2
813.5	1	15	0.0704895	0.7621512300844816	0.09248755	0.2
814.0	1	15	0.070378	0.7620600678055662	0.0923523	0.2
814.5	1	15	0.0702665	0.7619686381206079	0.09221704999999998	0.2
815.0	1	15	0.070155	0.7618769398513061	0.09208179999999999	0.2
815.5	1	15	0.0700435	0.7617849718124279	0.09194655	0.2
816.0	1	15	0.069932	0.7616927328117562	0.0918113	0.2
816.5	1	15	0.0698205	0.7616002216500384	0.09167605	0.2
817.0	1	15	0.069709	0.7615074371209339	0.0915408	0.2
817.5	1	15	0.06959749999999999	0.7614143780109631	0.09140555000000002	0.2
818.0	1	15	0.06948599999999999	0.7613210430994529	0.09127029999999998	0.2
818.5	1	15	0.06937449999999999	0.761227431158484	0.09113504999999998	0.2
819.0	1	15	0.06926299999999999	0.7611335409528373	0.09099979999999999	0.2
819.5	1	15	0.06915149999999999	0.7610393712399389	0.09086454999999999	0.2
820.0	1	15	0.06903999999999999	0.7609449207698064	0.0907293	0.2
820.5	1	15	0.0689285	0.7608501882849923	0.09059405	0.2
821.0	1	15	0.068817	0.7607551725205287	0.09045879999999999	0.2
821.5	1	15	0.0687055	0.7606598722038715	0.09032355	0.2
822.0	1	15	0.068594	0.760564286054843	0.0901883	0.2
822.5	1	15	0.0684825	0.7604684127855748	0.09005305	0.2
823.0	1	15	0.068371	0.7603722511004496	0.08991779999999999	0.2
823.5	1	15	0.0682595	0.7602757996960434	0.08978254999999999	0.2
824.0	1	15	0.068148	0.7601790572610664	0.0896473	0.2
824.5	1	15	0.0680365	0.7600820224763035	0.08951205	0.2
825.0	1	15	0.067925	0.759984694014554	0.0893768	0.2
825.5	1	15	0.0678135	0.7598870705405721	0.08924155	0.2
826.0	1	15	0.067702	0.7597891507110047	0.0891063	0.2
826.5	1	15	0.0675905	0.7596909331743303	0.08897105	0.2
827.0	1	15	0.067479	0.7595924165707969	0.0888358	0.2
827.5	1	15	0.0673675	0.7594935995323591	0.08870055000000002	0.2
828.0	1	15	0.067256	0.759394480682615	0.0885653	0.2
828.5	1	15	0.0671445	0.7592950586367416	0.08843005000000001	0.2
829.0	1	15	0.067033	0.7591953320014314	0.0882948	0.2
829.5	1	15	0.0669215	0.7590952993748266	0.08815955	0.2
830.0	1	15	0.06681	0.7589949593464531	0.0880243	0.2
830.5	1	15	0.0666985	0.7588943104971552	0.08788905	0.2
831.0	1	15	0.066587	0.7587933513990277	0.08775379999999999	0.2
831.5	1	15	0.06647549999999999	0.758692080615349	0.08761855000000002	0.2
832.0	1	15	0.06636399999999999	0.758590496700513	0.0874833	0.2
832.5	1	15	0.06625249999999999	0.7584885981999597	0.08734805000000001	0.2
833.0	1	15	0.06614099999999999	0.7583863836501062	0.08721280000000001	0.2
833.5	1	15	0.06602949999999999	0.7582838515782769	0.08707755	0.2
834.0	1	15	0.065918	0.7581810005026323	0.08694229999999999	0.2
834.5	1	15	0.0658065	0.7580778289320972	0.08680705	0.2
835.0	1	15	0.065695	0.7579743353662899	0.08667180000000001	0.2
835.5	1	15	0.0655835	0.7578705182954486	0.08653655	0.2
836.0	1	15	0.065472	0.7577663762003581	0.0864013	0.2
836.5	1	15	0.0653605	0.7576619075522758	0.08626605	0.2
837.0	1	15	0.065249	0.7575571108128567	0.0861308	0.2
837.5	1	15	0.0651375	0.7574519844340782	0.08599555	0.2
838.0	1	15	0.065026	0.7573465268581638	0.0858603	0.2
838.5	1	15	0.0649145	0.7572407365175057	0.08572505	0.2
839.0	1	15	0.064803	0.7571346118345879	0.0855898	0.2
839.5	1	15	0.0646915	0.7570281512219068	0.08545455	0.2
840.0	1	15	0.06458	0.7569213530818936	0.0853193	0.2
840.5	1	15	0.0644685	0.7568142158068324	0.08518405	0.2
841.0	1	15	0.064357	0.7567067377787811	0.0850488	0.2
841.5	1	15	0.0642455	0.7565989173694893	0.08491355	0.2
842.0	1	15	0.064134	0.7564907529403161	0.0847783	0.2
842.5	1	15	0.0640225	0.7563822428421471	0.08464305	0.2
843.0	1	15	0.063911	0.7562733854153108	0.0845078	0.2
843.5	1	15	0.0637995	0.7561641789894935	0.08437255	0.2
844.0	1	15	0.063688	0.7560546218836548	0.0842373	0.2
844.5	1	15	0.0635765	0.7559447124059401	0.08410205000000001	0.2
845.0	1	15	0.063465	0.7558344488535944	0.08396680000000001	0.2
845.5	1	15	0.0633535	0.7557238295128742	0.08383155	0.2
846.0	1	15	0.06324199999999999	0.7556128526589585	0.08369630000000002	0.2
846.5	1	15	0.0631305	0.7555015165558595	0.08356105	0.2
847.0	1	15	0.06301899999999999	0.7553898194563312	0.0834258	0.2
847.5	1	15	0.0629075	0.7552777596017796	0.08329055	0.2
848.0	1	15	0.06279599999999999	0.7551653352221686	0.0831553	0.2
848.5	1	15	0.0626845	0.7550525445359284	0.08302005	0.2
849.0	1	15	0.062573	0.75493938574986	0.08288480000000001	0.2
849.5	1	15	0.062461499999999996	0.7548258570590414	0.08274954999999999	0.2
850.0	1	15	0.06235	0.7547119566467306	0.0826143	0.2
850.5	1	15	0.0622385	0.7545976826842695	0.08247905000000001	0.2
851.0	1	15	0.062127	0.7544830333309855	0.08234379999999998	0.2
851.5	1	15	0.0620155	0.7543680067340927	0.08220855000000002	0.2
852.0	1	15	0.061904	0.7542526010285927	0.0820733	0.2
852.5	1	15	0.0617925	0.7541368143371731	0.08193805	0.2
853.0	1	15	0.061681	0.7540206447701056	0.08180280000000001	0.2
853.5	1	15	0.0615695	0.7539040904251443	0.08166755	0.2
854.0	1	15	0.061458	0.7537871493874206	0.0815323	0.2
854.5	1	15	0.0613465	0.7536698197293391	0.08139705	0.2
855.0	1	15	0.061235	0.7535520995104711	0.08126180000000001	0.2
855.5	1	15	0.0611235	0.7534339867774482	0.08112655	0.2
856.0	1	15	0.061012	0.7533154795638544	0.08099129999999999	0.2
856.5	1	15	0.060900499999999996	0.7531965758901158	0.08085605	0.2
857.0	1	15	0.060788999999999996	0.7530772737633917	0.08072080000000001	0.2
857.5	1	15	0.060677499999999995	0.7529575711774629	0.08058555	0.2
858.0	1	15	0.060565999999999995	0.7528374661126185	0.0804503	0.2
858.5	1	15	0.0604545	0.7527169565355435	0.08031505	0.2
859.0	1	15	0.060343	0.7525960403992028	0.0801798	0.2
859.5	1	15	0.0602315	0.7524747156427264	0.08004455	0.2
860.0	1	15	0.06012	0.7523529801912918	0.0799093	0.2
860.5	1	15	0.0600085	0.7522308319560057	0.07977405	0.2
861.0	1	15	0.059897	0.7521082688337845	0.07963880000000001	0.2
861.5	1	15	0.0597855	0.7519852887072338	0.07950354999999999	0.2
862.0	1	15	0.059674	0.7518618894445263	0.0793683	0.2
862.5	1	15	0.0595625	0.7517380688992787	0.07923305	0.2
863.0	1	15	0.059451	0.7516138249104274	0.0790978	0.2
863.5	1	15	0.0593395	0.751489155302102	0.07896255	0.2
864.0	1	15	0.059228	0.7513640578834998	0.07882729999999999	0.2
864.5	1	15	0.0591165	0.7512385304487557	0.07869205	0.2
865.0	1	15	0.059005	0.7511125707768137	0.07855680000000001	0.2
865.5	1	15	0.0588935	0.7509861766312959	0.07842155	0.2
866.0	1	15	0.058782	0.7508593457603693	0.07828630000000002	0.2
866.5	1	15	0.0586705	0.7507320758966131	0.07815105	0.2
867.0	1	15	0.058559	0.7506043647568826	0.0780158	0.2
867.5	1	15	0.0584475	0.7504762100421735	0.07788055	0.2
868.0	1	15	0.058336	0.7503476094374837	0.07774529999999999	0.2
868.5	1	15	0.0582245	0.7502185606116734	0.07761005	0.2
869.0	1	15	0.058113	0.7500890612173248	0.07747480000000001	0.2
869.5	1	15	0.0580015	0.7499591088905999	0.07733954999999999	0.2
870.0	1	15	0.05789	0.749828701251096	0.0772043	0.2
870.5	1	15	0.057778499999999997	0.7496978359017011	0.07706904999999999	0.2
871.0	1	15	0.057666999999999996	0.7495665104284462	0.0769338	0.2
871.5	1	15	0.057555499999999996	0.7494347224003577	0.07679855000000001	0.2
872.0	1	15	0.057443999999999995	0.749302469369307	0.0766633	0.2
872.5	1	15	0.0573325	0.7491697488698589	0.07652805	0.2
873.0	1	15	0.057221	0.749036558419118	0.07639280000000001	0.2
873.5	1	15	0.0571095	0.748902895516575	0.07625755000000001	0.2
874.0	1	15	0.056998	0.7487687576439492	0.0761223	0.2
874.5	1	15	0.0568865	0.7486341422650307	0.07598705	0.2
875.0	1	15	0.056775	0.7484990468255203	0.0758518	0.2
875.5	1	15	0.0566635	0.7483634687528683	0.07571655000000002	0.2
876.0	1	15	0.056552000000000005	0.7482274054561115	0.0755813	0.2
876.5	1	15	0.056440500000000005	0.748090854325707	0.07544605	0.2
877.0	1	15	0.056329000000000004	0.7479538127333663	0.0753108	0.2
877.5	1	15	0.056217500000000004	0.7478162780318867	0.07517555000000001	0.2
878.0	1	15	0.056106	0.7476782475549805	0.0750403	0.2
878.5	1	15	0.0559945	0.7475397186171027	0.07490505	0.2
879.0	1	15	0.055883	0.7474006885132768	0.0747698	0.2
879.5	1	15	0.0557715	0.7472611545189192	0.07463455000000001	0.2
880.0	1	15	0.05566	0.7471211138896606	0.0744993	0.2
880.5	1	15	0.0555485	0.7469805638611667	0.07436405	0.2
881.0	1	15	0.055437	0.7468395016489555	0.07422880000000003	0.2
881.5	1	15	0.0553255	0.7466979244482144	0.07409355000000001	0.2
882.0	1	15	0.055214	0.7465558294336132	0.0739583	0.2
882.5	1	15	0.0551025	0.7464132137591172	0.07382305	0.2
883.0	1	15	0.054991	0.7462700745577966	0.07368779999999998	0.2
883.5	1	15	0.0548795	0.7461264089416342	0.07355255000000001	0.2
884.0	1	15	0.054768	0.745982214001332	0.0734173	0.2
884.5	1	15	0.0546565	0.7458374868061142	0.07328204999999999	0.2
885.0	1	15	0.054544999999999996	0.7456922244035281	0.0731468	0.2
885.5	1	15	0.054433499999999996	0.7455464238192449	0.07301155000000001	0.2
886.0	1	15	0.054322	0.7454000820568553	0.0728763	0.2
886.5	1	15	0.0542105	0.7452531960976643	0.07274105	0.2
887.0	1	15	0.054099	0.7451057629004846	0.0726058	0.2
887.5	1	15	0.0539875	0.7449577794014257	0.07247055000000001	0.2
888.0	1	15	0.053876	0.7448092425136827	0.0723353	0.2
888.5	1	15	0.0537645	0.7446601491273205	0.07220005	0.2
889.0	1	15	0.053653	0.7445104961090573	0.07206480000000001	0.2
889.5	1	15	0.053541500000000006	0.7443602803020455	0.07192955000000001	0.2
890.0	1	15	0.053430000000000005	0.744209498525649	0.0717943	0.2
890.5	1	15	0.053318500000000005	0.744058147575219	0.07165905000000002	0.2
891.0	1	15	0.053207000000000004	0.7439062242218675	0.0715238	0.2
891.5	1	15	0.053095500000000004	0.7437537252122364	0.07138855000000001	0.2
892.0	1	15	0.052984	0.7436006472682669	0.07125329999999999	0.2
892.5	1	15	0.0528725	0.7434469870869632	0.07111805	0.2
893.0	1	15	0.052761	0.7432927413401555	0.07098280000000001	0.2
893.5	1	15	0.0526495	0.7431379066742604	0.07084755000000001	0.2
894.0	1	15	0.052538	0.7429824797100363	0.0707123	0.2
894.5	1	15	0.0524265	0.7428264570423389	0.07057705	0.2
895.0	1	15	0.052315	0.7426698352398718	0.07044179999999998	0.2
895.5	1	15	0.0522035	0.7425126108449354	0.07030655000000002	0.2
896.0	1	15	0.052092	0.7423547803731725	0.0701713	0.2
896.5	1	15	0.0519805	0.74219634031331	0.07003605	0.2
897.0	1	15	0.051869	0.7420372871268996	0.06990080000000001	0.2
897.5	1	15	0.0517575	0.7418776172480542	0.06976555000000001	0.2
898.0	1	15	0.051646	0.7417173270831806	0.0696303	0.2
898.5	1	15	0.0515345	0.7415564130107107	0.06949505	0.2
899.0	1	15	0.051422999999999996	0.7413948713808286	0.0693598	0.2
899.5	1	15	0.0513115	0.7412326985151944	0.06922455000000001	0.2
900.0	1	15	0.0512	0.7410698907066651	0.0690893	0.2
900.5	1	15	0.051129	0.7403175559642803	0.069063606	0.2
901.0	1	15	0.051058	0.7395646612255595	0.06903791200000002	0.2
901.5	1	15	0.050987000000000005	0.7388112058650252	0.069012218	0.2
902.0	1	15	0.050916	0.7380571892562668	0.06898652400000001	0.2
902.5	1	15	0.050845	0.7373026107719411	0.06896083	0.2
903.0	1	15	0.050774	0.7365474697837688	0.06893513600000001	0.2
903.5	1	15	0.050703000000000005	0.7357917656625343	0.068909442	0.2
904.0	1	15	0.050632	0.7350354977780825	0.06888374800000001	0.2
904.5	1	15	0.050561	0.7342786654993183	0.06885805400000002	0.2
905.0	1	15	0.05049	0.7335212681942039	0.06883236000000001	0.2
905.5	1	15	0.050419000000000005	0.7327633052297579	0.068806666	0.2
906.0	1	15	0.050348000000000004	0.7320047759720523	0.06878097200000001	0.2
906.5	1	15	0.050277	0.7312456797862122	0.068755278	0.2
907.0	1	15	0.050206	0.7304860160364129	0.06872958400000001	0.2
907.5	1	15	0.050135	0.7297257840858792	0.06870389	0.2
908.0	1	15	0.050064000000000004	0.7289649832968821	0.06867819600000001	0.2
908.5	1	15	0.049993	0.7282036130307384	0.068652502	0.2
909.0	1	15	0.049922	0.7274416726478083	0.06862680800000001	0.2
909.5	1	15	0.049851	0.7266791615074938	0.068601114	0.2
910.0	1	15	0.049780000000000005	0.7259160789682368	0.06857542	0.2
910.5	1	15	0.049709	0.7251524243875169	0.068549726	0.2
911.0	1	15	0.049638	0.7243881971218507	0.068524032	0.2
911.5	1	15	0.049567	0.7236233965267886	0.068498338	0.2
912.0	1	15	0.049496000000000005	0.7228580219569147	0.068472644	0.2
912.5	1	15	0.049425000000000004	0.7220920727658428	0.06844695	0.2
913.0	1	15	0.049354	0.7213255483062164	0.068421256	0.2
913.5	1	15	0.049283	0.7205584479297062	0.06839556200000001	0.2
914.0	1	15	0.049212	0.7197907709870085	0.068369868	0.2
914.5	1	15	0.049141000000000004	0.7190225168278426	0.068344174	0.2
915.0	1	15	0.04907	0.71825368480095	0.06831848	0.2
915.5	1	15	0.048999	0.7174842742540917	0.06829278600000001	0.2
916.0	1	15	0.048928	0.7167142845340475	0.068267092	0.2
916.5	1	15	0.048857000000000005	0.7159437149866127	0.068241398	0.2
917.0	1	15	0.048786	0.7151725649565971	0.068215704	0.2
917.5	1	15	0.048715	0.714400833787823	0.06819001000000002	0.2
918.0	1	15	0.048644	0.7136285208231239	0.068164316	0.2
918.5	1	15	0.048573000000000005	0.7128556254043411	0.06813862200000001	0.2
919.0	1	15	0.048502	0.7120821468723236	0.068112928	0.2
919.5	1	15	0.048431	0.7113080845669247	0.06808723400000001	0.2
920.0	1	15	0.04836	0.7105334378270018	0.06806154	0.2
920.5	1	15	0.048289	0.7097582059904127	0.068035846	0.2
921.0	1	15	0.048218000000000004	0.7089823883940151	0.068010152	0.2
921.5	1	15	0.048147	0.7082059843736638	0.067984458	0.2
922.0	1	15	0.048076	0.7074289932642094	0.067958764	0.2
922.5	1	15	0.048005	0.7066514143994964	0.06793307	0.2
923.0	1	15	0.047934000000000004	0.7058732471123608	0.067907376	0.2
923.5	1	15	0.047863	0.7050944907346286	0.067881682	0.2
924.0	1	15	0.047792	0.7043151445971135	0.06785598799999999	0.2
924.5	1	15	0.047721	0.7035352080296158	0.067830294	0.2
925.0	1	15	0.04765	0.7027546803609194	0.0678046	0.2
925.5	1	15	0.047579	0.7019735609187909	0.067778906	0.2
926.0	1	15	0.047508	0.7011918490299766	0.06775321200000001	0.2
926.5	1	15	0.047437	0.7004095440202016	0.06772751800000001	0.2
927.0	1	15	0.047366	0.6996266452141673	0.06770182400000001	0.2
927.5	1	15	0.047295000000000004	0.6988431519355496	0.06767613	0.2
928.0	1	15	0.047224	0.6980590635069964	0.06765043600000001	0.2
928.5	1	15	0.047153	0.6972743792501271	0.067624742	0.2
929.0	1	15	0.047082	0.6964890984855289	0.06759904800000001	0.2
929.5	1	15	0.047011000000000004	0.6957032205327562	0.06757335399999999	0.2
930.0	1	15	0.04694	0.6949167447103274	0.06754766000000001	0.2
930.5	1	15	0.046869	0.6941296703357245	0.067521966	0.2
931.0	1	15	0.046798	0.6933419967253895	0.067496272	0.2
931.5	1	15	0.046727000000000005	0.6925537231947235	0.067470578	0.2
932.0	1	15	0.046656	0.6917648490580843	0.067444884	0.2
932.5	1	15	0.046585	0.6909753736287844	0.06741919	0.2
933.0	1	15	0.046514	0.6901852962190892	0.067393496	0.2
933.5	1	15	0.046443	0.6893946161402148	0.067367802	0.2
934.0	1	15	0.046372000000000003	0.6886033327023265	0.067342108	0.2
934.5	1	15	0.046301	0.6878114452145356	0.067316414	0.2
935.0	1	15	0.04623	0.687018952984899	0.06729072	0.2
935.5	1	15	0.046159	0.6862258553204156	0.067265026	0.2
936.0	1	15	0.046088000000000004	0.685432151527026	0.067239332	0.2
936.5	1	15	0.046017	0.6846378409096082	0.067213638	0.2
937.0	1	15	0.045946	0.6838429227719782	0.067187944	0.2
937.5	1	15	0.045875	0.6830473964168859	0.06716225	0.2
938.0	1	15	0.045804	0.6822512611460141	0.067136556	0.2
938.5	1	15	0.045733	0.6814545162599759	0.06711086200000001	0.2
939.0	1	15	0.045662	0.6806571610583132	0.067085168	0.2
939.5	1	15	0.045591	0.6798591948394942	0.06705947400000001	0.2
940.0	1	15	0.045520000000000005	0.6790606169009118	0.06703378	0.2
940.5	1	15	0.045449	0.6782614265388808	0.067008086	0.2
941.0	1	15	0.045378	0.6774616230486364	0.066982392	0.2
941.5	1	15	0.045307	0.6766612057243325	0.066956698	0.2
942.0	1	15	0.045236	0.6758601738590384	0.066931004	0.2
942.5	1	15	0.045165000000000004	0.6750585267447383	0.06690531	0.2
943.0	1	15	0.045094	0.6742562636723273	0.066879616	0.2
943.5	1	15	0.045023	0.6734533839316115	0.066853922	0.2
944.0	1	15	0.044952	0.6726498868113037	0.066828228	0.2
944.5	1	15	0.044881000000000004	0.6718457715990236	0.066802534	0.2
945.0	1	15	0.04481	0.6710410375812932	0.06677684	0.2
945.5	1	15	0.044739	0.670235684043537	0.066751146	0.2
946.0	1	15	0.044668	0.669429710270078	0.066725452	0.2
946.5	1	15	0.044597	0.6686231155441373	0.066699758	0.2
947.0	1	15	0.044526	0.6678158991478306	0.066674064	0.2
947.5	1	15	0.044455	0.6670080603621664	0.06664837	0.2
948.0	1	15	0.044384	0.6661995984670444	0.06662267600000002	0.2
948.5	1	15	0.044313	0.665390512741253	0.066596982	0.2
949.0	1	15	0.044242000000000004	0.664580802462467	0.066571288	0.2
949.5	1	15	0.044171	0.6637704669072456	0.066545594	0.2
950.0	1	15	0.0441	0.6629595053510303	0.0665199	0.2
950.5	1	15	0.044029	0.6621479170681427	0.06649420600000001	0.2
951.0	1	15	0.043958	0.6613357013317825	0.066468512	0.2
951.5	1	15	0.043887	0.6605228574140248	0.066442818	0.2
952.0	1	15	0.043816	0.6597093845858186	0.066417124	0.2
952.5	1	15	0.043745	0.658895282116984	0.06639143000000002	0.2
953.0	1	15	0.043674	0.6580805492762108	0.066365736	0.2
953.5	1	15	0.043603	0.6572651853310555	0.066340042	0.2
954.0	1	15	0.043532	0.6564491895479392	0.066314348	0.2
954.5	1	15	0.043461	0.6556325611921461	0.066288654	0.2
955.0	1	15	0.04339	0.6548152995278207	0.06626296	0.2
955.5	1	15	0.043318999999999996	0.6539974038179655	0.066237266	0.2
956.0	1	15	0.043248	0.6531788733244395	0.066211572	0.2
956.5	1	15	0.043177	0.6523597073079547	0.066185878	0.2
957.0	1	15	0.043106	0.6515399050280755	0.066160184	0.2
957.5	1	15	0.043035000000000004	0.650719465743215	0.06613449	0.2
958.0	1	15	0.042964	0.649898388710634	0.066108796	0.2
958.5	1	15	0.042893	0.6490766731864372	0.066083102	0.2
959.0	1	15	0.042822	0.6482543184255731	0.066057408	0.2
959.5	1	15	0.042751	0.6474313236818295	0.066031714	0.2
960.0	1	15	0.04268	0.6466076882078332	0.06600602	0.2
960.5	1	15	0.042609	0.6457834112550459	0.065980326	0.2
961.0	1	15	0.042538	0.6449584920737637	0.065954632	0.2
961.5	1	15	0.042467	0.6441329299131134	0.06592893799999999	0.2
962.0	1	15	0.042396	0.6433067240210513	0.065903244	0.2
962.5	1	15	0.042325	0.64247987364436	0.06587754999999999	0.2
963.0	1	15	0.042254	0.6416523780286466	0.065851856	0.2
963.5	1	15	0.042183	0.6408242364183409	0.065826162	0.2
964.0	1	15	0.042112	0.6399954480566916	0.065800468	0.2
964.5	1	15	0.042041	0.639166012185766	0.06577477400000001	0.2
965.0	1	15	0.04197	0.6383359280464457	0.06574908	0.2
965.5	1	15	0.041899	0.6375051948784258	0.065723386	0.2
966.0	1	15	0.041828000000000004	0.6366738119202118	0.065697692	0.2
966.5	1	15	0.041757	0.6358417784091175	0.065671998	0.2
967.0	1	15	0.041686	0.6350090935812623	0.065646304	0.2
967.5	1	15	0.041615	0.6341757566715701	0.06562061	0.2
968.0	1	15	0.041544	0.633341766913765	0.065594916	0.2
968.5	1	15	0.041472999999999996	0.6325071235403708	0.065569222	0.2
969.0	1	15	0.041402	0.6316718257827073	0.065543528	0.2
969.5	1	15	0.041331	0.6308358728708889	0.065517834	0.2
970.0	1	15	0.04126	0.6299992640338213	0.06549214	0.2
970.5	1	15	0.041189	0.6291619984992007	0.065466446	0.2
971.0	1	15	0.041118	0.6283240754935091	0.06544075199999999	0.2
971.5	1	15	0.041047	0.6274854942420138	0.065415058	0.2
972.0	1	15	0.040976	0.6266462539687647	0.06538936399999999	0.2
972.5	1	15	0.040905	0.6258063538965911	0.06536367	0.2
973.0	1	15	0.040834	0.6249657932471004	0.06533797599999999	0.2
973.5	1	15	0.040763	0.6241245712406742	0.065312282	0.2
974.0	1	15	0.040692	0.6232826870964677	0.06528658799999999	0.2
974.5	1	15	0.040621	0.6224401400324059	0.065260894	0.2
975.0	1	15	0.04055	0.6215969292651821	0.0652352	0.2
975.5	1	15	0.040479	0.6207530540102543	0.065209506	0.2
976.0	1	15	0.040408	0.6199085134818443	0.065183812	0.2
976.5	1	15	0.040337	0.6190633068929339	0.065158118	0.2
977.0	1	15	0.040265999999999996	0.6182174334552634	0.065132424	0.2
977.5	1	15	0.040195	0.6173708923793285	0.06510673	0.2
978.0	1	15	0.040124	0.6165236828743784	0.06508103599999998	0.2
978.5	1	15	0.040053	0.6156758041484125	0.065055342	0.2
979.0	1	15	0.039982000000000004	0.6148272554081795	0.065029648	0.2
979.5	1	15	0.039911	0.6139780358591725	0.065003954	0.2
980.0	1	15	0.03984	0.6131281447056293	0.06497826	0.2
980.5	1	15	0.039769	0.6122775811505277	0.06495256599999999	0.2
981.0	1	15	0.039698	0.611426344395584	0.064926872	0.2
981.5	1	15	0.039626999999999996	0.6105744336412507	0.06490117799999999	0.2
982.0	1	15	0.039556	0.6097218480867134	0.064875484	0.2
982.5	1	15	0.039485	0.6088685869298883	0.06484978999999999	0.2
983.0	1	15	0.039414	0.6080146493674204	0.064824096	0.2
983.5	1	15	0.039343	0.6071600345946804	0.06479840199999999	0.2
984.0	1	15	0.039272	0.6063047418057618	0.064772708	0.2
984.5	1	15	0.039201	0.6054487701934795	0.06474701399999999	0.2
985.0	1	15	0.03913	0.6045921189493663	0.06472132	0.2
985.5	1	15	0.039058999999999996	0.6037347872636707	0.06469562599999999	0.2
986.0	1	15	0.038988	0.6028767743253542	0.064669932	0.2
986.5	1	15	0.038917	0.6020180793220891	0.06464423799999999	0.2
987.0	1	15	0.038846	0.6011587014402553	0.064618544	0.2
987.5	1	15	0.038775	0.6002986398649386	0.06459285	0.2
988.0	1	15	0.038704	0.5994378937799274	0.064567156	0.2
988.5	1	15	0.038633	0.5985764623677103	0.064541462	0.2
989.0	1	15	0.038562	0.5977143448094735	0.064515768	0.2
989.5	1	15	0.038491	0.5968515402850988	0.064490074	0.2
990.0	1	15	0.038419999999999996	0.5959880479731599	0.06446437999999997	0.2
990.5	1	15	0.038349	0.5951238670509204	0.064438686	0.2
991.0	1	15	0.038278	0.5942589966943316	0.06441299199999999	0.2
991.5	1	15	0.038207	0.593393436078029	0.064387298	0.2
992.0	1	15	0.038136	0.5925271843753305	0.06436160399999999	0.2
992.5	1	15	0.038065	0.5916602407582329	0.06433591	0.2
993.0	1	15	0.037994	0.5907926043974103	0.06431021599999999	0.2
993.5	1	15	0.037923	0.5899242744622104	0.06428452199999998	0.2
994.0	1	15	0.037852	0.5890552501206527	0.06425882799999999	0.2
994.5	1	15	0.037780999999999995	0.5881855305394252	0.064233134	0.2
995.0	1	15	0.03771	0.5873151148838827	0.06420743999999999	0.2
995.5	1	15	0.037639	0.5864440023180423	0.064181746	0.2
996.0	1	15	0.037568	0.5855721920045829	0.06415605199999999	0.2
996.5	1	15	0.037497	0.584699683104841	0.064130358	0.2
997.0	1	15	0.037426	0.5838264747788087	0.06410466399999999	0.2
997.5	1	15	0.037355	0.5829525661851306	0.06407897	0.2
998.0	1	15	0.037284	0.5820779564811018	0.06405327599999999	0.2
998.5	1	15	0.037212999999999996	0.581202644822664	0.064027582	0.2
999.0	1	15	0.037142	0.5803266303644044	0.06400188799999999	0.2
999.5	1	15	0.037071	0.5794499122595508	0.063976194	0.2
1000.0	1	15	0.037	0.5785724896599714	0.0639505	0.2
1000.5	1	15	0.03695	0.5781376187678711	0.06391211849999999	0.2
1001.0	1	15	0.036899999999999995	0.5777022252510449	0.06387373699999999	0.2
1001.5	1	15	0.03685	0.5772663081667965	0.06383535549999998	0.2
1002.0	1	15	0.0368	0.5768298665701606	0.06379697399999999	0.2
1002.5	1	15	0.03675	0.5763928995138969	0.06375859249999999	0.2
1003.0	1	15	0.036699999999999997	0.5759554060484827	0.063720211	0.2
1003.5	1	15	0.036649999999999995	0.5755173852221064	0.0636818295	0.2
1004.0	1	15	0.0366	0.5750788360806599	0.06364344799999999	0.2
1004.5	1	15	0.03655	0.5746397576677325	0.06360506649999999	0.2
1005.0	1	15	0.0365	0.574200149024603	0.063566685	0.2
1005.5	1	15	0.036449999999999996	0.5737600091902344	0.0635283035	0.2
1006.0	1	15	0.036399999999999995	0.5733193372012648	0.06348992199999999	0.2
1006.5	1	15	0.03635	0.5728781320920018	0.0634515405	0.2
1007.0	1	15	0.0363	0.5724363928944148	0.063413159	0.2
1007.5	1	15	0.03625	0.5719941186381285	0.06337477749999999	0.2
1008.0	1	15	0.036199999999999996	0.5715513083504151	0.06333639599999999	0.2
1008.5	1	15	0.03615	0.5711079610561877	0.0632980145	0.2
1009.0	1	15	0.0361	0.5706640757779926	0.063259633	0.2
1009.5	1	15	0.03605	0.570219651536003	0.06322125149999999	0.2
1010.0	1	15	0.036	0.5697746873480107	0.06318286999999999	0.2
1010.5	1	15	0.035949999999999996	0.5693291822294198	0.0631444885	0.2
1011.0	1	15	0.0359	0.568883135193239	0.063106107	0.2
1011.5	1	15	0.03585	0.5684365452500741	0.06306772549999999	0.2
1012.0	1	15	0.0358	0.5679894114081212	0.063029344	0.2
1012.5	1	15	0.03575	0.5675417326731592	0.0629909625	0.2
1013.0	1	15	0.035699999999999996	0.5670935080485421	0.062952581	0.2
1013.5	1	15	0.03565	0.566644736535192	0.06291419949999999	0.2
1014.0	1	15	0.0356	0.566195417131591	0.062875818	0.2
1014.5	1	15	0.03555	0.5657455488337753	0.0628374365	0.2
1015.0	1	15	0.0355	0.5652951306353257	0.06279905499999999	0.2
1015.5	1	15	0.035449999999999995	0.5648441615273616	0.06276067349999999	0.2
1016.0	1	15	0.0354	0.5643926404985328	0.06272229200000001	0.2
1016.5	1	15	0.03535	0.5639405665350122	0.0626839105	0.2
1017.0	1	15	0.0353	0.5634879386204881	0.06264552899999999	0.2
1017.5	1	15	0.03525	0.5630347557361561	0.0626071475	0.2
1018.0	1	15	0.035199999999999995	0.5625810168607128	0.062568766	0.2
1018.5	1	15	0.03515	0.5621267209703469	0.0625303845	0.2
1019.0	1	15	0.0351	0.5616718670387314	0.062492003	0.2
1019.5	1	15	0.03505	0.5612164540370169	0.062453621499999994	0.2
1020.0	1	15	0.034999999999999996	0.5607604809338231	0.062415240000000004	0.2
1020.5	1	15	0.034949999999999995	0.5603039466952315	0.062376858499999986	0.2
1021.0	1	15	0.0349	0.5598468502847768	0.062338477	0.2
1021.5	1	15	0.03485	0.5593891906634397	0.06230009549999999	0.2
1022.0	1	15	0.0348	0.5589309667896389	0.062261713999999996	0.2
1022.5	1	15	0.034749999999999996	0.5584721776192234	0.0622233325	0.2
1023.0	1	15	0.034699999999999995	0.558012822105464	0.062184951	0.2
1023.5	1	15	0.03465	0.5575528991990459	0.06214656949999999	0.2
1024.0	1	15	0.0346	0.5570924078480602	0.062108187999999995	0.2
1024.5	1	15	0.03455	0.5566313469979965	0.06206980649999999	0.2
1025.0	1	15	0.034499999999999996	0.5561697155917343	0.062031424999999994	0.2
1025.5	1	15	0.03445	0.5557075125695353	0.061993043500000004	0.2
1026.0	1	15	0.0344	0.5552447368690351	0.06195466199999999	0.2
1026.5	1	15	0.03435	0.5547813874252346	0.0619162805	0.2
1027.0	1	15	0.0343	0.5543174631704932	0.06187789899999999	0.2
1027.5	1	15	0.034249999999999996	0.5538529630345191	0.061839517499999996	0.2
1028.0	1	15	0.0342	0.5533878859443621	0.061801135999999986	0.2
1028.5	1	15	0.03415	0.5529222308244041	0.061762754499999996	0.2
1029.0	1	15	0.0341	0.5524559965963526	0.061724373	0.2
1029.5	1	15	0.03405	0.5519891821792311	0.061685991499999995	0.2
1030.0	1	15	0.033999999999999996	0.5515217864893708	0.06164761	0.2
1030.5	1	15	0.03395	0.5510538084404027	0.0616092285	0.2
1031.0	1	15	0.0339	0.550585246943249	0.061570847000000005	0.2
1031.5	1	15	0.03385	0.5501161009061144	0.061532465499999994	0.2
1032.0	1	15	0.0338	0.5496463692344778	0.061494084	0.2
1032.5	1	15	0.033749999999999995	0.5491760508310843	0.061455702499999994	0.2
1033.0	1	15	0.0337	0.5487051445959358	0.06141732099999999	0.2
1033.5	1	15	0.03365	0.5482336494262825	0.06137893949999999	0.2
1034.0	1	15	0.0336	0.547761564216615	0.061340558	0.2
1034.5	1	15	0.033549999999999996	0.5472888878586554	0.0613021765	0.2
1035.0	1	15	0.0335	0.546815619241348	0.061263795	0.2
1035.5	1	15	0.03345	0.5463417572508514	0.0612254135	0.2
1036.0	1	15	0.0334	0.5458673007705294	0.061187031999999995	0.2
1036.5	1	15	0.03335	0.5453922486809418	0.0611486505	0.2
1037.0	1	15	0.033299999999999996	0.544916599859837	0.061110268999999995	0.2
1037.5	1	15	0.03325	0.5444403531821413	0.0610718875	0.2
1038.0	1	15	0.0332	0.5439635075199515	0.06103350599999999	0.2
1038.5	1	15	0.03315	0.543486061742525	0.0609951245	0.2
1039.0	1	15	0.0331	0.5430080147162718	0.060956742999999994	0.2
1039.5	1	15	0.033049999999999996	0.5425293653047447	0.060918361500000004	0.2
1040.0	1	15	0.033	0.5420501123686309	0.06087998000000001	0.2
1040.5	1	15	0.03295	0.5415702547657423	0.060841598499999996	0.2
1041.0	1	15	0.0329	0.541089791351007	0.060803217	0.2
1041.5	1	15	0.03285	0.5406087209764602	0.06076483549999999	0.2
1042.0	1	15	0.032799999999999996	0.5401270424912344	0.060726454	0.2
1042.5	1	15	0.03275	0.5396447547415516	0.0606880725	0.2
1043.0	1	15	0.0327	0.5391618565707119	0.060649691000000006	0.2
1043.5	1	15	0.03265	0.5386783468190867	0.060611309499999995	0.2
1044.0	1	15	0.0326	0.5381942243241072	0.060572928	0.2
1044.5	1	15	0.032549999999999996	0.5377094879202572	0.0605345465	0.2
1045.0	1	15	0.0325	0.537224136439062	0.060496165	0.2
1045.5	1	15	0.03245	0.5367381687090794	0.0604577835	0.2
1046.0	1	15	0.0324	0.5362515835558915	0.060419402	0.2
1046.5	1	15	0.03235	0.5357643798020936	0.0603810205	0.2
1047.0	1	15	0.032299999999999995	0.5352765562672855	0.06034263899999999	0.2
1047.5	1	15	0.03225	0.5347881117680622	0.0603042575	0.2
1048.0	1	15	0.0322	0.5342990451180034	0.060265876	0.2
1048.5	1	15	0.03215	0.5338093551276651	0.0602274945	0.2
1049.0	1	15	0.0321	0.5333190406045691	0.060189112999999995	0.2
1049.5	1	15	0.032049999999999995	0.5328281003531935	0.0601507315	0.2
1050.0	1	15	0.032	0.5323365331749633	0.06011234999999999	0.2
1050.5	1	15	0.03195	0.5318443378682399	0.06007396849999999	0.2
1051.0	1	15	0.0319	0.5313515132283123	0.06003558700000001	0.2
1051.5	1	15	0.031849999999999996	0.5308580580473868	0.059997205500000005	0.2
1052.0	1	15	0.031799999999999995	0.5303639711145768	0.059958824	0.2
1052.5	1	15	0.03175	0.5298692512158935	0.0599204425	0.2
1053.0	1	15	0.0317	0.5293738971342352	0.059882061	0.2
1053.5	1	15	0.03165	0.5288779076493784	0.059843679500000004	0.2
1054.0	1	15	0.031599999999999996	0.5283812815379667	0.059805298	0.2
1054.5	1	15	0.03155	0.5278840175735016	0.0597669165	0.2
1055.0	1	15	0.0315	0.5273861145263316	0.05972853499999999	0.2
1055.5	1	15	0.03145	0.5268875711636426	0.059690153499999996	0.2
1056.0	1	15	0.0314	0.5263883862494478	0.059651772	0.2
1056.5	1	15	0.031349999999999996	0.5258885585445773	0.059613390499999995	0.2
1057.0	1	15	0.0313	0.5253880868066676	0.059575009	0.2
1057.5	1	15	0.03125	0.5248869697901515	0.059536627499999994	0.2
1058.0	1	15	0.0312	0.524385206246248	0.059498246	0.2
1058.5	1	15	0.031149999999999997	0.5238827949229518	0.0594598645	0.2
1059.0	1	15	0.0311	0.5233797345650225	0.059421483000000004	0.2
1059.5	1	15	0.031049999999999998	0.5228760239139749	0.0593831015	0.2
1060.0	1	15	0.031	0.5223716617080677	0.059344720000000004	0.2
1060.5	1	15	0.03095	0.5218666466822934	0.0593063385	0.2
1061.0	1	15	0.030899999999999997	0.521360977568368	0.059267957	0.2
1061.5	1	15	0.03085	0.5208546530947196	0.0592295755	0.2
1062.0	1	15	0.030799999999999998	0.5203476719864782	0.059191193999999996	0.2
1062.5	1	15	0.03075	0.5198400329654655	0.0591528125	0.2
1063.0	1	15	0.030699999999999998	0.519331734750183	0.059114431	0.2
1063.5	1	15	0.030649999999999997	0.5188227760558024	0.0590760495	0.2
1064.0	1	15	0.0306	0.5183131555941538	0.05903766800000001	0.2
1064.5	1	15	0.03055	0.5178028720737157	0.0589992865	0.2
1065.0	1	15	0.0305	0.5172919241996031	0.058960904999999994	0.2
1065.5	1	15	0.030449999999999998	0.5167803106735576	0.058922523500000004	0.2
1066.0	1	15	0.0304	0.5162680301939357	0.058884142	0.2
1066.5	1	15	0.03035	0.515755081455698	0.0588457605	0.2
1067.0	1	15	0.0303	0.5152414631503982	0.058807379	0.2
1067.5	1	15	0.03025	0.5147271739661715	0.058768997499999996	0.2
1068.0	1	15	0.030199999999999998	0.5142122125877242	0.058730616	0.2
1068.5	1	15	0.03015	0.5136965776963219	0.0586922345	0.2
1069.0	1	15	0.0301	0.5131802679697786	0.058653853	0.2
1069.5	1	15	0.03005	0.5126632820824447	0.0586154715	0.2
1070.0	1	15	0.03	0.5121456187051968	0.05857709	0.2
1070.5	1	15	0.029949999999999997	0.5116272765054254	0.0585387085	0.2
1071.0	1	15	0.0299	0.5111082541470239	0.05850032699999999	0.2
1071.5	1	15	0.029849999999999998	0.5105885502903764	0.05846194550000001	0.2
1072.0	1	15	0.0298	0.5100681635923477	0.058423564000000004	0.2
1072.5	1	15	0.02975	0.5095470927062701	0.05838518250000001	0.2
1073.0	1	15	0.029699999999999997	0.5090253362819325	0.05834680100000001	0.2
1073.5	1	15	0.02965	0.508502892965569	0.0583084195	0.2
1074.0	1	15	0.029599999999999998	0.5079797613998466	0.05827003800000001	0.2
1074.5	1	15	0.02955	0.507455940223854	0.0582316565	0.2
1075.0	1	15	0.0295	0.5069314280730891	0.058193275	0.2
1075.5	1	15	0.029449999999999997	0.5064062235794482	0.05815489349999999	0.2
1076.0	1	15	0.0294	0.5058803253712129	0.058116512	0.2
1076.5	1	15	0.029349999999999998	0.505353732073039	0.0580781305	0.2
1077.0	1	15	0.0293	0.5048264423059445	0.058039748999999995	0.2
1077.5	1	15	0.029249999999999998	0.5042984546872968	0.05800136749999999	0.2
1078.0	1	15	0.029199999999999997	0.5037697678308015	0.057962986	0.2
1078.5	1	15	0.02915	0.5032403803464899	0.0579246045	0.2
1079.0	1	15	0.0291	0.5027102908407066	0.057886223	0.2
1079.5	1	15	0.02905	0.5021794979160976	0.05784784150000001	0.2
1080.0	1	15	0.028999999999999998	0.5016480001715982	0.05780946	0.2
1080.5	1	15	0.028949999999999997	0.5011157962024197	0.0577710785	0.2
1081.0	1	15	0.0289	0.5005828846000386	0.057732697000000006	0.2
1081.5	1	15	0.02885	0.5000492639521826	0.0576943155	0.2
1082.0	1	15	0.0288	0.4995149328428189	0.057655934000000006	0.2
1082.5	1	15	0.028749999999999998	0.4989798898521418	0.0576175525	0.2
1083.0	1	15	0.028699999999999996	0.49844413355655987	0.05757917099999999	0.2
1083.5	1	15	0.02865	0.4979076625286832	0.0575407895	0.2
1084.0	1	15	0.0286	0.49737047533731105	0.05750240800000001	0.2
1084.5	1	15	0.02855	0.49683257054741886	0.05746402650000001	0.2
1085.0	1	15	0.028499999999999998	0.4962939467201456	0.057425645	0.2
1085.5	1	15	0.02845	0.495754602412781	0.0573872635	0.2
1086.0	1	15	0.028399999999999998	0.4952145361787523	0.05734888200000001	0.2
1086.5	1	15	0.02835	0.494673746567612	0.05731050049999999	0.2
1087.0	1	15	0.0283	0.494132232125024	0.057272119	0.2
1087.5	1	15	0.028249999999999997	0.4935899913927515	0.05723373749999999	0.2
1088.0	1	15	0.0282	0.4930470229086431	0.057195356	0.2
1088.5	1	15	0.02815	0.49250332520662027	0.05715697449999999	0.2
1089.0	1	15	0.0281	0.4919588968166635	0.05711859300000001	0.2
1089.5	1	15	0.02805	0.49141373626479984	0.05708021150000001	0.2
1090.0	1	15	0.027999999999999997	0.4908678420730891	0.05704183	0.2
1090.5	1	15	0.02795	0.49032121275961044	0.0570034485	0.2
1091.0	1	15	0.0279	0.48977384683844927	0.056965066999999994	0.2
1091.5	1	15	0.02785	0.48922574281968334	0.056926685500000004	0.2
1092.0	1	15	0.0278	0.48867689920936996	0.056888304	0.2
1092.5	1	15	0.027749999999999997	0.48812731450953156	0.05684992250000001	0.2
1093.0	1	15	0.0277	0.48757698721814285	0.056811541	0.2
1093.5	1	15	0.02765	0.48702591582911636	0.05677315950000001	0.2
1094.0	1	15	0.0276	0.4864740988322894	0.056734778	0.2
1094.5	1	15	0.027549999999999998	0.4859215347134098	0.05669639650000001	0.2
1095.0	1	15	0.027499999999999997	0.4853682219541224	0.056658015000000006	0.2
1095.5	1	15	0.02745	0.48481415903195485	0.056619633499999995	0.2
1096.0	1	15	0.0274	0.4842593444203037	0.056581252	0.2
1096.5	1	15	0.02735	0.4837037765884206	0.056542870499999995	0.2
1097.0	1	15	0.027299999999999998	0.4831474540013979	0.05650448900000001	0.2
1097.5	1	15	0.027249999999999996	0.48259037512015496	0.056466107499999994	0.2
1098.0	1	15	0.0272	0.4820325384014234	0.056427726	0.2
1098.5	1	15	0.02715	0.4814739422977332	0.05638934450000001	0.2
1099.0	1	15	0.0271	0.4809145852573983	0.05635096300000001	0.2
1099.5	1	15	0.027049999999999998	0.4803544657245024	0.0563125815	0.2
1100.0	1	15	0.027	0.47979358213888423	0.0562742	0.2
1100.5	1	15	0.026964	0.47930363815263	0.056256614499999996	0.2
1101.0	1	15	0.026928	0.4788133877631493	0.056239029	0.2
1101.5	1	15	0.026892	0.4783228306829226	0.0562214435	0.2
1102.0	1	15	0.026856	0.47783196662407057	0.056203858	0.2
1102.5	1	15	0.02682	0.4773407952983533	0.05618627250000001	0.2
1103.0	1	15	0.026784	0.47684931641717027	0.05616868700000001	0.2
1103.5	1	15	0.026748	0.47635752969155915	0.0561511015	0.2
1104.0	1	15	0.026712	0.4758654348321954	0.05613351600000001	0.2
1104.5	1	15	0.026676	0.47537303154939214	0.0561159305	0.2
1105.0	1	15	0.02664	0.4748803195530991	0.05609834500000001	0.2
1105.5	1	15	0.026604	0.47438729855290207	0.056080759499999994	0.2
1106.0	1	15	0.026568	0.47389396825802266	0.05606317399999999	0.2
1106.5	1	15	0.026532	0.4734003283773173	0.0560455885	0.2
1107.0	1	15	0.026496	0.4729063786192772	0.056028003	0.2
1107.5	1	15	0.02646	0.4724121186920272	0.056010417500000007	0.2
1108.0	1	15	0.026424	0.4719175483033256	0.055992832000000006	0.2
1108.5	1	15	0.026387999999999998	0.47142266716056347	0.05597524650000001	0.2
1109.0	1	15	0.026352	0.47092747497076404	0.055957661	0.2
1109.5	1	15	0.026316	0.4704319714405819	0.055940075500000006	0.2
1110.0	1	15	0.02628	0.46993615627630314	0.05592249000000001	0.2
1110.5	1	15	0.026244	0.46944002918384375	0.055904904500000005	0.2
1111.0	1	15	0.026208	0.46894358986874995	0.055887319	0.2
1111.5	1	15	0.026172	0.46844683803619713	0.055869733500000004	0.2
1112.0	1	15	0.026136	0.4679497733909893	0.055852148000000004	0.2
1112.5	1	15	0.0261	0.46745239563755875	0.0558345625	0.2
1113.0	1	15	0.026064	0.4669547044799649	0.055816977000000004	0.2
1113.5	1	15	0.026028	0.46645669962189457	0.05579939150000001	0.2
1114.0	1	15	0.025992	0.46595838076666074	0.055781806	0.2
1114.5	1	15	0.025956	0.46545974761720194	0.05576422050000001	0.2
1115.0	1	15	0.02592	0.46496079987608213	0.055746635	0.2
1115.5	1	15	0.025884	0.4644615372454899	0.055729049499999996	0.2
1116.0	1	15	0.025848	0.46396195942723745	0.055711463999999995	0.2
1116.5	1	15	0.025812	0.4634620661227607	0.0556938785	0.2
1117.0	1	15	0.025776	0.4629618570331182	0.055676292999999995	0.2
1117.5	1	15	0.02574	0.46246133185899074	0.0556587075	0.2
1118.0	1	15	0.025704	0.46196049030068087	0.055641122	0.2
1118.5	1	15	0.025668	0.46145933205811174	0.0556235365	0.2
1119.0	1	15	0.025632000000000002	0.46095785683082735	0.055605951	0.2
1119.5	1	15	0.025596	0.46045606431799113	0.0555883655	0.2
1120.0	1	15	0.02556	0.459953954218386	0.05557078000000001	0.2
1120.5	1	15	0.025524	0.4594515262304133	0.0555531945	0.2
1121.0	1	15	0.025488	0.45894878005209233	0.055535609	0.2
1121.5	1	15	0.025452	0.45844571538105994	0.0555180235	0.2
1122.0	1	15	0.025416	0.45794233191456973	0.055500438000000006	0.2
1122.5	1	15	0.02538	0.4574386293494913	0.055482852500000006	0.2
1123.0	1	15	0.025344	0.45693460738231	0.055465267000000006	0.2
1123.5	1	15	0.025308	0.45643026570912615	0.055447681500000005	0.2
1124.0	1	15	0.025272	0.4559256040256542	0.055430096000000005	0.2
1124.5	1	15	0.025236	0.4554206220272225	0.05541251050000001	0.2
1125.0	1	15	0.0252	0.4549153194087725	0.05539492500000001	0.2
1125.5	1	15	0.025164	0.4544096958648582	0.0553773395	0.2
1126.0	1	15	0.025128	0.45390375108964537	0.05535975400000001	0.2
1126.5	1	15	0.025092	0.4533974847769111	0.055342168500000004	0.2
1127.0	1	15	0.025056000000000002	0.4528908966200432	0.055324583	0.2
1127.5	1	15	0.02502	0.4523839863120394	0.0553069975	0.2
1128.0	1	15	0.024984	0.451876753545507	0.055289412	0.2
1128.5	1	15	0.024948	0.451369198012662	0.0552718265	0.2
1129.0	1	15	0.024912	0.45086131940532853	0.05525424100000001	0.2
1129.5	1	15	0.024876000000000002	0.4503531174149384	0.0552366555	0.2
1130.0	1	15	0.02484	0.4498445917325301	0.05521907	0.2
1130.5	1	15	0.024804	0.4493357420487487	0.055201484499999995	0.2
1131.0	1	15	0.024768000000000002	0.44882656805384485	0.055183899	0.2
1131.5	1	15	0.024732	0.44831706943767413	0.0551663135	0.2
1132.0	1	15	0.024696	0.44780724588969667	0.055148727999999994	0.2
1132.5	1	15	0.02466	0.44729709709897636	0.0551311425	0.2
1133.0	1	15	0.024624	0.4467866227541801	0.055113557	0.2
1133.5	1	15	0.024588	0.4462758225435774	0.05509597150000001	0.2
1134.0	1	15	0.024552	0.44576469615503983	0.055078386	0.2
1134.5	1	15	0.024516	0.44525324327603993	0.0550608005	0.2
1135.0	1	15	0.024480000000000002	0.44474146359365097	0.055043215	0.2
1135.5	1	15	0.024444	0.44422935679454606	0.0550256295	0.2
1136.0	1	15	0.024408	0.4437169225649979	0.055008044000000006	0.2
1136.5	1	15	0.024372	0.44320416059087775	0.05499045850000001	0.2
1137.0	1	15	0.024336	0.44269107055765483	0.054972873	0.2
1137.5	1	15	0.024300000000000002	0.4421776521503959	0.0549552875	0.2
1138.0	1	15	0.024264	0.44166390505376435	0.054937702	0.2
1138.5	1	15	0.024228	0.44114982895201976	0.0549201165	0.2
1139.0	1	15	0.024192	0.44063542352901724	0.054902531000000004	0.2
1139.5	1	15	0.024156	0.4401206884682066	0.054884945500000004	0.2
1140.0	1	15	0.024120000000000003	0.439605623452632	0.05486736	0.2
1140.5	1	15	0.024084	0.43909022816493076	0.054849774500000004	0.2
1141.0	1	15	0.024048	0.4385745022873334	0.054832189	0.2
1141.5	1	15	0.024012000000000002	0.43805844550166273	0.054814603499999996	0.2
1142.0	1	15	0.023976	0.4375420574893327	0.054797018	0.2
1142.5	1	15	0.02394	0.43702533793134857	0.0547794325	0.2
1143.0	1	15	0.023904	0.4365082865083057	0.054761846999999995	0.2
1143.5	1	15	0.023868	0.43599090290038894	0.0547442615	0.2
1144.0	1	15	0.023832	0.4354731867873722	0.054726676	0.2
1144.5	1	15	0.023796	0.43495513784861767	0.05470909050000001	0.2
1145.0	1	15	0.02376	0.43443675576307506	0.054691505	0.2
1145.5	1	15	0.023724000000000002	0.43391804020928115	0.0546739195	0.2
1146.0	1	15	0.023688	0.4333989908653588	0.054656334	0.2
1146.5	1	15	0.023652	0.4328796074090167	0.0546387485	0.2
1147.0	1	15	0.023616	0.4323598895175484	0.054621163	0.2
1147.5	1	15	0.02358	0.4318398368678316	0.0546035775	0.2
1148.0	1	15	0.023544000000000002	0.4313194491363279	0.05458599200000001	0.2
1148.5	1	15	0.023508	0.4307987259990816	0.05456840649999999	0.2
1149.0	1	15	0.023472	0.4302776671317192	0.054550821000000006	0.2
1149.5	1	15	0.023436000000000002	0.4297562722094493	0.05453323549999999	0.2
1150.0	1	15	0.0234	0.42923454090706065	0.05451565	0.2
1150.5	1	15	0.023364000000000003	0.4287124728989229	0.054498064500000006	0.2
1151.0	1	15	0.023328	0.42819006785898484	0.05448047900000001	0.2
1151.5	1	15	0.023292	0.42766732546077446	0.054462893500000005	0.2
1152.0	1	15	0.023256000000000002	0.4271442453773978	0.05444530800000001	0.2
1152.5	1	15	0.02322	0.4266208272815384	0.0544277225	0.2
1153.0	1	15	0.023184	0.42609707084545656	0.054410137000000004	0.2
1153.5	1	15	0.023148000000000002	0.4255729757409891	0.0543925515	0.2
1154.0	1	15	0.023112	0.42504854163954786	0.054374966000000004	0.2
1154.5	1	15	0.023076	0.42452376821211973	0.054357380500000003	0.2
1155.0	1	15	0.02304	0.42399865512926577	0.054339795	0.2
1155.5	1	15	0.023004	0.4234732020611201	0.05432220950000001	0.2
1156.0	1	15	0.022968000000000002	0.42294740867739	0.054304623999999996	0.2
1156.5	1	15	0.022932	0.42242127464735435	0.0542870385	0.2
1157.0	1	15	0.022896	0.4218947996398637	0.054269452999999995	0.2
1157.5	1	15	0.022860000000000002	0.4213679833233391	0.054251867499999995	0.2
1158.0	1	15	0.022824	0.4208408253657714	0.054234282	0.2
1158.5	1	15	0.022788000000000003	0.42031332543472105	0.0542166965	0.2
1159.0	1	15	0.022752	0.4197854831973167	0.054199111	0.2
1159.5	1	15	0.022716	0.41925729832025493	0.0541815255	0.2
1160.0	1	15	0.022680000000000002	0.41872877046979967	0.05416394	0.2
1160.5	1	15	0.022644	0.41819989931178103	0.054146354499999994	0.2
1161.0	1	15	0.022608000000000003	0.417670684511595	0.054128769	0.2
1161.5	1	15	0.022572000000000002	0.4171411257342025	0.0541111835	0.2
1162.0	1	15	0.022536	0.4166112226441288	0.054093598	0.2
1162.5	1	15	0.0225	0.4160809749054629	0.0540760125	0.2
1163.0	1	15	0.022464	0.4155503821818567	0.054058427	0.2
1163.5	1	15	0.022428	0.41501944413652403	0.0540408415	0.2
1164.0	1	15	0.022392000000000002	0.4144881604322405	0.054023256000000006	0.2
1164.5	1	15	0.022356	0.41395653073134236	0.054005670500000005	0.2
1165.0	1	15	0.02232	0.41342455469572587	0.05398808500000001	0.2
1165.5	1	15	0.022284	0.4128922319868468	0.053970499500000005	0.2
1166.0	1	15	0.022248	0.4123595622657193	0.05395291400000001	0.2
1166.5	1	15	0.022212000000000003	0.4118265451929156	0.053935328500000004	0.2
1167.0	1	15	0.022176	0.41129318042856505	0.053917743	0.2
1167.5	1	15	0.02214	0.4107594676323534	0.053900157500000004	0.2
1168.0	1	15	0.022104000000000002	0.4102254064635222	0.05388257200000001	0.2
1168.5	1	15	0.022068	0.409690996580868	0.0538649865	0.2
1169.0	1	15	0.022032000000000003	0.4091562376427416	0.053847401	0.2
1169.5	1	15	0.021996	0.4086211293070473	0.0538298155	0.2
1170.0	1	15	0.02196	0.4080856712312424	0.05381223	0.2
1170.5	1	15	0.021924000000000003	0.40754986307233615	0.0537946445	0.2
1171.0	1	15	0.021888	0.4070137044868891	0.053777059	0.2
1171.5	1	15	0.021852000000000003	0.40647719513101266	0.0537594735	0.2
1172.0	1	15	0.021816000000000002	0.4059403346603677	0.053741888	0.2
1172.5	1	15	0.02178	0.4054031227301648	0.0537243025	0.2
1173.0	1	15	0.021744	0.4048655589951625	0.05370671700000001	0.2
1173.5	1	15	0.021708	0.4043276431096674	0.053689131499999994	0.2
1174.0	1	15	0.021672	0.4037893747275325	0.053671546	0.2
1174.5	1	15	0.021636000000000002	0.4032507535021576	0.05365396050000001	0.2
1175.0	1	15	0.0216	0.4027117790864875	0.053636375	0.2
1175.5	1	15	0.021564	0.40217245113301187	0.05361878950000001	0.2
1176.0	1	15	0.021528000000000002	0.4016327692937644	0.053601204	0.2
1176.5	1	15	0.021492	0.4010927332203218	0.053583618500000006	0.2
1177.0	1	15	0.021456000000000003	0.4005523425638035	0.053566033	0.2
1177.5	1	15	0.02142	0.4000115969748703	0.0535484475	0.2
1178.0	1	15	0.021384	0.39947049610372426	0.053530862	0.2
1178.5	1	15	0.021348000000000002	0.3989290396001075	0.053513276500000005	0.2
1179.0	1	15	0.021312	0.3983872271133015	0.05349569100000001	0.2
1179.5	1	15	0.021276000000000003	0.3978450582921267	0.05347810550000001	0.2
1180.0	1	15	0.021240000000000002	0.3973025327849411	0.053460520000000004	0.2
1180.5	1	15	0.021204	0.39675965023964016	0.053442934500000004	0.2
1181.0	1	15	0.021168000000000003	0.3962164103036557	0.053425349000000004	0.2
1181.5	1	15	0.021132	0.39567281262395493	0.053407763500000004	0.2
1182.0	1	15	0.021096000000000004	0.39512885684704036	0.053390177999999996	0.2
1182.5	1	15	0.021060000000000002	0.39458454261894815	0.053372592499999996	0.2
1183.0	1	15	0.021024	0.3940398695852481	0.053355007	0.2
1183.5	1	15	0.020988	0.3934948373910426	0.0533374215	0.2
1184.0	1	15	0.020952000000000002	0.39294944568096574	0.053319836	0.2
1184.5	1	15	0.020916	0.3924036940991825	0.05330225050000001	0.2
1185.0	1	15	0.020880000000000003	0.39185758228938855	0.053284665	0.2
1185.5	1	15	0.020844	0.3913111098948085	0.0532670795	0.2
1186.0	1	15	0.020808	0.390764276558196	0.05324949400000001	0.2
1186.5	1	15	0.020772000000000002	0.3902170819218327	0.0532319085	0.2
1187.0	1	15	0.020736	0.38966952562752705	0.053214323	0.2
1187.5	1	15	0.020700000000000003	0.38912160731661416	0.0531967375	0.2
1188.0	1	15	0.020664000000000002	0.3885733266299546	0.053179152	0.2
1188.5	1	15	0.020628	0.3880246832079337	0.05316156649999999	0.2
1189.0	1	15	0.020592000000000003	0.387475676690461	0.053143981	0.2
1189.5	1	15	0.020556	0.386926306716969	0.05312639550000001	0.2
1190.0	1	15	0.020520000000000004	0.38637657292641286	0.05310881	0.2
1190.5	1	15	0.020484000000000002	0.3858264749572691	0.05309122449999999	0.2
1191.0	1	15	0.020448	0.3852760124475354	0.053073639	0.2
1191.5	1	15	0.020412000000000003	0.3847251850347294	0.0530560535	0.2
1192.0	1	15	0.020376000000000002	0.3841739923558878	0.05303846800000001	0.2
1192.5	1	15	0.020340000000000004	0.38362243404756613	0.053020882500000005	0.2
1193.0	1	15	0.020304000000000003	0.3830705097458372	0.053003297	0.2
1193.5	1	15	0.020268	0.38251821908629086	0.052985711500000005	0.2
1194.0	1	15	0.020232	0.38196556170403306	0.052968126000000004	0.2
1194.5	1	15	0.020196000000000002	0.3814125372336851	0.052950540500000004	0.2
1195.0	1	15	0.02016	0.3808591453093824	0.052932955	0.2
1195.5	1	15	0.020124000000000003	0.3803053855647744	0.052915369500000003	0.2
1196.0	1	15	0.020088	0.379751257633023	0.052897784	0.2
1196.5	1	15	0.020052	0.3791967611468024	0.0528801985	0.2
1197.0	1	15	0.020016000000000003	0.3786418957382981	0.052862612999999996	0.2
1197.5	1	15	0.01998	0.37808666103920563	0.0528450275	0.2
1198.0	1	15	0.019944000000000003	0.3775310566807305	0.052827442	0.2
1198.5	1	15	0.019908000000000002	0.3769750822935866	0.0528098565	0.2
1199.0	1	15	0.019872	0.3764187375079962	0.052792271	0.2
1199.5	1	15	0.019836000000000003	0.37586202195368845	0.0527746855	0.2
1200.0	1	15	0.0198	0.37530493525989866	0.0527571	0.2
#mass result channel_or_id theo_cross_section ratio observed_limit
600.0	0	15	0.225	2.5337038922196147	0.0888028	0.25
600.5	0	15	0.2246	2.535608019836899	0.08857836	0.25
601.0	0	15	0.2242	2.5375218213294892	0.08835392	0.25
601.5	0	15	0.2238	2.539445370606975	0.08812948	0.25
602.0	0	15	0.22340000000000002	2.541378742333773	0.08790504	0.25
602.5	0	15	0.223	2.543322011938787	0.08768059999999998	0.25
603.0	0	15	0.2226	2.545275255625218	0.08745616	0.25
603.5	0	15	0.2222	2.547238550380527	0.08723171999999998	0.25
604.0	0	15	0.2218	2.5492119739865444	0.08700728	0.25
604.5	0	15	0.2214	2.55119560502975	0.08678284	0.25
605.0	0	15	0.221	2.5531895229116985	0.08655840000000001	0.25
605.5	0	15	0.22060000000000002	2.555193807859619	0.08633396	0.25
606.0	0	15	0.2202	2.557208540937169	0.08610952000000001	0.25
606.5	0	15	0.2198	2.5592338040553724	0.08588508	0.25
607.0	0	15	0.2194	2.5612696799837127	0.08566064	0.25
607.5	0	15	0.219	2.5633162523614113	0.08543619999999999	0.25
608.0	0	15	0.21860000000000002	2.5653736057088836	0.08521176	0.25
608.5	0	15	0.2182	2.567441825439371	0.08498732000000002	0.25
609.0	0	15	0.2178	2.569520997870766	0.08476288	0.25
609.5	0	15	0.2174	2.5716112102376147	0.08453844	0.25
610.0	0	15	0.217	2.5737125507033234	0.084314	0.25
610.5	0	15	0.21660000000000001	2.575825108372549	0.08408956000000002	0.25
611.0	0	15	0.2162	2.5779489733038004	0.08386511999999999	0.25
611.5	0	15	0.2158	2.580084236522228	0.08364068000000001	0.25
612.0	0	15	0.2154	2.5822309900326363	0.08341624	0.25
612.5	0	15	0.215	2.5843893268326923	0.08319180000000001	0.25
613.0	0	15	0.2146	2.5865593409263594	0.08296736000000002	0.25
613.5	0	15	0.2142	2.5887411273375416	0.08274292	0.25
614.0	0	15	0.2138	2.5909347821239557	0.08251847999999999	0.25
614.5	0	15	0.2134	2.5931404023912306	0.08229404	0.25
615.0	0	15	0.213	2.5953580863072316	0.0820696	0.25
615.5	0	15	0.2126	2.5975879331166314	0.08184516000000001	0.25
616.0	0	15	0.2122	2.599830043155708	0.08162072000000001	0.25
616.5	0	15	0.21180000000000002	2.6020845178674015	0.08139628	0.25
617.0	0	15	0.2114	2.604351459816606	0.08117184000000001	0.25
617.5	0	15	0.211	2.6066309727057324	0.0809474	0.25
618.0	0	15	0.2106	2.6089231613905137	0.08072296000000001	0.25
618.5	0	15	0.2102	2.6112281318960893	0.08049852	0.25
619.0	0	15	0.20980000000000001	2.6135459914333494	0.08027408000000001	0.25
619.5	0	15	0.2094	2.615876848415558	0.08004964	0.25
620.0	0	15	0.209	2.6182208124752577	0.07982520000000003	0.25
620.5	0	15	0.2086	2.62057799448146	0.07960076	0.25
621.0	0	15	0.2082	2.6229485065571194	0.07937631999999999	0.25
621.5	0	15	0.2078	2.6253324620969205	0.07915188000000001	0.25
622.0	0	15	0.2074	2.6277299757853543	0.07892744	0.25
622.5	0	15	0.20700000000000002	2.63014116361511	0.07870300000000001	0.25
623.0	0	15	0.2066	2.632566142905782	0.07847856	0.25
623.5	0	15	0.2062	2.635005032322898	0.07825412000000002	0.25
624.0	0	15	0.2058	2.6374579518972783	0.07802968	0.25
624.5	0	15	0.2054	2.6399250230447198	0.07780524000000001	0.25
625.0	0	15	0.20500000000000002	2.642406368586042	0.0775808	0.25
625.5	0	15	0.2046	2.6418705807257643	0.07744512600000002	0.25
626.0	0	15	0.2042	2.641332912306764	0.077309452	0.25
626.5	0	15	0.2038	2.640793353410792	0.077173778	0.25
627.0	0	15	0.2034	2.6402518940497286	0.07703810400000001	0.25
627.5	0	15	0.203	2.639708524164971	0.07690243000000001	0.25
628.0	0	15	0.2026	2.639163233626806	0.076766756	0.25
628.5	0	15	0.2022	2.6386160122337823	0.076631082	0.25
629.0	0	15	0.2018	2.638066849712077	0.076495408	0.25
629.5	0	15	0.2014	2.637515735714847	0.076359734	0.25
630.0	0	15	0.201	2.6369626598215836	0.07622406000000001	0.25
630.5	0	15	0.2006	2.6364076115374555	0.07608838600000001	0.25
631.0	0	15	0.2002	2.635850580292643	0.075952712	0.25
631.5	0	15	0.1998	2.6352915554416674	0.075817038	0.25
632.0	0	15	0.1994	2.6347305262627136	0.075681364	0.25
632.5	0	15	0.199	2.6341674819569456	0.07554569	0.25
633.0	0	15	0.1986	2.6336024116478103	0.07541001600000002	0.25
633.5	0	15	0.1982	2.6330353043803423	0.07527434200000001	0.25
634.0	0	15	0.1978	2.63246614912045	0.075138668	0.25
634.5	0	15	0.1974	2.631894934754204	0.075002994	0.25
635.0	0	15	0.197	2.631321650087114	0.07486732	0.25
635.5	0	15	0.1966	2.6307462838433935	0.074731646	0.25
636.0	0	15	0.19619999999999999	2.630168824665224	0.07459597200000001	0.25
636.5	0	15	0.1958	2.6295892611120086	0.07446029800000001	0.25
637.0	0	15	0.1954	2.629007581659612	0.074324624	0.25
637.5	0	15	0.195	2.6284237746996015	0.07418895	0.25
638.0	0	15	0.1946	2.62783782853847	0.074053276	0.25
638.5	0	15	0.1942	2.6272497313968604	0.07391760199999999	0.25
639.0	0	15	0.1938	2.626659471408771	0.073781928	0.25
639.5	0	15	0.19340000000000002	2.626067036620763	0.07364625400000001	0.25
640.0	0	15	0.193	2.625472414991148	0.07351058000000002	0.25
640.5	0	15	0.1926	2.624875594389177	0.073374906	0.25
641.0	0	15	0.1922	2.6242765625942117	0.07323923200000002	0.25
641.5	0	15	0.1918	2.6236753072948926	0.073103558	0.25
642.0	0	15	0.19140000000000001	2.6230718160882946	0.072967884	0.25
642.5	0	15	0.191	2.622466076479074	0.07283221000000001	0.25
643.0	0	15	0.1906	2.6218580758786083	0.072696536	0.25
643.5	0	15	0.1902	2.6212478016041207	0.07256086200000002	0.25
644.0	0	15	0.1898	2.6206352408778004	0.07242518800000002	0.25
644.5	0	15	0.1894	2.620020380825911	0.072289514	0.25
645.0	0	15	0.189	2.6194032084778858	0.07215384	0.25
645.5	0	15	0.1886	2.6187837107654195	0.07201816600000001	0.25
646.0	0	15	0.1882	2.6181618745215456	0.07188249199999999	0.25
646.5	0	15	0.1878	2.6175376864796984	0.071746818	0.25
647.0	0	15	0.1874	2.616911133272777	0.071611144	0.25
647.5	0	15	0.187	2.616282201432184	0.07147547	0.25
648.0	0	15	0.1866	2.6156508773868654	0.071339796	0.25
648.5	0	15	0.1862	2.6150171474623334	0.07120412200000001	0.25
649.0	0	15	0.1858	2.6143809978796777	0.07106844799999999	0.25
649.5	0	15	0.1854	2.6137424147545674	0.070932774	0.25
650.0	0	15	0.185	2.613101384096241	0.0707971	0.25
650.5	0	15	0.18481999999999998	2.6120272364257184	0.07075730200000001	0.25
651.0	0	15	0.18464	2.610951879749602	0.070717504	0.25
651.5	0	15	0.18445999999999999	2.6098753120255482	0.070677706	0.25
652.0	0	15	0.18428	2.608797531206615	0.070637908	0.25
652.5	0	15	0.18409999999999999	2.6077185352412404	0.07059811	0.25
653.0	0	15	0.18392	2.606638322073238	0.07055831199999998	0.25
653.5	0	15	0.18374	2.6055568896417753	0.070518514	0.25
654.0	0	15	0.18356	2.604474235881369	0.070478716	0.25
654.5	0	15	0.18338	2.6033903587218643	0.070438918	0.25
655.0	0	15	0.1832	2.6023052560884286	0.07039912	0.25
655.5	0	15	0.18302	2.6012189259015313	0.070359322	0.25
656.0	0	15	0.18284	2.600131366076938	0.070319524	0.25
656.5	0	15	0.18266	2.5990425745256887	0.07027972600000001	0.25
657.0	0	15	0.18248	2.5979525491540936	0.070239928	0.25
657.5	0	15	0.1823	2.5968612878637116	0.07020013	0.25
658.0	0	15	0.18212	2.5957687885513425	0.070160332	0.25
658.5	0	15	0.18194	2.59467504910901	0.070120534	0.25
659.0	0	15	0.18176	2.5935800674239493	0.070080736	0.25
659.5	0	15	0.18158	2.592483841378595	0.070040938	0.25
660.0	0	15	0.1814	2.5913863688505643	0.07000114	0.25
660.5	0	15	0.18122	2.5902876477126466	0.069961342	0.25
661.0	0	15	0.18104	2.589187675832788	0.069921544	0.25
661.5	0	15	0.18086	2.588086451074076	0.069881746	0.25
662.0	0	15	0.18068	2.5869839712947296	0.069841948	0.25
662.5	0	15	0.1805	2.5858802343480822	0.06980215000000001	0.25
663.0	0	15	0.18032	2.5847752380825693	0.069762352	0.25
663.5	0	15	0.18014	2.5836689803417126	0.06972255399999999	0.25
664.0	0	15	0.17996	2.582561458964109	0.069682756	0.25
664.5	0	15	0.17978	2.5814526717834125	0.069642958	0.25
665.0	0	15	0.1796	2.5803426166283256	0.06960316	0.25
665.5	0	15	0.17942	2.5792312913225786	0.069563362	0.25
666.0	0	15	0.17924	2.5781186936849214	0.069523564	0.25
666.5	0	15	0.17906	2.5770048215291035	0.069483766	0.25
667.0	0	15	0.17888	2.5758896726638665	0.069443968	0.25
667.5	0	15	0.1787	2.574773244892922	0.06940417	0.25
668.0	0	15	0.17852	2.573655536014945	0.069364372	0.25
668.5	0	15	0.17834	2.572536543823551	0.069324574	0.25
669.0	0	15	0.17816	2.57141626610729	0.069284776	0.25
669.5	0	15	0.17798	2.570294700649627	0.069244978	0.25
670.0	0	15	0.1778	2.5691718452289267	0.06920518	0.25
670.5	0	15	0.17762	2.5680476976184416	0.069165382	0.25
671.0	0	15	0.17744000000000001	2.5669222555862965	0.069125584	0.25
671.5	0	15	0.17726	2.5657955168954727	0.069085786	0.25
672.0	0	15	0.17708000000000002	2.564667479303794	0.069045988	0.25
672.5	0	15	0.1769	2.563538140563912	0.06900619	0.25
673.0	0	15	0.17672000000000002	2.56240749842329	0.068966392	0.25
673.5	0	15	0.17654	2.5612755506241904	0.068926594	0.25
674.0	0	15	0.17636000000000002	2.5601422949036565	0.068886796	0.25
674.5	0	15	0.17618	2.5590077289934996	0.068846998	0.25
675.0	0	15	0.176	2.557871850620284	0.06880719999999999	0.25
675.5	0	15	0.17582	2.5590022342293084	0.06870646600000001	0.25
676.0	0	15	0.17564000000000002	2.5601359373295516	0.068605732	0.25
676.5	0	15	0.17546	2.5612729745645715	0.068504998	0.25
677.0	0	15	0.17528	2.5624133606641832	0.06840426399999999	0.25
677.5	0	15	0.1751	2.563557110445097	0.06830353	0.25
678.0	0	15	0.17492	2.5647042388115584	0.068202796	0.25
678.5	0	15	0.17474	2.565854760755996	0.068102062	0.25
679.0	0	15	0.17456	2.5670086913596744	0.068001328	0.25
679.5	0	15	0.17438	2.568166045793355	0.067900594	0.25
680.0	0	15	0.1742	2.569326839317957	0.06779986	0.25
680.5	0	15	0.17402	2.5704910872852333	0.067699126	0.25
681.0	0	15	0.17384	2.571658805138442	0.067598392	0.25
681.5	0	15	0.17366	2.5728300084130327	0.067497658	0.25
682.0	0	15	0.17348	2.574004712737335	0.067396924	0.25
682.5	0	15	0.1733	2.5751829338332533	0.06729618999999999	0.25
683.0	0	15	0.17312	2.5763646875169655	0.067195456	0.25
683.5	0	15	0.17294	2.5775499896996372	0.067094722	0.25
684.0	0	15	0.17276	2.578738856388129	0.06699398799999999	0.25
684.5	0	15	0.17258	2.5799313036857203	0.066893254	0.25
685.0	0	15	0.1724	2.5811273477928367	0.06679252000000001	0.25
685.5	0	15	0.17222	2.5823270050077833	0.066691786	0.25
686.0	0	15	0.17204	2.583530291727483	0.066591052	0.25
686.5	0	15	0.17186	2.5847372244482276	0.06649031799999999	0.25
687.0	0	15	0.17168	2.585947819766426	0.066389584	0.25
687.5	0	15	0.1715	2.587162094379372	0.06628884999999998	0.25
688.0	0	15	0.17132	2.5883800650860045	0.06618811599999999	0.25
688.5	0	15	0.17114000000000001	2.589601748787689	0.066087382	0.25
689.0	0	15	0.17096	2.5908271624889934	0.065986648	0.25
689.5	0	15	0.17078000000000002	2.592056323298483	0.06588591399999999	0.25
690.0	0	15	0.1706	2.5932892484295094	0.06578518000000001	0.25
690.5	0	15	0.17042000000000002	2.594525955201023	0.065684446	0.25
691.0	0	15	0.17024	2.595766461038375	0.065583712	0.25
691.5	0	15	0.17006000000000002	2.5970107834741425	0.065482978	0.25
692.0	0	15	0.16988	2.5982589401489498	0.06538224399999999	0.25
692.5	0	15	0.16970000000000002	2.5995109488123056	0.06528151	0.25
693.0	0	15	0.16952	2.6007668273234428	0.065180776	0.25
693.5	0	15	0.16934000000000002	2.6020265936521683	0.06508004199999999	0.25
694.0	0	15	0.16916	2.603290265879717	0.064979308	0.25
694.5	0	15	0.16898000000000002	2.604557862199623	0.06487857399999998	0.25
695.0	0	15	0.1688	2.6058294009185863	0.06477783999999999	0.25
695.5	0	15	0.16862000000000002	2.6071049004573585	0.064677106	0.25
696.0	0	15	0.16844	2.6083843793516306	0.06457637199999999	0.25
696.5	0	15	0.16826000000000002	2.609667856252931	0.064475638	0.25
697.0	0	15	0.16808	2.6109553499295317	0.064374904	0.25
697.5	0	15	0.16790000000000002	2.612246879267364	0.06427416999999999	0.25
698.0	0	15	0.16772	2.6135424632709396	0.064173436	0.25
698.5	0	15	0.16754000000000002	2.614842121064288	0.064072702	0.25
699.0	0	15	0.16736	2.6161458718918893	0.06397196799999999	0.25
699.5	0	15	0.16718	2.6174537351196316	0.063871234	0.25
700.0	0	15	0.167	2.6187657302357676	0.0637705	0.25
700.5	0	15	0.16673500000000002	2.6079913478536008	0.06393234399999997	0.25
701.0	0	15	0.16647	2.597271378178627	0.06409418799999998	0.25
701.5	0	15	0.16620500000000002	2.5866054100570675	0.06425603199999999	0.25
702.0	0	15	0.16594	2.5759930364670827	0.064417876	0.25
702.5	0	15	0.16567500000000002	2.5654338544670066	0.06457972	0.25
703.0	0	15	0.16541	2.5549274651443397	0.06474156399999999	0.25
703.5	0	15	0.16514500000000001	2.544473473565518	0.064903408	0.25
704.0	0	15	0.16488	2.5340714887264255	0.06506525199999999	0.25
704.5	0	15	0.164615	2.5237211235036434	0.065227096	0.25
705.0	0	15	0.16435	2.5134219946064276	0.06538893999999999	0.25
705.5	0	15	0.164085	2.5031737225293904	0.065550784	0.25
706.0	0	15	0.16382000000000002	2.49297593150589	0.065712628	0.25
706.5	0	15	0.163555	2.4828282494620986	0.06587447199999999	0.25
707.0	0	15	0.16329000000000002	2.4727303079717533	0.066036316	0.25
707.5	0	15	0.163025	2.4626817422115663	0.06619815999999999	0.25
708.0	0	15	0.16276000000000002	2.4526821909172885	0.066360004	0.25
708.5	0	15	0.162495	2.4427312963404146	0.066521848	0.25
709.0	0	15	0.16223	2.4328287042055208	0.06668369199999999	0.25
709.5	0	15	0.161965	2.4229740636682155	0.06684553600000001	0.25
710.0	0	15	0.1617	2.4131670272737127	0.06700737999999999	0.25
710.5	0	15	0.161435	2.403407250915985	0.067169224	0.25
711.0	0	15	0.16117	2.393694393797526	0.067331068	0.25
711.5	0	15	0.16090500000000002	2.384028118389677	0.06749291199999999	0.25
712.0	0	15	0.16064	2.374408090393527	0.06765475599999998	0.25
712.5	0	15	0.16037500000000002	2.3648339787013803	0.06781659999999999	0.25
713.0	0	15	0.16011	2.3553054553587605	0.067978444	0.25
713.5	0	15	0.15984500000000001	2.34582219552697	0.068140288	0.25
714.0	0	15	0.15958	2.3363838774461687	0.06830213199999999	0.25
714.5	0	15	0.159315	2.326990182398989	0.06846397600000001	0.25
715.0	0	15	0.15905	2.3176407946746576	0.06862581999999999	0.25
715.5	0	15	0.158785	2.308335401533624	0.06878766399999998	0.25
716.0	0	15	0.15852	2.299073693172691	0.06894950799999999	0.25
716.5	0	15	0.158255	2.289855362690633	0.069111352	0.25
717.0	0	15	0.15799000000000002	2.280680106054296	0.069273196	0.25
717.5	0	15	0.157725	2.271547622065171	0.06943503999999999	0.25
718.0	0	15	0.15746000000000002	2.262457612326437	0.069596884	0.25
718.5	0	15	0.157195	2.2534097812104603	0.06975872799999999	0.25
719.0	0	15	0.15693000000000001	2.2444038358267435	0.069920572	0.25
719.5	0	15	0.156665	2.2354394859903235	0.07008241599999998	0.25
720.0	0	15	0.1564	2.2265164441906005	0.07024425999999999	0.25
720.5	0	15	0.156135	2.217634425560602	0.07040610399999998	0.25
721.0	0	15	0.15587	2.2087931478466687	0.07056794799999999	0.25
721.5	0	15	0.155605	2.199992331378551	0.070729792	0.25
722.0	0	15	0.15534	2.1912316990399265	0.070891636	0.25
722.5	0	15	0.15507500000000002	2.1825109762393065	0.07105347999999999	0.25
723.0	0	15	0.15481	2.1738298908813505	0.071215324	0.25
723.5	0	15	0.15454500000000002	2.165188173338567	0.07137716799999999	0.25
724.0	0	15	0.15428	2.156585556423396	0.071539012	0.25
724.5	0	15	0.154015	2.148021775360674	0.071700856	0.25
725.0	0	15	0.15375	2.139496567760465	0.07186270000000002	0.25
725.5	0	15	0.153485	2.1310096735912696	0.072024544	0.25
726.0	0	15	0.15322	2.122560835153575	0.07218638799999999	0.25
726.5	0	15	0.152955	2.114149797053783	0.07234823200000001	0.25
727.0	0	15	0.15269	2.1057763061784684	0.07251007599999999	0.25
727.5	0	15	0.152425	2.097440111668991	0.07267192	0.25
728.0	0	15	0.15216000000000002	2.089140964896446	0.072833764	0.25
728.5	0	15	0.151895	2.0808786194369397	0.07299560799999999	0.25
729.0	0	15	0.15163000000000001	2.072652831047205	0.073157452	0.25
729.5	0	15	0.151365	2.064463357640532	0.07331929599999999	0.25
730.0	0	15	0.1511	2.0563099592630163	0.07348114000000001	0.25
730.5	0	15	0.150835	2.0481923980701273	0.07364298399999998	0.25
731.0	0	15	0.15057	2.040110438303576	0.07380482799999999	0.25
731.5	0	15	0.15030500000000002	2.0320638462684926	0.07396667200000001	0.25
732.0	0	15	0.15004	2.024052390310903	0.07412851599999999	0.25
732.5	0	15	0.149775	2.016075840795495	0.07429036	0.25
733.0	0	15	0.14951	2.0081339700836796	0.074452204	0.25
733.5	0	15	0.14924500000000002	2.000226552511935	0.07461404799999999	0.25
734.0	0	15	0.14898	1.9923533643704312	0.074775892	0.25
734.5	0	15	0.148715	1.9845141838819367	0.07493773599999999	0.25
735.0	0	15	0.14845	1.9767087911809893	0.07509957999999999	0.25
735.5	0	15	0.148185	1.9689369682933453	0.07526142400000001	0.25
736.0	0	15	0.14792	1.9611984991156843	0.07542326799999997	0.25
736.5	0	15	0.147655	1.9534931693955817	0.075585112	0.25
737.0	0	15	0.14739000000000002	1.9458207667117349	0.07574695599999998	0.25
737.5	0	15	0.147125	1.9381810804544402	0.0759088	0.25
738.0	0	15	0.14686	1.9305739018063264	0.07607064399999998	0.25
738.5	0	15	0.146595	1.9229990237233239	0.076232488	0.25
739.0	0	15	0.14633000000000002	1.915456240915884	0.076394332	0.25
739.5	0	15	0.146065	1.9079453498304306	0.07655617599999999	0.25
740.0	0	15	0.1458	1.900466148631052	0.07671802	0.25
740.5	0	15	0.145535	1.8930184371814187	0.07687986399999999	0.25
741.0	0	15	0.14527	1.8856020170269332	0.077041708	0.25
741.5	0	15	0.145005	1.8782166913771015	0.077203552	0.25
742.0	0	15	0.14474	1.8708622650881281	0.077365396	0.25
742.5	0	15	0.14447500000000002	1.8635385446457273	0.07752724000000001	0.25
743.0	0	15	0.14421	1.8562453381481498	0.07768908399999999	0.25
743.5	0	15	0.14394500000000002	1.848982455289422	0.077850928	0.25
744.0	0	15	0.14368	1.8417497073427926	0.078012772	0.25
744.5	0	15	0.14341500000000001	1.8345469071443856	0.078174616	0.25
745.0	0	15	0.14315	1.8273738690770556	0.07833646	0.25
745.5	0	15	0.142885	1.8202304090544432	0.07849830399999999	0.25
746.0	0	15	0.14262	1.8131163445052252	0.078660148	0.25
746.5	0	15	0.142355	1.8060314943575648	0.078821992	0.25
747.0	0	15	0.14209	1.7989756790237434	0.078983836	0.25
747.5	0	15	0.141825	1.7919487203849915	0.07914568	0.25
748.0	0	15	0.14156000000000002	1.7849504417764956	0.07930752399999999	0.25
748.5	0	15	0.141295	1.7779806679725956	0.079469368	0.25
749.0	0	15	0.14103000000000002	1.7710392251721603	0.07963121199999999	0.25
749.5	0	15	0.140765	1.7641259409841377	0.079793056	0.25
750.0	0	15	0.1405	1.7572406444132882	0.0799549	0.25
750.5	0	15	0.140235	1.7503831658460811	0.08011674399999998	0.25
751.0	0	15	0.13997	1.7435533370367702	0.080278588	0.25
751.5	0	15	0.139705	1.7367509910936332	0.080440432	0.25
752.0	0	15	0.13944	1.7299759624653777	0.080602276	0.25
752.5	0	15	0.139175	1.72322808692771	0.08076412000000001	0.25
753.0	0	15	0.13891	1.7165072015700675	0.08092596399999998	0.25
753.5	0	15	0.13864500000000002	1.7098131447825058	0.08108780799999998	0.25
754.0	0	15	0.13838	1.703145756242747	0.08124965199999999	0.25
754.5	0	15	0.13811500000000002	1.69650487690338	0.081411496	0.25
755.0	0	15	0.13785	1.6898903489792132	0.08157334	0.25
755.5	0	15	0.137585	1.6833020159347782	0.08173518399999999	0.25
756.0	0	15	0.13732	1.6767397224719804	0.08189702799999998	0.25
756.5	0	15	0.137055	1.6702033145178992	0.08205887199999999	0.25
757.0	0	15	0.13679	1.6636926392127258	0.082220716	0.25
757.5	0	15	0.136525	1.6572075448978525	0.08238256	0.25
758.0	0	15	0.13626	1.6507478811040905	0.08254440399999997	0.25
758.5	0	15	0.135995	1.6443134985400378	0.082706248	0.25
759.0	0	15	0.13573000000000002	1.637904249080575	0.082868092	0.25
759.5	0	15	0.135465	1.6315199857554992	0.08302993599999998	0.25
760.0	0	15	0.1352	1.6251605627382897	0.08319177999999999	0.25
760.5	0	15	0.134935	1.618825835335006	0.083353624	0.25
761.0	0	15	0.13467	1.612515659973312	0.08351546800000001	0.25
761.5	0	15	0.134405	1.6062298941916298	0.083677312	0.25
762.0	0	15	0.13414	1.5999683966284204	0.08383915600000001	0.25
762.5	0	15	0.133875	1.5937310270115832	0.08400099999999999	0.25
763.0	0	15	0.13361	1.5875176461479843	0.084162844	0.25
763.5	0	15	0.133345	1.5813281159131	0.084324688	0.25
764.0	0	15	0.13308	1.5751622992407832	0.08448653199999999	0.25
764.5	0	15	0.13281500000000002	1.569020060113144	0.084648376	0.25
765.0	0	15	0.13255	1.5629012635505486	0.08481022	0.25
765.5	0	15	0.132285	1.556805775601732	0.08497206400000001	0.25
766.0	0	15	0.13202	1.550733463334022	0.085133908	0.25
766.5	0	15	0.131755	1.5446841948236767	0.08529575199999999	0.25
767.0	0	15	0.13149	1.5386578391463295	0.08545759599999998	0.25
767.5	0	15	0.131225	1.5326542663675449	0.08561943999999998	0.25
768.0	0	15	0.13096000000000002	1.5266733475334786	0.08578128399999999	0.25
768.5	0	15	0.130695	1.5207149546616456	0.085943128	0.25
769.0	0	15	0.13043	1.5147789607317912	0.08610497200000002	0.25
769.5	0	15	0.130165	1.508865239676865	0.086266816	0.25
770.0	0	15	0.12990000000000002	1.5029736663740942	0.08642865999999999	0.25
770.5	0	15	0.129635	1.4971041166361614	0.086590504	0.25
771.0	0	15	0.12937	1.4912564672024788	0.08675234799999999	0.25
771.5	0	15	0.129105	1.485430595730557	0.08691419199999999	0.25
772.0	0	15	0.12884	1.4796263807874765	0.087076036	0.25
772.5	0	15	0.128575	1.4738437018414479	0.08723787999999999	0.25
773.0	0	15	0.12831	1.4680824392534697	0.08739972399999998	0.25
773.5	0	15	0.12804500000000002	1.462342474269077	0.08756156799999999	0.25
774.0	0	15	0.12778	1.4566236890101814	0.087723412	0.25
774.5	0	15	0.127515	1.4509259664670033	0.08788525599999998	0.25
775.0	0	15	0.12725	1.4452491904900902	0.08804709999999999	0.25
775.5	0	15	0.12698500000000001	1.4395932457824234	0.088208944	0.25
776.0	0	15	0.12672	1.4339580178916138	0.08837078799999999	0.25
776.5	0	15	0.126455	1.4283433932021812	0.08853263200000001	0.25
777.0	0	15	0.12619	1.422749258927918	0.08869447599999998	0.25
777.5	0	15	0.125925	1.4171755031043378	0.08885631999999999	0.25
778.0	0	15	0.12566	1.411622014581204	0.089018164	0.25
778.5	0	15	0.125395	1.406088683015144	0.089180008	0.25
779.0	0	15	0.12513000000000002	1.4005753988623386	0.08934185199999999	0.25
779.5	0	15	0.124865	1.3950820533712933	0.089503696	0.25
780.0	0	15	0.1246	1.3896085385756893	0.08966554	0.25
780.5	0	15	0.124335	1.3841547472873084	0.089827384	0.25
781.0	0	15	0.12407	1.3787205730890368	0.089989228	0.25
781.5	0	15	0.123805	1.3733059103279437	0.090151072	0.25
782.0	0	15	0.12354000000000001	1.3679106541084336	0.090312916	0.25
782.5	0	15	0.123275	1.3625347002854717	0.09047476	0.25
783.0	0	15	0.12301000000000001	1.357177945457886	0.090636604	0.25
783.5	0	15	0.12274499999999999	1.351840286961733	0.090798448	0.25
784.0	0	15	0.12248	1.3465216228637438	0.090960292	0.25
784.5	0	15	0.122215	1.3412218519548313	0.09112213599999999	0.25
785.0	0	15	0.12195	1.3359408737436733	0.09128398	0.25
785.5	0	15	0.121685	1.3306785884503596	0.091445824	0.25
786.0	0	15	0.12142	1.325434897000107	0.091607668	0.25
786.5	0	15	0.121155	1.3202097010170437	0.091769512	0.25
787.0	0	15	0.12089	1.315002902818055	0.09193135599999998	0.25
787.5	0	15	0.12062500000000001	1.3098144054066967	0.09209320000000001	0.25
788.0	0	15	0.12036	1.304644112467173	0.092255044	0.25
788.5	0	15	0.12009500000000001	1.2994919283583755	0.092416888	0.25
789.0	0	15	0.11982999999999999	1.2943577581079853	0.092578732	0.25
789.5	0	15	0.119565	1.2892415074066395	0.092740576	0.25
790.0	0	15	0.1193	1.284143082602154	0.09290242	0.25
790.5	0	15	0.119035	1.2790623906938114	0.093064264	0.25
791.0	0	15	0.11877	1.2739993393267044	0.093226108	0.25
791.5	0	15	0.118505	1.2689538367861413	0.09338795200000001	0.25
792.0	0	15	0.11824	1.2639257919921065	0.09354979599999999	0.25
792.5	0	15	0.117975	1.2589151144937811	0.09371164	0.25
793.0	0	15	0.11771000000000001	1.2539217144641188	0.09387348399999998	0.25
793.5	0	15	0.117445	1.2489455026944767	0.094035328	0.25
794.0	0	15	0.11718	1.2439863905893058	0.094197172	0.25
794.5	0	15	0.11691499999999999	1.2390442901608894	0.09435901599999999	0.25
795.0	0	15	0.11665	1.2341191140241425	0.09452086	0.25
795.5	0	15	0.116385	1.2292107753914592	0.09468270399999999	0.25
796.0	0	15	0.11612	1.2243191880676156	0.094844548	0.25
796.5	0	15	0.115855	1.2194442664447251	0.095006392	0.25
797.0	0	15	0.11559	1.2145859254972426	0.09516823599999999	0.25
797.5	0	15	0.11532500000000001	1.2097440807770226	0.09533008	0.25
798.0	0	15	0.11506	1.2049186484084244	0.095491924	0.25
798.5	0	15	0.11479500000000001	1.2001095450834725	0.095653768	0.25
799.0	0	15	0.11452999999999999	1.195316688057057	0.095815612	0.25
799.5	0	15	0.114265	1.1905399951421927	0.09597745599999999	0.25
800.0	0	15	0.114	1.1857793847053184	0.09613929999999998	0.25
800.5	0	15	0.11383	1.185679145827702	0.09600405000000001	0.25
801.0	0	15	0.11366000000000001	1.1855786241196302	0.0958688	0.25
801.5	0	15	0.11349000000000001	1.1854778183823749	0.09573355	0.25
802.0	0	15	0.11332	1.1853767274104248	0.0955983	0.25
802.5	0	15	0.11315	1.1852753499914366	0.09546305	0.25
803.0	0	15	0.11298	1.185173684906187	0.09532779999999999	0.25
803.5	0	15	0.11281000000000001	1.1850717309285235	0.09519255	0.25
804.0	0	15	0.11264	1.1849694868253149	0.0950573	0.25
804.5	0	15	0.11247	1.1848669513564025	0.09492205	0.25
805.0	0	15	0.11230000000000001	1.184764123274549	0.09478679999999999	0.25
805.5	0	15	0.11213000000000001	1.1846610013253878	0.09465155	0.25
806.0	0	15	0.11196	1.1845575842473732	0.0945163	0.25
806.5	0	15	0.11179	1.184453870771728	0.09438105000000001	0.25
807.0	0	15	0.11162	1.1843498596223918	0.09424579999999998	0.25
807.5	0	15	0.11145000000000001	1.1842455495159683	0.09411055	0.25
808.0	0	15	0.11128	1.1841409391616735	0.09397529999999998	0.25
808.5	0	15	0.11111	1.1840360272612813	0.09384005	0.25
809.0	0	15	0.11094000000000001	1.183930812509071	0.0937048	0.25
809.5	0	15	0.11077000000000001	1.1838252935917721	0.09356955	0.25
810.0	0	15	0.1106	1.18371946918851	0.0934343	0.25
810.5	0	15	0.11043	1.1836133379707512	0.09329904999999998	0.25
811.0	0	15	0.11026	1.1835068986022468	0.0931638	0.25
811.5	0	15	0.11009000000000001	1.1834001497389781	0.09302855	0.25
812.0	0	15	0.10992	1.1832930900290979	0.09289330000000001	0.25
812.5	0	15	0.10975	1.1831857181128755	0.09275804999999998	0.25
813.0	0	15	0.10958000000000001	1.1830780326226373	0.09262279999999999	0.25
813.5	0	15	0.10941000000000001	1.1829700321827101	0.09248754999999999	0.25
814.0	0	15	0.10924	1.182861715409362	0.09235229999999998	0.25
814.5	0	15	0.10907	1.1827530809107427	0.09221705	0.25
815.0	0	15	0.1089	1.1826441272868256	0.09208179999999999	0.25
815.5	0	15	0.10873000000000001	1.1825348531293454	0.09194655	0.25
816.0	0	15	0.10856	1.1824252570217393	0.0918113	0.25
816.5	0	15	0.10839	1.1823153375390847	0.09167605	0.25
817.0	0	15	0.10822000000000001	1.1822050932480381	0.0915408	0.25
817.5	0	15	0.10805000000000001	1.1820945227067723	0.09140554999999999	0.25
818.0	0	15	0.10788	1.1819836244649136	0.0912703	0.25
818.5	0	15	0.10771	1.181872397063479	0.09113504999999998	0.25
819.0	0	15	0.10754	1.181760839034811	0.0909998	0.25
819.5	0	15	0.10737000000000001	1.1816489489025148	0.09086455	0.25
820.0	0	15	0.1072	1.1815367251813913	0.0907293	0.25
820.5	0	15	0.10703	1.1814241663773726	0.09059405	0.25
821.0	0	15	0.10686000000000001	1.1813112709874551	0.0904588	0.25
821.5	0	15	0.10669000000000001	1.1811980374996334	0.09032355	0.25
822.0	0	15	0.10652	1.1810844643928315	0.0901883	0.25
822.5	0	15	0.10635	1.1809705501368362	0.09005304999999998	0.25
823.0	0	15	0.10618	1.1808562931922268	0.08991779999999998	0.25
823.5	0	15	0.10601000000000001	1.180741692010307	0.08978255	0.25
824.0	0	15	0.10584	1.180626745033035	0.08964730000000001	0.25
824.5	0	15	0.10567	1.1805114506929515	0.08951205	0.25
825.0	0	15	0.10550000000000001	1.1803958074131096	0.0893768	0.25
825.5	0	15	0.10533000000000001	1.1802798136070025	0.08924155	0.25
826.0	0	15	0.10516	1.180163467678492	0.0891063	0.25
826.5	0	15	0.10499	1.180046768021733	0.08897105	0.25
827.0	0	15	0.10482	1.179929713021102	0.08883579999999999	0.25
827.5	0	15	0.10465	1.179812301051121	0.08870055	0.25
828.0	0	15	0.10448	1.179694530476383	0.08856529999999999	0.25
828.5	0	15	0.10431	1.179576399651476	0.08843005	0.25
829.0	0	15	0.10414000000000001	1.179457906920906	0.0882948	0.25
829.5	0	15	0.10397	1.1793390506190198	0.08815955	0.25
830.0	0	15	0.1038	1.1792198290699274	0.0880243	0.25
830.5	0	15	0.10363	1.1791002405874225	0.08788905	0.25
831.0	0	15	0.10346	1.1789802834749037	0.08775379999999999	0.25
831.5	0	15	0.10329	1.1788599560252937	0.08761855	0.25
832.0	0	15	0.10312	1.178739256520959	0.0874833	0.25
832.5	0	15	0.10295	1.1786181832336269	0.08734805	0.25
833.0	0	15	0.10278000000000001	1.1784967344243047	0.08721280000000001	0.25
833.5	0	15	0.10261	1.1783749083431954	0.08707755	0.25
834.0	0	15	0.10244	1.1782527032296133	0.0869423	0.25
834.5	0	15	0.10227	1.1781301173119003	0.08680705000000001	0.25
835.0	0	15	0.1021	1.17800714880734	0.08667179999999998	0.25
835.5	0	15	0.10193	1.17788379592207	0.08653654999999999	0.25
836.0	0	15	0.10176	1.1777600568509965	0.0864013	0.25
836.5	0	15	0.10159	1.1776359297777053	0.08626605	0.25
837.0	0	15	0.10142000000000001	1.1775114128743724	0.08613080000000001	0.25
837.5	0	15	0.10125	1.177386504301676	0.08599555000000002	0.25
838.0	0	15	0.10108	1.1772612022087041	0.08586030000000001	0.25
838.5	0	15	0.10091	1.177135504732864	0.08572505	0.25
839.0	0	15	0.10074	1.1770094099997896	0.0855898	0.25
839.5	0	15	0.10057	1.1768829161232492	0.08545455	0.25
840.0	0	15	0.1004	1.1767560212050499	0.0853193	0.25
840.5	0	15	0.10023	1.1766287233349435	0.08518405	0.25
841.0	0	15	0.10006000000000001	1.1765010205905315	0.08504880000000001	0.25
841.5	0	15	0.09989	1.1763729110371666	0.08491355	0.25
842.0	0	15	0.09972	1.176244392727856	0.0847783	0.25
842.5	0	15	0.09955	1.176115463703163	0.08464304999999998	0.25
843.0	0	15	0.09938	1.175986121991106	0.08450780000000001	0.25
843.5	0	15	0.09921	1.1758563656070606	0.08437255	0.25
844.0	0	15	0.09904	1.175726192553655	0.08423729999999999	0.25
844.5	0	15	0.09887	1.1755956008206696	0.08410205000000001	0.25
845.0	0	15	0.09870000000000001	1.175464588384933	0.08396680000000001	0.25
845.5	0	15	0.09853	1.1753331532102174	0.08383155	0.25
846.0	0	15	0.09836	1.1752012932471327	0.0836963	0.25
846.5	0	15	0.09819	1.1750690064330211	0.08356105	0.25
847.0	0	15	0.09802	1.1749362906918484	0.0834258	0.25
847.5	0	15	0.09785	1.1748031439340958	0.08329055	0.25
848.0	0	15	0.09768	1.1746695640566507	0.0831553	0.25
848.5	0	15	0.09751	1.1745355489426952	0.08302005	0.25
849.0	0	15	0.09734000000000001	1.174401096461595	0.08288480000000001	0.25
849.5	0	15	0.09717	1.1742662044687857	0.08274955	0.25
850.0	0	15	0.097	1.1741308708056595	0.0826143	0.25
850.5	0	15	0.09683	1.17399509329945	0.08247905	0.25
851.0	0	15	0.09666	1.1738588697631152	0.0823438	0.25
851.5	0	15	0.09649	1.1737221979952206	0.08220855000000002	0.25
852.0	0	15	0.09632	1.1735850757798212	0.0820733	0.25
852.5	0	15	0.09615	1.1734475008863403	0.08193805	0.25
853.0	0	15	0.09598000000000001	1.1733094710694498	0.08180280000000001	0.25
853.5	0	15	0.09581	1.173170984068948	0.08166754999999999	0.25
854.0	0	15	0.09564	1.1730320376096344	0.08153230000000002	0.25
854.5	0	15	0.09547	1.1728926294011883	0.08139705	0.25
855.0	0	15	0.0953	1.1727527571380403	0.0812618	0.25
855.5	0	15	0.09513	1.172612418499246	0.08112655	0.25
856.0	0	15	0.09496	1.172471611148358	0.0809913	0.25
856.5	0	15	0.09479	1.1723303327332957	0.08085605000000001	0.25
857.0	0	15	0.09462000000000001	1.1721885808862151	0.08072080000000001	0.25
857.5	0	15	0.09445	1.1720463532233756	0.08058555	0.25
858.0	0	15	0.09428	1.1719036473450068	0.0804503	0.25
858.5	0	15	0.09411	1.1717604608351735	0.08031505	0.25
859.0	0	15	0.09394	1.1716167912616395	0.0801798	0.25
859.5	0	15	0.09377	1.1714726361757297	0.08004454999999999	0.25
860.0	0	15	0.0936	1.171327993112191	0.0799093	0.25
860.5	0	15	0.09343	1.1711828595890519	0.07977404999999999	0.25
861.0	0	15	0.09326000000000001	1.1710372331074803	0.07963880000000001	0.25
861.5	0	15	0.09309	1.1708911111516405	0.07950355	0.25
862.0	0	15	0.09292	1.1707444911885476	0.0793683	0.25
862.5	0	15	0.09275	1.170597370667922	0.07923305	0.25
863.0	0	15	0.09258	1.170449747022041	0.07909780000000001	0.25
863.5	0	15	0.09241	1.1703016176655896	0.07896255	0.25
864.0	0	15	0.09224	1.1701529799955093	0.07882729999999999	0.25
864.5	0	15	0.09207	1.1700038313908456	0.07869205	0.25
865.0	0	15	0.09190000000000001	1.1698541692125952	0.07855680000000001	0.25
865.5	0	15	0.09173	1.1697039908035483	0.07842155	0.25
866.0	0	15	0.09156	1.1695532934881328	0.07828629999999999	0.25
866.5	0	15	0.09139	1.1694020745722546	0.07815105	0.25
867.0	0	15	0.09122	1.1692503313431382	0.0780158	0.25
867.5	0	15	0.09105	1.169098061069163	0.07788054999999999	0.25
868.0	0	15	0.09088	1.1689452609997002	0.0777453	0.25
868.5	0	15	0.09071	1.1687919283649475	0.07761005000000001	0.25
869.0	0	15	0.09054000000000001	1.168638060375761	0.07747480000000001	0.25
869.5	0	15	0.09037	1.168483654223486	0.07733955	0.25
870.0	0	15	0.0902	1.168328707079787	0.0772043	0.25
870.5	0	15	0.09003	1.1681732160964746	0.07706905	0.25
871.0	0	15	0.08986	1.1680171784053304	0.07693379999999998	0.25
871.5	0	15	0.08969	1.1678605911179312	0.07679855000000001	0.25
872.0	0	15	0.08952	1.1677034513254712	0.07666330000000002	0.25
872.5	0	15	0.08935	1.167545756098581	0.07652804999999999	0.25
873.0	0	15	0.08918000000000001	1.1673875024871454	0.07639280000000001	0.25
873.5	0	15	0.08901	1.167228687520121	0.07625755000000001	0.25
874.0	0	15	0.08884	1.1670693082053485	0.0761223	0.25
874.5	0	15	0.08867	1.1669093615293658	0.07598705000000001	0.25
875.0	0	15	0.0885	1.1667488444572178	0.0758518	0.25
875.5	0	15	0.08833	1.1665877539322644	0.07571655000000001	0.25
876.0	0	15	0.08816	1.1664260868759866	0.0755813	0.25
876.5	0	15	0.08799	1.1662638401877898	0.07544605	0.25
877.0	0	15	0.08782000000000001	1.1661010107448069	0.0753108	0.25
877.5	0	15	0.08765	1.1659375954016964	0.07517555000000001	0.25
878.0	0	15	0.08748	1.1657735909904412	0.0750403	0.25
878.5	0	15	0.08731	1.1656089943201426	0.07490505	0.25
879.0	0	15	0.08714	1.1654438021768148	0.0747698	0.25
879.5	0	15	0.08697	1.165278011323174	0.07463455000000001	0.25
880.0	0	15	0.0868	1.1651116184984287	0.0744993	0.25
880.5	0	15	0.08663	1.164944620418065	0.07436405	0.25
881.0	0	15	0.08646000000000001	1.1647770137736295	0.07422880000000001	0.25
881.5	0	15	0.08629	1.1646087952325135	0.07409355000000001	0.25
882.0	0	15	0.08612	1.164439961437729	0.0739583	0.25
882.5	0	15	0.08595	1.164270509007688	0.07382305	0.25
883.0	0	15	0.08578	1.1641004345359747	0.0736878	0.25
883.5	0	15	0.08561	1.1639297345911188	0.07355255000000001	0.25
884.0	0	15	0.08544	1.163758405716364	0.07341729999999999	0.25
884.5	0	15	0.08527	1.163586444429434	0.07328205	0.25
885.0	0	15	0.08510000000000001	1.1634138472222981	0.07314680000000001	0.25
885.5	0	15	0.08493	1.1632406105609316	0.07301155000000002	0.25
886.0	0	15	0.08476	1.163066730885075	0.0728763	0.25
886.5	0	15	0.08459	1.1628922046079895	0.07274105	0.25
887.0	0	15	0.08442	1.1627170281162111	0.0726058	0.25
887.5	0	15	0.08425	1.1625411977693008	0.07247055000000001	0.25
888.0	0	15	0.08408	1.1623647098995926	0.0723353	0.25
888.5	0	15	0.08391	1.1621875608119385	0.07220004999999999	0.25
889.0	0	15	0.08374000000000001	1.1620097467834505	0.07206480000000001	0.25
889.5	0	15	0.08357	1.1618312640632396	0.07192955000000001	0.25
890.0	0	15	0.0834	1.1616521088721528	0.0717943	0.25
890.5	0	15	0.08323	1.1614722774025052	0.07165905	0.25
891.0	0	15	0.08306	1.1612917658178117	0.0715238	0.25
891.5	0	15	0.08289	1.1611105702525124	0.07138855000000001	0.25
892.0	0	15	0.08272	1.1609286868116986	0.07125329999999999	0.25
892.5	0	15	0.08255	1.1607461115708317	0.07111805	0.25
893.0	0	15	0.08238000000000001	1.1605628405754633	0.07098280000000001	0.25
893.5	0	15	0.08221	1.1603788698409472	0.07084755000000001	0.25
894.0	0	15	0.08204	1.1601941953521522	0.0707123	0.25
894.5	0	15	0.08187	1.1600088130631698	0.07057705	0.25
895.0	0	15	0.0817	1.1598227188970185	0.0704418	0.25
895.5	0	15	0.08153	1.1596359087453445	0.07030655000000001	0.25
896.0	0	15	0.08136	1.15944837846812	0.07017130000000002	0.25
896.5	0	15	0.08119	1.1592601238933378	0.07003605	0.25
897.0	0	15	0.08102000000000001	1.1590711408167	0.06990080000000003	0.25
897.5	0	15	0.08085	1.158881425001308	0.06976555	0.25
898.0	0	15	0.08068	1.1586909721773422	0.0696303	0.25
898.5	0	15	0.08051	1.1584997780417454	0.06949505	0.25
899.0	0	15	0.08034	1.1583078382578957	0.0693598	0.25
899.5	0	15	0.08017	1.1581151484552805	0.06922455000000001	0.25
900.0	0	15	0.08	1.1579217042291643	0.0690893	0.25
900.5	0	15	0.07989	1.1567597556374338	0.069063606	0.25
901.0	0	15	0.07978	1.1555969421554928	0.069037912	0.25
901.5	0	15	0.07967	1.1544332628173175	0.069012218	0.25
902.0	0	15	0.07956	1.153268716655444	0.06898652400000001	0.25
902.5	0	15	0.07945	1.1521033027009682	0.06896083	0.25
903.0	0	15	0.07934000000000001	1.1509370199835394	0.06893513600000001	0.25
903.5	0	15	0.07923	1.1497698675313608	0.068909442	0.25
904.0	0	15	0.07912	1.1486018443711858	0.06888374800000001	0.25
904.5	0	15	0.07901	1.147432949528315	0.068858054	0.25
905.0	0	15	0.0789	1.1462631820265932	0.06883236000000001	0.25
905.5	0	15	0.07879	1.1450925408884074	0.068806666	0.25
906.0	0	15	0.07868	1.1439210251346839	0.06878097200000001	0.25
906.5	0	15	0.07857	1.1427486337848856	0.068755278	0.25
907.0	0	15	0.07846	1.1415753658570085	0.068729584	0.25
907.5	0	15	0.07835	1.1404012203675804	0.06870389	0.25
908.0	0	15	0.07824	1.1392261963316566	0.06867819600000001	0.25
908.5	0	15	0.07813	1.1380502927628187	0.068652502	0.25
909.0	0	15	0.07802	1.1368735086731703	0.06862680800000001	0.25
909.5	0	15	0.07791000000000001	1.1356958430733355	0.068601114	0.25
910.0	0	15	0.07780000000000001	1.1345172949724553	0.06857542	0.25
910.5	0	15	0.07769	1.1333378633781845	0.068549726	0.25
911.0	0	15	0.07758	1.1321575472966914	0.068524032	0.25
911.5	0	15	0.07747	1.1309763457326512	0.068498338	0.25
912.0	0	15	0.07736	1.129794257689246	0.068472644	0.25
912.5	0	15	0.07725	1.1286112821681609	0.06844695	0.25
913.0	0	15	0.07714	1.1274274181695816	0.068421256	0.25
913.5	0	15	0.07703	1.1262426646921915	0.06839556200000001	0.25
914.0	0	15	0.07692	1.1250570207331687	0.068369868	0.25
914.5	0	15	0.07681	1.1238704852881827	0.06834417400000001	0.25
915.0	0	15	0.0767	1.122683057351393	0.06831848	0.25
915.5	0	15	0.07659	1.121494735915445	0.06829278600000001	0.25
916.0	0	15	0.07648	1.1203055199714675	0.06826709199999999	0.25
916.5	0	15	0.07637000000000001	1.1191154085090695	0.06824139800000001	0.25
917.0	0	15	0.07626000000000001	1.1179244005163387	0.068215704	0.25
917.5	0	15	0.07615	1.1167324949798363	0.06819001000000001	0.25
918.0	0	15	0.07604	1.1155396908845971	0.068164316	0.25
918.5	0	15	0.07593	1.1143459872141235	0.068138622	0.25
919.0	0	15	0.07582	1.113151382950385	0.068112928	0.25
919.5	0	15	0.07571	1.1119558770738136	0.06808723400000002	0.25
920.0	0	15	0.0756	1.110759468563303	0.06806154	0.25
920.5	0	15	0.07549	1.1095621563962033	0.068035846	0.25
921.0	0	15	0.07538	1.1083639395483191	0.068010152	0.25
921.5	0	15	0.07527	1.1071648169939077	0.067984458	0.25
922.0	0	15	0.07516	1.105964787705674	0.067958764	0.25
922.5	0	15	0.07505	1.1047638506547697	0.06793307	0.25
923.0	0	15	0.07494	1.1035620048107881	0.067907376	0.25
923.5	0	15	0.07483000000000001	1.1023592491417642	0.067881682	0.25
924.0	0	15	0.07472000000000001	1.1011555826141681	0.067855988	0.25
924.5	0	15	0.07461	1.0999510041929053	0.067830294	0.25
925.0	0	15	0.0745	1.0987455128413115	0.0678046	0.25
925.5	0	15	0.07439	1.0975391075211511	0.067778906	0.25
926.0	0	15	0.07428	1.096331787192613	0.06775321200000001	0.25
926.5	0	15	0.07417	1.0951235508143087	0.067727518	0.25
927.0	0	15	0.07406	1.093914397343268	0.06770182400000001	0.25
927.5	0	15	0.07395	1.0927043257349378	0.06767613	0.25
928.0	0	15	0.07384	1.0914933349431775	0.06765043600000001	0.25
928.5	0	15	0.07373	1.090281423920257	0.067624742	0.25
929.0	0	15	0.07362	1.0890685916168523	0.06759904800000001	0.25
929.5	0	15	0.07351	1.0878548369820449	0.067573354	0.25
930.0	0	15	0.0734	1.0866401589633157	0.06754766000000001	0.25
930.5	0	15	0.07329000000000001	1.085424556506545	0.06752196599999999	0.25
931.0	0	15	0.07318	1.0842080285560067	0.067496272	0.25
931.5	0	15	0.07307	1.0829905740543677	0.067470578	0.25
932.0	0	15	0.07296	1.0817721919426833	0.067444884	0.25
932.5	0	15	0.07285	1.0805528811603935	0.06741919	0.25
933.0	0	15	0.07274	1.0793326406453227	0.06739349600000001	0.25
933.5	0	15	0.07263	1.0781114693336735	0.067367802	0.25
934.0	0	15	0.07252	1.0768893661600258	0.067342108	0.25
934.5	0	15	0.07241	1.075666330057332	0.067316414	0.25
935.0	0	15	0.0723	1.0744423599569153	0.06729072000000001	0.25
935.5	0	15	0.07219	1.073217454788466	0.067265026	0.25
936.0	0	15	0.07208	1.071991613480039	0.067239332	0.25
936.5	0	15	0.07197	1.0707648349580483	0.067213638	0.25
937.0	0	15	0.07186000000000001	1.0695371181472677	0.067187944	0.25
937.5	0	15	0.07175000000000001	1.0683084619708243	0.06716225	0.25
938.0	0	15	0.07164000000000001	1.0670788653501977	0.067136556	0.25
938.5	0	15	0.07153	1.0658483272052144	0.06711086200000001	0.25
939.0	0	15	0.07142	1.0646168464540477	0.067085168	0.25
939.5	0	15	0.07131	1.0633844220132116	0.06705947400000001	0.25
940.0	0	15	0.0712	1.0621510527975597	0.06703378	0.25
940.5	0	15	0.07109	1.0609167377202806	0.067008086	0.25
941.0	0	15	0.07098	1.0596814756928956	0.06698239199999999	0.25
941.5	0	15	0.07087	1.0584452656252554	0.066956698	0.25
942.0	0	15	0.07076	1.0572081064255363	0.066931004	0.25
942.5	0	15	0.07065	1.0559699970002383	0.06690531	0.25
943.0	0	15	0.07054	1.0547309362541795	0.066879616	0.25
943.5	0	15	0.07043	1.0534909230904959	0.066853922	0.25
944.0	0	15	0.07032000000000001	1.0522499564106353	0.066828228	0.25
944.5	0	15	0.07021000000000001	1.0510080351143567	0.06680253400000001	0.25
945.0	0	15	0.0701	1.0497651580997243	0.06677684	0.25
945.5	0	15	0.06999	1.048521324263107	0.066751146	0.25
946.0	0	15	0.06988	1.0472765324991729	0.06672545199999999	0.25
946.5	0	15	0.06977	1.0460307817008871	0.066699758	0.25
947.0	0	15	0.06966	1.0447840707595084	0.066674064	0.25
947.5	0	15	0.06955	1.043536398564586	0.06664837	0.25
948.0	0	15	0.06944	1.0422877640039556	0.066622676	0.25
948.5	0	15	0.06933	1.0410381659637369	0.066596982	0.25
949.0	0	15	0.06922	1.0397876033283298	0.066571288	0.25
949.5	0	15	0.06911	1.0385360749804113	0.066545594	0.25
950.0	0	15	0.069	1.0372835798009319	0.06651989999999999	0.25
950.5	0	15	0.06889	1.0360301166691126	0.066494206	0.25
951.0	0	15	0.06878000000000001	1.0347756844624416	0.066468512	0.25
951.5	0	15	0.06867000000000001	1.0335202820566702	0.066442818	0.25
952.0	0	15	0.06856000000000001	1.032263908325811	0.066417124	0.25
952.5	0	15	0.06845	1.0310065621421318	0.06639143	0.25
953.0	0	15	0.06834	1.0297482423761564	0.066365736	0.25
953.5	0	15	0.06823	1.0284889478966563	0.066340042	0.25
954.0	0	15	0.06812	1.0272286775706518	0.066314348	0.25
954.5	0	15	0.06801	1.0259674302634052	0.066288654	0.25
955.0	0	15	0.0679	1.0247052048384195	0.06626296000000001	0.25
955.5	0	15	0.06779	1.023442000157434	0.066237266	0.25
956.0	0	15	0.06768	1.0221778150804215	0.06621157199999998	0.25
956.5	0	15	0.06757	1.0209126484655835	0.066185878	0.25
957.0	0	15	0.06746	1.0196464991693495	0.066160184	0.25
957.5	0	15	0.06735000000000001	1.01837936604637	0.06613449	0.25
958.0	0	15	0.06724000000000001	1.0171112479495166	0.066108796	0.25
958.5	0	15	0.06713	1.015842143729875	0.066083102	0.25
959.0	0	15	0.06702	1.0145720522367454	0.066057408	0.25
959.5	0	15	0.06691	1.013300972317635	0.066031714	0.25
960.0	0	15	0.0668	1.012028902818258	0.06600602	0.25
960.5	0	15	0.06669	1.0107558425825298	0.06598032599999999	0.25
961.0	0	15	0.06658	1.0094817904525644	0.065954632	0.25
961.5	0	15	0.06647	1.0082067452686712	0.06592893799999999	0.25
962.0	0	15	0.06636	1.00693070586935	0.065903244	0.25
962.5	0	15	0.06625	1.00565367109129	0.06587754999999999	0.25
963.0	0	15	0.06614	1.0043756397693635	0.06585185600000001	0.25
963.5	0	15	0.06603	1.0030966107366248	0.065826162	0.25
964.0	0	15	0.06592	1.0018165828243046	0.065800468	0.25
964.5	0	15	0.06581000000000001	1.0005355548618078	0.065774774	0.25
965.0	1	15	0.06570000000000001	0.9992535256767092	0.06574908	0.25
965.5	1	15	0.06559000000000001	0.9979704940947506	0.065723386	0.25
966.0	1	15	0.06548000000000001	0.9966864589398362	0.065697692	0.25
966.5	1	15	0.06537	0.9954014190340303	0.065671998	0.25
967.0	1	15	0.06526	0.9941153731975527	0.065646304	0.25
967.5	1	15	0.06515	0.9928283202487755	0.06562061	0.25
968.0	1	15	0.06504	0.9915402590042192	0.065594916	0.25
968.5	1	15	0.06493	0.9902511882785494	0.065569222	0.25
969.0	1	15	0.06482	0.988961106884573	0.065543528	0.25
969.5	1	15	0.06471	0.9876700136332347	0.065517834	0.25
970.0	1	15	0.0646	0.9863779073336129	0.06549214	0.25
970.5	1	15	0.06449	0.9850847867929169	0.065466446	0.25
971.0	1	15	0.06438	0.9837906508164823	0.06544075199999999	0.25
971.5	1	15	0.06427000000000001	0.9824954982077675	0.065415058	0.25
972.0	1	15	0.06416	0.9811993277683508	0.065389364	0.25
972.5	1	15	0.06405	0.979902138297926	0.06536367	0.25
973.0	1	15	0.06394	0.9786039285942988	0.06533797599999998	0.25
973.5	1	15	0.06383	0.9773046974533824	0.065312282	0.25
974.0	1	15	0.06372	0.976004443669196	0.06528658799999999	0.25
974.5	1	15	0.06361	0.9747031660338579	0.065260894	0.25
975.0	1	15	0.0635	0.9734008633375847	0.0652352	0.25
975.5	1	15	0.06339	0.9720975343686855	0.065209506	0.25
976.0	1	15	0.06328	0.9707931779135595	0.065183812	0.25
976.5	1	15	0.06317	0.9694877927566907	0.06515811800000001	0.25
977.0	1	15	0.06306	0.9681813776806466	0.065132424	0.25
977.5	1	15	0.06295	0.9668739314660713	0.06510673	0.25
978.0	1	15	0.06284000000000001	0.9655654528916844	0.065081036	0.25
978.5	1	15	0.06273000000000001	0.9642559407342752	0.065055342	0.25
979.0	1	15	0.06262000000000001	0.9629453937687009	0.065029648	0.25
979.5	1	15	0.06251000000000001	0.9616338107678805	0.065003954	0.25
980.0	1	15	0.062400000000000004	0.9603211905027929	0.06497826	0.25
980.5	1	15	0.06229	0.959007531742472	0.06495256599999999	0.25
981.0	1	15	0.06218	0.9576928332540031	0.064926872	0.25
981.5	1	15	0.06207	0.9563770938025195	0.06490117799999999	0.25
982.0	1	15	0.06196	0.9550603121511972	0.06487548400000001	0.25
982.5	1	15	0.06185	0.9537424870612535	0.06484978999999999	0.25
983.0	1	15	0.06174	0.9524236172919404	0.064824096	0.25
983.5	1	15	0.061630000000000004	0.9511037016005428	0.06479840199999999	0.25
984.0	1	15	0.061520000000000005	0.9497827387423728	0.06477270800000001	0.25
984.5	1	15	0.061410000000000006	0.9484607274707683	0.06474701399999998	0.25
985.0	1	15	0.06130000000000001	0.9471376665370856	0.06472131999999998	0.25
985.5	1	15	0.06119000000000001	0.9458135546906992	0.06469562599999999	0.25
986.0	1	15	0.06108	0.9444883906789944	0.064669932	0.25
986.5	1	15	0.06097	0.9431621732473667	0.06464423799999999	0.25
987.0	1	15	0.060860000000000004	0.9418349011392149	0.064618544	0.25
987.5	1	15	0.06075	0.9405065730959387	0.06459285000000001	0.25
988.0	1	15	0.06064	0.9391771878569346	0.064567156	0.25
988.5	1	15	0.06053	0.9378467441595917	0.064541462	0.25
989.0	1	15	0.06042	0.9365152407392872	0.064515768	0.25
989.5	1	15	0.06031	0.9351826763293838	0.064490074	0.25
990.0	1	15	0.060200000000000004	0.933849049661224	0.06446438	0.25
990.5	1	15	0.060090000000000005	0.932514359464127	0.064438686	0.25
991.0	1	15	0.059980000000000006	0.9311786044653851	0.06441299199999997	0.25
991.5	1	15	0.05987000000000001	0.9298417833902582	0.064387298	0.25
992.0	1	15	0.05976000000000001	0.9285038949619717	0.06436160399999999	0.25
992.5	1	15	0.05965000000000001	0.9271649379017102	0.06433591	0.25
993.0	1	15	0.05954	0.9258249109286153	0.064310216	0.25
993.5	1	15	0.059430000000000004	0.9244838127597808	0.064284522	0.25
994.0	1	15	0.059320000000000005	0.9231416421102485	0.06425882799999998	0.25
994.5	1	15	0.05921	0.9217983976930038	0.064233134	0.25
995.0	1	15	0.0591	0.9204540782189728	0.06420744	0.25
995.5	1	15	0.05899	0.9191086823970168	0.064181746	0.25
996.0	1	15	0.05888	0.9177622089339289	0.064156052	0.25
996.5	1	15	0.05877	0.9164146565344296	0.064130358	0.25
997.0	1	15	0.058660000000000004	0.9150660239011628	0.06410466399999999	0.25
997.5	1	15	0.058550000000000005	0.9137163097346915	0.06407897	0.25
998.0	1	15	0.058440000000000006	0.9123655127334941	0.06405327599999999	0.25
998.5	1	15	0.05833000000000001	0.9110136315939591	0.064027582	0.25
999.0	1	15	0.05822000000000001	0.9096606650103825	0.06400188799999999	0.25
999.5	1	15	0.05811	0.9083066116749615	0.063976194	0.25
1000.0	1	15	0.058	0.9069514702777931	0.0639505	0.25
1000.5	1	15	0.057920000000000006	0.9062444080929662	0.06391211849999998	0.25
1001.0	1	15	0.05784	0.9055364961658655	0.063873737	0.25
1001.5	1	15	0.057760000000000006	0.9048277329637494	0.0638353555	0.25
1002.0	1	15	0.05768	0.9041181169501865	0.06379697399999999	0.25
1002.5	1	15	0.057600000000000005	0.9034076465850468	0.06375859249999999	0.25
1003.0	1	15	0.05752	0.9026963203244887	0.063720211	0.25
1003.5	1	15	0.057440000000000005	0.9019841366209495	0.0636818295	0.25
1004.0	1	15	0.05736	0.9012710939231326	0.06364344799999999	0.25
1004.5	1	15	0.057280000000000005	0.9005571906759977	0.06360506649999999	0.25
1005.0	1	15	0.0572	0.8998424253207479	0.063566685	0.25
1005.5	1	15	0.057120000000000004	0.8991267962948202	0.0635283035	0.25
1006.0	1	15	0.05704	0.8984103020318722	0.06348992199999999	0.25
1006.5	1	15	0.056960000000000004	0.8976929409617723	0.0634515405	0.25
1007.0	1	15	0.05688	0.8969747115105873	0.063413159	0.25
1007.5	1	15	0.0568	0.8962556121005713	0.06337477749999998	0.25
1008.0	1	15	0.05672	0.8955356411501534	0.06333639599999999	0.25
1008.5	1	15	0.05664	0.8948147970739272	0.0632980145	0.25
1009.0	1	15	0.056560000000000006	0.894093078282639	0.063259633	0.25
1009.5	1	15	0.05648	0.8933704831831747	0.06322125149999999	0.25
1010.0	1	15	0.056400000000000006	0.8926470101785502	0.06318287	0.25
1010.5	1	15	0.05632	0.8919226576678977	0.0631444885	0.25
1011.0	1	15	0.056240000000000005	0.8911974240464557	0.063106107	0.25
1011.5	1	15	0.05616	0.8904713077055555	0.06306772549999999	0.25
1012.0	1	15	0.056080000000000005	0.8897443070326101	0.063029344	0.25
1012.5	1	15	0.056	0.8890164204111026	0.0629909625	0.25
1013.0	1	15	0.055920000000000004	0.8882876462205737	0.062952581	0.25
1013.5	1	15	0.05584	0.8875579828366092	0.06291419949999999	0.25
1014.0	1	15	0.055760000000000004	0.8868274286308292	0.062875818	0.25
1014.5	1	15	0.05568	0.886095981970875	0.0628374365	0.25
1015.0	1	15	0.055600000000000004	0.8853636412203975	0.06279905499999999	0.25
1015.5	1	15	0.05552	0.8846304047390443	0.06276067349999999	0.25
1016.0	1	15	0.05544	0.883896270882448	0.062722292	0.25
1016.5	1	15	0.05536	0.8831612380022144	0.0626839105	0.25
1017.0	1	15	0.05528	0.8824253044459088	0.06264552899999999	0.25
1017.5	1	15	0.0552	0.8816884685570445	0.0626071475	0.25
1018.0	1	15	0.05512	0.880950728675071	0.062568766	0.25
1018.5	1	15	0.055040000000000006	0.8802120831353597	0.0625303845	0.25
1019.0	1	15	0.05496	0.879472530269193	0.062492003	0.25
1019.5	1	15	0.054880000000000005	0.8787320684037516	0.062453621499999994	0.25
1020.0	1	15	0.0548	0.8779906958621004	0.06241523999999999	0.25
1020.5	1	15	0.054720000000000005	0.8772484109631782	0.062376858499999986	0.25
1021.0	1	15	0.05464	0.8765052120217823	0.062338476999999996	0.25
1021.5	1	15	0.054560000000000004	0.8757610973485588	0.0623000955	0.25
1022.0	1	15	0.05448	0.8750160652499867	0.06226171399999999	0.25
1022.5	1	15	0.054400000000000004	0.8742701140283672	0.0622233325	0.25
1023.0	1	15	0.05432	0.8735232419818101	0.062184950999999995	0.25
1023.5	1	15	0.054240000000000003	0.8727754474042209	0.062146569500000005	0.25
1024.0	1	15	0.05416	0.8720267285852874	0.06210818799999999	0.25
1024.5	1	15	0.05408	0.8712770838104675	0.062069806500000005	0.25
1025.0	1	15	0.054000000000000006	0.8705265113609757	0.062031424999999994	0.25
1025.5	1	15	0.05392	0.8697750095137692	0.0619930435	0.25
1026.0	1	15	0.05384	0.8690225765415363	0.061954661999999994	0.25
1026.5	1	15	0.05376	0.8682692107126817	0.061916280500000004	0.25
1027.0	1	15	0.053680000000000005	0.8675149102913143	0.06187789899999999	0.25
1027.5	1	15	0.0536	0.8667596735372329	0.061839517499999996	0.25
1028.0	1	15	0.053520000000000005	0.866003498705914	0.061801135999999986	0.25
1028.5	1	15	0.05344	0.8652463840484965	0.061762754499999996	0.25
1029.0	1	15	0.053360000000000005	0.8644883278117707	0.061724373	0.25
1029.5	1	15	0.05328	0.8637293282381625	0.061685991499999995	0.25
1030.0	1	15	0.053200000000000004	0.8629693835657215	0.06164760999999999	0.25
1030.5	1	15	0.05312	0.8622084920281059	0.061609228499999995	0.25
1031.0	1	15	0.053040000000000004	0.8614466518545701	0.061570847	0.25
1031.5	1	15	0.05296	0.8606838612699503	0.06153246549999999	0.25
1032.0	1	15	0.05288	0.8599201184946508	0.061494084	0.25
1032.5	1	15	0.0528	0.8591554217446299	0.061455702499999994	0.25
1033.0	1	15	0.05272	0.8583897692313868	0.061417321	0.25
1033.5	1	15	0.052640000000000006	0.857623159161947	0.06137893949999999	0.25
1034.0	1	15	0.05256	0.8568555897388479	0.061340557999999996	0.25
1034.5	1	15	0.05248	0.8560870591601262	0.0613021765	0.25
1035.0	1	15	0.0524	0.8553175656193026	0.061263794999999996	0.25
1035.5	1	15	0.052320000000000005	0.8545471073053676	0.061225413500000006	0.25
1036.0	1	15	0.05224	0.853775682402768	0.061187031999999995	0.25
1036.5	1	15	0.052160000000000005	0.8530032890913922	0.0611486505	0.25
1037.0	1	15	0.05208	0.852229925546556	0.06111026899999999	0.25
1037.5	1	15	0.052000000000000005	0.851455589938988	0.0610718875	0.25
1038.0	1	15	0.05192	0.8506802804348157	0.06103350599999999	0.25
1038.5	1	15	0.051840000000000004	0.8499039951955505	0.060995124500000004	0.25
1039.0	1	15	0.05176	0.8491267323780735	0.060956742999999994	0.25
1039.5	1	15	0.051680000000000004	0.8483484901346207	0.0609183615	0.25
1040.0	1	15	0.0516	0.8475692666127682	0.06087998	0.25
1040.5	1	15	0.05152	0.8467890599554186	0.06084159849999999	0.25
1041.0	1	15	0.05144	0.8460078683007841	0.060803217	0.25
1041.5	1	15	0.05136	0.8452256897823743	0.06076483549999999	0.25
1042.0	1	15	0.051280000000000006	0.844442522528979	0.060726454	0.25
1042.5	1	15	0.0512	0.8436583646646547	0.0606880725	0.25
1043.0	1	15	0.05112	0.8428732143087093	0.060649691000000006	0.25
1043.5	1	15	0.05104	0.8420870695756871	0.06061130949999999	0.25
1044.0	1	15	0.050960000000000005	0.8412999285753531	0.060572928000000005	0.25
1044.5	1	15	0.05088	0.8405117894126787	0.0605345465	0.25
1045.0	1	15	0.050800000000000005	0.8397226501878261	0.060496165	0.25
1045.5	1	15	0.05072	0.8389325089961328	0.06045778350000001	0.25
1046.0	1	15	0.050640000000000004	0.8381413639280972	0.06041940199999999	0.25
1046.5	1	15	0.05056	0.8373492130693617	0.0603810205	0.25
1047.0	1	15	0.050480000000000004	0.836556054500699	0.060342638999999997	0.25
1047.5	1	15	0.0504	0.8357618862979949	0.06030425749999999	0.25
1048.0	1	15	0.050320000000000004	0.834966706532234	0.060265875999999996	0.25
1048.5	1	15	0.05024	0.8341705132694835	0.0602274945	0.25
1049.0	1	15	0.05016	0.8333733045708782	0.060189112999999995	0.25
1049.5	1	15	0.05008	0.8325750784926033	0.0601507315	0.25
1050.0	1	15	0.05	0.8317758330858801	0.060112349999999995	0.25
1050.5	1	15	0.049920000000000006	0.8309755663969496	0.0600739685	0.25
1051.0	1	15	0.04984	0.8301742764670561	0.06003558700000001	0.25
1051.5	1	15	0.04976	0.8293719613324324	0.0599972055	0.25
1052.0	1	15	0.04968	0.8285686190242825	0.059958823999999994	0.25
1052.5	1	15	0.049600000000000005	0.827764247568766	0.05992044249999999	0.25
1053.0	1	15	0.04952	0.826958844986982	0.05988206099999999	0.25
1053.5	1	15	0.049440000000000005	0.8261524092949534	0.05984367949999999	0.25
1054.0	1	15	0.04936	0.8253449385036088	0.059805298	0.25
1054.5	1	15	0.049280000000000004	0.8245364306187689	0.059766916499999996	0.25
1055.0	1	15	0.0492	0.8237268836411273	0.059728535	0.25
1055.5	1	15	0.049120000000000004	0.8229162955662362	0.05969015349999999	0.25
1056.0	1	15	0.04904	0.822104664384488	0.059651772	0.25
1056.5	1	15	0.048960000000000004	0.8212919880811007	0.0596133905	0.25
1057.0	1	15	0.04888	0.8204782646360994	0.059575009	0.25
1057.5	1	15	0.0488	0.8196634920243006	0.0595366275	0.25
1058.0	1	15	0.04872	0.818847668215295	0.05949824599999999	0.25
1058.5	1	15	0.04864	0.818030791173431	0.0594598645	0.25
1059.0	1	15	0.048560000000000006	0.8172128588577974	0.059421483	0.25
1059.5	1	15	0.04848	0.8163938692222062	0.05938310150000001	0.25
1060.0	1	15	0.0484	0.8155738202151767	0.059344720000000004	0.25
1060.5	1	15	0.04832	0.8147527097799168	0.0593063385	0.25
1061.0	1	15	0.048240000000000005	0.8139305358543067	0.059267956999999996	0.25
1061.5	1	15	0.04816	0.8131072963708815	0.05922957549999999	0.25
1062.0	1	15	0.048080000000000005	0.8122829892568142	0.059191194	0.25
1062.5	1	15	0.048	0.8114576124338974	0.059152812500000006	0.25
1063.0	1	15	0.047920000000000004	0.8106311638185268	0.059114431	0.25
1063.5	1	15	0.04784	0.8098036413216831	0.0590760495	0.25
1064.0	1	15	0.047760000000000004	0.8089750428489147	0.059037668	0.25
1064.5	1	15	0.04768	0.8081453663003196	0.0589992865	0.25
1065.0	1	15	0.0476	0.8073146095705281	0.058960905	0.25
1065.5	1	15	0.04752	0.806482770548685	0.0589225235	0.25
1066.0	1	15	0.04744	0.8056498471184314	0.058884142	0.25
1066.5	1	15	0.04736	0.8048158371578867	0.0588457605	0.25
1067.0	1	15	0.04728	0.8039807385396313	0.05880737900000001	0.25
1067.5	1	15	0.047200000000000006	0.8031445491306876	0.0587689975	0.25
1068.0	1	15	0.04712	0.8023072667925023	0.05873061599999999	0.25
1068.5	1	15	0.04704	0.8014688893809282	0.0586922345	0.25
1069.0	1	15	0.04696	0.8006294147462061	0.05865385299999999	0.25
1069.5	1	15	0.046880000000000005	0.7997888407329454	0.0586154715	0.25
1070.0	1	15	0.0468	0.7989471651801071	0.05857709	0.25
1070.5	1	15	0.046720000000000005	0.7981043859209843	0.058538708499999995	0.25
1071.0	1	15	0.04664	0.7972605007831837	0.058500327000000005	0.25
1071.5	1	15	0.046560000000000004	0.7964155075886075	0.0584619455	0.25
1072.0	1	15	0.04648	0.7955694041534338	0.05842356399999999	0.25
1072.5	1	15	0.046400000000000004	0.7947221882880987	0.058385182499999994	0.25
1073.0	1	15	0.04632	0.7938738577972766	0.05834680100000001	0.25
1073.5	1	15	0.04624	0.7930244104798623	0.0583084195	0.25
1074.0	1	15	0.04616	0.7921738441289501	0.058270038	0.25
1074.5	1	15	0.04608	0.791322156531817	0.0582316565	0.25
1075.0	1	15	0.046	0.7904693454699018	0.05819327500000001	0.25
1075.5	1	15	0.04592	0.7896154087187865	0.0581548935	0.25
1076.0	1	15	0.045840000000000006	0.788760344048177	0.058116512	0.25
1076.5	1	15	0.04576	0.7879041492218831	0.0580781305	0.25
1077.0	1	15	0.04568	0.7870468219978001	0.05803974900000001	0.25
1077.5	1	15	0.0456	0.7861883601278884	0.0580013675	0.25
1078.0	1	15	0.045520000000000005	0.7853287613581537	0.057962986	0.25
1078.5	1	15	0.04544	0.7844680234286278	0.057924604500000004	0.25
1079.0	1	15	0.045360000000000004	0.7836061440733489	0.057886223	0.25
1079.5	1	15	0.04528	0.7827431210203409	0.057847841500000004	0.25
1080.0	1	15	0.045200000000000004	0.7818789519915945	0.05780946	0.25
1080.5	1	15	0.04512	0.7810136347030461	0.0577710785	0.25
1081.0	1	15	0.045040000000000004	0.7801471668645586	0.05773269699999999	0.25
1081.5	1	15	0.04496	0.7792795461799005	0.0576943155	0.25
1082.0	1	15	0.04488	0.7784107703467262	0.057655934	0.25
1082.5	1	15	0.0448	0.7775408370565549	0.0576175525	0.25
1083.0	1	15	0.04472	0.7766697439947512	0.057579171	0.25
1083.5	1	15	0.04464	0.7757974888405033	0.0575407895	0.25
1084.0	1	15	0.04456	0.7749240692668036	0.057502408	0.25
1084.5	1	15	0.044480000000000006	0.7740494829404272	0.057464026499999994	0.25
1085.0	1	15	0.0444	0.7731737275219112	0.057425645000000004	0.25
1085.5	1	15	0.04432	0.7722968006655344	0.0573872635	0.25
1086.0	1	15	0.04424	0.7714187000192959	0.057348882	0.25
1086.5	1	15	0.044160000000000005	0.7705394232248941	0.0573105005	0.25
1087.0	1	15	0.04408	0.7696589679177053	0.057272119	0.25
1087.5	1	15	0.044000000000000004	0.7687773317267635	0.0572337375	0.25
1088.0	1	15	0.04392	0.7678945122747378	0.057195356	0.25
1088.5	1	15	0.043840000000000004	0.7670105071779124	0.05715697449999999	0.25
1089.0	1	15	0.04376	0.7661253140461636	0.057118593	0.25
1089.5	1	15	0.043680000000000004	0.7652389304829398	0.057080211500000005	0.25
1090.0	1	15	0.0436	0.7643513540852388	0.05704183000000001	0.25
1090.5	1	15	0.04352	0.7634625824435867	0.057003448500000005	0.25
1091.0	1	15	0.04344	0.7625726131420156	0.056965067	0.25
1091.5	1	15	0.04336	0.761681443758042	0.056926685500000004	0.25
1092.0	1	15	0.04328	0.7607890718626451	0.056888303999999994	0.25
1092.5	1	15	0.0432	0.7598954950202439	0.056849922500000004	0.25
1093.0	1	15	0.043120000000000006	0.7590007107886759	0.056811541	0.25
1093.5	1	15	0.04304	0.7581047167191743	0.056773159499999996	0.25
1094.0	1	15	0.04296	0.7572075103563461	0.056734778	0.25
1094.5	1	15	0.04288	0.7563090892381493	0.0566963965	0.25
1095.0	1	15	0.042800000000000005	0.7554094508958706	0.056658015000000006	0.25
1095.5	1	15	0.04272	0.7545085928541024	0.0566196335	0.25
1096.0	1	15	0.04264	0.7536065126307208	0.056581252000000005	0.25
1096.5	1	15	0.04256	0.7527032077368623	0.056542870499999995	0.25
1097.0	1	15	0.042480000000000004	0.7517986756769006	0.05650448900000001	0.25
1097.5	1	15	0.0424	0.7508929139484247	0.0564661075	0.25
1098.0	1	15	0.042319999999999997	0.7499859200422145	0.056427726000000004	0.25
1098.5	1	15	0.04224	0.7490776914422191	0.0563893445	0.25
1099.0	1	15	0.04216	0.7481682256255319	0.056350963000000004	0.25
1099.5	1	15	0.042080000000000006	0.7472575200623685	0.0563125815	0.25
1100.0	1	15	0.042	0.7463455722160421	0.0562742	0.25
