800.0	0	13	0.675	4.781046241212707	0.1	0.1411824872517416
800.5	0	13	0.6740975	4.780966925221792	0.1	0.1409960601157533
801.0	0	13	0.6731950000000001	4.780887399207562	0.1	0.140809632979765
801.5	0	13	0.6722925000000001	4.780807662334717	0.1	0.14062320584377674
802.0	0	13	0.67139	4.780727713763528	0.1	0.14043677870778845
802.5	0	13	0.6704875	4.780647552649797	0.1	0.14025035157180016
803.0	0	13	0.6695850000000001	4.780567178144831	0.1	0.1400639244358119
803.5	0	13	0.6686825000000001	4.780486589395415	0.1	0.1398774972998236
804.0	0	13	0.66778	4.780405785543778	0.1	0.13969107016383528
804.5	0	13	0.6668775	4.7803247657275625	0.1	0.13950464302784701
805.0	0	13	0.6659750000000001	4.780243529079799	0.1	0.13931821589185872
805.5	0	13	0.6650725000000001	4.7801620747288665	0.1	0.13913178875587046
806.0	0	13	0.66417	4.78008040179847	0.1	0.13894536161988216
806.5	0	13	0.6632675	4.779998509407603	0.1	0.13875893448389387
807.0	0	13	0.6623650000000001	4.77991639667052	0.1	0.1385725073479056
807.5	0	13	0.6614625000000001	4.7798340626966995	0.1	0.1383860802119173
808.0	0	13	0.66056	4.779751506590817	0.1	0.13819965307592902
808.5	0	13	0.6596575	4.779668727452711	0.1	0.13801322593994073
809.0	0	13	0.6587550000000001	4.779585724377348	0.1	0.13782679880395243
809.5	0	13	0.6578525000000001	4.779502496454791	0.1	0.13764037166796417
810.0	0	13	0.65695	4.779419042770169	0.1	0.13745394453197587
810.5	0	13	0.6560475	4.779335362403638	0.1	0.13726751739598758
811.0	0	13	0.6551450000000001	4.779251454430352	0.1	0.13708109025999932
811.5	0	13	0.6542425000000001	4.779167317920426	0.1	0.13689466312401102
812.0	0	13	0.65334	4.779082951938904	0.1	0.13670823598802273
812.5	0	13	0.6524375	4.778998355545722	0.1	0.13652180885203444
813.0	0	13	0.6515350000000001	4.778913527795675	0.1	0.13633538171604617
813.5	0	13	0.6506325000000001	4.7788284677383785	0.1	0.13614895458005788
814.0	0	13	0.64973	4.778743174418239	0.1	0.13596252744406956
814.5	0	13	0.6488275	4.778657646874413	0.1	0.1357761003080813
815.0	0	13	0.6479250000000001	4.7785718841407725	0.1	0.13558967317209303
815.5	0	13	0.6470225000000001	4.7784858852458685	0.1	0.13540324603610474
816.0	0	13	0.64612	4.778399649212895	0.1	0.13521681890011644
816.5	0	13	0.6452175	4.778313175059653	0.1	0.13503039176412815
817.0	0	13	0.6443150000000001	4.77822646179851	0.1	0.13484396462813986
817.5	0	13	0.6434125	4.778139508436361	0.1	0.1346575374921516
818.0	0	13	0.64251	4.778052313974602	0.1	0.1344711103561633
818.5	0	13	0.6416075	4.777964877409075	0.1	0.134284683220175
819.0	0	13	0.6407050000000001	4.777877197730045	0.1	0.13409825608418674
819.5	0	13	0.6398025	4.777789273922149	0.1	0.13391182894819842
820.0	0	13	0.6389	4.777701104964364	0.1	0.13372540181221015
820.5	0	13	0.6379975	4.777612689829966	0.1	0.13353897467622183
821.0	0	13	0.6370950000000001	4.777524027486488	0.1	0.13335254754023357
821.5	0	13	0.6361925	4.777435116895681	0.1	0.1331661204042453
822.0	0	13	0.63529	4.777345957013478	0.1	0.132979693268257
822.5	0	13	0.6343875	4.7772565467899435	0.1	0.13279326613226872
823.0	0	13	0.6334850000000001	4.77716688516924	0.1	0.13260683899628045
823.5	0	13	0.6325825	4.777076971089587	0.1	0.13242041186029216
824.0	0	13	0.63168	4.776986803483211	0.1	0.13223398472430387
824.5	0	13	0.6307775	4.776896381276312	0.1	0.13204755758831557
825.0	0	13	0.6298750000000001	4.776805703389017	0.1	0.13186113045232728
825.5	0	13	0.6289725	4.776714768735334	0.1	0.13167470331633901
826.0	0	13	0.62807	4.776623576223119	0.1	0.13148827618035072
826.5	0	13	0.6271675	4.776532124754019	0.1	0.13130184904436243
827.0	0	13	0.6262650000000001	4.776440413223438	0.1	0.13111542190837416
827.5	0	13	0.6253625	4.7763484405204855	0.1	0.13092899477238587
828.0	0	13	0.62446	4.776256205527938	0.1	0.13074256763639758
828.5	0	13	0.6235575	4.776163707122188	0.1	0.13055614050040928
829.0	0	13	0.6226550000000001	4.776070944173203	0.1	0.130369713364421
829.5	0	13	0.6217525	4.775977915544476	0.1	0.13018328622843273
830.0	0	13	0.62085	4.775884620092983	0.1	0.12999685909244443
830.5	0	13	0.6199475000000001	4.7757910566691315	0.1	0.12981043195645614
831.0	0	13	0.6190450000000001	4.775697224116715	0.1	0.12962400482046788
831.5	0	13	0.6181425	4.7756031212728685	0.1	0.12943757768447958
832.0	0	13	0.61724	4.775508746968016	0.1	0.1292511505484913
832.5	0	13	0.6163375	4.775414100025825	0.1	0.129064723412503
833.0	0	13	0.6154350000000001	4.775319179263156	0.1	0.1288782962765147
833.5	0	13	0.6145325	4.7752239834900125	0.1	0.12869186914052644
834.0	0	13	0.61363	4.775128511509496	0.1	0.12850544200453815
834.5	0	13	0.6127275000000001	4.775032762117749	0.1	0.12831901486854985
835.0	0	13	0.6118250000000001	4.774936734103908	0.1	0.1281325877325616
835.5	0	13	0.6109225	4.774840426250055	0.1	0.1279461605965733
836.0	0	13	0.61002	4.774743837331162	0.1	0.127759733460585
836.5	0	13	0.6091175	4.7746469661150375	0.1	0.1275733063245967
837.0	0	13	0.6082150000000001	4.774549811362282	0.1	0.12738687918860842
837.5	0	13	0.6073125	4.774452371826223	0.1	0.12720045205262015
838.0	0	13	0.60641	4.774354646252877	0.1	0.12701402491663188
838.5	0	13	0.6055075000000001	4.774256633380883	0.1	0.12682759778064356
839.0	0	13	0.6046050000000001	4.77415833194145	0.1	0.1266411706446553
839.5	0	13	0.6037025	4.774059740658311	0.1	0.126454743508667
840.0	0	13	0.6028	4.773960858247658	0.1	0.1262683163726787
840.5	0	13	0.6018975000000001	4.77386168341809	0.1	0.1260818892366904
841.0	0	13	0.6009950000000001	4.773762214870557	0.1	0.12589546210070213
841.5	0	13	0.6000925	4.773662451298303	0.1	0.12570903496471386
842.0	0	13	0.59919	4.77356239138681	0.1	0.12552260782872557
842.5	0	13	0.5982875000000001	4.77346203381374	0.1	0.12533618069273728
843.0	0	13	0.597385	4.77336137724887	0.1	0.125149753556749
843.5	0	13	0.5964825	4.7732604203540445	0.1	0.12496332642076072
844.0	0	13	0.59558	4.773159161783111	0.1	0.12477689928477242
844.5	0	13	0.5946775000000001	4.773057600181857	0.1	0.12459047214878413
845.0	0	13	0.593775	4.772955734187952	0.1	0.12440404501279585
845.5	0	13	0.5928725	4.77285356243089	0.1	0.12421761787680757
846.0	0	13	0.59197	4.772751083531924	0.1	0.1240311907408193
846.5	0	13	0.5910675000000001	4.772648296104006	0.1	0.12384476360483099
847.0	0	13	0.590165	4.772545198751721	0.1	0.12365833646884271
847.5	0	13	0.5892625	4.772441790071227	0.1	0.12347190933285443
848.0	0	13	0.58836	4.7723380686501935	0.1	0.12328548219686615
848.5	0	13	0.5874575000000001	4.7722340330677335	0.1	0.12309905506087786
849.0	0	13	0.586555	4.772129681894335	0.1	0.12291262792488958
849.5	0	13	0.5856525	4.772025013691806	0.1	0.12272620078890129
850.0	0	13	0.58475	4.7719200270132	0.1	0.12253977365291299
850.5	0	13	0.5838475000000001	4.771814720402752	0.1	0.1223533465169247
851.0	0	13	0.582945	4.771709092395809	0.1	0.12216691938093642
851.5	0	13	0.5820425	4.771603141518766	0.1	0.12198049224494814
852.0	0	13	0.58114	4.771496866288997	0.1	0.12179406510895985
852.5	0	13	0.5802375000000001	4.771390265214783	0.1	0.12160763797297156
853.0	0	13	0.579335	4.771283336795241	0.1	0.12142121083698328
853.5	0	13	0.5784325	4.77117607952026	0.1	0.12123478370099498
854.0	0	13	0.57753	4.771068491870425	0.1	0.12104835656500672
854.5	0	13	0.5766275000000001	4.770960572316946	0.1	0.12086192942901841
855.0	0	13	0.575725	4.770852319321585	0.1	0.12067550229303013
855.5	0	13	0.5748225	4.770743731336585	0.1	0.12048907515704185
856.0	0	13	0.57392	4.770634806804595	0.1	0.12030264802105356
856.5	0	13	0.5730175000000001	4.770525544158596	0.1	0.12011622088506527
857.0	0	13	0.572115	4.770415941821823	0.1	0.11992979374907697
857.5	0	13	0.5712125	4.770305998207694	0.1	0.11974336661308871
858.0	0	13	0.5703100000000001	4.770195711719733	0.1	0.11955693947710042
858.5	0	13	0.5694075000000001	4.770085080751486	0.1	0.11937051234111212
859.0	0	13	0.568505	4.769974103686449	0.1	0.11918408520512386
859.5	0	13	0.5676025	4.769862778897992	0.1	0.11899765806913555
860.0	0	13	0.5667	4.769751104749271	0.1	0.11881123093314729
860.5	0	13	0.5657975000000001	4.769639079593156	0.1	0.11862480379715898
861.0	0	13	0.564895	4.769526701772142	0.1	0.1184383766611707
861.5	0	13	0.5639925	4.769413969618274	0.1	0.11825194952518242
862.0	0	13	0.5630900000000001	4.769300881453065	0.1	0.11806552238919413
862.5	0	13	0.5621875000000001	4.769187435587404	0.1	0.11787909525320583
863.0	0	13	0.561285	4.769073630321482	0.1	0.11769266811721756
863.5	0	13	0.5603825	4.768959463944701	0.1	0.11750624098122926
864.0	0	13	0.55948	4.768844934735592	0.1	0.11731981384524098
864.5	0	13	0.5585775000000001	4.768730040961724	0.1	0.11713338670925269
865.0	0	13	0.557675	4.76861478087962	0.1	0.11694695957326441
865.5	0	13	0.5567725	4.768499152734669	0.1	0.11676053243727613
866.0	0	13	0.5558700000000001	4.768383154761036	0.1	0.11657410530128783
866.5	0	13	0.5549675000000001	4.76826678518157	0.1	0.11638767816529955
867.0	0	13	0.554065	4.768150042207717	0.1	0.11620125102931128
867.5	0	13	0.5531625	4.768032924039427	0.1	0.11601482389332299
868.0	0	13	0.55226	4.767915428865062	0.1	0.11582839675733468
868.5	0	13	0.5513575000000001	4.7677975548613	0.1	0.1156419696213464
869.0	0	13	0.550455	4.76767930019304	0.1	0.11545554248535811
869.5	0	13	0.5495525	4.767560663013315	0.1	0.11526911534936986
870.0	0	13	0.5486500000000001	4.767441641463188	0.1	0.11508268821338155
870.5	0	13	0.5477475	4.7673222336716545	0.1	0.11489626107739326
871.0	0	13	0.546845	4.767202437755549	0.1	0.11470983394140497
871.5	0	13	0.5459425	4.767082251819443	0.1	0.11452340680541671
872.0	0	13	0.54504	4.7669616739555485	0.1	0.11433697966942842
872.5	0	13	0.5441375	4.766840702243613	0.1	0.11415055253344011
873.0	0	13	0.543235	4.766719334750815	0.1	0.11396412539745183
873.5	0	13	0.5423325	4.766597569531671	0.1	0.11377769826146356
874.0	0	13	0.5414300000000001	4.766475404627926	0.1	0.11359127112547525
874.5	0	13	0.5405275	4.766352838068442	0.1	0.11340484398948697
875.0	0	13	0.539625	4.766229867869102	0.1	0.1132184168534987
875.5	0	13	0.5387225	4.766106492032702	0.1	0.11303198971751041
876.0	0	13	0.53782	4.765982708548836	0.1	0.11284556258152212
876.5	0	13	0.5369175	4.765858515393793	0.1	0.11265913544553383
877.0	0	13	0.536015	4.76573391053044	0.1	0.11247270830954553
877.5	0	13	0.5351125	4.765608891908121	0.1	0.11228628117355727
878.0	0	13	0.5342100000000001	4.765483457462539	0.1	0.11209985403756896
878.5	0	13	0.5333075	4.765357605115634	0.1	0.11191342690158067
879.0	0	13	0.532405	4.765231332775484	0.1	0.1117269997655924
879.5	0	13	0.5315025	4.765104638336179	0.1	0.11154057262960412
880.0	0	13	0.5306	4.764977519677706	0.1	0.11135414549361583
880.5	0	13	0.5296975	4.764849974665833	0.1	0.11116771835762754
881.0	0	13	0.528795	4.764722001151983	0.1	0.11098129122163924
881.5	0	13	0.5278925000000001	4.764593596973123	0.1	0.11079486408565098
882.0	0	13	0.5269900000000001	4.764464759951634	0.1	0.11060843694966267
882.5	0	13	0.5260875	4.764335487895192	0.1	0.1104220098136744
883.0	0	13	0.525185	4.764205778596642	0.1	0.1102355826776861
883.5	0	13	0.5242825	4.764075629833873	0.1	0.11004915554169784
884.0	0	13	0.5233800000000001	4.763945039369695	0.1	0.10986272840570954
884.5	0	13	0.5224775	4.7638140049517	0.1	0.10967630126972125
885.0	0	13	0.521575	4.763682524312144	0.1	0.10948987413373297
885.5	0	13	0.5206725000000001	4.763550595167811	0.1	0.10930344699774469
886.0	0	13	0.5197700000000001	4.763418215219882	0.1	0.1091170198617564
886.5	0	13	0.5188675	4.763285382153798	0.1	0.1089305927257681
887.0	0	13	0.517965	4.76315209363913	0.1	0.10874416558977983
887.5	0	13	0.5170625	4.763018347329441	0.1	0.10855773845379156
888.0	0	13	0.5161600000000001	4.762884140862151	0.1	0.10837131131780325
888.5	0	13	0.5152575	4.762749471858387	0.1	0.10818488418181496
889.0	0	13	0.514355	4.762614337922858	0.1	0.10799845704582667
889.5	0	13	0.5134525000000001	4.7624787366437005	0.1	0.10781202990983842
890.0	0	13	0.5125500000000001	4.762342665592343	0.1	0.10762560277385012
890.5	0	13	0.5116475	4.762206122323358	0.1	0.10743917563786182
891.0	0	13	0.510745	4.7620691043743095	0.1	0.10725274850187354
891.5	0	13	0.5098425	4.76193160926562	0.1	0.10706632136588526
892.0	0	13	0.5089400000000001	4.761793634500406	0.1	0.10687989422989697
892.5	0	13	0.5080375	4.761655177564333	0.1	0.10669346709390867
893.0	0	13	0.507135	4.7615162359254635	0.1	0.10650703995792038
893.5	0	13	0.5062325000000001	4.761376807034101	0.1	0.10632061282193213
894.0	0	13	0.5053300000000001	4.761236888322636	0.1	0.10613418568594384
894.5	0	13	0.5044275	4.761096477205386	0.1	0.10594775854995551
895.0	0	13	0.503525	4.760955571078434	0.1	0.10576133141396725
895.5	0	13	0.5026225	4.760814167319477	0.1	0.10557490427797897
896.0	0	13	0.50172	4.760672263287655	0.1	0.10538847714199066
896.5	0	13	0.5008175	4.760529856323385	0.1	0.10520205000600238
897.0	0	13	0.499915	4.7603869437482	0.1	0.1050156228700141
897.5	0	13	0.4990125	4.760243522864583	0.1	0.10482919573402584
898.0	0	13	0.49811000000000005	4.760099590955792	0.1	0.10464276859803752
898.5	0	13	0.4972075	4.759955145285688	0.1	0.10445634146204924
899.0	0	13	0.496305	4.7598101830985655	0.1	0.10426991432606096
899.5	0	13	0.4954025	4.759664701618978	0.1	0.1040834871900727
900.0	0	13	0.49450000000000005	4.759518698051556	0.1	0.10389706005408439
900.5	0	13	0.4935975	4.750445753376554	0.1	0.10390551237200371
901.0	0	13	0.492695	4.741374284680513	0.1	0.10391396468992305
901.5	0	13	0.4917925	4.732304291603298	0.1	0.10392241700784237
902.0	0	13	0.49089000000000005	4.723235773784887	0.1	0.1039308693257617
902.5	0	13	0.4899875	4.714168730865377	0.1	0.10393932164368104
903.0	0	13	0.489085	4.705103162484983	0.1	0.10394777396160035
903.5	0	13	0.4881825	4.696039068284036	0.1	0.10395622627951967
904.0	0	13	0.48728000000000005	4.686976447902984	0.1	0.10396467859743902
904.5	0	13	0.4863775	4.677915300982391	0.1	0.10397313091535834
905.0	0	13	0.485475	4.66885562716294	0.1	0.10398158323327765
905.5	0	13	0.4845725	4.659797426085429	0.1	0.10399003555119699
906.0	0	13	0.48367000000000004	4.650740697390774	0.1	0.10399848786911632
906.5	0	13	0.4827675	4.641685440720008	0.1	0.10400694018703563
907.0	0	13	0.481865	4.6326316557142775	0.1	0.10401539250495496
907.5	0	13	0.4809625	4.62357934201485	0.1	0.10402384482287431
908.0	0	13	0.48006000000000004	4.614528499263107	0.1	0.10403229714079362
908.5	0	13	0.4791575	4.605479127100547	0.1	0.10404074945871294
909.0	0	13	0.478255	4.596431225168785	0.1	0.10404920177663227
909.5	0	13	0.4773525	4.587384793109552	0.1	0.1040576540945516
910.0	0	13	0.47645000000000004	4.5783398305646985	0.1	0.10406610641247092
910.5	0	13	0.4755475	4.569296337176185	0.1	0.10407455873039026
911.0	0	13	0.474645	4.560254312586094	0.1	0.10408301104830961
911.5	0	13	0.4737425	4.551213756436625	0.1	0.1040914633662289
912.0	0	13	0.47284000000000004	4.5421746683700865	0.1	0.10409991568414824
912.5	0	13	0.4719375	4.53313704802891	0.1	0.10410836800206758
913.0	0	13	0.47103500000000004	4.524100895055641	0.1	0.10411682031998688
913.5	0	13	0.47013250000000006	4.515066209092939	0.1	0.10412527263790623
914.0	0	13	0.46923000000000004	4.506032989783584	0.1	0.10413372495582554
914.5	0	13	0.4683275	4.497001236770468	0.1	0.10414217727374488
915.0	0	13	0.46742500000000003	4.4879709496966	0.1	0.1041506295916642
915.5	0	13	0.46652250000000006	4.478942128205106	0.1	0.10415908190958355
916.0	0	13	0.46562000000000003	4.4699147719392265	0.1	0.10416753422750287
916.5	0	13	0.4647175	4.460888880542318	0.1	0.10417598654542219
917.0	0	13	0.46381500000000003	4.451864453657855	0.1	0.1041844388633415
917.5	0	13	0.46291250000000006	4.442841490929423	0.1	0.10419289118126085
918.0	0	13	0.46201000000000003	4.433819992000727	0.1	0.10420134349918019
918.5	0	13	0.4611075	4.424799956515586	0.1	0.10420979581709952
919.0	0	13	0.46020500000000003	4.4157813841179365	0.1	0.10421824813501883
919.5	0	13	0.45930250000000006	4.406764274451828	0.1	0.10422670045293815
920.0	0	13	0.45840000000000003	4.397748627161426	0.1	0.10423515277085749
920.5	0	13	0.4574975	4.388734441891012	0.1	0.10424360508877682
921.0	0	13	0.45659500000000003	4.379721718284984	0.1	0.10425205740669613
921.5	0	13	0.45569250000000006	4.370710455987853	0.1	0.10426050972461547
922.0	0	13	0.45479	4.361700654644246	0.1	0.10426896204253479
922.5	0	13	0.4538875	4.352692313898905	0.1	0.10427741436045412
923.0	0	13	0.452985	4.34368543339669	0.1	0.10428586667837346
923.5	0	13	0.45208250000000005	4.334680012782572	0.1	0.10429431899629278
924.0	0	13	0.45118	4.325676051701639	0.1	0.10430277131421212
924.5	0	13	0.4502775	4.316673549799095	0.1	0.10431122363213143
925.0	0	13	0.449375	4.307672506720256	0.1	0.10431967595005077
925.5	0	13	0.44847250000000005	4.2986729221105575	0.1	0.1043281282679701
926.0	0	13	0.44757	4.289674795615545	0.1	0.10433658058588942
926.5	0	13	0.4466675	4.280678126880882	0.1	0.10434503290380874
927.0	0	13	0.445765	4.271682915552346	0.1	0.10435348522172808
927.5	0	13	0.44486250000000005	4.262689161275829	0.1	0.1043619375396474
928.0	0	13	0.44396	4.253696863697338	0.1	0.10437038985756672
928.5	0	13	0.4430575	4.244706022462994	0.1	0.10437884217548606
929.0	0	13	0.442155	4.235716637219034	0.1	0.10438729449340538
929.5	0	13	0.44125250000000005	4.226728707611809	0.1	0.1043957468113247
930.0	0	13	0.44035	4.217742233287781	0.1	0.10440419912924405
930.5	0	13	0.4394475	4.208757213893534	0.1	0.10441265144716337
931.0	0	13	0.438545	4.199773649075762	0.1	0.10442110376508268
931.5	0	13	0.43764250000000005	4.190791538481269	0.1	0.10442955608300201
932.0	0	13	0.43674	4.181810881756983	0.1	0.10443800840092134
932.5	0	13	0.4358375	4.172831678549937	0.1	0.10444646071884069
933.0	0	13	0.434935	4.163853928507286	0.1	0.10445491303676
933.5	0	13	0.43403250000000004	4.154877631276293	0.1	0.10446336535467932
934.0	0	13	0.43313	4.145902786504339	0.1	0.10447181767259865
934.5	0	13	0.4322275	4.136929393838917	0.1	0.10448026999051799
935.0	0	13	0.431325	4.127957452927637	0.1	0.1044887223084373
935.5	0	13	0.43042250000000004	4.118986963418219	0.1	0.10449717462635663
936.0	0	13	0.42952	4.110017924958498	0.1	0.10450562694427595
936.5	0	13	0.4286175	4.101050337196426	0.1	0.10451407926219529
937.0	0	13	0.427715	4.092084199780066	0.1	0.10452253158011461
937.5	0	13	0.42681250000000004	4.083119512357595	0.1	0.10453098389803396
938.0	0	13	0.42591	4.074156274577305	0.1	0.10453943621595328
938.5	0	13	0.4250075	4.065194486087601	0.1	0.10454788853387259
939.0	0	13	0.424105	4.056234146537001	0.1	0.10455634085179193
939.5	0	13	0.42320250000000004	4.047275255574139	0.1	0.10456479316971125
940.0	0	13	0.4223	4.038317812847758	0.1	0.10457324548763058
940.5	0	13	0.42139750000000004	4.029361818006721	0.1	0.1045816978055499
941.0	0	13	0.420495	4.020407270699998	0.1	0.10459015012346923
941.5	0	13	0.41959250000000003	4.011454170576678	0.1	0.10459860244138856
942.0	0	13	0.41869	4.00250251728596	0.1	0.10460705475930789
942.5	0	13	0.41778750000000003	3.993552310477156	0.1	0.10461550707722722
943.0	0	13	0.416885	3.9846035497996946	0.1	0.10462395939514654
943.5	0	13	0.41598250000000003	3.975656234903115	0.1	0.10463241171306585
944.0	0	13	0.41508	3.9667103654370695	0.1	0.1046408640309852
944.5	0	13	0.41417750000000003	3.957765941051326	0.1	0.10464931634890452
945.0	0	13	0.413275	3.9488229613957624	0.1	0.10465776866682384
945.5	0	13	0.41237250000000003	3.9398814261203725	0.1	0.10466622098474318
946.0	0	13	0.41147	3.930941334875261	0.1	0.1046746733026625
946.5	0	13	0.41056750000000003	3.922002687310647	0.1	0.10468312562058184
947.0	0	13	0.409665	3.913065483076862	0.1	0.10469157793850116
947.5	0	13	0.40876250000000003	3.9041297218243507	0.1	0.10470003025642048
948.0	0	13	0.40786	3.8951954032036697	0.1	0.10470848257433982
948.5	0	13	0.4069575	3.8862625268654902	0.1	0.10471693489225914
949.0	0	13	0.406055	3.8773310924605937	0.1	0.10472538721017847
949.5	0	13	0.4051525	3.868401099639878	0.1	0.10473383952809778
950.0	0	13	0.40425	3.859472548054349	0.1	0.10474229184601715
950.5	0	13	0.4033475	3.8505454373551298	0.1	0.10475074416393645
951.0	0	13	0.402445	3.841619767193453	0.1	0.10475919648185579
951.5	0	13	0.4015425	3.832695537220665	0.1	0.10476764879977511
952.0	0	13	0.40064	3.823772747088224	0.1	0.10477610111769445
952.5	0	13	0.3997375	3.814851396447702	0.1	0.10478455343561376
953.0	0	13	0.398835	3.8059314849507815	0.1	0.10479300575353308
953.5	0	13	0.3979325	3.7970130122492596	0.1	0.10480145807145241
954.0	0	13	0.39703	3.788095977995043	0.1	0.10480991038937176
954.5	0	13	0.3961275	3.779180381840154	0.1	0.10481836270729107
955.0	0	13	0.395225	3.7702662234367237	0.1	0.1048268150252104
955.5	0	13	0.3943225	3.761353502436998	0.1	0.10483526734312973
956.0	0	13	0.39342	3.752442218493333	0.1	0.10484371966104905
956.5	0	13	0.3925175	3.743532371258199	0.1	0.1048521719789684
957.0	0	13	0.391615	3.7346239603841767	0.1	0.10486062429688771
957.5	0	13	0.3907125	3.7257169855239596	0.1	0.10486907661480704
958.0	0	13	0.38981	3.7168114463303517	0.1	0.10487752893272637
958.5	0	13	0.3889075	3.707907342456272	0.1	0.10488598125064569
959.0	0	13	0.388005	3.699004673554747	0.1	0.10489443356856502
959.5	0	13	0.3871025	3.6901034392789205	0.1	0.10490288588648433
960.0	0	13	0.3862	3.681203639282043	0.1	0.10491133820440365
960.5	0	13	0.3852975	3.6723052732174786	0.1	0.104919790522323
961.0	0	13	0.38439500000000004	3.6634083407387052	0.1	0.10492824284024231
961.5	0	13	0.3834925	3.6545128414993076	0.1	0.10493669515816166
962.0	0	13	0.38259000000000004	3.645618775152988	0.1	0.10494514747608098
962.5	0	13	0.3816875	3.636726141353555	0.1	0.10495359979400032
963.0	0	13	0.38078500000000004	3.627834939754932	0.1	0.10496205211191964
963.5	0	13	0.3798825	3.618945170011153	0.1	0.10497050442983895
964.0	0	13	0.37898000000000004	3.6100568317763617	0.1	0.1049789567477583
964.5	0	13	0.3780775	3.6011699247048163	0.1	0.1049874090656776
965.0	0	13	0.37717500000000004	3.5922844484508842	0.1	0.10499586138359694
965.5	0	13	0.3762725	3.5834004026690436	0.1	0.10500431370151628
966.0	0	13	0.37537000000000004	3.5745177870138867	0.1	0.10501276601943561
966.5	0	13	0.3744675	3.5656366011401133	0.1	0.10502121833735495
967.0	0	13	0.37356500000000004	3.556756844702538	0.1	0.10502967065527426
967.5	0	13	0.3726625	3.5478785173560836	0.1	0.10503812297319357
968.0	0	13	0.37176000000000003	3.5390016187557847	0.1	0.10504657529111291
968.5	0	13	0.3708575	3.5301261485567883	0.1	0.10505502760903222
969.0	0	13	0.36995500000000003	3.5212521064143503	0.1	0.10506347992695157
969.5	0	13	0.3690525	3.512379491983839	0.1	0.10507193224487091
970.0	0	13	0.36815000000000003	3.503508304920734	0.1	0.10508038456279023
970.5	0	13	0.3672475	3.4946385448806234	0.1	0.10508883688070954
971.0	0	13	0.36634500000000003	3.485770211519209	0.1	0.10509728919862887
971.5	0	13	0.3654425	3.4769033044923003	0.1	0.10510574151654821
972.0	0	13	0.36454000000000003	3.4680378234558207	0.1	0.10511419383446755
972.5	0	13	0.3636375	3.459173768065802	0.1	0.10512264615238685
973.0	0	13	0.36273500000000003	3.450311137978387	0.1	0.10513109847030619
973.5	0	13	0.3618325	3.4414499328498303	0.1	0.10513955078822552
974.0	0	13	0.36093000000000003	3.4325901523364957	0.1	0.10514800310614483
974.5	0	13	0.3600275	3.4237317960948572	0.1	0.10515645542406417
975.0	0	13	0.359125	3.414874863781501	0.1	0.10516490774198349
975.5	0	13	0.3582225	3.406019355053122	0.1	0.10517336005990283
976.0	0	13	0.35732	3.3971652695665266	0.1	0.10518181237782215
976.5	0	13	0.3564175	3.388312606978631	0.1	0.10519026469574147
977.0	0	13	0.355515	3.3794613669464604	0.1	0.10519871701366082
977.5	0	13	0.3546125	3.370611549127153	0.1	0.10520716933158013
978.0	0	13	0.35371	3.361763153177955	0.1	0.10521562164949946
978.5	0	13	0.3528075	3.3529161787562236	0.1	0.10522407396741877
979.0	0	13	0.351905	3.344070625519426	0.1	0.10523252628533811
979.5	0	13	0.3510025	3.335226493125138	0.1	0.10524097860325743
980.0	0	13	0.3501	3.3263837812310486	0.1	0.10524943092117678
980.5	0	13	0.3491975	3.3175424894949535	0.1	0.10525788323909609
981.0	0	13	0.348295	3.3087026175747605	0.1	0.10526633555701542
981.5	0	13	0.3473925	3.299864165128486	0.1	0.10527478787493474
982.0	0	13	0.34649	3.2910271318142565	0.1	0.10528324019285408
982.5	0	13	0.3455875	3.282191517290309	0.1	0.1052916925107734
983.0	0	13	0.344685	3.2733573212149887	0.1	0.10530014482869274
983.5	0	13	0.3437825	3.2645245432467522	0.1	0.10530859714661206
984.0	0	13	0.34288	3.2556931830441656	0.1	0.10531704946453138
984.5	0	13	0.3419775	3.246863240265902	0.1	0.10532550178245072
985.0	0	13	0.341075	3.2380347145707487	0.1	0.10533395410037003
985.5	0	13	0.3401725	3.2292076056175967	0.1	0.10534240641828937
986.0	0	13	0.33927	3.2203819130654527	0.1	0.10535085873620868
986.5	0	13	0.3383675	3.2115576365734277	0.1	0.10535931105412802
987.0	0	13	0.337465	3.202734775800745	0.1	0.10536776337204735
987.5	0	13	0.3365625	3.1939133304067355	0.1	0.10537621568996668
988.0	0	13	0.33566	3.1850933000508417	0.1	0.10538466800788601
988.5	0	13	0.3347575	3.1762746843926126	0.1	0.10539312032580533
989.0	0	13	0.333855	3.167457483091709	0.1	0.10540157264372466
989.5	0	13	0.3329525	3.1586416958078973	0.1	0.10541002496164399
990.0	0	13	0.33205	3.1498273222010584	0.1	0.1054184772795633
990.5	0	13	0.3311475	3.141014361931176	0.1	0.10542692959748265
991.0	0	13	0.330245	3.1322028146583487	0.1	0.10543538191540196
991.5	0	13	0.3293425	3.1233926800427794	0.1	0.10544383423332129
992.0	0	13	0.32844	3.114583957744783	0.1	0.10545228655124063
992.5	0	13	0.32753750000000004	3.1057766474247823	0.1	0.10546073886915995
993.0	0	13	0.326635	3.096970748743308	0.1	0.10546919118707927
993.5	0	13	0.32573250000000004	3.088166261361001	0.1	0.10547764350499862
994.0	0	13	0.32483	3.0793631849386105	0.1	0.10548609582291793
994.5	0	13	0.32392750000000003	3.070561519136994	0.1	0.10549454814083727
995.0	0	13	0.323025	3.0617612636171185	0.1	0.10550300045875659
995.5	0	13	0.32212250000000003	3.0529624180400594	0.1	0.10551145277667591
996.0	0	13	0.32122	3.044164982066999	0.1	0.10551990509459525
996.5	0	13	0.32031750000000003	3.0353689553592322	0.1	0.10552835741251457
997.0	0	13	0.319415	3.026574337578157	0.1	0.10553680973043392
997.5	0	13	0.31851250000000003	3.0177811283852853	0.1	0.10554526204835323
998.0	0	13	0.31761	3.008989327442233	0.1	0.10555371436627255
998.5	0	13	0.31670750000000003	3.000198934410727	0.1	0.10556216668419187
999.0	0	13	0.315805	2.9914099489526014	0.1	0.1055706190021112
999.5	0	13	0.31490250000000003	2.982622370729799	0.1	0.10557907132003054
1000.0	0	13	0.314	2.973836199404371	0.1	0.10558752363794985
1000.5	0	13	0.31361	2.97481010797374	0.1	0.10542185504862765
1001.0	0	13	0.31322	2.9757870823212684	0.1	0.10525618645930546
1001.5	0	13	0.31283	2.9767671369459765	0.1	0.10509051786998323
1002.0	0	13	0.31244	2.9777502864384537	0.1	0.10492484928066104
1002.5	0	13	0.31205	2.978736545481587	0.1	0.10475918069133884
1003.0	0	13	0.31166	2.9797259288512885	0.1	0.10459351210201663
1003.5	0	13	0.31127	2.980718451417236	0.1	0.10442784351269443
1004.0	0	13	0.31088	2.9817141281436164	0.1	0.10426217492337221
1004.5	0	13	0.31049	2.9827129740898766	0.1	0.10409650633405002
1005.0	0	13	0.3101	2.9837150044114864	0.1	0.1039308377447278
1005.5	0	13	0.30971	2.9847202343607013	0.1	0.1037651691554056
1006.0	0	13	0.30932	2.9857286792873383	0.1	0.10359950056608337
1006.5	0	13	0.30893	2.986740354639556	0.1	0.10343383197676119
1007.0	0	13	0.30854	2.9877552759646466	0.1	0.10326816338743898
1007.5	0	13	0.30815	2.9887734589098276	0.1	0.10310249479811678
1008.0	0	13	0.30776	2.989794919223049	0.1	0.10293682620879456
1008.5	0	13	0.30737	2.9908196727538043	0.1	0.10277115761947236
1009.0	0	13	0.30698	2.9918477354539514	0.1	0.10260548903015014
1009.5	0	13	0.30659000000000003	2.9928791233785383	0.1	0.10243982044082796
1010.0	0	13	0.3062	2.99391385268664	0.1	0.10227415185150575
1010.5	0	13	0.30581	2.994951939642203	0.1	0.10210848326218355
1011.0	0	13	0.30542	2.9959934006148967	0.1	0.10194281467286133
1011.5	0	13	0.30503	2.9970382520809737	0.1	0.10177714608353912
1012.0	0	13	0.30464	2.998086510624139	0.1	0.10161147749421694
1012.5	0	13	0.30425	2.999138192936427	0.1	0.10144580890489471
1013.0	0	13	0.30386	3.0001933158190885	0.1	0.1012801403155725
1013.5	0	13	0.30347	3.001251896183484	0.1	0.10111447172625031
1014.0	0	13	0.30308	3.002313951051989	0.1	0.1009488031369281
1014.5	0	13	0.30269	3.003379497558904	0.1	0.10078313454760589
1015.0	0	13	0.3023	3.004448552951379	0.1	0.10061746595828368
1015.5	0	13	0.30191	3.0055211345903396	0.1	0.10045179736896148
1016.0	0	13	0.30152	3.0065972599514335	0.1	0.10028612877963927
1016.5	0	13	0.30113	3.007676946625972	0.1	0.10012046019031706
1017.0	0	13	0.30074	3.008760212321895	0.1	0.09995479160099484
1017.5	0	13	0.30035	3.0098470748647332	0.1	0.09978912301167266
1018.0	0	13	0.29996	3.0109375521985937	0.1	0.09962345442235045
1018.5	0	13	0.29957	3.0120316623871384	0.1	0.09945778583302822
1019.0	0	13	0.29918	3.013129423614587	0.1	0.09929211724370604
1019.5	0	13	0.29879	3.0142308541867258	0.1	0.09912644865438383
1020.0	0	13	0.2984	3.0153359725319198	0.1	0.09896078006506162
1020.5	0	13	0.29801	3.016444797202144	0.1	0.09879511147573941
1021.0	0	13	0.29762	3.017557346874022	0.1	0.09862944288641722
1021.5	0	13	0.29723	3.0186736403498724	0.1	0.098463774297095
1022.0	0	13	0.29684	3.0197936965587706	0.1	0.09829810570777278
1022.5	0	13	0.29645	3.0209175345576154	0.1	0.0981324371184506
1023.0	0	13	0.29606	3.0220451735322134	0.1	0.0979667685291284
1023.5	0	13	0.29567	3.0231766327983687	0.1	0.0978010999398062
1024.0	0	13	0.29528	3.024311931802986	0.1	0.09763543135048397
1024.5	0	13	0.29489	3.0254510901251845	0.1	0.09746976276116177
1025.0	0	13	0.2945	3.0265941274774253	0.1	0.09730409417183956
1025.5	0	13	0.29411	3.027741063706646	0.1	0.09713842558251737
1026.0	0	13	0.29372	3.028891918795411	0.1	0.09697275699319516
1026.5	0	13	0.29333	3.0300467128630713	0.1	0.09680708840387295
1027.0	0	13	0.29294	3.0312054661669374	0.1	0.09664141981455074
1027.5	0	13	0.29255	3.0323681991034634	0.1	0.09647575122522853
1028.0	0	13	0.29216	3.033534932209443	0.1	0.09631008263590633
1028.5	0	13	0.29177	3.034705686163222	0.1	0.09614441404658411
1029.0	0	13	0.29138	3.035880481785915	0.1	0.09597874545726191
1029.5	0	13	0.29099	3.037059340042643	0.1	0.09581307686793972
1030.0	0	13	0.2906	3.03824228204378	0.1	0.09564740827861751
1030.5	0	13	0.29021	3.0394293290462135	0.1	0.0954817396892953
1031.0	0	13	0.28982	3.0406205024546153	0.1	0.09531607109997309
1031.5	0	13	0.28943	3.041815823822731	0.1	0.0951504025106509
1032.0	0	13	0.28904	3.04301531485468	0.1	0.0949847339213287
1032.5	0	13	0.28865	3.0442189974062663	0.1	0.09481906533200649
1033.0	0	13	0.28826	3.0454268934863085	0.1	0.09465339674268426
1033.5	0	13	0.28787	3.04663902525798	0.1	0.09448772815336208
1034.0	0	13	0.28748	3.0478554150401664	0.1	0.09432205956403986
1034.5	0	13	0.28709	3.049076085308833	0.1	0.09415639097471766
1035.0	0	13	0.2867	3.05030105869841	0.1	0.09399072238539544
1035.5	0	13	0.28631	3.0515303580031907	0.1	0.09382505379607324
1036.0	0	13	0.28592	3.0527640061787498	0.1	0.09365938520675103
1036.5	0	13	0.28553	3.0540020263433654	0.1	0.09349371661742882
1037.0	0	13	0.28514	3.055244441779468	0.1	0.09332804802810662
1037.5	0	13	0.28475	3.056491275935099	0.1	0.0931623794387844
1038.0	0	13	0.28436	3.0577425524253843	0.1	0.0929967108494622
1038.5	0	13	0.28397	3.0589982950340273	0.1	0.09283104226014001
1039.0	0	13	0.28358	3.060258527714814	0.1	0.0926653736708178
1039.5	0	13	0.28319	3.061523274593139	0.1	0.09249970508149559
1040.0	0	13	0.2828	3.0627925599675403	0.1	0.09233403649217338
1040.5	0	13	0.28241	3.0640664083112594	0.1	0.09216836790285118
1041.0	0	13	0.28202	3.065344844273814	0.1	0.09200269931352897
1041.5	0	13	0.28163	3.0666278926825847	0.1	0.09183703072420678
1042.0	0	13	0.28124	3.0679155785444268	0.1	0.09167136213488455
1042.5	0	13	0.28085	3.0692079270472896	0.1	0.09150569354556234
1043.0	0	13	0.28046	3.070504963561865	0.1	0.09134002495624015
1043.5	0	13	0.28007	3.071806713643242	0.1	0.09117435636691794
1044.0	0	13	0.27968	3.073113203032588	0.1	0.09100868777759576
1044.5	0	13	0.27929	3.074424457658846	0.1	0.09084301918827352
1045.0	0	13	0.2789	3.0757405036404477	0.1	0.09067735059895132
1045.5	0	13	0.27851	3.0770613672870493	0.1	0.09051168200962911
1046.0	0	13	0.27812	3.078387075101284	0.1	0.09034601342030692
1046.5	0	13	0.27773000000000003	3.0797176537805373	0.1	0.09018034483098471
1047.0	0	13	0.27734000000000003	3.081053130218733	0.1	0.0900146762416625
1047.5	0	13	0.27695000000000003	3.08239353150815	0.1	0.0898490076523403
1048.0	0	13	0.27656000000000003	3.083738884941256	0.1	0.08968333906301809
1048.5	0	13	0.27617	3.085089218012555	0.1	0.08951767047369588
1049.0	0	13	0.27578	3.0864445584204625	0.1	0.08935200188437366
1049.5	0	13	0.27539	3.087804934069199	0.1	0.08918633329505148
1050.0	0	13	0.275	3.0891703730707074	0.1	0.08902066470572927
1050.5	0	13	0.27461	3.090540903746586	0.1	0.08885499611640704
1051.0	0	13	0.27422	3.091916554630047	0.1	0.08868932752708486
1051.5	0	13	0.27383	3.0932973544679014	0.1	0.08852365893776266
1052.0	0	13	0.27344	3.094683332222555	0.1	0.08835799034844043
1052.5	0	13	0.27305	3.0960745170740367	0.1	0.08819232175911823
1053.0	0	13	0.27266	3.097470938422046	0.1	0.08802665316979602
1053.5	0	13	0.27227	3.098872625888023	0.1	0.08786098458047384
1054.0	0	13	0.27188	3.1002796093172464	0.1	0.08769531599115163
1054.5	0	13	0.27149	3.1016919187809466	0.1	0.08752964740182942
1055.0	0	13	0.2711	3.103109584578453	0.1	0.08736397881250721
1055.5	0	13	0.27071	3.104532637239356	0.1	0.087198310223185
1056.0	0	13	0.27032	3.1059611075257023	0.1	0.08703264163386279
1056.5	0	13	0.26993	3.1073950264342103	0.1	0.08686697304454058
1057.0	0	13	0.26954	3.108834425198512	0.1	0.08670130445521838
1057.5	0	13	0.26915	3.110279335291421	0.1	0.08653563586589617
1058.0	0	13	0.26876	3.111729788427226	0.1	0.08636996727657398
1058.5	0	13	0.26837	3.1131858165640134	0.1	0.08620429868725177
1059.0	0	13	0.26798	3.1146474519060097	0.1	0.08603863009792956
1059.5	0	13	0.26759	3.11611472690596	0.1	0.08587296150860735
1060.0	0	13	0.2672	3.117587674267529	0.1	0.08570729291928514
1060.5	0	13	0.26681	3.119066326947729	0.1	0.08554162432996294
1061.0	0	13	0.26642	3.1205507181593815	0.1	0.08537595574064073
1061.5	0	13	0.26603	3.1220408813735996	0.1	0.08521028715131852
1062.0	0	13	0.26564	3.123536850322307	0.1	0.08504461856199633
1062.5	0	13	0.26525	3.125038659000782	0.1	0.08487894997267412
1063.0	0	13	0.26486	3.1265463416702333	0.1	0.08471328138335191
1063.5	0	13	0.26447	3.128059932860404	0.1	0.08454761279402971
1064.0	0	13	0.26408	3.129579467372209	0.1	0.08438194420470752
1064.5	0	13	0.26369	3.131104980280403	0.1	0.0842162756153853
1065.0	0	13	0.2633	3.132636506936277	0.1	0.08405060702606308
1065.5	0	13	0.26291	3.13417408297039	0.1	0.08388493843674089
1066.0	0	13	0.26252	3.135717744295333	0.1	0.08371926984741868
1066.5	0	13	0.26213	3.137267527108524	0.1	0.08355360125809648
1067.0	0	13	0.26174	3.138823467895038	0.1	0.08338793266877427
1067.5	0	13	0.26134999999999997	3.14038560343047	0.1	0.08322226407945206
1068.0	0	13	0.26096	3.1419539707838324	0.1	0.08305659549012985
1068.5	0	13	0.26057	3.143528607320486	0.1	0.08289092690080764
1069.0	0	13	0.26018	3.1451095507051083	0.1	0.08272525831148546
1069.5	0	13	0.25979	3.1466968389047003	0.1	0.08255958972216322
1070.0	0	13	0.2594	3.148290510191618	0.1	0.08239392113284104
1070.5	0	13	0.25901	3.149890603146656	0.1	0.08222825254351881
1071.0	0	13	0.25862	3.151497156662155	0.1	0.08206258395419662
1071.5	0	13	0.25823	3.1531102099451584	0.1	0.08189691536487441
1072.0	0	13	0.25784	3.1547298025205976	0.1	0.0817312467755522
1072.5	0	13	0.25745	3.156355974234521	0.1	0.08156557818623
1073.0	0	13	0.25706	3.1579887652573655	0.1	0.0813999095969078
1073.5	0	13	0.25667	3.159628216087258	0.1	0.08123424100758558
1074.0	0	13	0.25628	3.1612743675533688	0.1	0.08106857241826337
1074.5	0	13	0.25589	3.1629272608192984	0.1	0.08090290382894116
1075.0	0	13	0.2555	3.16458693738651	0.1	0.08073723523961897
1075.5	0	13	0.25511	3.1662534390978037	0.1	0.08057156665029674
1076.0	0	13	0.25472	3.167926808140829	0.1	0.08040589806097455
1076.5	0	13	0.25433	3.1696070870516504	0.1	0.08024022947165235
1077.0	0	13	0.25394	3.1712943187183473	0.1	0.08007456088233014
1077.5	0	13	0.25355	3.1729885463846648	0.1	0.07990889229300793
1078.0	0	13	0.25316	3.1746898136537083	0.1	0.07974322370368572
1078.5	0	13	0.25277	3.1763981644916823	0.1	0.07957755511436353
1079.0	0	13	0.25238	3.1781136432316823	0.1	0.07941188652504132
1079.5	0	13	0.25199	3.1798362945775236	0.1	0.07924621793571912
1080.0	0	13	0.2516	3.181566163607631	0.1	0.07908054934639693
1080.5	0	13	0.25121	3.1833032957789658	0.1	0.07891488075707472
1081.0	0	13	0.25082	3.1850477369310095	0.1	0.07874921216775249
1081.5	0	13	0.25043	3.186799533289796	0.1	0.07858354357843028
1082.0	0	13	0.25004	3.1885587314719954	0.1	0.07841787498910809
1082.5	0	13	0.24964999999999998	3.190325378489048	0.1	0.07825220639978588
1083.0	0	13	0.24926	3.192099521751353	0.1	0.07808653781046365
1083.5	0	13	0.24887	3.193881209072507	0.1	0.07792086922114147
1084.0	0	13	0.24848	3.1956704886736045	0.1	0.07775520063181926
1084.5	0	13	0.24809	3.197467409187583	0.1	0.07758953204249705
1085.0	0	13	0.2477	3.199272019663633	0.1	0.07742386345317484
1085.5	0	13	0.24731	3.2010843695716575	0.1	0.07725819486385264
1086.0	0	13	0.24692	3.202904508806797	0.1	0.07709252627453045
1086.5	0	13	0.24653	3.2047324876940047	0.1	0.07692685768520822
1087.0	0	13	0.24614	3.206568356992684	0.1	0.07676118909588603
1087.5	0	13	0.24575	3.208412167901393	0.1	0.07659552050656382
1088.0	0	13	0.24536000000000002	3.2102639720625956	0.1	0.0764298519172416
1088.5	0	13	0.24497000000000002	3.2121238215674888	0.1	0.0762641833279194
1089.0	0	13	0.24458000000000002	3.2139917689608852	0.1	0.0760985147385972
1089.5	0	13	0.24419000000000002	3.215867867246163	0.1	0.075932846149275
1090.0	0	13	0.24380000000000002	3.217752169890278	0.1	0.07576717755995277
1090.5	0	13	0.24341000000000002	3.2196447308288394	0.1	0.07560150897063059
1091.0	0	13	0.24302	3.221545604471266	0.1	0.07543584038130838
1091.5	0	13	0.24263	3.223454845705988	0.1	0.07527017179198617
1092.0	0	13	0.24224	3.225372509905741	0.1	0.07510450320266396
1092.5	0	13	0.24185	3.22729865293291	0.1	0.07493883461334176
1093.0	0	13	0.24146	3.229233331144963	0.1	0.07477316602401955
1093.5	0	13	0.24107	3.231176601399939	0.1	0.07460749743469734
1094.0	0	13	0.24068	3.233128521062023	0.1	0.07444182884537515
1094.5	0	13	0.24029	3.2350891480071926	0.1	0.07427616025605295
1095.0	0	13	0.2399	3.237058540628932	0.1	0.07411049166673073
1095.5	0	13	0.23951	3.239036757844034	0.1	0.07394482307740852
1096.0	0	13	0.23912	3.2410238590984743	0.1	0.0737791544880863
1096.5	0	13	0.23873	3.2430199043733645	0.1	0.0736134858987641
1097.0	0	13	0.23834	3.245024954190991	0.1	0.07344781730944192
1097.5	0	13	0.23795	3.2470390696209286	0.1	0.0732821487201197
1098.0	0	13	0.23756	3.249062312286242	0.1	0.0731164801307975
1098.5	0	13	0.23717	3.2510947443697717	0.1	0.07295081154147529
1099.0	0	13	0.23678	3.2531364286205022	0.1	0.07278514295215308
1099.5	0	13	0.23639	3.2551874283600224	0.1	0.07261947436283087
1100.0	0	13	0.236	3.2572478074890694	0.1	0.07245380577350867
1100.5	0	13	0.23560999999999999	3.2545852756749403	0.1	0.07239324830754017
1101.0	0	13	0.23521999999999998	3.251918285677995	0.1	0.07233269084157161
1101.5	0	13	0.23482999999999998	3.2492468262915772	0.1	0.0722721333756031
1102.0	0	13	0.23444	3.246570886271444	0.1	0.07221157590963458
1102.5	0	13	0.23405	3.2438904543355975	0.1	0.07215101844366607
1103.0	0	13	0.23366	3.2412055191641356	0.1	0.07209046097769754
1103.5	0	13	0.23327	3.2385160693990844	0.1	0.07202990351172903
1104.0	0	13	0.23288	3.235822093644246	0.1	0.07196934604576051
1104.5	0	13	0.23249	3.2331235804650316	0.1	0.07190878857979197
1105.0	0	13	0.2321	3.2304205183883004	0.1	0.07184823111382346
1105.5	0	13	0.23171	3.227712895902201	0.1	0.07178767364785495
1106.0	0	13	0.23132	3.225000701456004	0.1	0.07172711618188642
1106.5	0	13	0.23093	3.2222839234599387	0.1	0.0716665587159179
1107.0	0	13	0.23054000000000002	3.2195625502850294	0.1	0.07160600124994938
1107.5	0	13	0.23015000000000002	3.2168365702629265	0.1	0.07154544378398087
1108.0	0	13	0.22976000000000002	3.2141059716857443	0.1	0.07148488631801235
1108.5	0	13	0.22937000000000002	3.2113707428058884	0.1	0.07142432885204382
1109.0	0	13	0.22898000000000002	3.208630871835891	0.1	0.0713637713860753
1109.5	0	13	0.22859000000000002	3.2058863469482404	0.1	0.07130321392010677
1110.0	0	13	0.22820000000000001	3.2031371562752082	0.1	0.07124265645413826
1110.5	0	13	0.22781	3.200383287908683	0.1	0.07118209898816974
1111.0	0	13	0.22742	3.197624729899996	0.1	0.07112154152220122
1111.5	0	13	0.22703	3.1948614702597466	0.1	0.0710609840562327
1112.0	0	13	0.22664	3.192093496957632	0.1	0.07100042659026419
1112.5	0	13	0.22625	3.1893207979222695	0.1	0.07093986912429566
1113.0	0	13	0.22586	3.1865433610410245	0.1	0.07087931165832713
1113.5	0	13	0.22547	3.1837611741598293	0.1	0.07081875419235861
1114.0	0	13	0.22508	3.1809742250830113	0.1	0.0707581967263901
1114.5	0	13	0.22469	3.178182501573111	0.1	0.07069763926042157
1115.0	0	13	0.2243	3.175385991350703	0.1	0.07063708179445305
1115.5	0	13	0.22391	3.172584682094219	0.1	0.07057652432848452
1116.0	0	13	0.22352	3.1697785614397627	0.1	0.07051596686251602
1116.5	0	13	0.22313	3.1669676169809327	0.1	0.07045540939654747
1117.0	0	13	0.22274	3.1641518362686334	0.1	0.07039485193057897
1117.5	0	13	0.22235	3.1613312068108974	0.1	0.07033429446461045
1118.0	0	13	0.22196	3.1585057160726984	0.1	0.07027373699864192
1118.5	0	13	0.22157	3.1556753514757627	0.1	0.0702131795326734
1119.0	0	13	0.22118	3.1528401003983877	0.1	0.07015262206670489
1119.5	0	13	0.22079	3.1499999501752507	0.1	0.07009206460073636
1120.0	0	13	0.22039999999999998	3.1471548880972207	0.1	0.07003150713476784
1120.5	0	13	0.22000999999999998	3.1443049014111697	0.1	0.06997094966879933
1121.0	0	13	0.21962	3.1414499773197835	0.1	0.06991039220283081
1121.5	0	13	0.21923	3.1385901029813663	0.1	0.06984983473686228
1122.0	0	13	0.21884	3.135725265509651	0.1	0.06978927727089376
1122.5	0	13	0.21845	3.132855451973606	0.1	0.06972871980492525
1123.0	0	13	0.21806	3.129980649397239	0.1	0.06966816233895672
1123.5	0	13	0.21767	3.127100844759401	0.1	0.0696076048729882
1124.0	0	13	0.21728	3.124216024993593	0.1	0.06954704740701968
1124.5	0	13	0.21689	3.1213261769877647	0.1	0.06948648994105117
1125.0	0	13	0.2165	3.1184312875841185	0.1	0.06942593247508264
1125.5	0	13	0.21611	3.115531343578906	0.1	0.06936537500911413
1126.0	0	13	0.21572000000000002	3.112626331722234	0.1	0.06930481754314562
1126.5	0	13	0.21533000000000002	3.109716238717855	0.1	0.06924426007717707
1127.0	0	13	0.21494000000000002	3.1068010512229693	0.1	0.06918370261120856
1127.5	0	13	0.21455000000000002	3.1038807558480195	0.1	0.06912314514524004
1128.0	0	13	0.21416000000000002	3.1009553391564872	0.1	0.06906258767927151
1128.5	0	13	0.21377000000000002	3.0980247876646825	0.1	0.06900203021330299
1129.0	0	13	0.21338000000000001	3.0950890878415422	0.1	0.06894147274733448
1129.5	0	13	0.21299	3.0921482261084186	0.1	0.06888091528136596
1130.0	0	13	0.2126	3.0892021888388705	0.1	0.06882035781539743
1130.5	0	13	0.21221	3.086250962358452	0.1	0.06875980034942891
1131.0	0	13	0.21182	3.083294532944503	0.1	0.0686992428834604
1131.5	0	13	0.21143	3.080332886825936	0.1	0.06863868541749187
1132.0	0	13	0.21104	3.0773660101830194	0.1	0.06857812795152335
1132.5	0	13	0.21065	3.0743938891471663	0.1	0.06851757048555483
1133.0	0	13	0.21026	3.0714165098007165	0.1	0.06845701301958632
1133.5	0	13	0.20987	3.0684338581767205	0.1	0.06839645555361779
1134.0	0	13	0.20948	3.065445920258718	0.1	0.06833589808764927
1134.5	0	13	0.20909	3.0624526819805236	0.1	0.06827534062168075
1135.0	0	13	0.2087	3.0594541292260007	0.1	0.06821478315571222
1135.5	0	13	0.20831	3.0564502478288422	0.1	0.0681542256897437
1136.0	0	13	0.20792	3.0534410235723484	0.1	0.06809366822377519
1136.5	0	13	0.20753	3.0504264421892007	0.1	0.06803311075780664
1137.0	0	13	0.20714	3.047406489361236	0.1	0.06797255329183814
1137.5	0	13	0.20675	3.0443811507192224	0.1	0.06791199582586963
1138.0	0	13	0.20636	3.041350411842629	0.1	0.06785143835990111
1138.5	0	13	0.20597	3.0383142582593985	0.1	0.06779088089393258
1139.0	0	13	0.20557999999999998	3.0352726754457136	0.1	0.06773032342796406
1139.5	0	13	0.20518999999999998	3.0322256488257704	0.1	0.06766976596199555
1140.0	0	13	0.2048	3.0291731637715427	0.1	0.06760920849602702
1140.5	0	13	0.20441	3.0261152056025447	0.1	0.0675486510300585
1141.0	0	13	0.20402	3.0230517595856026	0.1	0.06748809356408998
1141.5	0	13	0.20363	3.019982810934614	0.1	0.06742753609812147
1142.0	0	13	0.20324	3.0169083448103096	0.1	0.06736697863215294
1142.5	0	13	0.20285	3.0138283463200146	0.1	0.06730642116618442
1143.0	0	13	0.20246	3.010742800517409	0.1	0.0672458637002159
1143.5	0	13	0.20207	3.0076516924022867	0.1	0.06718530623424736
1144.0	0	13	0.20168	3.0045550069203077	0.1	0.06712474876827886
1144.5	0	13	0.20129	3.0014527289627604	0.1	0.06706419130231034
1145.0	0	13	0.20090000000000002	2.9983448433663122	0.1	0.06700363383634181
1145.5	0	13	0.20051000000000002	2.9952313349127597	0.1	0.06694307637037329
1146.0	0	13	0.20012000000000002	2.992112188328787	0.1	0.06688251890440476
1146.5	0	13	0.19973000000000002	2.98898738828571	0.1	0.06682196143843624
1147.0	0	13	0.19934000000000002	2.98585691939923	0.1	0.06676140397246773
1147.5	0	13	0.19895000000000002	2.9827207662291766	0.1	0.06670084650649921
1148.0	0	13	0.19856000000000001	2.9795789132792567	0.1	0.0666402890405307
1148.5	0	13	0.19817	2.9764313449968007	0.1	0.06657973157456216
1149.0	0	13	0.19778	2.9732780457725	0.1	0.06651917410859365
1149.5	0	13	0.19739	2.9701189999401567	0.1	0.06645861664262513
1150.0	0	13	0.197	2.966954191776418	0.1	0.06639805917665662
1150.5	0	13	0.19661	2.9637836055005193	0.1	0.06633750171068808
1151.0	0	13	0.19622	2.960607225274018	0.1	0.06627694424471957
1151.5	0	13	0.19583	2.957425035200534	0.1	0.06621638677875105
1152.0	0	13	0.19544	2.954237019325482	0.1	0.06615582931278254
1152.5	0	13	0.19505	2.9510431616358046	0.1	0.06609527184681402
1153.0	0	13	0.19466	2.9478434460597063	0.1	0.06603471438084549
1153.5	0	13	0.19427	2.9446378564663815	0.1	0.06597415691487696
1154.0	0	13	0.19388	2.9414263766657447	0.1	0.06591359944890844
1154.5	0	13	0.19349	2.9382089904081585	0.1	0.06585304198293992
1155.0	0	13	0.1931	2.934985681384158	0.1	0.06579248451697141
1155.5	0	13	0.19271	2.931756433224177	0.1	0.06573192705100288
1156.0	0	13	0.19232	2.928521229498268	0.1	0.06567136958503436
1156.5	0	13	0.19193	2.9252800537158272	0.1	0.06561081211906584
1157.0	0	13	0.19154	2.922032889325313	0.1	0.0655502546530973
1157.5	0	13	0.19115	2.918779719713961	0.1	0.0654896971871288
1158.0	0	13	0.19075999999999999	2.915520528207507	0.1	0.06542913972116028
1158.5	0	13	0.19036999999999998	2.9122552980698955	0.1	0.06536858225519177
1159.0	0	13	0.18998	2.908984012503	0.1	0.06530802478922323
1159.5	0	13	0.18959	2.9057066546463273	0.1	0.06524746732325472
1160.0	0	13	0.1892	2.9024232075767333	0.1	0.0651869098572862
1160.5	0	13	0.18881	2.899133654308133	0.1	0.06512635239131766
1161.0	0	13	0.18842	2.8958379777912	0.1	0.06506579492534915
1161.5	0	13	0.18803	2.89253616091308	0.1	0.06500523745938064
1162.0	0	13	0.18764	2.8892281864970912	0.1	0.06494467999341211
1162.5	0	13	0.18725	2.8859140373024257	0.1	0.06488412252744359
1163.0	0	13	0.18686	2.882593696023851	0.1	0.06482356506147507
1163.5	0	13	0.18647	2.8792671452914087	0.1	0.06476300759550657
1164.0	0	13	0.18608	2.8759343676701135	0.1	0.06470245012953803
1164.5	0	13	0.18569	2.8725953456596427	0.1	0.06464189266356951
1165.0	0	13	0.1853	2.869250061694038	0.1	0.064581335197601
1165.5	0	13	0.18491	2.8658984981413913	0.1	0.06452077773163246
1166.0	0	13	0.18452000000000002	2.8625406373035367	0.1	0.06446022026566395
1166.5	0	13	0.18413000000000002	2.8591764614157396	0.1	0.06439966279969543
1167.0	0	13	0.18374000000000001	2.8558059526463837	0.1	0.06433910533372691
1167.5	0	13	0.18335	2.8524290930966556	0.1	0.06427854786775838
1168.0	0	13	0.18296	2.849045864800226	0.1	0.06421799040178987
1168.5	0	13	0.18257	2.8456562497229334	0.1	0.06415743293582137
1169.0	0	13	0.18218	2.8422602297624655	0.1	0.06409687546985282
1169.5	0	13	0.18179	2.83885778674803	0.1	0.0640363180038843
1170.0	0	13	0.1814	2.8354489024400378	0.1	0.06397576053791579
1170.5	0	13	0.18101	2.832033558529775	0.1	0.06391520307194727
1171.0	0	13	0.18062	2.828611736639072	0.1	0.06385464560597874
1171.5	0	13	0.18023	2.8251834183199773	0.1	0.06379408814001022
1172.0	0	13	0.17984	2.8217485850544257	0.1	0.0637335306740417
1172.5	0	13	0.17945	2.818307218253903	0.1	0.06367297320807318
1173.0	0	13	0.17906	2.8148592992591115	0.1	0.06361241574210466
1173.5	0	13	0.17867	2.8114048093396344	0.1	0.06355185827613614
1174.0	0	13	0.17828	2.8079437296935947	0.1	0.06349130081016761
1174.5	0	13	0.17789	2.8044760414473133	0.1	0.0634307433441991
1175.0	0	13	0.1775	2.801001725654969	0.1	0.06337018587823058
1175.5	0	13	0.17711000000000002	2.7975207632982513	0.1	0.06330962841226206
1176.0	0	13	0.17672000000000002	2.7940331352860133	0.1	0.06324907094629353
1176.5	0	13	0.17633000000000001	2.790538822453923	0.1	0.06318851348032502
1177.0	0	13	0.17594	2.7870378055641134	0.1	0.0631279560143565
1177.5	0	13	0.17555	2.7835300653048285	0.1	0.06306739854838797
1178.0	0	13	0.17516	2.7800155822900665	0.1	0.06300684108241945
1178.5	0	13	0.17477	2.7764943370592268	0.1	0.06294628361645094
1179.0	0	13	0.17438	2.772966310076747	0.1	0.06288572615048241
1179.5	0	13	0.17399	2.769431481731743	0.1	0.06282516868451389
1180.0	0	13	0.1736	2.765889832337646	0.1	0.06276461121854537
1180.5	0	13	0.17321	2.7623413421318377	0.1	0.06270405375257684
1181.0	0	13	0.17282	2.758785991275279	0.1	0.06264349628660833
1181.5	0	13	0.17243	2.755223759852145	0.1	0.06258293882063981
1182.0	0	13	0.17204	2.751654627869452	0.1	0.0625223813546713
1182.5	0	13	0.17165	2.7480785752566805	0.1	0.06246182388870277
1183.0	0	13	0.17126	2.7444955818654018	0.1	0.062401266422734254
1183.5	0	13	0.17087	2.740905627468899	0.1	0.06234070895676573
1184.0	0	13	0.17048	2.7373086917617866	0.1	0.06228015149079721
1184.5	0	13	0.17009	2.7337047543596267	0.1	0.062219594024828684
1185.0	0	13	0.16970000000000002	2.7300937947985444	0.1	0.06215903655886017
1185.5	0	13	0.16931000000000002	2.726475792534841	0.1	0.06209847909289165
1186.0	0	13	0.16892000000000001	2.7228507269446043	0.1	0.06203792162692313
1186.5	0	13	0.16853	2.7192185773233155	0.1	0.061977364160954604
1187.0	0	13	0.16814	2.7155793228854566	0.1	0.06191680669498608
1187.5	0	13	0.16775	2.711932942764113	0.1	0.06185624922901757
1188.0	0	13	0.16736	2.708279416010576	0.1	0.06179569176304905
1188.5	0	13	0.16697	2.704618721593938	0.1	0.061735134297080524
1189.0	0	13	0.16658	2.7009508384006944	0.1	0.06167457683111201
1189.5	0	13	0.16619	2.697275745234333	0.1	0.06161401936514348
1190.0	0	13	0.1658	2.6935934208149277	0.1	0.06155346189917497
1190.5	0	13	0.16541	2.6899038437787284	0.1	0.061492904433206444
1191.0	0	13	0.16502	2.6862069926777457	0.1	0.061432346967237914
1191.5	0	13	0.16463	2.6825028459793376	0.1	0.0613717895012694
1192.0	0	13	0.16424	2.67879138206579	0.1	0.06131123203530089
1192.5	0	13	0.16385	2.6750725792338974	0.1	0.06125067456933236
1193.0	0	13	0.16346	2.6713464156945377	0.1	0.061190117103363834
1193.5	0	13	0.16307	2.667612869572248	0.1	0.06112955963739532
1194.0	0	13	0.16268	2.6638719189047984	0.1	0.061069002171426794
1194.5	0	13	0.16229000000000002	2.6601235416427578	0.1	0.06100844470545827
1195.0	0	13	0.16190000000000002	2.656367715649062	0.1	0.060947887239489754
1195.5	0	13	0.16151000000000001	2.65260441869858	0.1	0.06088732977352123
1196.0	0	13	0.16112	2.648833628477672	0.1	0.06082677230755271
1196.5	0	13	0.16073	2.6450553225837514	0.1	0.06076621484158419
1197.0	0	13	0.16034	2.64126947852484	0.1	0.06070565737561567
1197.5	0	13	0.15995	2.6374760737191214	0.1	0.06064509990964714
1198.0	0	13	0.15956	2.633675085494492	0.1	0.060584542443678634
1198.5	0	13	0.15917	2.6298664910881104	0.1	0.06052398497771011
1199.0	0	13	0.15878	2.626050267645942	0.1	0.06046342751174159
1199.5	0	13	0.15839	2.6222263922223013	0.1	0.06040287004577306
1200.0	0	13	0.158	2.618394841779393	0.1	0.06034231257980454
1200.5	0	13	0.157815	2.6101619531734617	0.1	0.060461765526896485
1201.0	0	13	0.15763	2.601961531488197	0.1	0.060581218473988424
1201.5	0	13	0.157445	2.593793385048487	0.1	0.06070067142108037
1202.0	0	13	0.15726	2.5856573236850453	0.1	0.0608201243681723
1202.5	0	13	0.157075	2.577553158719655	0.1	0.06093957731526424
1203.0	0	13	0.15689	2.569480702950585	0.1	0.061059030262356186
1203.5	0	13	0.156705	2.561439770638171	0.1	0.061178483209448124
1204.0	0	13	0.15652	2.5534301774905743	0.1	0.06129793615654007
1204.5	0	13	0.156335	2.5454517406496997	0.1	0.061417389103632015
1205.0	0	13	0.15615	2.5375042786772806	0.1	0.06153684205072394
1205.5	0	13	0.155965	2.5295876115411233	0.1	0.061656294997815886
1206.0	0	13	0.15578	2.5217015606015165	0.1	0.06177574794490783
1206.5	0	13	0.155595	2.5138459485977913	0.1	0.06189520089199976
1207.0	0	13	0.15541	2.5060205996350393	0.1	0.06201465383909171
1207.5	0	13	0.155225	2.4982253391709874	0.1	0.062134106786183654
1208.0	0	13	0.15504	2.490459994003017	0.1	0.06225355973327559
1208.5	0	13	0.154855	2.482724392255338	0.1	0.06237301268036754
1209.0	0	13	0.15467	2.475018363366308	0.1	0.06249246562745947
1209.5	0	13	0.154485	2.467341738075894	0.1	0.0626119185745514
1210.0	0	13	0.1543	2.459694348413281	0.1	0.06273137152164335
1210.5	0	13	0.154115	2.4520760276846243	0.1	0.06285082446873529
1211.0	0	13	0.15393	2.444486610460931	0.1	0.06297027741582722
1211.5	0	13	0.153745	2.43692593256609	0.1	0.06308973036291918
1212.0	0	13	0.15356	2.4293938310650356	0.1	0.06320918331001112
1212.5	0	13	0.153375	2.4218901442520355	0.1	0.06332863625710305
1213.0	0	13	0.15319	2.414414711639126	0.1	0.063448089204195
1213.5	0	13	0.153005	2.4069673739446666	0.1	0.06356754215128692
1214.0	0	13	0.15282	2.399547973082027	0.1	0.06368699509837887
1214.5	0	13	0.152635	2.392156352148402	0.1	0.06380644804547082
1215.0	0	13	0.15245	2.384792355413752	0.1	0.06392590099256275
1215.5	0	13	0.152265	2.377455828309862	0.1	0.06404535393965469
1216.0	0	13	0.15208	2.370146617419531	0.1	0.06416480688674664
1216.5	0	13	0.151895	2.36286457046588	0.1	0.06428425983383858
1217.0	0	13	0.15171	2.3556095363017686	0.1	0.0644037127809305
1217.5	0	13	0.151525	2.348381364899345	0.1	0.06452316572802246
1218.0	0	13	0.15134	2.341179907339702	0.1	0.0646426186751144
1218.5	0	13	0.151155	2.3340050158026497	0.1	0.06476207162220632
1219.0	0	13	0.15097	2.3268565435566	0.1	0.06488152456929827
1219.5	0	13	0.150785	2.3197343449485675	0.1	0.06500097751639021
1220.0	0	13	0.1506	2.3126382753942725	0.1	0.06512043046348216
1220.5	0	13	0.150415	2.30556819136836	0.1	0.0652398834105741
1221.0	0	13	0.15023	2.2985239503947232	0.1	0.06535933635766604
1221.5	0	13	0.150045	2.2915054110369306	0.1	0.06547878930475798
1222.0	0	13	0.14986	2.284512432888761	0.1	0.06559824225184992
1222.5	0	13	0.149675	2.277544876564843	0.1	0.06571769519894186
1223.0	0	13	0.14949	2.2706026036913887	0.1	0.0658371481460338
1223.5	0	13	0.149305	2.2636854768970376	0.1	0.06595660109312573
1224.0	0	13	0.14912	2.2567933598037957	0.1	0.06607605404021767
1224.5	0	13	0.148935	2.2499261170180698	0.1	0.06619550698730961
1225.0	0	13	0.14875	2.2430836141218027	0.1	0.06631495993440156
1225.5	0	13	0.148565	2.2362657176637057	0.1	0.0664344128814935
1226.0	0	13	0.14838	2.229472295150578	0.1	0.06655386582858544
1226.5	0	13	0.148195	2.2227032150387265	0.1	0.06667331877567738
1227.0	0	13	0.14801	2.2159583467254755	0.1	0.06679277172276932
1227.5	0	13	0.147825	2.209237560540767	0.1	0.06691222466986126
1228.0	0	13	0.14764	2.2025407277388487	0.1	0.0670316776169532
1228.5	0	13	0.147455	2.195867720490057	0.1	0.06715113056404513
1229.0	0	13	0.14727	2.1892184118726803	0.1	0.06727058351113707
1229.5	0	13	0.147085	2.182592675864911	0.1	0.06739003645822902
1230.0	0	13	0.1469	2.1759903873368893	0.1	0.06750948940532096
1230.5	0	13	0.146715	2.1694114220428204	0.1	0.0676289423524129
1231.0	0	13	0.14653	2.1628556566131825	0.1	0.06774839529950484
1231.5	0	13	0.146345	2.1563229685470167	0.1	0.06786784824659678
1232.0	0	13	0.14616	2.1498132362042943	0.1	0.0679873011936887
1232.5	0	13	0.145975	2.143326338798368	0.1	0.06810675414078066
1233.0	0	13	0.14579	2.136862156388503	0.1	0.06822620708787261
1233.5	0	13	0.145605	2.130420569872481	0.1	0.06834566003496453
1234.0	0	13	0.14542	2.124001460979288	0.1	0.06846511298205649
1234.5	0	13	0.145235	2.1176047122618757	0.1	0.06858456592914842
1235.0	0	13	0.14505	2.111230207089997	0.1	0.06870401887624036
1235.5	0	13	0.144865	2.1048778296431183	0.1	0.0688234718233323
1236.0	0	13	0.14468	2.0985474649034055	0.1	0.06894292477042424
1236.5	0	13	0.144495	2.092238998648782	0.1	0.06906237771751618
1237.0	0	13	0.14431	2.085952317446057	0.1	0.06918183066460812
1237.5	0	13	0.144125	2.079687308644129	0.1	0.06930128361170006
1238.0	0	13	0.14394	2.0734438603672567	0.1	0.069420736558792
1238.5	0	13	0.143755	2.0672218615083953	0.1	0.06954018950588395
1239.0	0	13	0.14357	2.0610212017226144	0.1	0.06965964245297589
1239.5	0	13	0.143385	2.054841771420566	0.1	0.06977909540006781
1240.0	0	13	0.1432	2.0486834617620318	0.1	0.06989854834715976
1240.5	0	13	0.143015	2.042546164649535	0.1	0.0700180012942517
1241.0	0	13	0.14283	2.036429772722013	0.1	0.07013745424134363
1241.5	0	13	0.142645	2.030334179348556	0.1	0.07025690718843558
1242.0	0	13	0.14246	2.024259278622213	0.1	0.07037636013552752
1242.5	0	13	0.142275	2.0182049653538576	0.1	0.07049581308261946
1243.0	0	13	0.14209	2.012171135066114	0.1	0.07061526602971141
1243.5	0	13	0.141905	2.006157683987352	0.1	0.07073471897680335
1244.0	0	13	0.14172	2.0001645090457334	0.1	0.07085417192389529
1244.5	0	13	0.141535	1.994191507863325	0.1	0.07097362487098721
1245.0	0	13	0.14135	1.9882385787502692	0.1	0.07109307781807916
1245.5	0	13	0.141165	1.9823056206990124	0.1	0.0712125307651711
1246.0	0	13	0.14098	1.9763925333785917	0.1	0.07133198371226304
1246.5	0	13	0.140795	1.9704992171289817	0.1	0.07145143665935498
1247.0	0	13	0.14061	1.9646255729554916	0.1	0.07157088960644692
1247.5	0	13	0.140425	1.9587715025232244	0.1	0.07169034255353887
1248.0	0	13	0.14024	1.9529369081515915	0.1	0.07180979550063081
1248.5	0	13	0.140055	1.9471216928088744	0.1	0.07192924844772275
1249.0	0	13	0.13987	1.9413257601068488	0.1	0.07204870139481469
1249.5	0	13	0.139685	1.9355490142954601	0.1	0.07216815434190663
1250.0	0	13	0.1395	1.9297913602575485	0.1	0.07228760728899856
1250.5	0	13	0.139315	1.9240527035036283	0.1	0.0724070602360905
1251.0	0	13	0.13913	1.9183329501667217	0.1	0.07252651318318243
1251.5	0	13	0.138945	1.9126320069972373	0.1	0.07264596613027438
1252.0	0	13	0.13876	1.9069497813579042	0.1	0.07276541907736633
1252.5	0	13	0.138575	1.9012861812187558	0.1	0.07288487202445827
1253.0	0	13	0.13839	1.8956411151521586	0.1	0.07300432497155021
1253.5	0	13	0.138205	1.8900144923278925	0.1	0.07312377791864215
1254.0	0	13	0.13802	1.8844062225082823	0.1	0.07324323086573409
1254.5	0	13	0.137835	1.8788162160433703	0.1	0.07336268381282603
1255.0	0	13	0.13765	1.8732443838661403	0.1	0.07348213675991798
1255.5	0	13	0.137465	1.8676906374877889	0.1	0.07360158970700989
1256.0	0	13	0.13728	1.8621548889930377	0.1	0.07372104265410184
1256.5	0	13	0.137095	1.8566370510354964	0.1	0.0738404956011938
1257.0	0	13	0.13691	1.8511370368330704	0.1	0.07395994854828575
1257.5	0	13	0.136725	1.845654760163407	0.1	0.07407940149537767
1258.0	0	13	0.13654	1.8401901353593921	0.1	0.07419885444246961
1258.5	0	13	0.136355	1.8347430773046896	0.1	0.07431830738956155
1259.0	0	13	0.13617	1.8293135014293183	0.1	0.07443776033665349
1259.5	0	13	0.135985	1.8239013237052777	0.1	0.07455721328374543
1260.0	0	13	0.1358	1.818506460642214	0.1	0.07467666623083737
1260.5	0	13	0.135615	1.8131288292831245	0.1	0.0747961191779293
1261.0	0	13	0.13543	1.8077683472001058	0.1	0.07491557212502126
1261.5	0	13	0.135245	1.8024249324901456	0.1	0.0750350250721132
1262.0	0	13	0.13506	1.7970985037709462	0.1	0.07515447801920513
1262.5	0	13	0.134875	1.7917889801767963	0.1	0.07527393096629707
1263.0	0	13	0.13469	1.7864962813544782	0.1	0.07539338391338901
1263.5	0	13	0.134505	1.781220327459213	0.1	0.07551283686048095
1264.0	0	13	0.13432	1.7759610391506464	0.1	0.07563228980757289
1264.5	0	13	0.134135	1.7707183375888722	0.1	0.07575174275466484
1265.0	0	13	0.13395	1.7654921444304912	0.1	0.07587119570175677
1265.5	0	13	0.133765	1.7602823818247086	0.1	0.0759906486488487
1266.0	0	13	0.13358	1.7550889724094723	0.1	0.07611010159594066
1266.5	0	13	0.133395	1.7499118393076372	0.1	0.0762295545430326
1267.0	0	13	0.13321	1.7447509061231767	0.1	0.07634900749012453
1267.5	0	13	0.133025	1.7396060969374245	0.1	0.07646846043721647
1268.0	0	13	0.13284	1.7344773363053487	0.1	0.0765879133843084
1268.5	0	13	0.132655	1.7293645492518668	0.1	0.07670736633140035
1269.0	0	13	0.13247	1.7242676612681929	0.1	0.07682681927849228
1269.5	0	13	0.132285	1.7191865983082149	0.1	0.07694627222558421
1270.0	0	13	0.1321	1.714121286784911	0.1	0.07706572517267618
1270.5	0	13	0.131915	1.7090716535667991	0.1	0.0771851781197681
1271.0	0	13	0.13173	1.7040376259744123	0.1	0.07730463106686006
1271.5	0	13	0.131545	1.6990191317768162	0.1	0.077424084013952
1272.0	0	13	0.13136	1.694016099188153	0.1	0.07754353696104392
1272.5	0	13	0.131175	1.6890284568642173	0.1	0.07766298990813587
1273.0	0	13	0.13099	1.6840561338990663	0.1	0.07778244285522781
1273.5	0	13	0.130805	1.67909905982166	0.1	0.07790189580231975
1274.0	0	13	0.13062	1.67415716459253	0.1	0.07802134874941169
1274.5	0	13	0.130435	1.6692303786004825	0.1	0.07814080169650364
1275.0	0	13	0.13025	1.6643186326593307	0.1	0.07826025464359557
1275.5	0	13	0.13006500000000001	1.659421858004652	0.1	0.07837970759068752
1276.0	0	13	0.12988	1.6545399862905843	0.1	0.07849916053777944
1276.5	0	13	0.129695	1.6496729495866427	0.1	0.0786186134848714
1277.0	0	13	0.12951000000000001	1.64482068037457	0.1	0.07873806643196334
1277.5	0	13	0.129325	1.6399831115452128	0.1	0.07885751937905529
1278.0	0	13	0.12914	1.6351601763954318	0.1	0.07897697232614721
1278.5	0	13	0.12895500000000001	1.6303518086250304	0.1	0.07909642527323915
1279.0	0	13	0.12877	1.6255579423337203	0.1	0.07921587822033109
1279.5	0	13	0.128585	1.6207785120181115	0.1	0.07933533116742303
1280.0	0	13	0.12840000000000001	1.6160134525687246	0.1	0.07945478411451498
1280.5	0	13	0.128215	1.6112626992670387	0.1	0.07957423706160692
1281.0	0	13	0.12803	1.6065261877825592	0.1	0.07969369000869886
1281.5	0	13	0.127845	1.6018038541699136	0.1	0.0798131429557908
1282.0	0	13	0.12766	1.5970956348659757	0.1	0.07993259590288274
1282.5	0	13	0.127475	1.592401466687012	0.1	0.08005204884997467
1283.0	0	13	0.12729000000000001	1.587721286825856	0.1	0.08017150179706661
1283.5	0	13	0.127105	1.5830550328491058	0.1	0.08029095474415857
1284.0	0	13	0.12692	1.5784026426943518	0.1	0.08041040769125049
1284.5	0	13	0.126735	1.573764054667419	0.1	0.08052986063834244
1285.0	0	13	0.12655	1.5691392074396462	0.1	0.08064931358543438
1285.5	0	13	0.126365	1.5645280400451784	0.1	0.08076876653252632
1286.0	0	13	0.12618000000000001	1.5599304918782904	0.1	0.08088821947961826
1286.5	0	13	0.125995	1.55534650269073	0.1	0.0810076724267102
1287.0	0	13	0.12581	1.5507760125890893	0.1	0.08112712537380214
1287.5	0	13	0.125625	1.5462189620321916	0.1	0.08124657832089408
1288.0	0	13	0.12544	1.5416752918285097	0.1	0.08136603126798603
1288.5	0	13	0.125255	1.5371449431336017	0.1	0.08148548421507797
1289.0	0	13	0.12507000000000001	1.5326278574475696	0.1	0.0816049371621699
1289.5	0	13	0.124885	1.5281239766125432	0.1	0.08172439010926184
1290.0	0	13	0.1247	1.523633242810183	0.1	0.08184384305635378
1290.5	0	13	0.124515	1.5191555985592065	0.1	0.08196329600344572
1291.0	0	13	0.12433	1.5146909867129348	0.1	0.08208274895053766
1291.5	0	13	0.124145	1.5102393504568625	0.1	0.0822022018976296
1292.0	0	13	0.12396	1.5058006333062475	0.1	0.08232165484472154
1292.5	0	13	0.123775	1.5013747791037206	0.1	0.08244110779181349
1293.0	0	13	0.12359	1.4969617320169204	0.1	0.08256056073890541
1293.5	0	13	0.123405	1.4925614365361406	0.1	0.08268001368599737
1294.0	0	13	0.12322	1.488173837472008	0.1	0.0827994666330893
1294.5	0	13	0.123035	1.4837988799531712	0.1	0.08291891958018124
1295.0	0	13	0.12285	1.4794365094240143	0.1	0.08303837252727318
1295.5	0	13	0.122665	1.47508667164239	0.1	0.08315782547436512
1296.0	0	13	0.12248	1.4707493126773707	0.1	0.08327727842145706
1296.5	0	13	0.122295	1.4664243789070193	0.1	0.083396731368549
1297.0	0	13	0.12211	1.4621118170161802	0.1	0.08351618431564094
1297.5	0	13	0.121925	1.4578115739942887	0.1	0.08363563726273288
1298.0	0	13	0.12174	1.453523597133197	0.1	0.08375509020982483
1298.5	0	13	0.121555	1.4492478340250237	0.1	0.08387454315691677
1299.0	0	13	0.12137	1.4449842325600162	0.1	0.0839939961040087
1299.5	0	13	0.121185	1.4407327409244344	0.1	0.08411344905110064
1300.0	0	13	0.121	1.436493307598453	0.1	0.08423290199819258
1300.5	0	13	0.120815	1.4358709429281054	0.1	0.08414057028943532
1301.0	0	13	0.12063	1.4352472108526948	0.1	0.08404823858067803
1301.5	0	13	0.120445	1.4346221068607516	0.1	0.08395590687192075
1302.0	0	13	0.12026	1.433995626420938	0.1	0.08386357516316348
1302.5	0	13	0.120075	1.433367764981938	0.1	0.08377124345440619
1303.0	0	13	0.11989	1.4327385179723489	0.1	0.08367891174564891
1303.5	0	13	0.119705	1.4321078808005687	0.1	0.08358658003689164
1304.0	0	13	0.11952	1.431475848854685	0.1	0.08349424832813436
1304.5	0	13	0.119335	1.430842417502363	0.1	0.08340191661937707
1305.0	0	13	0.11915	1.4302075820907312	0.1	0.08330958491061981
1305.5	0	13	0.118965	1.4295713379462687	0.1	0.08321725320186252
1306.0	0	13	0.11878	1.4289336803746895	0.1	0.08312492149310524
1306.5	0	13	0.118595	1.4282946046608282	0.1	0.08303258978434797
1307.0	0	13	0.11841	1.4276541060685228	0.1	0.08294025807559068
1307.5	0	13	0.118225	1.427012179840498	0.1	0.0828479263668334
1308.0	0	13	0.11804	1.4263688211982473	0.1	0.08275559465807612
1308.5	0	13	0.117855	1.4257240253419146	0.1	0.08266326294931883
1309.0	0	13	0.11767	1.4250777874501748	0.1	0.08257093124056157
1309.5	0	13	0.117485	1.424430102680114	0.1	0.0824785995318043
1310.0	0	13	0.1173	1.423780966167108	0.1	0.08238626782304702
1310.5	0	13	0.117115	1.4231303730247002	0.1	0.08229393611428974
1311.0	0	13	0.11693	1.42247831834448	0.1	0.08220160440553247
1311.5	0	13	0.116745	1.4218247971959583	0.1	0.08210927269677518
1312.0	0	13	0.11656	1.421169804626444	0.1	0.08201694098801791
1312.5	0	13	0.116375	1.4205133356609192	0.1	0.08192460927926062
1313.0	0	13	0.11619	1.4198553853019116	0.1	0.08183227757050335
1313.5	0	13	0.116005	1.4191959485293695	0.1	0.08173994586174604
1314.0	0	13	0.11582	1.4185350203005327	0.1	0.0816476141529888
1314.5	0	13	0.115635	1.4178725955498055	0.1	0.08155528244423149
1315.0	0	13	0.11545	1.4172086691886256	0.1	0.08146295073547422
1315.5	0	13	0.115265	1.4165432361053354	0.1	0.08137061902671694
1316.0	0	13	0.11508	1.415876291165049	0.1	0.08127828731795968
1316.5	0	13	0.114895	1.415207829209523	0.1	0.08118595560920237
1317.0	0	13	0.11471	1.4145378450570192	0.1	0.08109362390044511
1317.5	0	13	0.114525	1.4138663335021746	0.1	0.08100129219168783
1318.0	0	13	0.11434	1.4131932893158652	0.1	0.08090896048293057
1318.5	0	13	0.114155	1.4125187072450704	0.1	0.08081662877417328
1319.0	0	13	0.11397	1.4118425820127352	0.1	0.080724297065416
1319.5	0	13	0.113785	1.4111649083176347	0.1	0.08063196535665872
1320.0	0	13	0.1136	1.4104856808342334	0.1	0.08053963364790144
1320.5	0	13	0.113415	1.4098048942125474	0.1	0.08044730193914416
1321.0	0	13	0.11323	1.409122543078003	0.1	0.08035497023038689
1321.5	0	13	0.113045	1.4084386220312957	0.1	0.08026263852162961
1322.0	0	13	0.11286	1.4077531256482474	0.1	0.08017030681287232
1322.5	0	13	0.112675	1.407066048479663	0.1	0.08007797510411505
1323.0	0	13	0.11249	1.406377385051187	0.1	0.07998564339535777
1323.5	0	13	0.112305	1.4056871298631561	0.1	0.0798933116866005
1324.0	0	13	0.11212	1.4049952773904553	0.1	0.07980097997784322
1324.5	0	13	0.111935	1.4043018220823684	0.1	0.07970864826908594
1325.0	0	13	0.11175	1.4036067583624303	0.1	0.07961631656032868
1325.5	0	13	0.111565	1.4029100806282786	0.1	0.07952398485157137
1326.0	0	13	0.11138	1.4022117832515004	0.1	0.0794316531428141
1326.5	0	13	0.111195	1.4015118605774837	0.1	0.07933932143405682
1327.0	0	13	0.11101	1.4008103069252626	0.1	0.07924698972529955
1327.5	0	13	0.110825	1.4001071165873658	0.1	0.07915465801654227
1328.0	0	13	0.11064	1.3994022838296587	0.1	0.07906232630778497
1328.5	0	13	0.110455	1.39869580289119	0.1	0.0789699945990277
1329.0	0	13	0.11027	1.3979876679840348	0.1	0.07887766289027044
1329.5	0	13	0.110085	1.3972778732931348	0.1	0.07878533118151315
1330.0	0	13	0.1099	1.3965664129761406	0.1	0.07869299947275588
1330.5	0	13	0.10971500000000001	1.395853281163251	0.1	0.0786006677639986
1331.0	0	13	0.10953	1.3951384719570508	0.1	0.07850833605524131
1331.5	0	13	0.109345	1.3944219794323496	0.1	0.07841600434648403
1332.0	0	13	0.10916000000000001	1.3937037976360174	0.1	0.07832367263772676
1332.5	0	13	0.108975	1.3929839205868193	0.1	0.07823134092896947
1333.0	0	13	0.10879	1.39226234227525	0.1	0.0781390092202122
1333.5	0	13	0.10860500000000001	1.391539056663367	0.1	0.07804667751145493
1334.0	0	13	0.10842	1.3908140576846209	0.1	0.07795434580269764
1334.5	0	13	0.108235	1.3900873392436868	0.1	0.07786201409394036
1335.0	0	13	0.10805000000000001	1.3893588952162934	0.1	0.07776968238518309
1335.5	0	13	0.107865	1.3886287194490503	0.1	0.07767735067642581
1336.0	0	13	0.10768	1.387896805759276	0.1	0.07758501896766853
1336.5	0	13	0.10749500000000001	1.3871631479348219	0.1	0.07749268725891127
1337.0	0	13	0.10731	1.3864277397338975	0.1	0.07740035555015398
1337.5	0	13	0.107125	1.3856905748848931	0.1	0.07730802384139668
1338.0	0	13	0.10694000000000001	1.3849516470862016	0.1	0.07721569213263942
1338.5	0	13	0.106755	1.3842109500060384	0.1	0.07712336042388214
1339.0	0	13	0.10657	1.383468477282262	0.1	0.07703102871512486
1339.5	0	13	0.10638500000000001	1.3827242225221905	0.1	0.07693869700636759
1340.0	0	13	0.1062	1.3819781793024182	0.1	0.07684636529761028
1340.5	0	13	0.106015	1.3812303411686306	0.1	0.07675403358885302
1341.0	0	13	0.10583000000000001	1.3804807016354206	0.1	0.07666170188009573
1341.5	0	13	0.105645	1.379729254186097	0.1	0.07656937017133847
1342.0	0	13	0.10546	1.3789759922724993	0.1	0.07647703846258119
1342.5	0	13	0.10527500000000001	1.3782209093148061	0.1	0.07638470675382392
1343.0	0	13	0.10509	1.3774639987013426	0.1	0.07629237504506663
1343.5	0	13	0.104905	1.3767052537883888	0.1	0.07620004333630935
1344.0	0	13	0.10472000000000001	1.3759446678999856	0.1	0.07610771162755207
1344.5	0	13	0.104535	1.3751822343277367	0.1	0.07601537991879481
1345.0	0	13	0.10435	1.3744179463306143	0.1	0.07592304821003752
1345.5	0	13	0.10416500000000001	1.3736517971347588	0.1	0.07583071650128023
1346.0	0	13	0.10398	1.3728837799332778	0.1	0.07573838479252296
1346.5	0	13	0.103795	1.3721138878860466	0.1	0.07564605308376568
1347.0	0	13	0.10361000000000001	1.3713421141195044	0.1	0.0755537213750084
1347.5	0	13	0.103425	1.3705684517264483	0.1	0.07546138966625111
1348.0	0	13	0.10324	1.3697928937658292	0.1	0.07536905795749385
1348.5	0	13	0.10305500000000001	1.369015433262544	0.1	0.07527672624873656
1349.0	0	13	0.10287	1.3682360632072246	0.1	0.07518439453997929
1349.5	0	13	0.102685	1.3674547765560292	0.1	0.07509206283122201
1350.0	0	13	0.10250000000000001	1.36667156623043	0.1	0.07499973112246473
1350.5	0	13	0.102315	1.3658864251169982	0.1	0.07490739941370746
1351.0	0	13	0.10213	1.3650993460671894	0.1	0.07481506770495018
1351.5	0	13	0.10194500000000001	1.3643103218971275	0.1	0.07472273599619289
1352.0	0	13	0.10176	1.3635193453873837	0.1	0.07463040428743561
1352.5	0	13	0.101575	1.362726409282759	0.1	0.07453807257867834
1353.0	0	13	0.10139000000000001	1.3619315062920605	0.1	0.07444574086992108
1353.5	0	13	0.101205	1.3611346290878794	0.1	0.07435340916116379
1354.0	0	13	0.10102	1.3603357703063643	0.1	0.07426107745240651
1354.5	0	13	0.10083500000000001	1.3595349225469961	0.1	0.07416874574364923
1355.0	0	13	0.10065	1.3587320783723575	0.1	0.07407641403489194
1355.5	0	13	0.100465	1.357927230307904	0.1	0.07398408232613467
1356.0	0	13	0.10028000000000001	1.3571203708417323	0.1	0.07389175061737739
1356.5	0	13	0.100095	1.3563114924243453	0.1	0.07379941890862012
1357.0	0	13	0.09991	1.355500587468418	0.1	0.07370708719986284
1357.5	0	13	0.09972500000000001	1.35468764834856	0.1	0.07361475549110555
1358.0	0	13	0.09954	1.353872667401074	0.1	0.07352242378234827
1358.5	0	13	0.099355	1.353055636923719	0.1	0.073430092073591
1359.0	0	13	0.09917000000000001	1.352236549175466	0.1	0.07333776036483372
1359.5	0	13	0.098985	1.3514153963762516	0.1	0.07324542865607644
1360.0	0	13	0.0988	1.3505921707067345	0.1	0.07315309694731917
1360.5	0	13	0.09861500000000001	1.3497668643080465	0.1	0.07306076523856189
1361.0	0	13	0.09843	1.3489394692815408	0.1	0.0729684335298046
1361.5	0	13	0.098245	1.3481099776885417	0.1	0.07287610182104733
1362.0	0	13	0.09806000000000001	1.3472783815500908	0.1	0.07278377011229005
1362.5	0	13	0.097875	1.3464446728466901	0.1	0.07269143840353277
1363.0	0	13	0.09769	1.3456088435180447	0.1	0.0725991066947755
1363.5	0	13	0.09750500000000001	1.3447708854628042	0.1	0.07250677498601821
1364.0	0	13	0.09732	1.3439307905382978	0.1	0.07241444327726093
1364.5	0	13	0.097135	1.343088550560274	0.1	0.07232211156850364
1365.0	0	13	0.09695000000000001	1.3422441573026336	0.1	0.07222977985974638
1365.5	0	13	0.096765	1.3413976024971606	0.1	0.0721374481509891
1366.0	0	13	0.09658	1.3405488778332542	0.1	0.07204511644223181
1366.5	0	13	0.09639500000000001	1.3396979749576563	0.1	0.07195278473347454
1367.0	0	13	0.09621	1.3388448854741763	0.1	0.07186045302471726
1367.5	0	13	0.096025	1.3379896009434165	0.1	0.07176812131595998
1368.0	0	13	0.09584000000000001	1.3371321128824933	0.1	0.07167578960720271
1368.5	0	13	0.095655	1.336272412764756	0.1	0.07158345789844542
1369.0	0	13	0.09547	1.3354104920195056	0.1	0.07149112618968814
1369.5	0	13	0.09528500000000001	1.3345463420317083	0.1	0.07139879448093087
1370.0	0	13	0.0951	1.3336799541417097	0.1	0.07130646277217359
1370.5	0	13	0.094915	1.3328113196449454	0.1	0.07121413106341631
1371.0	0	13	0.09473000000000001	1.3319404297916493	0.1	0.07112179935465904
1371.5	0	13	0.094545	1.3310672757865591	0.1	0.07102946764590176
1372.0	0	13	0.09436	1.3301918487886217	0.1	0.07093713593714449
1372.5	0	13	0.09417500000000001	1.3293141399106938	0.1	0.0708448042283872
1373.0	0	13	0.09399	1.3284341402192403	0.1	0.07075247251962993
1373.5	0	13	0.093805	1.3275518407340339	0.1	0.07066014081087264
1374.0	0	13	0.09362000000000001	1.3266672324278468	0.1	0.07056780910211537
1374.5	0	13	0.093435	1.3257803062261444	0.1	0.07047547739335809
1375.0	0	13	0.09325	1.324891053006775	0.1	0.0703831456846008
1375.5	0	13	0.09306500000000001	1.3239994635996557	0.1	0.07029081397584352
1376.0	0	13	0.09288	1.3231055287864588	0.1	0.07019848226708625
1376.5	0	13	0.092695	1.3222092393002935	0.1	0.07010615055832897
1377.0	0	13	0.09251000000000001	1.3213105858253857	0.1	0.0700138188495717
1377.5	0	13	0.092325	1.3204095589967544	0.1	0.06992148714081442
1378.0	0	13	0.09214	1.319506149399888	0.1	0.06982915543205714
1378.5	0	13	0.09195500000000001	1.3186003475704158	0.1	0.06973682372329985
1379.0	0	13	0.09177	1.3176921439937757	0.1	0.06964449201454258
1379.5	0	13	0.091585	1.316781529104884	0.1	0.0695521603057853
1380.0	0	13	0.09140000000000001	1.3158684932877984	0.1	0.06945982859702804
1380.5	0	13	0.091215	1.3149530268753782	0.1	0.06936749688827075
1381.0	0	13	0.09103	1.3140351201489453	0.1	0.06927516517951346
1381.5	0	13	0.09084500000000001	1.3131147633379383	0.1	0.06918283347075618
1382.0	0	13	0.09066	1.3121919466195675	0.1	0.06909050176199891
1382.5	0	13	0.090475	1.3112666601184644	0.1	0.06899817005324163
1383.0	0	13	0.09029000000000001	1.31033889390633	0.1	0.06890583834448434
1383.5	0	13	0.090105	1.3094086380015788	0.1	0.06881350663572708
1384.0	0	13	0.08992	1.3084758823689824	0.1	0.0687211749269698
1384.5	0	13	0.08973500000000001	1.3075406169193073	0.1	0.06862884321821251
1385.0	0	13	0.08955	1.3066028315089508	0.1	0.06853651150945524
1385.5	0	13	0.089365	1.3056625159395758	0.1	0.06844417980069796
1386.0	0	13	0.08918000000000001	1.3047196599577409	0.1	0.06835184809194068
1386.5	0	13	0.088995	1.3037742532545258	0.1	0.06825951638318341
1387.0	0	13	0.08881	1.3028262854651576	0.1	0.06816718467442613
1387.5	0	13	0.08862500000000001	1.3018757461686317	0.1	0.06807485296566884
1388.0	0	13	0.08844	1.3009226248873285	0.1	0.06798252125691157
1388.5	0	13	0.088255	1.2999669110866308	0.1	0.06789018954815429
1389.0	0	13	0.08807000000000001	1.2990085941745337	0.1	0.06779785783939701
1389.5	0	13	0.087885	1.298047663501254	0.1	0.06770552613063974
1390.0	0	13	0.0877	1.2970841083588354	0.1	0.06761319442188246
1390.5	0	13	0.08751500000000001	1.2961179179807523	0.1	0.06752086271312517
1391.0	0	13	0.08733	1.2951490815415054	0.1	0.0674285310043679
1391.5	0	13	0.087145	1.2941775881562214	0.1	0.06733619929561062
1392.0	0	13	0.08696000000000001	1.2932034268802426	0.1	0.06724386758685334
1392.5	0	13	0.086775	1.292226586708717	0.1	0.06715153587809604
1393.0	0	13	0.08659	1.291247056576183	0.1	0.06705920416933878
1393.5	0	13	0.086405	1.2902648253561535	0.1	0.0669668724605815
1394.0	0	13	0.08622	1.2892798818606925	0.1	0.06687454075182422
1394.5	0	13	0.086035	1.2882922148399911	0.1	0.06678220904306695
1395.0	0	13	0.08585	1.2873018129819396	0.1	0.06668987733430966
1395.5	0	13	0.085665	1.286308664911695	0.1	0.0665975456255524
1396.0	0	13	0.08548	1.285312759191246	0.1	0.06650521391679512
1396.5	0	13	0.085295	1.2843140843189742	0.1	0.06641288220803783
1397.0	0	13	0.08511	1.2833126287292094	0.1	0.06632055049928055
1397.5	0	13	0.084925	1.2823083807917854	0.1	0.06622821879052328
1398.0	0	13	0.08474	1.2813013288115893	0.1	0.066135887081766
1398.5	0	13	0.084555	1.2802914610281069	0.1	0.06604355537300871
1399.0	0	13	0.08437	1.2792787656149642	0.1	0.06595122366425143
1399.5	0	13	0.084185	1.2782632306794681	0.1	0.06585889195549416
1400.0	0	13	0.084	1.2772448442621387	0.1	0.06576656024673688
1400.5	0	13	0.08390750000000001	1.276427404444758	0.1	0.0657362100718133
1401.0	0	13	0.083815	1.2756092094605935	0.1	0.0657058598968897
1401.5	0	13	0.0837225	1.2747902582627055	0.1	0.0656755097219661
1402.0	0	13	0.08363000000000001	1.273970549802217	0.1	0.06564515954704252
1402.5	0	13	0.0835375	1.273150083028311	0.1	0.06561480937211893
1403.0	0	13	0.083445	1.2723288568882254	0.1	0.06558445919719534
1403.5	0	13	0.08335250000000001	1.2715068703272487	0.1	0.06555410902227175
1404.0	0	13	0.08326	1.2706841222887146	0.1	0.06552375884734817
1404.5	0	13	0.0831675	1.2698606117139994	0.1	0.06549340867242455
1405.0	0	13	0.08307500000000001	1.2690363375425144	0.1	0.06546305849750096
1405.5	0	13	0.0829825	1.2682112987117042	0.1	0.06543270832257739
1406.0	0	13	0.08289	1.2673854941570413	0.1	0.0654023581476538
1406.5	0	13	0.08279750000000001	1.2665589228120209	0.1	0.0653720079727302
1407.0	0	13	0.082705	1.2657315836081564	0.1	0.06534165779780661
1407.5	0	13	0.0826125	1.2649034754749757	0.1	0.06531130762288302
1408.0	0	13	0.08252000000000001	1.2640745973400156	0.1	0.06528095744795943
1408.5	0	13	0.0824275	1.2632449481288173	0.1	0.06525060727303585
1409.0	0	13	0.082335	1.2624145267649232	0.1	0.06522025709811226
1409.5	0	13	0.08224250000000001	1.2615833321698697	0.1	0.06518990692318866
1410.0	0	13	0.08215	1.2607513632631842	0.1	0.06515955674826507
1410.5	0	13	0.0820575	1.2599186189623808	0.1	0.06512920657334148
1411.0	0	13	0.08196500000000001	1.259085098182954	0.1	0.06509885639841789
1411.5	0	13	0.0818725	1.2582507998383752	0.1	0.0650685062234943
1412.0	0	13	0.08178	1.2574157228400882	0.1	0.06503815604857073
1412.5	0	13	0.08168750000000001	1.2565798660975038	0.1	0.06500780587364711
1413.0	0	13	0.081595	1.255743228517994	0.1	0.06497745569872353
1413.5	0	13	0.0815025	1.2549058090068899	0.1	0.06494710552379994
1414.0	0	13	0.08141000000000001	1.254067606467475	0.1	0.06491675534887634
1414.5	0	13	0.0813175	1.25322861980098	0.1	0.06488640517395276
1415.0	0	13	0.081225	1.2523888479065812	0.1	0.06485605499902916
1415.5	0	13	0.08113250000000001	1.2515482896813908	0.1	0.06482570482410557
1416.0	0	13	0.08104	1.2507069440204552	0.1	0.064795354649182
1416.5	0	13	0.0809475	1.249864809816751	0.1	0.0647650044742584
1417.0	0	13	0.08085500000000001	1.2490218859611775	0.1	0.06473465429933481
1417.5	0	13	0.0807625	1.2481781713425528	0.1	0.06470430412441122
1418.0	0	13	0.08067	1.2473336648476108	0.1	0.06467395394948762
1418.5	0	13	0.08057750000000001	1.2464883653609926	0.1	0.06464360377456403
1419.0	0	13	0.080485	1.2456422717652447	0.1	0.06461325359964044
1419.5	0	13	0.0803925	1.2447953829408136	0.1	0.06458290342471686
1420.0	0	13	0.08030000000000001	1.2439476977660395	0.1	0.06455255324979327
1420.5	0	13	0.0802075	1.2430992151171525	0.1	0.06452220307486967
1421.0	0	13	0.080115	1.2422499338682669	0.1	0.06449185289994606
1421.5	0	13	0.08002250000000001	1.241399852891377	0.1	0.06446150272502249
1422.0	0	13	0.07993	1.2405489710563513	0.1	0.0644311525500989
1422.5	0	13	0.0798375	1.239697287230929	0.1	0.06440080237517531
1423.0	0	13	0.07974500000000001	1.2388448002807129	0.1	0.06437045220025171
1423.5	0	13	0.0796525	1.2379915090691649	0.1	0.06434010202532812
1424.0	0	13	0.07956	1.237137412457603	0.1	0.06430975185040454
1424.5	0	13	0.07946750000000001	1.236282509305193	0.1	0.06427940167548095
1425.0	0	13	0.079375	1.2354267984689458	0.1	0.06424905150055736
1425.5	0	13	0.0792825	1.234570278803712	0.1	0.06421870132563377
1426.0	0	13	0.07919000000000001	1.233712949162176	0.1	0.06418835115071017
1426.5	0	13	0.0790975	1.2328548083948505	0.1	0.06415800097578658
1427.0	0	13	0.079005	1.2319958553500732	0.1	0.064127650800863
1427.5	0	13	0.07891250000000001	1.2311360888739997	0.1	0.0640973006259394
1428.0	0	13	0.07882	1.2302755078105994	0.1	0.06406695045101582
1428.5	0	13	0.0787275	1.2294141110016512	0.1	0.06403660027609222
1429.0	0	13	0.07863500000000001	1.2285518972867353	0.1	0.06400625010116863
1429.5	0	13	0.0785425	1.2276888655032308	0.1	0.06397589992624504
1430.0	0	13	0.07845	1.2268250144863102	0.1	0.06394554975132145
1430.5	0	13	0.07835750000000001	1.2259603430689323	0.1	0.06391519957639787
1431.0	0	13	0.078265	1.225094850081839	0.1	0.06388484940147428
1431.5	0	13	0.0781725	1.2242285343535497	0.1	0.06385449922655068
1432.0	0	13	0.07808000000000001	1.2233613947103537	0.1	0.06382414905162709
1432.5	0	13	0.0779875	1.222493429976308	0.1	0.0637937988767035
1433.0	0	13	0.077895	1.2216246389732308	0.1	0.06376344870177991
1433.5	0	13	0.07780250000000001	1.2207550205206956	0.1	0.06373309852685632
1434.0	0	13	0.07771	1.2198845734360266	0.1	0.06370274835193272
1434.5	0	13	0.0776175	1.2190132965342928	0.1	0.06367239817700913
1435.0	0	13	0.07752500000000001	1.2181411886283031	0.1	0.06364204800208555
1435.5	0	13	0.0774325	1.2172682485286002	0.1	0.06361169782716196
1436.0	0	13	0.07734	1.2163944750434565	0.1	0.06358134765223837
1436.5	0	13	0.07724750000000001	1.2155198669788678	0.1	0.06355099747731477
1437.0	0	13	0.077155	1.2146444231385465	0.1	0.06352064730239118
1437.5	0	13	0.0770625	1.2137681423239193	0.1	0.0634902971274676
1438.0	0	13	0.07697000000000001	1.212891023334119	0.1	0.063459946952544
1438.5	0	13	0.0768775	1.2120130649659804	0.1	0.06342959677762042
1439.0	0	13	0.076785	1.2111342660140347	0.1	0.06339924660269683
1439.5	0	13	0.07669250000000001	1.210254625270503	0.1	0.06336889642777323
1440.0	0	13	0.0766	1.2093741415252914	0.1	0.06333854625284964
1440.5	0	13	0.0765075	1.2084928135659865	0.1	0.06330819607792605
1441.0	0	13	0.07641500000000001	1.207610640177848	0.1	0.06327784590300246
1441.5	0	13	0.0763225	1.2067276201438035	0.1	0.06324749572807888
1442.0	0	13	0.07623	1.2058437522444454	0.1	0.06321714555315527
1442.5	0	13	0.0761375	1.2049590352580204	0.1	0.06318679537823169
1443.0	0	13	0.076045	1.2040734679604292	0.1	0.0631564452033081
1443.5	0	13	0.0759525	1.2031870491252172	0.1	0.06312609502838451
1444.0	0	13	0.07586000000000001	1.2022997775235702	0.1	0.06309574485346091
1444.5	0	13	0.0757675	1.201411651924308	0.1	0.06306539467853732
1445.0	0	13	0.075675	1.2005226710938808	0.1	0.06303504450361373
1445.5	0	13	0.0755825	1.1996328337963598	0.1	0.06300469432869014
1446.0	0	13	0.07549	1.1987421387934354	0.1	0.06297434415376656
1446.5	0	13	0.0753975	1.197850584844409	0.1	0.06294399397884297
1447.0	0	13	0.07530500000000001	1.1969581707061876	0.1	0.06291364380391938
1447.5	0	13	0.0752125	1.1960648951332786	0.1	0.06288329362899578
1448.0	0	13	0.07512	1.1951707568777838	0.1	0.06285294345407219
1448.5	0	13	0.0750275	1.1942757546893932	0.1	0.0628225932791486
1449.0	0	13	0.074935	1.19337988731538	0.1	0.06279224310422502
1449.5	0	13	0.0748425	1.1924831535005942	0.1	0.06276189292930143
1450.0	0	13	0.07475000000000001	1.1915855519874559	0.1	0.06273154275437784
1450.5	0	13	0.0746575	1.1906870815159516	0.1	0.06270119257945424
1451.0	0	13	0.074565	1.1897877408236257	0.1	0.06267084240453065
1451.5	0	13	0.0744725	1.188887528645577	0.1	0.06264049222960706
1452.0	0	13	0.07438	1.187986443714451	0.1	0.06261014205468347
1452.5	0	13	0.0742875	1.1870844847604347	0.1	0.06257979187975989
1453.0	0	13	0.07419500000000001	1.1861816505112515	0.1	0.06254944170483628
1453.5	0	13	0.0741025	1.1852779396921522	0.1	0.0625190915299127
1454.0	0	13	0.07401	1.1843733510259131	0.1	0.0624887413549891
1454.5	0	13	0.0739175	1.1834678832328267	0.1	0.06245839118006552
1455.0	0	13	0.073825	1.1825615350306982	0.1	0.062428041005141925
1455.5	0	13	0.0737325	1.1816543051348365	0.1	0.06239769083021833
1456.0	0	13	0.07364000000000001	1.1807461922580509	0.1	0.06236734065529475
1456.5	0	13	0.0735475	1.1798371951106437	0.1	0.062336990480371154
1457.0	0	13	0.073455	1.1789273124004043	0.1	0.062306640305447566
1457.5	0	13	0.0733625	1.1780165428326028	0.1	0.06227629013052398
1458.0	0	13	0.07327	1.1771048851099848	0.1	0.062245939955600384
1458.5	0	13	0.0731775	1.1761923379327637	0.1	0.062215589780676796
1459.0	0	13	0.07308500000000001	1.1752788999986163	0.1	0.0621852396057532
1459.5	0	13	0.0729925	1.1743645700026746	0.1	0.06215488943082961
1460.0	0	13	0.0729	1.173449346637522	0.1	0.06212453925590602
1460.5	0	13	0.0728075	1.1725332285931847	0.1	0.06209418908098242
1461.0	0	13	0.072715	1.171616214557127	0.1	0.06206383890605884
1461.5	0	13	0.0726225	1.1706983032142448	0.1	0.06203348873113525
1462.0	0	13	0.07253000000000001	1.1697794932468581	0.1	0.06200313855621166
1462.5	0	13	0.0724375	1.1688597833347067	0.1	0.061972788381288064
1463.0	0	13	0.072345	1.1679391721549426	0.1	0.06194243820636447
1463.5	0	13	0.0722525	1.1670176583821228	0.1	0.06191208803144089
1464.0	0	13	0.07216	1.166095240688206	0.1	0.061881737856517294
1464.5	0	13	0.0720675	1.1651719177425426	0.1	0.0618513876815937
1465.0	0	13	0.07197500000000001	1.1642476882118702	0.1	0.061821037506670125
1465.5	0	13	0.0718825	1.1633225507603075	0.1	0.06179068733174654
1466.0	0	13	0.07179	1.1623965040493476	0.1	0.061760337156822935
1466.5	0	13	0.0716975	1.1614695467378497	0.1	0.06172998698189935
1467.0	0	13	0.071605	1.1605416774820358	0.1	0.06169963680697576
1467.5	0	13	0.0715125	1.1596128949354816	0.1	0.061669286632052164
1468.0	0	13	0.07142000000000001	1.1586831977491112	0.1	0.061638936457128576
1468.5	0	13	0.0713275	1.1577525845711905	0.1	0.06160858628220498
1469.0	0	13	0.071235	1.15682105404732	0.1	0.061578236107281394
1469.5	0	13	0.0711425	1.1558886048204295	0.1	0.06154788593235779
1470.0	0	13	0.07105	1.1549552355307702	0.1	0.061517535757434204
1470.5	0	13	0.0709575	1.1540209448159084	0.1	0.061487185582510616
1471.0	0	13	0.070865	1.1530857313107192	0.1	0.061456835407587035
1471.5	0	13	0.0707725	1.1521495936473805	0.1	0.06142648523266344
1472.0	0	13	0.07068	1.1512125304553644	0.1	0.06139613505773985
1472.5	0	13	0.0705875	1.1502745403614323	0.1	0.06136578488281626
1473.0	0	13	0.070495	1.1493356219896274	0.1	0.06133543470789267
1473.5	0	13	0.0704025	1.1483957739612682	0.1	0.06130508453296908
1474.0	0	13	0.07031	1.1474549948949417	0.1	0.06127473435804549
1474.5	0	13	0.0702175	1.1465132834064966	0.1	0.061244384183121905
1475.0	0	13	0.070125	1.1455706381090367	0.1	0.061214034008198304
1475.5	0	13	0.0700325	1.1446270576129132	0.1	0.06118368383327471
1476.0	0	13	0.06994	1.1436825405257194	0.1	0.06115333365835113
1476.5	0	13	0.0698475	1.142737085452283	0.1	0.06112298348342753
1477.0	0	13	0.069755	1.1417906909946582	0.1	0.061092633308503945
1477.5	0	13	0.0696625	1.1408433557521218	0.1	0.06106228313358036
1478.0	0	13	0.06957	1.1398950783211628	0.1	0.06103193295865676
1478.5	0	13	0.0694775	1.1389458572954771	0.1	0.061001582783733174
1479.0	0	13	0.069385	1.1379956912659617	0.1	0.06097123260880958
1479.5	0	13	0.0692925	1.137044578820705	0.1	0.060940882433886
1480.0	0	13	0.0692	1.1360925185449824	0.1	0.06091053225896241
1480.5	0	13	0.0691075	1.1351395090212482	0.1	0.06088018208403881
1481.0	0	13	0.069015	1.1341855488291275	0.1	0.06084983190911523
1481.5	0	13	0.0689225	1.1332306365454112	0.1	0.06081948173419164
1482.0	0	13	0.06883	1.1322747707440481	0.1	0.06078913155926804
1482.5	0	13	0.0687375	1.1313179499961368	0.1	0.06075878138434446
1483.0	0	13	0.068645	1.13036017286992	0.1	0.06072843120942085
1483.5	0	13	0.0685525	1.1294014379307764	0.1	0.06069808103449727
1484.0	0	13	0.06846000000000001	1.1284417437412144	0.1	0.06066773085957367
1484.5	0	13	0.0683675	1.1274810888608637	0.1	0.06063738068465009
1485.0	0	13	0.068275	1.1265194718464702	0.1	0.0606070305097265
1485.5	0	13	0.06818250000000001	1.1255568912518858	0.1	0.0605766803348029
1486.0	0	13	0.06809000000000001	1.1245933456280637	0.1	0.060546330159879314
1486.5	0	13	0.0679975	1.1236288335230493	0.1	0.060515979984955726
1487.0	0	13	0.06790500000000001	1.1226633534819752	0.1	0.06048562981003214
1487.5	0	13	0.0678125	1.1216969040470512	0.1	0.06045527963510854
1488.0	0	13	0.06772	1.120729483757559	0.1	0.06042492946018496
1488.5	0	13	0.06762750000000001	1.1197610911498437	0.1	0.06039457928526136
1489.0	0	13	0.06753500000000001	1.1187917247573067	0.1	0.060364229110337765
1489.5	0	13	0.0674425	1.1178213831103982	0.1	0.060333878935414184
1490.0	0	13	0.06735000000000001	1.116850064736611	0.1	0.060303528760490596
1490.5	0	13	0.0672575	1.115877768160471	0.1	0.060273178585567
1491.0	0	13	0.067165	1.1149044919035311	0.1	0.06024282841064341
1491.5	0	13	0.06707250000000001	1.1139302344843633	0.1	0.060212478235719825
1492.0	0	13	0.06698	1.112954994418551	0.1	0.06018212806079624
1492.5	0	13	0.0668875	1.1119787702186825	0.1	0.060151777885872636
1493.0	0	13	0.06679500000000001	1.1110015603943417	0.1	0.06012142771094905
1493.5	0	13	0.0667025	1.1100233634521015	0.1	0.06009107753602546
1494.0	0	13	0.06661	1.109044177895517	0.1	0.06006072736110187
1494.5	0	13	0.06651750000000001	1.108064002225116	0.1	0.06003037718617828
1495.0	0	13	0.066425	1.107082834938393	0.1	0.060000027011254696
1495.5	0	13	0.0663325	1.106100674529801	0.1	0.05996967683633109
1496.0	0	13	0.06624000000000001	1.1051175194907428	0.1	0.059939326661407506
1496.5	0	13	0.0661475	1.1041333683095647	0.1	0.05990897648648392
1497.0	0	13	0.066055	1.1031482194715487	0.1	0.05987862631156033
1497.5	0	13	0.06596250000000001	1.1021620714589035	0.1	0.059848276136636736
1498.0	0	13	0.06587	1.1011749227507575	0.1	0.05981792596171314
1498.5	0	13	0.0657775	1.1001867718231513	0.1	0.05978757578678956
1499.0	0	13	0.06568500000000001	1.0991976171490292	0.1	0.059757225611865965
1499.5	0	13	0.0655925	1.0982074571982317	0.1	0.05972687543694236
1500.0	0	13	0.0655	1.0972162904374874	0.1	0.05969652526201878
1500.5	0	13	0.06540750000000001	1.0952383993904562	0.1	0.059719874719880064
1501.0	0	13	0.065315	1.0932620543826381	0.1	0.05974322417774134
1501.5	0	13	0.0652225	1.0912872536020253	0.1	0.05976657363560263
1502.0	0	13	0.06513000000000001	1.08931399523944	0.1	0.05978992309346389
1502.5	0	13	0.0650375	1.0873422774885284	0.1	0.05981327255132518
1503.0	0	13	0.064945	1.0853720985457582	0.1	0.059836622009186456
1503.5	0	13	0.06485250000000001	1.0834034566104096	0.1	0.05985997146704774
1504.0	0	13	0.06476	1.0814363498845716	0.1	0.05988332092490902
1504.5	0	13	0.0646675	1.079470776573137	0.1	0.0599066703827703
1505.0	0	13	0.06457500000000001	1.0775067348837954	0.1	0.05993001984063157
1505.5	0	13	0.0644825	1.0755442230270285	0.1	0.059953369298492855
1506.0	0	13	0.06439	1.073583239216105	0.1	0.05997671875635414
1506.5	0	13	0.06429750000000001	1.0716237816670753	0.1	0.06000006821421542
1507.0	0	13	0.064205	1.0696658485987645	0.1	0.0600234176720767
1507.5	0	13	0.0641125	1.0677094382327694	0.1	0.06004676712993798
1508.0	0	13	0.06402000000000001	1.0657545487934512	0.1	0.06007011658779926
1508.5	0	13	0.0639275	1.0638011785079307	0.1	0.060093466045660536
1509.0	0	13	0.063835	1.061849325606084	0.1	0.06011681550352181
1509.5	0	13	0.06374250000000001	1.0598989883205348	0.1	0.060140164961383094
1510.0	0	13	0.06365	1.0579501648866512	0.1	0.06016351441924437
1510.5	0	13	0.0635575	1.05600285354254	0.1	0.06018686387710566
1511.0	0	13	0.06346500000000001	1.054057052529041	0.1	0.06021021333496694
1511.5	0	13	0.0633725	1.0521127600897209	0.1	0.0602335627928282
1512.0	0	13	0.06328	1.0501699744708695	0.1	0.060256912250689486
1512.5	0	13	0.06318750000000001	1.0482286939214938	0.1	0.06028026170855077
1513.0	0	13	0.063095	1.0462889166933123	0.1	0.06030361116641206
1513.5	0	13	0.0630025	1.0443506410407513	0.1	0.06032696062427332
1514.0	0	13	0.06291000000000001	1.0424138652209367	0.1	0.060350310082134616
1514.5	0	13	0.0628175	1.0404785874936922	0.1	0.06037365953999589
1515.0	0	13	0.062725	1.038544806121532	0.1	0.06039700899785717
1515.5	0	13	0.06263250000000001	1.036612519369656	0.1	0.060420358455718456
1516.0	0	13	0.06254	1.0346817255059448	0.1	0.06044370791357972
1516.5	0	13	0.0624475	1.0327524228009544	0.1	0.06046705737144101
1517.0	0	13	0.062355	1.030824609527911	0.1	0.060490406829302276
1517.5	0	13	0.0622625	1.0288982839627059	0.1	0.06051375628716357
1518.0	0	13	0.06217	1.026973444383891	0.1	0.06053710574502485
1518.5	0	13	0.0620775	1.0250500890726724	0.1	0.060560455202886124
1519.0	0	13	0.061985	1.0231282163129056	0.1	0.06058380466074741
1519.5	0	13	0.0618925	1.0212078243910923	0.1	0.06060715411860868
1520.0	0	13	0.0618	1.019288911596372	0.1	0.060630503576469964
1520.5	0	13	0.0617075	1.0173714762205193	0.1	0.06065385303433125
1521.0	0	13	0.061615	1.0154555165579386	0.1	0.06067720249219252
1521.5	0	13	0.0615225	1.0135410309056583	0.1	0.060700551950053805
1522.0	0	13	0.06143	1.011628017563326	0.1	0.06072390140791508
1522.5	0	13	0.0613375	1.009716474833204	0.1	0.060747250865776356
1523.0	0	13	0.061245	1.007806401020163	0.1	0.06077060032363764
1523.5	0	13	0.0611525	1.0058977944316787	0.1	0.060793949781498914
1524.0	0	13	0.06106	1.003990653377826	0.1	0.0608172992393602
1524.5	0	13	0.0609675	1.0020849761712733	0.1	0.06084064869722148
1525.0	0	13	0.060875	1.0001807611272795	0.1	0.06086399815508275
1525.5	1	13	0.0607825	0.9982780065636864	0.1	0.06088734761294403
1526.0	1	13	0.06069	0.9963767108009162	0.1	0.06091069707080531
1526.5	1	13	0.0605975	0.994476872161965	0.1	0.06093404652866659
1527.0	1	13	0.060505	0.9925784889723988	0.1	0.06095739598652787
1527.5	1	13	0.0604125	0.9906815595603474	0.1	0.06098074544438916
1528.0	1	13	0.06032	0.9887860822565011	0.1	0.061004094902250436
1528.5	1	13	0.0602275	0.9868920553941046	0.1	0.061027444360111704
1529.0	1	13	0.060135	0.9849994773089521	0.1	0.06105079381797299
1529.5	1	13	0.0600425	0.9831083463393833	0.1	0.06107414327583427
1530.0	1	13	0.05995	0.9812186608262781	0.1	0.06109749273369555
1530.5	1	13	0.0598575	0.979330419113051	0.1	0.06112084219155683
1531.0	1	13	0.059765	0.9774436195456476	0.1	0.06114419164941812
1531.5	1	13	0.0596725	0.9755582604725389	0.1	0.061167541107279386
1532.0	1	13	0.05958	0.9736743402447168	0.1	0.06119089056514066
1532.5	1	13	0.0594875	0.9717918572156885	0.1	0.06121424002300195
1533.0	1	13	0.059395	0.9699108097414736	0.1	0.061237589480863226
1533.5	1	13	0.0593025	0.9680311961805971	0.1	0.06126093893872451
1534.0	1	13	0.05921	0.9661530148940858	0.1	0.06128428839658579
1534.5	1	13	0.0591175	0.9642762642454639	0.1	0.061307637854447074
1535.0	1	13	0.059025	0.9624009426007468	0.1	0.061330987312308356
1535.5	1	13	0.0589325	0.9605270483284383	0.1	0.061354336770169625
1536.0	1	13	0.05884	0.9586545797995241	0.1	0.06137768622803091
1536.5	1	13	0.0587475	0.9567835353874677	0.1	0.0614010356858922
1537.0	1	13	0.058655	0.9549139134682068	0.1	0.06142438514375346
1537.5	1	13	0.0585625	0.9530457124201464	0.1	0.06144773460161475
1538.0	1	13	0.05847	0.9511789306241559	0.1	0.06147108405947602
1538.5	1	13	0.0583775	0.9493135664635639	0.1	0.061494433517337306
1539.0	1	13	0.058285000000000003	0.9474496183241535	0.1	0.06151778297519858
1539.5	1	13	0.0581925	0.9455870845941571	0.1	0.061541132433059864
1540.0	1	13	0.0581	0.9437259636642528	0.1	0.06156448189092114
1540.5	1	13	0.058007500000000004	0.9418662539275593	0.1	0.06158783134878242
1541.0	1	13	0.057915	0.9400079537796306	0.1	0.06161118080664371
1541.5	1	13	0.0578225	0.9381510616184527	0.1	0.06163453026450498
1542.0	1	13	0.057730000000000004	0.9362955758444378	0.1	0.06165787972236626
1542.5	1	13	0.0576375	0.9344414948604204	0.1	0.06168122918022754
1543.0	1	13	0.057545	0.9325888170716523	0.1	0.061704578638088814
1543.5	1	13	0.057452500000000004	0.9307375408857987	0.1	0.0617279280959501
1544.0	1	13	0.05736	0.9288876647129328	0.1	0.06175127755381138
1544.5	1	13	0.0572675	0.9270391869655318	0.1	0.06177462701167266
1545.0	1	13	0.057175000000000004	0.925192106058472	0.1	0.06179797646953394
1545.5	1	13	0.0570825	0.9233464204090246	0.1	0.061821325927395226
1546.0	1	13	0.05699	0.9215021284368512	0.1	0.06184467538525649
1546.5	1	13	0.056897500000000004	0.9196592285639987	0.1	0.06186802484311777
1547.0	1	13	0.056805	0.9178177192148955	0.1	0.06189137430097907
1547.5	1	13	0.0567125	0.915977598816347	0.1	0.061914723758840336
1548.0	1	13	0.056620000000000004	0.9141388657975302	0.1	0.06193807321670162
1548.5	1	13	0.0565275	0.9123015185899905	0.1	0.0619614226745629
1549.0	1	13	0.056435	0.9104655556276362	0.1	0.061984772132424176
1549.5	1	13	0.056342500000000004	0.908630975346735	0.1	0.06200812159028545
1550.0	1	13	0.05625	0.9067977761859081	0.1	0.06203147104814674
1550.5	1	13	0.0561575	0.9049659565861278	0.1	0.06205482050600802
1551.0	1	13	0.056065000000000004	0.9031355149907113	0.1	0.06207816996386929
1551.5	1	13	0.0559725	0.9013064498453173	0.1	0.062101519421730575
1552.0	1	13	0.05588	0.8994787595979409	0.1	0.06212486887959185
1552.5	1	13	0.055787500000000004	0.8976524426989101	0.1	0.06214821833745314
1553.0	1	13	0.055695	0.8958274976008805	0.1	0.062171567795314416
1553.5	1	13	0.0556025	0.8940039227588316	0.1	0.062194917253175684
1554.0	1	13	0.055510000000000004	0.892181716630062	0.1	0.06221826671103697
1554.5	1	13	0.0554175	0.8903608776741851	0.1	0.06224161616889825
1555.0	1	13	0.055325	0.8885414043531255	0.1	0.06226496562675953
1555.5	1	13	0.055232500000000004	0.8867232951311135	0.1	0.06228831508462081
1556.0	1	13	0.05514	0.8849065484746812	0.1	0.06231166454248209
1556.5	1	13	0.0550475	0.883091162852659	0.1	0.06233501400034337
1557.0	1	13	0.054955000000000004	0.88127713673617	0.1	0.06235836345820465
1557.5	1	13	0.0548625	0.8794644685986266	0.1	0.06238171291606592
1558.0	1	13	0.05477	0.877653156915726	0.1	0.062405062373927206
1558.5	1	13	0.054677500000000004	0.8758432001654457	0.1	0.06242841183178848
1559.0	1	13	0.054585	0.8740345968280396	0.1	0.06245176128964976
1559.5	1	13	0.0544925	0.8722273453860333	0.1	0.062475110747511046
1560.0	1	13	0.054400000000000004	0.8704214443242206	0.1	0.06249846020537232
1560.5	1	13	0.0543075	0.8686168921296581	0.1	0.0625218096632336
1561.0	1	13	0.054215	0.8668136872916622	0.1	0.06254515912109489
1561.5	1	13	0.054122500000000004	0.8650118283018043	0.1	0.06256850857895617
1562.0	1	13	0.05403	0.8632113136539065	0.1	0.06259185803681744
1562.5	1	13	0.0539375	0.861412141844037	0.1	0.06261520749467873
1563.0	1	13	0.053845000000000004	0.8596143113705077	0.1	0.06263855695254
1563.5	1	13	0.0537525	0.8578178207338676	0.1	0.06266190641040129
1564.0	1	13	0.05366	0.8560226684369007	0.1	0.06268525586826255
1564.5	1	13	0.053567500000000004	0.8542288529846201	0.1	0.06270860532612382
1565.0	1	13	0.053475	0.8524363728842652	0.1	0.0627319547839851
1565.5	1	13	0.0533825	0.850645226645297	0.1	0.0627553042418464
1566.0	1	13	0.053290000000000004	0.8488554127793941	0.1	0.06277865369970768
1566.5	1	13	0.0531975	0.8470669298004484	0.1	0.06280200315756895
1567.0	1	13	0.053105	0.8452797762245609	0.1	0.06282535261543024
1567.5	1	13	0.053012500000000004	0.8434939505700381	0.1	0.06284870207329152
1568.0	1	13	0.05292	0.8417094513573873	0.1	0.0628720515311528
1568.5	1	13	0.0528275	0.839926277109313	0.1	0.06289540098901408
1569.0	1	13	0.052735000000000004	0.838144426350713	0.1	0.06291875044687535
1569.5	1	13	0.0526425	0.8363638976086728	0.1	0.06294209990473663
1570.0	1	13	0.05255	0.8345846894124638	0.1	0.06296544936259792
1570.5	1	13	0.052457500000000004	0.8328068002935379	0.1	0.0629887988204592
1571.0	1	13	0.052365	0.8310302287855237	0.1	0.06301214827832047
1571.5	1	13	0.0522725	0.8292549734242219	0.1	0.06303549773618175
1572.0	1	13	0.052180000000000004	0.8274810327476028	0.1	0.06305884719404303
1572.5	1	13	0.0520875	0.8257084052958006	0.1	0.06308219665190432
1573.0	1	13	0.051995	0.8239370896111105	0.1	0.0631055461097656
1573.5	1	13	0.051902500000000004	0.8221670842379845	0.1	0.06312889556762687
1574.0	1	13	0.05181	0.8203983877230265	0.1	0.06315224502548816
1574.5	1	13	0.0517175	0.81863099861499	0.1	0.06317559448334943
1575.0	1	13	0.051625000000000004	0.8168649154647728	0.1	0.06319894394121071
1575.5	1	13	0.0515325	0.8151001368254132	0.1	0.063222293399072
1576.0	1	13	0.05144	0.8133366612520869	0.1	0.06324564285693327
1576.5	1	13	0.051347500000000004	0.8115744873021018	0.1	0.06326899231479455
1577.0	1	13	0.051255	0.809813613534895	0.1	0.06329234177265584
1577.5	1	13	0.0511625	0.8080540385120288	0.1	0.06331569123051711
1578.0	1	13	0.051070000000000004	0.8062957607971866	0.1	0.06333904068837838
1578.5	1	13	0.0509775	0.8045387789561682	0.1	0.06336239014623966
1579.0	1	13	0.050885	0.8027830915568875	0.1	0.06338573960410095
1579.5	1	13	0.0507925	0.8010286971693675	0.1	0.06340908906196223
1580.0	1	13	0.0507	0.7992755943657369	0.1	0.06343243851982351
1580.5	1	13	0.0506075	0.7975237817202258	0.1	0.06345578797768478
1581.0	1	13	0.050515	0.7957732578091616	0.1	0.06347913743554606
1581.5	1	13	0.0504225	0.7940240212109666	0.1	0.06350248689340734
1582.0	1	13	0.05033	0.7922760705061523	0.1	0.06352583635126863
1582.5	1	13	0.0502375	0.790529404277317	0.1	0.06354918580912991
1583.0	1	13	0.050145	0.7887840211091414	0.1	0.06357253526699118
1583.5	1	13	0.0500525	0.7870399195883837	0.1	0.06359588472485246
1584.0	1	13	0.04996	0.7852970983038781	0.1	0.06361923418271374
1584.5	1	13	0.0498675	0.7835555558465294	0.1	0.06364258364057503
1585.0	1	13	0.049775	0.7818152908093092	0.1	0.0636659330984363
1585.5	1	13	0.0496825	0.7800763017872527	0.1	0.06368928255629758
1586.0	1	13	0.04959	0.7783385873774546	0.1	0.06371263201415886
1586.5	1	13	0.0494975	0.7766021461790655	0.1	0.06373598147202014
1587.0	1	13	0.049405	0.774866976793288	0.1	0.06375933092988142
1587.5	1	13	0.0493125	0.773133077823373	0.1	0.0637826803877427
1588.0	1	13	0.04922	0.7714004478746156	0.1	0.06380602984560398
1588.5	1	13	0.0491275	0.7696690855543522	0.1	0.06382937930346524
1589.0	1	13	0.049035	0.7679389894719559	0.1	0.06385272876132654
1589.5	1	13	0.0489425	0.7662101582388335	0.1	0.06387607821918781
1590.0	1	13	0.04885	0.7644825904684208	0.1	0.0638994276770491
1590.5	1	13	0.0487575	0.7627562847761803	0.1	0.06392277713491037
1591.0	1	13	0.048665	0.7610312397795959	0.1	0.06394612659277166
1591.5	1	13	0.0485725	0.7593074540981707	0.1	0.06396947605063294
1592.0	1	13	0.04848	0.7575849263534226	0.1	0.06399282550849421
1592.5	1	13	0.0483875	0.7558636551688798	0.1	0.06401617496635549
1593.0	1	13	0.048295	0.754143639170079	0.1	0.06403952442421677
1593.5	1	13	0.0482025	0.7524248769845606	0.1	0.06406287388207806
1594.0	1	13	0.04811	0.7507073672418647	0.1	0.06408622333993934
1594.5	1	13	0.0480175	0.7489911085735284	0.1	0.06410957279780062
1595.0	1	13	0.047925	0.7472760996130815	0.1	0.06413292225566189
1595.5	1	13	0.0478325	0.7455623389960429	0.1	0.06415627171352317
1596.0	1	13	0.04774	0.7438498253599176	0.1	0.06417962117138445
1596.5	1	13	0.0476475	0.7421385573441927	0.1	0.06420297062924574
1597.0	1	13	0.047555	0.7404285335903332	0.1	0.064226320087107
1597.5	1	13	0.0474625	0.7387197527417793	0.1	0.06424966954496829
1598.0	1	13	0.04737	0.7370122134439425	0.1	0.06427301900282957
1598.5	1	13	0.0472775	0.735305914344202	0.1	0.06429636846069085
1599.0	1	13	0.047185	0.7336008540919012	0.1	0.06431971791855212
1599.5	1	13	0.0470925	0.7318970313383437	0.1	0.0643430673764134
1600.0	1	13	0.047	0.7301944447367904	0.1	0.06436641683427469
800.0	0	13	0.65	4.603970454501125	0.2	0.1411824872517416
800.5	0	13	0.6491225	4.603834316129763	0.2	0.14099606011575327
801.0	0	13	0.6482450000000001	4.60369781727331	0.2	0.14080963297976504
801.5	0	13	0.6473675	4.603560956498057	0.2	0.14062320584377674
802.0	0	13	0.64649	4.603423732362685	0.2	0.14043677870778845
802.5	0	13	0.6456125	4.60328614341821	0.2	0.14025035157180013
803.0	0	13	0.6447350000000001	4.603148188207931	0.2	0.1400639244358119
803.5	0	13	0.6438575	4.603009865267384	0.2	0.1398774972998236
804.0	0	13	0.64298	4.6028711731242895	0.2	0.13969107016383528
804.5	0	13	0.6421025	4.602732110298492	0.2	0.13950464302784701
805.0	0	13	0.641225	4.602592675301917	0.2	0.13931821589185872
805.5	0	13	0.6403475000000001	4.602452866638513	0.2	0.13913178875587046
806.0	0	13	0.63947	4.602312682804203	0.2	0.13894536161988216
806.5	0	13	0.6385925	4.602172122286823	0.2	0.13875893448389384
807.0	0	13	0.637715	4.60203118356607	0.2	0.1385725073479056
807.5	0	13	0.6368375000000001	4.601889865113456	0.2	0.13838608021191728
808.0	0	13	0.63596	4.6017481653922365	0.2	0.13819965307592902
808.5	0	13	0.6350825	4.601606082857371	0.2	0.13801322593994073
809.0	0	13	0.634205	4.601463615955455	0.2	0.13782679880395243
809.5	0	13	0.6333275	4.6013207631246695	0.2	0.13764037166796417
810.0	0	13	0.6324500000000001	4.601177522794724	0.2	0.13745394453197585
810.5	0	13	0.6315725	4.601033893386792	0.2	0.13726751739598758
811.0	0	13	0.630695	4.6008898733134656	0.2	0.13708109025999932
811.5	0	13	0.6298175	4.600745460978686	0.2	0.13689466312401102
812.0	0	13	0.62894	4.600600654777688	0.2	0.13670823598802273
812.5	0	13	0.6280625	4.600455453096941	0.2	0.13652180885203444
813.0	0	13	0.627185	4.600309854314089	0.2	0.13633538171604614
813.5	0	13	0.6263075	4.6001638567978915	0.2	0.13614895458005788
814.0	0	13	0.62543	4.600017458908161	0.2	0.1359625274440696
814.5	0	13	0.6245525000000001	4.599870658995699	0.2	0.1357761003080813
815.0	0	13	0.623675	4.599723455402239	0.2	0.13558967317209303
815.5	0	13	0.6227975	4.599575846460383	0.2	0.13540324603610474
816.0	0	13	0.62192	4.5994278304935365	0.2	0.13521681890011644
816.5	0	13	0.6210425	4.599279405815845	0.2	0.13503039176412812
817.0	0	13	0.620165	4.59913057073213	0.2	0.13484396462813986
817.5	0	13	0.6192875	4.598981323537828	0.2	0.1346575374921516
818.0	0	13	0.61841	4.598831662518923	0.2	0.1344711103561633
818.5	0	13	0.6175325	4.598681585951879	0.2	0.13428468322017498
819.0	0	13	0.6166550000000001	4.598531092103575	0.2	0.13409825608418674
819.5	0	13	0.6157775	4.59838017923124	0.2	0.13391182894819845
820.0	0	13	0.6149	4.598228845582388	0.2	0.13372540181221013
820.5	0	13	0.6140225	4.59807708939474	0.2	0.13353897467622186
821.0	0	13	0.613145	4.597924908896166	0.2	0.13335254754023357
821.5	0	13	0.6122675	4.597772302304611	0.2	0.1331661204042453
822.0	0	13	0.61139	4.597619267828032	0.2	0.13297969326825698
822.5	0	13	0.6105125	4.597465803664314	0.2	0.13279326613226872
823.0	0	13	0.609635	4.597311908001215	0.2	0.13260683899628045
823.5	0	13	0.6087575000000001	4.597157579016285	0.2	0.13242041186029216
824.0	0	13	0.60788	4.597002814876795	0.2	0.13223398472430387
824.5	0	13	0.6070025	4.596847613739669	0.2	0.13204755758831557
825.0	0	13	0.606125	4.5966919737514065	0.2	0.13186113045232728
825.5	0	13	0.6052475	4.596535893048009	0.2	0.13167470331633901
826.0	0	13	0.6043700000000001	4.596379369754911	0.2	0.1314882761803507
826.5	0	13	0.6034925	4.596222401986894	0.2	0.13130184904436243
827.0	0	13	0.602615	4.596064987848022	0.2	0.13111542190837416
827.5	0	13	0.6017375	4.595907125431562	0.2	0.13092899477238587
828.0	0	13	0.6008600000000001	4.595748812819903	0.2	0.13074256763639758
828.5	0	13	0.5999825	4.595590048084479	0.2	0.13055614050040928
829.0	0	13	0.599105	4.595430829285699	0.2	0.13036971336442096
829.5	0	13	0.5982275	4.5952711544728535	0.2	0.13018328622843273
830.0	0	13	0.59735	4.595111021684052	0.2	0.12999685909244443
830.5	0	13	0.5964725	4.594950428946126	0.2	0.12981043195645614
831.0	0	13	0.595595	4.5947893742745585	0.2	0.12962400482046788
831.5	0	13	0.5947175	4.594627855673403	0.2	0.12943757768447958
832.0	0	13	0.59384	4.594465871135193	0.2	0.1292511505484913
832.5	0	13	0.5929625000000001	4.594303418640864	0.2	0.129064723412503
833.0	0	13	0.592085	4.594140496159668	0.2	0.1288782962765147
833.5	0	13	0.5912075	4.593977101649093	0.2	0.1286918691405264
834.0	0	13	0.59033	4.593813233054773	0.2	0.12850544200453815
834.5	0	13	0.5894525	4.593648888310403	0.2	0.12831901486854982
835.0	0	13	0.5885750000000001	4.59348406533765	0.2	0.1281325877325616
835.5	0	13	0.5876975	4.5933187620460725	0.2	0.1279461605965733
836.0	0	13	0.58682	4.593152976333025	0.2	0.127759733460585
836.5	0	13	0.5859425	4.592986706083573	0.2	0.1275733063245967
837.0	0	13	0.5850650000000001	4.592819949170398	0.2	0.12738687918860842
837.5	0	13	0.5841875	4.592652703453711	0.2	0.12720045205262015
838.0	0	13	0.58331	4.592484966781164	0.2	0.12701402491663186
838.5	0	13	0.5824325	4.592316736987751	0.2	0.12682759778064356
839.0	0	13	0.581555	4.592148011895717	0.2	0.1266411706446553
839.5	0	13	0.5806775	4.5919787893144655	0.2	0.126454743508667
840.0	0	13	0.5798	4.591809067040464	0.2	0.1262683163726787
840.5	0	13	0.5789225	4.5916388428571455	0.2	0.12608188923669042
841.0	0	13	0.578045	4.591468114534814	0.2	0.12589546210070213
841.5	0	13	0.5771675	4.591296879830549	0.2	0.12570903496471386
842.0	0	13	0.57629	4.591125136488101	0.2	0.12552260782872557
842.5	0	13	0.5754125	4.590952882237801	0.2	0.12533618069273728
843.0	0	13	0.574535	4.590780114796453	0.2	0.125149753556749
843.5	0	13	0.5736575	4.590606831867239	0.2	0.12496332642076073
844.0	0	13	0.5727800000000001	4.590433031139613	0.2	0.12477689928477242
844.5	0	13	0.5719025	4.590258710289197	0.2	0.12459047214878415
845.0	0	13	0.571025	4.590083866977685	0.2	0.12440404501279585
845.5	0	13	0.5701475	4.589908498852731	0.2	0.12421761787680757
846.0	0	13	0.56927	4.589732603547847	0.2	0.12403119074081928
846.5	0	13	0.5683925	4.589556178682293	0.2	0.12384476360483097
847.0	0	13	0.567515	4.589379221860975	0.2	0.12365833646884271
847.5	0	13	0.5666375	4.5892017306743345	0.2	0.12347190933285442
848.0	0	13	0.56576	4.589023702698236	0.2	0.12328548219686612
848.5	0	13	0.5648825	4.588845135493859	0.2	0.12309905506087784
849.0	0	13	0.564005	4.588666026607589	0.2	0.12291262792488956
849.5	0	13	0.5631275	4.588486373570902	0.2	0.12272620078890129
850.0	0	13	0.56225	4.588306173900251	0.2	0.122539773652913
850.5	0	13	0.5613725	4.588125425096954	0.2	0.1223533465169247
851.0	0	13	0.560495	4.587944124647073	0.2	0.12216691938093643
851.5	0	13	0.5596175	4.587762270021309	0.2	0.12198049224494815
852.0	0	13	0.55874	4.587579858674871	0.2	0.12179406510895986
852.5	0	13	0.5578625	4.587396888047363	0.2	0.12160763797297157
853.0	0	13	0.5569850000000001	4.587213355562667	0.2	0.12142121083698328
853.5	0	13	0.5561075	4.587029258628816	0.2	0.12123478370099498
854.0	0	13	0.55523	4.586844594637882	0.2	0.1210483565650067
854.5	0	13	0.5543525	4.5866593609658395	0.2	0.12086192942901842
855.0	0	13	0.553475	4.586473554972451	0.2	0.12067550229303013
855.5	0	13	0.5525975	4.586287174001136	0.2	0.12048907515704185
856.0	0	13	0.55172	4.586100215378853	0.2	0.12030264802105355
856.5	0	13	0.5508425	4.5859126764159575	0.2	0.12011622088506527
857.0	0	13	0.549965	4.585724554406087	0.2	0.119929793749077
857.5	0	13	0.5490875	4.585535846626023	0.2	0.11974336661308871
858.0	0	13	0.54821	4.585346550335562	0.2	0.11955693947710042
858.5	0	13	0.5473325	4.585156662777383	0.2	0.11937051234111211
859.0	0	13	0.546455	4.58496618117691	0.2	0.11918408520512383
859.5	0	13	0.5455775	4.584775102742182	0.2	0.11899765806913556
860.0	0	13	0.5447	4.584583424663716	0.2	0.11881123093314727
860.5	0	13	0.5438225	4.584391144114368	0.2	0.11862480379715896
861.0	0	13	0.542945	4.584198258249188	0.2	0.11843837666117071
861.5	0	13	0.5420675	4.584004764205293	0.2	0.11825194952518242
862.0	0	13	0.5411900000000001	4.583810659101713	0.2	0.11806552238919413
862.5	0	13	0.5403125	4.583615940039255	0.2	0.11787909525320583
863.0	0	13	0.539435	4.583420604100356	0.2	0.11769266811721756
863.5	0	13	0.5385575	4.583224648348938	0.2	0.11750624098122926
864.0	0	13	0.53768	4.583028069830259	0.2	0.117319813845241
864.5	0	13	0.5368025	4.5828308655707675	0.2	0.11713338670925269
865.0	0	13	0.535925	4.582633032577953	0.2	0.11694695957326441
865.5	0	13	0.5350475	4.582434567840191	0.2	0.11676053243727612
866.0	0	13	0.53417	4.582235468326592	0.2	0.11657410530128783
866.5	0	13	0.5332925	4.582035730986845	0.2	0.11638767816529955
867.0	0	13	0.532415	4.581835352751069	0.2	0.11620125102931127
867.5	0	13	0.5315375	4.581634330529649	0.2	0.11601482389332297
868.0	0	13	0.53066	4.581432661213077	0.2	0.1158283967573347
868.5	0	13	0.5297825	4.5812303416717945	0.2	0.11564196962134639
869.0	0	13	0.528905	4.581027368756028	0.2	0.11545554248535812
869.5	0	13	0.5280275	4.580823739295632	0.2	0.11526911534936986
870.0	0	13	0.52715	4.580619450099917	0.2	0.11508268821338155
870.5	0	13	0.5262725	4.580414497957482	0.2	0.11489626107739326
871.0	0	13	0.5253950000000001	4.580208879636052	0.2	0.11470983394140498
871.5	0	13	0.5245175	4.5800025918823035	0.2	0.11452340680541671
872.0	0	13	0.52364	4.5797956314217005	0.2	0.1143369796694284
872.5	0	13	0.5227625	4.579587994958308	0.2	0.11415055253344011
873.0	0	13	0.521885	4.579379679174628	0.2	0.11396412539745183
873.5	0	13	0.5210075000000001	4.579170680731419	0.2	0.11377769826146356
874.0	0	13	0.52013	4.578960996267519	0.2	0.11359127112547525
874.5	0	13	0.5192525	4.578750622399662	0.2	0.11340484398948697
875.0	0	13	0.518375	4.578539555722299	0.2	0.1132184168534987
875.5	0	13	0.5174974999999999	4.578327792807416	0.2	0.11303198971751041
876.0	0	13	0.51662	4.5781153302043425	0.2	0.11284556258152213
876.5	0	13	0.5157425	4.57790216443957	0.2	0.11265913544553381
877.0	0	13	0.514865	4.577688292016558	0.2	0.11247270830954553
877.5	0	13	0.5139875	4.577473709415544	0.2	0.11228628117355728
878.0	0	13	0.51311	4.577258413093357	0.2	0.11209985403756897
878.5	0	13	0.5122325	4.577042399483213	0.2	0.11191342690158067
879.0	0	13	0.511355	4.576825664994519	0.2	0.11172699976559242
879.5	0	13	0.5104775	4.5766082060126845	0.2	0.11154057262960411
880.0	0	13	0.5096	4.5763900188989055	0.2	0.11135414549361583
880.5	0	13	0.5087225	4.576171099989973	0.2	0.11116771835762754
881.0	0	13	0.507845	4.575951445598065	0.2	0.11098129122163924
881.5	0	13	0.5069675	4.575731052010535	0.2	0.110794864085651
882.0	0	13	0.50609	4.57550991548971	0.2	0.11060843694966269
882.5	0	13	0.5052125000000001	4.575288032272673	0.2	0.1104220098136744
883.0	0	13	0.504335	4.57506539857105	0.2	0.11023558267768611
883.5	0	13	0.5034575	4.574842010570803	0.2	0.11004915554169785
884.0	0	13	0.50258	4.574617864432002	0.2	0.10986272840570953
884.5	0	13	0.5017024999999999	4.574392956288606	0.2	0.10967630126972124
885.0	0	13	0.500825	4.574167282248247	0.2	0.10948987413373297
885.5	0	13	0.4999475	4.573940838392001	0.2	0.1093034469977447
886.0	0	13	0.49907	4.573713620774162	0.2	0.1091170198617564
886.5	0	13	0.49819250000000004	4.573485625422013	0.2	0.10893059272576809
887.0	0	13	0.497315	4.57325684833559	0.2	0.10874416558977983
887.5	0	13	0.4964375	4.57302728548746	0.2	0.10855773845379155
888.0	0	13	0.49556	4.572796932822472	0.2	0.10837131131780327
888.5	0	13	0.4946825	4.572565786257525	0.2	0.10818488418181496
889.0	0	13	0.493805	4.572333841681322	0.2	0.10799845704582668
889.5	0	13	0.49292749999999996	4.572101094954133	0.2	0.1078120299098384
890.0	0	13	0.49205	4.571867541907546	0.2	0.1076256027738501
890.5	0	13	0.4911725	4.57163317834421	0.2	0.10743917563786182
891.0	0	13	0.49029500000000004	4.571398000037597	0.2	0.10725274850187354
891.5	0	13	0.4894175	4.571162002731739	0.2	0.10706632136588526
892.0	0	13	0.48854	4.570925182140975	0.2	0.10687989422989698
892.5	0	13	0.4876625	4.570687533949692	0.2	0.10669346709390867
893.0	0	13	0.486785	4.570449053812055	0.2	0.1065070399579204
893.5	0	13	0.4859075	4.570209737351755	0.2	0.10632061282193211
894.0	0	13	0.48502999999999996	4.5699695801617315	0.2	0.10613418568594384
894.5	0	13	0.4841525	4.5697285778039065	0.2	0.10594775854995554
895.0	0	13	0.483275	4.569486725808908	0.2	0.10576133141396726
895.5	0	13	0.48239750000000003	4.569244019675796	0.2	0.10557490427797897
896.0	0	13	0.48152	4.569000454871784	0.2	0.10538847714199068
896.5	0	13	0.4806425	4.568756026831954	0.2	0.10520205000600237
897.0	0	13	0.479765	4.568510730958973	0.2	0.1050156228700141
897.5	0	13	0.4788875	4.568264562622806	0.2	0.10482919573402583
898.0	0	13	0.47801	4.568017517160422	0.2	0.10464276859803753
898.5	0	13	0.47713249999999996	4.5677695898755015	0.2	0.10445634146204923
899.0	0	13	0.476255	4.567520776038137	0.2	0.10426991432606096
899.5	0	13	0.4753775	4.5672710708845345	0.2	0.1040834871900727
900.0	0	13	0.47450000000000003	4.56702046961671	0.2	0.10389706005408439
900.5	0	13	0.4736225	4.55820378715165	0.2	0.10390551237200372
901.0	0	13	0.47274499999999997	4.549388538977032	0.2	0.10391396468992306
901.5	0	13	0.4718675	4.540574724742893	0.2	0.10392241700784237
902.0	0	13	0.47099	4.531762344099378	0.2	0.1039308693257617
902.5	0	13	0.4701125	4.522951396696752	0.2	0.10393932164368101
903.0	0	13	0.46923499999999996	4.514141882185389	0.2	0.10394777396160035
903.5	0	13	0.4683575	4.50533380021578	0.2	0.1039562262795197
904.0	0	13	0.46748	4.49652715043853	0.2	0.103964678597439
904.5	0	13	0.46660250000000003	4.487721932504353	0.2	0.10397313091535833
905.0	0	13	0.465725	4.478918146064082	0.2	0.10398158323327766
905.5	0	13	0.46484749999999997	4.47011579076866	0.2	0.10399003555119697
906.0	0	13	0.46397	4.461314866269145	0.2	0.10399848786911632
906.5	0	13	0.4630925	4.452515372216709	0.2	0.10400694018703564
907.0	0	13	0.462215	4.443717308262635	0.2	0.10401539250495496
907.5	0	13	0.46133749999999996	4.434920674058322	0.2	0.1040238448228743
908.0	0	13	0.46046	4.426125469255281	0.2	0.10403229714079362
908.5	0	13	0.4595825	4.417331693505135	0.2	0.10404074945871297
909.0	0	13	0.45870500000000003	4.408539346459624	0.2	0.1040492017766323
909.5	0	13	0.4578275	4.399748427770596	0.2	0.10405765409455163
910.0	0	13	0.45694999999999997	4.390958937090017	0.2	0.10406610641247094
910.5	0	13	0.4560725	4.382170874069963	0.2	0.10407455873039026
911.0	0	13	0.455195	4.373384238362624	0.2	0.1040830110483096
911.5	0	13	0.4543175	4.364599029620303	0.2	0.1040914633662289
912.0	0	13	0.45343999999999995	4.355815247495414	0.2	0.10409991568414825
912.5	0	13	0.4525625	4.347032891640489	0.2	0.10410836800206758
913.0	0	13	0.451685	4.338251961708168	0.2	0.1041168203199869
913.5	0	13	0.4508075	4.329472457351204	0.2	0.10412527263790625
914.0	0	13	0.44993	4.320694378222466	0.2	0.10413372495582554
914.5	0	13	0.44905249999999997	4.311917723974933	0.2	0.10414217727374488
915.0	0	13	0.448175	4.303142494261697	0.2	0.1041506295916642
915.5	0	13	0.4472975	4.294368688735963	0.2	0.10415908190958353
916.0	0	13	0.44642	4.2855963070510485	0.2	0.10416753422750287
916.5	0	13	0.44554249999999995	4.276825348860384	0.2	0.10417598654542219
917.0	0	13	0.444665	4.268055813817512	0.2	0.10418443886334153
917.5	0	13	0.4437875	4.259287701576088	0.2	0.10419289118126084
918.0	0	13	0.44291	4.250521011789879	0.2	0.10420134349918017
918.5	0	13	0.4420325	4.241755744112763	0.2	0.10420979581709951
919.0	0	13	0.44115499999999996	4.232991898198733	0.2	0.10421824813501883
919.5	0	13	0.4402775	4.224229473701895	0.2	0.10422670045293816
920.0	0	13	0.4394	4.215468470276463	0.2	0.1042351527708575
920.5	0	13	0.4385225	4.206708887576766	0.2	0.10424360508877681
921.0	0	13	0.43764499999999995	4.197950725257244	0.2	0.10425205740669616
921.5	0	13	0.4367675	4.189193982972452	0.2	0.10426050972461547
922.0	0	13	0.43589	4.180438660377054	0.2	0.10426896204253477
922.5	0	13	0.4350125	4.171684757125824	0.2	0.10427741436045414
923.0	0	13	0.434135	4.162932272873654	0.2	0.10428586667837343
923.5	0	13	0.43325749999999996	4.154181207275541	0.2	0.10429431899629278
924.0	0	13	0.43238	4.145431559986601	0.2	0.1043027713142121
924.5	0	13	0.4315025	4.1366833306620565	0.2	0.10431122363213143
925.0	0	13	0.430625	4.127936518957242	0.2	0.10431967595005075
925.5	0	13	0.42974749999999995	4.119191124527606	0.2	0.10432812826797007
926.0	0	13	0.42887	4.110447147028707	0.2	0.10433658058588943
926.5	0	13	0.4279925	4.1017045861162185	0.2	0.10434503290380874
927.0	0	13	0.427115	4.09296344144592	0.2	0.10435348522172805
927.5	0	13	0.4262375	4.084223712673705	0.2	0.10436193753964741
928.0	0	13	0.42535999999999996	4.07548539945558	0.2	0.10437038985756672
928.5	0	13	0.4244825	4.0667485014476625	0.2	0.10437884217548606
929.0	0	13	0.423605	4.0580130183061796	0.2	0.10438729449340538
929.5	0	13	0.4227275	4.04927894968747	0.2	0.10439574681132471
930.0	0	13	0.42184999999999995	4.040546295247985	0.2	0.10440419912924404
930.5	0	13	0.42097249999999997	4.031815054644288	0.2	0.10441265144716336
931.0	0	13	0.420095	4.023085227533051	0.2	0.10442110376508269
931.5	0	13	0.4192175	4.014356813571058	0.2	0.104429556083002
932.0	0	13	0.41834	4.005629812415203	0.2	0.10443800840092134
932.5	0	13	0.41746249999999996	3.996904223722495	0.2	0.10444646071884069
933.0	0	13	0.416585	3.9881800471500513	0.2	0.10445491303676
933.5	0	13	0.4157075	3.9794572823550993	0.2	0.10446336535467932
934.0	0	13	0.41483	3.970735928994978	0.2	0.10447181767259865
934.5	0	13	0.41395249999999995	3.9620159867271387	0.2	0.10448026999051797
935.0	0	13	0.41307499999999997	3.9532974552091424	0.2	0.1044887223084373
935.5	0	13	0.4121975	3.9445803340986614	0.2	0.10449717462635662
936.0	0	13	0.41132	3.9358646230534777	0.2	0.10450562694427594
936.5	0	13	0.4104425	3.9271503217314834	0.2	0.1045140792621953
937.0	0	13	0.40956499999999996	3.9184374297906848	0.2	0.10452253158011461
937.5	0	13	0.4086875	3.909725946889195	0.2	0.10453098389803395
938.0	0	13	0.40781	3.9010158726852406	0.2	0.10453943621595328
938.5	0	13	0.4069325	3.892307206837156	0.2	0.10454788853387259
939.0	0	13	0.40605499999999994	3.8835999490033877	0.2	0.10455634085179193
939.5	0	13	0.40517749999999997	3.874894098842493	0.2	0.10456479316971126
940.0	0	13	0.4043	3.866189656013139	0.2	0.10457324548763058
940.5	0	13	0.4034225	3.857486620174102	0.2	0.1045816978055499
941.0	0	13	0.402545	3.8487849909842704	0.2	0.10459015012346921
941.5	0	13	0.40166749999999996	3.840084768102641	0.2	0.10459860244138856
942.0	0	13	0.40079	3.8313859511883246	0.2	0.10460705475930787
942.5	0	13	0.3999125	3.822688539900537	0.2	0.10461550707722722
943.0	0	13	0.399035	3.8139925338986074	0.2	0.10462395939514654
943.5	0	13	0.3981575	3.805297932841975	0.2	0.10463241171306586
944.0	0	13	0.39727999999999997	3.796604736390187	0.2	0.1046408640309852
944.5	0	13	0.3964025	3.787912944202904	0.2	0.10464931634890452
945.0	0	13	0.39552499999999996	3.7792225559398918	0.2	0.10465776866682386
945.5	0	13	0.3946475	3.7705335712610313	0.2	0.10466622098474318
946.0	0	13	0.39377	3.7618459898263095	0.2	0.10467467330266252
946.5	0	13	0.3928925	3.753159811295824	0.2	0.10468312562058185
947.0	0	13	0.392015	3.7444750353297844	0.2	0.10469157793850116
947.5	0	13	0.39113749999999997	3.735791661588506	0.2	0.10470003025642048
948.0	0	13	0.39026	3.7271096897324183	0.2	0.10470848257433982
948.5	0	13	0.38938249999999996	3.7184291194220562	0.2	0.10471693489225914
949.0	0	13	0.388505	3.7097499503180678	0.2	0.10472538721017847
949.5	0	13	0.38762749999999996	3.701072182081208	0.2	0.1047338395280978
950.0	0	13	0.38675	3.6923958143723423	0.2	0.10474229184601715
950.5	0	13	0.3858725	3.683720846852447	0.2	0.10475074416393645
951.0	0	13	0.384995	3.6750472791826048	0.2	0.10475919648185578
951.5	0	13	0.3841175	3.6663751110240104	0.2	0.10476764879977511
952.0	0	13	0.38323999999999997	3.6577043420379667	0.2	0.10477610111769442
952.5	0	13	0.3823625	3.6490349718858863	0.2	0.10478455343561376
953.0	0	13	0.38148499999999996	3.64036700022929	0.2	0.10479300575353308
953.5	0	13	0.3806075	3.6317004267298096	0.2	0.10480145807145241
954.0	0	13	0.37972999999999996	3.623035251049184	0.2	0.10480991038937175
954.5	0	13	0.3788525	3.614371472849264	0.2	0.10481836270729106
955.0	0	13	0.377975	3.6057090917920065	0.2	0.1048268150252104
955.5	0	13	0.3770975	3.5970481075394773	0.2	0.10483526734312974
956.0	0	13	0.37622	3.5883885197538556	0.2	0.10484371966104905
956.5	0	13	0.37534249999999997	3.5797303280974235	0.2	0.10485217197896837
957.0	0	13	0.374465	3.5710735322325773	0.2	0.10486062429688771
957.5	0	13	0.37358749999999996	3.562418131821818	0.2	0.10486907661480702
958.0	0	13	0.37271	3.553764126527758	0.2	0.10487752893272635
958.5	0	13	0.37183249999999995	3.5451115160131175	0.2	0.10488598125064569
959.0	0	13	0.370955	3.5364602999407255	0.2	0.10489443356856501
959.5	0	13	0.3700775	3.5278104779735204	0.2	0.10490288588648433
960.0	0	13	0.3692	3.5191620497745473	0.2	0.10491133820440367
960.5	0	13	0.3683225	3.5105150150069617	0.2	0.10491979052232299
961.0	0	13	0.36744499999999997	3.501869373334027	0.2	0.10492824284024233
961.5	0	13	0.3665675	3.493225124419115	0.2	0.10493669515816166
962.0	0	13	0.36568999999999996	3.484582267925706	0.2	0.10494514747608097
962.5	0	13	0.3648125	3.47594080351739	0.2	0.1049535997940003
963.0	0	13	0.36393499999999995	3.467300730857862	0.2	0.10496205211191963
963.5	0	13	0.3630575	3.4586620496109295	0.2	0.10497050442983896
964.0	0	13	0.36218	3.450024759440505	0.2	0.10497895674775828
964.5	0	13	0.36130249999999997	3.4413888600106106	0.2	0.10498740906567763
965.0	0	13	0.360425	3.4327543509853777	0.2	0.10499586138359694
965.5	0	13	0.35954749999999996	3.424121232029042	0.2	0.10500431370151628
966.0	0	13	0.35867	3.4154895028059533	0.2	0.10501276601943559
966.5	0	13	0.35779249999999996	3.4068591629805627	0.2	0.10502121833735494
967.0	0	13	0.356915	3.3982302122174355	0.2	0.10502967065527426
967.5	0	13	0.35603749999999995	3.38960265018124	0.2	0.10503812297319358
968.0	0	13	0.35516	3.380976476536756	0.2	0.1050465752911129
968.5	0	13	0.3542825	3.3723516909488693	0.2	0.10505502760903224
969.0	0	13	0.35340499999999997	3.363728293082573	0.2	0.10506347992695157
969.5	0	13	0.3525275	3.3551062826029705	0.2	0.1050719322448709
970.0	0	13	0.35164999999999996	3.3464856591752707	0.2	0.10508038456279022
970.5	0	13	0.3507725	3.337866422464791	0.2	0.10508883688070955
971.0	0	13	0.34989499999999996	3.3292485721369567	0.2	0.10509728919862886
971.5	0	13	0.3490175	3.3206321078573002	0.2	0.1051057415165482
972.0	0	13	0.34813999999999995	3.312017029291461	0.2	0.10511419383446755
972.5	0	13	0.3472625	3.3034033361051884	0.2	0.10512264615238685
973.0	0	13	0.346385	3.294791027964336	0.2	0.1051310984703062
973.5	0	13	0.34550749999999997	3.2861801045348678	0.2	0.10513955078822552
974.0	0	13	0.34463	3.2775705654828537	0.2	0.10514800310614485
974.5	0	13	0.34375249999999996	3.26896241047447	0.2	0.10515645542406417
975.0	0	13	0.342875	3.2603556391760034	0.2	0.10516490774198349
975.5	0	13	0.34199749999999995	3.2517502512538434	0.2	0.10517336005990283
976.0	0	13	0.34112	3.243146246374492	0.2	0.10518181237782216
976.5	0	13	0.34024249999999995	3.2345436242045538	0.2	0.10519026469574148
977.0	0	13	0.33936499999999997	3.2259423844107435	0.2	0.10519871701366079
977.5	0	13	0.3384875	3.2173425266598814	0.2	0.10520716933158013
978.0	0	13	0.33760999999999997	3.2087440506188947	0.2	0.10521562164949946
978.5	0	13	0.3367325	3.2001469559548195	0.2	0.10522407396741877
979.0	0	13	0.33585499999999996	3.1915512423347963	0.2	0.10523252628533812
979.5	0	13	0.3349775	3.182956909426075	0.2	0.10524097860325744
980.0	0	13	0.33409999999999995	3.17436395689601	0.2	0.10524943092117676
980.5	0	13	0.3332225	3.165772384412065	0.2	0.10525788323909611
981.0	0	13	0.332345	3.157182191641809	0.2	0.10526633555701542
981.5	0	13	0.33146749999999997	3.1485933782529165	0.2	0.10527478787493474
982.0	0	13	0.33059	3.140005943913172	0.2	0.1052832401928541
982.5	0	13	0.32971249999999996	3.1314198882904645	0.2	0.1052916925107734
983.0	0	13	0.328835	3.1228352110527897	0.2	0.10530014482869272
983.5	0	13	0.32795749999999996	3.11425191186825	0.2	0.10530859714661206
984.0	0	13	0.32708	3.105669990405056	0.2	0.10531704946453138
984.5	0	13	0.32620249999999995	3.0970894463315215	0.2	0.1053255017824507
985.0	0	13	0.325325	3.08851027931607	0.2	0.10533395410037004
985.5	0	13	0.3244475	3.0799324890272297	0.2	0.10534240641828936
986.0	0	13	0.32356999999999997	3.071356075133635	0.2	0.10535085873620868
986.5	0	13	0.3226925	3.0627810373040285	0.2	0.105359311054128
987.0	0	13	0.32181499999999996	3.054207375207256	0.2	0.10536776337204735
987.5	0	13	0.3209375	3.0456350885122725	0.2	0.10537621568996668
988.0	0	13	0.32005999999999996	3.0370641768881375	0.2	0.10538466800788601
988.5	0	13	0.3191825	3.028494640004018	0.2	0.10539312032580533
989.0	0	13	0.31830499999999995	3.0199264775291854	0.2	0.10540157264372466
989.5	0	13	0.3174275	3.0113596891330183	0.2	0.10541002496164399
990.0	0	13	0.31655	3.002794274485002	0.2	0.10541847727956331
990.5	0	13	0.31567249999999997	2.9942302332547253	0.2	0.10542692959748265
991.0	0	13	0.314795	2.985667565111886	0.2	0.10543538191540197
991.5	0	13	0.31391749999999996	2.9771062697262853	0.2	0.10544383423332129
992.0	0	13	0.31304	2.968546346767832	0.2	0.10545228655124064
992.5	0	13	0.31216249999999995	2.95998779590654	0.2	0.10546073886915995
993.0	0	13	0.311285	2.9514306168125297	0.2	0.10546919118707927
993.5	0	13	0.31040749999999995	2.942874809156024	0.2	0.10547764350499861
994.0	0	13	0.30952999999999997	2.9343203726073575	0.2	0.10548609582291793
994.5	0	13	0.3086525	2.925767306836965	0.2	0.10549454814083725
995.0	0	13	0.30777499999999997	2.917215611515389	0.2	0.10550300045875657
995.5	0	13	0.3068975	2.9086652863132785	0.2	0.1055114527766759
996.0	0	13	0.30601999999999996	2.900116330901385	0.2	0.10551990509459526
996.5	0	13	0.3051425	2.8915687449505705	0.2	0.10552835741251457
997.0	0	13	0.30426499999999995	2.8830225281317965	0.2	0.10553680973043392
997.5	0	13	0.3033875	2.8744776801161356	0.2	0.10554526204835323
998.0	0	13	0.30250999999999995	2.8659342005747606	0.2	0.10555371436627256
998.5	0	13	0.30163249999999997	2.8573920891789535	0.2	0.10556216668419188
999.0	0	13	0.300755	2.8488513456001	0.2	0.10557061900211122
999.5	0	13	0.29987749999999996	2.84031196950969	0.2	0.10557907132003053
1000.0	0	13	0.299	2.831773960579321	0.2	0.10558752363794988
1000.5	0	13	0.298625	2.832666906328427	0.2	0.10542185504862765
1001.0	0	13	0.29825	2.8335626629918855	0.2	0.10525618645930546
1001.5	0	13	0.297875	2.834461243863385	0.2	0.10509051786998325
1002.0	0	13	0.2975	2.8353626623205734	0.2	0.10492484928066104
1002.5	0	13	0.297125	2.8362669318257216	0.2	0.10475918069133884
1003.0	0	13	0.29675	2.8371740659263938	0.2	0.10459351210201663
1003.5	0	13	0.296375	2.838084078256123	0.2	0.10442784351269442
1004.0	0	13	0.296	2.8389969825350954	0.2	0.10426217492337221
1004.5	0	13	0.29562499999999997	2.8399127925708387	0.2	0.10409650633405
1005.0	0	13	0.29525	2.840831522258921	0.2	0.10393083774472779
1005.5	0	13	0.294875	2.8417531855836486	0.2	0.1037651691554056
1006.0	0	13	0.2945	2.84267779661878	0.2	0.10359950056608339
1006.5	0	13	0.29412499999999997	2.8436053695282406	0.2	0.10343383197676119
1007.0	0	13	0.29375	2.8445359185668475	0.2	0.10326816338743898
1007.5	0	13	0.293375	2.8454694580810345	0.2	0.10310249479811677
1008.0	0	13	0.293	2.8464060025095965	0.2	0.10293682620879456
1008.5	0	13	0.29262499999999997	2.847345566384429	0.2	0.10277115761947236
1009.0	0	13	0.29225	2.8482881643312834	0.2	0.10260548903015015
1009.5	0	13	0.291875	2.8492338110705204	0.2	0.10243982044082793
1010.0	0	13	0.2915	2.850182521417882	0.2	0.10227415185150573
1010.5	0	13	0.29112499999999997	2.851134310285263	0.2	0.10210848326218354
1011.0	0	13	0.29075	2.852089192681492	0.2	0.10194281467286131
1011.5	0	13	0.290375	2.853047183713119	0.2	0.10177714608353913
1012.0	0	13	0.29	2.8540082985852155	0.2	0.10161147749421694
1012.5	0	13	0.28962499999999997	2.8549725526021774	0.2	0.10144580890489471
1013.0	0	13	0.28925	2.855939961168536	0.2	0.1012801403155725
1013.5	0	13	0.288875	2.856910539789778	0.2	0.10111447172625031
1014.0	0	13	0.2885	2.8578843040731776	0.2	0.1009488031369281
1014.5	0	13	0.28812499999999996	2.85886126972863	0.2	0.1007831345476059
1015.0	0	13	0.28775	2.859841452569498	0.2	0.10061746595828368
1015.5	0	13	0.287375	2.8608248685134603	0.2	0.10045179736896148
1016.0	0	13	0.287	2.861811533583382	0.2	0.10028612877963927
1016.5	0	13	0.28662499999999996	2.862801463908176	0.2	0.10012046019031708
1017.0	0	13	0.28625	2.8637946757236894	0.2	0.09995479160099485
1017.5	0	13	0.285875	2.864791185373583	0.2	0.09978912301167264
1018.0	0	13	0.2855	2.865791009310236	0.2	0.09962345442235045
1018.5	0	13	0.28512499999999996	2.866794164095646	0.2	0.09945778583302824
1019.0	0	13	0.28475	2.8678006664023457	0.2	0.09929211724370603
1019.5	0	13	0.284375	2.868810533014325	0.2	0.09912644865438383
1020.0	0	13	0.284	2.869823780827966	0.2	0.09896078006506163
1020.5	0	13	0.283625	2.8708404268529857	0.2	0.0987951114757394
1021.0	0	13	0.28325	2.871860488213382	0.2	0.09862944288641722
1021.5	0	13	0.282875	2.8728839821484042	0.2	0.09846377429709499
1022.0	0	13	0.2825	2.873910926013518	0.2	0.0982981057077728
1022.5	0	13	0.28212499999999996	2.8749413372813866	0.2	0.0981324371184506
1023.0	0	13	0.28175	2.8759752335428668	0.2	0.09796676852912839
1023.5	0	13	0.281375	2.877012632508002	0.2	0.09780109993980618
1024.0	0	13	0.28099999999999997	2.878053552007041	0.2	0.09763543135048397
1024.5	0	13	0.280625	2.8790980099914543	0.2	0.09746976276116177
1025.0	0	13	0.28025	2.8801460245349695	0.2	0.09730409417183955
1025.5	0	13	0.279875	2.8811976138346114	0.2	0.09713842558251735
1026.0	0	13	0.27949999999999997	2.8822527962117572	0.2	0.09697275699319516
1026.5	0	13	0.279125	2.8833115901131996	0.2	0.09680708840387295
1027.0	0	13	0.27875	2.8843740141122205	0.2	0.09664141981455074
1027.5	0	13	0.278375	2.885440086909679	0.2	0.09647575122522853
1028.0	0	13	0.27799999999999997	2.886509827335108	0.2	0.09631008263590633
1028.5	0	13	0.277625	2.887583254347824	0.2	0.09614441404658412
1029.0	0	13	0.27725	2.8886603870380427	0.2	0.09597874545726191
1029.5	0	13	0.276875	2.889741244628017	0.2	0.09581307686793973
1030.0	0	13	0.27649999999999997	2.8908258464731764	0.2	0.09564740827861751
1030.5	0	13	0.276125	2.891914212063284	0.2	0.0954817396892953
1031.0	0	13	0.27575	2.8930063610236014	0.2	0.09531607109997309
1031.5	0	13	0.275375	2.8941023131160715	0.2	0.09515040251065088
1032.0	0	13	0.27499999999999997	2.8952020882405094	0.2	0.0949847339213287
1032.5	0	13	0.274625	2.8963057064358075	0.2	0.09481906533200647
1033.0	0	13	0.27425	2.897413187881149	0.2	0.09465339674268428
1033.5	0	13	0.273875	2.8985245528972428	0.2	0.09448772815336205
1034.0	0	13	0.27349999999999997	2.899639821947563	0.2	0.09432205956403986
1034.5	0	13	0.273125	2.9007590156396077	0.2	0.09415639097471765
1035.0	0	13	0.27275	2.901882154726164	0.2	0.09399072238539544
1035.5	0	13	0.272375	2.9030092601065944	0.2	0.09382505379607324
1036.0	0	13	0.27199999999999996	2.904140352828133	0.2	0.09365938520675104
1036.5	0	13	0.271625	2.9052754540871946	0.2	0.09349371661742881
1037.0	0	13	0.27125	2.906414585230696	0.2	0.09332804802810661
1037.5	0	13	0.270875	2.9075577677574005	0.2	0.09316237943878442
1038.0	0	13	0.27049999999999996	2.9087050233192655	0.2	0.0929967108494622
1038.5	0	13	0.270125	2.9098563737228114	0.2	0.09283104226014
1039.0	0	13	0.26975	2.9110118409304997	0.2	0.0926653736708178
1039.5	0	13	0.269375	2.912171447062138	0.2	0.09249970508149558
1040.0	0	13	0.269	2.9133352143962816	0.2	0.09233403649217338
1040.5	0	13	0.268625	2.9145031653716655	0.2	0.0921683679028512
1041.0	0	13	0.26825	2.915675322588648	0.2	0.09200269931352897
1041.5	0	13	0.267875	2.9168517088106642	0.2	0.09183703072420676
1042.0	0	13	0.26749999999999996	2.918032346965702	0.2	0.09167136213488455
1042.5	0	13	0.267125	2.9192172601477915	0.2	0.09150569354556236
1043.0	0	13	0.26675	2.9204064716185103	0.2	0.09134002495624015
1043.5	0	13	0.266375	2.921600004808507	0.2	0.09117435636691792
1044.0	0	13	0.266	2.9227978833190376	0.2	0.09100868777759576
1044.5	0	13	0.265625	2.924000130923524	0.2	0.09084301918827352
1045.0	0	13	0.26525	2.9252067715691243	0.2	0.09067735059895132
1045.5	0	13	0.26487499999999997	2.9264178293783245	0.2	0.09051168200962911
1046.0	0	13	0.26449999999999996	2.927633328650545	0.2	0.09034601342030692
1046.5	0	13	0.264125	2.928853293863768	0.2	0.09018034483098471
1047.0	0	13	0.26375	2.930077749676176	0.2	0.09001467624166248
1047.5	0	13	0.26337499999999997	2.9313067209278167	0.2	0.0898490076523403
1048.0	0	13	0.263	2.932540232642285	0.2	0.08968333906301809
1048.5	0	13	0.262625	2.9337783100284143	0.2	0.0895176704736959
1049.0	0	13	0.26225	2.9350209784820005	0.2	0.08935200188437367
1049.5	0	13	0.26187499999999997	2.936268263587535	0.2	0.08918633329505149
1050.0	0	13	0.2615	2.9375201911199635	0.2	0.08902066470572927
1050.5	0	13	0.261125	2.9387767870464554	0.2	0.08885499611640706
1051.0	0	13	0.26075	2.940038077528206	0.2	0.08868932752708486
1051.5	0	13	0.26037499999999997	2.94130408892225	0.2	0.08852365893776264
1052.0	0	13	0.26	2.942574847783295	0.2	0.08835799034844044
1052.5	0	13	0.259625	2.9438503808655803	0.2	0.08819232175911822
1053.0	0	13	0.25925	2.9451307151247534	0.2	0.08802665316979601
1053.5	0	13	0.25887499999999997	2.94641587771977	0.2	0.08786098458047381
1054.0	0	13	0.2585	2.947705896014816	0.2	0.08769531599115162
1054.5	0	13	0.258125	2.9490007975812436	0.2	0.08752964740182942
1055.0	0	13	0.25775	2.9503006101995433	0.2	0.08736397881250721
1055.5	0	13	0.25737499999999996	2.9516053618613243	0.2	0.087198310223185
1056.0	0	13	0.257	2.9529150807713282	0.2	0.08703264163386279
1056.5	0	13	0.256625	2.954229795349458	0.2	0.08686697304454058
1057.0	0	13	0.25625	2.9555495342328357	0.2	0.08670130445521838
1057.5	0	13	0.25587499999999996	2.956874326277883	0.2	0.08653563586589617
1058.0	0	13	0.2555	2.958204200562421	0.2	0.08636996727657398
1058.5	0	13	0.255125	2.9595391863878	0.2	0.08620429868725178
1059.0	0	13	0.25475	2.9608793132810503	0.2	0.08603863009792956
1059.5	0	13	0.254375	2.9622246109970614	0.2	0.08587296150860735
1060.0	0	13	0.254	2.9635751095207796	0.2	0.08570729291928514
1060.5	0	13	0.253625	2.9649308390694418	0.2	0.08554162432996293
1061.0	0	13	0.25325	2.966291830094825	0.2	0.08537595574064073
1061.5	0	13	0.25287499999999996	2.9676581132855278	0.2	0.08521028715131852
1062.0	0	13	0.2525	2.969029719569276	0.2	0.08504461856199633
1062.5	0	13	0.252125	2.970406680115258	0.2	0.08487894997267412
1063.0	0	13	0.25175	2.9717890263364843	0.2	0.0847132813833519
1063.5	0	13	0.251375	2.9731767898921775	0.2	0.0845476127940297
1064.0	0	13	0.251	2.974570002690187	0.2	0.0843819442047075
1064.5	0	13	0.250625	2.975968696889439	0.2	0.08421627561538528
1065.0	0	13	0.25025	2.9773729049024054	0.2	0.08405060702606308
1065.5	0	13	0.24987499999999999	2.978782659397612	0.2	0.0838849384367409
1066.0	0	13	0.2495	2.98019799330217	0.2	0.08371926984741868
1066.5	0	13	0.24912499999999999	2.981618939804338	0.2	0.08355360125809645
1067.0	0	13	0.24874999999999997	2.98304553235612	0.2	0.08338793266877426
1067.5	0	13	0.24837499999999998	2.984477804675887	0.2	0.08322226407945205
1068.0	0	13	0.248	2.985915790751036	0.2	0.08305659549012985
1068.5	0	13	0.24762499999999998	2.987359524840677	0.2	0.08289092690080764
1069.0	0	13	0.24724999999999997	2.988809041478353	0.2	0.08272525831148544
1069.5	0	13	0.24687499999999998	2.9902643754747977	0.2	0.08255958972216323
1070.0	0	13	0.2465	2.9917255619207164	0.2	0.08239392113284102
1070.5	0	13	0.24612499999999998	2.9931926361896086	0.2	0.08222825254351881
1071.0	0	13	0.24575	2.9946656339406252	0.2	0.08206258395419662
1071.5	0	13	0.24537499999999998	2.996144591121454	0.2	0.08189691536487441
1072.0	0	13	0.245	2.997629543971247	0.2	0.0817312467755522
1072.5	0	13	0.24462499999999998	2.999120529023576	0.2	0.08156557818623
1073.0	0	13	0.24425	3.0006175831094355	0.2	0.08139990959690778
1073.5	0	13	0.24387499999999998	3.0021207433602677	0.2	0.0812342410075856
1074.0	0	13	0.2435	3.0036300472110393	0.2	0.08106857241826337
1074.5	0	13	0.24312499999999998	3.0051455324033447	0.2	0.08090290382894115
1075.0	0	13	0.24275	3.006667236988553	0.2	0.08073723523961897
1075.5	0	13	0.24237499999999998	3.0081951993309946	0.2	0.08057156665029677
1076.0	0	13	0.242	3.009729458111183	0.2	0.08040589806097456
1076.5	0	13	0.24162499999999998	3.0112700523290803	0.2	0.08024022947165235
1077.0	0	13	0.24125	3.0128170213074004	0.2	0.08007456088233016
1077.5	0	13	0.24087499999999998	3.014370404694956	0.2	0.07990889229300793
1078.0	0	13	0.2405	3.015930242470046	0.2	0.07974322370368572
1078.5	0	13	0.24012499999999998	3.0174965749438822	0.2	0.07957755511436354
1079.0	0	13	0.23975	3.0190694427640694	0.2	0.07941188652504132
1079.5	0	13	0.23937499999999998	3.0206488869181105	0.2	0.07924621793571912
1080.0	0	13	0.239	3.022234948736979	0.2	0.07908054934639691
1080.5	0	13	0.23862499999999998	3.0238276698987128	0.2	0.07891488075707472
1081.0	0	13	0.23825	3.025427092432075	0.2	0.07874921216775249
1081.5	0	13	0.237875	3.0270332587202424	0.2	0.07858354357843028
1082.0	0	13	0.2375	3.028646211504555	0.2	0.07841787498910809
1082.5	0	13	0.23712499999999997	3.0302659938883054	0.2	0.07825220639978588
1083.0	0	13	0.23675	3.031892649340579	0.2	0.07808653781046367
1083.5	0	13	0.236375	3.0335262217001397	0.2	0.07792086922114147
1084.0	0	13	0.236	3.035166755179373	0.2	0.07775520063181925
1084.5	0	13	0.23562499999999997	3.0368142943682703	0.2	0.07758953204249705
1085.0	0	13	0.23525	3.038468884238472	0.2	0.07742386345317485
1085.5	0	13	0.234875	3.0401305701473578	0.2	0.07725819486385264
1086.0	0	13	0.2345	3.0417993978421913	0.2	0.07709252627453043
1086.5	0	13	0.23412499999999997	3.0434754134643196	0.2	0.07692685768520822
1087.0	0	13	0.23374999999999999	3.0451586635534245	0.2	0.07676118909588603
1087.5	0	13	0.233375	3.046849195051831	0.2	0.07659552050656383
1088.0	0	13	0.23299999999999998	3.048547055308871	0.2	0.07642985191724161
1088.5	0	13	0.23262499999999997	3.050252292085304	0.2	0.07626418332791941
1089.0	0	13	0.23224999999999998	3.051964953557795	0.2	0.0760985147385972
1089.5	0	13	0.231875	3.053685088323453	0.2	0.075932846149275
1090.0	0	13	0.23149999999999998	3.055412745404426	0.2	0.07576717755995278
1090.5	0	13	0.23112499999999997	3.057147974252559	0.2	0.07560150897063057
1091.0	0	13	0.23074999999999998	3.058890824754113	0.2	0.07543584038130838
1091.5	0	13	0.230375	3.0606413472345424	0.2	0.07527017179198617
1092.0	0	13	0.22999999999999998	3.0623995924633434	0.2	0.07510450320266396
1092.5	0	13	0.22962499999999997	3.0641656116589595	0.2	0.07493883461334176
1093.0	0	13	0.22924999999999998	3.065939456493757	0.2	0.07477316602401955
1093.5	0	13	0.228875	3.0677211790990624	0.2	0.07460749743469734
1094.0	0	13	0.22849999999999998	3.0695108320702684	0.2	0.07444182884537515
1094.5	0	13	0.22812499999999997	3.071308468472016	0.2	0.07427616025605294
1095.0	0	13	0.22774999999999998	3.0731141418434316	0.2	0.07411049166673073
1095.5	0	13	0.227375	3.0749279062034454	0.2	0.07394482307740852
1096.0	0	13	0.22699999999999998	3.0767498160561795	0.2	0.07377915448808631
1096.5	0	13	0.226625	3.078579926396405	0.2	0.07361348589876411
1097.0	0	13	0.22625	3.0804182927150783	0.2	0.0734478173094419
1097.5	0	13	0.225875	3.082264971004947	0.2	0.0732821487201197
1098.0	0	13	0.22549999999999998	3.0841200177662382	0.2	0.0731164801307975
1098.5	0	13	0.225125	3.0859834900124166	0.2	0.07295081154147529
1099.0	0	13	0.22475	3.0878554452760283	0.2	0.07278514295215308
1099.5	0	13	0.224375	3.08973594161462	0.2	0.07261947436283087
1100.0	0	13	0.22399999999999998	3.0916250376167436	0.2	0.07245380577350867
1100.5	0	13	0.223625	3.089031162823346	0.2	0.07239324830754014
1101.0	0	13	0.22325	3.086432944807467	0.2	0.07233269084157162
1101.5	0	13	0.222875	3.08383037265143	0.2	0.0722721333756031
1102.0	0	13	0.22249999999999998	3.081223435400939	0.2	0.07221157590963459
1102.5	0	13	0.222125	3.07861212206492	0.2	0.07215101844366606
1103.0	0	13	0.22175	3.0759964216153683	0.2	0.07209046097769754
1103.5	0	13	0.221375	3.073376322987192	0.2	0.07202990351172903
1104.0	0	13	0.22099999999999997	3.0707518150780584	0.2	0.07196934604576051
1104.5	0	13	0.220625	3.0681228867482364	0.2	0.07190878857979198
1105.0	0	13	0.22025	3.0654895268204356	0.2	0.07184823111382346
1105.5	0	13	0.219875	3.062851724079653	0.2	0.07178767364785495
1106.0	0	13	0.21949999999999997	3.0602094672730105	0.2	0.07172711618188643
1106.5	0	13	0.219125	3.057562745109596	0.2	0.0716665587159179
1107.0	0	13	0.21875	3.054911546260302	0.2	0.07160600124994938
1107.5	0	13	0.21837499999999999	3.0522558593576643	0.2	0.07154544378398087
1108.0	0	13	0.21799999999999997	3.0495956729957006	0.2	0.07148488631801234
1108.5	0	13	0.21762499999999999	3.0469309757297443	0.2	0.07142432885204382
1109.0	0	13	0.21725	3.044261756076283	0.2	0.0713637713860753
1109.5	0	13	0.21687499999999998	3.0415880025127935	0.2	0.07130321392010679
1110.0	0	13	0.21649999999999997	3.0389097034775743	0.2	0.07124265645413826
1110.5	0	13	0.21612499999999998	3.03622684736958	0.2	0.07118209898816974
1111.0	0	13	0.21575	3.0335394225482544	0.2	0.07112154152220122
1111.5	0	13	0.21537499999999998	3.030847417333361	0.2	0.07106098405623269
1112.0	0	13	0.21499999999999997	3.0281508200048126	0.2	0.07100042659026418
1112.5	0	13	0.21462499999999998	3.025449618802506	0.2	0.07093986912429566
1113.0	0	13	0.21425	3.0227438019261466	0.2	0.07087931165832713
1113.5	0	13	0.21387499999999998	3.0200333575350755	0.2	0.07081875419235861
1114.0	0	13	0.21349999999999997	3.017318273748102	0.2	0.0707581967263901
1114.5	0	13	0.21312499999999998	3.014598538643327	0.2	0.07069763926042157
1115.0	0	13	0.21275	3.011874140257967	0.2	0.07063708179445305
1115.5	0	13	0.21237499999999998	3.0091450665881814	0.2	0.07057652432848452
1116.0	0	13	0.21199999999999997	3.006411305588894	0.2	0.07051596686251602
1116.5	0	13	0.21162499999999998	3.00367284517362	0.2	0.07045540939654749
1117.0	0	13	0.21125	3.00092967321428	0.2	0.07039485193057897
1117.5	0	13	0.21087499999999998	2.99818177754103	0.2	0.07033429446461045
1118.0	0	13	0.2105	2.9954291459420754	0.2	0.07027373699864192
1118.5	0	13	0.210125	2.992671766163491	0.2	0.0702131795326734
1119.0	0	13	0.20975	2.9899096259090414	0.2	0.07015262206670489
1119.5	0	13	0.20937499999999998	2.9871427128399977	0.2	0.07009206460073636
1120.0	0	13	0.209	2.9843710145749505	0.2	0.07003150713476784
1120.5	0	13	0.208625	2.9815945186896293	0.2	0.06997094966879933
1121.0	0	13	0.20825	2.9788132127167146	0.2	0.06991039220283081
1121.5	0	13	0.20787499999999998	2.976027084145653	0.2	0.06984983473686228
1122.0	0	13	0.2075	2.9732361204224667	0.2	0.06978927727089376
1122.5	0	13	0.207125	2.970440308949568	0.2	0.06972871980492523
1123.0	0	13	0.20675	2.9676396370855684	0.2	0.06966816233895672
1123.5	0	13	0.20637499999999998	2.964834092145088	0.2	0.0696076048729882
1124.0	0	13	0.206	2.9620236613985647	0.2	0.06954704740701968
1124.5	0	13	0.205625	2.95920833207206	0.2	0.06948648994105117
1125.0	0	13	0.20525	2.956388091347068	0.2	0.06942593247508264
1125.5	0	13	0.20487499999999997	2.953562926360318	0.2	0.06936537500911412
1126.0	0	13	0.2045	2.950732824203582	0.2	0.0693048175431456
1126.5	0	13	0.204125	2.947897771923476	0.2	0.06924426007717707
1127.0	0	13	0.20375	2.945057756521261	0.2	0.06918370261120856
1127.5	0	13	0.20337499999999997	2.942212764952649	0.2	0.06912314514524004
1128.0	0	13	0.20299999999999999	2.9393627841275998	0.2	0.06906258767927151
1128.5	0	13	0.202625	2.9365078009101198	0.2	0.06900203021330299
1129.0	0	13	0.20224999999999999	2.933647802118061	0.2	0.06894147274733448
1129.5	0	13	0.20187499999999997	2.9307827745229207	0.2	0.06888091528136596
1130.0	0	13	0.20149999999999998	2.9279127048496347	0.2	0.06882035781539743
1130.5	0	13	0.201125	2.9250375797763706	0.2	0.06875980034942891
1131.0	0	13	0.20074999999999998	2.922157385934326	0.2	0.0686992428834604
1131.5	0	13	0.20037499999999997	2.9192721099075194	0.2	0.06863868541749187
1132.0	0	13	0.19999999999999998	2.9163817382325807	0.2	0.06857812795152335
1132.5	0	13	0.199625	2.9134862573985427	0.2	0.06851757048555483
1133.0	0	13	0.19924999999999998	2.9105856538466313	0.2	0.06845701301958632
1133.5	0	13	0.19887499999999997	2.9076799139700538	0.2	0.06839645555361779
1134.0	0	13	0.19849999999999998	2.9047690241137842	0.2	0.06833589808764927
1134.5	0	13	0.198125	2.901852970574352	0.2	0.06827534062168075
1135.0	0	13	0.19774999999999998	2.8989317395996244	0.2	0.06821478315571222
1135.5	0	13	0.19737499999999997	2.8960053173885925	0.2	0.0681542256897437
1136.0	0	13	0.19699999999999998	2.893073690091153	0.2	0.0680936682237752
1136.5	0	13	0.196625	2.8901368438078907	0.2	0.06803311075780666
1137.0	0	13	0.19624999999999998	2.8871947645898546	0.2	0.06797255329183814
1137.5	0	13	0.19587499999999997	2.8842474384383436	0.2	0.06791199582586963
1138.0	0	13	0.19549999999999998	2.881294851304681	0.2	0.0678514383599011
1138.5	0	13	0.195125	2.8783369890899895	0.2	0.06779088089393258
1139.0	0	13	0.19474999999999998	2.875373837644969	0.2	0.06773032342796406
1139.5	0	13	0.194375	2.872405382769673	0.2	0.06766976596199555
1140.0	0	13	0.194	2.8694316102132778	0.2	0.06760920849602702
1140.5	0	13	0.193625	2.8664525056738546	0.2	0.0675486510300585
1141.0	0	13	0.19324999999999998	2.8634680547981453	0.2	0.06748809356409
1141.5	0	13	0.192875	2.8604782431813267	0.2	0.06742753609812147
1142.0	0	13	0.1925	2.8574830563667812	0.2	0.06736697863215294
1142.5	0	13	0.192125	2.8544824798458603	0.2	0.06730642116618442
1143.0	0	13	0.19174999999999998	2.8514764990576564	0.2	0.0672458637002159
1143.5	0	13	0.191375	2.848465099388764	0.2	0.06718530623424737
1144.0	0	13	0.191	2.8454482661730407	0.2	0.06712474876827886
1144.5	0	13	0.190625	2.8424259846913715	0.2	0.06706419130231035
1145.0	0	13	0.19024999999999997	2.8393982401714326	0.2	0.0670036338363418
1145.5	0	13	0.189875	2.836365017787443	0.2	0.06694307637037329
1146.0	0	13	0.1895	2.833326302659929	0.2	0.06688251890440479
1146.5	0	13	0.189125	2.830282079855479	0.2	0.06682196143843626
1147.0	0	13	0.18874999999999997	2.8272323343864985	0.2	0.06676140397246771
1147.5	0	13	0.188375	2.8241770512109627	0.2	0.06670084650649921
1148.0	0	13	0.188	2.821116215232173	0.2	0.0666402890405307
1148.5	0	13	0.187625	2.8180498112985046	0.2	0.06657973157456216
1149.0	0	13	0.18724999999999997	2.8149778242031576	0.2	0.06651917410859365
1149.5	0	13	0.18687499999999999	2.8119002386839087	0.2	0.06645861664262513
1150.0	0	13	0.1865	2.8088170394228524	0.2	0.06639805917665662
1150.5	0	13	0.18612499999999998	2.8057282110461528	0.2	0.06633750171068808
1151.0	0	13	0.18574999999999997	2.802633738123783	0.2	0.06627694424471957
1151.5	0	13	0.18537499999999998	2.799533605169274	0.2	0.06621638677875105
1152.0	0	13	0.185	2.7964277966394504	0.2	0.06615582931278252
1152.5	0	13	0.18462499999999998	2.7933162969341727	0.2	0.066095271846814
1153.0	0	13	0.18424999999999997	2.790199090396079	0.2	0.0660347143808455
1153.5	0	13	0.18387499999999998	2.78707616131032	0.2	0.06597415691487696
1154.0	0	13	0.1835	2.783947493904292	0.2	0.06591359944890844
1154.5	0	13	0.18312499999999998	2.780813072347377	0.2	0.06585304198293992
1155.0	0	13	0.18274999999999997	2.7776728807506723	0.2	0.06579248451697141
1155.5	0	13	0.18237499999999998	2.7745269031667235	0.2	0.06573192705100286
1156.0	0	13	0.182	2.771375123589251	0.2	0.06567136958503436
1156.5	0	13	0.18162499999999998	2.7682175259528843	0.2	0.06561081211906584
1157.0	0	13	0.18124999999999997	2.7650540941328856	0.2	0.06555025465309731
1157.5	0	13	0.18087499999999998	2.7618848119448742	0.2	0.0654896971871288
1158.0	0	13	0.1805	2.758709663144553	0.2	0.06542913972116028
1158.5	0	13	0.18012499999999998	2.7555286314274303	0.2	0.06536858225519177
1159.0	0	13	0.17974999999999997	2.752341700428541	0.2	0.06530802478922323
1159.5	0	13	0.17937499999999998	2.7491488537221627	0.2	0.06524746732325472
1160.0	0	13	0.179	2.7459500748215393	0.2	0.06518690985728622
1160.5	0	13	0.17862499999999998	2.742745347178593	0.2	0.06512635239131767
1161.0	0	13	0.17825	2.739534654183639	0.2	0.06506579492534915
1161.5	0	13	0.177875	2.736317979165102	0.2	0.06500523745938064
1162.0	0	13	0.1775	2.7330953053892224	0.2	0.06494467999341211
1162.5	0	13	0.17712499999999998	2.7298666160597707	0.2	0.06488412252744359
1163.0	0	13	0.17675	2.7266318943177543	0.2	0.06482356506147507
1163.5	0	13	0.176375	2.7233911232411234	0.2	0.06476300759550656
1164.0	0	13	0.176	2.720144285844475	0.2	0.06470245012953803
1164.5	0	13	0.17562499999999998	2.7168913650787587	0.2	0.06464189266356951
1165.0	0	13	0.17525	2.7136323438309775	0.2	0.064581335197601
1165.5	0	13	0.174875	2.710367204923886	0.2	0.06452077773163248
1166.0	0	13	0.1745	2.7070959311156897	0.2	0.06446022026566395
1166.5	0	13	0.17412499999999997	2.703818505099742	0.2	0.06439966279969543
1167.0	0	13	0.17375	2.70053490950424	0.2	0.06433910533372691
1167.5	0	13	0.17337499999999997	2.697245126891915	0.2	0.06427854786775838
1168.0	0	13	0.173	2.6939491397597233	0.2	0.06421799040178987
1168.5	0	13	0.17262499999999997	2.6906469305385405	0.2	0.06415743293582135
1169.0	0	13	0.17225	2.6873384815928456	0.2	0.06409687546985282
1169.5	0	13	0.17187499999999997	2.6840237752204055	0.2	0.0640363180038843
1170.0	0	13	0.17149999999999999	2.6807027936519647	0.2	0.06397576053791579
1170.5	0	13	0.17112499999999997	2.6773755190509236	0.2	0.06391520307194726
1171.0	0	13	0.17074999999999999	2.6740419335130188	0.2	0.06385464560597874
1171.5	0	13	0.170375	2.670702019066005	0.2	0.06379408814001022
1172.0	0	13	0.16999999999999998	2.66735575766933	0.2	0.0637335306740417
1172.5	0	13	0.169625	2.66400313121381	0.2	0.06367297320807318
1173.0	0	13	0.16924999999999998	2.6606441215213033	0.2	0.06361241574210466
1173.5	0	13	0.168875	2.6572787103443822	0.2	0.06355185827613614
1174.0	0	13	0.16849999999999998	2.653906879366001	0.2	0.06349130081016761
1174.5	0	13	0.168125	2.6505286101991654	0.2	0.0634307433441991
1175.0	0	13	0.16774999999999998	2.647143884386597	0.2	0.06337018587823058
1175.5	0	13	0.167375	2.6437526834003995	0.2	0.06330962841226206
1176.0	0	13	0.16699999999999998	2.6403549886417164	0.2	0.06324907094629353
1176.5	0	13	0.166625	2.636950781440395	0.2	0.06318851348032502
1177.0	0	13	0.16624999999999998	2.633540043054642	0.2	0.0631279560143565
1177.5	0	13	0.165875	2.630122754670683	0.2	0.06306739854838797
1178.0	0	13	0.16549999999999998	2.626698897402409	0.2	0.06300684108241945
1178.5	0	13	0.165125	2.6232684522910383	0.2	0.06294628361645094
1179.0	0	13	0.16474999999999998	2.61983140030476	0.2	0.0628857261504824
1179.5	0	13	0.164375	2.616387722338383	0.2	0.06282516868451389
1180.0	0	13	0.16399999999999998	2.612937399212983	0.2	0.06276461121854537
1180.5	0	13	0.163625	2.6094804116755492	0.2	0.06270405375257684
1181.0	0	13	0.16324999999999998	2.6060167403986183	0.2	0.06264349628660833
1181.5	0	13	0.162875	2.602546365979923	0.2	0.06258293882063981
1182.0	0	13	0.16249999999999998	2.5990692689420243	0.2	0.0625223813546713
1182.5	0	13	0.162125	2.5955854297319503	0.2	0.06246182388870278
1183.0	0	13	0.16174999999999998	2.592094828720826	0.2	0.06240126642273425
1183.5	0	13	0.161375	2.588597446203509	0.2	0.06234070895676573
1184.0	0	13	0.16099999999999998	2.5850932623982144	0.2	0.062280151490797214
1184.5	0	13	0.160625	2.5815822574461462	0.2	0.062219594024828684
1185.0	0	13	0.16024999999999998	2.5780644114111175	0.2	0.06215903655886017
1185.5	0	13	0.159875	2.574539704279178	0.2	0.062098479092891644
1186.0	0	13	0.15949999999999998	2.5710081159582305	0.2	0.06203792162692311
1186.5	0	13	0.159125	2.567469626277651	0.2	0.0619773641609546
1187.0	0	13	0.15874999999999997	2.563924214987904	0.2	0.06191680669498608
1187.5	0	13	0.158375	2.5603718617601574	0.2	0.06185624922901756
1188.0	0	13	0.15799999999999997	2.556812546185892	0.2	0.06179569176304904
1188.5	0	13	0.157625	2.553246247776513	0.2	0.06173513429708053
1189.0	0	13	0.15724999999999997	2.5496729459629557	0.2	0.061674576831111994
1189.5	0	13	0.156875	2.5460926200952883	0.2	0.06161401936514348
1190.0	0	13	0.15649999999999997	2.542505249442317	0.2	0.06155346189917496
1190.5	0	13	0.15612499999999999	2.538910813191185	0.2	0.06149290443320644
1191.0	0	13	0.15574999999999997	2.535309290446969	0.2	0.061432346967237914
1191.5	0	13	0.15537499999999999	2.531700660232276	0.2	0.0613717895012694
1192.0	0	13	0.15499999999999997	2.528084901486833	0.2	0.061311232035300874
1192.5	0	13	0.15462499999999998	2.524461993067082	0.2	0.06125067456933236
1193.0	0	13	0.15425	2.520831913745763	0.2	0.061190117103363834
1193.5	0	13	0.15387499999999998	2.517194642211502	0.2	0.06112955963739532
1194.0	0	13	0.1535	2.5135501570683956	0.2	0.06106900217142679
1194.5	0	13	0.15312499999999998	2.5098984368355857	0.2	0.06100844470545827
1195.0	0	13	0.15275	2.506239459946845	0.2	0.060947887239489754
1195.5	0	13	0.15237499999999998	2.5025732047501457	0.2	0.06088732977352123
1196.0	0	13	0.152	2.498899649507237	0.2	0.060826772307552714
1196.5	0	13	0.15162499999999998	2.4952187723932138	0.2	0.06076621484158419
1197.0	0	13	0.15125	2.4915305514960835	0.2	0.06070565737561567
1197.5	0	13	0.15087499999999998	2.4878349648163325	0.2	0.06064509990964715
1198.0	0	13	0.1505	2.4841319902664893	0.2	0.06058454244367863
1198.5	0	13	0.15012499999999998	2.4804216056706827	0.2	0.06052398497771011
1199.0	0	13	0.14975	2.4767037887642007	0.2	0.06046342751174158
1199.5	0	13	0.14937499999999998	2.4729785171930434	0.2	0.06040287004577307
1200.0	0	13	0.149	2.469245768513478	0.2	0.06034231257980455
1200.5	0	13	0.14882499999999999	2.4614729441500516	0.2	0.06046176552689648
1201.0	0	13	0.14865	2.4537307724146453	0.2	0.060581218473988424
1201.5	0	13	0.148475	2.4460190723431934	0.2	0.06070067142108037
1202.0	0	13	0.1483	2.4383376643933112	0.2	0.060820124368172315
1202.5	0	13	0.148125	2.4306863704303607	0.2	0.06093957731526425
1203.0	0	13	0.14795	2.4230650137136784	0.2	0.06105903026235618
1203.5	0	13	0.147775	2.415473418882969	0.2	0.061178483209448124
1204.0	0	13	0.14759999999999998	2.407911411944855	0.2	0.06129793615654007
1204.5	0	13	0.147425	2.4003788202595837	0.2	0.061417389103632
1205.0	0	13	0.14725	2.3928754725278867	0.2	0.06153684205072395
1205.5	0	13	0.14707499999999998	2.3854011987779993	0.2	0.061656294997815886
1206.0	0	13	0.1469	2.377955830352823	0.2	0.06177574794490784
1206.5	0	13	0.146725	2.3705391998972387	0.2	0.06189520089199977
1207.0	0	13	0.14654999999999999	2.3631511413455697	0.2	0.06201465383909171
1207.5	0	13	0.146375	2.3557914899091856	0.2	0.06213410678618365
1208.0	0	13	0.1462	2.3484600820642485	0.2	0.06225355973327559
1208.5	0	13	0.146025	2.3411567555396067	0.2	0.06237301268036753
1209.0	0	13	0.14585	2.333881349304817	0.2	0.06249246562745948
1209.5	0	13	0.145675	2.326633703558312	0.2	0.06261191857455141
1210.0	0	13	0.1455	2.3194136597156993	0.2	0.06273137152164335
1210.5	0	13	0.14532499999999998	2.312221060398196	0.2	0.06285082446873529
1211.0	0	13	0.14515	2.305055749421192	0.2	0.06297027741582724
1211.5	0	13	0.144975	2.2979175717829454	0.2	0.06308973036291918
1212.0	0	13	0.14479999999999998	2.2908063736534063	0.2	0.06320918331001112
1212.5	0	13	0.144625	2.283722002363166	0.2	0.06332863625710307
1213.0	0	13	0.14445	2.2766643063925303	0.2	0.063448089204195
1213.5	0	13	0.144275	2.2696331353607184	0.2	0.06356754215128693
1214.0	0	13	0.1441	2.2626283400151816	0.2	0.06368699509837887
1214.5	0	13	0.143925	2.2556497722210422	0.2	0.06380644804547081
1215.0	0	13	0.14375	2.248697284950651	0.2	0.06392590099256275
1215.5	0	13	0.143575	2.241770732273263	0.2	0.06404535393965469
1216.0	0	13	0.1434	2.2348699693448237	0.2	0.06416480688674664
1216.5	0	13	0.143225	2.2279948523978774	0.2	0.06428425983383858
1217.0	0	13	0.14304999999999998	2.2211452387315793	0.2	0.06440371278093052
1217.5	0	13	0.142875	2.214320986701824	0.2	0.06452316572802246
1218.0	0	13	0.1427	2.2075219557114805	0.2	0.0646426186751144
1218.5	0	13	0.14252499999999999	2.200748006200738	0.2	0.06476207162220633
1219.0	0	13	0.14235	2.1939989996375573	0.2	0.06488152456929827
1219.5	0	13	0.142175	2.187274798508224	0.2	0.06500097751639021
1220.0	0	13	0.142	2.1805752663080122	0.2	0.06512043046348215
1220.5	0	13	0.141825	2.173900267531946	0.2	0.0652398834105741
1221.0	0	13	0.14165	2.1672496676656627	0.2	0.06535933635766604
1221.5	0	13	0.141475	2.1606233331763787	0.2	0.06547878930475798
1222.0	0	13	0.14129999999999998	2.15402113150395	0.2	0.06559824225184992
1222.5	0	13	0.141125	2.1474429310520358	0.2	0.06571769519894186
1223.0	0	13	0.14095	2.140888601179351	0.2	0.0658371481460338
1223.5	0	13	0.14077499999999998	2.1343580121910213	0.2	0.06595660109312573
1224.0	0	13	0.1406	2.127851035330027	0.2	0.06607605404021769
1224.5	0	13	0.140425	2.121367542768741	0.2	0.06619550698730961
1225.0	0	13	0.14024999999999999	2.1149074076005565	0.2	0.06631495993440156
1225.5	0	13	0.140075	2.108470503831613	0.2	0.0664344128814935
1226.0	0	13	0.1399	2.102056706372596	0.2	0.06655386582858545
1226.5	0	13	0.139725	2.0956658910306425	0.2	0.06667331877567738
1227.0	0	13	0.13955	2.0892979345013183	0.2	0.06679277172276932
1227.5	0	13	0.139375	2.0829527143606925	0.2	0.06691222466986126
1228.0	0	13	0.1392	2.0766301090574895	0.2	0.0670316776169532
1228.5	0	13	0.139025	2.0703299979053287	0.2	0.06715113056404513
1229.0	0	13	0.13885	2.064052261075043	0.2	0.06727058351113707
1229.5	0	13	0.138675	2.0577967795870857	0.2	0.06739003645822902
1230.0	0	13	0.13849999999999998	2.0515634353040104	0.2	0.06750948940532096
1230.5	0	13	0.138325	2.0453521109230355	0.2	0.0676289423524129
1231.0	0	13	0.13815	2.039162689968683	0.2	0.06774839529950485
1231.5	0	13	0.137975	2.032995056785504	0.2	0.06786784824659678
1232.0	0	13	0.1378	2.0268490965308685	0.2	0.0679873011936887
1232.5	0	13	0.137625	2.0207246951678397	0.2	0.06810675414078066
1233.0	0	13	0.13745	2.0146217394581227	0.2	0.0682262070878726
1233.5	0	13	0.137275	2.008540116955083	0.2	0.06834566003496453
1234.0	0	13	0.1371	2.0024797159968393	0.2	0.0684651129820565
1234.5	0	13	0.136925	1.9964404256994341	0.2	0.06858456592914842
1235.0	0	13	0.13674999999999998	1.9904221359500658	0.2	0.06870401887624036
1235.5	0	13	0.136575	1.9844247374003996	0.2	0.0688234718233323
1236.0	0	13	0.1364	1.9784481214599428	0.2	0.06894292477042424
1236.5	0	13	0.13622499999999998	1.972492180289493	0.2	0.06906237771751618
1237.0	0	13	0.13605	1.9665568067946508	0.2	0.06918183066460813
1237.5	0	13	0.135875	1.9606418946194002	0.2	0.06930128361170006
1238.0	0	13	0.1357	1.9547473381397573	0.2	0.069420736558792
1238.5	0	13	0.135525	1.948873032457482	0.2	0.06954018950588395
1239.0	0	13	0.13535	1.9430188733938556	0.2	0.06965964245297587
1239.5	0	13	0.135175	1.9371847574835228	0.2	0.06977909540006783
1240.0	0	13	0.135	1.931370581968396	0.2	0.06989854834715976
1240.5	0	13	0.134825	1.9255762447916203	0.2	0.0700180012942517
1241.0	0	13	0.13465	1.9198016445916053	0.2	0.07013745424134364
1241.5	0	13	0.13447499999999998	1.9140466806961127	0.2	0.07025690718843558
1242.0	0	13	0.1343	1.9083112531164061	0.2	0.07037636013552752
1242.5	0	13	0.134125	1.902595262541459	0.2	0.07049581308261946
1243.0	0	13	0.13394999999999999	1.8968986103322256	0.2	0.0706152660297114
1243.5	0	13	0.133775	1.891221198515965	0.2	0.07073471897680335
1244.0	0	13	0.1336	1.8855629297806236	0.2	0.07085417192389529
1244.5	0	13	0.133425	1.879923707469277	0.2	0.07097362487098723
1245.0	0	13	0.13325	1.874303435574626	0.2	0.07109307781807916
1245.5	0	13	0.133075	1.8687020187335461	0.2	0.0712125307651711
1246.0	0	13	0.1329	1.8631193622216968	0.2	0.07133198371226304
1246.5	0	13	0.13272499999999998	1.8575553719481803	0.2	0.07145143665935498
1247.0	0	13	0.13255	1.8520099544502553	0.2	0.07157088960644692
1247.5	0	13	0.132375	1.8464830168881028	0.2	0.07169034255353887
1248.0	0	13	0.13219999999999998	1.8409744670396488	0.2	0.07180979550063081
1248.5	0	13	0.132025	1.8354842132954312	0.2	0.07192924844772275
1249.0	0	13	0.13185	1.8300121646535212	0.2	0.07204870139481469
1249.5	0	13	0.131675	1.8245582307144983	0.2	0.07216815434190663
1250.0	0	13	0.1315	1.8191223216764703	0.2	0.07228760728899856
1250.5	0	13	0.131325	1.8137043483301438	0.2	0.0724070602360905
1251.0	0	13	0.13115	1.808304222053946	0.2	0.07252651318318244
1251.5	0	13	0.130975	1.8029218548091916	0.2	0.07264596613027438
1252.0	0	13	0.1308	1.7975571591352975	0.2	0.07276541907736633
1252.5	0	13	0.130625	1.7922100481450476	0.2	0.07288487202445827
1253.0	0	13	0.13045	1.7868804355199008	0.2	0.07300432497155021
1253.5	0	13	0.130275	1.781568235505345	0.2	0.07312377791864215
1254.0	0	13	0.1301	1.7762733629063	0.2	0.07324323086573409
1254.5	0	13	0.12992499999999998	1.7709957330825614	0.2	0.07336268381282601
1255.0	0	13	0.12975	1.7657352619442916	0.2	0.07348213675991797
1255.5	0	13	0.129575	1.760491865947552	0.2	0.0736015897070099
1256.0	0	13	0.1294	1.7552654620898822	0.2	0.07372104265410184
1256.5	0	13	0.129225	1.7500559679059196	0.2	0.0738404956011938
1257.0	0	13	0.12905	1.7448633014630615	0.2	0.07395994854828573
1257.5	0	13	0.128875	1.7396873813571698	0.2	0.07407940149537767
1258.0	0	13	0.1287	1.7345281267083186	0.2	0.0741988544424696
1258.5	0	13	0.128525	1.729385457156578	0.2	0.07431830738956155
1259.0	0	13	0.12835	1.7242592928578464	0.2	0.07443776033665349
1259.5	0	13	0.12817499999999998	1.7191495544797142	0.2	0.07455721328374543
1260.0	0	13	0.128	1.714056163197374	0.2	0.07467666623083735
1260.5	0	13	0.127825	1.7089790406895649	0.2	0.0747961191779293
1261.0	0	13	0.12764999999999999	1.70391810913456	0.2	0.07491557212502126
1261.5	0	13	0.127475	1.698873291206191	0.2	0.0750350250721132
1262.0	0	13	0.1273	1.6938445100699053	0.2	0.07515447801920515
1262.5	0	13	0.127125	1.6888316893788708	0.2	0.07527393096629709
1263.0	0	13	0.12695	1.6838347532701092	0.2	0.07539338391338901
1263.5	0	13	0.126775	1.6788536263606684	0.2	0.07551283686048095
1264.0	0	13	0.1266	1.6738882337438343	0.2	0.07563228980757289
1264.5	0	13	0.126425	1.6689385009853743	0.2	0.07575174275466483
1265.0	0	13	0.12625	1.664004354119817	0.2	0.07587119570175675
1265.5	0	13	0.126075	1.6590857196467697	0.2	0.07599064864884872
1266.0	0	13	0.1259	1.654182524527269	0.2	0.07611010159594064
1266.5	0	13	0.125725	1.6492946961801616	0.2	0.0762295545430326
1267.0	0	13	0.12555	1.644422162478529	0.2	0.07634900749012453
1267.5	0	13	0.125375	1.6395648517461345	0.2	0.07646846043721647
1268.0	0	13	0.1252	1.6347226927539118	0.2	0.07658791338430841
1268.5	0	13	0.125025	1.62989561471648	0.2	0.07670736633140035
1269.0	0	13	0.12485	1.6250835472886982	0.2	0.0768268192784923
1269.5	0	13	0.124675	1.6202864205622454	0.2	0.07694627222558423
1270.0	0	13	0.1245	1.6155041650622364	0.2	0.07706572517267618
1270.5	0	13	0.12432499999999999	1.6107367117438676	0.2	0.0771851781197681
1271.0	0	13	0.12415	1.6059839919890933	0.2	0.07730463106686006
1271.5	0	13	0.123975	1.6012459376033357	0.2	0.077424084013952
1272.0	0	13	0.1238	1.5965224808122207	0.2	0.07754353696104394
1272.5	0	13	0.123625	1.5918135542583483	0.2	0.07766298990813587
1273.0	0	13	0.12345	1.5871190909980895	0.2	0.07778244285522781
1273.5	0	13	0.123275	1.5824390244984146	0.2	0.07790189580231975
1274.0	0	13	0.1231	1.57777328863375	0.2	0.07802134874941168
1274.5	0	13	0.122925	1.5731218176828636	0.2	0.07814080169650364
1275.0	0	13	0.12275	1.56848454632578	0.2	0.07826025464359555
1275.5	0	13	0.12257499999999999	1.5638614096407195	0.2	0.07837970759068752
1276.0	0	13	0.1224	1.559252343101074	0.2	0.07849916053777946
1276.5	0	13	0.122225	1.5546572825723999	0.2	0.0786186134848714
1277.0	0	13	0.12204999999999999	1.550076164309445	0.2	0.07873806643196334
1277.5	0	13	0.121875	1.545508924953202	0.2	0.07885751937905527
1278.0	0	13	0.1217	1.5409555015279854	0.2	0.07897697232614721
1278.5	0	13	0.121525	1.536415831438539	0.2	0.07909642527323914
1279.0	0	13	0.12135	1.531889852467166	0.2	0.0792158782203311
1279.5	0	13	0.121175	1.5273775027708882	0.2	0.07933533116742303
1280.0	0	13	0.121	1.5228787208786265	0.2	0.079454784114515
1280.5	0	13	0.120825	1.5183934456884136	0.2	0.07957423706160692
1281.0	0	13	0.12065	1.5139216164646234	0.2	0.07969369000869887
1281.5	0	13	0.120475	1.509463172835233	0.2	0.07981314295579078
1282.0	0	13	0.12029999999999999	1.5050180547891028	0.2	0.07993259590288275
1282.5	0	13	0.120125	1.5005862026732872	0.2	0.08005204884997467
1283.0	0	13	0.11995	1.4961675571903637	0.2	0.08017150179706661
1283.5	0	13	0.11977499999999999	1.4917620593957879	0.2	0.08029095474415857
1284.0	0	13	0.1196	1.4873696506952763	0.2	0.08041040769125049
1284.5	0	13	0.119425	1.4829902728422024	0.2	0.08052986063834244
1285.0	0	13	0.11925	1.478623867935028	0.2	0.08064931358543438
1285.5	0	13	0.119075	1.474270378414748	0.2	0.08076876653252632
1286.0	0	13	0.1189	1.469929747062361	0.2	0.08088821947961826
1286.5	0	13	0.118725	1.4656019169963643	0.2	0.08100767242671021
1287.0	0	13	0.11855	1.461286831670269	0.2	0.08112712537380214
1287.5	0	13	0.118375	1.4569844348701346	0.2	0.08124657832089409
1288.0	0	13	0.1182	1.452694670712132	0.2	0.08136603126798603
1288.5	0	13	0.11802499999999999	1.4484174836401207	0.2	0.08148548421507795
1289.0	0	13	0.11785	1.4441528184232515	0.2	0.0816049371621699
1289.5	0	13	0.117675	1.4399006201535895	0.2	0.08172439010926184
1290.0	0	13	0.1175	1.4356608342437571	0.2	0.08184384305635377
1290.5	0	13	0.117325	1.4314334064245986	0.2	0.08196329600344572
1291.0	0	13	0.11715	1.4272182827428643	0.2	0.08208274895053766
1291.5	0	13	0.116975	1.423015409558915	0.2	0.0822022018976296
1292.0	0	13	0.1168	1.4188247335444475	0.2	0.08232165484472154
1292.5	0	13	0.116625	1.4146462016802377	0.2	0.08244110779181349
1293.0	0	13	0.11645	1.410479761253907	0.2	0.08256056073890541
1293.5	0	13	0.11627499999999999	1.4063253598577021	0.2	0.08268001368599737
1294.0	0	13	0.11610000000000001	1.4021829453863022	0.2	0.0827994666330893
1294.5	0	13	0.115925	1.3980524660346354	0.2	0.08291891958018124
1295.0	0	13	0.11574999999999999	1.3939338702957236	0.2	0.08303837252727318
1295.5	0	13	0.115575	1.3898271069585393	0.2	0.08315782547436512
1296.0	0	13	0.1154	1.3857321251058832	0.2	0.08327727842145706
1296.5	0	13	0.115225	1.38164887411228	0.2	0.083396731368549
1297.0	0	13	0.11505	1.3775773036418928	0.2	0.08351618431564095
1297.5	0	13	0.114875	1.3735173636464542	0.2	0.08363563726273288
1298.0	0	13	0.1147	1.3694690043632143	0.2	0.08375509020982481
1298.5	0	13	0.114525	1.3654321763129105	0.2	0.08387454315691677
1299.0	0	13	0.11435000000000001	1.3614068302977493	0.2	0.08399399610400872
1299.5	0	13	0.114175	1.3573929173994084	0.2	0.08411344905110064
1300.0	0	13	0.11399999999999999	1.3533903889770547	0.2	0.08423290199819258
1300.5	0	13	0.11382500000000001	1.3527956799966196	0.2	0.0841405702894353
1301.0	0	13	0.11365	1.3521996643737775	0.2	0.08404823858067803
1301.5	0	13	0.11347499999999999	1.3516023377975324	0.2	0.08395590687192074
1302.0	0	13	0.1133	1.3510036959379033	0.2	0.08386357516316346
1302.5	0	13	0.113125	1.3504037344458193	0.2	0.08377124345440617
1303.0	0	13	0.11295	1.3498024489530136	0.2	0.08367891174564891
1303.5	0	13	0.112775	1.3491998350719197	0.2	0.08358658003689164
1304.0	0	13	0.1126	1.3485958883955618	0.2	0.08349424832813436
1304.5	0	13	0.112425	1.3479906044974497	0.2	0.08340191661937707
1305.0	0	13	0.11225	1.3473839789314694	0.2	0.0833095849106198
1305.5	0	13	0.11207500000000001	1.3467760072317745	0.2	0.08321725320186252
1306.0	0	13	0.1119	1.3461666849126768	0.2	0.08312492149310524
1306.5	0	13	0.11172499999999999	1.345556007468536	0.2	0.08303258978434797
1307.0	0	13	0.11155	1.3449439703736483	0.2	0.08294025807559069
1307.5	0	13	0.111375	1.3443305690821354	0.2	0.0828479263668334
1308.0	0	13	0.1112	1.3437157990278301	0.2	0.08275559465807614
1308.5	0	13	0.111025	1.3430996556241657	0.2	0.08266326294931885
1309.0	0	13	0.11085	1.3424821342640596	0.2	0.08257093124056157
1309.5	0	13	0.110675	1.3418632303197993	0.2	0.0824785995318043
1310.0	0	13	0.1105	1.3412429391429277	0.2	0.08238626782304703
1310.5	0	13	0.110325	1.3406212560641257	0.2	0.08229393611428973
1311.0	0	13	0.11015	1.339998176393094	0.2	0.08220160440553245
1311.5	0	13	0.109975	1.3393736954184379	0.2	0.08210927269677518
1312.0	0	13	0.10980000000000001	1.3387478084075461	0.2	0.0820169409880179
1312.5	0	13	0.109625	1.3381205106064726	0.2	0.08192460927926062
1313.0	0	13	0.10944999999999999	1.337491797239816	0.2	0.08183227757050335
1313.5	0	13	0.109275	1.3368616635105972	0.2	0.08173994586174606
1314.0	0	13	0.1091	1.3362301046001392	0.2	0.08164761415298878
1314.5	0	13	0.108925	1.3355971156679427	0.2	0.08155528244423149
1315.0	0	13	0.10875	1.3349626918515638	0.2	0.08146295073547423
1315.5	0	13	0.108575	1.3343268282664884	0.2	0.08137061902671695
1316.0	0	13	0.1084	1.3336895200060073	0.2	0.08127828731795968
1316.5	0	13	0.108225	1.3330507621410908	0.2	0.08118595560920239
1317.0	0	13	0.10805000000000001	1.332410549720259	0.2	0.08109362390044511
1317.5	0	13	0.107875	1.3317688777694572	0.2	0.08100129219168782
1318.0	0	13	0.10769999999999999	1.3311257412919248	0.2	0.08090896048293056
1318.5	0	13	0.10752500000000001	1.3304811352680672	0.2	0.08081662877417327
1319.0	0	13	0.10735	1.3298350546553228	0.2	0.080724297065416
1319.5	0	13	0.10717499999999999	1.3291874943880344	0.2	0.08063196535665872
1320.0	0	13	0.107	1.328538449377315	0.2	0.08053963364790144
1320.5	0	13	0.106825	1.3278879145109146	0.2	0.08044730193914416
1321.0	0	13	0.10665	1.3272358846530867	0.2	0.0803549702303869
1321.5	0	13	0.106475	1.326582354644453	0.2	0.08026263852162963
1322.0	0	13	0.1063	1.325927319301867	0.2	0.08017030681287232
1322.5	0	13	0.106125	1.325270773418276	0.2	0.08007797510411503
1323.0	0	13	0.10595	1.3246127117625857	0.2	0.07998564339535777
1323.5	0	13	0.10577500000000001	1.3239531290795188	0.2	0.0798933116866005
1324.0	0	13	0.1056	1.3232920200894762	0.2	0.07980097997784322
1324.5	0	13	0.10542499999999999	1.3226293794883965	0.2	0.07970864826908594
1325.0	0	13	0.10525000000000001	1.3219652019476136	0.2	0.07961631656032866
1325.5	0	13	0.105075	1.3212994821137127	0.2	0.07952398485157137
1326.0	0	13	0.1049	1.320632214608389	0.2	0.0794316531428141
1326.5	0	13	0.104725	1.3199633940283013	0.2	0.07933932143405682
1327.0	0	13	0.10455	1.319293014944926	0.2	0.07924698972529955
1327.5	0	13	0.104375	1.3186210719044102	0.2	0.07915465801654227
1328.0	0	13	0.1042	1.3179475594274261	0.2	0.07906232630778498
1328.5	0	13	0.104025	1.3172724720090179	0.2	0.07896999459902769
1329.0	0	13	0.10385	1.316595804118455	0.2	0.07887766289027043
1329.5	0	13	0.103675	1.3159175501990803	0.2	0.07878533118151315
1330.0	0	13	0.10350000000000001	1.315237704668158	0.2	0.07869299947275588
1330.5	0	13	0.103325	1.3145562619167195	0.2	0.07860066776399861
1331.0	0	13	0.10314999999999999	1.313873216309411	0.2	0.07850833605524132
1331.5	0	13	0.10297500000000001	1.313188562184336	0.2	0.07841600434648403
1332.0	0	13	0.1028	1.3125022938529003	0.2	0.07832367263772674
1332.5	0	13	0.102625	1.3118144055996541	0.2	0.07823134092896948
1333.0	0	13	0.10245	1.311124891682134	0.2	0.07813900922021219
1333.5	0	13	0.102275	1.3104337463307016	0.2	0.07804667751145493
1334.0	0	13	0.1021	1.309740963748384	0.2	0.07795434580269764
1334.5	0	13	0.101925	1.3090465381107108	0.2	0.07786201409394036
1335.0	0	13	0.10175000000000001	1.3083504635655516	0.2	0.07776968238518309
1335.5	0	13	0.101575	1.3076527342329514	0.2	0.0776773506764258
1336.0	0	13	0.1014	1.3069533442049646	0.2	0.07758501896766853
1336.5	0	13	0.10122500000000001	1.3062522875454892	0.2	0.07749268725891126
1337.0	0	13	0.10105	1.3055495582900973	0.2	0.07740035555015397
1337.5	0	13	0.10087499999999999	1.3048451504458678	0.2	0.07730802384139669
1338.0	0	13	0.10070000000000001	1.3041390579912147	0.2	0.07721569213263942
1338.5	0	13	0.100525	1.3034312748757155	0.2	0.07712336042388214
1339.0	0	13	0.10035	1.30272179501994	0.2	0.07703102871512486
1339.5	0	13	0.100175	1.302010612315274	0.2	0.07693869700636759
1340.0	0	13	0.1	1.301297720623746	0.2	0.0768463652976103
1340.5	0	13	0.099825	1.300583113777848	0.2	0.07675403358885302
1341.0	0	13	0.09965	1.2998667855803614	0.2	0.07666170188009575
1341.5	0	13	0.09947500000000001	1.2991487298041744	0.2	0.07656937017133847
1342.0	0	13	0.0993	1.298428940192103	0.2	0.07647703846258119
1342.5	0	13	0.099125	1.2977074104567101	0.2	0.07638470675382392
1343.0	0	13	0.09895000000000001	1.2969841342801205	0.2	0.07629237504506663
1343.5	0	13	0.098775	1.2962591053138375	0.2	0.07620004333630935
1344.0	0	13	0.0986	1.2955323171785575	0.2	0.07610771162755209
1344.5	0	13	0.098425	1.2948037634639833	0.2	0.0760153799187948
1345.0	0	13	0.09825	1.2940734377286331	0.2	0.07592304821003752
1345.5	0	13	0.098075	1.293341333499654	0.2	0.07583071650128023
1346.0	0	13	0.0979	1.2926074442726283	0.2	0.07573838479252296
1346.5	0	13	0.097725	1.2918717635113823	0.2	0.07564605308376568
1347.0	0	13	0.09755	1.2911342846477911	0.2	0.0755537213750084
1347.5	0	13	0.097375	1.2903950010815846	0.2	0.07546138966625113
1348.0	0	13	0.09720000000000001	1.2896539061801493	0.2	0.07536905795749385
1348.5	0	13	0.097025	1.28891099327833	0.2	0.07527672624873658
1349.0	0	13	0.09685	1.2881662556782316	0.2	0.07518439453997929
1349.5	0	13	0.09667500000000001	1.2874196866490153	0.2	0.07509206283122201
1350.0	0	13	0.0965	1.2866712794266975	0.2	0.07499973112246473
1350.5	0	13	0.096325	1.2859210272139456	0.2	0.07490739941370746
1351.0	0	13	0.09615	1.2851689231798715	0.2	0.07481506770495017
1351.5	0	13	0.095975	1.2844149604598245	0.2	0.0747227359961929
1352.0	0	13	0.0958	1.2836591321551822	0.2	0.07463040428743561
1352.5	0	13	0.095625	1.2829014313331413	0.2	0.07453807257867834
1353.0	0	13	0.09545000000000001	1.2821418510265035	0.2	0.07444574086992105
1353.5	0	13	0.095275	1.281380384233464	0.2	0.07435340916116379
1354.0	0	13	0.0951	1.2806170239173953	0.2	0.07426107745240651
1354.5	0	13	0.09492500000000001	1.2798517630066306	0.2	0.07416874574364923
1355.0	0	13	0.09475	1.2790845943942462	0.2	0.07407641403489194
1355.5	0	13	0.09457499999999999	1.2783155109378392	0.2	0.07398408232613467
1356.0	0	13	0.09440000000000001	1.2775445054593093	0.2	0.07389175061737739
1356.5	0	13	0.094225	1.276771570744632	0.2	0.07379941890862012
1357.0	0	13	0.09405	1.2759966995436365	0.2	0.07370708719986284
1357.5	0	13	0.093875	1.2752198845697773	0.2	0.07361475549110555
1358.0	0	13	0.0937	1.2744411184999058	0.2	0.07352242378234827
1358.5	0	13	0.093525	1.2736603939740407	0.2	0.073430092073591
1359.0	0	13	0.09335	1.272877703595137	0.2	0.07333776036483372
1359.5	0	13	0.09317500000000001	1.2720930399288504	0.2	0.07324542865607643
1360.0	0	13	0.093	1.2713063955033028	0.2	0.07315309694731917
1360.5	0	13	0.092825	1.2705177628088467	0.2	0.07306076523856189
1361.0	0	13	0.09265000000000001	1.2697271342978234	0.2	0.0729684335298046
1361.5	0	13	0.092475	1.2689345023843237	0.2	0.07287610182104733
1362.0	0	13	0.0923	1.2681398594439461	0.2	0.07278377011229005
1362.5	0	13	0.09212500000000001	1.2673431978135512	0.2	0.07269143840353277
1363.0	0	13	0.09195	1.2665445097910146	0.2	0.0725991066947755
1363.5	0	13	0.091775	1.265743787634981	0.2	0.07250677498601822
1364.0	0	13	0.0916	1.2649410235646124	0.2	0.07241444327726093
1364.5	0	13	0.091425	1.2641362097593356	0.2	0.07232211156850366
1365.0	0	13	0.09125	1.26332933835859	0.2	0.07222977985974638
1365.5	0	13	0.091075	1.2625204014615707	0.2	0.0721374481509891
1366.0	0	13	0.09090000000000001	1.2617093911269706	0.2	0.07204511644223183
1366.5	0	13	0.090725	1.2608962993727202	0.2	0.07195278473347454
1367.0	0	13	0.09055	1.2600811181757268	0.2	0.07186045302471725
1367.5	0	13	0.09037500000000001	1.2592638394716091	0.2	0.07176812131595998
1368.0	0	13	0.0902	1.2584444551544332	0.2	0.07167578960720271
1368.5	0	13	0.090025	1.2576229570764428	0.2	0.07158345789844545
1369.0	0	13	0.08985000000000001	1.2567993370477908	0.2	0.07149112618968814
1369.5	0	13	0.089675	1.2559735868362643	0.2	0.07139879448093087
1370.0	0	13	0.0895	1.2551456981670137	0.2	0.07130646277217359
1370.5	0	13	0.089325	1.2543156627222753	0.2	0.07121413106341631
1371.0	0	13	0.08915000000000001	1.2534834721410908	0.2	0.07112179935465904
1371.5	0	13	0.088975	1.2526491180190291	0.2	0.07102946764590175
1372.0	0	13	0.0888	1.2518125919079017	0.2	0.0709371359371445
1372.5	0	13	0.08862500000000001	1.250973885315479	0.2	0.0708448042283872
1373.0	0	13	0.08845	1.2501329897052007	0.2	0.07075247251962992
1373.5	0	13	0.088275	1.2492898964958887	0.2	0.07066014081087264
1374.0	0	13	0.08810000000000001	1.2484445970614537	0.2	0.07056780910211537
1374.5	0	13	0.087925	1.2475970827306013	0.2	0.07047547739335809
1375.0	0	13	0.08775	1.246747344786536	0.2	0.0703831456846008
1375.5	0	13	0.08757500000000001	1.2458953744666614	0.2	0.07029081397584354
1376.0	0	13	0.0874	1.2450411629622793	0.2	0.07019848226708625
1376.5	0	13	0.087225	1.244184701418287	0.2	0.07010615055832897
1377.0	0	13	0.08705	1.24332598093287	0.2	0.0700138188495717
1377.5	0	13	0.08687500000000001	1.2424649925571951	0.2	0.06992148714081442
1378.0	0	13	0.0867	1.2416017272950977	0.2	0.06982915543205714
1378.5	0	13	0.086525	1.2407361761027702	0.2	0.06973682372329984
1379.0	0	13	0.08635000000000001	1.2398683298884445	0.2	0.06964449201454258
1379.5	0	13	0.086175	1.238998179512075	0.2	0.06955216030578532
1380.0	0	13	0.08600000000000001	1.2381257157850183	0.2	0.06945982859702803
1380.5	0	13	0.085825	1.2372509294697072	0.2	0.06936749688827075
1381.0	0	13	0.08565	1.2363738112793274	0.2	0.06927516517951345
1381.5	0	13	0.08547500000000001	1.2354943518774868	0.2	0.06918283347075618
1382.0	0	13	0.0853	1.2346125418778855	0.2	0.06909050176199891
1382.5	0	13	0.085125	1.2337283718439822	0.2	0.06899817005324163
1383.0	0	13	0.08495	1.2328418322886556	0.2	0.06890583834448435
1383.5	0	13	0.084775	1.2319529136738676	0.2	0.06881350663572708
1384.0	0	13	0.08460000000000001	1.2310616064103195	0.2	0.0687211749269698
1384.5	0	13	0.084425	1.2301679008571071	0.2	0.06862884321821251
1385.0	0	13	0.08425	1.2292717873213748	0.2	0.06853651150945522
1385.5	0	13	0.08407500000000001	1.228373256057963	0.2	0.06844417980069796
1386.0	0	13	0.0839	1.2274722972690564	0.2	0.0683518480919407
1386.5	0	13	0.08372500000000001	1.226568901103828	0.2	0.0682595163831834
1387.0	0	13	0.08355	1.225663057658078	0.2	0.06816718467442612
1387.5	0	13	0.083375	1.2247547569738748	0.2	0.06807485296566884
1388.0	0	13	0.08320000000000001	1.2238439890391875	0.2	0.06798252125691157
1388.5	0	13	0.083025	1.2229307437875194	0.2	0.06789018954815429
1389.0	0	13	0.08285000000000001	1.2220150110975374	0.2	0.06779785783939701
1389.5	0	13	0.082675	1.221096780792697	0.2	0.06770552613063974
1390.0	0	13	0.0825	1.2201760426408659	0.2	0.06761319442188246
1390.5	0	13	0.08232500000000001	1.2192527863539444	0.2	0.06752086271312517
1391.0	0	13	0.08215	1.2183270015874805	0.2	0.0674285310043679
1391.5	0	13	0.081975	1.2173986779402863	0.2	0.06733619929561062
1392.0	0	13	0.08180000000000001	1.216467804954046	0.2	0.06724386758685334
1392.5	0	13	0.081625	1.2155343721129244	0.2	0.06715153587809605
1393.0	0	13	0.08145000000000001	1.2145983688431703	0.2	0.06705920416933878
1393.5	0	13	0.081275	1.2136597845127177	0.2	0.0669668724605815
1394.0	0	13	0.0811	1.2127186084307837	0.2	0.06687454075182422
1394.5	0	13	0.08092500000000001	1.2117748298474609	0.2	0.06678220904306695
1395.0	0	13	0.08075	1.2108284379533096	0.2	0.06668987733430966
1395.5	0	13	0.08057500000000001	1.2098794218789453	0.2	0.0665975456255524
1396.0	0	13	0.0804	1.2089277706946209	0.2	0.06650521391679512
1396.5	0	13	0.080225	1.2079734734098095	0.2	0.06641288220803784
1397.0	0	13	0.08005000000000001	1.2070165189727788	0.2	0.06632055049928055
1397.5	0	13	0.079875	1.206056896270166	0.2	0.06622821879052328
1398.0	0	13	0.07970000000000001	1.205094594126548	0.2	0.06613588708176599
1398.5	0	13	0.079525	1.2041296013040057	0.2	0.0660435553730087
1399.0	0	13	0.07935	1.203161906501688	0.2	0.06595122366425143
1399.5	0	13	0.07917500000000001	1.202191498355371	0.2	0.06585889195549416
1400.0	0	13	0.079	1.2012183654370112	0.2	0.06576656024673688
1400.5	0	13	0.07891	1.2004038552541292	0.2	0.0657362100718133
1401.0	0	13	0.07882	1.1995885926109169	0.2	0.0657058598968897
1401.5	0	13	0.07873	1.198772576464186	0.2	0.0656755097219661
1402.0	0	13	0.07864	1.197955805768819	0.2	0.06564515954704252
1402.5	0	13	0.07855	1.1971382794777652	0.2	0.06561480937211893
1403.0	0	13	0.07846	1.1963199965420355	0.2	0.06558445919719534
1403.5	0	13	0.07837	1.195500955910698	0.2	0.06555410902227175
1404.0	0	13	0.07828	1.1946811565308741	0.2	0.06552375884734817
1404.5	0	13	0.07819	1.1938605973477332	0.2	0.06549340867242456
1405.0	0	13	0.0781	1.1930392773044882	0.2	0.06546305849750098
1405.5	0	13	0.07801	1.192217195342392	0.2	0.06543270832257739
1406.0	0	13	0.07792	1.1913943504007318	0.2	0.0654023581476538
1406.5	0	13	0.07783	1.190570741416825	0.2	0.06537200797273021
1407.0	0	13	0.07774	1.1897463673260151	0.2	0.06534165779780661
1407.5	0	13	0.07765	1.1889212270616656	0.2	0.06531130762288302
1408.0	0	13	0.07756	1.1880953195551576	0.2	0.06528095744795943
1408.5	0	13	0.07747	1.1872686437358828	0.2	0.06525060727303585
1409.0	0	13	0.07738	1.1864411985312413	0.2	0.06522025709811226
1409.5	0	13	0.07729	1.1856129828666349	0.2	0.06518990692318866
1410.0	0	13	0.0772	1.1847839956654636	0.2	0.06515955674826507
1410.5	0	13	0.07711	1.18395423584912	0.2	0.06512920657334148
1411.0	0	13	0.07702	1.1831237023369865	0.2	0.06509885639841789
1411.5	0	13	0.07693	1.1822923940464283	0.2	0.0650685062234943
1412.0	0	13	0.07684	1.1814603098927903	0.2	0.06503815604857072
1412.5	0	13	0.07675	1.1806274487893913	0.2	0.06500780587364711
1413.0	0	13	0.07666	1.1797938096475202	0.2	0.06497745569872353
1413.5	0	13	0.07657	1.1789593913764307	0.2	0.06494710552379994
1414.0	0	13	0.07648	1.178124192883337	0.2	0.06491675534887635
1414.5	0	13	0.07639	1.1772882130734081	0.2	0.06488640517395276
1415.0	0	13	0.0763	1.176451450849765	0.2	0.06485605499902916
1415.5	0	13	0.07621	1.1756139051134722	0.2	0.06482570482410556
1416.0	0	13	0.07612000000000001	1.1747755747635373	0.2	0.06479535464918199
1416.5	0	13	0.07603	1.1739364586969032	0.2	0.06476500447425841
1417.0	0	13	0.07594000000000001	1.173096555808445	0.2	0.06473465429933481
1417.5	0	13	0.07585	1.172255864990963	0.2	0.06470430412441122
1418.0	0	13	0.07576	1.1714143851351801	0.2	0.06467395394948762
1418.5	0	13	0.07567	1.170572115129736	0.2	0.06464360377456403
1419.0	0	13	0.07558	1.1697290538611815	0.2	0.06461325359964043
1419.5	0	13	0.07549	1.1688852002139754	0.2	0.06458290342471686
1420.0	0	13	0.0754	1.1680405530704778	0.2	0.06455255324979327
1420.5	0	13	0.07531	1.1671951113109467	0.2	0.06452220307486967
1421.0	0	13	0.07522	1.1663488738135308	0.2	0.06449185289994608
1421.5	0	13	0.07513	1.1655018394542678	0.2	0.06446150272502249
1422.0	0	13	0.07504	1.1646540071070761	0.2	0.0644311525500989
1422.5	0	13	0.07495	1.163805375643753	0.2	0.06440080237517531
1423.0	0	13	0.07486	1.1629559439339665	0.2	0.06437045220025171
1423.5	0	13	0.07477	1.1621057108452524	0.2	0.06434010202532812
1424.0	0	13	0.07468	1.1612546752430086	0.2	0.06430975185040454
1424.5	0	13	0.07459	1.1604028359904908	0.2	0.06427940167548095
1425.0	0	13	0.0745	1.1595501919488058	0.2	0.06424905150055736
1425.5	0	13	0.07441	1.158696741976908	0.2	0.06421870132563377
1426.0	0	13	0.07432	1.1578424849315938	0.2	0.06418835115071017
1426.5	0	13	0.07423	1.1569874196674959	0.2	0.06415800097578658
1427.0	0	13	0.07414	1.1561315450370788	0.2	0.064127650800863
1427.5	0	13	0.07405	1.1552748598906342	0.2	0.06409730062593941
1428.0	0	13	0.07396	1.1544173630762742	0.2	0.06406695045101582
1428.5	0	13	0.07387	1.1535590534399285	0.2	0.06403660027609222
1429.0	0	13	0.07378	1.1526999298253362	0.2	0.06400625010116863
1429.5	0	13	0.07369	1.1518399910740438	0.2	0.06397589992624504
1430.0	0	13	0.0736	1.1509792360253972	0.2	0.06394554975132147
1430.5	0	13	0.07351	1.150117663516539	0.2	0.06391519957639787
1431.0	0	13	0.07342	1.1492552723824012	0.2	0.06388484940147428
1431.5	0	13	0.07333	1.148392061455701	0.2	0.06385449922655069
1432.0	0	13	0.07324	1.147528029566935	0.2	0.06382414905162709
1432.5	0	13	0.07315	1.1466631755443748	0.2	0.0637937988767035
1433.0	0	13	0.07306	1.1457974982140604	0.2	0.06376344870177991
1433.5	0	13	0.07297000000000001	1.1449309963997965	0.2	0.06373309852685632
1434.0	0	13	0.07288	1.1440636689231454	0.2	0.06370274835193272
1434.5	0	13	0.07279	1.1431955146034227	0.2	0.06367239817700913
1435.0	0	13	0.0727	1.1423265322576928	0.2	0.06364204800208553
1435.5	0	13	0.07261	1.1414567207007607	0.2	0.06361169782716196
1436.0	0	13	0.07252	1.1405860787451703	0.2	0.06358134765223837
1436.5	0	13	0.07243	1.139714605201196	0.2	0.06355099747731476
1437.0	0	13	0.07234	1.138842298876838	0.2	0.06352064730239118
1437.5	0	13	0.07225	1.1379691585778187	0.2	0.0634902971274676
1438.0	0	13	0.07216	1.1370951831075746	0.2	0.063459946952544
1438.5	0	13	0.07207	1.1362203712672525	0.2	0.06342959677762042
1439.0	0	13	0.07198	1.1353447218557038	0.2	0.06339924660269683
1439.5	0	13	0.07189	1.134468233669478	0.2	0.06336889642777323
1440.0	0	13	0.0718	1.133590905502819	0.2	0.06333854625284964
1440.5	0	13	0.07171	1.1327127361476572	0.2	0.06330819607792605
1441.0	0	13	0.07162	1.1318337243936067	0.2	0.06327784590300246
1441.5	0	13	0.07153	1.1309538690279572	0.2	0.06324749572807888
1442.0	0	13	0.07144	1.1300731688356707	0.2	0.06321714555315527
1442.5	0	13	0.07135	1.129191622599373	0.2	0.06318679537823169
1443.0	0	13	0.07126	1.1283092290993517	0.2	0.0631564452033081
1443.5	0	13	0.07117	1.1274259871135472	0.2	0.06312609502838451
1444.0	0	13	0.07108	1.1265418954175501	0.2	0.06309574485346092
1444.5	0	13	0.07099	1.1256569527845925	0.2	0.06306539467853733
1445.0	0	13	0.0709	1.1247711579855453	0.2	0.06303504450361375
1445.5	0	13	0.07081	1.1238845097889094	0.2	0.06300469432869014
1446.0	0	13	0.07072	1.1229970069608128	0.2	0.06297434415376656
1446.5	0	13	0.07063	1.1221086482650033	0.2	0.06294399397884297
1447.0	0	13	0.07054	1.121219432462844	0.2	0.06291364380391938
1447.5	0	13	0.07045	1.1203293583133054	0.2	0.06288329362899577
1448.0	0	13	0.07036	1.1194384245729614	0.2	0.0628529434540722
1448.5	0	13	0.07027	1.1185466299959836	0.2	0.0628225932791486
1449.0	0	13	0.07018	1.1176539733341346	0.2	0.06279224310422502
1449.5	0	13	0.07009	1.1167604533367623	0.2	0.06276189292930143
1450.0	0	13	0.07	1.1158660687507949	0.2	0.06273154275437784
1450.5	0	13	0.06991	1.1149708183207336	0.2	0.06270119257945424
1451.0	0	13	0.06982	1.114074700788648	0.2	0.06267084240453065
1451.5	0	13	0.06973	1.11317771489417	0.2	0.06264049222960706
1452.0	0	13	0.06964000000000001	1.1122798593744874	0.2	0.06261014205468347
1452.5	0	13	0.06955	1.1113811329643377	0.2	0.06257979187975989
1453.0	0	13	0.06946	1.110481534396004	0.2	0.06254944170483628
1453.5	0	13	0.06937	1.1095810623993063	0.2	0.0625190915299127
1454.0	0	13	0.06928	1.1086797157015977	0.2	0.06248874135498911
1454.5	0	13	0.06919	1.1077774930277577	0.2	0.06245839118006552
1455.0	0	13	0.0691	1.106874393100186	0.2	0.06242804100514192
1455.5	0	13	0.06901	1.1059704146387965	0.2	0.06239769083021834
1456.0	0	13	0.06892	1.105065556361011	0.2	0.062367340655294756
1456.5	0	13	0.06883	1.1041598169817548	0.2	0.062336990480371154
1457.0	0	13	0.06874	1.1032531952134474	0.2	0.062306640305447566
1457.5	0	13	0.06865	1.1023456897660002	0.2	0.06227629013052398
1458.0	0	13	0.06856	1.1014372993468071	0.2	0.06224593995560038
1458.5	0	13	0.06847	1.1005280226607403	0.2	0.0622155897806768
1459.0	0	13	0.06838	1.099617858410144	0.2	0.062185239605753194
1459.5	0	13	0.06829	1.0987068052948268	0.2	0.06215488943082962
1460.0	0	13	0.0682	1.0977948620120574	0.2	0.06212453925590602
1460.5	0	13	0.06811	1.0968820272565576	0.2	0.06209418908098242
1461.0	0	13	0.06802	1.0959682997204947	0.2	0.06206383890605884
1461.5	0	13	0.06793	1.0950536780934785	0.2	0.06203348873113524
1462.0	0	13	0.06784	1.0941381610625514	0.2	0.06200313855621165
1462.5	0	13	0.06775	1.0932217473121848	0.2	0.061972788381288064
1463.0	0	13	0.06766	1.0923044355242713	0.2	0.06194243820636447
1463.5	0	13	0.06757	1.0913862243781192	0.2	0.06191208803144088
1464.0	0	13	0.06748	1.0904671125504453	0.2	0.061881737856517294
1464.5	0	13	0.06739	1.0895470987153701	0.2	0.061851387681593706
1465.0	0	13	0.0673	1.0886261815444094	0.2	0.06182103750667011
1465.5	0	13	0.06721	1.0877043597064693	0.2	0.06179068733174653
1466.0	0	13	0.06712	1.0867816318678396	0.2	0.061760337156822935
1466.5	0	13	0.06703	1.085857996692187	0.2	0.06172998698189935
1467.0	0	13	0.06694	1.0849334528405485	0.2	0.06169963680697575
1467.5	0	13	0.06684999999999999	1.0840079989713256	0.2	0.06166928663205217
1468.0	0	13	0.06676	1.083081633740278	0.2	0.061638936457128576
1468.5	0	13	0.06667000000000001	1.0821543558005156	0.2	0.06160858628220498
1469.0	0	13	0.06658	1.0812261638024927	0.2	0.061578236107281394
1469.5	0	13	0.06649	1.0802970563940029	0.2	0.0615478859323578
1470.0	0	13	0.0664	1.0793670322201707	0.2	0.06151753575743421
1470.5	0	13	0.06631	1.0784360899234453	0.2	0.06148718558251062
1471.0	0	13	0.06622	1.0775042281435945	0.2	0.061456835407587035
1471.5	0	13	0.06613	1.0765714455176978	0.2	0.06142648523266343
1472.0	0	13	0.06604	1.0756377406801396	0.2	0.061396135057739845
1472.5	0	13	0.06595	1.0747031122626025	0.2	0.06136578488281626
1473.0	0	13	0.06586	1.0737675588940614	0.2	0.061335434707892676
1473.5	0	13	0.06577	1.0728310792007756	0.2	0.06130508453296908
1474.0	0	13	0.06568	1.0718936718062833	0.2	0.06127473435804549
1474.5	0	13	0.06559	1.0709553353313934	0.2	0.0612443841831219
1475.0	0	13	0.0655	1.0700160683941804	0.2	0.061214034008198304
1475.5	0	13	0.06541	1.069075869609976	0.2	0.06118368383327471
1476.0	0	13	0.06532	1.068134737591364	0.2	0.06115333365835113
1476.5	0	13	0.06523	1.0671926709481714	0.2	0.06112298348342753
1477.0	0	13	0.06514	1.066249668287464	0.2	0.06109263330850394
1477.5	0	13	0.06505	1.065305728213537	0.2	0.06106228313358035
1478.0	0	13	0.06496	1.0643608493279104	0.2	0.06103193295865677
1478.5	0	13	0.06487	1.0634150302293204	0.2	0.06100158278373317
1479.0	0	13	0.06478	1.0624682695137133	0.2	0.06097123260880958
1479.5	0	13	0.06469	1.0615205657742384	0.2	0.060940882433885984
1480.0	0	13	0.0646	1.060571917601241	0.2	0.06091053225896241
1480.5	0	13	0.06451	1.0596223235822555	0.2	0.0608801820840388
1481.0	0	13	0.06442	1.058671782301998	0.2	0.06084983190911523
1481.5	0	13	0.06433	1.05772029234236	0.2	0.06081948173419163
1482.0	0	13	0.06424	1.0567678522824009	0.2	0.06078913155926804
1482.5	0	13	0.06415	1.0558144606983404	0.2	0.06075878138434445
1483.0	0	13	0.06406	1.0548601161635527	0.2	0.06072843120942086
1483.5	0	13	0.06397	1.053904817248558	0.2	0.06069808103449727
1484.0	0	13	0.06387999999999999	1.052948562521016	0.2	0.06066773085957368
1484.5	0	13	0.06379	1.05199135054572	0.2	0.0606373806846501
1485.0	0	13	0.0637	1.0510331798845867	0.2	0.0606070305097265
1485.5	0	13	0.06361	1.0500740490966516	0.2	0.060576680334802915
1486.0	0	13	0.06352	1.0491139567380612	0.2	0.06054633015987931
1486.5	0	13	0.06343	1.048152901362065	0.2	0.06051597998495573
1487.0	0	13	0.06334000000000001	1.047190881519009	0.2	0.060485629810032145
1487.5	0	13	0.06325	1.046227895756328	0.2	0.06045527963510854
1488.0	0	13	0.06316	1.0452639426185384	0.2	0.060424929460184955
1488.5	0	13	0.06307	1.0442990206472313	0.2	0.06039457928526136
1489.0	0	13	0.06298000000000001	1.043333128381064	0.2	0.06036422911033778
1489.5	0	13	0.06289	1.042366264355754	0.2	0.060333878935414184
1490.0	0	13	0.0628	1.0413984271040708	0.2	0.06030352876049059
1490.5	0	13	0.06271	1.0404296151558285	0.2	0.060273178585567
1491.0	0	13	0.06262	1.0394598270378785	0.2	0.06024282841064341
1491.5	0	13	0.06253	1.0384890612741025	0.2	0.060212478235719825
1492.0	0	13	0.062439999999999996	1.0375173163854035	0.2	0.06018212806079624
1492.5	0	13	0.06235	1.0365445908897006	0.2	0.06015177788587264
1493.0	0	13	0.062259999999999996	1.0355708833019193	0.2	0.06012142771094905
1493.5	0	13	0.06217	1.0345961921339852	0.2	0.06009107753602546
1494.0	0	13	0.062079999999999996	1.033620515894816	0.2	0.06006072736110186
1494.5	0	13	0.06199	1.0326438530903137	0.2	0.060030377186178284
1495.0	0	13	0.0619	1.0316662022233576	0.2	0.06000002701125469
1495.5	0	13	0.061810000000000004	1.0306875617937963	0.2	0.0599696768363311
1496.0	0	13	0.06172	1.0297079302984395	0.2	0.059939326661407506
1496.5	0	13	0.061630000000000004	1.0287273062310516	0.2	0.05990897648648391
1497.0	0	13	0.06154	1.0277456880823421	0.2	0.059878626311560317
1497.5	0	13	0.061450000000000005	1.02676307433996	0.2	0.059848276136636736
1498.0	0	13	0.06136	1.0257794634884845	0.2	0.05981792596171315
1498.5	0	13	0.06127	1.0247948540094178	0.2	0.059787575786789546
1499.0	0	13	0.06118	1.0238092443811768	0.2	0.059757225611865965
1499.5	0	13	0.06109	1.0228226330790864	0.2	0.05972687543694237
1500.0	0	13	0.061	1.02183501857537	0.2	0.05969652526201878
1500.5	0	13	0.06091	1.0199284624373761	0.2	0.05971987471988006
1501.0	0	13	0.06082	1.0180233965789185	0.2	0.05974322417774133
1501.5	0	13	0.06073	1.0161198192533405	0.2	0.05976657363560262
1502.0	0	13	0.06064	1.0142177287167147	0.2	0.0597899230934639
1502.5	0	13	0.06055	1.012317123227836	0.2	0.05981327255132518
1503.0	0	13	0.06046	1.0104180010482182	0.2	0.059836622009186456
1503.5	0	13	0.06037	1.0085203604420865	0.2	0.05985997146704774
1504.0	0	13	0.06028	1.0066241996763738	0.2	0.05988332092490903
1504.5	0	13	0.06019	1.0047295170207156	0.2	0.0599066703827703
1505.0	0	13	0.0601	1.0028363107474425	0.2	0.05993001984063158
1505.5	0	13	0.06001	1.000944579131578	0.2	0.05995336929849285
1506.0	1	13	0.05992	0.9990543204508311	0.2	0.059976718756354144
1506.5	1	13	0.05983	0.9971655329855922	0.2	0.06000006821421541
1507.0	1	13	0.05974	0.9952782150189268	0.2	0.060023417672076695
1507.5	1	13	0.059649999999999995	0.9933923648365715	0.2	0.06004676712993798
1508.0	1	13	0.05956	0.9915079807269284	0.2	0.060070116587799254
1508.5	1	13	0.059469999999999995	0.9896250609810588	0.2	0.060093466045660536
1509.0	1	13	0.05938	0.9877436038926805	0.2	0.06011681550352181
1509.5	1	13	0.059289999999999995	0.9858636077581596	0.2	0.06014016496138309
1510.0	1	13	0.0592	0.9839850708765083	0.2	0.06016351441924437
1510.5	1	13	0.059109999999999996	0.9821079915493772	0.2	0.06018686387710565
1511.0	1	13	0.05902	0.9802323680810525	0.2	0.06021021333496693
1511.5	1	13	0.058929999999999996	0.9783581987784488	0.2	0.06023356279282821
1512.0	1	13	0.05884	0.9764854819511055	0.2	0.06025691225068949
1512.5	1	13	0.05875	0.974614215911181	0.2	0.060280261708550775
1513.0	1	13	0.058660000000000004	0.9727443989734481	0.2	0.060303611166412044
1513.5	1	13	0.05857	0.9708760294552882	0.2	0.06032696062427332
1514.0	1	13	0.058480000000000004	0.969009105676687	0.2	0.06035031008213461
1514.5	1	13	0.05839	0.967143625960229	0.2	0.0603736595399959
1515.0	1	13	0.058300000000000005	0.9652795886310933	0.2	0.06039700899785716
1515.5	1	13	0.05821	0.9634169920170467	0.2	0.06042035845571845
1516.0	1	13	0.05812	0.9615558344484412	0.2	0.06044370791357972
1516.5	1	13	0.05803	0.9596961142582069	0.2	0.060467057371441
1517.0	1	13	0.05794	0.9578378297818484	0.2	0.060490406829302276
1517.5	1	13	0.05785	0.9559809793574389	0.2	0.06051375628716356
1518.0	1	13	0.05776	0.9541255613256159	0.2	0.06053710574502484
1518.5	1	13	0.05767	0.9522715740295761	0.2	0.06056045520288612
1519.0	1	13	0.05758	0.9504190158150699	0.2	0.060583804660747406
1519.5	1	13	0.05749	0.9485678850303978	0.2	0.06060715411860868
1520.0	1	13	0.0574	0.9467181800264036	0.2	0.06063050357646996
1520.5	1	13	0.05731	0.9448698991564715	0.2	0.06065385303433124
1521.0	1	13	0.05722	0.9430230407765195	0.2	0.06067720249219252
1521.5	1	13	0.05713	0.9411776032449959	0.2	0.060700551950053805
1522.0	1	13	0.05704	0.9393335849228736	0.2	0.06072390140791508
1522.5	1	13	0.05695	0.9374909841736452	0.2	0.06074725086577637
1523.0	1	13	0.05686	0.9356497993633189	0.2	0.060770600323637645
1523.5	1	13	0.05677	0.9338100288604129	0.2	0.06079394978149893
1524.0	1	13	0.056679999999999994	0.931971671035951	0.2	0.06081729923936019
1524.5	1	13	0.05659	0.9301347242634578	0.2	0.06084064869722148
1525.0	1	13	0.056499999999999995	0.9282991869189533	0.2	0.060863998155082755
1525.5	1	13	0.05641	0.9264650573809493	0.2	0.06088734761294404
1526.0	1	13	0.056319999999999995	0.9246323340304431	0.2	0.06091069707080532
1526.5	1	13	0.05623	0.9228010152509146	0.2	0.06093404652866659
1527.0	1	13	0.056139999999999995	0.9209710994283192	0.2	0.060957395986527885
1527.5	1	13	0.05605	0.9191425849510859	0.2	0.06098074544438915
1528.0	1	13	0.055959999999999996	0.9173154702101094	0.2	0.061004094902250436
1528.5	1	13	0.05587	0.9154897535987485	0.2	0.061027444360111704
1529.0	1	13	0.055779999999999996	0.9136654335128185	0.2	0.061050793817973
1529.5	1	13	0.05569	0.9118425083505893	0.2	0.06107414327583427
1530.0	1	13	0.0556	0.9100209765127782	0.2	0.061097492733695545
1530.5	1	13	0.055510000000000004	0.908200836402547	0.2	0.061120842191556835
1531.0	1	13	0.05542	0.9063820864254963	0.2	0.06114419164941811
1531.5	1	13	0.055330000000000004	0.9045647249896616	0.2	0.06116754110727939
1532.0	1	13	0.05524	0.9027487505055077	0.2	0.06119089056514067
1532.5	1	13	0.05515	0.9009341613859252	0.2	0.061214240023001944
1533.0	1	13	0.05506	0.899120956046225	0.2	0.061237589480863226
1533.5	1	13	0.05497	0.8973091329041342	0.2	0.0612609389387245
1534.0	1	13	0.05488	0.895498690379791	0.2	0.061284288396585784
1534.5	1	13	0.05479	0.8936896268957408	0.2	0.061307637854447074
1535.0	1	13	0.0547	0.891881940876931	0.2	0.06133098731230835
1535.5	1	13	0.05461	0.8900756307507066	0.2	0.061354336770169625
1536.0	1	13	0.05452	0.8882706949468057	0.2	0.06137768622803091
1536.5	1	13	0.05443	0.8864671318973552	0.2	0.06140103568589218
1537.0	1	13	0.05434	0.8846649400368656	0.2	0.06142438514375347
1537.5	1	13	0.05425	0.8828641178022273	0.2	0.06144773460161474
1538.0	1	13	0.05416	0.8810646636327054	0.2	0.06147108405947602
1538.5	1	13	0.05407	0.8792665759699353	0.2	0.06149443351733731
1539.0	1	13	0.05398	0.8774698532579189	0.2	0.061517782975198575
1539.5	1	13	0.05389	0.8756744939430189	0.2	0.06154113243305986
1540.0	1	13	0.0538	0.8738804964739553	0.2	0.06156448189092115
1540.5	1	13	0.05371	0.8720878593018008	0.2	0.06158783134878242
1541.0	1	13	0.05362	0.8702965808799757	0.2	0.061611180806643705
1541.5	1	13	0.053529999999999994	0.8685066596642443	0.2	0.06163453026450497
1542.0	1	13	0.05344	0.8667180941127101	0.2	0.06165787972236626
1542.5	1	13	0.053349999999999995	0.8649308826858108	0.2	0.061681229180227545
1543.0	1	13	0.05326	0.8631450238463151	0.2	0.06170457863808882
1543.5	1	13	0.053169999999999995	0.861360516059317	0.2	0.06172792809595011
1544.0	1	13	0.05308	0.8595773577922329	0.2	0.061751277553811386
1544.5	1	13	0.052989999999999995	0.857795547514795	0.2	0.06177462701167266
1545.0	1	13	0.0529	0.8560150836990498	0.2	0.06179797646953394
1545.5	1	13	0.052809999999999996	0.8542359648193507	0.2	0.06182132592739521
1546.0	1	13	0.05272	0.8524581893523565	0.2	0.0618446753852565
1546.5	1	13	0.052629999999999996	0.8506817557770244	0.2	0.06186802484311777
1547.0	1	13	0.05254	0.8489066625746081	0.2	0.06189137430097906
1547.5	1	13	0.05245	0.8471329082286515	0.2	0.06191472375884033
1548.0	1	13	0.052360000000000004	0.8453604912249856	0.2	0.061938073216701625
1548.5	1	13	0.05227	0.8435894100517235	0.2	0.0619614226745629
1549.0	1	13	0.052180000000000004	0.8418196631992569	0.2	0.06198477213242417
1549.5	1	13	0.05209	0.8400512491602505	0.2	0.06200812159028546
1550.0	1	13	0.052	0.8382841664296394	0.2	0.062031471048146734
1550.5	1	13	0.05191	0.8365184135046234	0.2	0.06205482050600802
1551.0	1	13	0.05182	0.8347539888846635	0.2	0.0620781699638693
1551.5	1	13	0.05173	0.8329908910714772	0.2	0.06210151942173058
1552.0	1	13	0.05164	0.8312291185690349	0.2	0.062124868879591844
1552.5	1	13	0.05155	0.8294686698835548	0.2	0.062148218337453126
1553.0	1	13	0.05146	0.8277095435234996	0.2	0.06217156779531441
1553.5	1	13	0.05137	0.8259517379995716	0.2	0.06219491725317569
1554.0	1	13	0.05128	0.8241952518247085	0.2	0.062218266711036974
1554.5	1	13	0.05119	0.8224400835140802	0.2	0.06224161616889825
1555.0	1	13	0.0511	0.8206862315850829	0.2	0.06226496562675953
1555.5	1	13	0.05101	0.8189336945573367	0.2	0.0622883150846208
1556.0	1	13	0.05092	0.8171824709526798	0.2	0.06231166454248209
1556.5	1	13	0.05083	0.8154325592951661	0.2	0.062335014000343365
1557.0	1	13	0.05074	0.8136839581110593	0.2	0.06235836345820465
1557.5	1	13	0.05065	0.8119366659288301	0.2	0.06238171291606592
1558.0	1	13	0.050559999999999994	0.810190681279151	0.2	0.062405062373927206
1558.5	1	13	0.05047	0.8084460026948935	0.2	0.06242841183178849
1559.0	1	13	0.050379999999999994	0.8067026287111226	0.2	0.06245176128964977
1559.5	1	13	0.05029	0.8049605578650937	0.2	0.062475110747511046
1560.0	1	13	0.050199999999999995	0.8032197886962475	0.2	0.06249846020537232
1560.5	1	13	0.05011	0.8014803197462076	0.2	0.0625218096632336
1561.0	1	13	0.050019999999999995	0.7997421495587742	0.2	0.06254515912109489
1561.5	1	13	0.04993	0.7980052766799222	0.2	0.06256850857895617
1562.0	1	13	0.049839999999999995	0.7962696996577955	0.2	0.06259185803681744
1562.5	1	13	0.04975	0.794535417042704	0.2	0.06261520749467872
1563.0	1	13	0.049659999999999996	0.7928024273871187	0.2	0.06263855695254
1563.5	1	13	0.04957	0.7910707292456689	0.2	0.06266190641040129
1564.0	1	13	0.049479999999999996	0.7893403211751369	0.2	0.06268525586826255
1564.5	1	13	0.04939	0.7876112017344544	0.2	0.06270860532612384
1565.0	1	13	0.0493	0.7858833694846988	0.2	0.06273195478398512
1565.5	1	13	0.049210000000000004	0.7841568229890895	0.2	0.0627553042418464
1566.0	1	13	0.04912	0.7824315608129824	0.2	0.06277865369970768
1566.5	1	13	0.04903	0.7807075815238683	0.2	0.06280200315756895
1567.0	1	13	0.04894	0.7789848836913663	0.2	0.06282535261543024
1567.5	1	13	0.04885	0.777263465887222	0.2	0.06284870207329152
1568.0	1	13	0.04876	0.7755433266853023	0.2	0.0628720515311528
1568.5	1	13	0.04867	0.7738244646615922	0.2	0.06289540098901408
1569.0	1	13	0.04858	0.7721068783941903	0.2	0.06291875044687535
1569.5	1	13	0.04849	0.7703905664633051	0.2	0.06294209990473663
1570.0	1	13	0.0484	0.7686755274512511	0.2	0.06296544936259792
1570.5	1	13	0.04831	0.7669617599424451	0.2	0.0629887988204592
1571.0	1	13	0.04822	0.7652492625234021	0.2	0.06301214827832047
1571.5	1	13	0.04813	0.7635380337827309	0.2	0.06303549773618175
1572.0	1	13	0.04804	0.7618280723111314	0.2	0.06305884719404303
1572.5	1	13	0.04795	0.7601193767013897	0.2	0.06308219665190432
1573.0	1	13	0.04786	0.7584119455483748	0.2	0.0631055461097656
1573.5	1	13	0.04777	0.7567057774490346	0.2	0.06312889556762687
1574.0	1	13	0.04768	0.7550008710023915	0.2	0.06315224502548815
1574.5	1	13	0.04759	0.7532972248095399	0.2	0.06317559448334942
1575.0	1	13	0.0475	0.7515948374736408	0.2	0.06319894394121071
1575.5	1	13	0.04741	0.7498937075999192	0.2	0.063222293399072
1576.0	1	13	0.04732	0.7481938337956601	0.2	0.06324564285693327
1576.5	1	13	0.04723	0.7464952146702033	0.2	0.06326899231479455
1577.0	1	13	0.04714	0.744797848834942	0.2	0.06329234177265582
1577.5	1	13	0.04705	0.743101734903317	0.2	0.06331569123051711
1578.0	1	13	0.04696	0.7414068714908142	0.2	0.06333904068837838
1578.5	1	13	0.04687	0.7397132572149596	0.2	0.06336239014623966
1579.0	1	13	0.04678	0.7380208906953168	0.2	0.06338573960410095
1579.5	1	13	0.046689999999999995	0.7363297705534827	0.2	0.06340908906196223
1580.0	1	13	0.046599999999999996	0.7346398954130835	0.2	0.06343243851982351
1580.5	1	13	0.046509999999999996	0.7329512638997717	0.2	0.06345578797768478
1581.0	1	13	0.046419999999999996	0.731263874641221	0.2	0.06347913743554606
1581.5	1	13	0.046329999999999996	0.7295777262671244	0.2	0.06350248689340734
1582.0	1	13	0.046239999999999996	0.727892817409189	0.2	0.06352583635126863
1582.5	1	13	0.04615	0.7262091467011332	0.2	0.06354918580912991
1583.0	1	13	0.04606	0.7245267127786827	0.2	0.06357253526699118
1583.5	1	13	0.04597	0.7228455142795663	0.2	0.06359588472485246
1584.0	1	13	0.04588	0.7211655498435133	0.2	0.06361923418271374
1584.5	1	13	0.04579	0.719486818112249	0.2	0.06364258364057503
1585.0	1	13	0.0457	0.7178093177294913	0.2	0.0636659330984363
1585.5	1	13	0.04561	0.716133047340947	0.2	0.06368928255629758
1586.0	1	13	0.04552	0.714458005594308	0.2	0.06371263201415885
1586.5	1	13	0.04543	0.7127841911392484	0.2	0.06373598147202014
1587.0	1	13	0.04534	0.7111116026274198	0.2	0.06375933092988142
1587.5	1	13	0.04525	0.7094402387124488	0.2	0.0637826803877427
1588.0	1	13	0.04516	0.7077700980499317	0.2	0.06380602984560398
1588.5	1	13	0.04507	0.7061011792974333	0.2	0.06382937930346526
1589.0	1	13	0.04498	0.704433481114481	0.2	0.06385272876132654
1589.5	1	13	0.04489	0.7027670021625629	0.2	0.06387607821918781
1590.0	1	13	0.0448	0.7011017411051229	0.2	0.06389942767704909
1590.5	1	13	0.04471	0.6994376966075582	0.2	0.06392277713491037
1591.0	1	13	0.04462	0.697774867337215	0.2	0.06394612659277166
1591.5	1	13	0.04453	0.6961132519633855	0.2	0.06396947605063294
1592.0	1	13	0.04444	0.694452849157304	0.2	0.06399282550849421
1592.5	1	13	0.04435	0.692793657592143	0.2	0.06401617496635549
1593.0	1	13	0.04426	0.6911356759430106	0.2	0.06403952442421677
1593.5	1	13	0.04417	0.6894789028869466	0.2	0.06406287388207806
1594.0	1	13	0.04408	0.6878233371029182	0.2	0.06408622333993934
1594.5	1	13	0.04399	0.6861689772718179	0.2	0.0641095727978006
1595.0	1	13	0.0439	0.6845158220764586	0.2	0.06413292225566189
1595.5	1	13	0.04381	0.6828638702015709	0.2	0.06415627171352317
1596.0	1	13	0.04372	0.6812131203337998	0.2	0.06417962117138445
1596.5	1	13	0.043629999999999995	0.6795635711617004	0.2	0.06420297062924574
1597.0	1	13	0.043539999999999995	0.6779152213757356	0.2	0.064226320087107
1597.5	1	13	0.043449999999999996	0.6762680696682709	0.2	0.06424966954496829
1598.0	1	13	0.043359999999999996	0.6746221147335728	0.2	0.06427301900282957
1598.5	1	13	0.043269999999999996	0.6729773552678043	0.2	0.06429636846069085
1599.0	1	13	0.043179999999999996	0.6713337899690218	0.2	0.06431971791855212
1599.5	1	13	0.043089999999999996	0.669691417537171	0.2	0.0643430673764134
1600.0	1	13	0.043	0.6680502366740847	0.2	0.06436641683427469
800.0	0	13	0.631	4.469392856600322	0.3	0.1411824872517416
800.5	0	13	0.6301325	4.469149701648976	0.3	0.1409960601157533
801.0	0	13	0.629265	4.468905902839959	0.3	0.140809632979765
801.5	0	13	0.6283975	4.4686614576125425	0.3	0.14062320584377674
802.0	0	13	0.62753	4.468416363392405	0.3	0.14043677870778845
802.5	0	13	0.6266625	4.468170617591533	0.3	0.14025035157180016
803.0	0	13	0.625795	4.467924217608137	0.3	0.14006392443581187
803.5	0	13	0.6249275	4.467677160826555	0.3	0.1398774972998236
804.0	0	13	0.6240600000000001	4.467429444617164	0.3	0.13969107016383533
804.5	0	13	0.6231925	4.467181066336282	0.3	0.13950464302784701
805.0	0	13	0.622325	4.46693202332608	0.3	0.13931821589185872
805.5	0	13	0.6214575	4.466682312914478	0.3	0.13913178875587046
806.0	0	13	0.62059	4.4664319324150625	0.3	0.13894536161988216
806.5	0	13	0.6197225	4.466180879126979	0.3	0.13875893448389387
807.0	0	13	0.618855	4.465929150334837	0.3	0.1385725073479056
807.5	0	13	0.6179875	4.4656767433086175	0.3	0.1383860802119173
808.0	0	13	0.61712	4.465423655303568	0.3	0.13819965307592902
808.5	0	13	0.6162525	4.465169883560108	0.3	0.13801322593994073
809.0	0	13	0.615385	4.464915425303723	0.3	0.13782679880395243
809.5	0	13	0.6145175	4.46466027774487	0.3	0.13764037166796417
810.0	0	13	0.61365	4.464404438078871	0.3	0.13745394453197587
810.5	0	13	0.6127825	4.46414790348581	0.3	0.13726751739598758
811.0	0	13	0.611915	4.463890671130434	0.3	0.13708109025999932
811.5	0	13	0.6110475	4.463632738162044	0.3	0.13689466312401105
812.0	0	13	0.6101800000000001	4.4633741017143915	0.3	0.13670823598802276
812.5	0	13	0.6093125	4.46311475890557	0.3	0.13652180885203444
813.0	0	13	0.608445	4.462854706837913	0.3	0.13633538171604614
813.5	0	13	0.6075775	4.462593942597879	0.3	0.13614895458005788
814.0	0	13	0.60671	4.462332463255952	0.3	0.1359625274440696
814.5	0	13	0.6058425	4.462070265866522	0.3	0.1357761003080813
815.0	0	13	0.604975	4.461807347467783	0.3	0.13558967317209306
815.5	0	13	0.6041075	4.461543705081613	0.3	0.13540324603610474
816.0	0	13	0.60324	4.46127933571347	0.3	0.13521681890011644
816.5	0	13	0.6023725	4.46101423635227	0.3	0.13503039176412815
817.0	0	13	0.601505	4.460748403970282	0.3	0.13484396462813986
817.5	0	13	0.6006375	4.460481835523004	0.3	0.1346575374921516
818.0	0	13	0.59977	4.460214527949054	0.3	0.1344711103561633
818.5	0	13	0.5989025	4.459946478170048	0.3	0.134284683220175
819.0	0	13	0.598035	4.459677683090481	0.3	0.13409825608418674
819.5	0	13	0.5971675	4.459408139597617	0.3	0.13391182894819845
820.0	0	13	0.5963	4.459137844561356	0.3	0.13372540181221015
820.5	0	13	0.5954325	4.45886679483412	0.3	0.13353897467622186
821.0	0	13	0.594565	4.45859498725073	0.3	0.13335254754023357
821.5	0	13	0.5936975	4.458322418628282	0.3	0.13316612040424533
822.0	0	13	0.59283	4.458049085766028	0.3	0.132979693268257
822.5	0	13	0.5919625	4.457774985445239	0.3	0.13279326613226872
823.0	0	13	0.591095	4.45750011442909	0.3	0.13260683899628045
823.5	0	13	0.5902275	4.457224469462527	0.3	0.13242041186029216
824.0	0	13	0.58936	4.456948047272139	0.3	0.1322339847243039
824.5	0	13	0.5884925	4.456670844566031	0.3	0.13204755758831557
825.0	0	13	0.587625	4.45639285803369	0.3	0.13186113045232728
825.5	0	13	0.5867575	4.456114084345854	0.3	0.13167470331633901
826.0	0	13	0.58589	4.455834520154383	0.3	0.13148827618035072
826.5	0	13	0.5850225	4.455554162092118	0.3	0.13130184904436243
827.0	0	13	0.584155	4.455273006772751	0.3	0.13111542190837416
827.5	0	13	0.5832875	4.454991050790689	0.3	0.13092899477238587
828.0	0	13	0.58242	4.454708290720913	0.3	0.13074256763639758
828.5	0	13	0.5815525	4.45442472311884	0.3	0.13055614050040928
829.0	0	13	0.580685	4.454140344520186	0.3	0.13036971336442096
829.5	0	13	0.5798175	4.453855151440821	0.3	0.13018328622843275
830.0	0	13	0.57895	4.453569140376632	0.3	0.12999685909244443
830.5	0	13	0.5780825	4.453282307803375	0.3	0.12981043195645614
831.0	0	13	0.577215	4.452994650176529	0.3	0.12962400482046788
831.5	0	13	0.5763475	4.452706163931156	0.3	0.12943757768447958
832.0	0	13	0.57548	4.452416845481747	0.3	0.1292511505484913
832.5	0	13	0.5746125	4.45212669122208	0.3	0.129064723412503
833.0	0	13	0.573745	4.451835697525066	0.3	0.1288782962765147
833.5	0	13	0.5728775	4.451543860742596	0.3	0.12869186914052644
834.0	0	13	0.57201	4.451251177205395	0.3	0.12850544200453815
834.5	0	13	0.5711425	4.4509576432228615	0.3	0.12831901486854985
835.0	0	13	0.570275	4.450663255082917	0.3	0.1281325877325616
835.5	0	13	0.5694075	4.450368009051848	0.3	0.1279461605965733
836.0	0	13	0.56854	4.45007190137415	0.3	0.127759733460585
836.5	0	13	0.5676725	4.449774928272359	0.3	0.1275733063245967
837.0	0	13	0.566805	4.449477085946906	0.3	0.12738687918860842
837.5	0	13	0.5659375	4.449178370575944	0.3	0.12720045205262015
838.0	0	13	0.56507	4.448878778315188	0.3	0.12701402491663186
838.5	0	13	0.5642024999999999	4.448578305297749	0.3	0.12682759778064356
839.0	0	13	0.563335	4.44827694763397	0.3	0.1266411706446553
839.5	0	13	0.5624675	4.447974701411256	0.3	0.126454743508667
840.0	0	13	0.5616	4.447671562693903	0.3	0.1262683163726787
840.5	0	13	0.5607325	4.447367527522931	0.3	0.12608188923669042
841.0	0	13	0.5598650000000001	4.4470625919159135	0.3	0.12589546210070213
841.5	0	13	0.5589975	4.4467567518667925	0.3	0.12570903496471386
842.0	0	13	0.55813	4.446450003345718	0.3	0.12552260782872557
842.5	0	13	0.5572625	4.4461423422988595	0.3	0.12533618069273728
843.0	0	13	0.556395	4.445833764648232	0.3	0.125149753556749
843.5	0	13	0.5555275	4.445524266291519	0.3	0.12496332642076072
844.0	0	13	0.55466	4.445213843101885	0.3	0.12477689928477241
844.5	0	13	0.5537925	4.44490249092779	0.3	0.12459047214878413
845.0	0	13	0.552925	4.444590205592814	0.3	0.12440404501279585
845.5	0	13	0.5520575	4.444276982895464	0.3	0.12421761787680756
846.0	0	13	0.55119	4.443962818608986	0.3	0.12403119074081928
846.5	0	13	0.5503225	4.443647708481175	0.3	0.12384476360483099
847.0	0	13	0.549455	4.4433316482341825	0.3	0.12365833646884271
847.5	0	13	0.5485875	4.443014633564327	0.3	0.12347190933285443
848.0	0	13	0.54772	4.442696660141893	0.3	0.12328548219686614
848.5	0	13	0.5468525	4.442377723610938	0.3	0.12309905506087783
849.0	0	13	0.5459849999999999	4.442057819589089	0.3	0.12291262792488956
849.5	0	13	0.5451175	4.441736943667351	0.3	0.12272620078890129
850.0	0	13	0.54425	4.441415091409892	0.3	0.12253977365291298
850.5	0	13	0.5433825	4.441092258353848	0.3	0.12235334651692469
851.0	0	13	0.542515	4.440768440009112	0.3	0.12216691938093642
851.5	0	13	0.5416475	4.4404436318581295	0.3	0.12198049224494814
852.0	0	13	0.54078	4.440117829355687	0.3	0.12179406510895985
852.5	0	13	0.5399125	4.439791027928695	0.3	0.12160763797297156
853.0	0	13	0.539045	4.439463222975982	0.3	0.12142121083698328
853.5	0	13	0.5381775	4.439134409868074	0.3	0.121234783700995
854.0	0	13	0.53731	4.438804583946977	0.3	0.1210483565650067
854.5	0	13	0.5364424999999999	4.43847374052596	0.3	0.12086192942901841
855.0	0	13	0.535575	4.438141874889327	0.3	0.12067550229303013
855.5	0	13	0.5347075	4.437808982292197	0.3	0.12048907515704185
856.0	0	13	0.53384	4.437475057960281	0.3	0.12030264802105356
856.5	0	13	0.5329725	4.437140097089647	0.3	0.12011622088506527
857.0	0	13	0.532105	4.436804094846493	0.3	0.11992979374907697
857.5	0	13	0.5312375	4.4364670463669125	0.3	0.11974336661308871
858.0	0	13	0.53037	4.436128946756667	0.3	0.1195569394771004
858.5	0	13	0.5295025	4.435789791090938	0.3	0.11937051234111211
859.0	0	13	0.528635	4.435449574414097	0.3	0.11918408520512384
859.5	0	13	0.5277675	4.435108291739458	0.3	0.11899765806913556
860.0	0	13	0.5269	4.434765938049041	0.3	0.11881123093314727
860.5	0	13	0.5260325	4.434422508293315	0.3	0.11862480379715898
861.0	0	13	0.525165	4.43407799739096	0.3	0.1184383766611707
861.5	0	13	0.5242975	4.433732400228614	0.3	0.11825194952518242
862.0	0	13	0.52343	4.433385711660617	0.3	0.11806552238919414
862.5	0	13	0.5225625	4.433037926508758	0.3	0.11787909525320585
863.0	0	13	0.521695	4.432689039562015	0.3	0.11769266811721754
863.5	0	13	0.5208275	4.432339045576296	0.3	0.11750624098122926
864.0	0	13	0.51996	4.43198793927418	0.3	0.117319813845241
864.5	0	13	0.5190925	4.431635715344645	0.3	0.11713338670925269
865.0	0	13	0.5182249999999999	4.431282368442804	0.3	0.11694695957326441
865.5	0	13	0.5173575	4.430927893189636	0.3	0.11676053243727613
866.0	0	13	0.51649	4.430572284171707	0.3	0.11657410530128785
866.5	0	13	0.5156225	4.430215535940904	0.3	0.11638767816529956
867.0	0	13	0.514755	4.429857643014146	0.3	0.11620125102931128
867.5	0	13	0.5138875	4.429498599873114	0.3	0.116014823893323
868.0	0	13	0.51302	4.429138400963955	0.3	0.11582839675733471
868.5	0	13	0.5121525	4.4287770406970095	0.3	0.1156419696213464
869.0	0	13	0.511285	4.428414513446509	0.3	0.11545554248535814
869.5	0	13	0.5104175	4.428050813550295	0.3	0.11526911534936984
870.0	0	13	0.50955	4.427685935309518	0.3	0.11508268821338155
870.5	0	13	0.5086825	4.427319872988342	0.3	0.11489626107739324
871.0	0	13	0.507815	4.426952620813639	0.3	0.11470983394140497
871.5	0	13	0.5069475	4.426584172974694	0.3	0.11452340680541671
872.0	0	13	0.50608	4.426214523622898	0.3	0.1143369796694284
872.5	0	13	0.5052125	4.425843666871426	0.3	0.11415055253344011
873.0	0	13	0.504345	4.4254715967949405	0.3	0.11396412539745183
873.5	0	13	0.5034775	4.425098307429265	0.3	0.11377769826146356
874.0	0	13	0.50261	4.424723792771071	0.3	0.11359127112547528
874.5	0	13	0.5017425	4.424348046777554	0.3	0.11340484398948698
875.0	0	13	0.500875	4.423971063366109	0.3	0.11321841685349869
875.5	0	13	0.5000074999999999	4.423592836414	0.3	0.11303198971751041
876.0	0	13	0.49914000000000003	4.4232133597580345	0.3	0.11284556258152212
876.5	0	13	0.4982725	4.4228326271942215	0.3	0.11265913544553383
877.0	0	13	0.497405	4.422450632477437	0.3	0.11247270830954555
877.5	0	13	0.49653749999999997	4.422067369321084	0.3	0.11228628117355727
878.0	0	13	0.49567	4.421682831396747	0.3	0.11209985403756897
878.5	0	13	0.4948025	4.421297012333837	0.3	0.11191342690158068
879.0	0	13	0.493935	4.4209099057192525	0.3	0.11172699976559239
879.5	0	13	0.4930675	4.42052150509701	0.3	0.11154057262960412
880.0	0	13	0.49219999999999997	4.420131803967898	0.3	0.11135414549361584
880.5	0	13	0.49133249999999995	4.419740795789106	0.3	0.11116771835762755
881.0	0	13	0.490465	4.4193484739738595	0.3	0.11098129122163927
881.5	0	13	0.4895975	4.418954831891054	0.3	0.11079486408565098
882.0	0	13	0.48873	4.4185598628648775	0.3	0.11060843694966267
882.5	0	13	0.4878625	4.418163560174435	0.3	0.11042200981367438
883.0	0	13	0.48699499999999996	4.417765917053364	0.3	0.11023558267768611
883.5	0	13	0.4861275	4.417366926689459	0.3	0.11004915554169784
884.0	0	13	0.48526	4.416966582224269	0.3	0.10986272840570954
884.5	0	13	0.4843925	4.416564876752714	0.3	0.10967630126972125
885.0	0	13	0.483525	4.416161803322685	0.3	0.10948987413373298
885.5	0	13	0.48265749999999996	4.415757354934642	0.3	0.10930344699774469
886.0	0	13	0.48179	4.415351524541213	0.3	0.10911701986175641
886.5	0	13	0.4809225	4.414944305046779	0.3	0.1089305927257681
887.0	0	13	0.480055	4.414535689307062	0.3	0.10874416558977983
887.5	0	13	0.4791875	4.414125670128711	0.3	0.10855773845379156
888.0	0	13	0.47831999999999997	4.413714240268877	0.3	0.10837131131780324
888.5	0	13	0.47745249999999995	4.413301392434786	0.3	0.10818488418181495
889.0	0	13	0.476585	4.412887119283306	0.3	0.10799845704582668
889.5	0	13	0.4757175	4.41247141342052	0.3	0.1078120299098384
890.0	0	13	0.47485	4.412054267401276	0.3	0.10762560277385012
890.5	0	13	0.4739825	4.41163567372875	0.3	0.10743917563786182
891.0	0	13	0.47311499999999995	4.41121562485399	0.3	0.10725274850187354
891.5	0	13	0.4722475	4.410794113175473	0.3	0.10706632136588526
892.0	0	13	0.47138	4.410371131038632	0.3	0.10687989422989697
892.5	0	13	0.4705125	4.409946670735405	0.3	0.10669346709390866
893.0	0	13	0.469645	4.40952072450376	0.3	0.10650703995792038
893.5	0	13	0.46877749999999996	4.409093284527224	0.3	0.10632061282193211
894.0	0	13	0.46791	4.408664342934408	0.3	0.10613418568594384
894.5	0	13	0.46704249999999997	4.408233891798516	0.3	0.10594775854995553
895.0	0	13	0.466175	4.407801923136863	0.3	0.10576133141396725
895.5	0	13	0.4653075	4.407368428910381	0.3	0.10557490427797897
896.0	0	13	0.46443999999999996	4.4069334010231165	0.3	0.10538847714199069
896.5	0	13	0.4635725	4.406496831321733	0.3	0.10520205000600238
897.0	0	13	0.462705	4.4060587115949925	0.3	0.1050156228700141
897.5	0	13	0.4618375	4.405619033573251	0.3	0.10482919573402584
898.0	0	13	0.46097	4.40517778892793	0.3	0.10464276859803752
898.5	0	13	0.46010249999999997	4.4047349692709945	0.3	0.10445634146204924
899.0	0	13	0.45923499999999995	4.404290566154421	0.3	0.10426991432606096
899.5	0	13	0.4583675	4.403844571069659	0.3	0.10408348719007267
900.0	0	13	0.4575	4.403396975447091	0.3	0.1038970600540844
900.5	0	13	0.4566325	4.394689844415175	0.3	0.10390551237200371
901.0	0	13	0.455765	4.385984129851965	0.3	0.10391396468992305
901.5	0	13	0.45489749999999995	4.3772798314118475	0.3	0.10392241700784237
902.0	0	13	0.45403	4.3685769487493165	0.3	0.1039308693257617
902.5	0	13	0.4531625	4.359875481518981	0.3	0.10393932164368101
903.0	0	13	0.452295	4.35117542937556	0.3	0.10394777396160035
903.5	0	13	0.4514275	4.342476791973886	0.3	0.10395622627951967
904.0	0	13	0.45055999999999996	4.333779568968905	0.3	0.10396467859743902
904.5	0	13	0.4496925	4.325083760015675	0.3	0.10397313091535833
905.0	0	13	0.448825	4.316389364769362	0.3	0.10398158323327766
905.5	0	13	0.4479575	4.307696382885252	0.3	0.10399003555119697
906.0	0	13	0.44709	4.299004814018734	0.3	0.10399848786911631
906.5	0	13	0.44622249999999997	4.290314657825316	0.3	0.10400694018703564
907.0	0	13	0.44535499999999995	4.281625913960615	0.3	0.10401539250495498
907.5	0	13	0.4444875	4.272938582080361	0.3	0.1040238448228743
908.0	0	13	0.44362	4.264252661840394	0.3	0.10403229714079362
908.5	0	13	0.4427525	4.255568152896667	0.3	0.10404074945871296
909.0	0	13	0.441885	4.2468850549052455	0.3	0.1040492017766323
909.5	0	13	0.44101749999999995	4.238203367522306	0.3	0.10405765409455162
910.0	0	13	0.44015	4.229523090404138	0.3	0.10406610641247095
910.5	0	13	0.4392825	4.22084422320714	0.3	0.10407455873039027
911.0	0	13	0.438415	4.212166765587824	0.3	0.1040830110483096
911.5	0	13	0.4375475	4.203490717202813	0.3	0.10409146336622893
912.0	0	13	0.43667999999999996	4.194816077708842	0.3	0.10409991568414825
912.5	0	13	0.4358125	4.186142846762758	0.3	0.10410836800206758
913.0	0	13	0.43494499999999997	4.177471024021517	0.3	0.1041168203199869
913.5	0	13	0.4340775	4.168800609142189	0.3	0.10412527263790623
914.0	0	13	0.43321	4.160131601781954	0.3	0.10413372495582555
914.5	0	13	0.43234249999999996	4.151464001598104	0.3	0.10414217727374486
915.0	0	13	0.43147499999999994	4.14279780824804	0.3	0.10415062959166421
915.5	0	13	0.4306075	4.134133021389279	0.3	0.10415908190958353
916.0	0	13	0.42974	4.125469640679444	0.3	0.10416753422750288
916.5	0	13	0.4288725	4.116807665776274	0.3	0.10417598654542218
917.0	0	13	0.42800499999999997	4.108147096337612	0.3	0.10418443886334153
917.5	0	13	0.42713749999999995	4.099487932021421	0.3	0.10419289118126084
918.0	0	13	0.42627	4.090830172485768	0.3	0.10420134349918017
918.5	0	13	0.4254025	4.082173817388834	0.3	0.1042097958170995
919.0	0	13	0.424535	4.07351886638891	0.3	0.10421824813501882
919.5	0	13	0.4236675	4.064865319144397	0.3	0.10422670045293816
920.0	0	13	0.42279999999999995	4.05621317531381	0.3	0.10423515277085749
920.5	0	13	0.4219325	4.047562434555773	0.3	0.1042436050887768
921.0	0	13	0.42106499999999997	4.038913096529017	0.3	0.10425205740669616
921.5	0	13	0.4201975	4.030265160892391	0.3	0.10426050972461545
922.0	0	13	0.41933	4.021618627304847	0.3	0.10426896204253479
922.5	0	13	0.41846249999999996	4.012973495425453	0.3	0.10427741436045412
923.0	0	13	0.41759499999999994	4.004329764913387	0.3	0.10428586667837343
923.5	0	13	0.4167275	3.995687435427934	0.3	0.1042943189962928
924.0	0	13	0.41586	3.9870465066284937	0.3	0.1043027713142121
924.5	0	13	0.4149925	3.978406978174572	0.3	0.10431122363213141
925.0	0	13	0.41412499999999997	3.969768849725788	0.3	0.10431967595005076
925.5	0	13	0.41325749999999994	3.9611321209418713	0.3	0.10432812826797008
926.0	0	13	0.41239	3.9524967914826608	0.3	0.10433658058588942
926.5	0	13	0.4115225	3.943862861008105	0.3	0.10434503290380875
927.0	0	13	0.410655	3.9352303291782635	0.3	0.10435348522172806
927.5	0	13	0.40978749999999997	3.9265991956533055	0.3	0.1043619375396474
928.0	0	13	0.40891999999999995	3.917969460093511	0.3	0.10437038985756672
928.5	0	13	0.4080525	3.9093411221592698	0.3	0.10437884217548606
929.0	0	13	0.407185	3.900714181511082	0.3	0.10438729449340538
929.5	0	13	0.4063175	3.8920886378095556	0.3	0.1043957468113247
930.0	0	13	0.40545	3.8834644907154106	0.3	0.10440419912924404
930.5	0	13	0.40458249999999996	3.8748417398894768	0.3	0.10441265144716336
931.0	0	13	0.403715	3.866220384992694	0.3	0.10442110376508268
931.5	0	13	0.40284749999999997	3.857600425686109	0.3	0.104429556083002
932.0	0	13	0.40198	3.848981861630883	0.3	0.10443800840092134
932.5	0	13	0.4011125	3.840364692488282	0.3	0.10444646071884066
933.0	0	13	0.40024499999999996	3.8317489179196857	0.3	0.10445491303675998
933.5	0	13	0.39937749999999994	3.8231345375865806	0.3	0.10446336535467932
934.0	0	13	0.39851	3.814521551150565	0.3	0.10447181767259865
934.5	0	13	0.3976425	3.8059099582733444	0.3	0.10448026999051797
935.0	0	13	0.396775	3.7972997586167345	0.3	0.10448872230843732
935.5	0	13	0.39590749999999997	3.788690951842662	0.3	0.10449717462635663
936.0	0	13	0.39503999999999995	3.7800835376131614	0.3	0.10450562694427595
936.5	0	13	0.3941725	3.7714775155903766	0.3	0.10451407926219528
937.0	0	13	0.393305	3.7628728854365616	0.3	0.10452253158011462
937.5	0	13	0.3924375	3.754269646814078	0.3	0.10453098389803393
938.0	0	13	0.39157	3.7456677993853993	0.3	0.10453943621595327
938.5	0	13	0.39070249999999995	3.737067342813105	0.3	0.10454788853387259
939.0	0	13	0.389835	3.728468276759887	0.3	0.10455634085179191
939.5	0	13	0.38896749999999997	3.7198706008885427	0.3	0.10456479316971125
940.0	0	13	0.3881	3.711274314861982	0.3	0.10457324548763058
940.5	0	13	0.3872325	3.7026794183432203	0.3	0.10458169780554992
941.0	0	13	0.38636499999999996	3.6940859109953856	0.3	0.10459015012346923
941.5	0	13	0.38549749999999994	3.6854937924817115	0.3	0.10459860244138855
942.0	0	13	0.38462999999999997	3.6769030624655437	0.3	0.10460705475930787
942.5	0	13	0.3837625	3.668313720610333	0.3	0.10461550707722721
943.0	0	13	0.382895	3.659725766579642	0.3	0.10462395939514654
943.5	0	13	0.38202749999999996	3.65113920003714	0.3	0.10463241171306586
944.0	0	13	0.38115999999999994	3.642554020646606	0.3	0.1046408640309852
944.5	0	13	0.3802925	3.6339702280719286	0.3	0.10464931634890452
945.0	0	13	0.37942499999999996	3.6253878219771023	0.3	0.10465776866682384
945.5	0	13	0.3785575	3.616806802026233	0.3	0.1046662209847432
946.0	0	13	0.37768999999999997	3.6082271678835327	0.3	0.10467467330266252
946.5	0	13	0.37682249999999995	3.599648919213323	0.3	0.10468312562058185
947.0	0	13	0.375955	3.5910720556800353	0.3	0.10469157793850116
947.5	0	13	0.37508749999999996	3.5824965769482056	0.3	0.1047000302564205
948.0	0	13	0.37422	3.5739224826824825	0.3	0.10470848257433982
948.5	0	13	0.3733525	3.565349772547619	0.3	0.10471693489225915
949.0	0	13	0.37248499999999996	3.5567784462084795	0.3	0.10472538721017846
949.5	0	13	0.3716175	3.5482085033300352	0.3	0.1047338395280978
950.0	0	13	0.37074999999999997	3.539639943577365	0.3	0.10474229184601713
950.5	0	13	0.36988249999999995	3.5310727666156567	0.3	0.10475074416393644
951.0	0	13	0.369015	3.5225069721102065	0.3	0.10475919648185578
951.5	0	13	0.36814749999999996	3.5139425597264164	0.3	0.1047676487997751
952.0	0	13	0.36728	3.5053795291297996	0.3	0.10477610111769445
952.5	0	13	0.3664125	3.496817879985975	0.3	0.10478455343561376
953.0	0	13	0.36554499999999995	3.4882576119606687	0.3	0.10479300575353309
953.5	0	13	0.3646775	3.4796987247197184	0.3	0.10480145807145241
954.0	0	13	0.36380999999999997	3.4711412179290644	0.3	0.10480991038937176
954.5	0	13	0.36294249999999995	3.4625850912547596	0.3	0.10481836270729109
955.0	0	13	0.362075	3.454030344362962	0.3	0.1048268150252104
955.5	0	13	0.36120749999999996	3.4454769769199363	0.3	0.10483526734312974
956.0	0	13	0.36034	3.4369249885920587	0.3	0.10484371966104905
956.5	0	13	0.3594725	3.4283743790458074	0.3	0.10485217197896839
957.0	0	13	0.35860499999999995	3.419825147947774	0.3	0.10486062429688772
957.5	0	13	0.3577375	3.411277294964654	0.3	0.10486907661480703
958.0	0	13	0.35686999999999997	3.40273081976325	0.3	0.10487752893272635
958.5	0	13	0.35600249999999994	3.3941857220104747	0.3	0.10488598125064569
959.0	0	13	0.355135	3.385642001373346	0.3	0.10489443356856501
959.5	0	13	0.35426749999999996	3.3770996575189898	0.3	0.10490288588648435
960.0	0	13	0.3534	3.36855869011464	0.3	0.10491133820440367
960.5	0	13	0.35253249999999997	3.360019098827635	0.3	0.104919790522323
961.0	0	13	0.35166499999999995	3.351480883325424	0.3	0.10492824284024234
961.5	0	13	0.3507975	3.3429440432755615	0.3	0.10493669515816166
962.0	0	13	0.34992999999999996	3.334408578345709	0.3	0.10494514747608098
962.5	0	13	0.3490625	3.325874488203636	0.3	0.1049535997940003
963.0	0	13	0.348195	3.3173417725172167	0.3	0.10496205211191965
963.5	0	13	0.34732749999999996	3.3088104309544355	0.3	0.10497050442983898
964.0	0	13	0.34646	3.300280463183382	0.3	0.1049789567477583
964.5	0	13	0.34559249999999997	3.2917518688722525	0.3	0.10498740906567763
965.0	0	13	0.34472499999999995	3.2832246476893503	0.3	0.10499586138359694
965.5	0	13	0.3438575	3.2746987993030863	0.3	0.10500431370151629
966.0	0	13	0.34298999999999996	3.266174323381977	0.3	0.10501276601943561
966.5	0	13	0.3421225	3.257651219594647	0.3	0.10502121833735494
967.0	0	13	0.341255	3.2491294876098253	0.3	0.10502967065527426
967.5	0	13	0.34038749999999995	3.2406091270963504	0.3	0.10503812297319358
968.0	0	13	0.33952	3.2320901377231652	0.3	0.10504657529111293
968.5	0	13	0.33865249999999997	3.22357251915932	0.3	0.10505502760903225
969.0	0	13	0.33778499999999995	3.2150562710739714	0.3	0.10506347992695156
969.5	0	13	0.3369175	3.206541393136383	0.3	0.1050719322448709
970.0	0	13	0.33604999999999996	3.1980278850159243	0.3	0.10508038456279022
970.5	0	13	0.3351825	3.1895157463820705	0.3	0.10508883688070955
971.0	0	13	0.334315	3.1810049769044046	0.3	0.10509728919862887
971.5	0	13	0.33344749999999995	3.172495576252615	0.3	0.1051057415165482
972.0	0	13	0.33258	3.1639875440964964	0.3	0.10511419383446753
972.5	0	13	0.33171249999999997	3.1554808801059493	0.3	0.10512264615238685
973.0	0	13	0.33084499999999994	3.146975583950981	0.3	0.1051310984703062
973.5	0	13	0.3299775	3.1384716553017067	0.3	0.10513955078822551
974.0	0	13	0.32910999999999996	3.1299690938283433	0.3	0.10514800310614483
974.5	0	13	0.3282425	3.121467899201217	0.3	0.10515645542406417
975.0	0	13	0.32737499999999997	3.112968071090759	0.3	0.10516490774198348
975.5	0	13	0.32650749999999995	3.1044696091675066	0.3	0.10517336005990281
976.0	0	13	0.32564	3.0959725131021036	0.3	0.10518181237782215
976.5	0	13	0.32477249999999996	3.0874767825652984	0.3	0.10519026469574147
977.0	0	13	0.32390499999999994	3.0789824172279454	0.3	0.1051987170136608
977.5	0	13	0.3230375	3.0704894167610073	0.3	0.10520716933158013
978.0	0	13	0.32216999999999996	3.0619977808355476	0.3	0.10521562164949946
978.5	0	13	0.3213025	3.053507509122741	0.3	0.10522407396741879
979.0	0	13	0.32043499999999997	3.0450186012938634	0.3	0.10523252628533811
979.5	0	13	0.31956749999999995	3.036531057020299	0.3	0.10524097860325744
980.0	0	13	0.3187	3.0280448759735363	0.3	0.10524943092117676
980.5	0	13	0.31783249999999996	3.0195600578251693	0.3	0.10525788323909611
981.0	0	13	0.31696499999999994	3.011076602246899	0.3	0.10526633555701542
981.5	0	13	0.3160975	3.002594508910531	0.3	0.10527478787493473
982.0	0	13	0.31522999999999995	2.9941137774879736	0.3	0.10528324019285408
982.5	0	13	0.3143625	2.9856344076512453	0.3	0.10529169251077339
983.0	0	13	0.31349499999999997	2.9771563990724657	0.3	0.10530014482869272
983.5	0	13	0.31262749999999995	2.9686797514238625	0.3	0.10530859714661205
984.0	0	13	0.31176	2.960204464377768	0.3	0.10531704946453138
984.5	0	13	0.31089249999999996	2.951730537606617	0.3	0.10532550178245072
985.0	0	13	0.31002499999999994	2.943257970782954	0.3	0.10533395410037004
985.5	0	13	0.3091575	2.9347867635794254	0.3	0.10534240641828937
986.0	0	13	0.30828999999999995	2.9263169156687834	0.3	0.1053508587362087
986.5	0	13	0.3074225	2.9178484267238862	0.3	0.105359311054128
987.0	0	13	0.30655499999999997	2.909381296417694	0.3	0.10536776337204735
987.5	0	13	0.30568749999999995	2.9009155244232763	0.3	0.10537621568996668
988.0	0	13	0.30482	2.892451110413804	0.3	0.10538466800788601
988.5	0	13	0.30395249999999996	2.8839880540625544	0.3	0.10539312032580532
989.0	0	13	0.30308499999999994	2.875526355042909	0.3	0.10540157264372464
989.5	0	13	0.3022175	2.8670660130283547	0.3	0.10541002496164399
990.0	0	13	0.30134999999999995	2.858607027692482	0.3	0.10541847727956331
990.5	0	13	0.3004825	2.850149398708988	0.3	0.10542692959748265
991.0	0	13	0.29961499999999996	2.8416931257516724	0.3	0.10543538191540197
991.5	0	13	0.29874749999999994	2.83323820849444	0.3	0.10544383423332129
992.0	0	13	0.29788	2.8247846466113016	0.3	0.10545228655124063
992.5	0	13	0.29701249999999996	2.8163324397763705	0.3	0.10546073886915995
993.0	0	13	0.296145	2.807881587663866	0.3	0.10546919118707929
993.5	0	13	0.29527749999999997	2.79943208994811	0.3	0.10547764350499861
994.0	0	13	0.29440999999999995	2.7909839463035313	0.3	0.10548609582291793
994.5	0	13	0.2935425	2.7825371564046613	0.3	0.10549454814083728
995.0	0	13	0.29267499999999996	2.774091719926136	0.3	0.10550300045875659
995.5	0	13	0.29180749999999994	2.7656476365426954	0.3	0.10551145277667591
996.0	0	13	0.29094	2.7572049059291848	0.3	0.10551990509459525
996.5	0	13	0.29007249999999996	2.748763527760552	0.3	0.10552835741251457
997.0	0	13	0.289205	2.7403235017118512	0.3	0.10553680973043389
997.5	0	13	0.28833749999999997	2.731884827458238	0.3	0.10554526204835324
998.0	0	13	0.28746999999999995	2.7234475046749744	0.3	0.10555371436627253
998.5	0	13	0.2866025	2.715011533037425	0.3	0.10556216668419188
999.0	0	13	0.28573499999999996	2.706576912221059	0.3	0.1055706190021112
999.5	0	13	0.28486749999999994	2.6981436419014484	0.3	0.10557907132003054
1000.0	0	13	0.284	2.6897117217542714	0.3	0.10558752363794988
1000.5	0	13	0.28364249999999996	2.69054741893097	0.3	0.10542185504862765
1001.0	0	13	0.28328499999999995	2.6913857468085705	0.3	0.10525618645930546
1001.5	0	13	0.2829275	2.6922267178284778	0.3	0.10509051786998325
1002.0	0	13	0.28257	2.6930703445106703	0.3	0.10492484928066104
1002.5	0	13	0.2822125	2.6939166394543257	0.3	0.10475918069133884
1003.0	0	13	0.28185499999999997	2.6947656153384454	0.3	0.10459351210201663
1003.5	0	13	0.28149749999999996	2.6956172849224895	0.3	0.10442784351269442
1004.0	0	13	0.28114	2.696471661047016	0.3	0.10426217492337221
1004.5	0	13	0.2807825	2.6973287566343225	0.3	0.10409650633405
1005.0	0	13	0.280425	2.6981885846891034	0.3	0.1039308377447278
1005.5	0	13	0.28006749999999997	2.6990511582991044	0.3	0.1037651691554056
1006.0	0	13	0.27970999999999996	2.6999164906357858	0.3	0.10359950056608339
1006.5	0	13	0.27935249999999995	2.7007845949549947	0.3	0.10343383197676119
1007.0	0	13	0.278995	2.7016554845976426	0.3	0.10326816338743898
1007.5	0	13	0.2786375	2.702529172990385	0.3	0.10310249479811678
1008.0	0	13	0.27827999999999997	2.7034056736463157	0.3	0.10293682620879455
1008.5	0	13	0.27792249999999996	2.704285000165661	0.3	0.10277115761947236
1009.0	0	13	0.27756499999999995	2.705167166236484	0.3	0.10260548903015015
1009.5	0	13	0.2772075	2.706052185635396	0.3	0.10243982044082796
1010.0	0	13	0.27685	2.7069400722282695	0.3	0.10227415185150576
1010.5	0	13	0.2764925	2.707830839970968	0.3	0.10210848326218354
1011.0	0	13	0.27613499999999996	2.708724502910073	0.3	0.10194281467286133
1011.5	0	13	0.27577749999999995	2.709621075183623	0.3	0.10177714608353912
1012.0	0	13	0.27542	2.7105205710218625	0.3	0.10161147749421692
1012.5	0	13	0.2750625	2.7114230047479895	0.3	0.10144580890489471
1013.0	0	13	0.274705	2.7123283907789197	0.3	0.10128014031557252
1013.5	0	13	0.27434749999999997	2.713236743626053	0.3	0.1011144717262503
1014.0	0	13	0.27398999999999996	2.714148077896048	0.3	0.10094880313692811
1014.5	0	13	0.2736325	2.715062408291608	0.3	0.10078313454760587
1015.0	0	13	0.273275	2.715979749612266	0.3	0.10061746595828368
1015.5	0	13	0.2729175	2.7169001167551885	0.3	0.10045179736896148
1016.0	0	13	0.27255999999999997	2.717823524715981	0.3	0.10028612877963927
1016.5	0	13	0.27220249999999996	2.7187499885894995	0.3	0.10012046019031706
1017.0	0	13	0.271845	2.719679523570677	0.3	0.09995479160099484
1017.5	0	13	0.2714875	2.7206121449553495	0.3	0.09978912301167266
1018.0	0	13	0.27113	2.721547868141101	0.3	0.09962345442235043
1018.5	0	13	0.27077249999999997	2.7224867086281046	0.3	0.09945778583302824
1019.0	0	13	0.27041499999999996	2.723428682019983	0.3	0.09929211724370604
1019.5	0	13	0.27005749999999995	2.724373804024671	0.3	0.09912644865438383
1020.0	0	13	0.2697	2.7253220904552906	0.3	0.09896078006506163
1020.5	0	13	0.2693425	2.7262735572310275	0.3	0.09879511147573941
1021.0	0	13	0.268985	2.727228220378028	0.3	0.09862944288641722
1021.5	0	13	0.26862749999999996	2.7281860960302975	0.3	0.098463774297095
1022.0	0	13	0.26826999999999995	2.7291472004306065	0.3	0.0982981057077728
1022.5	0	13	0.2679125	2.730111549931412	0.3	0.0981324371184506
1023.0	0	13	0.267555	2.7310791609957823	0.3	0.0979667685291284
1023.5	0	13	0.2671975	2.7320500501983362	0.3	0.09780109993980618
1024.0	0	13	0.26683999999999997	2.7330242342261877	0.3	0.09763543135048397
1024.5	0	13	0.26648249999999996	2.734001729879902	0.3	0.09746976276116177
1025.0	0	13	0.266125	2.7349825540744646	0.3	0.09730409417183958
1025.5	0	13	0.2657675	2.7359667238402507	0.3	0.09713842558251734
1026.0	0	13	0.26541	2.736954256324016	0.3	0.09697275699319516
1026.5	0	13	0.26505249999999997	2.7379451687898926	0.3	0.09680708840387295
1027.0	0	13	0.26469499999999996	2.7389394786203916	0.3	0.09664141981455074
1027.5	0	13	0.2643375	2.739937203317422	0.3	0.09647575122522854
1028.0	0	13	0.26398	2.740938360503316	0.3	0.09631008263590635
1028.5	0	13	0.2636225	2.7419429679218696	0.3	0.09614441404658412
1029.0	0	13	0.26326499999999997	2.742951043439388	0.3	0.09597874545726191
1029.5	0	13	0.26290749999999996	2.743962605045744	0.3	0.0958130768679397
1030.0	0	13	0.26254999999999995	2.744977670855452	0.3	0.0956474082786175
1030.5	0	13	0.2621925	2.7459962591087463	0.3	0.0954817396892953
1031.0	0	13	0.261835	2.7470183881726733	0.3	0.09531607109997309
1031.5	0	13	0.2614775	2.748044076542197	0.3	0.09515040251065089
1032.0	0	13	0.26111999999999996	2.749073342841316	0.3	0.09498473392132868
1032.5	0	13	0.26076249999999995	2.7501062058241863	0.3	0.09481906533200647
1033.0	0	13	0.260405	2.751142684376265	0.3	0.09465339674268426
1033.5	0	13	0.2600475	2.7521827975154567	0.3	0.09448772815336207
1034.0	0	13	0.25969	2.753226564393282	0.3	0.09432205956403987
1034.5	0	13	0.25933249999999997	2.7542740042960494	0.3	0.09415639097471763
1035.0	0	13	0.25897499999999996	2.755325136646043	0.3	0.09399072238539544
1035.5	0	13	0.2586175	2.7563799810027247	0.3	0.09382505379607324
1036.0	0	13	0.25826	2.7574385570639475	0.3	0.09365938520675103
1036.5	0	13	0.2579025	2.7585008846671792	0.3	0.09349371661742882
1037.0	0	13	0.25754499999999997	2.759566983790745	0.3	0.09332804802810662
1037.5	0	13	0.25718749999999996	2.7606368745550767	0.3	0.09316237943878442
1038.0	0	13	0.25683	2.761710577223982	0.3	0.0929967108494622
1038.5	0	13	0.2564725	2.7627881122059184	0.3	0.09283104226013998
1039.0	0	13	0.256115	2.7638695000552915	0.3	0.09266537367081781
1039.5	0	13	0.25575749999999997	2.764954761473762	0.3	0.09249970508149559
1040.0	0	13	0.25539999999999996	2.766043917311562	0.3	0.09233403649217337
1040.5	0	13	0.25504249999999995	2.7671369885688333	0.3	0.09216836790285118
1041.0	0	13	0.254685	2.76823399639698	0.3	0.09200269931352897
1041.5	0	13	0.2543275	2.769334962100025	0.3	0.09183703072420676
1042.0	0	13	0.25397	2.7704399071359975	0.3	0.09167136213488455
1042.5	0	13	0.25361249999999996	2.7715488531183214	0.3	0.09150569354556237
1043.0	0	13	0.25325499999999995	2.7726618218172288	0.3	0.09134002495624015
1043.5	0	13	0.2528975	2.7737788351611803	0.3	0.09117435636691795
1044.0	0	13	0.25254	2.7748999152383074	0.3	0.09100868777759573
1044.5	0	13	0.2521825	2.7760250842978693	0.3	0.09084301918827352
1045.0	0	13	0.25182499999999997	2.7771543647517234	0.3	0.09067735059895132
1045.5	0	13	0.25146749999999995	2.7782877791758143	0.3	0.0905116820096291
1046.0	0	13	0.25111	2.779425350311677	0.3	0.09034601342030692
1046.5	0	13	0.2507525	2.7805671010679585	0.3	0.09018034483098471
1047.0	0	13	0.250395	2.7817130545219566	0.3	0.0900146762416625
1047.5	0	13	0.25003749999999997	2.7828632339211734	0.3	0.08984900765234029
1048.0	0	13	0.24967999999999999	2.7840176626848887	0.3	0.08968333906301808
1048.5	0	13	0.24932249999999997	2.785176364405747	0.3	0.08951767047369588
1049.0	0	13	0.248965	2.7863393628513684	0.3	0.08935200188437366
1049.5	0	13	0.24860749999999998	2.787506681965969	0.3	0.08918633329505149
1050.0	0	13	0.24824999999999997	2.7886783458720106	0.3	0.08902066470572928
1050.5	0	13	0.2478925	2.789854378871856	0.3	0.08885499611640704
1051.0	0	13	0.24753499999999998	2.7910348054494514	0.3	0.08868932752708486
1051.5	0	13	0.2471775	2.792219650272029	0.3	0.08852365893776265
1052.0	0	13	0.24681999999999998	2.793408938191819	0.3	0.08835799034844044
1052.5	0	13	0.24646249999999997	2.794602694247792	0.3	0.08819232175911823
1053.0	0	13	0.24610499999999996	2.795800943667415	0.3	0.08802665316979602
1053.5	0	13	0.24574749999999998	2.797003711868428	0.3	0.08786098458047382
1054.0	0	13	0.24538999999999997	2.798211024460641	0.3	0.08769531599115162
1054.5	0	13	0.2450325	2.7994229072477523	0.3	0.08752964740182943
1055.0	0	13	0.24467499999999998	2.800639386229188	0.3	0.08736397881250721
1055.5	0	13	0.24431749999999997	2.8018604876019584	0.3	0.08719831022318501
1056.0	0	13	0.24395999999999998	2.8030862377625416	0.3	0.08703264163386279
1056.5	0	13	0.24360249999999997	2.804316663308782	0.3	0.0868669730445406
1057.0	0	13	0.243245	2.805551791041819	0.3	0.08670130445521838
1057.5	0	13	0.24288749999999998	2.8067916479680286	0.3	0.08653563586589619
1058.0	0	13	0.24252999999999997	2.8080362613009937	0.3	0.08636996727657398
1058.5	0	13	0.24217249999999998	2.809285658463496	0.3	0.08620429868725177
1059.0	0	13	0.24181499999999997	2.8105398670895276	0.3	0.08603863009792956
1059.5	0	13	0.2414575	2.8117989150263307	0.3	0.08587296150860733
1060.0	0	13	0.24109999999999998	2.8130628303364564	0.3	0.08570729291928514
1060.5	0	13	0.24074249999999997	2.814331641299852	0.3	0.08554162432996294
1061.0	0	13	0.240385	2.8156053764159705	0.3	0.08537595574064073
1061.5	0	13	0.24002749999999998	2.8168840644059	0.3	0.08521028715131852
1062.0	0	13	0.23967	2.818167734214528	0.3	0.08504461856199633
1062.5	0	13	0.23931249999999998	2.8194564150127226	0.3	0.08487894997267412
1063.0	0	13	0.23895499999999997	2.8207501361995413	0.3	0.08471328138335191
1063.5	0	13	0.23859749999999996	2.82204892740447	0.3	0.0845476127940297
1064.0	0	13	0.23823999999999998	2.8233528184896817	0.3	0.0843819442047075
1064.5	0	13	0.2378825	2.824661839552327	0.3	0.08421627561538528
1065.0	0	13	0.237525	2.825976020926849	0.3	0.08405060702606308
1065.5	0	13	0.23716749999999998	2.827295393187326	0.3	0.08388493843674089
1066.0	0	13	0.23680999999999996	2.8286199871498465	0.3	0.08371926984741869
1066.5	0	13	0.23645249999999998	2.829949833874903	0.3	0.08355360125809647
1067.0	0	13	0.23609499999999997	2.8312849646698215	0.3	0.08338793266877426
1067.5	0	13	0.2357375	2.8326254110912203	0.3	0.08322226407945206
1068.0	0	13	0.23537999999999998	2.833971204947495	0.3	0.08305659549012985
1068.5	0	13	0.23502249999999997	2.8353223783013344	0.3	0.08289092690080764
1069.0	0	13	0.23466499999999998	2.836678963472266	0.3	0.08272525831148544
1069.5	0	13	0.23430749999999997	2.838040993039235	0.3	0.08255958972216323
1070.0	0	13	0.23395	2.8394084998432114	0.3	0.08239392113284102
1070.5	0	13	0.23359249999999998	2.840781516989827	0.3	0.0822282525435188
1071.0	0	13	0.23323499999999997	2.8421600778520513	0.3	0.08206258395419662
1071.5	0	13	0.2328775	2.8435442160728943	0.3	0.08189691536487441
1072.0	0	13	0.23251999999999998	2.84493396556814	0.3	0.08173124677555221
1072.5	0	13	0.2321625	2.8463293605291202	0.3	0.08156557818623
1073.0	0	13	0.23180499999999998	2.8477304354255173	0.3	0.0813999095969078
1073.5	0	13	0.23144749999999997	2.849137225008203	0.3	0.08123424100758558
1074.0	0	13	0.23109	2.8505497643121114	0.3	0.08106857241826337
1074.5	0	13	0.23073249999999998	2.851968088659145	0.3	0.08090290382894116
1075.0	0	13	0.230375	2.853392233661124	0.3	0.08073723523961897
1075.5	0	13	0.23001749999999999	2.8548222352227626	0.3	0.08057156665029676
1076.0	0	13	0.22965999999999998	2.856258129544687	0.3	0.08040589806097456
1076.5	0	13	0.22930249999999996	2.857699953126493	0.3	0.08024022947165235
1077.0	0	13	0.22894499999999998	2.8591477427698355	0.3	0.08007456088233014
1077.5	0	13	0.22858749999999997	2.86060153558156	0.3	0.07990889229300793
1078.0	0	13	0.22823	2.8620613689768755	0.3	0.07974322370368572
1078.5	0	13	0.22787249999999998	2.8635272806825607	0.3	0.07957755511436353
1079.0	0	13	0.22751499999999997	2.8649993087402175	0.3	0.07941188652504132
1079.5	0	13	0.22715749999999998	2.866477491509559	0.3	0.07924621793571912
1080.0	0	13	0.22679999999999997	2.8679618676717435	0.3	0.07908054934639691
1080.5	0	13	0.2264425	2.8694524762327474	0.3	0.0789148807570747
1081.0	0	13	0.22608499999999998	2.870949356526781	0.3	0.07874921216775249
1081.5	0	13	0.22572749999999997	2.872452548219752	0.3	0.07858354357843028
1082.0	0	13	0.22537	2.873962091312764	0.3	0.07841787498910809
1082.5	0	13	0.22501249999999998	2.8754780261456716	0.3	0.07825220639978588
1083.0	0	13	0.224655	2.8770003934006665	0.3	0.07808653781046367
1083.5	0	13	0.22429749999999998	2.8785292341059208	0.3	0.07792086922114147
1084.0	0	13	0.22393999999999997	2.8800645896392743	0.3	0.07775520063181926
1084.5	0	13	0.2235825	2.881606501731963	0.3	0.07758953204249705
1085.0	0	13	0.22322499999999998	2.8831550124724035	0.3	0.07742386345317484
1085.5	0	13	0.2228675	2.8847101643100213	0.3	0.07725819486385264
1086.0	0	13	0.22250999999999999	2.88627200005913	0.3	0.07709252627453043
1086.5	0	13	0.22215249999999997	2.8878405629028605	0.3	0.07692685768520822
1087.0	0	13	0.22179499999999996	2.889415896397141	0.3	0.07676118909588603
1087.5	0	13	0.22143749999999998	2.8909980444747285	0.3	0.07659552050656382
1088.0	0	13	0.22108	2.892587051449293	0.3	0.07642985191724161
1088.5	0	13	0.2207225	2.894182962019553	0.3	0.0762641833279194
1089.0	0	13	0.22036499999999998	2.89578582127347	0.3	0.0760985147385972
1089.5	0	13	0.22000749999999997	2.897395674692494	0.3	0.07593284614927501
1090.0	0	13	0.21964999999999998	2.8990125681558627	0.3	0.07576717755995278
1090.5	0	13	0.2192925	2.9006365479449623	0.3	0.07560150897063059
1091.0	0	13	0.218935	2.902267660747743	0.3	0.07543584038130838
1091.5	0	13	0.21857749999999998	2.9039059536631933	0.3	0.07527017179198617
1092.0	0	13	0.21821999999999997	2.905551474205873	0.3	0.07510450320266397
1092.5	0	13	0.2178625	2.907204270310507	0.3	0.07493883461334175
1093.0	0	13	0.21750499999999998	2.90886439033664	0.3	0.07477316602401955
1093.5	0	13	0.2171475	2.910531883073353	0.3	0.07460749743469734
1094.0	0	13	0.21678999999999998	2.912206797744042	0.3	0.07444182884537515
1094.5	0	13	0.21643249999999997	2.913889184011264	0.3	0.07427616025605294
1095.0	0	13	0.21607499999999996	2.9155790919816438	0.3	0.07411049166673073
1095.5	0	13	0.21571749999999998	2.9172765722108487	0.3	0.07394482307740852
1096.0	0	13	0.21536	2.918981675708629	0.3	0.07377915448808631
1096.5	0	13	0.21500249999999999	2.9206944539439292	0.3	0.07361348589876411
1097.0	0	13	0.21464499999999997	2.922414958850068	0.3	0.0734478173094419
1097.5	0	13	0.21428749999999996	2.9241432428299836	0.3	0.0732821487201197
1098.0	0	13	0.21392999999999998	2.925879358761558	0.3	0.0731164801307975
1098.5	0	13	0.2135725	2.9276233600030066	0.3	0.07295081154147529
1099.0	0	13	0.213215	2.929375300398346	0.3	0.07278514295215308
1099.5	0	13	0.21285749999999998	2.931135234282937	0.3	0.07261947436283087
1100.0	0	13	0.21249999999999997	2.9329032164890982	0.3	0.07245380577350867
1100.5	0	13	0.21214249999999998	2.9304183050162176	0.3	0.07239324830754015
1101.0	0	13	0.211785	2.927929232770658	0.3	0.07233269084157162
1101.5	0	13	0.2114275	2.925435989293372	0.3	0.0722721333756031
1102.0	0	13	0.21106999999999998	2.92293856409023	0.3	0.0722115759096346
1102.5	0	13	0.21071249999999997	2.920436946631871	0.3	0.07215101844366607
1103.0	0	13	0.210355	2.917931126353555	0.3	0.07209046097769754
1103.5	0	13	0.20999749999999998	2.91542109265501	0.3	0.07202990351172901
1104.0	0	13	0.20964	2.9129068349002907	0.3	0.07196934604576051
1104.5	0	13	0.20928249999999998	2.9103883424176216	0.3	0.071908788579792
1105.0	0	13	0.20892499999999997	2.9078656044992486	0.3	0.07184823111382346
1105.5	0	13	0.2085675	2.9053386104012873	0.3	0.07178767364785495
1106.0	0	13	0.20820999999999998	2.9028073493435698	0.3	0.07172711618188642
1106.5	0	13	0.2078525	2.9002718105094916	0.3	0.0716665587159179
1107.0	0	13	0.20749499999999999	2.8977319830458574	0.3	0.0716060012499494
1107.5	0	13	0.20713749999999997	2.8951878560627278	0.3	0.07154544378398087
1108.0	0	13	0.20677999999999996	2.892639418633261	0.3	0.07148488631801234
1108.5	0	13	0.20642249999999998	2.890086659793558	0.3	0.07142432885204382
1109.0	0	13	0.206065	2.8875295685425053	0.3	0.0713637713860753
1109.5	0	13	0.2057075	2.884968133841616	0.3	0.07130321392010677
1110.0	0	13	0.20534999999999998	2.8824023446148725	0.3	0.07124265645413826
1110.5	0	13	0.20499249999999997	2.879832189748565	0.3	0.07118209898816974
1111.0	0	13	0.20463499999999998	2.8772576580911333	0.3	0.07112154152220122
1111.5	0	13	0.2042775	2.8746787384530035	0.3	0.07106098405623269
1112.0	0	13	0.20392	2.8720954196064254	0.3	0.07100042659026418
1112.5	0	13	0.20356249999999998	2.8695076902853125	0.3	0.07093986912429566
1113.0	0	13	0.20320499999999997	2.8669155391850762	0.3	0.07087931165832713
1113.5	0	13	0.2028475	2.8643189549624606	0.3	0.07081875419235861
1114.0	0	13	0.20249	2.8617179262353782	0.3	0.0707581967263901
1114.5	0	13	0.2021325	2.8591124415827442	0.3	0.07069763926042157
1115.0	0	13	0.20177499999999998	2.856502489544307	0.3	0.07063708179445305
1115.5	0	13	0.20141749999999997	2.8538880586204822	0.3	0.07057652432848455
1116.0	0	13	0.20106	2.8512691372721846	0.3	0.07051596686251602
1116.5	0	13	0.20070249999999998	2.848645713920654	0.3	0.07045540939654749
1117.0	0	13	0.200345	2.84601777694729	0.3	0.07039485193057897
1117.5	0	13	0.19998749999999998	2.8433853146934758	0.3	0.07033429446461045
1118.0	0	13	0.19962999999999997	2.8407483154604107	0.3	0.07027373699864192
1118.5	0	13	0.19927249999999996	2.8381067675089313	0.3	0.07021317953267339
1119.0	0	13	0.19891499999999998	2.835460659059342	0.3	0.07015262206670489
1119.5	0	13	0.1985575	2.832809978291238	0.3	0.07009206460073636
1120.0	0	13	0.1982	2.830154713343326	0.3	0.07003150713476784
1120.5	0	13	0.19784249999999998	2.8274948523132553	0.3	0.06997094966879933
1121.0	0	13	0.19748499999999997	2.8248303832574324	0.3	0.06991039220283081
1121.5	0	13	0.19712749999999998	2.8221612941908463	0.3	0.06984983473686228
1122.0	0	13	0.19677	2.8194875730868856	0.3	0.06978927727089376
1122.5	0	13	0.1964125	2.816809207877161	0.3	0.06972871980492525
1123.0	0	13	0.19605499999999998	2.8141261864513236	0.3	0.0696681623389567
1123.5	0	13	0.19569749999999997	2.8114384966568786	0.3	0.0696076048729882
1124.0	0	13	0.19533999999999999	2.808746126299008	0.3	0.06954704740701968
1124.5	0	13	0.1949825	2.806049063140379	0.3	0.06948648994105117
1125.0	0	13	0.194625	2.8033472949009655	0.3	0.06942593247508264
1125.5	0	13	0.19426749999999998	2.8006408092578554	0.3	0.06936537500911412
1126.0	0	13	0.19390999999999997	2.7979295938450686	0.3	0.0693048175431456
1126.5	0	13	0.1935525	2.7952136362533673	0.3	0.06924426007717707
1127.0	0	13	0.19319499999999998	2.7924929240300616	0.3	0.06918370261120856
1127.5	0	13	0.1928375	2.7897674446788274	0.3	0.06912314514524004
1128.0	0	13	0.19247999999999998	2.7870371856595098	0.3	0.06906258767927151
1128.5	0	13	0.19212249999999997	2.7843021343879304	0.3	0.06900203021330299
1129.0	0	13	0.191765	2.781562278235698	0.3	0.06894147274733448
1129.5	0	13	0.19140749999999998	2.778817604530011	0.3	0.06888091528136596
1130.0	0	13	0.19105	2.776068100553463	0.3	0.06882035781539743
1130.5	0	13	0.1906925	2.7733137535438437	0.3	0.06875980034942891
1131.0	0	13	0.19033499999999998	2.7705545506939475	0.3	0.0686992428834604
1131.5	0	13	0.18997749999999997	2.76779047915137	0.3	0.06863868541749187
1132.0	0	13	0.18961999999999998	2.7650215260183097	0.3	0.06857812795152335
1132.5	0	13	0.1892625	2.7622476783513674	0.3	0.06851757048555483
1133.0	0	13	0.188905	2.7594689231613443	0.3	0.06845701301958632
1133.5	0	13	0.18854749999999998	2.756685247413042	0.3	0.06839645555361779
1134.0	0	13	0.18818999999999997	2.753896638025053	0.3	0.06833589808764927
1134.5	0	13	0.18783249999999999	2.7511030818695614	0.3	0.06827534062168075
1135.0	0	13	0.187475	2.7483045657721346	0.3	0.06821478315571222
1135.5	0	13	0.1871175	2.7455010765115135	0.3	0.0681542256897437
1136.0	0	13	0.18675999999999998	2.74269260081941	0.3	0.06809366822377519
1136.5	0	13	0.18640249999999997	2.739879125380294	0.3	0.06803311075780666
1137.0	0	13	0.186045	2.7370606368311825	0.3	0.06797255329183813
1137.5	0	13	0.1856875	2.73423712176143	0.3	0.06791199582586961
1138.0	0	13	0.18533	2.7314085667125143	0.3	0.06785143835990111
1138.5	0	13	0.18497249999999998	2.7285749581778247	0.3	0.06779088089393258
1139.0	0	13	0.18461499999999997	2.725736282602444	0.3	0.06773032342796405
1139.5	0	13	0.1842575	2.722892526382935	0.3	0.06766976596199555
1140.0	0	13	0.18389999999999998	2.7200436758671223	0.3	0.06760920849602702
1140.5	0	13	0.1835425	2.717189717353872	0.3	0.0675486510300585
1141.0	0	13	0.183185	2.714330637092876	0.3	0.06748809356408998
1141.5	0	13	0.18282749999999998	2.711466421284428	0.3	0.06742753609812147
1142.0	0	13	0.18246999999999997	2.7085970560792023	0.3	0.06736697863215294
1142.5	0	13	0.18211249999999998	2.705722527578031	0.3	0.06730642116618442
1143.0	0	13	0.181755	2.7028428218316787	0.3	0.0672458637002159
1143.5	0	13	0.1813975	2.6999579248406183	0.3	0.06718530623424737
1144.0	0	13	0.18103999999999998	2.697067822554802	0.3	0.06712474876827886
1144.5	0	13	0.18068249999999997	2.6941725008734356	0.3	0.06706419130231034
1145.0	0	13	0.18032499999999999	2.6912719456447496	0.3	0.06700363383634181
1145.5	0	13	0.1799675	2.6883661426657626	0.3	0.06694307637037329
1146.0	0	13	0.17961	2.6854550776820574	0.3	0.06688251890440478
1146.5	0	13	0.17925249999999998	2.682538736387544	0.3	0.06682196143843626
1147.0	0	13	0.17889499999999997	2.6796171044242256	0.3	0.06676140397246773
1147.5	0	13	0.1785375	2.6766901673819627	0.3	0.06670084650649921
1148.0	0	13	0.17818	2.673757910798237	0.3	0.0666402890405307
1148.5	0	13	0.1778225	2.6708203201579126	0.3	0.06657973157456215
1149.0	0	13	0.17746499999999998	2.6678773808929956	0.3	0.06651917410859365
1149.5	0	13	0.17710749999999997	2.6649290783823965	0.3	0.06645861664262513
1150.0	0	13	0.17675	2.6619753979516845	0.3	0.06639805917665662
1150.5	0	13	0.17639249999999998	2.6590163248728462	0.3	0.06633750171068808
1151.0	0	13	0.176035	2.6560518443640393	0.3	0.06627694424471955
1151.5	0	13	0.1756775	2.6530819415893467	0.3	0.06621638677875105
1152.0	0	13	0.17531999999999998	2.650106601658532	0.3	0.06615582931278252
1152.5	0	13	0.1749625	2.647125809626785	0.3	0.066095271846814
1153.0	0	13	0.17460499999999998	2.644139550494477	0.3	0.06603471438084549
1153.5	0	13	0.1742475	2.641147809206907	0.3	0.06597415691487696
1154.0	0	13	0.17389	2.638150570654046	0.3	0.06591359944890843
1154.5	0	13	0.17353249999999998	2.635147819670286	0.3	0.06585304198293992
1155.0	0	13	0.17317499999999997	2.632139541034187	0.3	0.06579248451697141
1155.5	0	13	0.17281749999999999	2.6291257194682123	0.3	0.06573192705100288
1156.0	0	13	0.17246	2.626106339638474	0.3	0.06567136958503436
1156.5	0	13	0.1721025	2.6230813861544737	0.3	0.06561081211906584
1157.0	0	13	0.17174499999999998	2.6200508435688414	0.3	0.06555025465309731
1157.5	0	13	0.17138749999999997	2.6170146963770677	0.3	0.0654896971871288
1158.0	0	13	0.17103	2.613972929017246	0.3	0.06542913972116028
1158.5	0	13	0.1706725	2.6109255258698028	0.3	0.06536858225519177
1159.0	0	13	0.170315	2.607872471257229	0.3	0.06530802478922323
1159.5	0	13	0.16995749999999998	2.604813749443816	0.3	0.06524746732325472
1160.0	0	13	0.16959999999999997	2.60174934463538	0.3	0.0651869098572862
1160.5	0	13	0.1692425	2.5986792409789956	0.3	0.06512635239131767
1161.0	0	13	0.168885	2.595603422562715	0.3	0.06506579492534915
1161.5	0	13	0.1685275	2.592521873415301	0.3	0.06500523745938064
1162.0	0	13	0.16817	2.589434577505947	0.3	0.06494467999341211
1162.5	0	13	0.16781249999999998	2.5863415187439958	0.3	0.06488412252744359
1163.0	0	13	0.167455	2.583242680978668	0.3	0.06482356506147507
1163.5	0	13	0.16709749999999998	2.5801380479987728	0.3	0.06476300759550656
1164.0	0	13	0.16674	2.577027603532431	0.3	0.06470245012953803
1164.5	0	13	0.1663825	2.573911331246785	0.3	0.06464189266356951
1165.0	0	13	0.16602499999999998	2.5707892147477205	0.3	0.064581335197601
1165.5	0	13	0.16566749999999997	2.567661237579573	0.3	0.06452077773163246
1166.0	0	13	0.16530999999999998	2.5645273832248403	0.3	0.06446022026566395
1166.5	0	13	0.1649525	2.5613876351038924	0.3	0.06439966279969543
1167.0	0	13	0.164595	2.5582419765746787	0.3	0.06433910533372691
1167.5	0	13	0.16423749999999998	2.5550903909324347	0.3	0.06427854786775838
1168.0	0	13	0.16387999999999997	2.551932861409384	0.3	0.06421799040178985
1168.5	0	13	0.1635225	2.5487693711744446	0.3	0.06415743293582135
1169.0	0	13	0.163165	2.545599903332927	0.3	0.06409687546985283
1169.5	0	13	0.1628075	2.5424244409262324	0.3	0.0640363180038843
1170.0	0	13	0.16244999999999998	2.539242966931555	0.3	0.06397576053791579
1170.5	0	13	0.16209249999999997	2.536055464261574	0.3	0.06391520307194726
1171.0	0	13	0.161735	2.532861915764147	0.3	0.06385464560597874
1171.5	0	13	0.1613775	2.529662304222006	0.3	0.06379408814001022
1172.0	0	13	0.16102	2.526456612352445	0.3	0.06373353067404168
1172.5	0	13	0.16066249999999999	2.5232448228070083	0.3	0.06367297320807318
1173.0	0	13	0.16030499999999998	2.520026918171182	0.3	0.06361241574210466
1173.5	0	13	0.1599475	2.5168028809640743	0.3	0.06355185827613614
1174.0	0	13	0.15958999999999998	2.5135726936381015	0.3	0.06349130081016761
1174.5	0	13	0.1592325	2.5103363385786683	0.3	0.0634307433441991
1175.0	0	13	0.158875	2.5070937981038486	0.3	0.06337018587823058
1175.5	0	13	0.15851749999999998	2.503845054464064	0.3	0.06330962841226206
1176.0	0	13	0.15816	2.50059008984176	0.3	0.06324907094629353
1176.5	0	13	0.15780249999999998	2.497328886351075	0.3	0.06318851348032502
1177.0	0	13	0.157445	2.494061426037523	0.3	0.0631279560143565
1177.5	0	13	0.1570875	2.4907876908776543	0.3	0.06306739854838797
1178.0	0	13	0.15672999999999998	2.4875076627787283	0.3	0.06300684108241945
1178.5	0	13	0.1563725	2.4842213235783825	0.3	0.06294628361645094
1179.0	0	13	0.156015	2.480928655044292	0.3	0.06288572615048241
1179.5	0	13	0.15565749999999998	2.477629638873836	0.3	0.06282516868451389
1180.0	0	13	0.1553	2.474324256693758	0.3	0.06276461121854537
1180.5	0	13	0.15494249999999998	2.4710124900598243	0.3	0.06270405375257684
1181.0	0	13	0.154585	2.4676943204564807	0.3	0.06264349628660833
1181.5	0	13	0.1542275	2.464369729296507	0.3	0.06258293882063981
1182.0	0	13	0.15386999999999998	2.4610386979206726	0.3	0.0625223813546713
1182.5	0	13	0.1535125	2.457701207597385	0.3	0.06246182388870277
1183.0	0	13	0.15315499999999999	2.454357239522338	0.3	0.062401266422734254
1183.5	0	13	0.15279749999999998	2.4510067748181603	0.3	0.06234070895676574
1184.0	0	13	0.15244	2.4476497945340614	0.3	0.06228015149079721
1184.5	0	13	0.15208249999999998	2.4442862796454694	0.3	0.062219594024828684
1185.0	0	13	0.151725	2.4409162110536777	0.3	0.062159036558860174
1185.5	0	13	0.1513675	2.4375395695854793	0.3	0.06209847909289165
1186.0	0	13	0.15100999999999998	2.434156335992805	0.3	0.06203792162692313
1186.5	0	13	0.1506525	2.430766490952357	0.3	0.0619773641609546
1187.0	0	13	0.15029499999999998	2.4273700150652413	0.3	0.061916806694986073
1187.5	0	13	0.1499375	2.4239668888565973	0.3	0.061856249229017564
1188.0	0	13	0.14958	2.4205570927752262	0.3	0.06179569176304905
1188.5	0	13	0.14922249999999998	2.4171406071932164	0.3	0.061735134297080524
1189.0	0	13	0.148865	2.413717412405567	0.3	0.061674576831112
1189.5	0	13	0.1485075	2.410287488629807	0.3	0.061614019365143484
1190.0	0	13	0.14814999999999998	2.406850816005618	0.3	0.06155346189917496
1190.5	0	13	0.1477925	2.4034073745944484	0.3	0.06149290443320643
1191.0	0	13	0.14743499999999998	2.399957144379126	0.3	0.061432346967237914
1191.5	0	13	0.1470775	2.396500105263476	0.3	0.061371789501269404
1192.0	0	13	0.14672	2.3930362370719234	0.3	0.06131123203530088
1192.5	0	13	0.14636249999999998	2.3895655195491075	0.3	0.06125067456933236
1193.0	0	13	0.146005	2.3860879323594824	0.3	0.06119011710336383
1193.5	0	13	0.14564749999999999	2.3826034550869197	0.3	0.06112955963739532
1194.0	0	13	0.14529	2.379112067234314	0.3	0.0610690021714268
1194.5	0	13	0.1449325	2.375613748223174	0.3	0.06100844470545828
1195.0	0	13	0.14457499999999998	2.3721084773932244	0.3	0.060947887239489754
1195.5	0	13	0.1442175	2.368596234001996	0.3	0.06088732977352123
1196.0	0	13	0.14386	2.3650769972244152	0.3	0.060826772307552714
1196.5	0	13	0.14350249999999998	2.3615507461523966	0.3	0.06076621484158419
1197.0	0	13	0.143145	2.3580174597944255	0.3	0.060705657375615674
1197.5	0	13	0.14278749999999998	2.354477117075142	0.3	0.06064509990964715
1198.0	0	13	0.14243	2.3509296968349243	0.3	0.06058454244367863
1198.5	0	13	0.1420725	2.3473751778294627	0.3	0.0605239849777101
1199.0	0	13	0.14171499999999998	2.34381353872934	0.3	0.06046342751174158
1199.5	0	13	0.1413575	2.340244758119603	0.3	0.06040287004577306
1200.0	0	13	0.141	2.3366688144993315	0.3	0.06034231257980454
1200.5	0	13	0.1408325	2.3292819647707854	0.3	0.06046176552689649
1201.0	0	13	0.14066499999999998	2.3219242455546993	0.3	0.060581218473988424
1201.5	0	13	0.1404975	2.314595484873129	0.3	0.06070067142108037
1202.0	0	13	0.14032999999999998	2.3072955120992136	0.3	0.0608201243681723
1202.5	0	13	0.1401625	2.3000241579439353	0.3	0.06093957731526425
1203.0	0	13	0.13999499999999998	2.2927812544430304	0.3	0.06105903026235619
1203.5	0	13	0.1398275	2.2855666349440593	0.3	0.06117848320944813
1204.0	0	13	0.13965999999999998	2.278380134093621	0.3	0.06129793615654007
1204.5	0	13	0.1394925	2.271221587824724	0.3	0.06141738910363201
1205.0	0	13	0.13932499999999998	2.264090833344297	0.3	0.06153684205072395
1205.5	0	13	0.1391575	2.2569877091208532	0.3	0.06165629499781588
1206.0	0	13	0.13898999999999997	2.249912054872286	0.3	0.061775747944907825
1206.5	0	13	0.1388225	2.242863711553821	0.3	0.06189520089199978
1207.0	0	13	0.13865499999999997	2.235842521346093	0.3	0.06201465383909171
1207.5	0	13	0.13848749999999999	2.22884832764337	0.3	0.06213410678618365
1208.0	0	13	0.13832	2.2218809750419073	0.3	0.06225355973327559
1208.5	0	13	0.13815249999999998	2.21494030932844	0.3	0.06237301268036753
1209.0	0	13	0.137985	2.208026177468805	0.3	0.06249246562745946
1209.5	0	13	0.13781749999999998	2.2011384275966885	0.3	0.06261191857455141
1210.0	0	13	0.13765	2.1942769090025154	0.3	0.06273137152164335
1210.5	0	13	0.13748249999999998	2.1874414721224493	0.3	0.06285082446873529
1211.0	0	13	0.137315	2.18063196852753	0.3	0.06297027741582722
1211.5	0	13	0.13714749999999998	2.173848250912926	0.3	0.06308973036291918
1212.0	0	13	0.13698	2.1670901730873178	0.3	0.06320918331001112
1212.5	0	13	0.13681249999999998	2.16035758996239	0.3	0.06332863625710305
1213.0	0	13	0.136645	2.153650357542453	0.3	0.063448089204195
1213.5	0	13	0.13647749999999997	2.1469683329141738	0.3	0.06356754215128693
1214.0	0	13	0.13631	2.140311374236429	0.3	0.06368699509837886
1214.5	0	13	0.1361425	2.133679340730264	0.3	0.06380644804547081
1215.0	0	13	0.13597499999999998	2.1270720926689726	0.3	0.06392590099256275
1215.5	0	13	0.1358075	2.1204894913682826	0.3	0.06404535393965469
1216.0	0	13	0.13563999999999998	2.1139313991766517	0.3	0.06416480688674664
1216.5	0	13	0.1354725	2.1073976794656764	0.3	0.06428425983383858
1217.0	0	13	0.13530499999999998	2.1008881966205966	0.3	0.06440371278093052
1217.5	0	13	0.1351375	2.0944028160309203	0.3	0.06452316572802246
1218.0	0	13	0.13496999999999998	2.0879414040811386	0.3	0.0646426186751144
1218.5	0	13	0.1348025	2.081503828141554	0.3	0.06476207162220633
1219.0	0	13	0.13463499999999998	2.0750899565592023	0.3	0.06488152456929827
1219.5	0	13	0.1344675	2.0686996586488804	0.3	0.06500097751639021
1220.0	0	13	0.13429999999999997	2.0623328046842677	0.3	0.06512043046348215
1220.5	0	13	0.1341325	2.05598926588915	0.3	0.0652398834105741
1221.0	0	13	0.133965	2.0496689144287363	0.3	0.06535933635766605
1221.5	0	13	0.13379749999999999	2.043371623401071	0.3	0.06547878930475798
1222.0	0	13	0.13363	2.037097266828541	0.3	0.06559824225184992
1222.5	0	13	0.13346249999999998	2.030845719649476	0.3	0.06571769519894186
1223.0	0	13	0.133295	2.0246168577098373	0.3	0.06583714814603381
1223.5	0	13	0.13312749999999998	2.0184105577550002	0.3	0.06595660109312573
1224.0	0	13	0.13296	2.0122266974216245	0.3	0.06607605404021767
1224.5	0	13	0.13279249999999998	2.00606515522961	0.3	0.06619550698730961
1225.0	0	13	0.132625	1.9999258105741449	0.3	0.06631495993440156
1225.5	0	13	0.13245749999999998	1.9938085437178357	0.3	0.06643441288149349
1226.0	0	13	0.13229	1.9877132357829217	0.3	0.06655386582858545
1226.5	0	13	0.13212249999999998	1.981639768743575	0.3	0.06667331877567738
1227.0	0	13	0.131955	1.9755880254182834	0.3	0.06679277172276932
1227.5	0	13	0.1317875	1.9695578894623123	0.3	0.06691222466986126
1228.0	0	13	0.13162	1.9635492453602497	0.3	0.0670316776169532
1228.5	0	13	0.1314525	1.957561978418631	0.3	0.06715113056404513
1229.0	0	13	0.13128499999999999	1.951595974758639	0.3	0.06727058351113706
1229.5	0	13	0.1311175	1.9456511213088858	0.3	0.06739003645822902
1230.0	0	13	0.13094999999999998	1.9397273057982685	0.3	0.06750948940532096
1230.5	0	13	0.1307825	1.933824416748902	0.3	0.0676289423524129
1231.0	0	13	0.13061499999999998	1.9279423434691245	0.3	0.06774839529950484
1231.5	0	13	0.1304475	1.9220809760465811	0.3	0.06786784824659678
1232.0	0	13	0.13027999999999998	1.916240205341375	0.3	0.06798730119368872
1232.5	0	13	0.1301125	1.9104199229792955	0.3	0.06810675414078066
1233.0	0	13	0.12994499999999998	1.9046200213451125	0.3	0.06822620708787261
1233.5	0	13	0.1297775	1.898840393575948	0.3	0.06834566003496453
1234.0	0	13	0.12960999999999998	1.893080933554707	0.3	0.06846511298205649
1234.5	0	13	0.1294425	1.8873415359035897	0.3	0.06858456592914842
1235.0	0	13	0.12927499999999997	1.881622095977658	0.3	0.06870401887624036
1235.5	0	13	0.1291075	1.875922509858481	0.3	0.0688234718233323
1236.0	0	13	0.12894	1.8702426743478375	0.3	0.06894292477042424
1236.5	0	13	0.12877249999999998	1.8645824869614882	0.3	0.06906237771751618
1237.0	0	13	0.128605	1.858941845923014	0.3	0.06918183066460812
1237.5	0	13	0.12843749999999998	1.8533206501577126	0.3	0.06930128361170006
1238.0	0	13	0.12827	1.8477187992865636	0.3	0.06942073655879201
1238.5	0	13	0.12810249999999998	1.842136193620251	0.3	0.06954018950588395
1239.0	0	13	0.127935	1.8365727341532538	0.3	0.06965964245297587
1239.5	0	13	0.12776749999999998	1.8310283225579875	0.3	0.06977909540006784
1240.0	0	13	0.1276	1.825502861179017	0.3	0.06989854834715976
1240.5	0	13	0.12743249999999998	1.8199962530273177	0.3	0.07001800129425169
1241.0	0	13	0.127265	1.8145084017746056	0.3	0.07013745424134364
1241.5	0	13	0.12709749999999997	1.8090392117477165	0.3	0.07025690718843557
1242.0	0	13	0.12693	1.8035885879230484	0.3	0.07037636013552752
1242.5	0	13	0.1267625	1.7981564359210567	0.3	0.07049581308261946
1243.0	0	13	0.12659499999999999	1.792742662000807	0.3	0.07061526602971141
1243.5	0	13	0.1264275	1.7873471730545853	0.3	0.07073471897680335
1244.0	0	13	0.12625999999999998	1.7819698766025562	0.3	0.07085417192389529
1244.5	0	13	0.1260925	1.7766106807874822	0.3	0.07097362487098724
1245.0	0	13	0.12592499999999998	1.7712694943694913	0.3	0.07109307781807916
1245.5	0	13	0.1257575	1.7659462267209012	0.3	0.07121253076517109
1246.0	0	13	0.12558999999999998	1.7606407878210903	0.3	0.07133198371226303
1246.5	0	13	0.1254225	1.755353088251427	0.3	0.07145143665935498
1247.0	0	13	0.12525499999999998	1.7500830391902427	0.3	0.07157088960644693
1247.5	0	13	0.1250875	1.7448305524078607	0.3	0.07169034255353887
1248.0	0	13	0.12491999999999999	1.7395955402616714	0.3	0.07180979550063081
1248.5	0	13	0.12475249999999999	1.7343779156912573	0.3	0.07192924844772275
1249.0	0	13	0.12458499999999999	1.729177592213568	0.3	0.07204870139481467
1249.5	0	13	0.12441749999999999	1.72399448391814	0.3	0.07216815434190663
1250.0	0	13	0.12424999999999999	1.718828505462368	0.3	0.07228760728899856
1250.5	0	13	0.12408249999999998	1.7136795720668194	0.3	0.0724070602360905
1251.0	0	13	0.12391499999999998	1.7085475995105963	0.3	0.07252651318318244
1251.5	0	13	0.12374749999999998	1.7034325041267449	0.3	0.07264596613027438
1252.0	0	13	0.12358	1.6983342027977069	0.3	0.07276541907736633
1252.5	0	13	0.12341249999999998	1.6932526129508185	0.3	0.07288487202445827
1253.0	0	13	0.123245	1.688187652553853	0.3	0.07300432497155022
1253.5	0	13	0.12307749999999999	1.6831392401106051	0.3	0.07312377791864215
1254.0	0	13	0.12290999999999999	1.6781072946565205	0.3	0.07324323086573409
1254.5	0	13	0.12274249999999999	1.6730917357543682	0.3	0.07336268381282603
1255.0	0	13	0.12257499999999999	1.6680924834899538	0.3	0.07348213675991797
1255.5	0	13	0.12240749999999999	1.6631094584678754	0.3	0.0736015897070099
1256.0	0	13	0.12223999999999999	1.6581425818073199	0.3	0.07372104265410184
1256.5	0	13	0.12207249999999999	1.6531917751379017	0.3	0.07384049560119378
1257.0	0	13	0.12190499999999999	1.6482569605955404	0.3	0.07395994854828573
1257.5	0	13	0.12173749999999998	1.6433380608183779	0.3	0.07407940149537767
1258.0	0	13	0.12156999999999998	1.638434998942737	0.3	0.07419885444246961
1258.5	0	13	0.1214025	1.6335476985991166	0.3	0.07431830738956155
1259.0	0	13	0.12123499999999998	1.6286760839082275	0.3	0.07443776033665349
1259.5	0	13	0.1210675	1.6238200794770652	0.3	0.07455721328374541
1260.0	0	13	0.1209	1.6189796103950196	0.3	0.07467666623083737
1260.5	0	13	0.12073249999999999	1.6141546022300246	0.3	0.0747961191779293
1261.0	0	13	0.12056499999999999	1.6093449810247415	0.3	0.07491557212502126
1261.5	0	13	0.12039749999999999	1.604550673292782	0.3	0.0750350250721132
1262.0	0	13	0.12022999999999999	1.5997716060149625	0.3	0.07515447801920512
1262.5	0	13	0.12006249999999999	1.5950077066356003	0.3	0.07527393096629706
1263.0	0	13	0.11989499999999999	1.5902589030588399	0.3	0.075393383913389
1263.5	0	13	0.11972749999999999	1.585525123645016	0.3	0.07551283686048095
1264.0	0	13	0.11955999999999999	1.5808062972070525	0.3	0.07563228980757289
1264.5	0	13	0.11939249999999998	1.5761023530068916	0.3	0.07575174275466483
1265.0	0	13	0.119225	1.5714132207519618	0.3	0.07587119570175677
1265.5	0	13	0.11905749999999998	1.5667388305916736	0.3	0.07599064864884872
1266.0	0	13	0.11889	1.5620791131139553	0.3	0.07611010159594064
1266.5	0	13	0.11872249999999998	1.5574339993418111	0.3	0.0762295545430326
1267.0	0	13	0.118555	1.5528034207299244	0.3	0.07634900749012453
1267.5	0	13	0.11838749999999999	1.5481873091612803	0.3	0.07646846043721647
1268.0	0	13	0.11821999999999999	1.5435855969438292	0.3	0.07658791338430841
1268.5	0	13	0.11805249999999999	1.5389982168071765	0.3	0.07670736633140035
1269.0	0	13	0.11788499999999999	1.5344251018993047	0.3	0.07682681927849229
1269.5	0	13	0.11771749999999999	1.5298661857833256	0.3	0.07694627222558423
1270.0	0	13	0.11754999999999999	1.5253214024342638	0.3	0.07706572517267618
1270.5	0	13	0.11738249999999999	1.52079068623587	0.3	0.0771851781197681
1271.0	0	13	0.11721499999999999	1.5162739719774592	0.3	0.07730463106686006
1271.5	0	13	0.11704749999999998	1.5117711948507877	0.3	0.077424084013952
1272.0	0	13	0.11687999999999998	1.5072822904469494	0.3	0.07754353696104394
1272.5	0	13	0.1167125	1.5028071947533062	0.3	0.07766298990813587
1273.0	0	13	0.11654499999999998	1.498345844150444	0.3	0.07778244285522781
1273.5	0	13	0.1163775	1.4938981754091603	0.3	0.07790189580231975
1274.0	0	13	0.11621	1.4894641256874743	0.3	0.07802134874941169
1274.5	0	13	0.11604249999999999	1.4850436325276688	0.3	0.07814080169650364
1275.0	0	13	0.11587499999999999	1.4806366338533583	0.3	0.07826025464359557
1275.5	0	13	0.11570749999999999	1.4762430679665801	0.3	0.07837970759068752
1276.0	0	13	0.11553999999999999	1.471862873544919	0.3	0.07849916053777946
1276.5	0	13	0.11537249999999999	1.4674959896386517	0.3	0.07861861348487138
1277.0	0	13	0.11520499999999999	1.4631423556679197	0.3	0.07873806643196334
1277.5	0	13	0.11503749999999999	1.4588019114199298	0.3	0.07885751937905527
1278.0	0	13	0.11486999999999999	1.4544745970461763	0.3	0.07897697232614721
1278.5	0	13	0.11470249999999999	1.4501603530596914	0.3	0.07909642527323915
1279.0	0	13	0.114535	1.4458591203323186	0.3	0.0792158782203311
1279.5	0	13	0.11436749999999998	1.4415708400920118	0.3	0.07933533116742303
1280.0	0	13	0.1142	1.4372954539201583	0.3	0.07945478411451498
1280.5	0	13	0.1140325	1.4330329037489262	0.3	0.07957423706160692
1281.0	0	13	0.113865	1.4287831318586355	0.3	0.07969369000869884
1281.5	0	13	0.11369749999999999	1.4245460808751516	0.3	0.0798131429557908
1282.0	0	13	0.11352999999999999	1.4203216937673055	0.3	0.07993259590288274
1282.5	0	13	0.11336249999999999	1.4161099138443332	0.3	0.08005204884997467
1283.0	0	13	0.11319499999999999	1.4119106847533405	0.3	0.08017150179706661
1283.5	0	13	0.11302749999999999	1.407723950476789	0.3	0.08029095474415857
1284.0	0	13	0.11285999999999999	1.4035496553300073	0.3	0.08041040769125048
1284.5	0	13	0.11269249999999999	1.399387743958718	0.3	0.08052986063834243
1285.0	0	13	0.11252499999999999	1.3952381613365956	0.3	0.08064931358543437
1285.5	0	13	0.11235749999999999	1.3911008527628386	0.3	0.08076876653252632
1286.0	0	13	0.11218999999999998	1.3869757638597666	0.3	0.08088821947961826
1286.5	0	13	0.1120225	1.3828628405704377	0.3	0.08100767242671021
1287.0	0	13	0.11185499999999998	1.3787620291562876	0.3	0.08112712537380214
1287.5	0	13	0.1116875	1.3746732761947893	0.3	0.08124657832089408
1288.0	0	13	0.11152	1.3705965285771315	0.3	0.08136603126798603
1288.5	0	13	0.1113525	1.3665317335059228	0.3	0.08148548421507795
1289.0	0	13	0.11118499999999999	1.3624788384929079	0.3	0.0816049371621699
1289.5	0	13	0.11101749999999999	1.358437791356712	0.3	0.08172439010926186
1290.0	0	13	0.11084999999999999	1.3544085402205996	0.3	0.08184384305635378
1290.5	0	13	0.11068249999999999	1.3503910335102547	0.3	0.08196329600344572
1291.0	0	13	0.11051499999999999	1.3463852199515802	0.3	0.08208274895053766
1291.5	0	13	0.11034749999999999	1.3423910485685175	0.3	0.0822022018976296
1292.0	0	13	0.11017999999999999	1.3384084686808835	0.3	0.08232165484472154
1292.5	0	13	0.11001249999999999	1.3344374299022261	0.3	0.0824411077918135
1293.0	0	13	0.109845	1.3304778821377021	0.3	0.08256056073890541
1293.5	0	13	0.10967749999999998	1.3265297755819663	0.3	0.08268001368599737
1294.0	0	13	0.10951	1.3225930607170882	0.3	0.0827994666330893
1294.5	0	13	0.10934249999999998	1.3186676883104773	0.3	0.08291891958018126
1295.0	0	13	0.109175	1.3147536094128347	0.3	0.08303837252727318
1295.5	0	13	0.1090075	1.3108507753561147	0.3	0.08315782547436514
1296.0	0	13	0.10883999999999999	1.3069591377515106	0.3	0.08327727842145705
1296.5	0	13	0.10867249999999999	1.3030786484874528	0.3	0.083396731368549
1297.0	0	13	0.10850499999999999	1.2992092597276277	0.3	0.08351618431564095
1297.5	0	13	0.10833749999999999	1.2953509239090115	0.3	0.08363563726273288
1298.0	0	13	0.10816999999999999	1.2915035937399204	0.3	0.08375509020982481
1298.5	0	13	0.10800249999999999	1.2876672221980798	0.3	0.08387454315691677
1299.0	0	13	0.10783499999999999	1.2838417625287082	0.3	0.0839939961040087
1299.5	0	13	0.1076675	1.280027168242617	0.3	0.08411344905110066
1300.0	0	13	0.10749999999999998	1.2762233931143279	0.3	0.08423290199819258
1300.5	0	13	0.1073325	1.2756331414297137	0.3	0.0841405702894353
1301.0	0	13	0.10716499999999998	1.2750415928958718	0.3	0.08404823858067803
1301.5	0	13	0.1069975	1.2744487432341174	0.3	0.08395590687192075
1302.0	0	13	0.10682999999999998	1.2738545881469214	0.3	0.08386357516316346
1302.5	0	13	0.1066625	1.2732591233178092	0.3	0.08377124345440619
1303.0	0	13	0.10649499999999999	1.2726623444112544	0.3	0.08367891174564891
1303.5	0	13	0.10632749999999999	1.2720642470725738	0.3	0.08358658003689164
1304.0	0	13	0.10615999999999999	1.2714648269278226	0.3	0.08349424832813436
1304.5	0	13	0.10599249999999999	1.2708640795836863	0.3	0.08340191661937707
1305.0	0	13	0.10582499999999999	1.270262000627374	0.3	0.0833095849106198
1305.5	0	13	0.10565749999999999	1.2696585856265108	0.3	0.0832172532018625
1306.0	0	13	0.10549	1.2690538301290284	0.3	0.08312492149310524
1306.5	0	13	0.10532249999999999	1.2684477296630554	0.3	0.08303258978434797
1307.0	0	13	0.105155	1.2678402797368087	0.3	0.08294025807559068
1307.5	0	13	0.10498749999999998	1.2672314758384797	0.3	0.0828479263668334
1308.0	0	13	0.10482	1.2666213134361255	0.3	0.08275559465807612
1308.5	0	13	0.10465249999999998	1.2660097879775545	0.3	0.08266326294931885
1309.0	0	13	0.104485	1.2653968948902141	0.3	0.08257093124056157
1309.5	0	13	0.1043175	1.2647826295810767	0.3	0.0824785995318043
1310.0	0	13	0.10414999999999999	1.2641669874365242	0.3	0.08238626782304702
1310.5	0	13	0.10398249999999999	1.2635499638222336	0.3	0.08229393611428973
1311.0	0	13	0.10381499999999999	1.2629315540830597	0.3	0.08220160440553245
1311.5	0	13	0.10364749999999999	1.262311753542919	0.3	0.08210927269677518
1312.0	0	13	0.10347999999999999	1.2616905575046709	0.3	0.0820169409880179
1312.5	0	13	0.1033125	1.2610679612499998	0.3	0.08192460927926061
1313.0	0	13	0.10314499999999999	1.2604439600392947	0.3	0.08183227757050335
1313.5	0	13	0.1029775	1.2598185491115308	0.3	0.08173994586174606
1314.0	0	13	0.10280999999999998	1.2591917236841457	0.3	0.08164761415298877
1314.5	0	13	0.1026425	1.2585634789529199	0.3	0.08155528244423152
1315.0	0	13	0.10247499999999998	1.2579338100918527	0.3	0.08146295073547423
1315.5	0	13	0.1023075	1.2573027122530394	0.3	0.08137061902671695
1316.0	0	13	0.10214	1.2566701805665461	0.3	0.08127828731795968
1316.5	0	13	0.1019725	1.256036210140285	0.3	0.08118595560920239
1317.0	0	13	0.10180499999999999	1.2554007960598885	0.3	0.08109362390044511
1317.5	0	13	0.10163749999999999	1.2547639333885812	0.3	0.08100129219168783
1318.0	0	13	0.10146999999999999	1.254125617167053	0.3	0.08090896048293056
1318.5	0	13	0.10130249999999999	1.2534858424133304	0.3	0.08081662877417328
1319.0	0	13	0.10113499999999999	1.252844604122646	0.3	0.080724297065416
1319.5	0	13	0.10096749999999999	1.2522018972673092	0.3	0.0806319653566587
1320.0	0	13	0.1008	1.2515577167965735	0.3	0.08053963364790143
1320.5	0	13	0.10063249999999999	1.2509120576365045	0.3	0.08044730193914416
1321.0	0	13	0.100465	1.2502649146898488	0.3	0.08035497023038689
1321.5	0	13	0.10029749999999998	1.2496162828358959	0.3	0.08026263852162961
1322.0	0	13	0.10013	1.2489661569303474	0.3	0.08017030681287232
1322.5	0	13	0.09996249999999998	1.248314531805177	0.3	0.08007797510411505
1323.0	0	13	0.099795	1.2476614022684966	0.3	0.07998564339535777
1323.5	0	13	0.0996275	1.2470067631044173	0.3	0.0798933116866005
1324.0	0	13	0.09945999999999999	1.24635060907291	0.3	0.07980097997784322
1324.5	0	13	0.09929249999999999	1.2456929349096668	0.3	0.07970864826908594
1325.0	0	13	0.09912499999999999	1.2450337353259588	0.3	0.07961631656032866
1325.5	0	13	0.09895749999999999	1.244373005008496	0.3	0.07952398485157137
1326.0	0	13	0.09878999999999999	1.2437107386192827	0.3	0.0794316531428141
1326.5	0	13	0.0986225	1.2430469307954752	0.3	0.07933932143405684
1327.0	0	13	0.09845499999999999	1.2423815761492363	0.3	0.07924698972529955
1327.5	0	13	0.0982875	1.2417146692675902	0.3	0.07915465801654228
1328.0	0	13	0.09811999999999999	1.2410462047122748	0.3	0.07906232630778498
1328.5	0	13	0.0979525	1.2403761770195945	0.3	0.0789699945990277
1329.0	0	13	0.09778499999999998	1.2397045807002705	0.3	0.07887766289027043
1329.5	0	13	0.0976175	1.2390314102392932	0.3	0.07878533118151315
1330.0	0	13	0.09745	1.238356660095768	0.3	0.07869299947275588
1330.5	0	13	0.0972825	1.2376803247027657	0.3	0.0786006677639986
1331.0	0	13	0.09711499999999999	1.2370023984671688	0.3	0.0785083360552413
1331.5	0	13	0.09694749999999999	1.2363228757695157	0.3	0.07841600434648403
1332.0	0	13	0.09677999999999999	1.2356417509638489	0.3	0.07832367263772676
1332.5	0	13	0.09661249999999999	1.234959018377555	0.3	0.07823134092896948
1333.0	0	13	0.09644499999999999	1.2342746723112095	0.3	0.0781390092202122
1333.5	0	13	0.09627749999999999	1.233588707038417	0.3	0.07804667751145493
1334.0	0	13	0.09611	1.2329011168056532	0.3	0.07795434580269764
1334.5	0	13	0.09594249999999999	1.2322118958321004	0.3	0.07786201409394036
1335.0	0	13	0.095775	1.231521038309491	0.3	0.07776968238518307
1335.5	0	13	0.09560749999999998	1.2308285384019382	0.3	0.07767735067642581
1336.0	0	13	0.09544	1.2301343902457773	0.3	0.07758501896766853
1336.5	0	13	0.09527249999999998	1.2294385879493956	0.3	0.07749268725891126
1337.0	0	13	0.095105	1.2287411255930698	0.3	0.07740035555015397
1337.5	0	13	0.0949375	1.2280419972287937	0.3	0.07730802384139669
1338.0	0	13	0.09477	1.2273411968801131	0.3	0.07721569213263942
1338.5	0	13	0.09460249999999999	1.2266387185419534	0.3	0.07712336042388214
1339.0	0	13	0.09443499999999999	1.2259345561804487	0.3	0.07703102871512486
1339.5	0	13	0.09426749999999999	1.2252287037327685	0.3	0.07693869700636759
1340.0	0	13	0.09409999999999999	1.2245211551069446	0.3	0.07684636529761031
1340.5	0	13	0.0939325	1.223811904181695	0.3	0.07675403358885302
1341.0	0	13	0.09376499999999999	1.2231009448062475	0.3	0.07666170188009575
1341.5	0	13	0.0935975	1.2223882708001628	0.3	0.07656937017133848
1342.0	0	13	0.09342999999999999	1.2216738759531538	0.3	0.07647703846258119
1342.5	0	13	0.0932625	1.220957754024907	0.3	0.07638470675382392
1343.0	0	13	0.09309499999999998	1.2202398987448992	0.3	0.07629237504506663
1343.5	0	13	0.0929275	1.219520303812216	0.3	0.07620004333630935
1344.0	0	13	0.09276	1.2187989628953653	0.3	0.07610771162755207
1344.5	0	13	0.0925925	1.2180758696320941	0.3	0.0760153799187948
1345.0	0	13	0.092425	1.2173510176292	0.3	0.07592304821003752
1345.5	0	13	0.09225749999999999	1.2166244004623434	0.3	0.07583071650128023
1346.0	0	13	0.09208999999999999	1.2158960116758564	0.3	0.07573838479252296
1346.5	0	13	0.09192249999999999	1.2151658447825533	0.3	0.07564605308376568
1347.0	0	13	0.09175499999999999	1.2144338932635372	0.3	0.0755537213750084
1347.5	0	13	0.09158749999999999	1.2137001505680063	0.3	0.07546138966625113
1348.0	0	13	0.09142	1.212964610113058	0.3	0.07536905795749385
1348.5	0	13	0.09125249999999999	1.2122272652834918	0.3	0.07527672624873658
1349.0	0	13	0.091085	1.211488109431613	0.3	0.0751843945399793
1349.5	0	13	0.09091749999999998	1.2107471358770294	0.3	0.07509206283122201
1350.0	0	13	0.09075	1.2100043379064538	0.3	0.07499973112246473
1350.5	0	13	0.0905825	1.2092597087734982	0.3	0.07490739941370746
1351.0	0	13	0.090415	1.2085132416984719	0.3	0.07481506770495018
1351.5	0	13	0.0902475	1.207764929868174	0.3	0.07472273599619289
1352.0	0	13	0.09008	1.207014766435687	0.3	0.07463040428743561
1352.5	0	13	0.08991249999999999	1.2062627445201677	0.3	0.07453807257867834
1353.0	0	13	0.08974499999999999	1.2055088572066373	0.3	0.07444574086992106
1353.5	0	13	0.08957749999999999	1.2047530975457685	0.3	0.07435340916116379
1354.0	0	13	0.08940999999999999	1.2039954585536727	0.3	0.07426107745240651
1354.5	0	13	0.0892425	1.2032359332116853	0.3	0.07416874574364925
1355.0	0	13	0.08907499999999999	1.2024745144661473	0.3	0.07407641403489194
1355.5	0	13	0.0889075	1.2017111952281887	0.3	0.07398408232613467
1356.0	0	13	0.08873999999999999	1.200945968373507	0.3	0.07389175061737739
1356.5	0	13	0.0885725	1.2001788267421483	0.3	0.07379941890862012
1357.0	0	13	0.08840499999999998	1.1994097631382792	0.3	0.07370708719986284
1357.5	0	13	0.0882375	1.1986387703299677	0.3	0.07361475549110555
1358.0	0	13	0.08807	1.1978658410489509	0.3	0.07352242378234827
1358.5	0	13	0.0879025	1.1970909679904103	0.3	0.073430092073591
1359.0	0	13	0.087735	1.1963141438127405	0.3	0.07333776036483373
1359.5	0	13	0.08756749999999999	1.1955353611373176	0.3	0.07324542865607644
1360.0	0	13	0.08739999999999999	1.194754612548265	0.3	0.07315309694731918
1360.5	0	13	0.08723249999999999	1.1939718905922188	0.3	0.07306076523856188
1361.0	0	13	0.087065	1.1931871877780895	0.3	0.0729684335298046
1361.5	0	13	0.08689749999999999	1.1924004965768236	0.3	0.07287610182104733
1362.0	0	13	0.08673	1.1916118094211643	0.3	0.07278377011229005
1362.5	0	13	0.08656249999999999	1.1908211187054056	0.3	0.07269143840353277
1363.0	0	13	0.086395	1.1900284167851518	0.3	0.0725991066947755
1363.5	0	13	0.08622749999999998	1.189233695977067	0.3	0.07250677498601821
1364.0	0	13	0.08606	1.1884369485586304	0.3	0.07241444327726092
1364.5	0	13	0.0858925	1.1876381667678833	0.3	0.07232211156850364
1365.0	0	13	0.085725	1.1868373428031793	0.3	0.07222977985974638
1365.5	0	13	0.0855575	1.1860344688229296	0.3	0.07213744815098912
1366.0	0	13	0.08539	1.1852295369453465	0.3	0.07204511644223183
1366.5	0	13	0.08522249999999999	1.1844225392481855	0.3	0.07195278473347454
1367.0	0	13	0.08505499999999999	1.1836134677684862	0.3	0.07186045302471725
1367.5	0	13	0.08488749999999999	1.1828023145023092	0.3	0.07176812131596
1368.0	0	13	0.08471999999999999	1.181989071404474	0.3	0.07167578960720271
1368.5	0	13	0.0845525	1.1811737303882914	0.3	0.07158345789844543
1369.0	0	13	0.08438499999999999	1.1803562833252954	0.3	0.07149112618968814
1369.5	0	13	0.0842175	1.1795367220449744	0.3	0.07139879448093087
1370.0	0	13	0.08404999999999999	1.178715038334497	0.3	0.07130646277217359
1370.5	0	13	0.0838825	1.1778912239384411	0.3	0.07121413106341631
1371.0	0	13	0.08371499999999998	1.1770652705585125	0.3	0.07112179935465904
1371.5	0	13	0.0835475	1.1762371698532714	0.3	0.07102946764590176
1372.0	0	13	0.08338	1.1754069134378473	0.3	0.07093713593714449
1372.5	0	13	0.0832125	1.174574492883659	0.3	0.0708448042283872
1373.0	0	13	0.083045	1.1737398997181274	0.3	0.07075247251962993
1373.5	0	13	0.08287749999999999	1.1729031254243898	0.3	0.07066014081087264
1374.0	0	13	0.08270999999999999	1.1720641614410081	0.3	0.07056780910211537
1374.5	0	13	0.08254249999999999	1.1712229991616794	0.3	0.07047547739335809
1375.0	0	13	0.082375	1.1703796299349394	0.3	0.07038314568460079
1375.5	0	13	0.08220749999999999	1.1695340450638658	0.3	0.07029081397584352
1376.0	0	13	0.08204	1.1686862358057826	0.3	0.07019848226708625
1376.5	0	13	0.08187249999999999	1.1678361933719539	0.3	0.07010615055832897
1377.0	0	13	0.081705	1.1669839089272849	0.3	0.0700138188495717
1377.5	0	13	0.08153749999999998	1.1661293735900118	0.3	0.06992148714081442
1378.0	0	13	0.08137	1.1652725784313966	0.3	0.06982915543205714
1378.5	0	13	0.0812025	1.1644135144754137	0.3	0.06973682372329985
1379.0	0	13	0.081035	1.1635521726984375	0.3	0.06964449201454258
1379.5	0	13	0.0808675	1.1626885440289263	0.3	0.0695521603057853
1380.0	0	13	0.0807	1.1618226193471042	0.3	0.06945982859702803
1380.5	0	13	0.08053249999999999	1.1609543894846395	0.3	0.06936749688827075
1381.0	0	13	0.08036499999999999	1.1600838452243214	0.3	0.06927516517951346
1381.5	0	13	0.08019749999999999	1.1592109772997334	0.3	0.06918283347075618
1382.0	0	13	0.08002999999999999	1.1583357763949258	0.3	0.06909050176199891
1382.5	0	13	0.0798625	1.1574582331440826	0.3	0.06899817005324163
1383.0	0	13	0.07969499999999999	1.1565783381311878	0.3	0.06890583834448435
1383.5	0	13	0.0795275	1.1556960818896904	0.3	0.06881350663572708
1384.0	0	13	0.07935999999999999	1.1548114549021622	0.3	0.0687211749269698
1384.5	0	13	0.0791925	1.153924447599958	0.3	0.06862884321821251
1385.0	0	13	0.07902499999999998	1.1530350503628677	0.3	0.06853651150945524
1385.5	0	13	0.0788575	1.1521432535187726	0.3	0.06844417980069796
1386.0	0	13	0.07869	1.1512490473432901	0.3	0.06835184809194068
1386.5	0	13	0.0785225	1.1503524220594246	0.3	0.0682595163831834
1387.0	0	13	0.078355	1.1494533678372076	0.3	0.06816718467442612
1387.5	0	13	0.0781875	1.1485518747933412	0.3	0.06807485296566884
1388.0	0	13	0.07801999999999999	1.147647932990834	0.3	0.06798252125691157
1388.5	0	13	0.07785249999999999	1.146741532438637	0.3	0.06789018954815429
1389.0	0	13	0.07768499999999999	1.1458326630912754	0.3	0.06779785783939703
1389.5	0	13	0.07751749999999999	1.1449213148484774	0.3	0.06770552613063974
1390.0	0	13	0.07734999999999999	1.1440074775547995	0.3	0.06761319442188245
1390.5	0	13	0.0771825	1.1430911409992506	0.3	0.06752086271312516
1391.0	0	13	0.077015	1.1421722949149093	0.3	0.0674285310043679
1391.5	0	13	0.0768475	1.141250928978544	0.3	0.06733619929561062
1392.0	0	13	0.07668	1.1403270328102229	0.3	0.06724386758685334
1392.5	0	13	0.0765125	1.1394005959729265	0.3	0.06715153587809605
1393.0	0	13	0.076345	1.1384716079721526	0.3	0.06705920416933878
1393.5	0	13	0.0761775	1.137540058255522	0.3	0.0669668724605815
1394.0	0	13	0.07601	1.136605936212378	0.3	0.06687454075182422
1394.5	0	13	0.0758425	1.1356692311733831	0.3	0.06678220904306695
1395.0	0	13	0.07567499999999999	1.1347299324101137	0.3	0.06668987733430967
1395.5	0	13	0.07550749999999999	1.13378802913465	0.3	0.06659754562555241
1396.0	0	13	0.07533999999999999	1.1328435104991632	0.3	0.06650521391679512
1396.5	0	13	0.07517249999999999	1.1318963655954988	0.3	0.06641288220803784
1397.0	0	13	0.07500499999999999	1.1309465834547565	0.3	0.06632055049928055
1397.5	0	13	0.0748375	1.1299941530468678	0.3	0.06622821879052328
1398.0	0	13	0.07467	1.1290390632801672	0.3	0.066135887081766
1398.5	0	13	0.0745025	1.1280813030009642	0.3	0.06604355537300871
1399.0	0	13	0.074335	1.1271208609931063	0.3	0.06595122366425143
1399.5	0	13	0.0741675	1.1261577259775428	0.3	0.06585889195549417
1400.0	0	13	0.074	1.125191886611884	0.3	0.06576656024673688
1400.5	0	13	0.0739175	1.1244563676434811	0.3	0.0657362100718133
1401.0	0	13	0.073835	1.1237201691883663	0.3	0.0657058598968897
1401.5	0	13	0.0737525	1.1229832903045203	0.3	0.06567550972196609
1402.0	0	13	0.07367	1.1222457300481803	0.3	0.06564515954704252
1402.5	0	13	0.0735875	1.1215074874738389	0.3	0.06561480937211893
1403.0	0	13	0.073505	1.1207685616342382	0.3	0.06558445919719533
1403.5	0	13	0.0734225	1.1200289515803654	0.3	0.06555410902227175
1404.0	0	13	0.07334	1.1192886563614501	0.3	0.06552375884734817
1404.5	0	13	0.0732575	1.1185476750249592	0.3	0.06549340867242458
1405.0	0	13	0.07317499999999999	1.117806006616593	0.3	0.06546305849750098
1405.5	0	13	0.07309249999999999	1.1170636501802818	0.3	0.06543270832257739
1406.0	0	13	0.07300999999999999	1.1163206047581804	0.3	0.06540235814765379
1406.5	0	13	0.07292749999999999	1.1155768693906654	0.3	0.06537200797273023
1407.0	0	13	0.072845	1.1148324431163308	0.3	0.06534165779780661
1407.5	0	13	0.0727625	1.1140873249719825	0.3	0.06531130762288302
1408.0	0	13	0.07268	1.113341513992636	0.3	0.06528095744795943
1408.5	0	13	0.0725975	1.1125950092115109	0.3	0.06525060727303585
1409.0	0	13	0.072515	1.1118478096600277	0.3	0.06522025709811226
1409.5	0	13	0.0724325	1.1110999143678035	0.3	0.06518990692318866
1410.0	0	13	0.07235	1.110351322362646	0.3	0.06515955674826507
1410.5	0	13	0.0722675	1.1096020326705522	0.3	0.06512920657334148
1411.0	0	13	0.072185	1.108852044315702	0.3	0.06509885639841789
1411.5	0	13	0.0721025	1.108101356320455	0.3	0.0650685062234943
1412.0	0	13	0.07202	1.1073499677053456	0.3	0.0650381560485707
1412.5	0	13	0.0719375	1.1065978774890792	0.3	0.06500780587364711
1413.0	0	13	0.071855	1.1058450846885282	0.3	0.06497745569872353
1413.5	0	13	0.0717725	1.1050915883187264	0.3	0.06494710552379994
1414.0	0	13	0.07169	1.1043373873928666	0.3	0.06491675534887635
1414.5	0	13	0.07160749999999999	1.1035824809222945	0.3	0.06488640517395276
1415.0	0	13	0.07152499999999999	1.102826867916506	0.3	0.06485605499902916
1415.5	0	13	0.07144249999999999	1.1020705473831416	0.3	0.06482570482410557
1416.0	0	13	0.07135999999999999	1.1013135183279823	0.3	0.06479535464918199
1416.5	0	13	0.0712775	1.1005557797549457	0.3	0.0647650044742584
1417.0	0	13	0.071195	1.0997973306660813	0.3	0.06473465429933482
1417.5	0	13	0.0711125	1.0990381700615668	0.3	0.06470430412441122
1418.0	0	13	0.07103	1.0982782969397022	0.3	0.06467395394948762
1418.5	0	13	0.0709475	1.0975177102969067	0.3	0.06464360377456403
1419.0	0	13	0.070865	1.096756409127714	0.3	0.06461325359964044
1419.5	0	13	0.0707825	1.0959943924247677	0.3	0.06458290342471686
1420.0	0	13	0.0707	1.0952316591788167	0.3	0.06455255324979327
1420.5	0	13	0.0706175	1.0944682083787116	0.3	0.06452220307486967
1421.0	0	13	0.070535	1.0937040390113986	0.3	0.06449185289994608
1421.5	0	13	0.0704525	1.0929391500619166	0.3	0.06446150272502249
1422.0	0	13	0.07037	1.0921735405133923	0.3	0.0644311525500989
1422.5	0	13	0.0702875	1.091407209347035	0.3	0.06440080237517531
1423.0	0	13	0.070205	1.0906401555421337	0.3	0.06437045220025171
1423.5	0	13	0.07012249999999999	1.089872378076049	0.3	0.06434010202532812
1424.0	0	13	0.07003999999999999	1.0891038759242142	0.3	0.06430975185040454
1424.5	0	13	0.06995749999999999	1.0883346480601255	0.3	0.06427940167548095
1425.0	0	13	0.06987499999999999	1.0875646934553396	0.3	0.06424905150055736
1425.5	0	13	0.0697925	1.0867940110794698	0.3	0.06421870132563377
1426.0	0	13	0.06971	1.0860225999001805	0.3	0.06418835115071017
1426.5	0	13	0.0696275	1.0852504588831815	0.3	0.06415800097578658
1427.0	0	13	0.069545	1.084477586992226	0.3	0.064127650800863
1427.5	0	13	0.0694625	1.0837039831891042	0.3	0.06409730062593941
1428.0	0	13	0.06938	1.0829296464336384	0.3	0.06406695045101582
1428.5	0	13	0.0692975	1.08215457568368	0.3	0.06403660027609223
1429.0	0	13	0.069215	1.0813787698951023	0.3	0.06400625010116863
1429.5	0	13	0.0691325	1.0806022280217984	0.3	0.06397589992624504
1430.0	0	13	0.06905	1.079824949015675	0.3	0.06394554975132145
1430.5	0	13	0.0689675	1.0790469318266482	0.3	0.06391519957639787
1431.0	0	13	0.068885	1.0782681754026384	0.3	0.06388484940147428
1431.5	0	13	0.0688025	1.077488678689566	0.3	0.06385449922655068
1432.0	0	13	0.06872	1.076708440631346	0.3	0.06382414905162709
1432.5	0	13	0.06863749999999999	1.0759274601698838	0.3	0.0637937988767035
1433.0	0	13	0.06855499999999999	1.0751457362450711	0.3	0.06376344870177991
1433.5	0	13	0.06847249999999999	1.0743632677947792	0.3	0.06373309852685632
1434.0	0	13	0.06838999999999999	1.0735800537548559	0.3	0.06370274835193272
1434.5	0	13	0.0683075	1.0727960930591194	0.3	0.06367239817700913
1435.0	0	13	0.068225	1.0720113846393546	0.3	0.06364204800208555
1435.5	0	13	0.0681425	1.0712259274253075	0.3	0.06361169782716196
1436.0	0	13	0.06806	1.0704397203446812	0.3	0.06358134765223837
1436.5	0	13	0.0679775	1.0696527623231298	0.3	0.06355099747731477
1437.0	0	13	0.067895	1.0688650522842538	0.3	0.06352064730239118
1437.5	0	13	0.0678125	1.0680765891495962	0.3	0.0634902971274676
1438.0	0	13	0.06773	1.0672873718386369	0.3	0.06345994695254399
1438.5	0	13	0.0676475	1.066497399268787	0.3	0.06342959677762042
1439.0	0	13	0.067565	1.065706670355385	0.3	0.06339924660269683
1439.5	0	13	0.0674825	1.0649151840116924	0.3	0.06336889642777323
1440.0	0	13	0.0674	1.0641229391488858	0.3	0.06333854625284964
1440.5	0	13	0.0673175	1.0633299346760552	0.3	0.06330819607792605
1441.0	0	13	0.067235	1.0625361695001976	0.3	0.06327784590300246
1441.5	0	13	0.0671525	1.0617416425262114	0.3	0.06324749572807888
1442.0	0	13	0.06706999999999999	1.0609463526568927	0.3	0.06321714555315527
1442.5	0	13	0.06698749999999999	1.060150298792929	0.3	0.06318679537823169
1443.0	0	13	0.06690499999999999	1.0593534798328952	0.3	0.0631564452033081
1443.5	0	13	0.06682249999999999	1.0585558946732474	0.3	0.06312609502838451
1444.0	0	13	0.06674	1.0577575422083185	0.3	0.06309574485346092
1444.5	0	13	0.0666575	1.0569584213303138	0.3	0.06306539467853733
1445.0	0	13	0.066575	1.0561585309293042	0.3	0.06303504450361373
1445.5	0	13	0.0664925	1.055357869893222	0.3	0.06300469432869014
1446.0	0	13	0.06641	1.054556437107856	0.3	0.06297434415376656
1446.5	0	13	0.0663275	1.0537542314568458	0.3	0.06294399397884297
1447.0	0	13	0.066245	1.0529512518216768	0.3	0.06291364380391938
1447.5	0	13	0.0661625	1.0521474970816758	0.3	0.06288329362899578
1448.0	0	13	0.06608	1.0513429661140035	0.3	0.06285294345407219
1448.5	0	13	0.0659975	1.050537657793652	0.3	0.0628225932791486
1449.0	0	13	0.065915	1.049731570993438	0.3	0.06279224310422502
1449.5	0	13	0.0658325	1.0489247045839978	0.3	0.06276189292930143
1450.0	0	13	0.06575	1.0481170574337821	0.3	0.06273154275437784
1450.5	0	13	0.0656675	1.0473086284090514	0.3	0.06270119257945424
1451.0	0	13	0.065585	1.0464994163738683	0.3	0.06267084240453065
1451.5	0	13	0.06550249999999999	1.0456894201900955	0.3	0.06264049222960706
1452.0	0	13	0.06541999999999999	1.0448786387173885	0.3	0.06261014205468347
1452.5	0	13	0.06533749999999999	1.0440670708131905	0.3	0.06257979187975989
1453.0	0	13	0.065255	1.0432547153327272	0.3	0.06254944170483628
1453.5	0	13	0.0651725	1.0424415711290007	0.3	0.0625190915299127
1454.0	0	13	0.06509	1.0416276370527857	0.3	0.06248874135498911
1454.5	0	13	0.0650075	1.0408129119526226	0.3	0.06245839118006552
1455.0	0	13	0.064925	1.0399973946748131	0.3	0.06242804100514192
1455.5	0	13	0.0648425	1.0391810840634133	0.3	0.062397690830218344
1456.0	0	13	0.06476	1.0383639789602304	0.3	0.06236734065529475
1456.5	0	13	0.0646775	1.0375460782048154	0.3	0.062336990480371154
1457.0	0	13	0.064595	1.036727380634458	0.3	0.062306640305447566
1457.5	0	13	0.0645125	1.0359078850841819	0.3	0.06227629013052398
1458.0	0	13	0.06443	1.0350875903867383	0.3	0.06224593995560039
1458.5	0	13	0.0643475	1.034266495372601	0.3	0.062215589780676796
1459.0	0	13	0.064265	1.0334445988699605	0.3	0.0621852396057532
1459.5	0	13	0.0641825	1.0326218997047185	0.3	0.06215488943082961
1460.0	0	13	0.06409999999999999	1.031798396700482	0.3	0.062124539255906025
1460.5	0	13	0.0640175	1.0309740886785592	0.3	0.06209418908098243
1461.0	0	13	0.06393499999999999	1.0301489744579508	0.3	0.06206383890605885
1461.5	0	13	0.06385249999999999	1.0293230528553485	0.3	0.06203348873113525
1462.0	0	13	0.06377	1.0284963226851251	0.3	0.06200313855621166
1462.5	0	13	0.0636875	1.027668782759332	0.3	0.06197278838128808
1463.0	0	13	0.063605	1.0268404318876923	0.3	0.061942438206364483
1463.5	0	13	0.0635225	1.0260112688775944	0.3	0.06191208803144089
1464.0	0	13	0.06344	1.0251812925340877	0.3	0.0618817378565173
1464.5	0	13	0.0633575	1.0243505016598762	0.3	0.061851387681593706
1465.0	0	13	0.063275	1.023518895055312	0.3	0.06182103750667012
1465.5	0	13	0.0631925	1.022686471518391	0.3	0.06179068733174653
1466.0	0	13	0.06311	1.021853229844746	0.3	0.06176033715682294
1466.5	0	13	0.0630275	1.0210191688276415	0.3	0.06172998698189934
1467.0	0	13	0.062945	1.0201842872579672	0.3	0.06169963680697576
1467.5	0	13	0.0628625	1.0193485839242329	0.3	0.06166928663205217
1468.0	0	13	0.06278	1.0185120576125621	0.3	0.06163893645712858
1468.5	0	13	0.0626975	1.017674707106687	0.3	0.06160858628220498
1469.0	0	13	0.062615	1.0168365311879406	0.3	0.061578236107281394
1469.5	0	13	0.06253249999999999	1.0159975286352532	0.3	0.061547885932357806
1470.0	0	13	0.06245	1.0151576982251456	0.3	0.06151753575743421
1470.5	0	13	0.0623675	1.014317038731722	0.3	0.06148718558251062
1471.0	0	13	0.062285	1.0134755489266654	0.3	0.061456835407587035
1471.5	0	13	0.0622025	1.0126332275792318	0.3	0.06142648523266344
1472.0	0	13	0.062119999999999995	1.0117900734562426	0.3	0.061396135057739845
1472.5	0	13	0.062037499999999995	1.0109460853220804	0.3	0.06136578488281626
1473.0	0	13	0.061954999999999996	1.0101012619386815	0.3	0.06133543470789267
1473.5	0	13	0.0618725	1.0092556020655312	0.3	0.06130508453296908
1474.0	0	13	0.06179	1.0084091044596566	0.3	0.061274734358045486
1474.5	0	13	0.0617075	1.0075617678756206	0.3	0.0612443841831219
1475.0	0	13	0.061625	1.006713591065517	0.3	0.06121403400819831
1475.5	0	13	0.0615425	1.0058645727789628	0.3	0.061183683833274716
1476.0	0	13	0.06146	1.0050147117630928	0.3	0.061153333658351135
1476.5	0	13	0.0613775	1.004164006762554	0.3	0.06112298348342754
1477.0	0	13	0.061295	1.003312456519498	0.3	0.06109263330850395
1477.5	0	13	0.061212499999999996	1.0024600597735762	0.3	0.06106228313358036
1478.0	0	13	0.06113	1.0016068152619328	0.3	0.06103193295865676
1478.5	0	13	0.0610475	1.000752721719199	0.3	0.06100158278373317
1479.0	1	13	0.060965	0.9998977778774857	0.3	0.060971232608809586
1479.5	1	13	0.0608825	0.9990419824663791	0.3	0.06094088243388599
1480.0	1	13	0.0608	0.9981853342129327	0.3	0.060910532258962403
1480.5	1	13	0.0607175	0.9973278318416616	0.3	0.060880182084038816
1481.0	1	13	0.060634999999999994	0.9964694740745366	0.3	0.060849831909115214
1481.5	1	13	0.060552499999999995	0.995610259630977	0.3	0.06081948173419163
1482.0	1	13	0.060469999999999996	0.9947501872278453	0.3	0.06078913155926804
1482.5	1	13	0.0603875	0.9938892555794393	0.3	0.06075878138434445
1483.0	1	13	0.060305	0.9930274633974874	0.3	0.06072843120942085
1483.5	1	13	0.0602225	0.9921648093911408	0.3	0.06069808103449727
1484.0	1	13	0.06014	0.991301292266968	0.3	0.06066773085957368
1484.5	1	13	0.0600575	0.9904369107289477	0.3	0.060637380684650084
1485.0	1	13	0.059975	0.9895716634784629	0.3	0.060607030509726496
1485.5	1	13	0.0598925	0.9887055492142934	0.3	0.06057668033480291
1486.0	1	13	0.05981	0.9878385666326109	0.3	0.060546330159879314
1486.5	1	13	0.0597275	0.9869707144269706	0.3	0.060515979984955726
1487.0	1	13	0.059645	0.9861019912883058	0.3	0.06048562981003214
1487.5	1	13	0.0595625	0.9852323959049215	0.3	0.06045527963510854
1488.0	1	13	0.05948	0.9843619269624868	0.3	0.060424929460184955
1488.5	1	13	0.0593975	0.9834905831440292	0.3	0.06039457928526135
1489.0	1	13	0.059315	0.9826183631299271	0.3	0.06036422911033777
1489.5	1	13	0.0592325	0.9817452655979043	0.3	0.060333878935414184
1490.0	1	13	0.05915	0.9808712892230221	0.3	0.06030352876049059
1490.5	1	13	0.059067499999999995	0.9799964326776733	0.3	0.06027317858556701
1491.0	1	13	0.058984999999999996	0.9791206946315756	0.3	0.06024282841064342
1491.5	1	13	0.058902499999999997	0.9782440737517643	0.3	0.06021247823571981
1492.0	1	13	0.05882	0.9773665687025855	0.3	0.06018212806079623
1492.5	1	13	0.0587375	0.9764881781456903	0.3	0.06015177788587264
1493.0	1	13	0.058655	0.975608900740027	0.3	0.06012142771094905
1493.5	1	13	0.0585725	0.9747287351418344	0.3	0.06009107753602546
1494.0	1	13	0.05849	0.9738476800046357	0.3	0.06006072736110186
1494.5	1	13	0.0584075	0.9729657339792305	0.3	0.060030377186178284
1495.0	1	13	0.058325	0.9720828957136888	0.3	0.06000002701125469
1495.5	1	13	0.0582425	0.9711991638533438	0.3	0.0599696768363311
1496.0	1	13	0.05816	0.970314537040785	0.3	0.059939326661407506
1496.5	1	13	0.058077500000000004	0.9694290139158509	0.3	0.05990897648648392
1497.0	1	13	0.057995	0.9685425931156229	0.3	0.05987862631156032
1497.5	1	13	0.0579125	0.9676552732744171	0.3	0.05984827613663674
1498.0	1	13	0.05783	0.9667670530237786	0.3	0.05981792596171315
1498.5	1	13	0.0577475	0.9658779309924735	0.3	0.05978757578678955
1499.0	1	13	0.057664999999999994	0.9649879058064817	0.3	0.059757225611865965
1499.5	1	13	0.057582499999999995	0.9640969760889914	0.3	0.05972687543694236
1500.0	1	13	0.057499999999999996	0.9632051404603896	0.3	0.059696525262018775
1500.5	1	13	0.057417499999999996	0.9614470939418492	0.3	0.05971987471988007
1501.0	1	13	0.057335	0.9596904216187485	0.3	0.05974322417774135
1501.5	1	13	0.0572525	0.9579351218804854	0.3	0.059766573635602616
1502.0	1	13	0.05717	0.9561811931189739	0.3	0.05978992309346389
1502.5	1	13	0.0570875	0.9544286337286391	0.3	0.059813272551325174
1503.0	1	13	0.057005	0.9526774421064123	0.3	0.05983662200918645
1503.5	1	13	0.0569225	0.9509276166517255	0.3	0.05985997146704774
1504.0	1	13	0.05684	0.9491791557665079	0.3	0.05988332092490902
1504.5	1	13	0.0567575	0.9474320578551796	0.3	0.0599066703827703
1505.0	1	13	0.056675	0.9456863213246472	0.3	0.05993001984063158
1505.5	1	13	0.056592500000000004	0.9439419445842998	0.3	0.05995336929849286
1506.0	1	13	0.05651	0.9421989260460024	0.3	0.05997671875635414
1506.5	1	13	0.0564275	0.9404572641240933	0.3	0.06000006821421542
1507.0	1	13	0.056345	0.9387169572353772	0.3	0.06002341767207669
1507.5	1	13	0.0562625	0.9369780037991217	0.3	0.06004676712993798
1508.0	1	13	0.05618	0.9352404022370523	0.3	0.060070116587799254
1508.5	1	13	0.056097499999999995	0.933504150973347	0.3	0.06009346604566053
1509.0	1	13	0.056014999999999995	0.9317692484346327	0.3	0.060116815503521805
1509.5	1	13	0.055932499999999996	0.9300356930499791	0.3	0.06014016496138309
1510.0	1	13	0.05585	0.9283034832508951	0.3	0.06016351441924437
1510.5	1	13	0.0557675	0.9265726174713229	0.3	0.06018686387710565
1511.0	1	13	0.055685	0.9248430941476348	0.3	0.06021021333496693
1511.5	1	13	0.0556025	0.9231149117186271	0.3	0.06023356279282822
1512.0	1	13	0.05552	0.9213880686255163	0.3	0.0602569122506895
1512.5	1	13	0.0554375	0.9196625633119336	0.3	0.060280261708550775
1513.0	1	13	0.055355	0.9179383942239212	0.3	0.06030361116641206
1513.5	1	13	0.0552725	0.9162155598099269	0.3	0.060326960624273326
1514.0	1	13	0.05519	0.9144940585207995	0.3	0.06035031008213461
1514.5	1	13	0.055107500000000004	0.9127738888097846	0.3	0.06037365953999589
1515.0	1	13	0.055025000000000004	0.9110550491325199	0.3	0.06039700899785717
1515.5	1	13	0.0549425	0.9093375379470294	0.3	0.06042035845571845
1516.0	1	13	0.05486	0.9076213537137213	0.3	0.06044370791357973
1516.5	1	13	0.0547775	0.9059064948953804	0.3	0.060467057371441015
1517.0	1	13	0.054695	0.904192959957166	0.3	0.06049040682930229
1517.5	1	13	0.0546125	0.9024807473666056	0.3	0.060513756287163566
1518.0	1	13	0.054529999999999995	0.9007698555935912	0.3	0.06053710574502485
1518.5	1	13	0.054447499999999996	0.8990602831103752	0.3	0.060560455202886124
1519.0	1	13	0.054365	0.8973520283915644	0.3	0.0605838046607474
1519.5	1	13	0.0542825	0.8956450899141166	0.3	0.06060715411860868
1520.0	1	13	0.0542	0.8939394661573358	0.3	0.060630503576469964
1520.5	1	13	0.0541175	0.8922351556028676	0.3	0.06065385303433125
1521.0	1	13	0.054035	0.8905321567346947	0.3	0.06067720249219252
1521.5	1	13	0.0539525	0.8888304680391325	0.3	0.06070055195005381
1522.0	1	13	0.05387	0.8871300880048246	0.3	0.06072390140791509
1522.5	1	13	0.0537875	0.8854310151227383	0.3	0.06074725086577636
1523.0	1	13	0.053705	0.8837332478861598	0.3	0.06077060032363763
1523.5	1	13	0.053622500000000003	0.8820367847906904	0.3	0.06079394978149892
1524.0	1	13	0.053540000000000004	0.8803416243342418	0.3	0.060817299239360204
1524.5	1	13	0.053457500000000005	0.8786477650170312	0.3	0.06084064869722147
1525.0	1	13	0.053375	0.8769552053415777	0.3	0.06086399815508275
1525.5	1	13	0.0532925	0.875263943812697	0.3	0.06088734761294404
1526.0	1	13	0.05321	0.8735739789374979	0.3	0.06091069707080532
1526.5	1	13	0.0531275	0.8718853092253773	0.3	0.060934046528666595
1527.0	1	13	0.053044999999999995	0.8701979331880155	0.3	0.060957395986527885
1527.5	1	13	0.052962499999999996	0.8685118493393734	0.3	0.06098074544438915
1528.0	1	13	0.052879999999999996	0.8668270561956859	0.3	0.06100409490225044
1528.5	1	13	0.0527975	0.8651435522754594	0.3	0.06102744436011172
1529.0	1	13	0.052715	0.8634613360994663	0.3	0.061050793817972994
1529.5	1	13	0.0526325	0.8617804061907414	0.3	0.061074143275834276
1530.0	1	13	0.05255	0.8601007610745773	0.3	0.061097492733695545
1530.5	1	13	0.0524675	0.8584223992785198	0.3	0.061120842191556835
1531.0	1	13	0.052385	0.8567453193323643	0.3	0.06114419164941811
1531.5	1	13	0.0523025	0.8550695197681506	0.3	0.06116754110727939
1532.0	1	13	0.05222	0.8533949991201596	0.3	0.06119089056514067
1532.5	1	13	0.0521375	0.8517217559249081	0.3	0.061214240023001944
1533.0	1	13	0.052055000000000004	0.850049788721145	0.3	0.06123758948086323
1533.5	1	13	0.051972500000000005	0.8483790960498475	0.3	0.06126093893872451
1534.0	1	13	0.05189	0.8467096764542157	0.3	0.06128428839658579
1534.5	1	13	0.0518075	0.8450415284796696	0.3	0.06130763785444706
1535.0	1	13	0.051725	0.8433746506738438	0.3	0.06133098731230835
1535.5	1	13	0.0516425	0.8417090415865842	0.3	0.061354336770169625
1536.0	1	13	0.05156	0.8400446997699432	0.3	0.06137768622803091
1536.5	1	13	0.051477499999999995	0.8383816237781755	0.3	0.06140103568589219
1537.0	1	13	0.051394999999999996	0.8367198121677347	0.3	0.061424385143753465
1537.5	1	13	0.0513125	0.8350592634972679	0.3	0.061447734601614755
1538.0	1	13	0.05123	0.8333999763276125	0.3	0.061471084059476024
1538.5	1	13	0.0511475	0.8317419492217915	0.3	0.061494433517337306
1539.0	1	13	0.051065	0.8300851807450098	0.3	0.06151778297519858
1539.5	1	13	0.0509825	0.8284296694646495	0.3	0.06154113243305986
1540.0	1	13	0.0509	0.8267754139502662	0.3	0.06156448189092115
1540.5	1	13	0.0508175	0.8251224127735852	0.3	0.061587831348782415
1541.0	1	13	0.050735	0.8234706645084963	0.3	0.0616111808066437
1541.5	1	13	0.0506525	0.8218201677310507	0.3	0.06163453026450498
1542.0	1	13	0.050570000000000004	0.8201709210194564	0.3	0.06165787972236626
1542.5	1	13	0.050487500000000005	0.8185229229540746	0.3	0.06168122918022754
1543.0	1	13	0.050405000000000005	0.8168761721174149	0.3	0.06170457863808882
1543.5	1	13	0.0503225	0.8152306670941317	0.3	0.06172792809595011
1544.0	1	13	0.05024	0.8135864064710207	0.3	0.061751277553811386
1544.5	1	13	0.0501575	0.8119433888370133	0.3	0.061774627011672655
1545.0	1	13	0.050075	0.8103016127831743	0.3	0.06179797646953394
1545.5	1	13	0.049992499999999995	0.8086610769026963	0.3	0.06182132592739522
1546.0	1	13	0.049909999999999996	0.8070217797908973	0.3	0.0618446753852565
1546.5	1	13	0.0498275	0.8053837200452153	0.3	0.06186802484311778
1547.0	1	13	0.049745	0.8037468962652051	0.3	0.06189137430097906
1547.5	1	13	0.0496625	0.802111307052534	0.3	0.061914723758840336
1548.0	1	13	0.04958	0.8004769510109775	0.3	0.06193807321670162
1548.5	1	13	0.0494975	0.7988438267464164	0.3	0.061961422674562894
1549.0	1	13	0.049415	0.7972119328668317	0.3	0.061984772132424176
1549.5	1	13	0.0493325	0.7955812679823011	0.3	0.06200812159028546
1550.0	1	13	0.04925	0.7939518307049951	0.3	0.06203147104814674
1550.5	1	13	0.0491675	0.7923236196491731	0.3	0.06205482050600801
1551.0	1	13	0.049085000000000004	0.7906966334311794	0.3	0.06207816996386929
1551.5	1	13	0.049002500000000004	0.7890708706694387	0.3	0.06210151942173058
1552.0	1	13	0.048920000000000005	0.7874463299844537	0.3	0.06212486887959185
1552.5	1	13	0.0488375	0.7858230099987994	0.3	0.062148218337453126
1553.0	1	13	0.048755	0.7842009093371206	0.3	0.06217156779531441
1553.5	1	13	0.0486725	0.782580026626127	0.3	0.06219491725317569
1554.0	1	13	0.04859	0.7809603604945903	0.3	0.062218266711036974
1554.5	1	13	0.0485075	0.7793419095733395	0.3	0.06224161616889825
1555.0	1	13	0.048424999999999996	0.7777246724952571	0.3	0.062264965626759525
1555.5	1	13	0.0483425	0.7761086478952763	0.3	0.06228831508462081
1556.0	1	13	0.04826	0.7744938344103757	0.3	0.06231166454248209
1556.5	1	13	0.0481775	0.7728802306795763	0.3	0.06233501400034336
1557.0	1	13	0.048095	0.7712678353439376	0.3	0.06235836345820465
1557.5	1	13	0.0480125	0.7696566470465539	0.3	0.062381712916065916
1558.0	1	13	0.04793	0.7680466644325497	0.3	0.06240506237392721
1558.5	1	13	0.0478475	0.766437886149077	0.3	0.062428411831788495
1559.0	1	13	0.047765	0.7648303108453112	0.3	0.062451761289649764
1559.5	1	13	0.0476825	0.7632239371724464	0.3	0.06247511074751105
1560.0	1	13	0.0476	0.7616187637836931	0.3	0.06249846020537232
1560.5	1	13	0.047517500000000004	0.760014789334273	0.3	0.0625218096632336
1561.0	1	13	0.047435000000000005	0.7584120124814167	0.3	0.06254515912109489
1561.5	1	13	0.047352500000000006	0.7568104318843585	0.3	0.06256850857895617
1562.0	1	13	0.04727	0.7552100462043339	0.3	0.06259185803681744
1562.5	1	13	0.0471875	0.7536108541045747	0.3	0.06261520749467872
1563.0	1	13	0.047105	0.7520128542503067	0.3	0.06263855695254
1563.5	1	13	0.0470225	0.7504160453087445	0.3	0.0626619064104013
1564.0	1	13	0.04694	0.748820425949089	0.3	0.06268525586826257
1564.5	1	13	0.046857499999999996	0.7472259948425226	0.3	0.06270860532612384
1565.0	1	13	0.046775	0.7456327506622067	0.3	0.06273195478398512
1565.5	1	13	0.0466925	0.7440406920832768	0.3	0.0627553042418464
1566.0	1	13	0.04661	0.7424498177828402	0.3	0.06277865369970768
1566.5	1	13	0.0465275	0.7408601264399711	0.3	0.06280200315756895
1567.0	1	13	0.046445	0.7392716167357072	0.3	0.06282535261543024
1567.5	1	13	0.0463625	0.7376842873530467	0.3	0.06284870207329152
1568.0	1	13	0.04628	0.736098136976944	0.3	0.0628720515311528
1568.5	1	13	0.0461975	0.7345131642943067	0.3	0.06289540098901408
1569.0	1	13	0.046115	0.7329293679939912	0.3	0.06291875044687535
1569.5	1	13	0.046032500000000004	0.7313467467667992	0.3	0.06294209990473663
1570.0	1	13	0.045950000000000005	0.7297652993054751	0.3	0.06296544936259792
1570.5	1	13	0.045867500000000005	0.728185024304701	0.3	0.0629887988204592
1571.0	1	13	0.045785000000000006	0.7266059204610944	0.3	0.06301214827832047
1571.5	1	13	0.0457025	0.725027986473203	0.3	0.06303549773618175
1572.0	1	13	0.04562	0.7234512210415032	0.3	0.06305884719404303
1572.5	1	13	0.0455375	0.7218756228683949	0.3	0.06308219665190432
1573.0	1	13	0.045455	0.7203011906581984	0.3	0.0631055461097656
1573.5	1	13	0.045372499999999996	0.7187279231171513	0.3	0.06312889556762687
1574.0	1	13	0.04529	0.7171558189534042	0.3	0.06315224502548815
1574.5	1	13	0.0452075	0.7155848768770177	0.3	0.06317559448334943
1575.0	1	13	0.045125	0.7140150955999587	0.3	0.06319894394121071
1575.5	1	13	0.0450425	0.712446473836097	0.3	0.063222293399072
1576.0	1	13	0.04496	0.7108790103012019	0.3	0.06324564285693327
1576.5	1	13	0.0448775	0.7093127037129378	0.3	0.06326899231479455
1577.0	1	13	0.044795	0.7077475527908619	0.3	0.06329234177265582
1577.5	1	13	0.0447125	0.70618355625642	0.3	0.06331569123051711
1578.0	1	13	0.04463	0.7046207128329437	0.3	0.06333904068837838
1578.5	1	13	0.044547500000000004	0.7030590212456457	0.3	0.06336239014623966
1579.0	1	13	0.044465000000000005	0.7014984802216175	0.3	0.06338573960410095
1579.5	1	13	0.044382500000000005	0.6999390884898254	0.3	0.06340908906196223
1580.0	1	13	0.044300000000000006	0.6983808447811075	0.3	0.06343243851982351
1580.5	1	13	0.0442175	0.6968237478281694	0.3	0.06345578797768478
1581.0	1	13	0.044135	0.6952677963655814	0.3	0.06347913743554606
1581.5	1	13	0.0440525	0.6937129891297755	0.3	0.06350248689340734
1582.0	1	13	0.04397	0.6921593248590407	0.3	0.06352583635126863
1582.5	1	13	0.0438875	0.6906068022935209	0.3	0.06354918580912991
1583.0	1	13	0.043805	0.6890554201752105	0.3	0.06357253526699118
1583.5	1	13	0.0437225	0.6875051772479517	0.3	0.06359588472485248
1584.0	1	13	0.04364	0.6859560722574307	0.3	0.06361923418271374
1584.5	1	13	0.0435575	0.6844081039511747	0.3	0.06364258364057503
1585.0	1	13	0.043475	0.6828612710785479	0.3	0.0636659330984363
1585.5	1	13	0.0433925	0.6813155723907486	0.3	0.06368928255629758
1586.0	1	13	0.04331	0.6797710066408058	0.3	0.06371263201415886
1586.5	1	13	0.0432275	0.6782275725835761	0.3	0.06373598147202014
1587.0	1	13	0.043145	0.6766852689757396	0.3	0.06375933092988142
1587.5	1	13	0.043062500000000004	0.6751440945757973	0.3	0.0637826803877427
1588.0	1	13	0.042980000000000004	0.6736040481440672	0.3	0.06380602984560398
1588.5	1	13	0.042897500000000005	0.6720651284426813	0.3	0.06382937930346526
1589.0	1	13	0.042815000000000006	0.6705273342355828	0.3	0.06385272876132654
1589.5	1	13	0.0427325	0.6689906642885213	0.3	0.06387607821918781
1590.0	1	13	0.04265	0.6674551173690512	0.3	0.06389942767704909
1590.5	1	13	0.0425675	0.6659206922465273	0.3	0.06392277713491037
1591.0	1	13	0.042485	0.6643873876921018	0.3	0.06394612659277166
1591.5	1	13	0.0424025	0.6628552024787212	0.3	0.06396947605063294
1592.0	1	13	0.04232	0.661324135381123	0.3	0.06399282550849421
1592.5	1	13	0.042237500000000004	0.6597941851758318	0.3	0.06401617496635549
1593.0	1	13	0.042155000000000005	0.6582653506411572	0.3	0.06403952442421677
1593.5	1	13	0.0420725	0.6567376305571895	0.3	0.06406287388207806
1594.0	1	13	0.04199	0.6552110237057971	0.3	0.06408622333993934
1594.5	1	13	0.0419075	0.653685528870623	0.3	0.0641095727978006
1595.0	1	13	0.041825	0.6521611448370815	0.3	0.06413292225566189
1595.5	1	13	0.0417425	0.650637870392355	0.3	0.06415627171352317
1596.0	1	13	0.04166	0.6491157043253911	0.3	0.06417962117138445
1596.5	1	13	0.0415775	0.647594645426899	0.3	0.06420297062924574
1597.0	1	13	0.041495000000000004	0.6460746924893466	0.3	0.064226320087107
1597.5	1	13	0.041412500000000005	0.6445558443069568	0.3	0.06424966954496829
1598.0	1	13	0.04133	0.6430380996757049	0.3	0.06427301900282957
1598.5	1	13	0.0412475	0.6415214573933155	0.3	0.06429636846069085
1599.0	1	13	0.041165	0.6400059162592585	0.3	0.06431971791855212
1599.5	1	13	0.0410825	0.6384914750747466	0.3	0.0643430673764134
1600.0	1	13	0.041	0.6369781326427321	0.3	0.06436641683427469
